car,charge_time,charger_fid,charger_id,destination_fid,from_charger_id,kind,last_charger_id,msg,t,to_charger_id,waited,walking_dist_m
Car 0,,,,73,,arrived,,arrived,37.374101693382116,,,
Car 0,,37,6,,,start_charge,,starting to charge at Charger 6 (fid=37),37.374101693382116,,0.0,
Car 1,,,,4,,arrived,,arrived,44.50721935564376,,,
Car 1,,62,5,,,start_charge,,starting to charge at Charger 5 (fid=62),44.50721935564376,,0.0,
Car 2,,,,77,,arrived,,arrived,47.7116139339418,,,
Car 2,,62,5,,,start_charge,,starting to charge at Charger 5 (fid=62),47.7116139339418,,0.0,
Car 3,,,,64,,arrived,,arrived,104.39391448439585,,,
Car 3,,308108,4,,,start_charge,,starting to charge at Charger 4 (fid=308108),104.39391448439585,,0.0,
Car 0,77.0,37,6,,,done,,done charging,114.37410169338212,,,89.51947773328097
Car 4,,,,9,,arrived,,arrived,115.33949979992502,,,
Car 4,,8,8,,,start_charge,,starting to charge at Charger 8 (fid=8),115.33949979992502,,0.0,
Car 5,,,,3,,arrived,,arrived,116.54701702662302,,,
Car 5,,,,,5,switch,,"Charger 5 (fid=62) not available, trying Charger 8 (fid=8)",121.54701702662302,8,,
Car 6,,,,56,,arrived,,arrived,121.74031369701689,,,
Car 6,,308440,0,,,start_charge,,starting to charge at Charger 0 (fid=308440),121.74031369701689,,0.0,
Car 5,,8,8,,,start_charge,,starting to charge at Charger 8 (fid=8),124.82014178959945,,5.0,
Car 7,,,,26,,arrived,,arrived,147.93735926268633,,,
Car 7,,308440,0,,,start_charge,,starting to charge at Charger 0 (fid=308440),147.93735926268633,,0.0,
Car 2,104.0,62,5,,,done,,done charging,151.7116139339418,,,177.68359361784968
Car 1,112.0,62,5,,,done,,done charging,156.50721935564377,,,180.34159891744343
Car 8,,,,41,,arrived,,arrived,176.60140301989884,,,
Car 8,,308702,1,,,start_charge,,starting to charge at Charger 1 (fid=308702),176.60140301989884,,0.0,
Car 4,65.0,8,8,,,done,,done charging,180.33949979992502,,,118.27804678478897
Car 3,76.0,308108,4,,,done,,done charging,180.39391448439585,,,153.3500347553433
Car 9,,,,22,,arrived,,arrived,186.79235787918867,,,
Car 9,,30,7,,,start_charge,,starting to charge at Charger 7 (fid=30),186.79235787918867,,0.0,
Car 6,93.0,308440,0,,,done,,done charging,214.7403136970169,,,174.96928122495086
Car 10,,,,14,,arrived,,arrived,218.93847318821545,,,
Car 10,,308440,0,,,start_charge,,starting to charge at Charger 0 (fid=308440),218.93847318821545,,0.0,
Car 5,105.0,8,8,,,done,,done charging,229.82014178959946,,,413.9336267823665
Car 11,,,,11,,arrived,,arrived,234.05402950503736,,,
Car 11,,62,5,,,start_charge,,starting to charge at Charger 5 (fid=62),234.05402950503736,,0.0,
Car 8,72.0,308702,1,,,done,,done charging,248.60140301989884,,,117.27672218926217
Car 9,68.0,30,7,,,done,,done charging,254.79235787918867,,,116.49554973819289
Car 12,,,,10,,arrived,,arrived,254.79436995718982,,,
Car 12,,8,8,,,start_charge,,starting to charge at Charger 8 (fid=8),254.79436995718982,,0.0,
Car 7,118.0,308440,0,,,done,,done charging,265.9373592626863,,,120.13448663969935
Car 13,,,,34,,arrived,,arrived,268.1441428669298,,,
Car 13,,30,7,,,start_charge,,starting to charge at Charger 7 (fid=30),268.1441428669298,,0.0,
Car 14,,,,19,,arrived,,arrived,272.6256515541558,,,
Car 14,,308440,0,,,start_charge,,starting to charge at Charger 0 (fid=308440),272.6256515541558,,0.0,
Car 11,54.0,62,5,,,done,,done charging,288.05402950503736,,,138.34156660640699
Car 15,,,,31,,arrived,,arrived,300.78685137533415,,,
Car 15,,308702,1,,,start_charge,,starting to charge at Charger 1 (fid=308702),300.78685137533415,,0.0,
Car 10,94.0,308440,0,,,done,,done charging,312.9384731882154,,,132.81305867629422
Car 16,,,,4,,arrived,,arrived,313.00378802783086,,,
Car 16,,62,5,,,start_charge,,starting to charge at Charger 5 (fid=62),313.00378802783086,,0.0,
Car 13,45.0,30,7,,,done,,done charging,313.1441428669298,,,15.555517877574284
Car 17,,,,35,,arrived,,arrived,316.7689419606666,,,
Car 17,,308440,0,,,start_charge,,starting to charge at Charger 0 (fid=308440),316.7689419606666,,0.0,
Car 14,45.0,308440,0,,,done,,done charging,317.6256515541558,,,39.398534734701315
Car 18,,,,56,,arrived,,arrived,334.436471275686,,,
Car 18,,308440,0,,,start_charge,,starting to charge at Charger 0 (fid=308440),334.436471275686,,0.0,
Car 19,,,,16,,arrived,,arrived,345.94352709774853,,,
Car 19,,,,,0,switch,,"Charger 0 (fid=308440) not available, trying Charger 5 (fid=62)",350.94352709774853,5,,
Car 20,,,,33,,arrived,,arrived,354.9807223085131,,,
Car 20,,30,7,,,start_charge,,starting to charge at Charger 7 (fid=30),354.9807223085131,,0.0,
Car 19,,62,5,,,start_charge,,starting to charge at Charger 5 (fid=62),355.3174123612976,,5.0,
Car 12,101.0,8,8,,,done,,done charging,355.7943699571898,,,114.86945504349987
Car 21,,,,33,,arrived,,arrived,360.10649173215205,,,
Car 21,,30,7,,,start_charge,,starting to charge at Charger 7 (fid=30),360.10649173215205,,0.0,
Car 22,,,,42,,arrived,,arrived,367.60195395301616,,,
Car 22,,308702,1,,,start_charge,,starting to charge at Charger 1 (fid=308702),367.60195395301616,,0.0,
Car 23,,,,29,,arrived,,arrived,368.3260451039342,,,
Car 24,,,,34,,arrived,,arrived,369.5762527414823,,,
Car 25,,,,1,,arrived,,arrived,372.56738294970705,,,
Car 25,,307904,2,,,start_charge,,starting to charge at Charger 2 (fid=307904),372.56738294970705,,0.0,
Car 15,72.0,308702,1,,,done,,done charging,372.78685137533415,,,58.59335319540732
Car 26,,,,7,,arrived,,arrived,372.92887015348396,,,
Car 26,,308108,4,,,start_charge,,starting to charge at Charger 4 (fid=308108),372.92887015348396,,0.0,
Car 23,,,,,0,switch,,"Charger 0 (fid=308440) not available, trying Charger 2 (fid=307904)",373.3260451039342,2,,
Car 24,,,,,7,switch,,"Charger 7 (fid=30) not available, trying Charger 1 (fid=308702)",374.5762527414823,1,,
Car 27,,,,81,,arrived,,arrived,377.3583100648156,,,
Car 24,,308702,1,,,start_charge,,starting to charge at Charger 1 (fid=308702),378.71149857138175,,5.0,
Car 16,66.0,62,5,,,done,,done charging,379.00378802783086,,,180.34159891744343
Car 27,,,,,2,switch,,"Charger 2 (fid=307904) not available, trying Charger 3 (fid=307905)",382.3583100648156,3,,
Car 27,,307905,3,,,start_charge,,starting to charge at Charger 3 (fid=307905),382.6219362463797,,5.0,
Car 23,,,,,2,switch,,"Charger 2 (fid=307904) not available, trying Charger 3 (fid=307905)",382.66253260282747,3,,
Car 23,,,,,3,switch,,"Charger 3 (fid=307905) not available, trying Charger 5 (fid=62)",387.92615878439153,5,,
Car 23,,62,5,,,start_charge,,starting to charge at Charger 5 (fid=62),391.94009315417117,,15.0,
Car 28,,,,70,,arrived,,arrived,392.35340813224866,,,
Car 29,,,,51,,arrived,,arrived,397.047151227967,,,
Car 28,,,,,0,switch,,"Charger 0 (fid=308440) not available, trying Charger 7 (fid=30)",397.35340813224866,7,,
Car 17,82.0,308440,0,,,done,,done charging,398.7689419606666,,,161.24716547112536
Car 29,,,,,5,switch,,"Charger 5 (fid=62) not available, trying Charger 4 (fid=308108)",402.047151227967,4,,
Car 28,,,,,7,switch,,"Charger 7 (fid=30) not available, trying Charger 5 (fid=62)",403.98147689873326,5,,
Car 18,70.0,308440,0,,,done,,done charging,404.436471275686,,,174.96928122495086
Car 29,,308108,4,,,start_charge,,starting to charge at Charger 4 (fid=308108),406.50094018778447,,5.0,
Car 30,,,,6,,arrived,,arrived,407.82881948587226,,,
Car 31,,,,29,,arrived,,arrived,412.2842846834569,,,
Car 31,,308440,0,,,start_charge,,starting to charge at Charger 0 (fid=308440),412.2842846834569,,0.0,
Car 32,,,,87,,arrived,,arrived,412.3444659262081,,,
Car 30,,,,,5,switch,,"Charger 5 (fid=62) not available, trying Charger 2 (fid=307904)",412.82881948587226,2,,
Car 28,,,,,5,switch,,"Charger 5 (fid=62) not available, trying Charger 1 (fid=308702)",415.0887758133232,1,,
Car 32,,,,,4,switch,,"Charger 4 (fid=308108) not available, trying Charger 2 (fid=307904)",417.3444659262081,2,,
Car 33,,,,57,,arrived,,arrived,417.688679337005,,,
Car 33,,308440,0,,,start_charge,,starting to charge at Charger 0 (fid=308440),417.688679337005,,0.0,
Car 34,,,,37,,arrived,,arrived,418.9452665295555,,,
Car 34,,37,6,,,start_charge,,starting to charge at Charger 6 (fid=37),418.9452665295555,,0.0,
Car 35,,,,86,,arrived,,arrived,420.2029871624614,,,
Car 30,,,,,2,switch,,"Charger 2 (fid=307904) not available, trying Charger 3 (fid=307905)",421.8264170240311,3,,
Car 36,,,,4,,arrived,,arrived,423.9083828025406,,,
Car 20,70.0,30,7,,,done,,done charging,424.9807223085131,,,67.93350231511175
Car 35,,,,,4,switch,,"Charger 4 (fid=308108) not available, trying Charger 2 (fid=307904)",425.2029871624614,2,,
Car 28,,,,,1,switch,,"Charger 1 (fid=308702) not available, trying Charger 6 (fid=37)",425.49927816407177,6,,
Car 32,,,,,2,switch,,"Charger 2 (fid=307904) not available, trying Charger 3 (fid=307905)",425.8505989408395,3,,
Car 19,71.0,62,5,,,done,,done charging,426.3174123612976,,,235.88741493012444
Car 36,,62,5,,,start_charge,,starting to charge at Charger 5 (fid=62),426.3174123612976,,2.4090295587570267,
Car 30,,,,,3,switch,,"Charger 3 (fid=307905) not available, trying Charger 0 (fid=308440)",427.0900432055952,0,,
Car 37,,,,62,,arrived,,arrived,428.7421145724409,,,
Car 28,,37,6,,,start_charge,,starting to charge at Charger 6 (fid=37),428.742381625872,,20.0,
Car 38,,,,10,,arrived,,arrived,429.95736342778474,,,
Car 38,,8,8,,,start_charge,,starting to charge at Charger 8 (fid=8),429.95736342778474,,0.0,
Car 32,,,,,3,switch,,"Charger 3 (fid=307905) not available, trying Charger 5 (fid=62)",431.1142251224036,5,,
Car 39,,,,25,,arrived,,arrived,432.28677087202755,,,
Car 39,,30,7,,,start_charge,,starting to charge at Charger 7 (fid=30),432.28677087202755,,0.0,
Car 35,,,,,2,switch,,"Charger 2 (fid=307904) not available, trying Charger 3 (fid=307905)",433.7091201770928,3,,
Car 37,,,,,5,switch,,"Charger 5 (fid=62) not available, trying Charger 9 (fid=4)",433.7421145724409,9,,
Car 37,,4,9,,,start_charge,,starting to charge at Charger 9 (fid=4),435.90707974551947,,5.0,
Car 30,,,,,0,switch,,"Charger 0 (fid=308440) not available, trying Charger 6 (fid=37)",436.44286753610925,6,,
Car 40,,,,37,,arrived,,arrived,437.92733387123207,,,
Car 41,,,,5,,arrived,,arrived,438.0815460461678,,,
Car 41,,4,9,,,start_charge,,starting to charge at Charger 9 (fid=4),438.0815460461678,,0.0,
Car 42,,,,77,,arrived,,arrived,438.59747589618775,,,
Car 43,,,,60,,arrived,,arrived,438.94758635078665,,,
Car 35,,,,,3,switch,,"Charger 3 (fid=307905) not available, trying Charger 5 (fid=62)",438.9727463586569,5,,
Car 32,,,,,5,switch,,"Charger 5 (fid=62) not available, trying Charger 0 (fid=308440)",440.1281594921832,0,,
Car 44,,,,90,,arrived,,arrived,440.27381169767193,,,
Car 45,,,,45,,arrived,,arrived,441.67139608334304,,,
Car 40,,,,,6,switch,,"Charger 6 (fid=37) not available, trying Charger 8 (fid=8)",442.92733387123207,8,,
Car 42,,,,,5,switch,,"Charger 5 (fid=62) not available, trying Charger 4 (fid=308108)",443.59747589618775,4,,
Car 43,,,,,5,switch,,"Charger 5 (fid=62) not available, trying Charger 6 (fid=37)",443.94758635078665,6,,
Car 44,,,,,4,switch,,"Charger 4 (fid=308108) not available, trying Charger 2 (fid=307904)",445.27381169767193,2,,
Car 30,,,,,6,switch,,"Charger 6 (fid=37) not available, trying Charger 4 (fid=308108)",445.9110042672278,4,,
Car 40,,8,8,,,start_charge,,starting to charge at Charger 8 (fid=8),446.008477078928,,5.0,
Car 45,,,,,5,switch,,"Charger 5 (fid=62) not available, trying Charger 6 (fid=37)",446.67139608334304,6,,
Car 35,,,,,5,switch,,"Charger 5 (fid=62) not available, trying Charger 0 (fid=308440)",447.9866807284365,0,,
Car 46,,,,19,,arrived,,arrived,448.8447111978023,,,
Car 47,,,,61,,arrived,,arrived,448.87310317421185,,,
Car 32,,,,,0,switch,,"Charger 0 (fid=308440) not available, trying Charger 6 (fid=37)",449.5020447557323,6,,
Car 43,,,,,6,switch,,"Charger 6 (fid=37) not available, trying Charger 8 (fid=8)",452.0426966890357,8,,
Car 42,,,,,4,switch,,"Charger 4 (fid=308108) not available, trying Charger 2 (fid=307904)",453.0512648560052,2,,
Car 44,,,,,2,switch,,"Charger 2 (fid=307904) not available, trying Charger 3 (fid=307905)",453.77994471230335,3,,
Car 46,,,,,0,switch,,"Charger 0 (fid=308440) not available, trying Charger 7 (fid=30)",453.8447111978023,7,,
Car 47,,,,,5,switch,,"Charger 5 (fid=62) not available, trying Charger 8 (fid=8)",453.87310317421185,8,,
Car 21,94.0,30,7,,,done,,done charging,454.10649173215205,,,67.93350231511175
Car 45,,,,,6,switch,,"Charger 6 (fid=37) not available, trying Charger 8 (fid=8)",454.7665064215921,8,,
Car 23,63.0,62,5,,,done,,done charging,454.94009315417117,,,251.28658020354962
Car 46,,30,7,,,start_charge,,starting to charge at Charger 7 (fid=30),455.47277996428693,,5.0,
Car 48,,,,37,,arrived,,arrived,456.18659984445924,,,
Car 35,,,,,0,switch,,"Charger 0 (fid=308440) not available, trying Charger 6 (fid=37)",457.3605659919856,6,,
Car 30,,,,,4,switch,,"Charger 4 (fid=308108) not available, trying Charger 1 (fid=308702)",457.468014207554,1,,
Car 22,91.0,308702,1,,,done,,done charging,458.60195395301616,,,76.21854080028722
Car 32,,,,,6,switch,,"Charger 6 (fid=37) not available, trying Charger 8 (fid=8)",458.97018148685083,8,,
Car 44,,,,,3,switch,,"Charger 3 (fid=307905) not available, trying Charger 5 (fid=62)",459.0435708938674,5,,
Car 31,47.0,308440,0,,,done,,done charging,459.2842846834569,,,191.96654932105974
Car 43,,,,,8,switch,,"Charger 8 (fid=8) not available, trying Charger 2 (fid=307904)",460.1238398967317,2,,
Car 49,,,,8,,arrived,,arrived,460.6698286350355,,,
Car 50,,,,34,,arrived,,arrived,460.6760549728615,,,
Car 26,88.0,308108,4,,,done,,done charging,460.92887015348396,,,138.47203364136507
Car 48,,,,,6,switch,,"Charger 6 (fid=37) not available, trying Charger 8 (fid=8)",461.18659984445924,8,,
Car 51,,,,62,,arrived,,arrived,461.4385164664145,,,
Car 51,,62,5,,,start_charge,,starting to charge at Charger 5 (fid=62),461.4385164664145,,0.0,
Car 42,,,,,2,switch,,"Charger 2 (fid=307904) not available, trying Charger 3 (fid=307905)",461.55739787063663,3,,
Car 47,,,,,8,switch,,"Charger 8 (fid=8) not available, trying Charger 6 (fid=37)",462.14622793718826,6,,
Car 52,,,,124,,arrived,,arrived,462.2801480484546,,,
Car 52,,308440,0,,,start_charge,,starting to charge at Charger 0 (fid=308440),462.2801480484546,,0.0,
Car 45,,,,,8,switch,,"Charger 8 (fid=8) not available, trying Charger 2 (fid=307904)",462.84764962928807,2,,
Car 33,47.0,308440,0,,,done,,done charging,464.688679337005,,,144.90654047807305
Car 49,,,,,8,switch,,"Charger 8 (fid=8) not available, trying Charger 6 (fid=37)",465.6698286350355,6,,
Car 50,,,,,7,switch,,"Charger 7 (fid=30) not available, trying Charger 1 (fid=308702)",465.6760549728615,1,,
Car 24,87.0,308702,1,,,done,,done charging,465.71149857138175,,,94.36390151276416
Car 30,,308702,1,,,start_charge,,starting to charge at Charger 1 (fid=308702),465.8660903378013,,30.0,
Car 42,,,,,3,switch,,"Charger 3 (fid=307905) not available, trying Charger 8 (fid=8)",466.8210240522007,8,,
Car 35,,,,,6,switch,,"Charger 6 (fid=37) not available, trying Charger 8 (fid=8)",466.82870272310413,8,,
Car 32,,,,,8,switch,,"Charger 8 (fid=8) not available, trying Charger 1 (fid=308702)",467.0513246945468,1,,
Car 44,,,,,5,switch,,"Charger 5 (fid=62) not available, trying Charger 0 (fid=308440)",468.05750526364704,0,,
Car 53,,,,73,,arrived,,arrived,469.11108447882424,,,
Car 48,,,,,8,switch,,"Charger 8 (fid=8) not available, trying Charger 5 (fid=62)",469.2677430521552,5,,
Car 50,,308702,1,,,start_charge,,starting to charge at Charger 1 (fid=308702),469.81130080276097,,5.0,
Car 47,,,,,6,switch,,"Charger 6 (fid=37) not available, trying Charger 4 (fid=308108)",470.2273711448842,4,,
Car 43,,,,,2,switch,,"Charger 2 (fid=307904) not available, trying Charger 3 (fid=307905)",472.0735070971127,3,,
Car 44,,308440,0,,,start_charge,,starting to charge at Charger 0 (fid=308440),472.43139052719613,,20.0,
Car 27,90.0,307905,3,,,done,,done charging,472.6219362463797,,,125.81502135871145
Car 43,,307905,3,,,start_charge,,starting to charge at Charger 3 (fid=307905),472.6219362463797,,20.284802967702888,
Car 54,,,,117,,arrived,,arrived,473.6245006545887,,,
Car 49,,,,,6,switch,,"Charger 6 (fid=37) not available, trying Charger 5 (fid=62)",473.7509718427315,5,,
Car 53,,,,,6,switch,,"Charger 6 (fid=37) not available, trying Charger 9 (fid=4)",474.11108447882424,9,,
Car 29,68.0,308108,4,,,done,,done charging,474.50094018778447,,,240.73257720431047
Car 45,,,,,2,switch,,"Charger 2 (fid=307904) not available, trying Charger 3 (fid=307905)",474.7973168296691,3,,
Car 35,,,,,8,switch,,"Charger 8 (fid=8) not available, trying Charger 1 (fid=308702)",474.9098459308001,1,,
Car 55,,,,24,,arrived,,arrived,476.4585600652799,,,
Car 47,,308108,4,,,start_charge,,starting to charge at Charger 4 (fid=308108),476.78438108521044,,15.0,
Car 32,,,,,1,switch,,"Charger 1 (fid=308702) not available, trying Charger 9 (fid=4)",476.9004786185348,9,,
Car 48,,,,,5,switch,,"Charger 5 (fid=62) not available, trying Charger 1 (fid=308702)",477.5408678151316,1,,
Car 56,,,,24,,arrived,,arrived,477.99385873903174,,,
Car 54,,,,,2,switch,,"Charger 2 (fid=307904) not available, trying Charger 3 (fid=307905)",478.6245006545887,3,,
Car 42,,,,,8,switch,,"Charger 8 (fid=8) not available, trying Charger 6 (fid=37)",478.7870280842025,6,,
Car 45,,,,,3,switch,,"Charger 3 (fid=307905) not available, trying Charger 9 (fid=4)",480.0609430112332,9,,
Car 57,,,,83,,arrived,,arrived,480.5447032091717,,,
Car 58,,,,65,,arrived,,arrived,481.0840521227118,,,
Car 59,,,,6,,arrived,,arrived,481.3719337951632,,,
Car 55,,,,,7,switch,,"Charger 7 (fid=30) not available, trying Charger 1 (fid=308702)",481.4585600652799,1,,
Car 49,,,,,5,switch,,"Charger 5 (fid=62) not available, trying Charger 1 (fid=308702)",481.84608218098055,1,,
Car 60,,,,78,,arrived,,arrived,482.8036271219365,,,
Car 56,,,,,7,switch,,"Charger 7 (fid=30) not available, trying Charger 1 (fid=308702)",482.99385873903174,1,,
Car 53,,,,,9,switch,,"Charger 9 (fid=4) not available, trying Charger 5 (fid=62)",483.2321526132242,5,,
Car 61,,,,86,,arrived,,arrived,483.4200557721474,,,
Car 61,,308108,4,,,start_charge,,starting to charge at Charger 4 (fid=308108),483.4200557721474,,0.0,
Car 54,,,,,3,switch,,"Charger 3 (fid=307905) not available, trying Charger 0 (fid=308440)",483.88812683615276,0,,
Car 35,,,,,1,switch,,"Charger 1 (fid=308702) not available, trying Charger 9 (fid=4)",484.7589998547881,9,,
Car 57,,,,,2,switch,,"Charger 2 (fid=307904) not available, trying Charger 3 (fid=307905)",485.5447032091717,3,,
Car 58,,,,,9,switch,,"Charger 9 (fid=4) not available, trying Charger 8 (fid=8)",486.0840521227118,8,,
Car 59,,,,,5,switch,,"Charger 5 (fid=62) not available, trying Charger 2 (fid=307904)",486.3719337951632,2,,
Car 62,,,,116,,arrived,,arrived,486.48317214389,,,
Car 42,,,,,6,switch,,"Charger 6 (fid=37) not available, trying Charger 9 (fid=4)",486.8681712918985,9,,
Car 32,,,,,9,switch,,"Charger 9 (fid=4) not available, trying Charger 7 (fid=30)",487.27034476008174,7,,
Car 45,,,,,9,switch,,"Charger 9 (fid=4) not available, trying Charger 0 (fid=308440)",487.48477827606865,0,,
Car 60,,,,,8,switch,,"Charger 8 (fid=8) not available, trying Charger 5 (fid=62)",487.8036271219365,5,,
Car 48,,,,,1,switch,,"Charger 1 (fid=308702) not available, trying Charger 7 (fid=30)",487.9513701658802,7,,
Car 53,,,,,5,switch,,"Charger 5 (fid=62) not available, trying Charger 8 (fid=8)",490.3971177863027,8,,
Car 55,,,,,1,switch,,"Charger 1 (fid=308702) not available, trying Charger 9 (fid=4)",490.5938058951794,9,,
Car 57,,,,,3,switch,,"Charger 3 (fid=307905) not available, trying Charger 0 (fid=308440)",490.80832939073576,0,,
Car 63,,,,29,,arrived,,arrived,490.8551692770629,,,
Car 62,,,,,0,switch,,"Charger 0 (fid=308440) not available, trying Charger 2 (fid=307904)",491.48317214389,2,,
Car 64,,,,9,,arrived,,arrived,491.7913002307805,,,
Car 56,,,,,1,switch,,"Charger 1 (fid=308702) not available, trying Charger 9 (fid=4)",492.1291045689312,9,,
Car 49,,,,,1,switch,,"Charger 1 (fid=308702) not available, trying Charger 9 (fid=4)",492.2565845317291,9,,
Car 25,120.0,307904,2,,,done,,done charging,492.56738294970705,,,99.11480165757857
Car 59,,307904,2,,,start_charge,,starting to charge at Charger 2 (fid=307904),492.56738294970705,,7.19785161638498,
Car 54,,,,,0,switch,,"Charger 0 (fid=308440) not available, trying Charger 5 (fid=62)",493.24095116666683,5,,
Car 35,,,,,9,switch,,"Charger 9 (fid=4) not available, trying Charger 7 (fid=30)",495.12886599633504,7,,
Car 63,,,,,0,switch,,"Charger 0 (fid=308440) not available, trying Charger 2 (fid=307904)",495.8551692770629,2,,
Car 42,,,,,9,switch,,"Charger 9 (fid=4) not available, trying Charger 0 (fid=308440)",495.9892394262984,0,,
Car 60,,,,,5,switch,,"Charger 5 (fid=62) not available, trying Charger 6 (fid=37)",496.0767518849129,6,,
Car 58,,,,,8,switch,,"Charger 8 (fid=8) not available, trying Charger 6 (fid=37)",496.2010869580125,6,,
Car 64,,,,,8,switch,,"Charger 8 (fid=8) not available, trying Charger 5 (fid=62)",496.7913002307805,5,,
Car 45,,,,,0,switch,,"Charger 0 (fid=308440) not available, trying Charger 4 (fid=308108)",496.81802733041604,4,,
Car 48,,,,,7,switch,,"Charger 7 (fid=30) not available, trying Charger 9 (fid=4)",497.08661599577965,9,,
Car 32,,,,,,gave_up,7,"no alternate charger available, gave up",498.33700746547,,,
Car 53,,,,,8,switch,,"Charger 8 (fid=8) not available, trying Charger 1 (fid=308702)",498.6702425492791,1,,
Car 38,70.0,8,8,,,done,,done charging,499.95736342778474,,,114.86945504349987
Car 57,,,,,0,switch,,"Charger 0 (fid=308440) not available, trying Charger 5 (fid=62)",500.16115372124983,5,,
Car 65,,,,38,,arrived,,arrived,500.66290878318074,,,
Car 62,,,,,2,switch,,"Charger 2 (fid=307904) not available, trying Charger 3 (fid=307905)",500.8196596427833,3,,
Car 55,,,,,9,switch,,"Charger 9 (fid=4) not available, trying Charger 6 (fid=37)",500.96367203672634,6,,
Car 66,,,,87,,arrived,,arrived,501.28759230347475,,,
Car 67,,,,11,,arrived,,arrived,501.97106855051163,,,
Car 56,,,,,9,switch,,"Charger 9 (fid=4) not available, trying Charger 6 (fid=37)",502.49897071047815,6,,
Car 54,,,,,5,switch,,"Charger 5 (fid=62) not available, trying Charger 4 (fid=308108)",502.6148364302159,4,,
Car 49,,,,,9,switch,,"Charger 9 (fid=4) not available, trying Charger 7 (fid=30)",502.62645067327605,7,,
Car 37,68.0,4,9,,,done,,done charging,503.90707974551947,,,180.34159891744343
Car 65,,4,9,,,start_charge,,starting to charge at Charger 9 (fid=4),503.90707974551947,,3.2441709623387283,
Car 60,,,,,6,switch,,"Charger 6 (fid=37) not available, trying Charger 9 (fid=4)",504.17186222316195,9,,
Car 58,,,,,6,switch,,"Charger 6 (fid=37) not available, trying Charger 1 (fid=308702)",504.2822301657085,1,,
Car 64,,,,,5,switch,,"Charger 5 (fid=62) not available, trying Charger 6 (fid=37)",505.0644249937569,6,,
Car 63,,,,,2,switch,,"Charger 2 (fid=307904) not available, trying Charger 3 (fid=307905)",505.1916567759562,3,,
Car 42,,,,,0,switch,,"Charger 0 (fid=308440) not available, trying Charger 1 (fid=308702)",505.3224884806458,1,,
Car 62,,,,,3,switch,,"Charger 3 (fid=307905) not available, trying Charger 5 (fid=62)",506.08328582434734,5,,
Car 35,,,,,,gave_up,7,"no alternate charger available, gave up",506.1955287017233,,,
Car 66,,,,,4,switch,,"Charger 4 (fid=308108) not available, trying Charger 2 (fid=307904)",506.28759230347475,2,,
Car 67,,,,,5,switch,,"Charger 5 (fid=62) not available, trying Charger 6 (fid=37)",506.97106855051163,6,,
Car 48,,,,,9,switch,,"Charger 9 (fid=4) not available, trying Charger 0 (fid=308440)",508.1532787011679,0,,
Car 39,76.0,30,7,,,done,,done charging,508.28677087202755,,,140.18943229396962
Car 53,,,,,1,switch,,"Charger 1 (fid=308702) not available, trying Charger 0 (fid=308440)",508.51939647326714,0,,
Car 49,,30,7,,,start_charge,,starting to charge at Charger 7 (fid=30),508.6931133786643,,25.0,
Car 45,,,,,4,switch,,"Charger 4 (fid=308108) not available, trying Charger 1 (fid=308702)",509.1794863734639,1,,
Car 57,,,,,5,switch,,"Charger 5 (fid=62) not available, trying Charger 4 (fid=308108)",509.5350389847989,4,,
Car 55,,,,,6,switch,,"Charger 6 (fid=37) not available, trying Charger 0 (fid=308440)",510.08474017112627,0,,
Car 63,,,,,3,switch,,"Charger 3 (fid=307905) not available, trying Charger 5 (fid=62)",510.45528295752024,5,,
Car 46,56.0,30,7,,,done,,done charging,511.47277996428693,,,249.23006226370592
Car 68,,,,115,,arrived,,arrived,511.4821092415872,,,
Car 56,,,,,6,switch,,"Charger 6 (fid=37) not available, trying Charger 0 (fid=308440)",511.6200388448781,0,,
Car 54,,,,,4,switch,,"Charger 4 (fid=308108) not available, trying Charger 7 (fid=30)",512.0686253900334,7,,
Car 58,,,,,1,switch,,"Charger 1 (fid=308702) not available, trying Charger 5 (fid=62)",512.5253336275086,5,,
Car 64,,,,,6,switch,,"Charger 6 (fid=37) not available, trying Charger 9 (fid=4)",513.159535332006,9,,
Car 60,,,,,9,switch,,"Charger 9 (fid=4) not available, trying Charger 0 (fid=308440)",513.2929303575619,0,,
Car 42,,,,,1,switch,,"Charger 1 (fid=308702) not available, trying Charger 7 (fid=30)",513.4329411080442,7,,
Car 69,,,,31,,arrived,,arrived,514.7111297434125,,,
Car 66,,,,,2,switch,,"Charger 2 (fid=307904) not available, trying Charger 3 (fid=307905)",514.7937253181062,3,,
Car 67,,,,,6,switch,,"Charger 6 (fid=37) not available, trying Charger 0 (fid=308440)",515.0661788887608,0,,
Car 62,,,,,5,switch,,"Charger 5 (fid=62) not available, trying Charger 7 (fid=30)",515.097220194127,7,,
Car 51,55.0,62,5,,,done,,done charging,516.4385164664145,,,24.88162672802508
Car 63,,62,5,,,start_charge,,starting to charge at Charger 5 (fid=62),516.4385164664145,,16.969299139114696,
Car 68,,,,,0,switch,,"Charger 0 (fid=308440) not available, trying Charger 7 (fid=30)",516.4821092415872,7,,
Car 53,,,,,0,switch,,"Charger 0 (fid=308440) not available, trying Charger 7 (fid=30)",516.6298491006655,7,,
Car 34,98.0,37,6,,,done,,done charging,516.9452665295555,,,33.044706252886726
Car 48,,,,,0,switch,,"Charger 0 (fid=308440) not available, trying Charger 2 (fid=307904)",517.4865277555152,2,,
Car 42,,30,7,,,start_charge,,starting to charge at Charger 7 (fid=30),517.5681869379437,,45.0,
Car 57,,,,,4,switch,,"Charger 4 (fid=308108) not available, trying Charger 7 (fid=30)",518.9888279446163,7,,
Car 55,,,,,0,switch,,"Charger 0 (fid=308440) not available, trying Charger 8 (fid=8)",519.5528769022447,8,,
Car 69,,,,,1,switch,,"Charger 1 (fid=308702) not available, trying Charger 7 (fid=30)",519.7111297434125,7,,
Car 66,,,,,3,switch,,"Charger 3 (fid=307905) not available, trying Charger 5 (fid=62)",520.0573514996703,5,,
Car 56,,,,,0,switch,,"Charger 0 (fid=308440) not available, trying Charger 8 (fid=8)",521.0881755759966,8,,
Car 64,,,,,9,switch,,"Charger 9 (fid=4) not available, trying Charger 0 (fid=308440)",522.280603466406,0,,
Car 45,,,,,1,switch,,"Charger 1 (fid=308702) not available, trying Charger 7 (fid=30)",522.5775625037112,7,,
Car 60,,,,,0,switch,,"Charger 0 (fid=308440) not available, trying Charger 1 (fid=308702)",522.6261794119092,1,,
Car 58,,,,,5,switch,,"Charger 5 (fid=62) not available, trying Charger 7 (fid=30)",522.9358359782573,7,,
Car 68,,,,,7,switch,,"Charger 7 (fid=30) not available, trying Charger 1 (fid=308702)",523.1101780080718,1,,
Car 53,,,,,7,switch,,"Charger 7 (fid=30) not available, trying Charger 2 (fid=307904)",523.2579178671501,2,,
Car 54,,,,,7,switch,,"Charger 7 (fid=30) not available, trying Charger 1 (fid=308702)",523.3584001704672,1,,
Car 67,,,,,0,switch,,"Charger 0 (fid=308440) not available, trying Charger 8 (fid=8)",524.5343156198793,8,,
Car 70,,,,51,,arrived,,arrived,524.9877013374764,,,
Car 55,,8,8,,,start_charge,,starting to charge at Charger 8 (fid=8),525.1425131830073,,25.0,
Car 71,,,,50,,arrived,,arrived,525.3441847470791,,,
Car 62,,,,,7,switch,,"Charger 7 (fid=30) not available, trying Charger 1 (fid=308702)",526.2045191087169,1,,
Car 72,,,,9,,arrived,,arrived,526.5361808819397,,,
Car 48,,,,,2,switch,,"Charger 2 (fid=307904) not available, trying Charger 3 (fid=307905)",526.8230152544085,3,,
Car 73,,,,31,,arrived,,arrived,527.2642982388261,,,
Car 41,90.0,4,9,,,done,,done charging,528.0815460461678,,,74.00372403287581
Car 36,102.0,62,5,,,done,,done charging,528.3174123612976,,,180.34159891744343
Car 66,,62,5,,,start_charge,,starting to charge at Charger 5 (fid=62),528.3174123612976,,19.246126491847747,
Car 69,,,,,7,switch,,"Charger 7 (fid=30) not available, trying Charger 0 (fid=308440)",528.8463755733119,0,,
Car 70,,,,,5,switch,,"Charger 5 (fid=62) not available, trying Charger 4 (fid=308108)",529.9877013374764,4,,
Car 57,,,,,7,switch,,"Charger 7 (fid=30) not available, trying Charger 1 (fid=308702)",530.2786027250502,1,,
Car 71,,,,,5,switch,,"Charger 5 (fid=62) not available, trying Charger 4 (fid=308108)",530.3441847470791,4,,
Car 43,58.0,307905,3,,,done,,done charging,530.6219362463796,,,334.74049558220474
Car 48,,307905,3,,,start_charge,,starting to charge at Charger 3 (fid=307905),530.6219362463796,,43.535294810407095,
Car 74,,,,3,,arrived,,arrived,530.6928533632878,,,
Car 60,,,,,1,switch,,"Charger 1 (fid=308702) not available, trying Charger 7 (fid=30)",530.7366320393077,7,,
Car 53,,,,,2,switch,,"Charger 2 (fid=307904) not available, trying Charger 3 (fid=307905)",531.4622865295579,3,,
Car 72,,,,,8,switch,,"Charger 8 (fid=8) not available, trying Charger 5 (fid=62)",531.5361808819397,5,,
Car 64,,,,,0,switch,,"Charger 0 (fid=308440) not available, trying Charger 1 (fid=308702)",531.6138525207533,1,,
Car 56,,,,,8,switch,,"Charger 8 (fid=8) not available, trying Charger 5 (fid=62)",531.6778118567591,5,,
Car 45,,,,,,gave_up,7,"no alternate charger available, gave up",531.7128083336106,,,
Car 68,,,,,1,switch,,"Charger 1 (fid=308702) not available, trying Charger 2 (fid=307904)",532.2454238379712,2,,
Car 73,,,,,1,switch,,"Charger 1 (fid=308702) not available, trying Charger 7 (fid=30)",532.2642982388261,7,,
Car 54,,,,,1,switch,,"Charger 1 (fid=308702) not available, trying Charger 6 (fid=37)",532.4936460003667,6,,
Car 30,67.0,308702,1,,,done,,done charging,532.8660903378013,,,434.5854163676964
Car 62,,308702,1,,,start_charge,,starting to charge at Charger 1 (fid=308702),532.8660903378013,,27.526325399184998,
Car 58,,,,,7,switch,,"Charger 7 (fid=30) not available, trying Charger 0 (fid=308440)",534.0431348928472,0,,
Car 28,106.0,37,6,,,done,,done charging,534.742381625872,,,318.75387245278404
Car 67,,,,,8,switch,,"Charger 8 (fid=8) not available, trying Charger 9 (fid=4)",535.1239519006418,9,,
Car 69,,,,,0,switch,,"Charger 0 (fid=308440) not available, trying Charger 6 (fid=37)",535.4744443397965,6,,
Car 74,,,,,5,switch,,"Charger 5 (fid=62) not available, trying Charger 8 (fid=8)",535.6928533632878,8,,
Car 54,,37,6,,,start_charge,,starting to charge at Charger 6 (fid=37),535.7367494621669,,35.0,
Car 75,,,,8,,arrived,,arrived,535.7793191758512,,,
Car 76,,,,54,,arrived,,arrived,536.5226297656619,,,
Car 53,,,,,3,switch,,"Charger 3 (fid=307905) not available, trying Charger 4 (fid=308108)",536.725912711122,4,,
Car 77,,,,3,,arrived,,arrived,537.31079397547,,,
Car 78,,,,7,,arrived,,arrived,538.5059737886542,,,
Car 57,,,,,1,switch,,"Charger 1 (fid=308702) not available, trying Charger 6 (fid=37)",539.4138485549496,6,,
Car 70,,,,,4,switch,,"Charger 4 (fid=308108) not available, trying Charger 2 (fid=307904)",539.4414902972939,2,,
Car 64,,,,,1,switch,,"Charger 1 (fid=308702) not available, trying Charger 7 (fid=30)",539.7243051481518,7,,
Car 71,,,,,4,switch,,"Charger 4 (fid=308108) not available, trying Charger 8 (fid=8)",539.7979737068965,8,,
Car 72,,,,,5,switch,,"Charger 5 (fid=62) not available, trying Charger 6 (fid=37)",539.8093056449161,6,,
Car 60,,,,,7,switch,,"Charger 7 (fid=30) not available, trying Charger 4 (fid=308108)",539.8718778692071,4,,
Car 69,,37,6,,,start_charge,,starting to charge at Charger 6 (fid=37),539.942581070915,,15.0,
Car 56,,,,,5,switch,,"Charger 5 (fid=62) not available, trying Charger 2 (fid=307904)",539.9509366197356,2,,
Car 67,,4,9,,,start_charge,,starting to charge at Charger 9 (fid=4),540.2409867359426,,20.000000000000057,
Car 58,,,,,0,switch,,"Charger 0 (fid=308440) not available, trying Charger 2 (fid=307904)",540.6712036593318,2,,
Car 75,,,,,8,switch,,"Charger 8 (fid=8) not available, trying Charger 6 (fid=37)",540.7793191758512,6,,
Car 73,,,,,7,switch,,"Charger 7 (fid=30) not available, trying Charger 0 (fid=308440)",541.3995440687255,0,,
Car 76,,,,,0,switch,,"Charger 0 (fid=308440) not available, trying Charger 6 (fid=37)",541.5226297656619,6,,
Car 79,,,,70,,arrived,,arrived,542.1978947965697,,,
Car 77,,,,,5,switch,,"Charger 5 (fid=62) not available, trying Charger 8 (fid=8)",542.31079397547,8,,
Car 78,,,,,4,switch,,"Charger 4 (fid=308108) not available, trying Charger 2 (fid=307904)",543.5059737886542,2,,
Car 68,,,,,2,switch,,"Charger 2 (fid=307904) not available, trying Charger 3 (fid=307905)",543.7332032161166,3,,
Car 74,,,,,8,switch,,"Charger 8 (fid=8) not available, trying Charger 6 (fid=37)",543.9659781262642,6,,
Car 80,,,,74,,arrived,,arrived,544.6917739332345,,,
Car 53,,,,,,gave_up,4,"no alternate charger available, gave up",545.2483825573742,,,
Car 81,,,,58,,arrived,,arrived,545.4707918503061,,,
Car 52,84.0,308440,0,,,done,,done charging,546.2801480484545,,,54.93268712686712
Car 79,,308440,0,,,start_charge,,starting to charge at Charger 0 (fid=308440),546.2801480484545,,4.082253251884822,
Car 57,,,,,6,switch,,"Charger 6 (fid=37) not available, trying Charger 8 (fid=8)",547.6569520167499,8,,
Car 72,,,,,6,switch,,"Charger 6 (fid=37) not available, trying Charger 9 (fid=4)",547.9044159831651,9,,
Car 70,,,,,2,switch,,"Charger 2 (fid=307904) not available, trying Charger 3 (fid=307905)",547.9476233119252,3,,
Car 73,,,,,0,switch,,"Charger 0 (fid=308440) not available, trying Charger 6 (fid=37)",548.0276128352101,6,,
Car 64,,,,,7,switch,,"Charger 7 (fid=30) not available, trying Charger 4 (fid=308108)",548.8595509780512,4,,
Car 75,,,,,6,switch,,"Charger 6 (fid=37) not available, trying Charger 5 (fid=62)",548.8604623835472,5,,
Car 56,,,,,2,switch,,"Charger 2 (fid=307904) not available, trying Charger 3 (fid=307905)",548.9485341578944,3,,
Car 68,,,,,3,switch,,"Charger 3 (fid=307905) not available, trying Charger 5 (fid=62)",548.9968293976807,5,,
Car 80,,,,,2,switch,,"Charger 2 (fid=307904) not available, trying Charger 3 (fid=307905)",549.6917739332345,3,,
Car 58,,,,,2,switch,,"Charger 2 (fid=307904) not available, trying Charger 3 (fid=307905)",550.007691158225,3,,
Car 40,104.0,8,8,,,done,,done charging,550.0084770789281,,,256.6592292010748
Car 77,,8,8,,,start_charge,,starting to charge at Charger 8 (fid=8),550.0084770789281,,9.424558340481667,
Car 81,,,,,4,switch,,"Charger 4 (fid=308108) not available, trying Charger 2 (fid=307904)",550.4707918503061,2,,
Car 82,,,,85,,arrived,,arrived,550.6486665302994,,,
Car 76,,,,,6,switch,,"Charger 6 (fid=37) not available, trying Charger 1 (fid=308702)",550.9907664967805,1,,
Car 60,,,,,4,switch,,"Charger 4 (fid=308108) not available, trying Charger 2 (fid=307904)",551.1616526496409,2,,
Car 71,,,,,8,switch,,"Charger 8 (fid=8) not available, trying Charger 2 (fid=307904)",551.4726874601046,2,,
Car 78,,,,,2,switch,,"Charger 2 (fid=307904) not available, trying Charger 3 (fid=307905)",552.0121068032855,3,,
Car 74,,,,,6,switch,,"Charger 6 (fid=37) not available, trying Charger 4 (fid=308108)",552.0471213339601,4,,
Car 70,,,,,3,switch,,"Charger 3 (fid=307905) not available, trying Charger 8 (fid=8)",553.2112494934893,8,,
Car 56,,,,,3,switch,,"Charger 3 (fid=307905) not available, trying Charger 4 (fid=308108)",554.2121603394585,4,,
Car 50,85.0,308702,1,,,done,,done charging,554.811300802761,,,94.36390151276416
Car 76,,308702,1,,,start_charge,,starting to charge at Charger 1 (fid=308702),554.811300802761,,10.577430844180299,
Car 80,,,,,3,switch,,"Charger 3 (fid=307905) not available, trying Charger 0 (fid=308440)",554.9554001147985,0,,
Car 58,,,,,3,switch,,"Charger 3 (fid=307905) not available, trying Charger 4 (fid=308108)",555.2713173397891,4,,
Car 59,63.0,307904,2,,,done,,done charging,555.567382949707,,,276.946197063668
Car 81,,307904,2,,,start_charge,,starting to charge at Charger 2 (fid=307904),555.567382949707,,6.59045808476958,
Car 82,,,,,4,switch,,"Charger 4 (fid=308108) not available, trying Charger 2 (fid=307904)",555.6486665302994,2,,
Car 57,,,,,8,switch,,"Charger 8 (fid=8) not available, trying Charger 9 (fid=4)",555.7380952244458,9,,
Car 75,,,,,5,switch,,"Charger 5 (fid=62) not available, trying Charger 1 (fid=308702)",556.9555727217962,1,,
Car 72,,,,,9,switch,,"Charger 9 (fid=4) not available, trying Charger 0 (fid=308440)",557.025484117565,0,,
Car 78,,,,,3,switch,,"Charger 3 (fid=307905) not available, trying Charger 5 (fid=62)",557.2757329848496,5,,
Car 73,,,,,6,switch,,"Charger 6 (fid=37) not available, trying Charger 9 (fid=4)",557.4957495663286,9,,
Car 68,,,,,5,switch,,"Charger 5 (fid=62) not available, trying Charger 6 (fid=37)",558.0107637674603,6,,
Car 83,,,,76,,arrived,,arrived,558.7470221605744,,,
Car 84,,,,31,,arrived,,arrived,559.0079991398027,,,
Car 60,,,,,2,switch,,"Charger 2 (fid=307904) not available, trying Charger 3 (fid=307905)",559.6677856642723,3,,
Car 64,,,,,4,switch,,"Charger 4 (fid=308108) not available, trying Charger 2 (fid=307904)",560.149325758485,2,,
Car 85,,,,64,,arrived,,arrived,560.3975715975507,,,
Car 86,,,,89,,arrived,,arrived,560.4444321302533,,,
Car 56,,,,,,gave_up,4,"no alternate charger available, gave up",562.7346301857107,,,
Car 71,,,,,2,switch,,"Charger 2 (fid=307904) not available, trying Charger 3 (fid=307905)",563.4223546604857,3,,
Car 74,,,,,4,switch,,"Charger 4 (fid=308108) not available, trying Charger 2 (fid=307904)",563.6041312742864,2,,
Car 83,,,,,4,switch,,"Charger 4 (fid=308108) not available, trying Charger 2 (fid=307904)",563.7470221605744,2,,
Car 58,,,,,,gave_up,4,"no alternate charger available, gave up",563.7937871860413,,,
Car 84,,,,,1,switch,,"Charger 1 (fid=308702) not available, trying Charger 7 (fid=30)",564.0079991398027,7,,
Car 82,,,,,2,switch,,"Charger 2 (fid=307904) not available, trying Charger 3 (fid=307905)",564.1547995449307,3,,
Car 80,,,,,0,switch,,"Charger 0 (fid=308440) not available, trying Charger 5 (fid=62)",564.3082244453126,5,,
Car 44,92.0,308440,0,,,done,,done charging,564.4313905271961,,,567.3104042601744
Car 72,,308440,0,,,start_charge,,starting to charge at Charger 0 (fid=308440),564.4313905271961,,23.072657355283695,
Car 60,,,,,,gave_up,3,"no alternate charger available, gave up",564.9314118458364,,,
Car 70,,,,,8,switch,,"Charger 8 (fid=8) not available, trying Charger 6 (fid=37)",565.1772535254911,6,,
Car 85,,,,,4,switch,,"Charger 4 (fid=308108) not available, trying Charger 2 (fid=307904)",565.3975715975507,2,,
Car 86,,,,,4,switch,,"Charger 4 (fid=308108) not available, trying Charger 2 (fid=307904)",565.4444321302533,2,,
Car 57,,,,,,gave_up,9,"no alternate charger available, gave up",565.8551300597466,,,
Car 68,,,,,6,switch,,"Charger 6 (fid=37) not available, trying Charger 9 (fid=4)",566.1058741057093,9,,
Car 78,,,,,5,switch,,"Charger 5 (fid=62) not available, trying Charger 6 (fid=37)",566.2896673546292,6,,
Car 73,,,,,9,switch,,"Charger 9 (fid=4) not available, trying Charger 8 (fid=8)",566.6168177007286,8,,
Car 75,,,,,1,switch,,"Charger 1 (fid=308702) not available, trying Charger 9 (fid=4)",567.3660750725448,9,,
Car 64,,,,,2,switch,,"Charger 2 (fid=307904) not available, trying Charger 3 (fid=307905)",568.6554587731164,3,,
Car 71,,,,,3,switch,,"Charger 3 (fid=307905) not available, trying Charger 6 (fid=37)",568.6859808420497,6,,
Car 82,,,,,3,switch,,"Charger 3 (fid=307905) not available, trying Charger 5 (fid=62)",569.4184257264948,5,,
Car 61,87.0,308108,4,,,done,,done charging,570.4200557721474,,,197.66507202966864
Car 74,,,,,2,switch,,"Charger 2 (fid=307904) not available, trying Charger 3 (fid=307905)",572.1102642889177,3,,
Car 83,,,,,2,switch,,"Charger 2 (fid=307904) not available, trying Charger 3 (fid=307905)",572.2531551752057,3,,
Car 87,,,,57,,arrived,,arrived,572.7086422258943,,,
Car 84,,,,,7,switch,,"Charger 7 (fid=30) not available, trying Charger 0 (fid=308440)",573.1432449697021,0,,
Car 70,,,,,6,switch,,"Charger 6 (fid=37) not available, trying Charger 9 (fid=4)",573.258396733187,9,,
Car 80,,,,,5,switch,,"Charger 5 (fid=62) not available, trying Charger 4 (fid=308108)",573.6821097088616,4,,
Car 85,,,,,2,switch,,"Charger 2 (fid=307904) not available, trying Charger 3 (fid=307905)",573.9037046121821,3,,
Car 64,,,,,,gave_up,3,"no alternate charger available, gave up",573.9190849546804,,,
Car 86,,,,,2,switch,,"Charger 2 (fid=307904) not available, trying Charger 3 (fid=307905)",573.9505651448846,3,,
Car 78,,,,,6,switch,,"Charger 6 (fid=37) not available, trying Charger 0 (fid=308440)",574.3847776928782,0,,
Car 68,,,,,9,switch,,"Charger 9 (fid=4) not available, trying Charger 8 (fid=8)",575.2269422401092,8,,
Car 88,,,,37,,arrived,,arrived,576.6496522855574,,,
Car 73,,,,,8,switch,,"Charger 8 (fid=8) not available, trying Charger 5 (fid=62)",576.7338525360293,5,,
Car 74,,,,,3,switch,,"Charger 3 (fid=307905) not available, trying Charger 9 (fid=4)",577.3738904704818,9,,
Car 83,,,,,3,switch,,"Charger 3 (fid=307905) not available, trying Charger 5 (fid=62)",577.5167813567698,5,,
Car 87,,,,,0,switch,,"Charger 0 (fid=308440) not available, trying Charger 6 (fid=37)",577.7086422258943,6,,
Car 75,,,,,9,switch,,"Charger 9 (fid=4) not available, trying Charger 7 (fid=30)",577.7359412140918,7,,
Car 80,,308108,4,,,start_charge,,starting to charge at Charger 4 (fid=308108),578.135898668679,,20.0,
Car 82,,,,,5,switch,,"Charger 5 (fid=62) not available, trying Charger 0 (fid=308440)",578.4323600962744,0,,
Car 85,,,,,3,switch,,"Charger 3 (fid=307905) not available, trying Charger 5 (fid=62)",579.1673307937461,5,,
Car 86,,,,,3,switch,,"Charger 3 (fid=307905) not available, trying Charger 5 (fid=62)",579.2141913264487,5,,
Car 71,,,,,6,switch,,"Charger 6 (fid=37) not available, trying Charger 9 (fid=4)",579.6560181731508,9,,
Car 84,,,,,0,switch,,"Charger 0 (fid=308440) not available, trying Charger 6 (fid=37)",579.7713137361867,6,,
Car 66,52.0,62,5,,,done,,done charging,580.3174123612976,,,514.192037701462
Car 73,,62,5,,,start_charge,,starting to charge at Charger 5 (fid=62),580.3174123612976,,30.310435062291845,
Car 88,,,,,6,switch,,"Charger 6 (fid=37) not available, trying Charger 8 (fid=8)",581.6496522855574,8,,
Car 70,,,,,9,switch,,"Charger 9 (fid=4) not available, trying Charger 0 (fid=308440)",582.379464867587,0,,
Car 78,,,,,0,switch,,"Charger 0 (fid=308440) not available, trying Charger 8 (fid=8)",583.8529144239967,8,,
Car 74,,,,,9,switch,,"Charger 9 (fid=4) not available, trying Charger 0 (fid=308440)",584.7977257353173,0,,
Car 89,,,,49,,arrived,,arrived,584.9038833890797,,,
Car 68,,,,,8,switch,,"Charger 8 (fid=8) not available, trying Charger 4 (fid=308108)",585.34397707541,4,,
Car 83,,,,,5,switch,,"Charger 5 (fid=62) not available, trying Charger 0 (fid=308440)",586.5307157265494,0,,
Car 47,110.0,308108,4,,,done,,done charging,586.7843810852105,,,441.14132750683086
Car 87,,,,,6,switch,,"Charger 6 (fid=37) not available, trying Charger 1 (fid=308702)",587.1767789570129,1,,
Car 82,,,,,0,switch,,"Charger 0 (fid=308440) not available, trying Charger 6 (fid=37)",587.8062453598234,6,,
Car 90,,,,64,,arrived,,arrived,587.8336006554799,,,
Car 90,,308108,4,,,start_charge,,starting to charge at Charger 4 (fid=308108),587.8336006554799,,0.0,
Car 85,,,,,5,switch,,"Charger 5 (fid=62) not available, trying Charger 6 (fid=37)",588.1812651635257,6,,
Car 86,,,,,5,switch,,"Charger 5 (fid=62) not available, trying Charger 0 (fid=308440)",588.2281256962283,0,,
Car 71,,,,,9,switch,,"Charger 9 (fid=4) not available, trying Charger 0 (fid=308440)",588.7770863075507,0,,
Car 75,,,,,7,switch,,"Charger 7 (fid=30) not available, trying Charger 0 (fid=308440)",588.80260391948,0,,
Car 84,,,,,6,switch,,"Charger 6 (fid=37) not available, trying Charger 9 (fid=4)",589.2394504673052,9,,
Car 88,,,,,8,switch,,"Charger 8 (fid=8) not available, trying Charger 5 (fid=62)",589.7307954932534,5,,
Car 89,,,,,1,switch,,"Charger 1 (fid=308702) not available, trying Charger 7 (fid=30)",589.9038833890797,7,,
Car 54,55.0,37,6,,,done,,done charging,590.7367494621669,,,620.7148980940976
Car 85,,37,6,,,start_charge,,starting to charge at Charger 6 (fid=37),591.2763755017747,,20.0,
Car 91,,,,37,,arrived,,arrived,591.5816591512548,,,
Car 70,,,,,0,switch,,"Charger 0 (fid=308440) not available, trying Charger 1 (fid=308702)",591.7127139219343,1,,
Car 48,63.0,307905,3,,,done,,done charging,593.6219362463796,,,497.3041096807126
Car 62,61.0,308702,1,,,done,,done charging,593.8660903378013,,,390.9794557566137
Car 87,,308702,1,,,start_charge,,starting to charge at Charger 1 (fid=308702),593.8660903378013,,13.446207918988193,
Car 74,,,,,0,switch,,"Charger 0 (fid=308440) not available, trying Charger 1 (fid=308702)",594.1309747896646,1,,
Car 78,,,,,8,switch,,"Charger 8 (fid=8) not available, trying Charger 9 (fid=4)",594.4425507047592,9,,
Car 42,77.0,30,7,,,done,,done charging,594.5681869379437,,,648.4887050267504
Car 89,,30,7,,,start_charge,,starting to charge at Charger 7 (fid=30),594.5681869379437,,5.529057718964509,
Car 92,,,,73,,arrived,,arrived,595.0852311319987,,,
Car 75,,,,,0,switch,,"Charger 0 (fid=308440) not available, trying Charger 4 (fid=308108)",595.4306726859646,4,,
Car 93,,,,37,,arrived,,arrived,595.4518571656674,,,
Car 83,,,,,0,switch,,"Charger 0 (fid=308440) not available, trying Charger 6 (fid=37)",595.9046009900984,6,,
Car 91,,,,,6,switch,,"Charger 6 (fid=37) not available, trying Charger 8 (fid=8)",596.5816591512548,8,,
Car 94,,,,3,,arrived,,arrived,596.748011102531,,,
Car 68,,,,,,gave_up,4,"no alternate charger available, gave up",597.018690828618,,,
Car 82,,,,,6,switch,,"Charger 6 (fid=37) not available, trying Charger 8 (fid=8)",597.2743820909419,8,,
Car 86,,,,,0,switch,,"Charger 0 (fid=308440) not available, trying Charger 6 (fid=37)",597.6020109597773,6,,
Car 88,,,,,5,switch,,"Charger 5 (fid=62) not available, trying Charger 1 (fid=308702)",598.0039202562298,1,,
Car 71,,,,,0,switch,,"Charger 0 (fid=308440) not available, trying Charger 1 (fid=308702)",598.110335361898,1,,
Car 84,,,,,9,switch,,"Charger 9 (fid=4) not available, trying Charger 8 (fid=8)",598.3605186017052,8,,
Car 70,,,,,1,switch,,"Charger 1 (fid=308702) not available, trying Charger 7 (fid=30)",599.8231665493328,7,,
Car 92,,,,,6,switch,,"Charger 6 (fid=37) not available, trying Charger 9 (fid=4)",600.0852311319987,9,,
Car 93,,,,,6,switch,,"Charger 6 (fid=37) not available, trying Charger 8 (fid=8)",600.4518571656674,8,,
Car 94,,,,,5,switch,,"Charger 5 (fid=62) not available, trying Charger 8 (fid=8)",601.748011102531,8,,
Car 74,,,,,1,switch,,"Charger 1 (fid=308702) not available, trying Charger 7 (fid=30)",602.241427417063,7,,
Car 95,,,,115,,arrived,,arrived,602.9131298129074,,,
Car 65,100.0,4,9,,,done,,done charging,603.9070797455195,,,164.30281135307357
Car 78,,4,9,,,start_charge,,starting to charge at Charger 9 (fid=4),603.9070797455195,,39.3474942054595,
Car 91,,,,,8,switch,,"Charger 8 (fid=8) not available, trying Charger 5 (fid=62)",604.6628023589508,5,,
Car 82,,,,,8,switch,,"Charger 8 (fid=8) not available, trying Charger 1 (fid=308702)",605.3555252986379,1,,
Car 83,,,,,6,switch,,"Charger 6 (fid=37) not available, trying Charger 8 (fid=8)",605.3727377212169,8,,
Car 71,,,,,1,switch,,"Charger 1 (fid=308702) not available, trying Charger 7 (fid=30)",606.2207879892965,7,,
Car 86,,,,,6,switch,,"Charger 6 (fid=37) not available, trying Charger 8 (fid=8)",607.0701476908959,8,,
Car 75,,,,,4,switch,,"Charger 4 (fid=308108) not available, trying Charger 2 (fid=307904)",607.7921317290125,2,,
Car 95,,,,,0,switch,,"Charger 0 (fid=308440) not available, trying Charger 7 (fid=30)",607.9131298129074,7,,
Car 88,,,,,1,switch,,"Charger 1 (fid=308702) not available, trying Charger 7 (fid=30)",608.4144226069784,7,,
Car 84,,,,,8,switch,,"Charger 8 (fid=8) not available, trying Charger 5 (fid=62)",608.4775534370059,5,,
Car 93,,,,,8,switch,,"Charger 8 (fid=8) not available, trying Charger 5 (fid=62)",608.5330003733634,5,,
Car 96,,,,54,,arrived,,arrived,608.9320826773949,,,
Car 70,,,,,,gave_up,7,"no alternate charger available, gave up",608.9584123792322,,,
Car 92,,,,,9,switch,,"Charger 9 (fid=4) not available, trying Charger 5 (fid=62)",609.2062992663987,5,,
Car 97,,,,115,,arrived,,arrived,609.691767865477,,,
Car 94,,,,,8,switch,,"Charger 8 (fid=8) not available, trying Charger 6 (fid=37)",610.0211358655074,6,,
Car 74,,,,,,gave_up,7,"no alternate charger available, gave up",611.3766732469625,,,
Car 91,,,,,5,switch,,"Charger 5 (fid=62) not available, trying Charger 1 (fid=308702)",612.9359271219272,1,,
Car 83,,,,,8,switch,,"Charger 8 (fid=8) not available, trying Charger 1 (fid=308702)",613.4538809289129,1,,
Car 96,,,,,0,switch,,"Charger 0 (fid=308440) not available, trying Charger 6 (fid=37)",613.9320826773949,6,,
Car 98,,,,85,,arrived,,arrived,614.2401962312572,,,
Car 95,,,,,7,switch,,"Charger 7 (fid=30) not available, trying Charger 1 (fid=308702)",614.541198579392,1,,
Car 97,,,,,0,switch,,"Charger 0 (fid=308440) not available, trying Charger 7 (fid=30)",614.691767865477,7,,
Car 86,,,,,8,switch,,"Charger 8 (fid=8) not available, trying Charger 1 (fid=308702)",615.1512908985918,1,,
Car 82,,,,,1,switch,,"Charger 1 (fid=308702) not available, trying Charger 9 (fid=4)",615.2046792226258,9,,
Car 71,,,,,,gave_up,7,"no alternate charger available, gave up",615.3560338191959,,,
Car 75,,,,,2,switch,,"Charger 2 (fid=307904) not available, trying Charger 3 (fid=307905)",616.2982647436438,3,,
Car 92,,,,,5,switch,,"Charger 5 (fid=62) not available, trying Charger 8 (fid=8)",616.3712644394773,8,,
Car 75,,307905,3,,,start_charge,,starting to charge at Charger 3 (fid=307905),616.5618909252079,,45.0,
Car 84,,,,,5,switch,,"Charger 5 (fid=62) not available, trying Charger 2 (fid=307904)",616.7506781999823,2,,
Car 93,,,,,5,switch,,"Charger 5 (fid=62) not available, trying Charger 1 (fid=308702)",616.8061251363398,1,,
Car 88,,,,,7,switch,,"Charger 7 (fid=30) not available, trying Charger 9 (fid=4)",617.5496684368778,9,,
Car 94,,,,,6,switch,,"Charger 6 (fid=37) not available, trying Charger 4 (fid=308108)",618.1022790732034,4,,
Car 98,,,,,4,switch,,"Charger 4 (fid=308108) not available, trying Charger 2 (fid=307904)",619.2401962312572,2,,
Car 97,,,,,7,switch,,"Charger 7 (fid=30) not available, trying Charger 1 (fid=308702)",621.3198366319616,1,,
Car 67,82.0,4,9,,,done,,done charging,622.2409867359426,,,287.5541271939674
Car 82,,4,9,,,start_charge,,starting to charge at Charger 9 (fid=4),622.2409867359426,,41.66644137176979,
Car 49,114.0,30,7,,,done,,done charging,622.6931133786643,,,461.9776756361805
Car 83,,,,,1,switch,,"Charger 1 (fid=308702) not available, trying Charger 9 (fid=4)",623.3030348529009,9,,
Car 91,,,,,1,switch,,"Charger 1 (fid=308702) not available, trying Charger 7 (fid=30)",623.3464294726758,7,,
Car 96,,,,,6,switch,,"Charger 6 (fid=37) not available, trying Charger 1 (fid=308702)",623.4002194085134,1,,
Car 95,,,,,1,switch,,"Charger 1 (fid=308702) not available, trying Charger 2 (fid=307904)",623.6764444092914,2,,
Car 99,,,,31,,arrived,,arrived,624.3532812737643,,,
Car 92,,,,,8,switch,,"Charger 8 (fid=8) not available, trying Charger 1 (fid=308702)",624.6443892024537,1,,
Car 86,,,,,1,switch,,"Charger 1 (fid=308702) not available, trying Charger 9 (fid=4)",625.0004448225798,9,,
Car 84,,,,,2,switch,,"Charger 2 (fid=307904) not available, trying Charger 3 (fid=307905)",625.7482757381412,3,,
Car 80,49.0,308108,4,,,done,,done charging,627.135898668679,,,556.1187974651863
Car 94,,308108,4,,,start_charge,,starting to charge at Charger 4 (fid=308108),627.135898668679,,17.476609655149446,
Car 93,,,,,1,switch,,"Charger 1 (fid=308702) not available, trying Charger 7 (fid=30)",627.2166274870884,7,,
Car 72,63.0,308440,0,,,done,,done charging,627.4313905271961,,,401.3072546947882
Car 91,,30,7,,,start_charge,,starting to charge at Charger 7 (fid=30),627.4816753025752,,20.0,
Car 98,,,,,2,switch,,"Charger 2 (fid=307904) not available, trying Charger 3 (fid=307905)",627.7463292458885,3,,
Car 88,,,,,9,switch,,"Charger 9 (fid=4) not available, trying Charger 0 (fid=308440)",628.6163311422661,0,,
Car 99,,,,,1,switch,,"Charger 1 (fid=308702) not available, trying Charger 7 (fid=30)",629.3532812737643,7,,
Car 97,,,,,1,switch,,"Charger 1 (fid=308702) not available, trying Charger 2 (fid=307904)",630.455082461861,2,,
Car 84,,,,,3,switch,,"Charger 3 (fid=307905) not available, trying Charger 4 (fid=308108)",631.0119019197052,4,,
Car 96,,,,,1,switch,,"Charger 1 (fid=308702) not available, trying Charger 9 (fid=4)",631.6433228703137,9,,
Car 100,,,,72,,arrived,,arrived,632.0118444816501,,,
Car 100,,308440,0,,,start_charge,,starting to charge at Charger 0 (fid=308440),632.0118444816501,,0.0,
Car 98,,,,,3,switch,,"Charger 3 (fid=307905) not available, trying Charger 5 (fid=62)",633.0099554274526,5,,
Car 63,117.0,62,5,,,done,,done charging,633.4385164664145,,,251.28658020354962
Car 83,,,,,9,switch,,"Charger 9 (fid=4) not available, trying Charger 7 (fid=30)",633.6729009944478,7,,
Car 76,79.0,308702,1,,,done,,done charging,633.811300802761,,,238.00146318427056
Car 92,,308702,1,,,start_charge,,starting to charge at Charger 1 (fid=308702),633.811300802761,,24.31775767631939,
Car 95,,,,,2,switch,,"Charger 2 (fid=307904) not available, trying Charger 3 (fid=307905)",635.1642237874369,3,,
Car 86,,,,,9,switch,,"Charger 9 (fid=4) not available, trying Charger 7 (fid=30)",635.3703109641267,7,,
Car 101,,,,15,,arrived,,arrived,635.6376132415978,,,
Car 79,90.0,308440,0,,,done,,done charging,636.2801480484545,,,107.15313332298842
Car 88,,308440,0,,,start_charge,,starting to charge at Charger 0 (fid=308440),636.2801480484545,,33.330567851841124,
Car 93,,,,,7,switch,,"Charger 7 (fid=30) not available, trying Charger 9 (fid=4)",636.3518733169878,9,,
Car 98,,62,5,,,start_charge,,starting to charge at Charger 5 (fid=62),637.0238897972322,,15.0,
Car 55,113.0,8,8,,,done,,done charging,638.1425131830073,,,391.58839699521775
Car 99,,,,,7,switch,,"Charger 7 (fid=30) not available, trying Charger 0 (fid=308440)",638.4885271036637,0,,
Car 84,,,,,,gave_up,4,"no alternate charger available, gave up",639.5343717659574,,,
Car 95,,,,,3,switch,,"Charger 3 (fid=307905) not available, trying Charger 5 (fid=62)",640.4278499690009,5,,
Car 101,,,,,0,switch,,"Charger 0 (fid=308440) not available, trying Charger 2 (fid=307904)",640.6376132415978,2,,
Car 102,,,,54,,arrived,,arrived,641.3504752409325,,,
Car 97,,,,,2,switch,,"Charger 2 (fid=307904) not available, trying Charger 3 (fid=307905)",641.9428618400065,3,,
Car 96,,,,,9,switch,,"Charger 9 (fid=4) not available, trying Charger 5 (fid=62)",642.0131890118606,5,,
Car 69,103.0,37,6,,,done,,done charging,642.942581070915,,,298.3363542380637
Car 83,,,,,,gave_up,7,"no alternate charger available, gave up",644.739563699836,,,
Car 99,,,,,0,switch,,"Charger 0 (fid=308440) not available, trying Charger 6 (fid=37)",645.1165958701483,6,,
Car 102,,,,,0,switch,,"Charger 0 (fid=308440) not available, trying Charger 6 (fid=37)",646.3504752409325,6,,
Car 86,,,,,,gave_up,7,"no alternate charger available, gave up",646.4369736695149,,,
Car 81,91.0,307904,2,,,done,,done charging,646.567382949707,,,326.51315579009633
Car 101,,307904,2,,,start_charge,,starting to charge at Charger 2 (fid=307904),646.567382949707,,6.5932822092159995,
Car 97,,,,,3,switch,,"Charger 3 (fid=307905) not available, trying Charger 5 (fid=62)",647.2064880215705,5,,
Car 93,,,,,9,switch,,"Charger 9 (fid=4) not available, trying Charger 0 (fid=308440)",647.4185360223761,0,,
Car 96,,,,,5,switch,,"Charger 5 (fid=62) not available, trying Charger 7 (fid=30)",649.1781541849392,7,,
Car 95,,,,,5,switch,,"Charger 5 (fid=62) not available, trying Charger 6 (fid=37)",649.4417843387805,6,,
Car 103,,,,34,,arrived,,arrived,649.5777307079176,,,
Car 99,,37,6,,,start_charge,,starting to charge at Charger 6 (fid=37),649.5847326012669,,15.0,
Car 103,,,,,7,switch,,"Charger 7 (fid=30) not available, trying Charger 1 (fid=308702)",654.5777307079176,1,,
Car 102,,,,,6,switch,,"Charger 6 (fid=37) not available, trying Charger 1 (fid=308702)",655.818611972051,1,,
Car 97,,,,,5,switch,,"Charger 5 (fid=62) not available, trying Charger 6 (fid=37)",656.2204223913501,6,,
Car 93,,,,,0,switch,,"Charger 0 (fid=308440) not available, trying Charger 2 (fid=307904)",656.7517850767234,2,,
Car 95,,,,,6,switch,,"Charger 6 (fid=37) not available, trying Charger 9 (fid=4)",657.5368946770295,9,,
Car 104,,,,77,,arrived,,arrived,659.2019465270561,,,
Car 105,,,,73,,arrived,,arrived,659.8036088722022,,,
Car 96,,,,,7,switch,,"Charger 7 (fid=30) not available, trying Charger 8 (fid=8)",660.2854530995291,8,,
Car 106,,,,18,,arrived,,arrived,661.9632731981566,,,
Car 107,,,,46,,arrived,,arrived,663.3424338604736,,,
Car 103,,,,,1,switch,,"Charger 1 (fid=308702) not available, trying Charger 0 (fid=308440)",663.712976537817,0,,
Car 102,,,,,1,switch,,"Charger 1 (fid=308702) not available, trying Charger 9 (fid=4)",664.0617154338513,9,,
Car 104,,,,,5,switch,,"Charger 5 (fid=62) not available, trying Charger 4 (fid=308108)",664.2019465270561,4,,
Car 97,,,,,6,switch,,"Charger 6 (fid=37) not available, trying Charger 9 (fid=4)",664.3155327295991,9,,
Car 105,,,,,6,switch,,"Charger 6 (fid=37) not available, trying Charger 9 (fid=4)",664.8036088722022,9,,
Car 77,115.0,8,8,,,done,,done charging,665.0084770789281,,,413.9336267823665
Car 96,,8,8,,,start_charge,,starting to charge at Charger 8 (fid=8),665.8314035873584,,30.0,
Car 93,,,,,2,switch,,"Charger 2 (fid=307904) not available, trying Charger 3 (fid=307905)",666.0882725756167,3,,
Car 95,,,,,9,switch,,"Charger 9 (fid=4) not available, trying Charger 8 (fid=8)",666.6579628114295,8,,
Car 106,,,,,0,switch,,"Charger 0 (fid=308440) not available, trying Charger 2 (fid=307904)",666.9632731981566,2,,
Car 108,,,,21,,arrived,,arrived,667.8343096291871,,,
Car 107,,,,,1,switch,,"Charger 1 (fid=308702) not available, trying Charger 9 (fid=4)",668.3424338604736,9,,
Car 93,,,,,3,switch,,"Charger 3 (fid=307905) not available, trying Charger 4 (fid=308108)",671.3518987571807,4,,
Car 95,,8,8,,,start_charge,,starting to charge at Charger 8 (fid=8),671.7749976467302,,40.0,
Car 103,,,,,0,switch,,"Charger 0 (fid=308440) not available, trying Charger 6 (fid=37)",671.8234291652154,6,,
Car 108,,,,,0,switch,,"Charger 0 (fid=308440) not available, trying Charger 7 (fid=30)",672.8343096291871,7,,
Car 97,,,,,9,switch,,"Charger 9 (fid=4) not available, trying Charger 8 (fid=8)",673.436600863999,8,,
Car 104,,,,,4,switch,,"Charger 4 (fid=308108) not available, trying Charger 2 (fid=307904)",673.6557354868735,2,,
Car 105,,,,,9,switch,,"Charger 9 (fid=4) not available, trying Charger 5 (fid=62)",673.9246770066021,5,,
Car 102,,,,,9,switch,,"Charger 9 (fid=4) not available, trying Charger 5 (fid=62)",674.4315815753982,5,,
Car 89,80.0,30,7,,,done,,done charging,674.5681869379437,,,212.6093657501901
Car 108,,30,7,,,start_charge,,starting to charge at Charger 7 (fid=30),674.5681869379437,,5.105808542271916,
Car 106,,,,,2,switch,,"Charger 2 (fid=307904) not available, trying Charger 3 (fid=307905)",676.2997606970498,3,,
Car 107,,,,,9,switch,,"Charger 9 (fid=4) not available, trying Charger 6 (fid=37)",678.7123000020206,6,,
Car 85,88.0,37,6,,,done,,done charging,679.2763755017747,,,645.2603534909559
Car 103,,37,6,,,start_charge,,starting to charge at Charger 6 (fid=37),679.2763755017747,,17.984809605440773,
Car 93,,,,,,gave_up,4,"no alternate charger available, gave up",679.8743686034329,,,
Car 105,,,,,5,switch,,"Charger 5 (fid=62) not available, trying Charger 8 (fid=8)",681.0896421796807,8,,
Car 106,,,,,3,switch,,"Charger 3 (fid=307905) not available, trying Charger 5 (fid=62)",681.5633868786139,5,,
Car 102,,,,,5,switch,,"Charger 5 (fid=62) not available, trying Charger 7 (fid=30)",681.5965467484768,7,,
Car 104,,,,,2,switch,,"Charger 2 (fid=307904) not available, trying Charger 3 (fid=307905)",682.1618685015048,3,,
Car 97,,,,,8,switch,,"Charger 8 (fid=8) not available, trying Charger 4 (fid=308108)",683.5536356992998,4,,
Car 75,68.0,307905,3,,,done,,done charging,684.5618909252079,,,580.2681358657516
Car 104,,307905,3,,,start_charge,,starting to charge at Charger 3 (fid=307905),684.5618909252079,,17.13639624213897,
Car 109,,,,63,,arrived,,arrived,685.3054369146954,,,
Car 100,55.0,308440,0,,,done,,done charging,687.0118444816501,,,99.33725130193227
Car 110,,,,117,,arrived,,arrived,687.3399060894399,,,
Car 107,,,,,6,switch,,"Charger 6 (fid=37) not available, trying Charger 7 (fid=30)",687.8333681364205,7,,
Car 105,,,,,8,switch,,"Charger 8 (fid=8) not available, trying Charger 1 (fid=308702)",689.3627669426571,1,,
Car 111,,,,14,,arrived,,arrived,689.6138519052499,,,
Car 111,,308440,0,,,start_charge,,starting to charge at Charger 0 (fid=308440),689.6138519052499,,0.0,
Car 109,,,,,9,switch,,"Charger 9 (fid=4) not available, trying Charger 8 (fid=8)",690.3054369146954,8,,
Car 106,,,,,5,switch,,"Charger 5 (fid=62) not available, trying Charger 6 (fid=37)",690.5773212483934,6,,
Car 110,,,,,2,switch,,"Charger 2 (fid=307904) not available, trying Charger 3 (fid=307905)",692.3399060894399,3,,
Car 102,,,,,7,switch,,"Charger 7 (fid=30) not available, trying Charger 8 (fid=8)",692.7038456630668,8,,
Car 73,113.0,62,5,,,done,,done charging,693.3174123612976,,,478.8806816874626
Car 94,67.0,308108,4,,,done,,done charging,694.135898668679,,,495.83091423880484
Car 97,,308108,4,,,start_charge,,starting to charge at Charger 4 (fid=308108),694.135898668679,,48.90754921617122,
Car 78,91.0,4,9,,,done,,done charging,694.9070797455195,,,618.3553860868287
Car 107,,,,,7,switch,,"Charger 7 (fid=30) not available, trying Charger 8 (fid=8)",696.7732681620621,8,,
Car 90,109.0,308108,4,,,done,,done charging,696.8336006554799,,,153.3500347553433
Car 110,,,,,3,switch,,"Charger 3 (fid=307905) not available, trying Charger 0 (fid=308440)",697.6035322710039,0,,
Car 112,,,,9,,arrived,,arrived,697.8239576055837,,,
Car 106,,,,,6,switch,,"Charger 6 (fid=37) not available, trying Charger 7 (fid=30)",698.6724315866425,7,,
Car 87,105.0,308702,1,,,done,,done charging,698.8660903378013,,,284.05781838804796
Car 105,,308702,1,,,start_charge,,starting to charge at Charger 1 (fid=308702),698.8660903378013,,24.65416947115625,
Car 109,,,,,8,switch,,"Charger 8 (fid=8) not available, trying Charger 6 (fid=37)",700.4224717499961,6,,
Car 82,80.0,4,9,,,done,,done charging,702.2409867359426,,,787.1772250323991
Car 112,,,,,8,switch,,"Charger 8 (fid=8) not available, trying Charger 5 (fid=62)",702.8239576055837,5,,
Car 102,,,,,8,switch,,"Charger 8 (fid=8) not available, trying Charger 2 (fid=307904)",703.249796150896,2,,
Car 113,,,,51,,arrived,,arrived,703.8998654026005,,,
Car 113,,62,5,,,start_charge,,starting to charge at Charger 5 (fid=62),703.8998654026005,,0.0,
Car 110,,,,,0,switch,,"Charger 0 (fid=308440) not available, trying Charger 5 (fid=62)",706.956356601518,5,,
Car 98,70.0,62,5,,,done,,done charging,707.0238897972322,,,524.9455478421897
Car 112,,62,5,,,start_charge,,starting to charge at Charger 5 (fid=62),707.0238897972322,,5.9268074286720775,
Car 107,,,,,8,switch,,"Charger 8 (fid=8) not available, trying Charger 0 (fid=308440)",707.3192186498914,0,,
Car 106,,,,,7,switch,,"Charger 7 (fid=30) not available, trying Charger 1 (fid=308702)",707.612331612284,1,,
Car 109,,,,,6,switch,,"Charger 6 (fid=37) not available, trying Charger 1 (fid=308702)",708.5036149576921,1,,
Car 114,,,,4,,arrived,,arrived,710.305756870088,,,
Car 88,77.0,308440,0,,,done,,done charging,713.2801480484545,,,372.19578970217344
Car 107,,308440,0,,,start_charge,,starting to charge at Charger 0 (fid=308440),713.2801480484545,,25.371293117800633,
Car 115,,,,37,,arrived,,arrived,714.9641609065195,,,
Car 102,,,,,2,switch,,"Charger 2 (fid=307904) not available, trying Charger 3 (fid=307905)",715.1994633512771,3,,
Car 114,,,,,5,switch,,"Charger 5 (fid=62) not available, trying Charger 2 (fid=307904)",715.305756870088,2,,
Car 110,,,,,5,switch,,"Charger 5 (fid=62) not available, trying Charger 4 (fid=308108)",716.330241865067,4,,
Car 109,,,,,1,switch,,"Charger 1 (fid=308702) not available, trying Charger 7 (fid=30)",716.7467184194924,7,,
Car 106,,,,,1,switch,,"Charger 1 (fid=308702) not available, trying Charger 9 (fid=4)",716.7475774421835,9,,
Car 116,,,,60,,arrived,,arrived,716.9879137573139,,,
Car 91,90.0,30,7,,,done,,done charging,717.4816753025752,,,328.1936721359402
Car 115,,,,,6,switch,,"Charger 6 (fid=37) not available, trying Charger 8 (fid=8)",719.9641609065195,8,,
Car 102,,,,,3,switch,,"Charger 3 (fid=307905) not available, trying Charger 4 (fid=308108)",720.4630895328412,4,,
Car 110,,308108,4,,,start_charge,,starting to charge at Charger 4 (fid=308108),720.7840308248844,,20.0,
Car 109,,30,7,,,start_charge,,starting to charge at Charger 7 (fid=30),720.8819642493918,,20.0,
Car 116,,,,,5,switch,,"Charger 5 (fid=62) not available, trying Charger 6 (fid=37)",721.9879137573139,6,,
Car 106,,4,9,,,start_charge,,starting to charge at Charger 9 (fid=4),722.1174435837304,,35.0,
Car 92,89.0,308702,1,,,done,,done charging,722.811300802761,,,326.62528984835353
Car 114,,,,,2,switch,,"Charger 2 (fid=307904) not available, trying Charger 3 (fid=307905)",724.3033544082468,3,,
Car 117,,,,72,,arrived,,arrived,726.3978365818356,,,
Car 115,,,,,8,switch,,"Charger 8 (fid=8) not available, trying Charger 5 (fid=62)",728.0453041142155,5,,
Car 118,,,,1,,arrived,,arrived,728.9547206724154,,,
Car 102,,,,,,gave_up,4,"no alternate charger available, gave up",728.9855593790934,,,
Car 114,,,,,3,switch,,"Charger 3 (fid=307905) not available, trying Charger 4 (fid=308108)",729.5669805898109,4,,
Car 116,,,,,6,switch,,"Charger 6 (fid=37) not available, trying Charger 8 (fid=8)",730.0830240955629,8,,
Car 117,,,,,0,switch,,"Charger 0 (fid=308440) not available, trying Charger 7 (fid=30)",731.3978365818356,7,,
Car 118,,,,,2,switch,,"Charger 2 (fid=307904) not available, trying Charger 3 (fid=307905)",733.9547206724154,3,,
Car 115,,,,,5,switch,,"Charger 5 (fid=62) not available, trying Charger 1 (fid=308702)",736.3184288771919,1,,
Car 119,,,,29,,arrived,,arrived,737.4613570288185,,,
Car 120,,,,3,,arrived,,arrived,737.6887755727182,,,
Car 117,,,,,7,switch,,"Charger 7 (fid=30) not available, trying Charger 5 (fid=62)",738.0259053483202,5,,
Car 114,,,,,4,switch,,"Charger 4 (fid=308108) not available, trying Charger 6 (fid=37)",738.0894504360631,6,,
Car 116,,,,,8,switch,,"Charger 8 (fid=8) not available, trying Charger 2 (fid=307904)",738.1641673032589,2,,
Car 118,,,,,3,switch,,"Charger 3 (fid=307905) not available, trying Charger 4 (fid=308108)",739.2183468539795,4,,
Car 115,,308702,1,,,start_charge,,starting to charge at Charger 1 (fid=308702),741.7289312279405,,15.0,
Car 119,,,,,0,switch,,"Charger 0 (fid=308440) not available, trying Charger 2 (fid=307904)",742.4613570288185,2,,
Car 108,68.0,30,7,,,done,,done charging,742.5681869379437,,,265.3682359607151
Car 120,,,,,5,switch,,"Charger 5 (fid=62) not available, trying Charger 8 (fid=8)",742.6887755727182,8,,
Car 121,,,,38,,arrived,,arrived,744.2273649134609,,,
Car 121,,4,9,,,start_charge,,starting to charge at Charger 9 (fid=4),744.2273649134609,,0.0,
Car 101,98.0,307904,2,,,done,,done charging,744.567382949707,,,225.49196871275598
Car 116,,307904,2,,,start_charge,,starting to charge at Charger 2 (fid=307904),745.11383450364,,15.0,
Car 122,,,,57,,arrived,,arrived,746.0733114360262,,,
Car 123,,,,8,,arrived,,arrived,747.1892948099986,,,
Car 124,,,,54,,arrived,,arrived,747.2123993754974,,,
Car 118,,,,,4,switch,,"Charger 4 (fid=308108) not available, trying Charger 5 (fid=62)",747.7408167002317,5,,
Car 125,,,,32,,arrived,,arrived,748.7425470087092,,,
Car 117,,,,,5,switch,,"Charger 5 (fid=62) not available, trying Charger 1 (fid=308702)",749.1332042629101,1,,
Car 126,,,,81,,arrived,,arrived,749.2895399133141,,,
Car 114,,,,,6,switch,,"Charger 6 (fid=37) not available, trying Charger 0 (fid=308440)",749.6464603763893,0,,
Car 120,,,,,8,switch,,"Charger 8 (fid=8) not available, trying Charger 6 (fid=37)",750.9619003356946,6,,
Car 122,,,,,0,switch,,"Charger 0 (fid=308440) not available, trying Charger 6 (fid=37)",751.0733114360262,6,,
Car 119,,,,,2,switch,,"Charger 2 (fid=307904) not available, trying Charger 3 (fid=307905)",751.7978445277117,3,,
Car 123,,,,,8,switch,,"Charger 8 (fid=8) not available, trying Charger 6 (fid=37)",752.1892948099986,6,,
Car 124,,,,,0,switch,,"Charger 0 (fid=308440) not available, trying Charger 6 (fid=37)",752.2123993754974,6,,
Car 96,87.0,8,8,,,done,,done charging,752.8314035873584,,,303.1989232472417
Car 125,,,,,0,switch,,"Charger 0 (fid=308440) not available, trying Charger 2 (fid=307904)",753.7425470087092,2,,
Car 126,,,,,2,switch,,"Charger 2 (fid=307904) not available, trying Charger 3 (fid=307905)",754.2895399133141,3,,
Car 99,106.0,37,6,,,done,,done charging,755.5847326012669,,,298.3363542380637
Car 120,,37,6,,,start_charge,,starting to charge at Charger 6 (fid=37),755.5847326012669,,11.541689057876283,
Car 119,,,,,3,switch,,"Charger 3 (fid=307905) not available, trying Charger 5 (fid=62)",757.0614707092758,5,,
Car 118,,,,,5,switch,,"Charger 5 (fid=62) not available, trying Charger 0 (fid=308440)",757.1946056600491,0,,
Car 114,,,,,0,switch,,"Charger 0 (fid=308440) not available, trying Charger 8 (fid=8)",759.1145971075078,8,,
Car 117,,,,,1,switch,,"Charger 1 (fid=308702) not available, trying Charger 6 (fid=37)",759.5437066136587,6,,
Car 126,,,,,3,switch,,"Charger 3 (fid=307905) not available, trying Charger 5 (fid=62)",759.5531660948782,5,,
Car 123,,,,,6,switch,,"Charger 6 (fid=37) not available, trying Charger 5 (fid=62)",760.2704380176946,5,,
Car 122,,,,,6,switch,,"Charger 6 (fid=37) not available, trying Charger 1 (fid=308702)",760.5414481671447,1,,
Car 124,,,,,6,switch,,"Charger 6 (fid=37) not available, trying Charger 1 (fid=308702)",761.6805361066159,1,,
Car 111,73.0,308440,0,,,done,,done charging,762.6138519052499,,,132.81305867629422
Car 118,,308440,0,,,start_charge,,starting to charge at Charger 0 (fid=308440),762.6138519052499,,21.04536098165181,
Car 125,,,,,2,switch,,"Charger 2 (fid=307904) not available, trying Charger 3 (fid=307905)",763.0790345076024,3,,
Car 127,,,,41,,arrived,,arrived,763.7703011860112,,,
Car 114,,8,8,,,start_charge,,starting to charge at Charger 8 (fid=8),764.7042333882704,,30.0,
Car 119,,,,,5,switch,,"Charger 5 (fid=62) not available, trying Charger 6 (fid=37)",766.0754050790554,6,,
Car 128,,,,63,,arrived,,arrived,767.2805729868214,,,
Car 117,,,,,6,switch,,"Charger 6 (fid=37) not available, trying Charger 2 (fid=307904)",767.786810075459,2,,
Car 125,,,,,3,switch,,"Charger 3 (fid=307905) not available, trying Charger 5 (fid=62)",768.3426606891665,5,,
Car 123,,,,,5,switch,,"Charger 5 (fid=62) not available, trying Charger 1 (fid=308702)",768.3655483559436,1,,
Car 126,,,,,5,switch,,"Charger 5 (fid=62) not available, trying Charger 0 (fid=308440)",768.5671004646578,0,,
Car 127,,,,,1,switch,,"Charger 1 (fid=308702) not available, trying Charger 7 (fid=30)",768.7703011860112,7,,
Car 122,,,,,1,switch,,"Charger 1 (fid=308702) not available, trying Charger 5 (fid=62)",768.784551628945,5,,
Car 112,62.0,62,5,,,done,,done charging,769.0238897972322,,,199.22751596480768
Car 124,,,,,1,switch,,"Charger 1 (fid=308702) not available, trying Charger 9 (fid=4)",769.9236395684162,9,,
Car 106,48.0,4,9,,,done,,done charging,770.1174435837304,,,383.29912549635105
Car 128,,4,9,,,start_charge,,starting to charge at Charger 9 (fid=4),770.1174435837304,,2.836870596908966,
Car 129,,,,50,,arrived,,arrived,770.6840338203218,,,
Car 129,,62,5,,,start_charge,,starting to charge at Charger 5 (fid=62),770.6840338203218,,0.0,
Car 110,50.0,308108,4,,,done,,done charging,770.7840308248844,,,465.9540775094522
Car 130,,,,61,,arrived,,arrived,771.1351602536246,,,
Car 113,68.0,62,5,,,done,,done charging,771.8998654026005,,,235.34615742548544
Car 130,,62,5,,,start_charge,,starting to charge at Charger 5 (fid=62),771.8998654026005,,0.7647051489759633,
Car 127,,30,7,,,start_charge,,starting to charge at Charger 7 (fid=30),772.9055470159107,,5.0,
Car 95,102.0,8,8,,,done,,done charging,773.7749976467302,,,480.2441932919135
Car 119,,,,,6,switch,,"Charger 6 (fid=37) not available, trying Charger 7 (fid=30)",774.1705154173044,7,,
Car 103,98.0,37,6,,,done,,done charging,777.2763755017747,,,334.10690255542056
Car 125,,,,,5,switch,,"Charger 5 (fid=62) not available, trying Charger 6 (fid=37)",777.356595058946,6,,
Car 105,79.0,308702,1,,,done,,done charging,777.8660903378013,,,326.62528984835353
Car 123,,308702,1,,,start_charge,,starting to charge at Charger 1 (fid=308702),777.8660903378013,,19.090039631109107,
Car 126,,,,,0,switch,,"Charger 0 (fid=308440) not available, trying Charger 4 (fid=308108)",777.9409857282068,4,,
Car 131,,,,51,,arrived,,arrived,778.5604541847979,,,
Car 117,,,,,2,switch,,"Charger 2 (fid=307904) not available, trying Charger 3 (fid=307905)",778.7405105749392,3,,
Car 122,,,,,5,switch,,"Charger 5 (fid=62) not available, trying Charger 9 (fid=4)",779.1950539796936,9,,
Car 132,,,,33,,arrived,,arrived,779.9579968841681,,,
Car 124,,,,,9,switch,,"Charger 9 (fid=4) not available, trying Charger 5 (fid=62)",780.2935057099631,5,,
Car 125,,37,6,,,start_charge,,starting to charge at Charger 6 (fid=37),780.451705397195,,20.0,
Car 119,,,,,7,switch,,"Charger 7 (fid=30) not available, trying Charger 1 (fid=308702)",783.110415442946,1,,
Car 131,,,,,5,switch,,"Charger 5 (fid=62) not available, trying Charger 4 (fid=308108)",783.5604541847979,4,,
Car 117,,,,,3,switch,,"Charger 3 (fid=307905) not available, trying Charger 9 (fid=4)",784.0041367565033,9,,
Car 132,,,,,7,switch,,"Charger 7 (fid=30) not available, trying Charger 1 (fid=308702)",784.9579968841681,1,,
Car 126,,308108,4,,,start_charge,,starting to charge at Charger 4 (fid=308108),785.3024447712546,,20.0,
Car 133,,,,37,,arrived,,arrived,785.3482449763396,,,
Car 122,,,,,9,switch,,"Charger 9 (fid=4) not available, trying Charger 2 (fid=307904)",786.3600191527722,2,,
Car 124,,,,,5,switch,,"Charger 5 (fid=62) not available, trying Charger 7 (fid=30)",787.4584708830417,7,,
Car 134,,,,38,,arrived,,arrived,788.7903817501189,,,
Car 109,68.0,30,7,,,done,,done charging,788.8819642493918,,,364.9882381658404
Car 133,,,,,6,switch,,"Charger 6 (fid=37) not available, trying Charger 8 (fid=8)",790.3482449763396,8,,
Car 117,,,,,9,switch,,"Charger 9 (fid=4) not available, trying Charger 8 (fid=8)",791.4279720213387,8,,
Car 119,,,,,1,switch,,"Charger 1 (fid=308702) not available, trying Charger 9 (fid=4)",792.2456612728454,9,,
Car 131,,,,,4,switch,,"Charger 4 (fid=308108) not available, trying Charger 2 (fid=307904)",793.0142431446153,2,,
Car 133,,8,8,,,start_charge,,starting to charge at Charger 8 (fid=8),793.4293881840356,,5.0,
Car 124,,30,7,,,start_charge,,starting to charge at Charger 7 (fid=30),793.5657697976317,,25.0,
Car 122,,,,,2,switch,,"Charger 2 (fid=307904) not available, trying Charger 3 (fid=307905)",793.7675175859869,3,,
Car 134,,,,,9,switch,,"Charger 9 (fid=4) not available, trying Charger 6 (fid=37)",793.7903817501189,6,,
Car 132,,,,,1,switch,,"Charger 1 (fid=308702) not available, trying Charger 0 (fid=308440)",794.0932427140675,0,,
Car 135,,,,59,,arrived,,arrived,796.3386080481912,,,
Car 122,,,,,3,switch,,"Charger 3 (fid=307905) not available, trying Charger 7 (fid=30)",799.0311437675509,7,,
Car 116,54.0,307904,2,,,done,,done charging,799.11383450364,,,333.37963750819455
Car 131,,307904,2,,,start_charge,,starting to charge at Charger 2 (fid=307904),799.11383450364,,12.593458344393298,
Car 104,115.0,307905,3,,,done,,done charging,799.5618909252079,,,282.0083029856444
Car 136,,,,11,,arrived,,arrived,800.3087256163897,,,
Car 135,,,,,4,switch,,"Charger 4 (fid=308108) not available, trying Charger 2 (fid=307904)",801.3386080481912,2,,
Car 117,,,,,8,switch,,"Charger 8 (fid=8) not available, trying Charger 4 (fid=308108)",801.5450068566395,4,,
Car 137,,,,38,,arrived,,arrived,801.6795739813635,,,
Car 132,,,,,0,switch,,"Charger 0 (fid=308440) not available, trying Charger 9 (fid=4)",802.203695341466,9,,
Car 119,,,,,9,switch,,"Charger 9 (fid=4) not available, trying Charger 8 (fid=8)",802.6155274143923,8,,
Car 138,,,,115,,arrived,,arrived,802.6200448671229,,,
Car 134,,,,,6,switch,,"Charger 6 (fid=37) not available, trying Charger 1 (fid=308702)",802.9114498845188,1,,
Car 136,,,,,5,switch,,"Charger 5 (fid=62) not available, trying Charger 6 (fid=37)",805.3087256163897,6,,
Car 97,112.0,308108,4,,,done,,done charging,806.135898668679,,,627.8370293902732
Car 137,,,,,9,switch,,"Charger 9 (fid=4) not available, trying Charger 6 (fid=37)",806.6795739813635,6,,
Car 122,,,,,7,switch,,"Charger 7 (fid=30) not available, trying Charger 8 (fid=8)",807.2518492615794,8,,
Car 138,,,,,0,switch,,"Charger 0 (fid=308440) not available, trying Charger 7 (fid=30)",807.6200448671229,7,,
Car 117,,308108,4,,,start_charge,,starting to charge at Charger 4 (fid=308108),808.2197206098475,,45.0,
Car 135,,,,,2,switch,,"Charger 2 (fid=307904) not available, trying Charger 3 (fid=307905)",809.8447410628225,3,,
Car 139,,,,32,,arrived,,arrived,809.9593470399673,,,
Car 135,,307905,3,,,start_charge,,starting to charge at Charger 3 (fid=307905),810.1083672443866,,10.0,
Car 134,,,,,1,switch,,"Charger 1 (fid=308702) not available, trying Charger 7 (fid=30)",811.1545533463191,7,,
Car 132,,,,,9,switch,,"Charger 9 (fid=4) not available, trying Charger 6 (fid=37)",811.5369443958133,6,,
Car 119,,,,,8,switch,,"Charger 8 (fid=8) not available, trying Charger 4 (fid=308108)",812.732562249693,4,,
Car 136,,,,,6,switch,,"Charger 6 (fid=37) not available, trying Charger 0 (fid=308440)",813.4038359546387,0,,
Car 138,,,,,7,switch,,"Charger 7 (fid=30) not available, trying Charger 1 (fid=308702)",814.2481136336075,1,,
Car 139,,,,,0,switch,,"Charger 0 (fid=308440) not available, trying Charger 2 (fid=307904)",814.9593470399673,2,,
Car 137,,,,,6,switch,,"Charger 6 (fid=37) not available, trying Charger 1 (fid=308702)",815.8006421157635,1,,
Car 140,,,,39,,arrived,,arrived,817.6178982572903,,,
Car 122,,,,,8,switch,,"Charger 8 (fid=8) not available, trying Charger 4 (fid=308108)",817.7977997494087,4,,
Car 141,,,,61,,arrived,,arrived,819.8411066983574,,,
Car 134,,,,,7,switch,,"Charger 7 (fid=30) not available, trying Charger 8 (fid=8)",820.2897991762185,8,,
Car 132,,,,,6,switch,,"Charger 6 (fid=37) not available, trying Charger 8 (fid=8)",820.6580125302132,8,,
Car 142,,,,73,,arrived,,arrived,821.6758049670536,,,
Car 140,,,,,5,switch,,"Charger 5 (fid=62) not available, trying Charger 8 (fid=8)",822.6178982572903,8,,
Car 136,,,,,0,switch,,"Charger 0 (fid=308440) not available, trying Charger 8 (fid=8)",822.8719726857572,8,,
Car 138,,,,,1,switch,,"Charger 1 (fid=308702) not available, trying Charger 2 (fid=307904)",823.383359463507,2,,
Car 137,,,,,1,switch,,"Charger 1 (fid=308702) not available, trying Charger 7 (fid=30)",824.0437455775638,7,,
Car 139,,,,,2,switch,,"Charger 2 (fid=307904) not available, trying Charger 3 (fid=307905)",824.2958345388605,3,,
Car 119,,,,,,gave_up,4,"no alternate charger available, gave up",824.4072760029011,,,
Car 141,,,,,5,switch,,"Charger 5 (fid=62) not available, trying Charger 8 (fid=8)",824.8411066983574,8,,
Car 143,,,,53,,arrived,,arrived,826.4938855271186,,,
Car 142,,,,,6,switch,,"Charger 6 (fid=37) not available, trying Charger 9 (fid=4)",826.6758049670536,9,,
Car 144,,,,3,,arrived,,arrived,826.9211382633897,,,
Car 145,,,,52,,arrived,,arrived,827.1613547780298,,,
Car 132,,,,,8,switch,,"Charger 8 (fid=8) not available, trying Charger 5 (fid=62)",828.7391557379092,5,,
Car 122,,,,,,gave_up,4,"no alternate charger available, gave up",829.4725135026167,,,
Car 139,,,,,3,switch,,"Charger 3 (fid=307905) not available, trying Charger 5 (fid=62)",829.5594607204246,5,,
Car 134,,,,,8,switch,,"Charger 8 (fid=8) not available, trying Charger 5 (fid=62)",830.8357496640477,5,,
Car 140,,,,,8,switch,,"Charger 8 (fid=8) not available, trying Charger 6 (fid=37)",830.8910230202667,6,,
Car 143,,,,,4,switch,,"Charger 4 (fid=308108) not available, trying Charger 5 (fid=62)",831.4938855271186,5,,
Car 144,,,,,5,switch,,"Charger 5 (fid=62) not available, trying Charger 8 (fid=8)",831.9211382633897,8,,
Car 146,,,,12,,arrived,,arrived,832.0432084066381,,,
Car 145,,,,,2,switch,,"Charger 2 (fid=307904) not available, trying Charger 3 (fid=307905)",832.1613547780298,3,,
Car 141,,,,,8,switch,,"Charger 8 (fid=8) not available, trying Charger 6 (fid=37)",833.1142314613338,6,,
Car 137,,,,,7,switch,,"Charger 7 (fid=30) not available, trying Charger 8 (fid=8)",833.1789914074632,8,,
Car 107,120.0,308440,0,,,done,,done charging,833.2801480484545,,,351.8807838698567
Car 136,,,,,8,switch,,"Charger 8 (fid=8) not available, trying Charger 9 (fid=4)",833.4616089665197,9,,
Car 138,,,,,2,switch,,"Charger 2 (fid=307904) not available, trying Charger 3 (fid=307905)",834.8711388416524,3,,
Car 142,,,,,9,switch,,"Charger 9 (fid=4) not available, trying Charger 5 (fid=62)",835.7968731014536,5,,
Car 130,65.0,62,5,,,done,,done charging,836.8998654026005,,,162.72471377920127
Car 132,,62,5,,,start_charge,,starting to charge at Charger 5 (fid=62),836.8998654026005,,34.887584901714945,
Car 146,,,,,2,switch,,"Charger 2 (fid=307904) not available, trying Charger 3 (fid=307905)",837.0432084066381,3,,
Car 145,,,,,3,switch,,"Charger 3 (fid=307905) not available, trying Charger 4 (fid=308108)",837.4249809595939,4,,
Car 147,,,,10,,arrived,,arrived,837.5889530089779,,,
Car 139,,,,,5,switch,,"Charger 5 (fid=62) not available, trying Charger 6 (fid=37)",838.5733950902041,6,,
Car 140,,,,,6,switch,,"Charger 6 (fid=37) not available, trying Charger 4 (fid=308108)",838.9721662279627,4,,
Car 134,,,,,5,switch,,"Charger 5 (fid=62) not available, trying Charger 0 (fid=308440)",839.1088744270241,0,,
Car 148,,,,26,,arrived,,arrived,839.3032620244109,,,
Car 148,,308440,0,,,start_charge,,starting to charge at Charger 0 (fid=308440),839.3032620244109,,0.0,
Car 138,,,,,3,switch,,"Charger 3 (fid=307905) not available, trying Charger 5 (fid=62)",840.1347650232165,5,,
Car 144,,,,,8,switch,,"Charger 8 (fid=8) not available, trying Charger 6 (fid=37)",840.1942630263661,6,,
Car 143,,,,,5,switch,,"Charger 5 (fid=62) not available, trying Charger 2 (fid=307904)",840.947674486936,2,,
Car 141,,,,,6,switch,,"Charger 6 (fid=37) not available, trying Charger 4 (fid=308108)",841.1953746690298,4,,
Car 146,,,,,3,switch,,"Charger 3 (fid=307905) not available, trying Charger 4 (fid=308108)",842.3068345882022,4,,
Car 147,,,,,8,switch,,"Charger 8 (fid=8) not available, trying Charger 5 (fid=62)",842.5889530089779,5,,
Car 142,,,,,5,switch,,"Charger 5 (fid=62) not available, trying Charger 8 (fid=8)",842.9618382745322,8,,
Car 136,,,,,9,switch,,"Charger 9 (fid=4) not available, trying Charger 2 (fid=307904)",843.5786438018205,2,,
Car 137,,,,,8,switch,,"Charger 8 (fid=8) not available, trying Charger 5 (fid=62)",843.7249418952924,5,,
Car 115,104.0,308702,1,,,done,,done charging,845.7289312279405,,,270.1505183679593
Car 145,,,,,4,switch,,"Charger 4 (fid=308108) not available, trying Charger 5 (fid=62)",845.9474508058461,5,,
Car 139,,,,,6,switch,,"Charger 6 (fid=37) not available, trying Charger 7 (fid=30)",846.6685054284532,7,,
Car 144,,,,,6,switch,,"Charger 6 (fid=37) not available, trying Charger 4 (fid=308108)",848.2754062340621,4,,
Car 134,,,,,0,switch,,"Charger 0 (fid=308440) not available, trying Charger 2 (fid=307904)",848.4827596905732,2,,
Car 138,,,,,5,switch,,"Charger 5 (fid=62) not available, trying Charger 6 (fid=37)",849.148699392996,6,,
Car 133,56.0,8,8,,,done,,done charging,849.4293881840356,,,256.6592292010748
Car 142,,8,8,,,start_charge,,starting to charge at Charger 8 (fid=8),849.4293881840356,,18.19442514652701,
Car 143,,,,,2,switch,,"Charger 2 (fid=307904) not available, trying Charger 3 (fid=307905)",849.9452720250948,3,,
Car 140,,,,,4,switch,,"Charger 4 (fid=308108) not available, trying Charger 2 (fid=307904)",850.5291761682889,2,,
Car 146,,,,,4,switch,,"Charger 4 (fid=308108) not available, trying Charger 5 (fid=62)",850.8293044344543,5,,
Car 147,,,,,5,switch,,"Charger 5 (fid=62) not available, trying Charger 9 (fid=4)",850.8620777719543,9,,
Car 136,,,,,2,switch,,"Charger 2 (fid=307904) not available, trying Charger 3 (fid=307905)",850.9861422350351,3,,
Car 137,,,,,5,switch,,"Charger 5 (fid=62) not available, trying Charger 0 (fid=308440)",851.9980666582688,0,,
Car 120,97.0,37,6,,,done,,done charging,852.5847326012669,,,461.87165594105363
Car 138,,37,6,,,start_charge,,starting to charge at Charger 6 (fid=37),852.5847326012669,,30.340922870021814,
Car 141,,,,,4,switch,,"Charger 4 (fid=308108) not available, trying Charger 2 (fid=307904)",852.752384609356,2,,
Car 118,92.0,308440,0,,,done,,done charging,854.6138519052499,,,439.7450074651131
Car 143,,,,,3,switch,,"Charger 3 (fid=307905) not available, trying Charger 6 (fid=37)",855.2088982066589,6,,
Car 145,,,,,5,switch,,"Charger 5 (fid=62) not available, trying Charger 6 (fid=37)",855.4012397656635,6,,
Car 139,,,,,7,switch,,"Charger 7 (fid=30) not available, trying Charger 1 (fid=308702)",855.6084054540947,1,,
Car 136,,,,,3,switch,,"Charger 3 (fid=307905) not available, trying Charger 1 (fid=308702)",856.2497684165992,1,,
Car 137,,308440,0,,,start_charge,,starting to charge at Charger 0 (fid=308440),856.3719519218179,,30.0,
Car 149,,,,77,,arrived,,arrived,856.8511233487275,,,
Car 150,,,,2,,arrived,,arrived,857.6311227486516,,,
Car 134,,,,,2,switch,,"Charger 2 (fid=307904) not available, trying Charger 3 (fid=307905)",857.8192471894664,3,,
Car 147,,,,,9,switch,,"Charger 9 (fid=4) not available, trying Charger 6 (fid=37)",858.0270429450329,6,,
Car 140,,,,,2,switch,,"Charger 2 (fid=307904) not available, trying Charger 3 (fid=307905)",859.0353091829203,3,,
Car 121,115.0,4,9,,,done,,done charging,859.2273649134609,,,164.30281135307357
Car 139,,308702,1,,,start_charge,,starting to charge at Charger 1 (fid=308702),859.7436512839942,,30.0,
Car 144,,,,,4,switch,,"Charger 4 (fid=308108) not available, trying Charger 2 (fid=307904)",859.8324161743883,2,,
Car 146,,,,,5,switch,,"Charger 5 (fid=62) not available, trying Charger 0 (fid=308440)",860.2830933942718,0,,
Car 123,83.0,308702,1,,,done,,done charging,860.8660903378013,,,403.9345218681997
Car 141,,,,,2,switch,,"Charger 2 (fid=307904) not available, trying Charger 3 (fid=307905)",861.2585176239874,3,,
Car 151,,,,58,,arrived,,arrived,861.8059058007512,,,
Car 149,,,,,5,switch,,"Charger 5 (fid=62) not available, trying Charger 4 (fid=308108)",861.8511233487275,4,,
Car 150,,,,,4,switch,,"Charger 4 (fid=308108) not available, trying Charger 2 (fid=307904)",862.6311227486516,2,,
Car 129,92.0,62,5,,,done,,done charging,862.6840338203218,,,173.99059382334707
Car 136,,308702,1,,,start_charge,,starting to charge at Charger 1 (fid=308702),862.7538846263653,,35.0,
Car 134,,,,,3,switch,,"Charger 3 (fid=307905) not available, trying Charger 4 (fid=308108)",863.0828733710305,4,,
Car 145,,,,,6,switch,,"Charger 6 (fid=37) not available, trying Charger 0 (fid=308440)",863.4963501039125,0,,
Car 140,,,,,3,switch,,"Charger 3 (fid=307905) not available, trying Charger 9 (fid=4)",864.2989353644844,9,,
Car 143,,,,,6,switch,,"Charger 6 (fid=37) not available, trying Charger 8 (fid=8)",866.1789355377599,8,,
Car 141,,,,,3,switch,,"Charger 3 (fid=307905) not available, trying Charger 9 (fid=4)",866.5221438055514,9,,
Car 140,,4,9,,,start_charge,,starting to charge at Charger 9 (fid=4),866.7227706293198,,30.0,
Car 151,,,,,4,switch,,"Charger 4 (fid=308108) not available, trying Charger 2 (fid=307904)",866.8059058007512,2,,
Car 147,,,,,6,switch,,"Charger 6 (fid=37) not available, trying Charger 1 (fid=308702)",867.1481110794329,1,,
Car 144,,,,,2,switch,,"Charger 2 (fid=307904) not available, trying Charger 3 (fid=307905)",868.3385491890197,3,,
Car 152,,,,26,,arrived,,arrived,869.1411134294533,,,
Car 146,,,,,0,switch,,"Charger 0 (fid=308440) not available, trying Charger 6 (fid=37)",869.6569786578208,6,,
Car 127,98.0,30,7,,,done,,done charging,870.9055470159107,,,127.37973368581876
Car 150,,,,,2,switch,,"Charger 2 (fid=307904) not available, trying Charger 3 (fid=307905)",871.137255763283,3,,
Car 149,,,,,4,switch,,"Charger 4 (fid=308108) not available, trying Charger 2 (fid=307904)",871.3049123085449,2,,
Car 134,,,,,,gave_up,4,"no alternate charger available, gave up",871.6053432172827,,,
Car 145,,,,,0,switch,,"Charger 0 (fid=308440) not available, trying Charger 8 (fid=8)",872.964486835031,8,,
Car 144,,,,,3,switch,,"Charger 3 (fid=307905) not available, trying Charger 9 (fid=4)",873.6021753705837,9,,
Car 141,,,,,9,switch,,"Charger 9 (fid=4) not available, trying Charger 0 (fid=308440)",873.9459790703869,0,,
Car 152,,,,,0,switch,,"Charger 0 (fid=308440) not available, trying Charger 2 (fid=307904)",874.1411134294533,2,,
Car 143,,,,,8,switch,,"Charger 8 (fid=8) not available, trying Charger 9 (fid=4)",874.2600787454559,9,,
Car 153,,,,26,,arrived,,arrived,874.8396495812335,,,
Car 126,90.0,308108,4,,,done,,done charging,875.3024447712546,,,392.2654763618581
Car 151,,,,,2,switch,,"Charger 2 (fid=307904) not available, trying Charger 3 (fid=307905)",875.3120388153826,3,,
Car 147,,,,,1,switch,,"Charger 1 (fid=308702) not available, trying Charger 0 (fid=308440)",875.3912145412331,0,,
Car 150,,,,,3,switch,,"Charger 3 (fid=307905) not available, trying Charger 5 (fid=62)",876.400881944847,5,,
Car 154,,,,87,,arrived,,arrived,878.9815289580745,,,
Car 154,,308108,4,,,start_charge,,starting to charge at Charger 4 (fid=308108),878.9815289580745,,0.0,
Car 146,,,,,6,switch,,"Charger 6 (fid=37) not available, trying Charger 1 (fid=308702)",879.1251153889393,1,,
Car 114,115.0,8,8,,,done,,done charging,879.7042333882704,,,426.2490017805519
Car 145,,8,8,,,start_charge,,starting to charge at Charger 8 (fid=8),879.7042333882704,,31.15011027247681,
Car 149,,,,,2,switch,,"Charger 2 (fid=307904) not available, trying Charger 3 (fid=307905)",879.8110453231762,3,,
Car 153,,,,,0,switch,,"Charger 0 (fid=308440) not available, trying Charger 2 (fid=307904)",879.8396495812335,2,,
Car 150,,62,5,,,start_charge,,starting to charge at Charger 5 (fid=62),880.4148163146266,,15.0,
Car 151,,,,,3,switch,,"Charger 3 (fid=307905) not available, trying Charger 5 (fid=62)",880.5756649969467,5,,
Car 144,,,,,9,switch,,"Charger 9 (fid=4) not available, trying Charger 0 (fid=308440)",881.0260106354192,0,,
Car 155,,,,32,,arrived,,arrived,881.4529773813421,,,
Car 156,,,,54,,arrived,,arrived,882.2681744404022,,,
Car 117,75.0,308108,4,,,done,,done charging,883.2197206098475,,,551.9517390154376
Car 141,,,,,0,switch,,"Charger 0 (fid=308440) not available, trying Charger 1 (fid=308702)",883.2792281247342,1,,
Car 152,,,,,2,switch,,"Charger 2 (fid=307904) not available, trying Charger 3 (fid=307905)",883.4776009283465,3,,
Car 147,,,,,0,switch,,"Charger 0 (fid=308440) not available, trying Charger 7 (fid=30)",883.5016671686316,7,,
Car 143,,,,,9,switch,,"Charger 9 (fid=4) not available, trying Charger 0 (fid=308440)",884.3771135807566,0,,
Car 149,,,,,3,switch,,"Charger 3 (fid=307905) not available, trying Charger 8 (fid=8)",885.0746715047403,8,,
Car 147,,30,7,,,start_charge,,starting to charge at Charger 7 (fid=30),885.1297359351162,,30.0,
Car 157,,,,2,,arrived,,arrived,885.5783241863694,,,
Car 157,,308108,4,,,start_charge,,starting to charge at Charger 4 (fid=308108),885.5783241863694,,0.0,
Car 158,,,,33,,arrived,,arrived,886.1848483894571,,,
Car 155,,,,,0,switch,,"Charger 0 (fid=308440) not available, trying Charger 2 (fid=307904)",886.4529773813421,2,,
Car 128,117.0,4,9,,,done,,done charging,887.1174435837304,,,108.37045398266142
Car 156,,,,,0,switch,,"Charger 0 (fid=308440) not available, trying Charger 6 (fid=37)",887.2681744404022,6,,
Car 146,,,,,1,switch,,"Charger 1 (fid=308702) not available, trying Charger 8 (fid=8)",887.3682188507396,8,,
Car 152,,,,,3,switch,,"Charger 3 (fid=307905) not available, trying Charger 5 (fid=62)",888.7412271099106,5,,
Car 153,,,,,2,switch,,"Charger 2 (fid=307904) not available, trying Charger 3 (fid=307905)",889.1761370801268,3,,
Car 151,,,,,5,switch,,"Charger 5 (fid=62) not available, trying Charger 6 (fid=37)",889.5895993667262,6,,
Car 144,,,,,0,switch,,"Charger 0 (fid=308440) not available, trying Charger 1 (fid=308702)",890.3592596897665,1,,
Car 158,,,,,7,switch,,"Charger 7 (fid=30) not available, trying Charger 1 (fid=308702)",891.1848483894571,1,,
Car 141,,,,,1,switch,,"Charger 1 (fid=308702) not available, trying Charger 7 (fid=30)",891.3896807521327,7,,
Car 143,,,,,0,switch,,"Charger 0 (fid=308440) not available, trying Charger 1 (fid=308702)",893.7103626351039,1,,
Car 153,,,,,3,switch,,"Charger 3 (fid=307905) not available, trying Charger 5 (fid=62)",894.4397632616908,5,,
Car 155,,,,,2,switch,,"Charger 2 (fid=307904) not available, trying Charger 3 (fid=307905)",895.7894648802353,3,,
Car 135,86.0,307905,3,,,done,,done charging,896.1083672443866,,,269.44173700832926
Car 155,,307905,3,,,start_charge,,starting to charge at Charger 3 (fid=307905),896.1083672443866,,10.05527618258725,
Car 159,,,,71,,arrived,,arrived,896.732853207025,,,
Car 156,,,,,6,switch,,"Charger 6 (fid=37) not available, trying Charger 1 (fid=308702)",896.7363111715207,1,,
Car 149,,,,,8,switch,,"Charger 8 (fid=8) not available, trying Charger 6 (fid=37)",897.0406755367421,6,,
Car 146,,,,,8,switch,,"Charger 8 (fid=8) not available, trying Charger 7 (fid=30)",897.2173727747276,7,,
Car 151,,,,,6,switch,,"Charger 6 (fid=37) not available, trying Charger 8 (fid=8)",897.6847097049753,8,,
Car 152,,,,,5,switch,,"Charger 5 (fid=62) not available, trying Charger 7 (fid=30)",897.7551614796902,7,,
Car 144,,,,,1,switch,,"Charger 1 (fid=308702) not available, trying Charger 7 (fid=30)",898.469712317165,7,,
Car 125,119.0,37,6,,,done,,done charging,899.451705397195,,,318.8400670793357
Car 149,,37,6,,,start_charge,,starting to charge at Charger 6 (fid=37),900.1218187444381,,25.0,
Car 158,,,,,1,switch,,"Charger 1 (fid=308702) not available, trying Charger 0 (fid=308440)",900.3200942193565,0,,
Car 141,,,,,,gave_up,7,"no alternate charger available, gave up",900.5249265820321,,,
Car 160,,,,73,,arrived,,arrived,900.6948394213485,,,
Car 159,,,,,0,switch,,"Charger 0 (fid=308440) not available, trying Charger 7 (fid=30)",901.732853207025,7,,
Car 143,,,,,1,switch,,"Charger 1 (fid=308702) not available, trying Charger 7 (fid=30)",901.8208152625024,7,,
Car 153,,,,,5,switch,,"Charger 5 (fid=62) not available, trying Charger 7 (fid=30)",903.4536976314704,7,,
Car 156,,,,,1,switch,,"Charger 1 (fid=308702) not available, trying Charger 9 (fid=4)",904.979414633321,9,,
Car 160,,,,,6,switch,,"Charger 6 (fid=37) not available, trying Charger 9 (fid=4)",905.6948394213485,9,,
Car 151,,,,,8,switch,,"Charger 8 (fid=8) not available, trying Charger 0 (fid=308440)",905.7658529126712,0,,
Car 132,70.0,62,5,,,done,,done charging,906.8998654026005,,,567.0292144423569
Car 124,114.0,30,7,,,done,,done charging,907.5657697976317,,,296.04461695225143
Car 144,,30,7,,,start_charge,,starting to charge at Charger 7 (fid=30),907.5657697976317,,49.96081165056728,
Car 146,,,,,7,switch,,"Charger 7 (fid=30) not available, trying Charger 9 (fid=4)",907.7633232625568,9,,
Car 159,,,,,7,switch,,"Charger 7 (fid=30) not available, trying Charger 5 (fid=62)",908.3609219735096,5,,
Car 158,,,,,0,switch,,"Charger 0 (fid=308440) not available, trying Charger 9 (fid=4)",908.430546846755,9,,
Car 152,,,,,7,switch,,"Charger 7 (fid=30) not available, trying Charger 1 (fid=308702)",908.8624603942801,1,,
Car 160,,4,9,,,start_charge,,starting to charge at Charger 9 (fid=4),909.8159075557485,,5.0,
Car 143,,,,,,gave_up,7,"no alternate charger available, gave up",910.9560610924018,,,
Car 159,,62,5,,,start_charge,,starting to charge at Charger 5 (fid=62),914.4682208880995,,10.0,
Car 153,,,,,7,switch,,"Charger 7 (fid=30) not available, trying Charger 1 (fid=308702)",914.5609965460603,1,,
Car 161,,,,49,,arrived,,arrived,915.0415372815303,,,
Car 156,,,,,9,switch,,"Charger 9 (fid=4) not available, trying Charger 5 (fid=62)",915.3492807748679,5,,
Car 131,117.0,307904,2,,,done,,done charging,916.11383450364,,,296.6932634134512
Car 151,,,,,0,switch,,"Charger 0 (fid=308440) not available, trying Charger 9 (fid=4)",916.3554891934338,9,,
Car 158,,,,,9,switch,,"Charger 9 (fid=4) not available, trying Charger 6 (fid=37)",917.7637959011023,6,,
Car 152,,,,,1,switch,,"Charger 1 (fid=308702) not available, trying Charger 6 (fid=37)",917.9977062241795,6,,
Car 146,,,,,,gave_up,9,"no alternate charger available, gave up",918.829985967945,,,
Car 161,,,,,1,switch,,"Charger 1 (fid=308702) not available, trying Charger 7 (fid=30)",920.0415372815303,7,,
Car 162,,,,68,,arrived,,arrived,920.873070481662,,,
Car 156,,,,,5,switch,,"Charger 5 (fid=62) not available, trying Charger 7 (fid=30)",922.5142459479465,7,,
Car 153,,,,,1,switch,,"Charger 1 (fid=308702) not available, trying Charger 6 (fid=37)",923.6962423759597,6,,
Car 151,,,,,9,switch,,"Charger 9 (fid=4) not available, trying Charger 1 (fid=308702)",925.6887382477811,1,,
Car 162,,,,,0,switch,,"Charger 0 (fid=308440) not available, trying Charger 7 (fid=30)",925.873070481662,7,,
Car 152,,,,,6,switch,,"Charger 6 (fid=37) not available, trying Charger 9 (fid=4)",926.2408096859798,9,,
Car 158,,,,,6,switch,,"Charger 6 (fid=37) not available, trying Charger 8 (fid=8)",926.8848640355022,8,,
Car 142,78.0,8,8,,,done,,done charging,927.4293881840356,,,237.46549237048123
Car 163,,,,11,,arrived,,arrived,927.7763393322348,,,
Car 161,,,,,7,switch,,"Charger 7 (fid=30) not available, trying Charger 9 (fid=4)",929.1767831114297,9,,
Car 158,,8,8,,,start_charge,,starting to charge at Charger 8 (fid=8),929.9660072431982,,25.0,
Car 153,,,,,6,switch,,"Charger 6 (fid=37) not available, trying Charger 9 (fid=4)",931.93934583776,9,,
Car 162,,,,,7,switch,,"Charger 7 (fid=30) not available, trying Charger 1 (fid=308702)",932.5011392481466,1,,
Car 163,,,,,5,switch,,"Charger 5 (fid=62) not available, trying Charger 6 (fid=37)",932.7763393322348,6,,
Car 164,,,,27,,arrived,,arrived,932.8194535257147,,,
Car 147,48.0,30,7,,,done,,done charging,933.1297359351162,,,525.8152097882389
Car 156,,30,7,,,start_charge,,starting to charge at Charger 7 (fid=30),933.1297359351162,,29.508191072579734,
Car 152,,,,,9,switch,,"Charger 9 (fid=4) not available, trying Charger 8 (fid=8)",935.3618778203797,8,,
Car 151,,,,,1,switch,,"Charger 1 (fid=308702) not available, trying Charger 7 (fid=30)",936.058604389328,7,,
Car 164,,,,,0,switch,,"Charger 0 (fid=308440) not available, trying Charger 2 (fid=307904)",937.8194535257147,2,,
Car 165,,,,68,,arrived,,arrived,938.6437843794741,,,
Car 166,,,,5,,arrived,,arrived,938.8462166519336,,,
Car 161,,,,,9,switch,,"Charger 9 (fid=4) not available, trying Charger 6 (fid=37)",940.2434458168179,6,,
Car 167,,,,17,,arrived,,arrived,940.298575434246,,,
Car 167,,307904,2,,,start_charge,,starting to charge at Charger 2 (fid=307904),940.298575434246,,0.0,
Car 148,101.0,308440,0,,,done,,done charging,940.3032620244109,,,120.13448663969935
Car 165,,308440,0,,,start_charge,,starting to charge at Charger 0 (fid=308440),940.3032620244109,,1.6594776449367146,
Car 163,,,,,6,switch,,"Charger 6 (fid=37) not available, trying Charger 0 (fid=308440)",940.8714496704838,0,,
Car 153,,,,,9,switch,,"Charger 9 (fid=4) not available, trying Charger 8 (fid=8)",941.06041397216,8,,
Car 162,,,,,1,switch,,"Charger 1 (fid=308702) not available, trying Charger 2 (fid=307904)",941.636385078046,2,,
Car 166,,,,,9,switch,,"Charger 9 (fid=4) not available, trying Charger 6 (fid=37)",943.8462166519336,6,,
Car 168,,,,77,,arrived,,arrived,944.2696411628344,,,
Car 151,,,,,,gave_up,7,"no alternate charger available, gave up",945.1938502192274,,,
Car 152,,,,,8,switch,,"Charger 8 (fid=8) not available, trying Charger 4 (fid=308108)",945.4789126556805,4,,
Car 157,60.0,308108,4,,,done,,done charging,945.5783241863694,,,133.51194051660465
Car 164,,,,,2,switch,,"Charger 2 (fid=307904) not available, trying Charger 3 (fid=307905)",947.155941024608,3,,
Car 169,,,,61,,arrived,,arrived,947.8575568005014,,,
Car 170,,,,90,,arrived,,arrived,949.0007800610434,,,
Car 170,,308108,4,,,start_charge,,starting to charge at Charger 4 (fid=308108),949.0007800610434,,0.0,
Car 168,,,,,5,switch,,"Charger 5 (fid=62) not available, trying Charger 4 (fid=308108)",949.2696411628344,4,,
Car 161,,,,,6,switch,,"Charger 6 (fid=37) not available, trying Charger 0 (fid=308440)",949.3645139512179,0,,
Car 149,50.0,37,6,,,done,,done charging,950.1218187444381,,,397.91054288874955
Car 166,,37,6,,,start_charge,,starting to charge at Charger 6 (fid=37),950.1218187444381,,7.154533958104594,
Car 163,,,,,0,switch,,"Charger 0 (fid=308440) not available, trying Charger 8 (fid=8)",950.3395864016023,8,,
Car 153,,,,,8,switch,,"Charger 8 (fid=8) not available, trying Charger 4 (fid=308108)",951.1774488074607,4,,
Car 164,,,,,3,switch,,"Charger 3 (fid=307905) not available, trying Charger 5 (fid=62)",952.419567206172,5,,
Car 138,100.0,37,6,,,done,,done charging,952.5847326012669,,,386.8232808065634
Car 169,,,,,5,switch,,"Charger 5 (fid=62) not available, trying Charger 8 (fid=8)",952.8575568005014,8,,
Car 162,,,,,2,switch,,"Charger 2 (fid=307904) not available, trying Charger 3 (fid=307905)",953.1241644561915,3,,
Car 152,,,,,,gave_up,4,"no alternate charger available, gave up",957.1536264088885,,,
Car 154,79.0,308108,4,,,done,,done charging,957.9815289580745,,,190.81237011260845
Car 168,,308108,4,,,start_charge,,starting to charge at Charger 4 (fid=308108),957.9815289580745,,9.25809883542263,
Car 162,,,,,3,switch,,"Charger 3 (fid=307905) not available, trying Charger 5 (fid=62)",958.3877906377555,5,,
Car 161,,,,,0,switch,,"Charger 0 (fid=308440) not available, trying Charger 8 (fid=8)",958.8326506823364,8,,
Car 140,93.0,4,9,,,done,,done charging,959.7227706293198,,,548.9144547408166
Car 163,,,,,8,switch,,"Charger 8 (fid=8) not available, trying Charger 9 (fid=4)",960.9292226823649,9,,
Car 169,,,,,8,switch,,"Charger 8 (fid=8) not available, trying Charger 6 (fid=37)",961.1306815634778,6,,
Car 164,,,,,5,switch,,"Charger 5 (fid=62) not available, trying Charger 7 (fid=30)",961.4335015759516,7,,
Car 153,,,,,,gave_up,4,"no alternate charger available, gave up",962.8521625606687,,,
Car 145,84.0,8,8,,,done,,done charging,963.7042333882704,,,498.7698129021576
Car 169,,37,6,,,start_charge,,starting to charge at Charger 6 (fid=37),964.2118247711737,,10.0,
Car 161,,8,8,,,start_charge,,starting to charge at Charger 8 (fid=8),964.4222869630989,,25.0,
Car 163,,4,9,,,start_charge,,starting to charge at Charger 9 (fid=4),966.0462575176656,,20.0,
Car 162,,,,,5,switch,,"Charger 5 (fid=62) not available, trying Charger 6 (fid=37)",967.4017250075351,6,,
Car 139,108.0,308702,1,,,done,,done charging,967.7436512839942,,,347.5579647947553
Car 171,,,,50,,arrived,,arrived,969.9703570598303,,,
Car 164,,,,,7,switch,,"Charger 7 (fid=30) not available, trying Charger 1 (fid=308702)",972.5408004905415,1,,
Car 137,117.0,308440,0,,,done,,done charging,973.3719519218179,,,417.52164346821854
Car 171,,,,,5,switch,,"Charger 5 (fid=62) not available, trying Charger 4 (fid=308108)",974.9703570598303,4,,
Car 150,95.0,62,5,,,done,,done charging,975.4148163146266,,,440.32046055621186
Car 162,,,,,6,switch,,"Charger 6 (fid=37) not available, trying Charger 9 (fid=4)",975.4968353457841,9,,
Car 164,,308702,1,,,start_charge,,starting to charge at Charger 1 (fid=308702),976.676046320441,,25.0,
Car 136,114.0,308702,1,,,done,,done charging,976.7538846263653,,,334.23853374059826
Car 155,81.0,307905,3,,,done,,done charging,977.1083672443866,,,271.3767548167054
Car 172,,,,15,,arrived,,arrived,981.0027090857923,,,
Car 172,,308440,0,,,start_charge,,starting to charge at Charger 0 (fid=308440),981.0027090857923,,0.0,
Car 171,,,,,4,switch,,"Charger 4 (fid=308108) not available, trying Charger 8 (fid=8)",984.4241460196478,8,,
Car 162,,,,,9,switch,,"Charger 9 (fid=4) not available, trying Charger 8 (fid=8)",984.617903480184,8,,
Car 173,,,,84,,arrived,,arrived,988.6343359721564,,,
Car 158,61.0,8,8,,,done,,done charging,990.9660072431982,,,485.09333629470285
Car 162,,8,8,,,start_charge,,starting to charge at Charger 8 (fid=8),990.9660072431982,,41.23106892771341,
Car 174,,,,34,,arrived,,arrived,991.0883658268414,,,
Car 175,,,,70,,arrived,,arrived,991.7604048461637,,,
Car 160,82.0,4,9,,,done,,done charging,991.8159075557485,,,188.18082415425033
Car 173,,,,,4,switch,,"Charger 4 (fid=308108) not available, trying Charger 2 (fid=307904)",993.6343359721564,2,,
Car 174,,,,,7,switch,,"Charger 7 (fid=30) not available, trying Charger 1 (fid=308702)",996.0883658268414,1,,
Car 171,,,,,8,switch,,"Charger 8 (fid=8) not available, trying Charger 2 (fid=307904)",996.0988597728558,2,,
Car 175,,,,,0,switch,,"Charger 0 (fid=308440) not available, trying Charger 7 (fid=30)",996.7604048461637,7,,
Car 174,,308702,1,,,start_charge,,starting to charge at Charger 1 (fid=308702),1000.2236116567408,,5.0,
Car 176,,,,60,,arrived,,arrived,1001.3002174123156,,,
Car 176,,62,5,,,start_charge,,starting to charge at Charger 5 (fid=62),1001.3002174123156,,0.0,
Car 177,,,,21,,arrived,,arrived,1001.4855350906417,,,
Car 173,,,,,2,switch,,"Charger 2 (fid=307904) not available, trying Charger 3 (fid=307905)",1002.1404689867877,3,,
Car 173,,307905,3,,,start_charge,,starting to charge at Charger 3 (fid=307905),1002.4040951683518,,10.0,
Car 175,,,,,7,switch,,"Charger 7 (fid=30) not available, trying Charger 5 (fid=62)",1003.3884736126483,5,,
Car 144,98.0,30,7,,,done,,done charging,1005.5657697976317,,,712.7869643502469
Car 177,,,,,0,switch,,"Charger 0 (fid=308440) not available, trying Charger 7 (fid=30)",1006.4855350906417,7,,
Car 171,,,,,2,switch,,"Charger 2 (fid=307904) not available, trying Charger 3 (fid=307905)",1008.0485269732369,3,,
Car 177,,30,7,,,start_charge,,starting to charge at Charger 7 (fid=30),1008.1136038571263,,5.0,
Car 166,58.0,37,6,,,done,,done charging,1008.1218187444381,,,148.86565000882746
Car 178,,,,14,,arrived,,arrived,1009.691320095272,,,
Car 179,,,,5,,arrived,,arrived,1010.1972168812285,,,
Car 179,,4,9,,,start_charge,,starting to charge at Charger 9 (fid=4),1010.1972168812285,,0.0,
Car 180,,,,56,,arrived,,arrived,1010.5727752324074,,,
Car 181,,,,60,,arrived,,arrived,1012.1946751476696,,,
Car 161,48.0,8,8,,,done,,done charging,1012.4222869630989,,,437.5529586472858
Car 171,,,,,3,switch,,"Charger 3 (fid=307905) not available, trying Charger 6 (fid=37)",1013.312153154801,6,,
Car 175,,,,,5,switch,,"Charger 5 (fid=62) not available, trying Charger 1 (fid=308702)",1014.4957725272383,1,,
Car 178,,,,,0,switch,,"Charger 0 (fid=308440) not available, trying Charger 2 (fid=307904)",1014.691320095272,2,,
Car 180,,,,,0,switch,,"Charger 0 (fid=308440) not available, trying Charger 6 (fid=37)",1015.5727752324074,6,,
Car 182,,,,7,,arrived,,arrived,1016.2429014685101,,,
Car 181,,,,,5,switch,,"Charger 5 (fid=62) not available, trying Charger 6 (fid=37)",1017.1946751476696,6,,
Car 183,,,,30,,arrived,,arrived,1017.3909886185851,,,
Car 184,,,,77,,arrived,,arrived,1018.5673312981164,,,
Car 171,,37,6,,,start_charge,,starting to charge at Charger 6 (fid=37),1019.282190485902,,25.0,
Car 182,,,,,4,switch,,"Charger 4 (fid=308108) not available, trying Charger 2 (fid=307904)",1021.2429014685101,2,,
Car 185,,,,37,,arrived,,arrived,1021.6573209444875,,,
Car 164,45.0,308702,1,,,done,,done charging,1021.676046320441,,,341.4823797695389
Car 175,,308702,1,,,start_charge,,starting to charge at Charger 1 (fid=308702),1021.676046320441,,16.769771442454044,
Car 183,,,,,0,switch,,"Charger 0 (fid=308440) not available, trying Charger 2 (fid=307904)",1022.3909886185851,2,,
Car 186,,,,115,,arrived,,arrived,1022.5117023228713,,,
Car 187,,,,70,,arrived,,arrived,1023.2485806458338,,,
Car 184,,,,,5,switch,,"Charger 5 (fid=62) not available, trying Charger 4 (fid=308108)",1023.5673312981164,4,,
Car 178,,,,,2,switch,,"Charger 2 (fid=307904) not available, trying Charger 3 (fid=307905)",1024.027807594165,3,,
Car 180,,,,,6,switch,,"Charger 6 (fid=37) not available, trying Charger 1 (fid=308702)",1025.040911963526,1,,
Car 181,,,,,6,switch,,"Charger 6 (fid=37) not available, trying Charger 8 (fid=8)",1025.2897854859186,8,,
Car 185,,,,,6,switch,,"Charger 6 (fid=37) not available, trying Charger 8 (fid=8)",1026.6573209444875,8,,
Car 159,113.0,62,5,,,done,,done charging,1027.4682208880995,,,306.7704655987346
Car 186,,,,,0,switch,,"Charger 0 (fid=308440) not available, trying Charger 7 (fid=30)",1027.5117023228713,7,,
Car 188,,,,10,,arrived,,arrived,1028.0116130907068,,,
Car 188,,8,8,,,start_charge,,starting to charge at Charger 8 (fid=8),1028.0116130907068,,0.0,
Car 187,,,,,0,switch,,"Charger 0 (fid=308440) not available, trying Charger 7 (fid=30)",1028.248580645834,7,,
Car 178,,,,,3,switch,,"Charger 3 (fid=307905) not available, trying Charger 5 (fid=62)",1029.2914337757293,5,,
Car 189,,,,21,,arrived,,arrived,1029.6013840674377,,,
Car 182,,,,,2,switch,,"Charger 2 (fid=307904) not available, trying Charger 3 (fid=307905)",1029.7490344831415,3,,
Car 190,,,,72,,arrived,,arrived,1030.3096052781257,,,
Car 183,,,,,2,switch,,"Charger 2 (fid=307904) not available, trying Charger 3 (fid=307905)",1031.7274761174783,3,,
Car 184,,,,,4,switch,,"Charger 4 (fid=308108) not available, trying Charger 2 (fid=307904)",1033.021120257934,2,,
Car 191,,,,118,,arrived,,arrived,1033.1422898586081,,,
Car 180,,,,,1,switch,,"Charger 1 (fid=308702) not available, trying Charger 5 (fid=62)",1033.2840154253263,5,,
Car 178,,62,5,,,start_charge,,starting to charge at Charger 5 (fid=62),1033.305368145509,,14.999999999999886,
Car 181,,,,,8,switch,,"Charger 8 (fid=8) not available, trying Charger 2 (fid=307904)",1033.3709286936146,2,,
Car 192,,,,13,,arrived,,arrived,1033.5745557393486,,,
Car 186,,,,,7,switch,,"Charger 7 (fid=30) not available, trying Charger 1 (fid=308702)",1034.139771089356,1,,
Car 189,,,,,0,switch,,"Charger 0 (fid=308440) not available, trying Charger 7 (fid=30)",1034.6013840674377,7,,
Car 185,,,,,8,switch,,"Charger 8 (fid=8) not available, trying Charger 5 (fid=62)",1034.7384641521835,5,,
Car 187,,,,,7,switch,,"Charger 7 (fid=30) not available, trying Charger 5 (fid=62)",1034.8766494123186,5,,
Car 182,,,,,3,switch,,"Charger 3 (fid=307905) not available, trying Charger 5 (fid=62)",1035.0126606647057,5,,
Car 190,,,,,0,switch,,"Charger 0 (fid=308440) not available, trying Charger 7 (fid=30)",1035.3096052781257,7,,
Car 183,,,,,3,switch,,"Charger 3 (fid=307905) not available, trying Charger 6 (fid=37)",1036.9911022990425,6,,
Car 156,105.0,30,7,,,done,,done charging,1038.129735935116,,,296.04461695225143
Car 192,,30,7,,,start_charge,,starting to charge at Charger 7 (fid=30),1038.129735935116,,4.555180195767434,
Car 191,,,,,2,switch,,"Charger 2 (fid=307904) not available, trying Charger 3 (fid=307905)",1038.1422898586081,3,,
Car 193,,,,42,,arrived,,arrived,1039.0410505092057,,,
Car 189,,,,,7,switch,,"Charger 7 (fid=30) not available, trying Charger 1 (fid=308702)",1041.2294528339223,1,,
Car 184,,,,,2,switch,,"Charger 2 (fid=307904) not available, trying Charger 3 (fid=307905)",1041.5272532725653,3,,
Car 190,,,,,7,switch,,"Charger 7 (fid=30) not available, trying Charger 5 (fid=62)",1041.9376740446103,5,,
Car 185,,,,,5,switch,,"Charger 5 (fid=62) not available, trying Charger 1 (fid=308702)",1043.01158891516,1,,
Car 186,,,,,1,switch,,"Charger 1 (fid=308702) not available, trying Charger 2 (fid=307904)",1043.2750169192554,2,,
Car 165,103.0,308440,0,,,done,,done charging,1043.3032620244107,,,46.13370440893304
Car 191,,,,,3,switch,,"Charger 3 (fid=307905) not available, trying Charger 0 (fid=308440)",1043.4059160401723,0,,
Car 180,,,,,5,switch,,"Charger 5 (fid=62) not available, trying Charger 7 (fid=30)",1043.694517776075,7,,
Car 182,,,,,5,switch,,"Charger 5 (fid=62) not available, trying Charger 6 (fid=37)",1044.0265950344854,6,,
Car 193,,,,,1,switch,,"Charger 1 (fid=308702) not available, trying Charger 7 (fid=30)",1044.0410505092057,7,,
Car 194,,,,7,,arrived,,arrived,1045.2475218337772,,,
Car 181,,,,,2,switch,,"Charger 2 (fid=307904) not available, trying Charger 3 (fid=307905)",1045.3205958939957,3,,
Car 187,,,,,5,switch,,"Charger 5 (fid=62) not available, trying Charger 1 (fid=308702)",1045.9839483269084,1,,
Car 195,,,,4,,arrived,,arrived,1046.4641049313866,,,
Car 184,,,,,3,switch,,"Charger 3 (fid=307905) not available, trying Charger 8 (fid=8)",1046.7908794541295,8,,
Car 191,,308440,0,,,start_charge,,starting to charge at Charger 0 (fid=308440),1047.7587403706864,,10.0,
Car 183,,,,,6,switch,,"Charger 6 (fid=37) not available, trying Charger 7 (fid=30)",1047.9611396301434,7,,
Car 196,,,,66,,arrived,,arrived,1048.2951302735923,,,
Car 194,,,,,4,switch,,"Charger 4 (fid=308108) not available, trying Charger 2 (fid=307904)",1050.2475218337772,2,,
Car 189,,,,,1,switch,,"Charger 1 (fid=308702) not available, trying Charger 2 (fid=307904)",1050.3646986638219,2,,
Car 181,,,,,3,switch,,"Charger 3 (fid=307905) not available, trying Charger 4 (fid=308108)",1050.5842220755599,4,,
Car 172,70.0,308440,0,,,done,,done charging,1051.0027090857923,,,195.8162493106829
Car 195,,,,,5,switch,,"Charger 5 (fid=62) not available, trying Charger 2 (fid=307904)",1051.4641049313866,2,,
Car 182,,,,,6,switch,,"Charger 6 (fid=37) not available, trying Charger 0 (fid=308440)",1052.1217053727344,0,,
Car 190,,,,,5,switch,,"Charger 5 (fid=62) not available, trying Charger 1 (fid=308702)",1053.0449729592,1,,
Car 193,,,,,7,switch,,"Charger 7 (fid=30) not available, trying Charger 6 (fid=37)",1053.1762963391052,6,,
Car 174,53.0,308702,1,,,done,,done charging,1053.2236116567408,,,94.36390151276416
Car 185,,308702,1,,,start_charge,,starting to charge at Charger 1 (fid=308702),1053.2236116567408,,19.801520390832138,
Car 196,,,,,5,switch,,"Charger 5 (fid=62) not available, trying Charger 8 (fid=8)",1053.2951302735923,8,,
Car 167,114.0,307904,2,,,done,,done charging,1054.298575434246,,,195.70595856928733
Car 186,,307904,2,,,start_charge,,starting to charge at Charger 2 (fid=307904),1054.298575434246,,19.53577913684512,
Car 180,,,,,7,switch,,"Charger 7 (fid=30) not available, trying Charger 2 (fid=307904)",1054.8018166906647,2,,
Car 197,,,,31,,arrived,,arrived,1054.8507180138477,,,
Car 170,106.0,308108,4,,,done,,done charging,1055.0007800610433,,,168.26750078053544
Car 181,,308108,4,,,start_charge,,starting to charge at Charger 4 (fid=308108),1055.0007800610433,,25.89408813923137,
Car 187,,,,,1,switch,,"Charger 1 (fid=308702) not available, trying Charger 6 (fid=37)",1056.394450677657,6,,
Car 182,,308440,0,,,start_charge,,starting to charge at Charger 0 (fid=308440),1056.5898421038528,,25.0,
Car 183,,,,,7,switch,,"Charger 7 (fid=30) not available, trying Charger 1 (fid=308702)",1056.9010396557849,1,,
Car 168,99.0,308108,4,,,done,,done charging,1056.9815289580745,,,252.25969385824664
Car 198,,,,60,,arrived,,arrived,1057.4242256074583,,,
Car 199,,,,4,,arrived,,arrived,1057.8519097202102,,,
Car 200,,,,1,,arrived,,arrived,1058.2120001036105,,,
Car 194,,,,,2,switch,,"Charger 2 (fid=307904) not available, trying Charger 3 (fid=307905)",1058.7536548484086,3,,
Car 184,,,,,8,switch,,"Charger 8 (fid=8) not available, trying Charger 6 (fid=37)",1058.7568834861313,6,,
Car 201,,,,35,,arrived,,arrived,1059.0070238027317,,,
Car 197,,,,,1,switch,,"Charger 1 (fid=308702) not available, trying Charger 7 (fid=30)",1059.8507180138477,7,,
Car 202,,,,52,,arrived,,arrived,1059.9333737506408,,,
Car 195,,,,,2,switch,,"Charger 2 (fid=307904) not available, trying Charger 3 (fid=307905)",1060.4617024695456,3,,
Car 203,,,,22,,arrived,,arrived,1061.157433918357,,,
Car 196,,,,,8,switch,,"Charger 8 (fid=8) not available, trying Charger 6 (fid=37)",1061.5682550365689,6,,
Car 189,,,,,2,switch,,"Charger 2 (fid=307904) not available, trying Charger 3 (fid=307905)",1061.8524780419673,3,,
Car 193,,,,,6,switch,,"Charger 6 (fid=37) not available, trying Charger 9 (fid=4)",1062.1161963647467,9,,
Car 198,,,,,5,switch,,"Charger 5 (fid=62) not available, trying Charger 6 (fid=37)",1062.4242256074583,6,,
Car 199,,,,,5,switch,,"Charger 5 (fid=62) not available, trying Charger 2 (fid=307904)",1062.8519097202102,2,,
Car 180,,,,,2,switch,,"Charger 2 (fid=307904) not available, trying Charger 3 (fid=307905)",1063.0061853530724,3,,
Car 204,,,,70,,arrived,,arrived,1063.1811885554455,,,
Car 169,99.0,37,6,,,done,,done charging,1063.2118247711737,,,395.6657782273219
Car 187,,37,6,,,start_charge,,starting to charge at Charger 6 (fid=37),1063.2118247711737,,23.57427063171656,
Car 200,,,,,2,switch,,"Charger 2 (fid=307904) not available, trying Charger 3 (fid=307905)",1063.2120001036105,3,,
Car 205,,,,59,,arrived,,arrived,1063.2248684746103,,,
Car 205,,308108,4,,,start_charge,,starting to charge at Charger 4 (fid=308108),1063.2248684746103,,0.0,
Car 190,,,,,1,switch,,"Charger 1 (fid=308702) not available, trying Charger 6 (fid=37)",1063.4554753099487,6,,
Car 206,,,,32,,arrived,,arrived,1063.8212055340261,,,
Car 201,,,,,0,switch,,"Charger 0 (fid=308440) not available, trying Charger 2 (fid=307904)",1064.0070238027317,2,,
Car 194,,,,,3,switch,,"Charger 3 (fid=307905) not available, trying Charger 5 (fid=62)",1064.0172810299728,5,,
Car 202,,,,,2,switch,,"Charger 2 (fid=307904) not available, trying Charger 3 (fid=307905)",1064.9333737506408,3,,
Car 195,,,,,3,switch,,"Charger 3 (fid=307905) not available, trying Charger 4 (fid=308108)",1065.7253286511097,4,,
Car 183,,,,,1,switch,,"Charger 1 (fid=308702) not available, trying Charger 8 (fid=8)",1066.0362854856844,8,,
Car 203,,,,,7,switch,,"Charger 7 (fid=30) not available, trying Charger 1 (fid=308702)",1066.157433918357,1,,
Car 207,,,,57,,arrived,,arrived,1066.482284754721,,,
Car 175,45.0,308702,1,,,done,,done charging,1066.676046320441,,,316.00098270544714
Car 208,,,,29,,arrived,,arrived,1066.8222976935915,,,
Car 184,,,,,6,switch,,"Charger 6 (fid=37) not available, trying Charger 9 (fid=4)",1066.8380266938273,9,,
Car 189,,,,,3,switch,,"Charger 3 (fid=307905) not available, trying Charger 5 (fid=62)",1067.1161042235315,5,,
Car 204,,,,,0,switch,,"Charger 0 (fid=308440) not available, trying Charger 7 (fid=30)",1068.1811885554455,7,,
Car 180,,,,,3,switch,,"Charger 3 (fid=307905) not available, trying Charger 9 (fid=4)",1068.2698115346366,9,,
Car 200,,,,,3,switch,,"Charger 3 (fid=307905) not available, trying Charger 4 (fid=308108)",1068.4756262851747,4,,
Car 206,,,,,0,switch,,"Charger 0 (fid=308440) not available, trying Charger 2 (fid=307904)",1068.8212055340261,2,,
Car 197,,,,,7,switch,,"Charger 7 (fid=30) not available, trying Charger 0 (fid=308440)",1068.9859638437472,0,,
Car 196,,,,,6,switch,,"Charger 6 (fid=37) not available, trying Charger 9 (fid=4)",1069.6493982442648,9,,
Car 202,,,,,3,switch,,"Charger 3 (fid=307905) not available, trying Charger 4 (fid=308108)",1070.196999932205,4,,
Car 203,,308702,1,,,start_charge,,starting to charge at Charger 1 (fid=308702),1070.2926797482564,,5.0,
Car 198,,,,,6,switch,,"Charger 6 (fid=37) not available, trying Charger 8 (fid=8)",1070.5193359457073,8,,
Car 193,,,,,9,switch,,"Charger 9 (fid=4) not available, trying Charger 0 (fid=308440)",1071.2372644991465,0,,
Car 207,,,,,0,switch,,"Charger 0 (fid=308440) not available, trying Charger 6 (fid=37)",1071.482284754721,6,,
Car 190,,,,,6,switch,,"Charger 6 (fid=37) not available, trying Charger 2 (fid=307904)",1071.698578771749,2,,
Car 208,,,,,0,switch,,"Charger 0 (fid=308440) not available, trying Charger 2 (fid=307904)",1071.8222976935915,2,,
Car 199,,,,,2,switch,,"Charger 2 (fid=307904) not available, trying Charger 3 (fid=307905)",1071.8495072583692,3,,
Car 194,,,,,5,switch,,"Charger 5 (fid=62) not available, trying Charger 6 (fid=37)",1073.0312153997525,6,,
Car 201,,,,,2,switch,,"Charger 2 (fid=307904) not available, trying Charger 3 (fid=307905)",1073.343511301625,3,,
Car 195,,,,,4,switch,,"Charger 4 (fid=308108) not available, trying Charger 6 (fid=37)",1074.2477984973618,6,,
Car 204,,,,,7,switch,,"Charger 7 (fid=30) not available, trying Charger 5 (fid=62)",1074.80925732193,5,,
Car 197,,,,,0,switch,,"Charger 0 (fid=308440) not available, trying Charger 6 (fid=37)",1075.6140326102318,6,,
Car 180,,,,,9,switch,,"Charger 9 (fid=4) not available, trying Charger 8 (fid=8)",1075.693646799472,8,,
Car 183,,,,,8,switch,,"Charger 8 (fid=8) not available, trying Charger 9 (fid=4)",1075.8854394096725,9,,
Car 184,,,,,9,switch,,"Charger 9 (fid=4) not available, trying Charger 0 (fid=308440)",1075.959094828227,0,,
Car 189,,,,,5,switch,,"Charger 5 (fid=62) not available, trying Charger 6 (fid=37)",1076.1300385933112,6,,
Car 200,,,,,4,switch,,"Charger 4 (fid=308108) not available, trying Charger 5 (fid=62)",1076.9980961314268,5,,
Car 199,,,,,3,switch,,"Charger 3 (fid=307905) not available, trying Charger 4 (fid=308108)",1077.1131334399333,4,,
Car 206,,,,,2,switch,,"Charger 2 (fid=307904) not available, trying Charger 3 (fid=307905)",1078.1576930329195,3,,
Car 198,,,,,8,switch,,"Charger 8 (fid=8) not available, trying Charger 2 (fid=307904)",1078.6004791534033,2,,
Car 201,,,,,3,switch,,"Charger 3 (fid=307905) not available, trying Charger 5 (fid=62)",1078.6071374831893,5,,
Car 202,,,,,4,switch,,"Charger 4 (fid=308108) not available, trying Charger 5 (fid=62)",1078.719469778457,5,,
Car 196,,,,,9,switch,,"Charger 9 (fid=4) not available, trying Charger 4 (fid=308108)",1078.7704663786647,4,,
Car 188,51.0,8,8,,,done,,done charging,1079.0116130907068,,,114.86945504349987
Car 209,,,,24,,arrived,,arrived,1080.0396369474472,,,
Car 193,,,,,0,switch,,"Charger 0 (fid=308440) not available, trying Charger 8 (fid=8)",1080.5705135534938,8,,
Car 180,,8,8,,,start_charge,,starting to charge at Charger 8 (fid=8),1080.8106816347727,,40.000000000000114,
Car 207,,,,,6,switch,,"Charger 6 (fid=37) not available, trying Charger 1 (fid=308702)",1080.9504214858393,1,,
Car 194,,,,,6,switch,,"Charger 6 (fid=37) not available, trying Charger 0 (fid=308440)",1081.1263257380015,0,,
Car 208,,,,,2,switch,,"Charger 2 (fid=307904) not available, trying Charger 3 (fid=307905)",1081.1587851924849,3,,
Car 162,91.0,8,8,,,done,,done charging,1081.9660072431982,,,469.0409564928911
Car 210,,,,54,,arrived,,arrived,1082.1394530305965,,,
Car 211,,,,79,,arrived,,arrived,1082.1637266352473,,,
Car 190,,,,,2,switch,,"Charger 2 (fid=307904) not available, trying Charger 3 (fid=307905)",1082.6522792712292,3,,
Car 206,,,,,3,switch,,"Charger 3 (fid=307905) not available, trying Charger 5 (fid=62)",1083.4213192144837,5,,
Car 189,,,,,6,switch,,"Charger 6 (fid=37) not available, trying Charger 9 (fid=4)",1084.2251489315602,9,,
Car 209,,,,,7,switch,,"Charger 7 (fid=30) not available, trying Charger 1 (fid=308702)",1085.0396369474472,1,,
Car 197,,,,,6,switch,,"Charger 6 (fid=37) not available, trying Charger 9 (fid=4)",1085.0821693413502,9,,
Car 184,,,,,0,switch,,"Charger 0 (fid=308440) not available, trying Charger 1 (fid=308702)",1085.2923438825744,1,,
Car 199,,,,,4,switch,,"Charger 4 (fid=308108) not available, trying Charger 6 (fid=37)",1085.6356032861854,6,,
Car 212,,,,47,,arrived,,arrived,1085.6892998346455,,,
Car 195,,,,,6,switch,,"Charger 6 (fid=37) not available, trying Charger 0 (fid=308440)",1085.804808437688,0,,
Car 204,,,,,5,switch,,"Charger 5 (fid=62) not available, trying Charger 1 (fid=308702)",1085.91655623652,1,,
Car 183,,,,,9,switch,,"Charger 9 (fid=4) not available, trying Charger 5 (fid=62)",1086.0024742449732,5,,
Car 163,120.0,4,9,,,done,,done charging,1086.0462575176657,,,287.5541271939674
Car 193,,8,8,,,start_charge,,starting to charge at Charger 8 (fid=8),1086.1601498342563,,25.0,
Car 208,,,,,3,switch,,"Charger 3 (fid=307905) not available, trying Charger 5 (fid=62)",1086.422411374049,5,,
Car 200,,,,,5,switch,,"Charger 5 (fid=62) not available, trying Charger 0 (fid=308440)",1086.4518850912443,0,,
Car 213,,,,16,,arrived,,arrived,1086.904466311122,,,
Car 210,,,,,0,switch,,"Charger 0 (fid=308440) not available, trying Charger 6 (fid=37)",1087.1394530305965,6,,
Car 211,,,,,2,switch,,"Charger 2 (fid=307904) not available, trying Charger 3 (fid=307905)",1087.1637266352473,3,,
Car 196,,,,,4,switch,,"Charger 4 (fid=308108) not available, trying Charger 2 (fid=307904)",1087.539443848381,2,,
Car 201,,,,,5,switch,,"Charger 5 (fid=62) not available, trying Charger 6 (fid=37)",1087.621071852969,6,,
Car 190,,,,,3,switch,,"Charger 3 (fid=307905) not available, trying Charger 9 (fid=4)",1087.9159054527934,9,,
Car 202,,,,,5,switch,,"Charger 5 (fid=62) not available, trying Charger 6 (fid=37)",1088.1732587382746,6,,
Car 189,,4,9,,,start_charge,,starting to charge at Charger 9 (fid=4),1088.34621706596,,35.0,
Car 207,,,,,1,switch,,"Charger 1 (fid=308702) not available, trying Charger 5 (fid=62)",1089.1935249476396,5,,
Car 198,,,,,2,switch,,"Charger 2 (fid=307904) not available, trying Charger 3 (fid=307905)",1090.5501463537844,3,,
Car 194,,,,,0,switch,,"Charger 0 (fid=308440) not available, trying Charger 8 (fid=8)",1090.59446246912,8,,
Car 212,,,,,1,switch,,"Charger 1 (fid=308702) not available, trying Charger 7 (fid=30)",1090.6892998346455,7,,
Car 214,,,,65,,arrived,,arrived,1090.8928327929953,,,
Car 215,,,,60,,arrived,,arrived,1091.6016061074974,,,
Car 213,,,,,0,switch,,"Charger 0 (fid=308440) not available, trying Charger 5 (fid=62)",1091.904466311122,5,,
Car 211,,,,,3,switch,,"Charger 3 (fid=307905) not available, trying Charger 0 (fid=308440)",1092.4273528168114,0,,
Car 206,,,,,5,switch,,"Charger 5 (fid=62) not available, trying Charger 6 (fid=37)",1092.4352535842634,6,,
Car 183,,,,,5,switch,,"Charger 5 (fid=62) not available, trying Charger 4 (fid=308108)",1093.1674394180518,4,,
Car 184,,,,,1,switch,,"Charger 1 (fid=308702) not available, trying Charger 7 (fid=30)",1093.4027965099729,7,,
Car 209,,,,,1,switch,,"Charger 1 (fid=308702) not available, trying Charger 9 (fid=4)",1094.1748827773467,9,,
Car 197,,,,,9,switch,,"Charger 9 (fid=4) not available, trying Charger 8 (fid=8)",1094.20323747575,8,,
Car 216,,,,8,,arrived,,arrived,1094.2707845798202,,,
Car 195,,,,,0,switch,,"Charger 0 (fid=308440) not available, trying Charger 8 (fid=8)",1095.2729451688065,8,,
Car 190,,,,,9,switch,,"Charger 9 (fid=4) not available, trying Charger 8 (fid=8)",1095.3397407176287,8,,
Car 208,,,,,5,switch,,"Charger 5 (fid=62) not available, trying Charger 6 (fid=37)",1095.4363457438287,6,,
Car 201,,,,,6,switch,,"Charger 6 (fid=37) not available, trying Charger 7 (fid=30)",1095.716182191218,7,,
Car 198,,,,,3,switch,,"Charger 3 (fid=307905) not available, trying Charger 4 (fid=308108)",1095.8137725353486,4,,
Car 200,,,,,0,switch,,"Charger 0 (fid=308440) not available, trying Charger 6 (fid=37)",1095.8257703547933,6,,
Car 214,,,,,9,switch,,"Charger 9 (fid=4) not available, trying Charger 8 (fid=8)",1095.8928327929953,8,,
Car 196,,,,,2,switch,,"Charger 2 (fid=307904) not available, trying Charger 3 (fid=307905)",1096.0455768630125,3,,
Car 202,,,,,6,switch,,"Charger 6 (fid=37) not available, trying Charger 0 (fid=308440)",1096.2683690765236,0,,
Car 178,63.0,62,5,,,done,,done charging,1096.305368145509,,,297.77571744510686
Car 215,,62,5,,,start_charge,,starting to charge at Charger 5 (fid=62),1096.305368145509,,4.703762038011519,
Car 204,,,,,1,switch,,"Charger 1 (fid=308702) not available, trying Charger 6 (fid=37)",1096.3270585872685,6,,
Car 210,,,,,6,switch,,"Charger 6 (fid=37) not available, trying Charger 1 (fid=308702)",1096.607589761715,1,,
Car 217,,,,54,,arrived,,arrived,1096.7116842519588,,,
Car 199,,,,,6,switch,,"Charger 6 (fid=37) not available, trying Charger 0 (fid=308440)",1097.1926132265116,0,,
Car 216,,,,,8,switch,,"Charger 8 (fid=8) not available, trying Charger 6 (fid=37)",1099.2707845798202,6,,
Car 207,,,,,5,switch,,"Charger 5 (fid=62) not available, trying Charger 9 (fid=4)",1099.6040272983882,9,,
Car 212,,,,,7,switch,,"Charger 7 (fid=30) not available, trying Charger 9 (fid=4)",1099.824545664545,9,,
Car 218,,,,24,,arrived,,arrived,1100.362398751573,,,
Car 206,,,,,6,switch,,"Charger 6 (fid=37) not available, trying Charger 7 (fid=30)",1100.5303639225124,7,,
Car 194,,,,,8,switch,,"Charger 8 (fid=8) not available, trying Charger 9 (fid=4)",1101.1840987498824,9,,
Car 185,48.0,308702,1,,,done,,done charging,1101.2236116567408,,,270.1505183679593
Car 210,,308702,1,,,start_charge,,starting to charge at Charger 1 (fid=308702),1101.2236116567408,,11.37291843322555,
Car 213,,,,,5,switch,,"Charger 5 (fid=62) not available, trying Charger 6 (fid=37)",1101.278351574671,6,,
Car 176,100.0,62,5,,,done,,done charging,1101.3002174123158,,,108.72370347766685
Car 196,,,,,3,switch,,"Charger 3 (fid=307905) not available, trying Charger 0 (fid=308440)",1101.3092030445766,0,,
Car 217,,,,,0,switch,,"Charger 0 (fid=308440) not available, trying Charger 6 (fid=37)",1101.7116842519588,6,,
Car 211,,,,,0,switch,,"Charger 0 (fid=308440) not available, trying Charger 5 (fid=62)",1101.7801771473255,5,,
Car 219,,,,51,,arrived,,arrived,1102.432779355811,,,
Car 219,,62,5,,,start_charge,,starting to charge at Charger 5 (fid=62),1102.432779355811,,0.0,
Car 184,,,,,,gave_up,7,"no alternate charger available, gave up",1102.5380423398724,,,
Car 183,,,,,,gave_up,4,"no alternate charger available, gave up",1102.6212283778693,,,
Car 220,,,,9,,arrived,,arrived,1102.8179310243684,,,
Car 208,,,,,6,switch,,"Charger 6 (fid=37) not available, trying Charger 7 (fid=30)",1103.5314560820777,7,,
Car 197,,,,,8,switch,,"Charger 8 (fid=8) not available, trying Charger 5 (fid=62)",1104.3202723110508,5,,
Car 221,,,,4,,arrived,,arrived,1104.3225449109555,,,
Car 198,,,,,4,switch,,"Charger 4 (fid=308108) not available, trying Charger 9 (fid=4)",1104.3362423816006,9,,
Car 209,,,,,9,switch,,"Charger 9 (fid=4) not available, trying Charger 6 (fid=37)",1104.5447489188937,6,,
Car 204,,,,,6,switch,,"Charger 6 (fid=37) not available, trying Charger 2 (fid=307904)",1104.5701620490688,2,,
Car 222,,,,5,,arrived,,arrived,1104.6025388835674,,,
Car 201,,,,,7,switch,,"Charger 7 (fid=30) not available, trying Charger 1 (fid=308702)",1104.6560822168594,1,,
Car 200,,,,,6,switch,,"Charger 6 (fid=37) not available, trying Charger 8 (fid=8)",1105.2939070859118,8,,
Car 218,,,,,7,switch,,"Charger 7 (fid=30) not available, trying Charger 1 (fid=308702)",1105.362398751573,1,,
Car 190,,,,,8,switch,,"Charger 8 (fid=8) not available, trying Charger 4 (fid=308108)",1105.4567755529295,4,,
Car 202,,,,,0,switch,,"Charger 0 (fid=308440) not available, trying Charger 8 (fid=8)",1105.736505807642,8,,
Car 195,,,,,8,switch,,"Charger 8 (fid=8) not available, trying Charger 9 (fid=4)",1105.862581449569,9,,
Car 214,,,,,8,switch,,"Charger 8 (fid=8) not available, trying Charger 6 (fid=37)",1106.009867628296,6,,
Car 173,104.0,307905,3,,,done,,done charging,1106.404095168352,,,269.4451617631882
Car 199,,,,,0,switch,,"Charger 0 (fid=308440) not available, trying Charger 8 (fid=8)",1106.66074995763,8,,
Car 207,,,,,9,switch,,"Charger 9 (fid=4) not available, trying Charger 2 (fid=307904)",1106.7689924714668,2,,
Car 216,,,,,6,switch,,"Charger 6 (fid=37) not available, trying Charger 5 (fid=62)",1107.3519277875162,5,,
Car 182,51.0,308440,0,,,done,,done charging,1107.5898421038528,,,535.9953860775229
Car 196,,308440,0,,,start_charge,,starting to charge at Charger 0 (fid=308440),1107.5898421038528,,36.92781472876209,
Car 220,,,,,8,switch,,"Charger 8 (fid=8) not available, trying Charger 5 (fid=62)",1107.8179310243684,5,,
Car 223,,,,28,,arrived,,arrived,1107.91980982621,,,
Car 221,,,,,5,switch,,"Charger 5 (fid=62) not available, trying Charger 2 (fid=307904)",1109.3225449109555,2,,
Car 213,,,,,6,switch,,"Charger 6 (fid=37) not available, trying Charger 1 (fid=308702)",1109.37346191292,1,,
Car 206,,,,,7,switch,,"Charger 7 (fid=30) not available, trying Charger 1 (fid=308702)",1109.4702639481538,1,,
Car 222,,,,,9,switch,,"Charger 9 (fid=4) not available, trying Charger 6 (fid=37)",1109.6025388835674,6,,
Car 191,62.0,308440,0,,,done,,done charging,1109.7587403706864,,,373.2894031795327
Car 212,,,,,9,switch,,"Charger 9 (fid=4) not available, trying Charger 6 (fid=37)",1110.891208369933,6,,
Car 211,,,,,5,switch,,"Charger 5 (fid=62) not available, trying Charger 4 (fid=308108)",1111.1540624108745,4,,
Car 217,,,,,6,switch,,"Charger 6 (fid=37) not available, trying Charger 1 (fid=308702)",1111.1798209830772,1,,
Car 194,,,,,9,switch,,"Charger 9 (fid=4) not available, trying Charger 1 (fid=308702)",1111.3011335851832,1,,
Car 208,,,,,7,switch,,"Charger 7 (fid=30) not available, trying Charger 1 (fid=308702)",1112.4713561077192,1,,
Car 197,,,,,5,switch,,"Charger 5 (fid=62) not available, trying Charger 2 (fid=307904)",1112.5933970740273,2,,
Car 224,,,,68,,arrived,,arrived,1112.7132517900977,,,
Car 224,,308440,0,,,start_charge,,starting to charge at Charger 0 (fid=308440),1112.7132517900977,,0.0,
Car 223,,,,,1,switch,,"Charger 1 (fid=308702) not available, trying Charger 7 (fid=30)",1112.91980982621,7,,
Car 198,,,,,9,switch,,"Charger 9 (fid=4) not available, trying Charger 0 (fid=308440)",1113.105219851317,0,,
Car 177,105.0,30,7,,,done,,done charging,1113.1136038571262,,,265.3682359607151
Car 171,94.0,37,6,,,done,,done charging,1113.282190485902,,,406.93165827146777
Car 209,,37,6,,,start_charge,,starting to charge at Charger 6 (fid=37),1113.282190485902,,19.616373432608498,
Car 200,,,,,8,switch,,"Charger 8 (fid=8) not available, trying Charger 1 (fid=308702)",1113.3750502936077,1,,
Car 201,,,,,1,switch,,"Charger 1 (fid=308702) not available, trying Charger 9 (fid=4)",1113.791328046759,9,,
Car 214,,,,,6,switch,,"Charger 6 (fid=37) not available, trying Charger 1 (fid=308702)",1114.091010835992,1,,
Car 207,,,,,2,switch,,"Charger 2 (fid=307904) not available, trying Charger 3 (fid=307905)",1114.1764909046815,3,,
Car 207,,307905,3,,,start_charge,,starting to charge at Charger 3 (fid=307905),1114.4401170862457,,30.0,
Car 218,,,,,1,switch,,"Charger 1 (fid=308702) not available, trying Charger 9 (fid=4)",1114.4976445814725,9,,
Car 225,,,,73,,arrived,,arrived,1114.8537742912138,,,
Car 226,,,,34,,arrived,,arrived,1115.4098641295877,,,
Car 226,,30,7,,,start_charge,,starting to charge at Charger 7 (fid=30),1115.4098641295877,,0.0,
Car 216,,,,,5,switch,,"Charger 5 (fid=62) not available, trying Charger 1 (fid=308702)",1115.4470381257652,1,,
Car 204,,,,,2,switch,,"Charger 2 (fid=307904) not available, trying Charger 3 (fid=307905)",1115.523862548549,3,,
Car 195,,,,,9,switch,,"Charger 9 (fid=4) not available, trying Charger 1 (fid=308702)",1115.9796162848697,1,,
Car 220,,,,,5,switch,,"Charger 5 (fid=62) not available, trying Charger 6 (fid=37)",1116.0910557873449,6,,
Car 202,,,,,8,switch,,"Charger 8 (fid=8) not available, trying Charger 9 (fid=4)",1116.3261420884046,9,,
Car 227,,,,82,,arrived,,arrived,1116.707637044181,,,
Car 228,,,,70,,arrived,,arrived,1116.8138454711657,,,
Car 190,,,,,,gave_up,4,"no alternate charger available, gave up",1117.1314893061374,,,
Car 199,,,,,8,switch,,"Charger 8 (fid=8) not available, trying Charger 9 (fid=4)",1117.2503862383926,9,,
Car 213,,,,,1,switch,,"Charger 1 (fid=308702) not available, trying Charger 9 (fid=4)",1117.6165653747203,9,,
Car 221,,,,,2,switch,,"Charger 2 (fid=307904) not available, trying Charger 3 (fid=307905)",1118.3201424491144,3,,
Car 206,,,,,1,switch,,"Charger 1 (fid=308702) not available, trying Charger 9 (fid=4)",1118.6055097780534,9,,
Car 222,,,,,6,switch,,"Charger 6 (fid=37) not available, trying Charger 8 (fid=8)",1118.7236070179672,8,,
Car 217,,,,,1,switch,,"Charger 1 (fid=308702) not available, trying Charger 9 (fid=4)",1119.4229244448775,9,,
Car 225,,,,,6,switch,,"Charger 6 (fid=37) not available, trying Charger 9 (fid=4)",1119.8537742912138,9,,
Car 212,,,,,6,switch,,"Charger 6 (fid=37) not available, trying Charger 0 (fid=308440)",1120.012276504333,0,,
Car 211,,,,,4,switch,,"Charger 4 (fid=308108) not available, trying Charger 7 (fid=30)",1120.607851370692,7,,
Car 204,,,,,3,switch,,"Charger 3 (fid=307905) not available, trying Charger 9 (fid=4)",1120.7874887301132,9,,
Car 197,,,,,2,switch,,"Charger 2 (fid=307904) not available, trying Charger 3 (fid=307905)",1121.5909946121863,3,,
Car 208,,,,,1,switch,,"Charger 1 (fid=308702) not available, trying Charger 9 (fid=4)",1121.6066019376187,9,,
Car 194,,,,,1,switch,,"Charger 1 (fid=308702) not available, trying Charger 7 (fid=30)",1121.67099972673,7,,
Car 227,,,,,4,switch,,"Charger 4 (fid=308108) not available, trying Charger 2 (fid=307904)",1121.707637044181,2,,
Car 228,,,,,0,switch,,"Charger 0 (fid=308440) not available, trying Charger 7 (fid=30)",1121.8138454711657,7,,
Car 223,,,,,7,switch,,"Charger 7 (fid=30) not available, trying Charger 9 (fid=4)",1122.0550556561095,9,,
Car 214,,,,,1,switch,,"Charger 1 (fid=308702) not available, trying Charger 5 (fid=62)",1122.3341142977922,5,,
Car 198,,,,,0,switch,,"Charger 0 (fid=308440) not available, trying Charger 1 (fid=308702)",1122.4384689056644,1,,
Car 200,,,,,1,switch,,"Charger 1 (fid=308702) not available, trying Charger 9 (fid=4)",1123.2242042175958,9,,
Car 221,,,,,3,switch,,"Charger 3 (fid=307905) not available, trying Charger 4 (fid=308108)",1123.5837686306786,4,,
Car 201,,,,,9,switch,,"Charger 9 (fid=4) not available, trying Charger 8 (fid=8)",1124.161194188306,8,,
Car 220,,,,,6,switch,,"Charger 6 (fid=37) not available, trying Charger 9 (fid=4)",1124.186166125594,9,,
Car 218,,,,,9,switch,,"Charger 9 (fid=4) not available, trying Charger 6 (fid=37)",1124.8675107230194,6,,
Car 179,115.0,4,9,,,done,,done charging,1125.1972168812285,,,74.00372403287581
Car 202,,4,9,,,start_charge,,starting to charge at Charger 9 (fid=4),1125.1972168812285,,38.75403995752322,
Car 216,,,,,1,switch,,"Charger 1 (fid=308702) not available, trying Charger 9 (fid=4)",1125.8575404765138,9,,
Car 195,,,,,1,switch,,"Charger 1 (fid=308702) not available, trying Charger 7 (fid=30)",1126.3494824264167,7,,
Car 222,,,,,8,switch,,"Charger 8 (fid=8) not available, trying Charger 1 (fid=308702)",1126.8047502256632,1,,
Car 197,,,,,3,switch,,"Charger 3 (fid=307905) not available, trying Charger 4 (fid=308108)",1126.8546207937504,4,,
Car 205,64.0,308108,4,,,done,,done charging,1127.2248684746103,,,129.36894391306402
Car 221,,308108,4,,,start_charge,,starting to charge at Charger 4 (fid=308108),1127.2248684746103,,15.11862999767959,
Car 199,,,,,9,switch,,"Charger 9 (fid=4) not available, trying Charger 1 (fid=308702)",1127.3674210736933,1,,
Car 213,,,,,9,switch,,"Charger 9 (fid=4) not available, trying Charger 2 (fid=307904)",1127.9864315162672,2,,
Car 204,,,,,9,switch,,"Charger 9 (fid=4) not available, trying Charger 8 (fid=8)",1128.2113239949485,8,,
Car 228,,,,,7,switch,,"Charger 7 (fid=30) not available, trying Charger 5 (fid=62)",1128.4419142376503,5,,
Car 225,,,,,9,switch,,"Charger 9 (fid=4) not available, trying Charger 5 (fid=62)",1128.9748424256136,5,,
Car 206,,,,,9,switch,,"Charger 9 (fid=4) not available, trying Charger 8 (fid=8)",1128.9753759196003,8,,
Car 229,,,,37,,arrived,,arrived,1129.1113199871002,,,
Car 212,,,,,0,switch,,"Charger 0 (fid=308440) not available, trying Charger 8 (fid=8)",1129.4804132354514,8,,
Car 217,,,,,9,switch,,"Charger 9 (fid=4) not available, trying Charger 5 (fid=62)",1129.7927905864244,5,,
Car 230,,,,32,,arrived,,arrived,1129.8822035851672,,,
Car 227,,,,,2,switch,,"Charger 2 (fid=307904) not available, trying Charger 3 (fid=307905)",1130.2137700588123,3,,
Car 198,,,,,1,switch,,"Charger 1 (fid=308702) not available, trying Charger 7 (fid=30)",1130.5489215330629,7,,
Car 194,,,,,,gave_up,7,"no alternate charger available, gave up",1130.8062455566296,,,
Car 211,,,,,7,switch,,"Charger 7 (fid=30) not available, trying Charger 1 (fid=308702)",1131.897626151126,1,,
Car 208,,,,,9,switch,,"Charger 9 (fid=4) not available, trying Charger 8 (fid=8)",1131.9764680791657,8,,
Car 214,,,,,5,switch,,"Charger 5 (fid=62) not available, trying Charger 7 (fid=30)",1132.7446166485408,7,,
Car 223,,,,,9,switch,,"Charger 9 (fid=4) not available, trying Charger 0 (fid=308440)",1133.1217183614976,0,,
Car 220,,,,,9,switch,,"Charger 9 (fid=4) not available, trying Charger 0 (fid=308440)",1133.3072342599937,0,,
Car 200,,,,,9,switch,,"Charger 9 (fid=4) not available, trying Charger 7 (fid=30)",1133.5940703591427,7,,
Car 218,,,,,6,switch,,"Charger 6 (fid=37) not available, trying Charger 0 (fid=308440)",1133.9885788574193,0,,
Car 229,,,,,6,switch,,"Charger 6 (fid=37) not available, trying Charger 8 (fid=8)",1134.1113199871002,8,,
Car 231,,,,77,,arrived,,arrived,1134.1909393850017,,,
Car 201,,,,,8,switch,,"Charger 8 (fid=8) not available, trying Charger 4 (fid=308108)",1134.2782290236066,4,,
Car 230,,,,,0,switch,,"Charger 0 (fid=308440) not available, trying Charger 2 (fid=307904)",1134.8822035851672,2,,
Car 197,,,,,,gave_up,4,"no alternate charger available, gave up",1135.3770906400025,,,
Car 213,,,,,2,switch,,"Charger 2 (fid=307904) not available, trying Charger 3 (fid=307905)",1135.3939299494818,3,,
Car 227,,,,,3,switch,,"Charger 3 (fid=307905) not available, trying Charger 5 (fid=62)",1135.4773962403765,5,,
Car 195,,,,,,gave_up,7,"no alternate charger available, gave up",1135.4847282563162,,,
Car 225,,,,,5,switch,,"Charger 5 (fid=62) not available, trying Charger 8 (fid=8)",1136.1398075986922,8,,
Car 216,,,,,9,switch,,"Charger 9 (fid=4) not available, trying Charger 7 (fid=30)",1136.2274066180607,7,,
Car 222,,,,,1,switch,,"Charger 1 (fid=308702) not available, trying Charger 7 (fid=30)",1136.6539041496512,7,,
Car 217,,,,,5,switch,,"Charger 5 (fid=62) not available, trying Charger 7 (fid=30)",1136.957755759503,7,,
Car 232,,,,11,,arrived,,arrived,1137.4980302236756,,,
Car 199,,,,,1,switch,,"Charger 1 (fid=308702) not available, trying Charger 7 (fid=30)",1137.7372872152403,7,,
Car 204,,,,,8,switch,,"Charger 8 (fid=8) not available, trying Charger 4 (fid=308108)",1138.3283588302493,4,,
Car 206,,,,,8,switch,,"Charger 8 (fid=8) not available, trying Charger 4 (fid=308108)",1139.092410754901,4,,
Car 192,101.0,30,7,,,done,,done charging,1139.129735935116,,,175.30007889404655
Car 198,,30,7,,,start_charge,,starting to charge at Charger 7 (fid=30),1139.129735935116,,49.44556857215366,
Car 231,,,,,5,switch,,"Charger 5 (fid=62) not available, trying Charger 4 (fid=308108)",1139.1909393850017,4,,
Car 228,,,,,5,switch,,"Charger 5 (fid=62) not available, trying Charger 1 (fid=308702)",1139.54921315224,1,,
Car 233,,,,64,,arrived,,arrived,1140.056848696703,,,
Car 212,,,,,8,switch,,"Charger 8 (fid=8) not available, trying Charger 5 (fid=62)",1140.0700495162139,5,,
Car 213,,,,,3,switch,,"Charger 3 (fid=307905) not available, trying Charger 7 (fid=30)",1140.657556131046,7,,
Car 211,,,,,1,switch,,"Charger 1 (fid=308702) not available, trying Charger 6 (fid=37)",1141.0328719810254,6,,
Car 208,,,,,8,switch,,"Charger 8 (fid=8) not available, trying Charger 4 (fid=308108)",1142.0935029144664,4,,
Car 229,,,,,8,switch,,"Charger 8 (fid=8) not available, trying Charger 5 (fid=62)",1142.1924631947961,5,,
Car 223,,,,,0,switch,,"Charger 0 (fid=308440) not available, trying Charger 6 (fid=37)",1142.454967415845,6,,
Car 232,,,,,5,switch,,"Charger 5 (fid=62) not available, trying Charger 6 (fid=37)",1142.4980302236756,6,,
Car 220,,,,,0,switch,,"Charger 0 (fid=308440) not available, trying Charger 1 (fid=308702)",1142.640483314341,1,,
Car 218,,,,,0,switch,,"Charger 0 (fid=308440) not available, trying Charger 8 (fid=8)",1143.4567155885377,8,,
Car 214,,,,,7,switch,,"Charger 7 (fid=30) not available, trying Charger 0 (fid=308440)",1143.8519155631307,0,,
Car 230,,,,,2,switch,,"Charger 2 (fid=307904) not available, trying Charger 3 (fid=307905)",1144.2186910840605,3,,
Car 225,,,,,8,switch,,"Charger 8 (fid=8) not available, trying Charger 1 (fid=308702)",1144.4129323616687,1,,
Car 227,,,,,5,switch,,"Charger 5 (fid=62) not available, trying Charger 0 (fid=308440)",1144.4913306101562,0,,
Car 200,,,,,,gave_up,7,"no alternate charger available, gave up",1144.6607330645309,,,
Car 233,,,,,4,switch,,"Charger 4 (fid=308108) not available, trying Charger 2 (fid=307904)",1145.056848696703,2,,
Car 222,,,,,7,switch,,"Charger 7 (fid=30) not available, trying Charger 5 (fid=62)",1145.7891499795508,5,,
Car 201,,,,,,gave_up,4,"no alternate charger available, gave up",1145.9529427768146,,,
Car 234,,,,31,,arrived,,arrived,1146.475100365002,,,
Car 199,,,,,,gave_up,7,"no alternate charger available, gave up",1146.8725330451398,,,
Car 216,,,,,7,switch,,"Charger 7 (fid=30) not available, trying Charger 0 (fid=308440)",1147.2940693234489,0,,
Car 217,,,,,7,switch,,"Charger 7 (fid=30) not available, trying Charger 8 (fid=8)",1148.0650546740928,8,,
Car 212,,,,,5,switch,,"Charger 5 (fid=62) not available, trying Charger 2 (fid=307904)",1148.3431742791904,2,,
Car 189,60.0,4,9,,,done,,done charging,1148.34621706596,,,458.58103075795634
Car 235,,,,54,,arrived,,arrived,1148.4420290554046,,,
Car 236,,,,118,,arrived,,arrived,1148.52674923395,,,
Car 231,,,,,4,switch,,"Charger 4 (fid=308108) not available, trying Charger 2 (fid=307904)",1148.6447283448192,2,,
Car 213,,,,,7,switch,,"Charger 7 (fid=30) not available, trying Charger 8 (fid=8)",1148.8782616250746,8,,
Car 211,,,,,6,switch,,"Charger 6 (fid=37) not available, trying Charger 9 (fid=4)",1149.2759754428257,9,,
Car 230,,,,,3,switch,,"Charger 3 (fid=307905) not available, trying Charger 5 (fid=62)",1149.4823172656247,5,,
Car 228,,,,,1,switch,,"Charger 1 (fid=308702) not available, trying Charger 6 (fid=37)",1149.9597155029887,6,,
Car 204,,,,,,gave_up,4,"no alternate charger available, gave up",1150.0030725834572,,,
Car 229,,,,,5,switch,,"Charger 5 (fid=62) not available, trying Charger 1 (fid=308702)",1150.4655879577726,1,,
Car 214,,,,,0,switch,,"Charger 0 (fid=308440) not available, trying Charger 2 (fid=307904)",1150.4799843296153,2,,
Car 232,,,,,6,switch,,"Charger 6 (fid=37) not available, trying Charger 0 (fid=308440)",1150.5931405619247,0,,
Car 220,,,,,1,switch,,"Charger 1 (fid=308702) not available, trying Charger 7 (fid=30)",1150.7509359417395,7,,
Car 206,,,,,,gave_up,4,"no alternate charger available, gave up",1150.767124508109,,,
Car 215,55.0,62,5,,,done,,done charging,1151.305368145509,,,108.72370347766685
Car 234,,,,,1,switch,,"Charger 1 (fid=308702) not available, trying Charger 7 (fid=30)",1151.475100365002,7,,
Car 222,,62,5,,,start_charge,,starting to charge at Charger 5 (fid=62),1151.8964488941406,,25.0,
Car 223,,,,,6,switch,,"Charger 6 (fid=37) not available, trying Charger 8 (fid=8)",1151.9231041469634,8,,
Car 186,99.0,307904,2,,,done,,done charging,1153.298575434246,,,375.85689976220107
Car 236,,307904,2,,,start_charge,,starting to charge at Charger 2 (fid=307904),1153.298575434246,,4.771826200295891,
Car 211,,4,9,,,start_charge,,starting to charge at Charger 9 (fid=4),1153.3970435772255,,40.0,
Car 235,,,,,0,switch,,"Charger 0 (fid=308440) not available, trying Charger 6 (fid=37)",1153.4420290554046,6,,
Car 233,,,,,2,switch,,"Charger 2 (fid=307904) not available, trying Charger 3 (fid=307905)",1153.5629817113343,3,,
Car 208,,,,,,gave_up,4,"no alternate charger available, gave up",1153.7682166676743,,,
Car 227,,,,,0,switch,,"Charger 0 (fid=308440) not available, trying Charger 6 (fid=37)",1153.8652158737052,6,,
Car 216,,,,,0,switch,,"Charger 0 (fid=308440) not available, trying Charger 4 (fid=308108)",1153.9221380899335,4,,
Car 181,99.0,308108,4,,,done,,done charging,1154.0007800610433,,,351.73994448617884
Car 218,,,,,8,switch,,"Charger 8 (fid=8) not available, trying Charger 5 (fid=62)",1154.0463518693002,5,,
Car 193,68.0,8,8,,,done,,done charging,1154.1601498342563,,,382.67976577007107
Car 217,,8,8,,,start_charge,,starting to charge at Charger 8 (fid=8),1154.1601498342563,,30.54914467233425,
Car 225,,,,,1,switch,,"Charger 1 (fid=308702) not available, trying Charger 0 (fid=308440)",1154.2620862856568,0,,
Car 231,,,,,2,switch,,"Charger 2 (fid=307904) not available, trying Charger 3 (fid=307905)",1157.1508613594506,3,,
Car 212,,,,,2,switch,,"Charger 2 (fid=307904) not available, trying Charger 3 (fid=307905)",1157.3407718173494,3,,
Car 228,,,,,6,switch,,"Charger 6 (fid=37) not available, trying Charger 2 (fid=307904)",1158.202818964789,2,,
Car 230,,,,,5,switch,,"Charger 5 (fid=62) not available, trying Charger 6 (fid=37)",1158.4962516354044,6,,
Car 233,,,,,3,switch,,"Charger 3 (fid=307905) not available, trying Charger 5 (fid=62)",1158.8266078928984,5,,
Car 187,96.0,37,6,,,done,,done charging,1159.2118247711737,,,318.75387245278404
Car 235,,37,6,,,start_charge,,starting to charge at Charger 6 (fid=37),1159.2118247711737,,6.301658984650658,
Car 213,,,,,8,switch,,"Charger 8 (fid=8) not available, trying Charger 4 (fid=308108)",1159.424212112904,4,,
Car 214,,,,,2,switch,,"Charger 2 (fid=307904) not available, trying Charger 3 (fid=307905)",1159.8164718285086,3,,
Car 220,,,,,7,switch,,"Charger 7 (fid=30) not available, trying Charger 4 (fid=308108)",1159.886181771639,4,,
Car 223,,,,,8,switch,,"Charger 8 (fid=8) not available, trying Charger 5 (fid=62)",1160.0042473546594,5,,
Car 232,,,,,0,switch,,"Charger 0 (fid=308440) not available, trying Charger 8 (fid=8)",1160.061277293043,8,,
Car 234,,,,,7,switch,,"Charger 7 (fid=30) not available, trying Charger 0 (fid=308440)",1160.6103461949015,0,,
Car 229,,,,,1,switch,,"Charger 1 (fid=308702) not available, trying Charger 7 (fid=30)",1160.8760903085213,7,,
Car 237,,,,73,,arrived,,arrived,1161.0669649338279,,,
Car 216,,308108,4,,,start_charge,,starting to charge at Charger 4 (fid=308108),1161.2835971329812,,35.0,
Car 238,,,,7,,arrived,,arrived,1162.1665631834294,,,
Car 203,92.0,308702,1,,,done,,done charging,1162.2926797482564,,,123.05527596791205
Car 218,,,,,5,switch,,"Charger 5 (fid=62) not available, trying Charger 2 (fid=307904)",1162.3194766322767,2,,
Car 225,,,,,0,switch,,"Charger 0 (fid=308440) not available, trying Charger 7 (fid=30)",1162.3725389130552,7,,
Car 231,,,,,3,switch,,"Charger 3 (fid=307905) not available, trying Charger 8 (fid=8)",1162.4144875410148,8,,
Car 212,,,,,3,switch,,"Charger 3 (fid=307905) not available, trying Charger 4 (fid=308108)",1162.6043979989136,4,,
Car 227,,,,,6,switch,,"Charger 6 (fid=37) not available, trying Charger 8 (fid=8)",1163.3333526048236,8,,
Car 214,,,,,3,switch,,"Charger 3 (fid=307905) not available, trying Charger 4 (fid=308108)",1165.0800980100728,4,,
Car 239,,,,4,,arrived,,arrived,1165.1461156051946,,,
Car 196,58.0,308440,0,,,done,,done charging,1165.5898421038528,,,584.4103046437574
Car 234,,308440,0,,,start_charge,,starting to charge at Charger 0 (fid=308440),1165.5898421038528,,13.351427142466719,
Car 237,,,,,6,switch,,"Charger 6 (fid=37) not available, trying Charger 9 (fid=4)",1166.0669649338279,9,,
Car 230,,,,,6,switch,,"Charger 6 (fid=37) not available, trying Charger 7 (fid=30)",1166.5913619736534,7,,
Car 238,,,,,4,switch,,"Charger 4 (fid=308108) not available, trying Charger 2 (fid=307904)",1167.1665631834294,2,,
Car 180,87.0,8,8,,,done,,done charging,1167.8106816347727,,,423.4542454037593
Car 232,,8,8,,,start_charge,,starting to charge at Charger 8 (fid=8),1167.8106816347727,,17.159768060967053,
Car 233,,,,,5,switch,,"Charger 5 (fid=62) not available, trying Charger 6 (fid=37)",1167.8405422626781,6,,
Car 223,,,,,5,switch,,"Charger 5 (fid=62) not available, trying Charger 2 (fid=307904)",1168.2773721176359,2,,
Car 225,,,,,7,switch,,"Charger 7 (fid=30) not available, trying Charger 2 (fid=307904)",1169.0006076795398,2,,
Car 228,,,,,2,switch,,"Charger 2 (fid=307904) not available, trying Charger 3 (fid=307905)",1169.1565194642692,3,,
Car 229,,,,,7,switch,,"Charger 7 (fid=30) not available, trying Charger 9 (fid=4)",1170.0113361384208,9,,
Car 239,,,,,5,switch,,"Charger 5 (fid=62) not available, trying Charger 2 (fid=307904)",1170.1461156051946,2,,
Car 226,55.0,30,7,,,done,,done charging,1170.4098641295877,,,15.555517877574284
Car 230,,30,7,,,start_charge,,starting to charge at Charger 7 (fid=30),1170.5312619992949,,25.0,
Car 213,,,,,,gave_up,4,"no alternate charger available, gave up",1171.0989258661118,,,
Car 212,,,,,,gave_up,4,"no alternate charger available, gave up",1171.1268678451656,,,
Car 220,,,,,4,switch,,"Charger 4 (fid=308108) not available, trying Charger 2 (fid=307904)",1171.1759565520729,2,,
Car 218,,,,,2,switch,,"Charger 2 (fid=307904) not available, trying Charger 3 (fid=307905)",1171.3170741704357,3,,
Car 227,,,,,8,switch,,"Charger 8 (fid=8) not available, trying Charger 1 (fid=308702)",1171.4144958125196,1,,
Car 214,,,,,,gave_up,4,"no alternate charger available, gave up",1173.6025678563249,,,
Car 240,,,,18,,arrived,,arrived,1173.8315483079991,,,
Car 241,,,,5,,arrived,,arrived,1173.9487208052617,,,
Car 231,,,,,8,switch,,"Charger 8 (fid=8) not available, trying Charger 6 (fid=37)",1174.3804915730166,6,,
Car 228,,,,,3,switch,,"Charger 3 (fid=307905) not available, trying Charger 9 (fid=4)",1174.4201456458334,9,,
Car 237,,,,,9,switch,,"Charger 9 (fid=4) not available, trying Charger 5 (fid=62)",1175.1880330682277,5,,
Car 238,,,,,2,switch,,"Charger 2 (fid=307904) not available, trying Charger 3 (fid=307905)",1175.6726961980607,3,,
Car 242,,,,66,,arrived,,arrived,1175.756258539593,,,
Car 233,,,,,6,switch,,"Charger 6 (fid=37) not available, trying Charger 8 (fid=8)",1175.9356526009271,8,,
Car 227,,308702,1,,,start_charge,,starting to charge at Charger 1 (fid=308702),1176.2636497365077,,35.0,
Car 243,,,,1,,arrived,,arrived,1176.51659358628,,,
Car 218,,,,,3,switch,,"Charger 3 (fid=307905) not available, trying Charger 4 (fid=308108)",1176.580700352,4,,
Car 244,,,,33,,arrived,,arrived,1176.910082342963,,,
Car 225,,,,,2,switch,,"Charger 2 (fid=307904) not available, trying Charger 3 (fid=307905)",1177.2049763419475,3,,
Car 223,,,,,2,switch,,"Charger 2 (fid=307904) not available, trying Charger 3 (fid=307905)",1177.2749696557948,3,,
Car 245,,,,37,,arrived,,arrived,1177.7673777385799,,,
Car 246,,,,8,,arrived,,arrived,1178.5377925060923,,,
Car 240,,,,,0,switch,,"Charger 0 (fid=308440) not available, trying Charger 2 (fid=307904)",1178.8315483079991,2,,
Car 241,,,,,9,switch,,"Charger 9 (fid=4) not available, trying Charger 6 (fid=37)",1178.9487208052617,6,,
Car 239,,,,,2,switch,,"Charger 2 (fid=307904) not available, trying Charger 3 (fid=307905)",1179.1437131433536,3,,
Car 220,,,,,2,switch,,"Charger 2 (fid=307904) not available, trying Charger 3 (fid=307905)",1179.6820895667042,3,,
Car 242,,,,,5,switch,,"Charger 5 (fid=62) not available, trying Charger 8 (fid=8)",1180.756258539593,8,,
Car 238,,,,,3,switch,,"Charger 3 (fid=307905) not available, trying Charger 5 (fid=62)",1180.936322379625,5,,
Car 229,,,,,9,switch,,"Charger 9 (fid=4) not available, trying Charger 0 (fid=308440)",1181.077998843809,0,,
Car 243,,,,,2,switch,,"Charger 2 (fid=307904) not available, trying Charger 3 (fid=307905)",1181.51659358628,3,,
Car 228,,,,,9,switch,,"Charger 9 (fid=4) not available, trying Charger 8 (fid=8)",1181.8439809106687,8,,
Car 244,,,,,7,switch,,"Charger 7 (fid=30) not available, trying Charger 1 (fid=308702)",1181.910082342963,1,,
Car 210,81.0,308702,1,,,done,,done charging,1182.2236116567408,,,238.00146318427056
Car 237,,,,,5,switch,,"Charger 5 (fid=62) not available, trying Charger 8 (fid=8)",1182.3529982413063,8,,
Car 231,,,,,6,switch,,"Charger 6 (fid=37) not available, trying Charger 9 (fid=4)",1182.4616347807125,9,,
Car 225,,,,,3,switch,,"Charger 3 (fid=307905) not available, trying Charger 4 (fid=308108)",1182.4686025235117,4,,
Car 223,,,,,3,switch,,"Charger 3 (fid=307905) not available, trying Charger 4 (fid=308108)",1182.538595837359,4,,
Car 245,,,,,6,switch,,"Charger 6 (fid=37) not available, trying Charger 8 (fid=8)",1182.7673777385799,8,,
Car 246,,,,,8,switch,,"Charger 8 (fid=8) not available, trying Charger 6 (fid=37)",1183.5377925060923,6,,
Car 233,,,,,8,switch,,"Charger 8 (fid=8) not available, trying Charger 0 (fid=308440)",1184.016795808623,0,,
Car 239,,,,,3,switch,,"Charger 3 (fid=307905) not available, trying Charger 4 (fid=308108)",1184.4073393249178,4,,
Car 220,,,,,,gave_up,3,"no alternate charger available, gave up",1184.9457157482684,,,
Car 218,,,,,,gave_up,4,"no alternate charger available, gave up",1185.103170198252,,,
Car 244,,308702,1,,,start_charge,,starting to charge at Charger 1 (fid=308702),1186.0453281728626,,5.0,
Car 243,,,,,3,switch,,"Charger 3 (fid=307905) not available, trying Charger 4 (fid=308108)",1186.780219767844,4,,
Car 241,,,,,6,switch,,"Charger 6 (fid=37) not available, trying Charger 8 (fid=8)",1188.0697889396615,8,,
Car 240,,,,,2,switch,,"Charger 2 (fid=307904) not available, trying Charger 3 (fid=307905)",1188.1680358068925,3,,
Car 247,,,,65,,arrived,,arrived,1188.7793910044074,,,
Car 242,,,,,8,switch,,"Charger 8 (fid=8) not available, trying Charger 6 (fid=37)",1189.0293833025696,6,,
Car 238,,,,,5,switch,,"Charger 5 (fid=62) not available, trying Charger 6 (fid=37)",1189.9502567494046,6,,
Car 229,,,,,0,switch,,"Charger 0 (fid=308440) not available, trying Charger 2 (fid=307904)",1190.4112478981563,2,,
Car 237,,,,,8,switch,,"Charger 8 (fid=8) not available, trying Charger 1 (fid=308702)",1190.6261230042828,1,,
Car 245,,,,,8,switch,,"Charger 8 (fid=8) not available, trying Charger 5 (fid=62)",1190.8485209462758,5,,
Car 225,,,,,,gave_up,4,"no alternate charger available, gave up",1190.9910723697637,,,
Car 223,,,,,,gave_up,4,"no alternate charger available, gave up",1191.061065683611,,,
Car 231,,,,,9,switch,,"Charger 9 (fid=4) not available, trying Charger 0 (fid=308440)",1191.5827029151123,0,,
Car 246,,,,,6,switch,,"Charger 6 (fid=37) not available, trying Charger 5 (fid=62)",1191.6189357137882,5,,
Car 228,,,,,8,switch,,"Charger 8 (fid=8) not available, trying Charger 4 (fid=308108)",1191.9610157459695,4,,
Car 239,,,,,4,switch,,"Charger 4 (fid=308108) not available, trying Charger 6 (fid=37)",1192.9298091711698,6,,
Car 240,,,,,3,switch,,"Charger 3 (fid=307905) not available, trying Charger 5 (fid=62)",1193.4316619884567,5,,
Car 248,,,,38,,arrived,,arrived,1193.4769068200712,,,
Car 249,,,,3,,arrived,,arrived,1193.608019945767,,,
Car 247,,,,,9,switch,,"Charger 9 (fid=4) not available, trying Charger 8 (fid=8)",1193.7793910044074,8,,
Car 233,,,,,0,switch,,"Charger 0 (fid=308440) not available, trying Charger 9 (fid=4)",1194.6064320893856,9,,
Car 243,,,,,4,switch,,"Charger 4 (fid=308108) not available, trying Charger 5 (fid=62)",1195.3026896140962,5,,
Car 241,,,,,8,switch,,"Charger 8 (fid=8) not available, trying Charger 1 (fid=308702)",1196.1509321473575,1,,
Car 242,,,,,6,switch,,"Charger 6 (fid=37) not available, trying Charger 9 (fid=4)",1197.1105265102656,9,,
Car 250,,,,13,,arrived,,arrived,1197.4327554698991,,,
Car 238,,,,,6,switch,,"Charger 6 (fid=37) not available, trying Charger 0 (fid=308440)",1198.0453670876536,0,,
Car 251,,,,9,,arrived,,arrived,1198.0798151193483,,,
Car 248,,,,,9,switch,,"Charger 9 (fid=4) not available, trying Charger 6 (fid=37)",1198.4769068200712,6,,
Car 249,,,,,5,switch,,"Charger 5 (fid=62) not available, trying Charger 8 (fid=8)",1198.608019945767,8,,
Car 245,,,,,5,switch,,"Charger 5 (fid=62) not available, trying Charger 1 (fid=308702)",1199.1216457092523,1,,
Car 246,,,,,5,switch,,"Charger 5 (fid=62) not available, trying Charger 1 (fid=308702)",1199.7140460520372,1,,
Car 229,,,,,2,switch,,"Charger 2 (fid=307904) not available, trying Charger 3 (fid=307905)",1199.7477353970496,3,,
Car 237,,,,,1,switch,,"Charger 1 (fid=308702) not available, trying Charger 0 (fid=308440)",1200.475276928271,0,,
Car 231,,,,,0,switch,,"Charger 0 (fid=308440) not available, trying Charger 1 (fid=308702)",1200.9159519694597,1,,
Car 250,,,,,7,switch,,"Charger 7 (fid=30) not available, trying Charger 1 (fid=308702)",1202.4327554698991,1,,
Car 240,,,,,5,switch,,"Charger 5 (fid=62) not available, trying Charger 6 (fid=37)",1202.4455963582363,6,,
Car 251,,,,,8,switch,,"Charger 8 (fid=8) not available, trying Charger 5 (fid=62)",1203.0798151193483,5,,
Car 228,,,,,,gave_up,4,"no alternate charger available, gave up",1203.6357294991774,,,
Car 247,,,,,8,switch,,"Charger 8 (fid=8) not available, trying Charger 6 (fid=37)",1203.8964258397082,6,,
Car 233,,,,,9,switch,,"Charger 9 (fid=4) not available, trying Charger 1 (fid=308702)",1203.939681143733,1,,
Car 239,,,,,6,switch,,"Charger 6 (fid=37) not available, trying Charger 0 (fid=308440)",1204.486819111496,0,,
Car 243,,,,,5,switch,,"Charger 5 (fid=62) not available, trying Charger 0 (fid=308440)",1204.7564785739137,0,,
Car 229,,,,,3,switch,,"Charger 3 (fid=307905) not available, trying Charger 4 (fid=308108)",1205.0113615786138,4,,
Car 241,,,,,1,switch,,"Charger 1 (fid=308702) not available, trying Charger 7 (fid=30)",1206.0000860713455,7,,
Car 242,,,,,9,switch,,"Charger 9 (fid=4) not available, trying Charger 4 (fid=308108)",1206.2315946446654,4,,
Car 219,104.0,62,5,,,done,,done charging,1206.432779355811,,,235.34615742548544
Car 251,,62,5,,,start_charge,,starting to charge at Charger 5 (fid=62),1206.432779355811,,5.079839473486118,
Car 249,,,,,8,switch,,"Charger 8 (fid=8) not available, trying Charger 6 (fid=37)",1206.8811447087435,6,,
Car 238,,,,,0,switch,,"Charger 0 (fid=308440) not available, trying Charger 8 (fid=8)",1207.513503818772,8,,
Car 248,,,,,6,switch,,"Charger 6 (fid=37) not available, trying Charger 1 (fid=308702)",1207.597974954471,1,,
Car 237,,,,,0,switch,,"Charger 0 (fid=308440) not available, trying Charger 7 (fid=30)",1208.5857295556693,7,,
Car 231,,,,,1,switch,,"Charger 1 (fid=308702) not available, trying Charger 7 (fid=30)",1209.0264045968581,7,,
Car 245,,,,,1,switch,,"Charger 1 (fid=308702) not available, trying Charger 7 (fid=30)",1209.532148060001,7,,
Car 246,,,,,1,switch,,"Charger 1 (fid=308702) not available, trying Charger 9 (fid=4)",1210.1245484027859,9,,
Car 216,49.0,308108,4,,,done,,done charging,1210.2835971329812,,,556.0036556422274
Car 229,,308108,4,,,start_charge,,starting to charge at Charger 4 (fid=308108),1210.2835971329812,,46.74976570811532,
Car 240,,,,,6,switch,,"Charger 6 (fid=37) not available, trying Charger 7 (fid=30)",1210.5407066964854,7,,
Car 250,,,,,1,switch,,"Charger 1 (fid=308702) not available, trying Charger 0 (fid=308440)",1211.5680012997987,0,,
Car 224,99.0,308440,0,,,done,,done charging,1211.7132517900977,,,46.13370440893304
Car 239,,308440,0,,,start_charge,,starting to charge at Charger 0 (fid=308440),1211.7132517900977,,27.758295947483248,
Car 247,,,,,6,switch,,"Charger 6 (fid=37) not available, trying Charger 1 (fid=308702)",1211.9775690474041,1,,
Car 252,,,,73,,arrived,,arrived,1213.580151867901,,,
Car 243,,,,,0,switch,,"Charger 0 (fid=308440) not available, trying Charger 6 (fid=37)",1214.1303638374627,6,,
Car 217,60.0,8,8,,,done,,done charging,1214.1601498342563,,,303.1989232472417
Car 238,,8,8,,,start_charge,,starting to charge at Charger 8 (fid=8),1214.1601498342563,,31.05700973472176,
Car 233,,,,,1,switch,,"Charger 1 (fid=308702) not available, trying Charger 7 (fid=30)",1214.30954728528,7,,
Car 249,,,,,6,switch,,"Charger 6 (fid=37) not available, trying Charger 4 (fid=308108)",1214.9622879164394,4,,
Car 242,,,,,4,switch,,"Charger 4 (fid=308108) not available, trying Charger 2 (fid=307904)",1215.0005721143818,2,,
Car 241,,,,,7,switch,,"Charger 7 (fid=30) not available, trying Charger 5 (fid=62)",1215.135331901245,5,,
Car 237,,,,,7,switch,,"Charger 7 (fid=30) not available, trying Charger 2 (fid=307904)",1215.213798322154,2,,
Car 211,62.0,4,9,,,done,,done charging,1215.3970435772255,,,662.6696537915966
Car 246,,4,9,,,start_charge,,starting to charge at Charger 9 (fid=4),1215.4944145443328,,20.0,
Car 253,,,,4,,arrived,,arrived,1215.589479241234,,,
Car 248,,,,,1,switch,,"Charger 1 (fid=308702) not available, trying Charger 7 (fid=30)",1215.8410784162713,7,,
Car 254,,,,37,,arrived,,arrived,1217.489674901772,,,
Car 231,,,,,,gave_up,7,"no alternate charger available, gave up",1218.1616504267577,,,
Car 252,,,,,6,switch,,"Charger 6 (fid=37) not available, trying Charger 9 (fid=4)",1218.580151867901,9,,
Car 245,,,,,7,switch,,"Charger 7 (fid=30) not available, trying Charger 9 (fid=4)",1218.6673938899005,9,,
Car 240,,,,,7,switch,,"Charger 7 (fid=30) not available, trying Charger 1 (fid=308702)",1219.4806067221268,1,,
Car 250,,,,,0,switch,,"Charger 0 (fid=308440) not available, trying Charger 6 (fid=37)",1219.678453927197,6,,
Car 247,,,,,1,switch,,"Charger 1 (fid=308702) not available, trying Charger 5 (fid=62)",1220.2206725092044,5,,
Car 253,,,,,5,switch,,"Charger 5 (fid=62) not available, trying Charger 2 (fid=307904)",1220.589479241234,2,,
Car 254,,,,,6,switch,,"Charger 6 (fid=37) not available, trying Charger 8 (fid=8)",1222.489674901772,8,,
Car 255,,,,36,,arrived,,arrived,1222.5508982371691,,,
Car 256,,,,69,,arrived,,arrived,1222.7868320273867,,,
Car 237,,,,,2,switch,,"Charger 2 (fid=307904) not available, trying Charger 3 (fid=307905)",1223.4181669845616,3,,
Car 233,,,,,,gave_up,7,"no alternate charger available, gave up",1223.4447931151794,,,
Car 242,,,,,2,switch,,"Charger 2 (fid=307904) not available, trying Charger 3 (fid=307905)",1223.5067051290132,3,,
Car 243,,,,,6,switch,,"Charger 6 (fid=37) not available, trying Charger 8 (fid=8)",1223.5985005685811,8,,
Car 248,,,,,7,switch,,"Charger 7 (fid=30) not available, trying Charger 8 (fid=8)",1224.9763242461709,8,,
Car 257,,,,50,,arrived,,arrived,1225.901027609414,,,
Car 241,,,,,5,switch,,"Charger 5 (fid=62) not available, trying Charger 0 (fid=308440)",1226.242630815835,0,,
Car 249,,,,,4,switch,,"Charger 4 (fid=308108) not available, trying Charger 2 (fid=307904)",1226.5192978567657,2,,
Car 255,,,,,0,switch,,"Charger 0 (fid=308440) not available, trying Charger 2 (fid=307904)",1227.5508982371691,2,,
Car 252,,,,,9,switch,,"Charger 9 (fid=4) not available, trying Charger 5 (fid=62)",1227.7012200023007,5,,
Car 256,,,,,0,switch,,"Charger 0 (fid=308440) not available, trying Charger 7 (fid=30)",1227.7868320273867,7,,
Car 209,115.0,37,6,,,done,,done charging,1228.282190485902,,,325.8045841400633
Car 250,,37,6,,,start_charge,,starting to charge at Charger 6 (fid=37),1228.282190485902,,19.135599827586475,
Car 240,,,,,1,switch,,"Charger 1 (fid=308702) not available, trying Charger 9 (fid=4)",1228.6158525520264,9,,
Car 237,,,,,3,switch,,"Charger 3 (fid=307905) not available, trying Charger 4 (fid=308108)",1228.6817931661258,4,,
Car 242,,,,,3,switch,,"Charger 3 (fid=307905) not available, trying Charger 0 (fid=308440)",1228.7703313105774,0,,
Car 253,,,,,2,switch,,"Charger 2 (fid=307904) not available, trying Charger 3 (fid=307905)",1229.5870767793929,3,,
Car 245,,,,,9,switch,,"Charger 9 (fid=4) not available, trying Charger 0 (fid=308440)",1229.7340565952886,0,,
Car 207,116.0,307905,3,,,done,,done charging,1230.4401170862457,,,332.78975616876215
Car 253,,307905,3,,,start_charge,,starting to charge at Charger 3 (fid=307905),1230.4401170862457,,10.589414125288613,
Car 254,,,,,8,switch,,"Charger 8 (fid=8) not available, trying Charger 5 (fid=62)",1230.570818109468,5,,
Car 247,,,,,5,switch,,"Charger 5 (fid=62) not available, trying Charger 7 (fid=30)",1230.631174859953,7,,
Car 257,,,,,5,switch,,"Charger 5 (fid=62) not available, trying Charger 4 (fid=308108)",1230.901027609414,4,,
Car 243,,,,,8,switch,,"Charger 8 (fid=8) not available, trying Charger 1 (fid=308702)",1231.679643776277,1,,
Car 202,107.0,4,9,,,done,,done charging,1232.1972168812285,,,546.8293862237423
Car 240,,4,9,,,start_charge,,starting to charge at Charger 9 (fid=4),1233.9857186935733,,35.0,
Car 256,,,,,7,switch,,"Charger 7 (fid=30) not available, trying Charger 1 (fid=308702)",1234.4149007938713,1,,
Car 252,,,,,5,switch,,"Charger 5 (fid=62) not available, trying Charger 8 (fid=8)",1234.8661851753793,8,,
Car 249,,,,,2,switch,,"Charger 2 (fid=307904) not available, trying Charger 3 (fid=307905)",1235.025430871397,3,,
Car 248,,,,,8,switch,,"Charger 8 (fid=8) not available, trying Charger 5 (fid=62)",1235.5222747340001,5,,
Car 241,,,,,0,switch,,"Charger 0 (fid=308440) not available, trying Charger 2 (fid=307904)",1235.616516079384,2,,
Car 258,,,,10,,arrived,,arrived,1235.748598692097,,,
Car 255,,,,,2,switch,,"Charger 2 (fid=307904) not available, trying Charger 3 (fid=307905)",1236.8873857360625,3,,
Car 237,,,,,,gave_up,4,"no alternate charger available, gave up",1237.2042630123779,,,
Car 242,,,,,0,switch,,"Charger 0 (fid=308440) not available, trying Charger 1 (fid=308702)",1238.1231556410914,1,,
Car 254,,,,,5,switch,,"Charger 5 (fid=62) not available, trying Charger 1 (fid=308702)",1238.8439428724446,1,,
Car 245,,,,,0,switch,,"Charger 0 (fid=308440) not available, trying Charger 2 (fid=307904)",1239.067305649636,2,,
Car 221,112.0,308108,4,,,done,,done charging,1239.2248684746103,,,313.955823227386
Car 257,,308108,4,,,start_charge,,starting to charge at Charger 4 (fid=308108),1239.2248684746103,,8.87005190537866,
Car 249,,,,,3,switch,,"Charger 3 (fid=307905) not available, trying Charger 9 (fid=4)",1240.2890570529612,9,,
Car 258,,,,,8,switch,,"Charger 8 (fid=8) not available, trying Charger 5 (fid=62)",1240.748598692097,5,,
Car 243,,,,,1,switch,,"Charger 1 (fid=308702) not available, trying Charger 9 (fid=4)",1241.5287977002652,9,,
Car 247,,,,,7,switch,,"Charger 7 (fid=30) not available, trying Charger 0 (fid=308440)",1241.7384737745429,0,,
Car 255,,,,,3,switch,,"Charger 3 (fid=307905) not available, trying Charger 5 (fid=62)",1242.1510119176266,5,,
Car 252,,,,,8,switch,,"Charger 8 (fid=8) not available, trying Charger 1 (fid=308702)",1243.1393099383558,1,,
Car 256,,,,,1,switch,,"Charger 1 (fid=308702) not available, trying Charger 2 (fid=307904)",1243.5501466237708,2,,
Car 248,,,,,5,switch,,"Charger 5 (fid=62) not available, trying Charger 0 (fid=308440)",1243.7953994969766,0,,
Car 241,,,,,2,switch,,"Charger 2 (fid=307904) not available, trying Charger 3 (fid=307905)",1244.9530035782773,3,,
Car 230,75.0,30,7,,,done,,done charging,1245.5312619992949,,,340.99823856503605
Car 222,94.0,62,5,,,done,,done charging,1245.8964488941406,,,362.0156580249436
Car 258,,62,5,,,start_charge,,starting to charge at Charger 5 (fid=62),1245.8964488941406,,6.874725439067106,
Car 242,,,,,1,switch,,"Charger 1 (fid=308702) not available, trying Charger 7 (fid=30)",1246.23360826849,7,,
Car 249,,,,,9,switch,,"Charger 9 (fid=4) not available, trying Charger 0 (fid=308440)",1247.7128923177966,0,,
Car 247,,,,,0,switch,,"Charger 0 (fid=308440) not available, trying Charger 2 (fid=307904)",1248.3665425410275,2,,
Car 245,,,,,2,switch,,"Charger 2 (fid=307904) not available, trying Charger 3 (fid=307905)",1248.4037931485293,3,,
Car 254,,,,,1,switch,,"Charger 1 (fid=308702) not available, trying Charger 7 (fid=30)",1249.2544452231932,7,,
Car 235,91.0,37,6,,,done,,done charging,1250.2118247711737,,,203.5553207221104
Car 241,,,,,3,switch,,"Charger 3 (fid=307905) not available, trying Charger 4 (fid=308108)",1250.2166297598415,4,,
Car 242,,30,7,,,start_charge,,starting to charge at Charger 7 (fid=30),1250.3688540983894,,45.0,
Car 255,,,,,5,switch,,"Charger 5 (fid=62) not available, trying Charger 6 (fid=37)",1251.1649462874063,6,,
Car 243,,,,,9,switch,,"Charger 9 (fid=4) not available, trying Charger 7 (fid=30)",1251.898663841812,7,,
Car 252,,,,,1,switch,,"Charger 1 (fid=308702) not available, trying Charger 0 (fid=308440)",1252.988463862344,0,,
Car 248,,,,,0,switch,,"Charger 0 (fid=308440) not available, trying Charger 2 (fid=307904)",1253.1692847605257,2,,
Car 245,,,,,3,switch,,"Charger 3 (fid=307905) not available, trying Charger 4 (fid=308108)",1253.6674193300935,4,,
Car 255,,37,6,,,start_charge,,starting to charge at Charger 6 (fid=37),1254.2600566256554,,20.0,
Car 259,,,,32,,arrived,,arrived,1254.8248360271875,,,
Car 256,,,,,2,switch,,"Charger 2 (fid=307904) not available, trying Charger 3 (fid=307905)",1255.0379260019163,3,,
Car 249,,,,,0,switch,,"Charger 0 (fid=308440) not available, trying Charger 1 (fid=308702)",1257.046141372144,1,,
Car 198,118.0,30,7,,,done,,done charging,1257.129735935116,,,529.892056968703
Car 254,,30,7,,,start_charge,,starting to charge at Charger 7 (fid=30),1257.129735935116,,23.740044882023312,
Car 260,,,,73,,arrived,,arrived,1257.6683458037517,,,
Car 247,,,,,2,switch,,"Charger 2 (fid=307904) not available, trying Charger 3 (fid=307905)",1257.7030300399208,3,,
Car 261,,,,4,,arrived,,arrived,1258.3472776599074,,,
Car 241,,,,,,gave_up,4,"no alternate charger available, gave up",1258.7390996060935,,,
Car 262,,,,60,,arrived,,arrived,1258.8588337454808,,,
Car 259,,,,,0,switch,,"Charger 0 (fid=308440) not available, trying Charger 2 (fid=307904)",1259.8248360271875,2,,
Car 256,,,,,3,switch,,"Charger 3 (fid=307905) not available, trying Charger 5 (fid=62)",1260.3015521834805,5,,
Car 239,49.0,308440,0,,,done,,done charging,1260.7132517900977,,,360.9596462271373
Car 252,,308440,0,,,start_charge,,starting to charge at Charger 0 (fid=308440),1260.7132517900977,,29.61433530035538,
Car 232,93.0,8,8,,,done,,done charging,1260.8106816347727,,,283.9822187818163
Car 245,,,,,,gave_up,4,"no alternate charger available, gave up",1262.1898891763456,,,
Car 248,,,,,2,switch,,"Charger 2 (fid=307904) not available, trying Charger 3 (fid=307905)",1262.505772259419,3,,
Car 260,,,,,6,switch,,"Charger 6 (fid=37) not available, trying Charger 9 (fid=4)",1262.6683458037517,9,,
Car 243,,,,,,gave_up,7,"no alternate charger available, gave up",1262.9653265472002,,,
Car 247,,,,,3,switch,,"Charger 3 (fid=307905) not available, trying Charger 4 (fid=308108)",1262.966656221485,4,,
Car 261,,,,,5,switch,,"Charger 5 (fid=62) not available, trying Charger 2 (fid=307904)",1263.3472776599074,2,,
Car 262,,,,,5,switch,,"Charger 5 (fid=62) not available, trying Charger 6 (fid=37)",1263.8588337454808,6,,
Car 249,,,,,1,switch,,"Charger 1 (fid=308702) not available, trying Charger 7 (fid=30)",1265.1565939995423,7,,
Car 234,100.0,308440,0,,,done,,done charging,1265.5898421038528,,,239.3463974609693
Car 263,,,,62,,arrived,,arrived,1267.3131607443356,,,
Car 248,,,,,3,switch,,"Charger 3 (fid=307905) not available, trying Charger 4 (fid=308108)",1267.7693984409832,4,,
Car 259,,,,,2,switch,,"Charger 2 (fid=307904) not available, trying Charger 3 (fid=307905)",1269.1613235260809,3,,
Car 256,,,,,5,switch,,"Charger 5 (fid=62) not available, trying Charger 6 (fid=37)",1269.3154865532601,6,,
Car 247,,,,,,gave_up,4,"no alternate charger available, gave up",1271.489126067737,,,
Car 260,,,,,9,switch,,"Charger 9 (fid=4) not available, trying Charger 5 (fid=62)",1271.7894139381515,5,,
Car 262,,,,,6,switch,,"Charger 6 (fid=37) not available, trying Charger 8 (fid=8)",1271.9539440837298,8,,
Car 263,,,,,5,switch,,"Charger 5 (fid=62) not available, trying Charger 9 (fid=4)",1272.3131607443356,9,,
Car 261,,,,,2,switch,,"Charger 2 (fid=307904) not available, trying Charger 3 (fid=307905)",1272.3448751980663,3,,
Car 236,120.0,307904,2,,,done,,done charging,1273.298575434246,,,270.0692311370492
Car 249,,,,,,gave_up,7,"no alternate charger available, gave up",1274.2918398294419,,,
Car 259,,,,,3,switch,,"Charger 3 (fid=307905) not available, trying Charger 5 (fid=62)",1274.424949707645,5,,
Car 262,,8,8,,,start_charge,,starting to charge at Charger 8 (fid=8),1275.0350872914257,,10.0,
Car 248,,,,,,gave_up,4,"no alternate charger available, gave up",1276.2918682872353,,,
Car 264,,,,68,,arrived,,arrived,1277.1839011356046,,,
Car 264,,308440,0,,,start_charge,,starting to charge at Charger 0 (fid=308440),1277.1839011356046,,0.0,
Car 256,,,,,6,switch,,"Charger 6 (fid=37) not available, trying Charger 9 (fid=4)",1277.4105968915092,9,,
Car 261,,,,,3,switch,,"Charger 3 (fid=307905) not available, trying Charger 4 (fid=308108)",1277.6085013796305,4,,
Car 260,,,,,5,switch,,"Charger 5 (fid=62) not available, trying Charger 8 (fid=8)",1278.95437911123,8,,
Car 265,,,,50,,arrived,,arrived,1279.149152910043,,,
Car 263,,,,,9,switch,,"Charger 9 (fid=4) not available, trying Charger 6 (fid=37)",1279.4781259174142,6,,
Car 227,107.0,308702,1,,,done,,done charging,1283.2636497365077,,,787.9106510867265
Car 251,77.0,62,5,,,done,,done charging,1283.432779355811,,,199.22751596480768
Car 259,,62,5,,,start_charge,,starting to charge at Charger 5 (fid=62),1283.432779355811,,19.993895278386162,
Car 265,,,,,5,switch,,"Charger 5 (fid=62) not available, trying Charger 4 (fid=308108)",1284.149152910043,4,,
Car 266,,,,7,,arrived,,arrived,1284.9295029132088,,,
Car 261,,,,,4,switch,,"Charger 4 (fid=308108) not available, trying Charger 6 (fid=37)",1286.1309712258826,6,,
Car 256,,,,,9,switch,,"Charger 9 (fid=4) not available, trying Charger 8 (fid=8)",1286.531665025909,8,,
Car 260,,,,,8,switch,,"Charger 8 (fid=8) not available, trying Charger 1 (fid=308702)",1287.2275038742066,1,,
Car 263,,,,,6,switch,,"Charger 6 (fid=37) not available, trying Charger 8 (fid=8)",1288.599194051814,8,,
Car 267,,,,14,,arrived,,arrived,1288.6161419855541,,,
Car 268,,,,16,,arrived,,arrived,1289.505283055996,,,
Car 269,,,,27,,arrived,,arrived,1289.778330289305,,,
Car 266,,,,,4,switch,,"Charger 4 (fid=308108) not available, trying Charger 2 (fid=307904)",1289.9295029132088,2,,
Car 244,105.0,308702,1,,,done,,done charging,1291.0453281728626,,,146.74188595030165
Car 260,,308702,1,,,start_charge,,starting to charge at Charger 1 (fid=308702),1292.0766577981947,,20.0,
Car 266,,307904,2,,,start_charge,,starting to charge at Charger 2 (fid=307904),1293.4356359278402,,5.0,
Car 265,,,,,4,switch,,"Charger 4 (fid=308108) not available, trying Charger 8 (fid=8)",1293.6029418698606,8,,
Car 267,,,,,0,switch,,"Charger 0 (fid=308440) not available, trying Charger 2 (fid=307904)",1293.6161419855541,2,,
Car 268,,,,,0,switch,,"Charger 0 (fid=308440) not available, trying Charger 5 (fid=62)",1294.505283055996,5,,
Car 269,,,,,0,switch,,"Charger 0 (fid=308440) not available, trying Charger 2 (fid=307904)",1294.778330289305,2,,
Car 256,,,,,8,switch,,"Charger 8 (fid=8) not available, trying Charger 4 (fid=308108)",1296.6486998612097,4,,
Car 263,,,,,8,switch,,"Charger 8 (fid=8) not available, trying Charger 2 (fid=307904)",1296.68033725951,2,,
Car 261,,,,,6,switch,,"Charger 6 (fid=37) not available, trying Charger 0 (fid=308440)",1297.6879811662088,0,,
Car 267,,,,,2,switch,,"Charger 2 (fid=307904) not available, trying Charger 3 (fid=307905)",1302.9526294844475,3,,
Car 229,93.0,308108,4,,,done,,done charging,1303.2835971329812,,,546.1989280291766
Car 256,,308108,4,,,start_charge,,starting to charge at Charger 4 (fid=308108),1303.3234136144176,,45.0,
Car 268,,,,,5,switch,,"Charger 5 (fid=62) not available, trying Charger 6 (fid=37)",1303.879168319545,6,,
Car 240,70.0,4,9,,,done,,done charging,1303.9857186935733,,,383.29912549635105
Car 269,,,,,2,switch,,"Charger 2 (fid=307904) not available, trying Charger 3 (fid=307905)",1304.1148177881983,3,,
Car 265,,,,,8,switch,,"Charger 8 (fid=8) not available, trying Charger 2 (fid=307904)",1305.2776556230685,2,,
Car 253,75.0,307905,3,,,done,,done charging,1305.4401170862457,,,201.90547756079454
Car 267,,307905,3,,,start_charge,,starting to charge at Charger 3 (fid=307905),1305.4401170862457,,12.223861420234016,
Car 254,49.0,30,7,,,done,,done charging,1306.129735935116,,,328.1936721359402
Car 261,,,,,0,switch,,"Charger 0 (fid=308440) not available, trying Charger 8 (fid=8)",1307.1561178973272,8,,
Car 263,,,,,2,switch,,"Charger 2 (fid=307904) not available, trying Charger 3 (fid=307905)",1308.630004459891,3,,
Car 238,95.0,8,8,,,done,,done charging,1309.1601498342563,,,541.1267441860529
Car 269,,,,,3,switch,,"Charger 3 (fid=307905) not available, trying Charger 5 (fid=62)",1309.3784439697624,5,,
Car 258,64.0,62,5,,,done,,done charging,1309.8964488941406,,,244.69431147123896
Car 268,,,,,6,switch,,"Charger 6 (fid=37) not available, trying Charger 1 (fid=308702)",1311.974278657794,1,,
Car 261,,8,8,,,start_charge,,starting to charge at Charger 8 (fid=8),1312.7457541780898,,30.0,
Car 269,,62,5,,,start_charge,,starting to charge at Charger 5 (fid=62),1313.3923783395421,,15.0,
Car 263,,,,,3,switch,,"Charger 3 (fid=307905) not available, trying Charger 0 (fid=308440)",1313.8936306414553,0,,
Car 268,,308702,1,,,start_charge,,starting to charge at Charger 1 (fid=308702),1315.2173821195943,,15.0,
Car 265,,,,,2,switch,,"Charger 2 (fid=307904) not available, trying Charger 3 (fid=307905)",1317.2273228234496,3,,
Car 270,,,,73,,arrived,,arrived,1319.0565907839634,,,
Car 246,104.0,4,9,,,done,,done charging,1319.4944145443328,,,426.2490017805519
Car 271,,,,1,,arrived,,arrived,1320.7921977998153,,,
Car 265,,,,,3,switch,,"Charger 3 (fid=307905) not available, trying Charger 6 (fid=37)",1322.4909490050138,6,,
Car 262,48.0,8,8,,,done,,done charging,1323.0350872914257,,,293.7267387671005
Car 263,,,,,0,switch,,"Charger 0 (fid=308440) not available, trying Charger 4 (fid=308108)",1323.2464549719693,4,,
Car 270,,,,,6,switch,,"Charger 6 (fid=37) not available, trying Charger 9 (fid=4)",1324.0565907839634,9,,
Car 252,65.0,308440,0,,,done,,done charging,1325.7132517900977,,,355.17279174772494
Car 271,,,,,2,switch,,"Charger 2 (fid=307904) not available, trying Charger 3 (fid=307905)",1325.7921977998153,3,,
Car 270,,4,9,,,start_charge,,starting to charge at Charger 9 (fid=4),1328.1776589183632,,5.0,
Car 271,,,,,3,switch,,"Charger 3 (fid=307905) not available, trying Charger 4 (fid=308108)",1331.0558239813795,4,,
Car 250,105.0,37,6,,,done,,done charging,1333.282190485902,,,421.60280616642206
Car 265,,37,6,,,start_charge,,starting to charge at Charger 6 (fid=37),1333.282190485902,,29.821204149787263,
Car 263,,,,,4,switch,,"Charger 4 (fid=308108) not available, trying Charger 1 (fid=308702)",1335.607914015017,1,,
Car 272,,,,47,,arrived,,arrived,1337.5861859500303,,,
Car 271,,,,,4,switch,,"Charger 4 (fid=308108) not available, trying Charger 5 (fid=62)",1339.5782938276316,5,,
Car 257,103.0,308108,4,,,done,,done charging,1342.2248684746103,,,343.9023204186844
Car 272,,,,,1,switch,,"Charger 1 (fid=308702) not available, trying Charger 7 (fid=30)",1342.5861859500303,7,,
Car 255,92.0,37,6,,,done,,done charging,1346.2600566256554,,,350.65984387446946
Car 273,,,,15,,arrived,,arrived,1346.6080580259115,,,
Car 273,,308440,0,,,start_charge,,starting to charge at Charger 0 (fid=308440),1346.6080580259115,,0.0,
Car 272,,30,7,,,start_charge,,starting to charge at Charger 7 (fid=30),1346.7214317799298,,5.0,
Car 263,,,,,1,switch,,"Charger 1 (fid=308702) not available, trying Charger 7 (fid=30)",1349.0059901452644,7,,
Car 271,,,,,5,switch,,"Charger 5 (fid=62) not available, trying Charger 0 (fid=308440)",1349.032082787449,0,,
Car 256,52.0,308108,4,,,done,,done charging,1355.3234136144176,,,621.4602387960314
Car 242,106.0,30,7,,,done,,done charging,1356.3688540983894,,,683.9653185450696
Car 263,,30,7,,,start_charge,,starting to charge at Charger 7 (fid=30),1356.3688540983894,,48.22761812322551,
Car 274,,,,57,,arrived,,arrived,1357.3011973325151,,,
Car 271,,,,,0,switch,,"Charger 0 (fid=308440) not available, trying Charger 6 (fid=37)",1358.4059680509981,6,,
Car 274,,,,,0,switch,,"Charger 0 (fid=308440) not available, trying Charger 6 (fid=37)",1362.3011973325151,6,,
Car 271,,37,6,,,start_charge,,starting to charge at Charger 6 (fid=37),1362.8741047821165,,25.0,
Car 275,,,,59,,arrived,,arrived,1366.9023778154433,,,
Car 275,,308108,4,,,start_charge,,starting to charge at Charger 4 (fid=308108),1366.9023778154433,,0.0,
Car 260,75.0,308702,1,,,done,,done charging,1367.0766577981947,,,326.62528984835353
Car 264,91.0,308440,0,,,done,,done charging,1368.1839011356046,,,46.13370440893304
Car 259,86.0,62,5,,,done,,done charging,1369.432779355811,,,286.33980130811887
Car 276,,,,72,,arrived,,arrived,1369.608318236048,,,
Car 276,,308440,0,,,start_charge,,starting to charge at Charger 0 (fid=308440),1369.608318236048,,0.0,
Car 274,,,,,6,switch,,"Charger 6 (fid=37) not available, trying Charger 1 (fid=308702)",1371.7693340636336,1,,
Car 266,81.0,307904,2,,,done,,done charging,1374.4356359278402,,,214.8467279104344
Car 274,,308702,1,,,start_charge,,starting to charge at Charger 1 (fid=308702),1375.0124375254338,,10.0,
Car 261,65.0,8,8,,,done,,done charging,1377.7457541780898,,,426.2490017805519
Car 269,71.0,62,5,,,done,,done charging,1384.3923783395421,,,310.72901757141153
Car 268,75.0,308702,1,,,done,,done charging,1390.2173821195943,,,289.9980689309737
Car 277,,,,15,,arrived,,arrived,1396.427257169845,,,
Car 272,52.0,30,7,,,done,,done charging,1398.7214317799298,,,166.45866948617444
Car 265,68.0,37,6,,,done,,done charging,1401.282190485902,,,406.93165827146777
Car 277,,,,,0,switch,,"Charger 0 (fid=308440) not available, trying Charger 2 (fid=307904)",1401.427257169845,2,,
Car 277,,307904,2,,,start_charge,,starting to charge at Charger 2 (fid=307904),1405.7637446687384,,5.0,
Car 267,104.0,307905,3,,,done,,done charging,1409.4401170862457,,,282.8126709536934
Car 263,55.0,30,7,,,done,,done charging,1411.3688540983894,,,508.737999585339
Car 278,,,,8,,arrived,,arrived,1411.9538791002253,,,
Car 278,,8,8,,,start_charge,,starting to charge at Charger 8 (fid=8),1411.9538791002253,,0.0,
Car 274,49.0,308702,1,,,done,,done charging,1424.0124375254338,,,284.05781838804796
Car 276,57.0,308440,0,,,done,,done charging,1426.608318236048,,,99.33725130193227
Car 270,100.0,4,9,,,done,,done charging,1428.1776589183632,,,188.18082415425033
Car 279,,,,5,,arrived,,arrived,1436.1151879165818,,,
Car 279,,4,9,,,start_charge,,starting to charge at Charger 9 (fid=4),1436.1151879165818,,0.0,
