car,charge_time,charger_fid,charger_id,destination_fid,from_charger_id,kind,last_charger_id,msg,t,to_charger_id,waited,walking_dist_m
Car 0,,,,4,,arrived,,arrived,15.5350050175778,,,
Car 0,,6,0,,,start_charge,,starting to charge at Charger 0 (fid=6),15.5350050175778,,0.0,
Car 1,,,,115,,arrived,,arrived,18.198763564735646,,,
Car 1,,71,2,,,start_charge,,starting to charge at Charger 2 (fid=71),18.198763564735646,,0.0,
Car 2,,,,45,,arrived,,arrived,24.296048247024856,,,
Car 2,,40,1,,,start_charge,,starting to charge at Charger 1 (fid=40),24.296048247024856,,0.0,
Car 3,,,,8,,arrived,,arrived,25.2342948498507,,,
Car 3,,10,3,,,start_charge,,starting to charge at Charger 3 (fid=10),25.2342948498507,,0.0,
Car 4,,,,83,,arrived,,arrived,30.67648328211651,,,
Car 4,,2,4,,,start_charge,,starting to charge at Charger 4 (fid=2),30.67648328211651,,0.0,
Car 5,,,,42,,arrived,,arrived,45.477264176418146,,,
Car 5,,4,7,,,start_charge,,starting to charge at Charger 7 (fid=4),45.477264176418146,,0.0,
Car 6,,,,45,,arrived,,arrived,47.02791534208636,,,
Car 6,,40,1,,,start_charge,,starting to charge at Charger 1 (fid=40),47.02791534208636,,0.0,
Car 7,,,,81,,arrived,,arrived,50.665311091502886,,,
Car 7,,6,0,,,start_charge,,starting to charge at Charger 0 (fid=6),50.665311091502886,,0.0,
Car 8,,,,74,,arrived,,arrived,75.03038048174643,,,
Car 8,,2,4,,,start_charge,,starting to charge at Charger 4 (fid=2),75.03038048174643,,0.0,
Car 9,,,,4,,arrived,,arrived,76.91027066398223,,,
Car 3,55.0,10,3,,,done,,done charging,80.2342948498507,,,53.63858354767152
Car 9,,,,,0,switch,,"Charger 0 (fid=6) not available, trying Charger 1 (fid=40)",81.91027066398223,1,,
Car 4,57.0,2,4,,,done,,done charging,87.67648328211651,,,128.16043715591022
Car 10,,,,26,,arrived,,arrived,88.59581724914135,,,
Car 10,,71,2,,,start_charge,,starting to charge at Charger 2 (fid=71),88.59581724914135,,0.0,
Car 9,,,,,1,switch,,"Charger 1 (fid=40) not available, trying Charger 5 (fid=59)",89.40080712904972,5,,
Car 11,,,,10,,arrived,,arrived,90.28121134904342,,,
Car 11,,10,3,,,start_charge,,starting to charge at Charger 3 (fid=10),90.28121134904342,,0.0,
Car 9,,59,5,,,start_charge,,starting to charge at Charger 5 (fid=59),91.9109982132257,,10.0,
Car 12,,,,26,,arrived,,arrived,95.00292236730186,,,
Car 12,,4,7,,,start_charge,,starting to charge at Charger 7 (fid=4),95.00292236730186,,0.0,
Car 13,,,,124,,arrived,,arrived,97.1021398005199,,,
Car 13,,,,,2,switch,,"Charger 2 (fid=71) not available, trying Charger 0 (fid=6)",102.1021398005199,0,,
Car 7,54.0,6,0,,,done,,done charging,104.66531109150289,,,70.26383781861239
Car 13,,6,0,,,start_charge,,starting to charge at Charger 0 (fid=6),104.66531109150289,,5.930824112827963,
Car 14,,,,57,,arrived,,arrived,105.34825224943344,,,
Car 5,64.0,4,7,,,done,,done charging,109.47726417641815,,,179.58121787372176
Car 14,,,,,2,switch,,"Charger 2 (fid=71) not available, trying Charger 0 (fid=6)",110.34825224943344,0,,
Car 15,,,,61,,arrived,,arrived,114.48677311172011,,,
Car 1,97.0,71,2,,,done,,done charging,115.19876356473564,,,51.95466320740318
Car 0,101.0,6,0,,,done,,done charging,116.5350050175778,,,86.22002937834127
Car 14,,6,0,,,start_charge,,starting to charge at Charger 0 (fid=6),116.5350050175778,,9.55440558998933,
Car 6,72.0,40,1,,,done,,done charging,119.02791534208636,,,113.47367344013271
Car 15,,40,1,,,start_charge,,starting to charge at Charger 1 (fid=40),119.02791534208636,,4.541142230366248,
Car 2,103.0,40,1,,,done,,done charging,127.29604824702486,,,113.47367344013271
Car 16,,,,72,,arrived,,arrived,138.60885415915996,,,
Car 16,,71,2,,,start_charge,,starting to charge at Charger 2 (fid=71),138.60885415915996,,0.0,
Car 10,68.0,71,2,,,done,,done charging,156.59581724914136,,,55.38080983516104
Car 17,,,,54,,arrived,,arrived,161.03903591492647,,,
Car 17,,71,2,,,start_charge,,starting to charge at Charger 2 (fid=71),161.03903591492647,,0.0,
Car 11,73.0,10,3,,,done,,done charging,163.28121134904342,,,0.0
Car 18,,,,56,,arrived,,arrived,163.78990489560772,,,
Car 19,,,,30,,arrived,,arrived,168.61303415979538,,,
Car 18,,,,,2,switch,,"Charger 2 (fid=71) not available, trying Charger 0 (fid=6)",168.78990489560772,0,,
Car 19,,,,,2,switch,,"Charger 2 (fid=71) not available, trying Charger 0 (fid=6)",173.61303415979538,0,,
Car 20,,,,10,,arrived,,arrived,173.9302972780796,,,
Car 20,,10,3,,,start_charge,,starting to charge at Charger 3 (fid=10),173.9302972780796,,0.0,
Car 21,,,,15,,arrived,,arrived,174.12995702637497,,,
Car 14,58.0,6,0,,,done,,done charging,174.53500501757782,,,160.0433124782281
Car 18,,6,0,,,start_charge,,starting to charge at Charger 0 (fid=6),174.53500501757782,,9.112752943815053,
Car 22,,,,26,,arrived,,arrived,174.58477535809442,,,
Car 12,80.0,4,7,,,done,,done charging,175.00292236730186,,,192.50312299027294
Car 23,,,,4,,arrived,,arrived,178.96712856225918,,,
Car 23,,4,7,,,start_charge,,starting to charge at Charger 7 (fid=4),178.96712856225918,,0.0,
Car 21,,,,,2,switch,,"Charger 2 (fid=71) not available, trying Charger 0 (fid=6)",179.12995702637497,0,,
Car 22,,,,,2,switch,,"Charger 2 (fid=71) not available, trying Charger 0 (fid=6)",179.58477535809442,0,,
Car 19,,,,,0,switch,,"Charger 0 (fid=6) not available, trying Charger 3 (fid=10)",180.24538133795042,3,,
Car 19,,10,3,,,start_charge,,starting to charge at Charger 3 (fid=10),183.59491867049817,,10.0,
Car 21,,,,,0,switch,,"Charger 0 (fid=6) not available, trying Charger 1 (fid=40)",185.76230420453,1,,
Car 24,,,,73,,arrived,,arrived,186.04207248410194,,,
Car 22,,,,,0,switch,,"Charger 0 (fid=6) not available, trying Charger 1 (fid=40)",186.21712253624946,1,,
Car 9,95.0,59,5,,,done,,done charging,186.9109982132257,,,187.41383234434835
Car 21,,40,1,,,start_charge,,starting to charge at Charger 1 (fid=40),188.2528406695975,,10.0,
Car 13,85.0,6,0,,,done,,done charging,189.66531109150287,,,195.2493939171129
Car 8,116.0,2,4,,,done,,done charging,191.03038048174642,,,103.56671979935892
Car 24,,,,,3,switch,,"Charger 3 (fid=10) not available, trying Charger 7 (fid=4)",191.04207248410194,7,,
Car 24,,4,7,,,start_charge,,starting to charge at Charger 7 (fid=4),192.7334792085858,,5.0,
Car 22,,,,,1,switch,,"Charger 1 (fid=40) not available, trying Charger 3 (fid=10)",193.70765900131696,3,,
Car 15,81.0,40,1,,,done,,done charging,200.02791534208637,,,57.78014715280216
Car 22,,,,,3,switch,,"Charger 3 (fid=10) not available, trying Charger 7 (fid=4)",201.16547673151592,7,,
Car 25,,,,45,,arrived,,arrived,206.05031012722702,,,
Car 25,,40,1,,,start_charge,,starting to charge at Charger 1 (fid=40),206.05031012722702,,0.0,
Car 22,,,,,7,switch,,"Charger 7 (fid=4) not available, trying Charger 4 (fid=2)",207.8568834559998,4,,
Car 26,,,,10,,arrived,,arrived,208.3285629271628,,,
Car 16,70.0,71,2,,,done,,done charging,208.60885415915996,,,5.317805938583997
Car 27,,,,10,,arrived,,arrived,208.620586593163,,,
Car 26,,,,,3,switch,,"Charger 3 (fid=10) not available, trying Charger 7 (fid=4)",213.3285629271628,7,,
Car 27,,,,,3,switch,,"Charger 3 (fid=10) not available, trying Charger 7 (fid=4)",213.620586593163,7,,
Car 22,,2,4,,,start_charge,,starting to charge at Charger 4 (fid=2),214.93112996887257,,25.0,
Car 28,,,,37,,arrived,,arrived,216.6532184066281,,,
Car 26,,,,,7,switch,,"Charger 7 (fid=4) not available, trying Charger 1 (fid=40)",220.01996965164668,1,,
Car 27,,,,,7,switch,,"Charger 7 (fid=4) not available, trying Charger 1 (fid=40)",220.31199331764688,1,,
Car 20,47.0,10,3,,,done,,done charging,220.9302972780796,,,0.0
Car 28,,,,,7,switch,,"Charger 7 (fid=4) not available, trying Charger 3 (fid=10)",221.6532184066281,3,,
Car 28,,10,3,,,start_charge,,starting to charge at Charger 3 (fid=10),223.34462513111197,,5.0,
Car 26,,,,,1,switch,,"Charger 1 (fid=40) not available, trying Charger 0 (fid=6)",229.01585851217718,0,,
Car 27,,,,,1,switch,,"Charger 1 (fid=40) not available, trying Charger 0 (fid=6)",229.30788217817738,0,,
Car 26,,6,0,,,start_charge,,starting to charge at Charger 0 (fid=6),231.50639497724467,,15.0,
Car 29,,,,66,,arrived,,arrived,231.91859566629842,,,
Car 30,,,,73,,arrived,,arrived,234.7806631942739,,,
Car 27,,,,,0,switch,,"Charger 0 (fid=6) not available, trying Charger 2 (fid=71)",236.79841864324487,2,,
Car 29,,,,,3,switch,,"Charger 3 (fid=10) not available, trying Charger 1 (fid=40)",236.91859566629842,1,,
Car 24,45.0,4,7,,,done,,done charging,237.7334792085858,,,113.03943791881676
Car 31,,,,7,,arrived,,arrived,237.99638206624553,,,
Car 31,,2,4,,,start_charge,,starting to charge at Charger 4 (fid=2),237.99638206624553,,0.0,
Car 27,,71,2,,,start_charge,,starting to charge at Charger 2 (fid=71),238.43076582139992,,20.0,
Car 30,,,,,3,switch,,"Charger 3 (fid=10) not available, trying Charger 7 (fid=4)",239.7806631942739,7,,
Car 32,,,,67,,arrived,,arrived,240.84250200984113,,,
Car 30,,4,7,,,start_charge,,starting to charge at Charger 7 (fid=4),241.47206991875777,,5.0,
Car 29,,,,,1,switch,,"Charger 1 (fid=40) not available, trying Charger 7 (fid=4)",244.37641339649738,7,,
Car 21,57.0,40,1,,,done,,done charging,245.2528406695975,,,260.6297056361426
Car 32,,,,,2,switch,,"Charger 2 (fid=71) not available, trying Charger 7 (fid=4)",245.84250200984113,7,,
Car 29,,,,,7,switch,,"Charger 7 (fid=4) not available, trying Charger 0 (fid=6)",253.37230225702788,0,,
Car 32,,,,,7,switch,,"Charger 7 (fid=4) not available, trying Charger 0 (fid=6)",254.38597808799682,0,,
Car 33,,,,38,,arrived,,arrived,255.62953862351756,,,
Car 23,81.0,4,7,,,done,,done charging,259.9671285622592,,,0.0
Car 33,,4,7,,,start_charge,,starting to charge at Charger 7 (fid=4),259.9671285622592,,4.3375899387416155,
Car 19,78.0,10,3,,,done,,done charging,261.59491867049815,,,285.06217461106274
Car 17,101.0,71,2,,,done,,done charging,262.03903591492644,,,89.19036556155834
Car 29,,,,,0,switch,,"Charger 0 (fid=6) not available, trying Charger 2 (fid=71)",262.38742145258084,2,,
Car 32,,,,,0,switch,,"Charger 0 (fid=6) not available, trying Charger 3 (fid=10)",263.4010972835498,3,,
Car 34,,,,32,,arrived,,arrived,263.9294125334561,,,
Car 34,,71,2,,,start_charge,,starting to charge at Charger 2 (fid=71),263.9294125334561,,0.0,
Car 32,,10,3,,,start_charge,,starting to charge at Charger 3 (fid=10),266.75063461609756,,15.0,
Car 29,,,,,2,switch,,"Charger 2 (fid=71) not available, trying Charger 5 (fid=59)",269.0197686307359,5,,
Car 35,,,,11,,arrived,,arrived,272.9219582301354,,,
Car 29,,59,5,,,start_charge,,starting to charge at Charger 5 (fid=59),273.6486952103589,,25.0,
Car 35,,,,,0,switch,,"Charger 0 (fid=6) not available, trying Charger 3 (fid=10)",277.9219582301354,3,,
Car 18,104.0,6,0,,,done,,done charging,278.5350050175778,,,171.5682962612837
Car 36,,,,57,,arrived,,arrived,280.089192073911,,,
Car 26,51.0,6,0,,,done,,done charging,282.50639497724467,,,279.0164598012283
Car 37,,,,37,,arrived,,arrived,283.18228118423724,,,
Car 36,,,,,2,switch,,"Charger 2 (fid=71) not available, trying Charger 0 (fid=6)",285.089192073911,0,,
Car 35,,,,,3,switch,,"Charger 3 (fid=10) not available, trying Charger 2 (fid=71)",286.2714955626831,2,,
Car 36,,6,0,,,start_charge,,starting to charge at Charger 0 (fid=6),286.72153925206607,,5.0,
Car 37,,,,,7,switch,,"Charger 7 (fid=4) not available, trying Charger 3 (fid=10)",288.18228118423724,3,,
Car 38,,,,80,,arrived,,arrived,288.30166962078135,,,
Car 38,,6,0,,,start_charge,,starting to charge at Charger 0 (fid=6),288.30166962078135,,0.0,
Car 39,,,,14,,arrived,,arrived,289.490698628894,,,
Car 39,,,,,2,switch,,"Charger 2 (fid=71) not available, trying Charger 0 (fid=6)",294.490698628894,0,,
Car 37,,,,,3,switch,,"Charger 3 (fid=10) not available, trying Charger 2 (fid=71)",294.8736879087211,2,,
Car 35,,,,,2,switch,,"Charger 2 (fid=71) not available, trying Charger 1 (fid=40)",294.8965574430404,1,,
Car 35,,40,1,,,start_charge,,starting to charge at Charger 1 (fid=40),298.69420267278025,,15.0,
Car 40,,,,54,,arrived,,arrived,300.06856915886567,,,
Car 39,,,,,0,switch,,"Charger 0 (fid=6) not available, trying Charger 3 (fid=10)",301.12304580704904,3,,
Car 37,,,,,2,switch,,"Charger 2 (fid=71) not available, trying Charger 0 (fid=6)",303.4987497890784,0,,
Car 41,,,,11,,arrived,,arrived,304.8267491131521,,,
Car 40,,,,,2,switch,,"Charger 2 (fid=71) not available, trying Charger 0 (fid=6)",305.06856915886567,0,,
Car 39,,,,,3,switch,,"Charger 3 (fid=10) not available, trying Charger 7 (fid=4)",309.4725831395968,7,,
Car 41,,,,,0,switch,,"Charger 0 (fid=6) not available, trying Charger 3 (fid=10)",309.8267491131521,3,,
Car 37,,,,,0,switch,,"Charger 0 (fid=6) not available, trying Charger 1 (fid=40)",310.1310969672334,1,,
Car 42,,,,77,,arrived,,arrived,311.46402549014346,,,
Car 40,,,,,0,switch,,"Charger 0 (fid=6) not available, trying Charger 7 (fid=4)",311.7009163370207,7,,
Car 22,98.0,2,4,,,done,,done charging,312.9311299688726,,,346.6029757662235
Car 31,75.0,2,4,,,done,,done charging,312.99638206624553,,,81.2900161151567
Car 43,,,,59,,arrived,,arrived,314.3169557169132,,,
Car 43,,59,5,,,start_charge,,starting to charge at Charger 5 (fid=59),314.3169557169132,,0.0,
Car 30,73.0,4,7,,,done,,done charging,314.47206991875777,,,113.03943791881676
Car 39,,4,7,,,start_charge,,starting to charge at Charger 7 (fid=4),314.47206991875777,,18.308080054677134,
Car 44,,,,24,,arrived,,arrived,314.6346526132279,,,
Car 25,110.0,40,1,,,done,,done charging,316.050310127227,,,113.47367344013271
Car 42,,40,1,,,start_charge,,starting to charge at Charger 1 (fid=40),316.050310127227,,4.5862846370835655,
Car 27,79.0,71,2,,,done,,done charging,317.4307658213999,,,301.9676546337613
Car 44,,71,2,,,start_charge,,starting to charge at Charger 2 (fid=71),317.4307658213999,,2.7961132081720166,
Car 37,,,,,1,switch,,"Charger 1 (fid=40) not available, trying Charger 5 (fid=59)",317.62163343230094,5,,
Car 41,,,,,3,switch,,"Charger 3 (fid=10) not available, trying Charger 2 (fid=71)",318.1762864456999,2,,
Car 45,,,,81,,arrived,,arrived,319.2032762803527,,,
Car 46,,,,37,,arrived,,arrived,319.5122617648434,,,
Car 40,,,,,7,switch,,"Charger 7 (fid=4) not available, trying Charger 3 (fid=10)",320.7160355325737,3,,
Car 45,,,,,0,switch,,"Charger 0 (fid=6) not available, trying Charger 2 (fid=71)",324.2032762803527,2,,
Car 46,,,,,7,switch,,"Charger 7 (fid=4) not available, trying Charger 3 (fid=10)",324.5122617648434,3,,
Car 37,,,,,5,switch,,"Charger 5 (fid=59) not available, trying Charger 4 (fid=2)",325.1318245164769,4,,
Car 37,,2,4,,,start_charge,,starting to charge at Charger 4 (fid=2),326.6510478823131,,30.0,
Car 41,,,,,2,switch,,"Charger 2 (fid=71) not available, trying Charger 1 (fid=40)",326.80134832605717,1,,
Car 47,,,,11,,arrived,,arrived,326.8781742861342,,,
Car 40,,,,,3,switch,,"Charger 3 (fid=10) not available, trying Charger 1 (fid=40)",327.40744225705754,1,,
Car 48,,,,15,,arrived,,arrived,329.61467198791945,,,
Car 49,,,,62,,arrived,,arrived,330.4764385512344,,,
Car 45,,,,,2,switch,,"Charger 2 (fid=71) not available, trying Charger 4 (fid=2)",330.83562345850777,4,,
Car 46,,,,,3,switch,,"Charger 3 (fid=10) not available, trying Charger 2 (fid=71)",331.20366848932724,2,,
Car 47,,,,,0,switch,,"Charger 0 (fid=6) not available, trying Charger 3 (fid=10)",331.8781742861342,3,,
Car 36,46.0,6,0,,,done,,done charging,332.72153925206607,,,160.0433124782281
Car 33,74.0,4,7,,,done,,done charging,333.9671285622592,,,60.101457228617086
Car 50,,,,55,,arrived,,arrived,334.0506444372403,,,
Car 48,,,,,5,switch,,"Charger 5 (fid=59) not available, trying Charger 6 (fid=64)",334.61467198791945,6,,
Car 40,,,,,1,switch,,"Charger 1 (fid=40) not available, trying Charger 5 (fid=59)",334.86525998725654,5,,
Car 49,,,,,1,switch,,"Charger 1 (fid=40) not available, trying Charger 0 (fid=6)",335.4764385512344,0,,
Car 45,,2,4,,,start_charge,,starting to charge at Charger 4 (fid=2),335.5423433087699,,10.0,
Car 41,,,,,1,switch,,"Charger 1 (fid=40) not available, trying Charger 7 (fid=4)",335.598993555797,7,,
Car 48,,64,6,,,start_charge,,starting to charge at Charger 6 (fid=64),335.96932611886126,,5.0,
Car 38,48.0,6,0,,,done,,done charging,336.30166962078135,,,69.74056404271414
Car 49,,6,0,,,start_charge,,starting to charge at Charger 0 (fid=6),337.96697501630194,,5.0,
Car 50,,,,,2,switch,,"Charger 2 (fid=71) not available, trying Charger 0 (fid=6)",339.0506444372403,0,,
Car 41,,4,7,,,start_charge,,starting to charge at Charger 7 (fid=4),339.5948824163275,,20.0,
Car 46,,,,,2,switch,,"Charger 2 (fid=71) not available, trying Charger 0 (fid=6)",339.82873036968454,0,,
Car 47,,,,,3,switch,,"Charger 3 (fid=10) not available, trying Charger 2 (fid=71)",340.22771161868195,2,,
Car 28,117.0,10,3,,,done,,done charging,340.34462513111197,,,130.6806020264872
Car 50,,6,0,,,start_charge,,starting to charge at Charger 0 (fid=6),340.68299161539534,,5.0,
Car 40,,,,,5,switch,,"Charger 5 (fid=59) not available, trying Charger 4 (fid=2)",342.3754510714325,4,,
Car 46,,,,,0,switch,,"Charger 0 (fid=6) not available, trying Charger 1 (fid=40)",346.4610775478396,1,,
Car 51,,,,52,,arrived,,arrived,348.1907681567922,,,
Car 47,,,,,2,switch,,"Charger 2 (fid=71) not available, trying Charger 1 (fid=40)",348.85277349903924,1,,
Car 40,,,,,4,switch,,"Charger 4 (fid=2) not available, trying Charger 6 (fid=64)",348.8946744372687,6,,
Car 40,,64,6,,,start_charge,,starting to charge at Charger 6 (fid=64),350.1389997271371,,35.0,
Car 32,84.0,10,3,,,done,,done charging,350.75063461609756,,,235.79745558636495
Car 52,,,,1,,arrived,,arrived,352.05616652956684,,,
Car 53,,,,57,,arrived,,arrived,352.22827392651925,,,
Car 51,,,,,5,switch,,"Charger 5 (fid=59) not available, trying Charger 4 (fid=2)",353.1907681567922,4,,
Car 46,,,,,1,switch,,"Charger 1 (fid=40) not available, trying Charger 5 (fid=59)",353.9516140129071,5,,
Car 52,,,,,0,switch,,"Charger 0 (fid=6) not available, trying Charger 5 (fid=59)",357.05616652956684,5,,
Car 53,,,,,2,switch,,"Charger 2 (fid=71) not available, trying Charger 0 (fid=6)",357.22827392651925,0,,
Car 47,,,,,1,switch,,"Charger 1 (fid=40) not available, trying Charger 7 (fid=4)",357.6504187287791,7,,
Car 54,,,,66,,arrived,,arrived,358.0524150174086,,,
Car 54,,10,3,,,start_charge,,starting to charge at Charger 3 (fid=10),358.0524150174086,,0.0,
Car 51,,,,,4,switch,,"Charger 4 (fid=2) not available, trying Charger 0 (fid=6)",359.7099915226284,0,,
Car 46,,,,,5,switch,,"Charger 5 (fid=59) not available, trying Charger 4 (fid=2)",361.4618050970831,4,,
Car 53,,,,,0,switch,,"Charger 0 (fid=6) not available, trying Charger 7 (fid=4)",363.8606211046743,7,,
Car 35,66.0,40,1,,,done,,done charging,364.69420267278025,,,167.9173616097995
Car 52,,,,,5,switch,,"Charger 5 (fid=59) not available, trying Charger 4 (fid=2)",365.05950943680654,4,,
Car 55,,,,79,,arrived,,arrived,365.3894616717356,,,
Car 56,,,,57,,arrived,,arrived,366.5434707558662,,,
Car 47,,,,,7,switch,,"Charger 7 (fid=4) not available, trying Charger 5 (fid=59)",366.6463075893096,5,,
Car 51,,,,,0,switch,,"Charger 0 (fid=6) not available, trying Charger 6 (fid=64)",367.97550102111876,6,,
Car 46,,,,,4,switch,,"Charger 4 (fid=2) not available, trying Charger 6 (fid=64)",367.98102846291926,6,,
Car 34,106.0,71,2,,,done,,done charging,369.9294125334561,,,29.248922048492695
Car 56,,71,2,,,start_charge,,starting to charge at Charger 2 (fid=71),369.9294125334561,,3.385941777589892,
Car 55,,,,,0,switch,,"Charger 0 (fid=6) not available, trying Charger 2 (fid=71)",370.3894616717356,2,,
Car 57,,,,28,,arrived,,arrived,371.20377169533333,,,
Car 58,,,,71,,arrived,,arrived,371.36347971326137,,,
Car 52,,,,,4,switch,,"Charger 4 (fid=2) not available, trying Charger 1 (fid=40)",371.5787328026427,1,,
Car 53,,,,,7,switch,,"Charger 7 (fid=4) not available, trying Charger 3 (fid=10)",372.8757403002273,3,,
Car 46,,,,,,gave_up,6,"no alternate charger available, gave up",374.22535375278767,,,
Car 53,,10,3,,,start_charge,,starting to charge at Charger 3 (fid=10),374.5671470247111,,15.0,
Car 52,,40,1,,,start_charge,,starting to charge at Charger 1 (fid=40),375.3644170528591,,15.0,
Car 57,,,,,2,switch,,"Charger 2 (fid=71) not available, trying Charger 0 (fid=6)",376.20377169533333,0,,
Car 58,,,,,2,switch,,"Charger 2 (fid=71) not available, trying Charger 0 (fid=6)",376.36347971326137,0,,
Car 59,,,,77,,arrived,,arrived,376.5380472787276,,,
Car 55,,,,,2,switch,,"Charger 2 (fid=71) not available, trying Charger 4 (fid=2)",377.02180884989065,4,,
Car 51,,,,,6,switch,,"Charger 6 (fid=64) not available, trying Charger 1 (fid=40)",377.07199712130785,1,,
Car 60,,,,28,,arrived,,arrived,377.41977014416545,,,
Car 47,,,,,5,switch,,"Charger 5 (fid=59) not available, trying Charger 4 (fid=2)",377.88528482483383,4,,
Car 59,,,,,1,switch,,"Charger 1 (fid=40) not available, trying Charger 0 (fid=6)",381.5380472787276,0,,
Car 60,,,,,7,switch,,"Charger 7 (fid=4) not available, trying Charger 2 (fid=71)",382.41977014416545,2,,
Car 57,,,,,0,switch,,"Charger 0 (fid=6) not available, trying Charger 1 (fid=40)",382.8361188734884,1,,
Car 58,,,,,0,switch,,"Charger 0 (fid=6) not available, trying Charger 7 (fid=4)",382.9958268914164,7,,
Car 61,,,,4,,arrived,,arrived,383.09406875835964,,,
Car 62,,,,37,,arrived,,arrived,383.4777630140775,,,
Car 47,,,,,4,switch,,"Charger 4 (fid=2) not available, trying Charger 6 (fid=64)",384.40450819067,6,,
Car 51,,,,,1,switch,,"Charger 1 (fid=40) not available, trying Charger 2 (fid=71)",385.9246731795038,2,,
Car 63,,,,67,,arrived,,arrived,386.69934157653097,,,
Car 55,,,,,4,switch,,"Charger 4 (fid=2) not available, trying Charger 5 (fid=59)",386.72852870015276,5,,
Car 64,,,,28,,arrived,,arrived,387.03378639786933,,,
Car 42,71.0,40,1,,,done,,done charging,387.050310127227,,,89.25774207314022
Car 57,,40,1,,,start_charge,,starting to charge at Charger 1 (fid=40),387.050310127227,,11.723654788671126,
Car 29,114.0,59,5,,,done,,done charging,387.6486952103589,,,374.4111721223002
Car 61,,,,,0,switch,,"Charger 0 (fid=6) not available, trying Charger 1 (fid=40)",388.09406875835964,1,,
Car 55,,59,5,,,start_charge,,starting to charge at Charger 5 (fid=59),388.24775206598895,,15.0,
Car 62,,,,,7,switch,,"Charger 7 (fid=4) not available, trying Charger 3 (fid=10)",388.4777630140775,3,,
Car 65,,,,34,,arrived,,arrived,388.5918595205628,,,
Car 50,48.0,6,0,,,done,,done charging,388.68299161539534,,,158.7211417549833
Car 59,,6,0,,,start_charge,,starting to charge at Charger 0 (fid=6),388.68299161539534,,9.654407871600199,
Car 44,72.0,71,2,,,done,,done charging,389.4307658213999,,,45.91696897656813
Car 60,,71,2,,,start_charge,,starting to charge at Charger 2 (fid=71),389.4307658213999,,8.467519599078742,
Car 47,,,,,,gave_up,6,"no alternate charger available, gave up",390.6488334805384,,,
Car 63,,,,,2,switch,,"Charger 2 (fid=71) not available, trying Charger 7 (fid=4)",391.69934157653097,7,,
Car 58,,,,,7,switch,,"Charger 7 (fid=4) not available, trying Charger 3 (fid=10)",392.0109460869694,3,,
Car 64,,,,,2,switch,,"Charger 2 (fid=71) not available, trying Charger 0 (fid=6)",392.03378639786933,0,,
Car 66,,,,60,,arrived,,arrived,392.4170164182194,,,
Car 67,,,,73,,arrived,,arrived,392.43599549688327,,,
Car 68,,,,37,,arrived,,arrived,392.8464546797054,,,
Car 69,,,,63,,arrived,,arrived,393.07603476543306,,,
Car 65,,,,,2,switch,,"Charger 2 (fid=71) not available, trying Charger 0 (fid=6)",393.5918595205628,0,,
Car 41,54.0,4,7,,,done,,done charging,393.5948824163275,,,219.42623631874628
Car 68,,4,7,,,start_charge,,starting to charge at Charger 7 (fid=4),393.5948824163275,,0.7484277366220908,
Car 70,,,,25,,arrived,,arrived,394.5390608498933,,,
Car 51,,,,,2,switch,,"Charger 2 (fid=71) not available, trying Charger 3 (fid=10)",394.72231840924366,3,,
Car 71,,,,22,,arrived,,arrived,394.78170064473636,,,
Car 62,,,,,3,switch,,"Charger 3 (fid=10) not available, trying Charger 2 (fid=71)",395.1691697385613,2,,
Car 72,,,,7,,arrived,,arrived,395.2570238505262,,,
Car 73,,,,37,,arrived,,arrived,395.3880710118696,,,
Car 61,,,,,1,switch,,"Charger 1 (fid=40) not available, trying Charger 5 (fid=59)",395.58460522342716,5,,
Car 74,,,,11,,arrived,,arrived,395.77721169498636,,,
Car 49,58.0,6,0,,,done,,done charging,395.96697501630194,,,146.57696055319013
Car 64,,6,0,,,start_charge,,starting to charge at Charger 0 (fid=6),395.96697501630194,,7.300841440277566,
Car 75,,,,47,,arrived,,arrived,396.191137677683,,,
Car 45,61.0,2,4,,,done,,done charging,396.5423433087699,,,243.3713965978731
Car 72,,2,4,,,start_charge,,starting to charge at Charger 4 (fid=2),396.5423433087699,,1.2853194582436913,
Car 76,,,,37,,arrived,,arrived,396.7663907921164,,,
Car 66,,,,,1,switch,,"Charger 1 (fid=40) not available, trying Charger 0 (fid=6)",397.4170164182194,0,,
Car 67,,,,,3,switch,,"Charger 3 (fid=10) not available, trying Charger 7 (fid=4)",397.43599549688327,7,,
Car 69,,,,,7,switch,,"Charger 7 (fid=4) not available, trying Charger 3 (fid=10)",398.07603476543306,3,,
Car 58,,,,,3,switch,,"Charger 3 (fid=10) not available, trying Charger 1 (fid=40)",398.70235281145324,1,,
Car 77,,,,64,,arrived,,arrived,399.3995633393777,,,
Car 70,,,,,2,switch,,"Charger 2 (fid=71) not available, trying Charger 0 (fid=6)",399.5390608498933,0,,
Car 71,,,,,2,switch,,"Charger 2 (fid=71) not available, trying Charger 0 (fid=6)",399.78170064473636,0,,
Car 65,,,,,0,switch,,"Charger 0 (fid=6) not available, trying Charger 1 (fid=40)",400.22420669871786,1,,
Car 63,,,,,7,switch,,"Charger 7 (fid=4) not available, trying Charger 0 (fid=6)",400.2428176546867,0,,
Car 73,,,,,7,switch,,"Charger 7 (fid=4) not available, trying Charger 3 (fid=10)",400.3880710118696,3,,
Car 74,,,,,0,switch,,"Charger 0 (fid=6) not available, trying Charger 3 (fid=10)",400.77721169498636,3,,
Car 75,,,,,7,switch,,"Charger 7 (fid=4) not available, trying Charger 2 (fid=71)",401.191137677683,2,,
Car 76,,,,,7,switch,,"Charger 7 (fid=4) not available, trying Charger 3 (fid=10)",401.7663907921164,3,,
Car 78,,,,38,,arrived,,arrived,402.31700399126436,,,
Car 79,,,,5,,arrived,,arrived,402.39368459201336,,,
Car 61,,,,,5,switch,,"Charger 5 (fid=59) not available, trying Charger 2 (fid=71)",403.09479630760313,2,,
Car 51,,,,,3,switch,,"Charger 3 (fid=10) not available, trying Charger 7 (fid=4)",403.34738028960095,7,,
Car 62,,,,,2,switch,,"Charger 2 (fid=71) not available, trying Charger 0 (fid=6)",403.7942316189186,0,,
Car 67,,,,,7,switch,,"Charger 7 (fid=4) not available, trying Charger 1 (fid=40)",404.1274022213671,1,,
Car 77,,,,,6,switch,,"Charger 6 (fid=64) not available, trying Charger 4 (fid=2)",404.3995633393777,4,,
Car 69,,,,,3,switch,,"Charger 3 (fid=10) not available, trying Charger 1 (fid=40)",404.7674414899169,1,,
Car 66,,,,,0,switch,,"Charger 0 (fid=6) not available, trying Charger 3 (fid=10)",404.90755288328694,3,,
Car 80,,,,55,,arrived,,arrived,405.4562353179862,,,
Car 58,,,,,1,switch,,"Charger 1 (fid=40) not available, trying Charger 5 (fid=59)",406.16017054165223,5,,
Car 70,,,,,0,switch,,"Charger 0 (fid=6) not available, trying Charger 1 (fid=40)",406.17140802804835,1,,
Car 71,,,,,0,switch,,"Charger 0 (fid=6) not available, trying Charger 1 (fid=40)",406.4140478228914,1,,
Car 73,,,,,3,switch,,"Charger 3 (fid=10) not available, trying Charger 2 (fid=71)",407.07947773635345,2,,
Car 78,,,,,7,switch,,"Charger 7 (fid=4) not available, trying Charger 3 (fid=10)",407.31700399126436,3,,
Car 79,,,,,7,switch,,"Charger 7 (fid=4) not available, trying Charger 3 (fid=10)",407.39368459201336,3,,
Car 65,,,,,1,switch,,"Charger 1 (fid=40) not available, trying Charger 3 (fid=10)",407.7147431637854,3,,
Car 76,,,,,3,switch,,"Charger 3 (fid=10) not available, trying Charger 2 (fid=71)",408.45779751660024,2,,
Car 81,,,,74,,arrived,,arrived,408.6977225104727,,,
Car 82,,,,23,,arrived,,arrived,408.86801179748016,,,
Car 74,,,,,3,switch,,"Charger 3 (fid=10) not available, trying Charger 2 (fid=71)",409.1267490275341,2,,
Car 63,,,,,0,switch,,"Charger 0 (fid=6) not available, trying Charger 3 (fid=10)",409.2579368502397,3,,
Car 39,95.0,4,7,,,done,,done charging,409.47206991875777,,,261.8013817859262
Car 51,,4,7,,,start_charge,,starting to charge at Charger 7 (fid=4),409.47206991875777,,39.43328290467298,
Car 75,,,,,2,switch,,"Charger 2 (fid=71) not available, trying Charger 3 (fid=10)",409.7346137558387,3,,
Car 62,,,,,0,switch,,"Charger 0 (fid=6) not available, trying Charger 1 (fid=40)",410.42657879707366,1,,
Car 80,,,,,2,switch,,"Charger 2 (fid=71) not available, trying Charger 0 (fid=6)",410.4562353179862,0,,
Car 83,,,,30,,arrived,,arrived,410.5476133884109,,,
Car 77,,,,,4,switch,,"Charger 4 (fid=2) not available, trying Charger 5 (fid=59)",410.64388862924613,5,,
Car 84,,,,1,,arrived,,arrived,410.96915791118204,,,
Car 69,,,,,1,switch,,"Charger 1 (fid=40) not available, trying Charger 2 (fid=71)",412.2252592201159,2,,
Car 85,,,,62,,arrived,,arrived,412.6062222493665,,,
Car 37,86.0,2,4,,,done,,done charging,412.6510478823131,,,495.53365812728293
Car 81,,2,4,,,start_charge,,starting to charge at Charger 4 (fid=2),412.6510478823131,,3.9533253718403785,
Car 61,,,,,2,switch,,"Charger 2 (fid=71) not available, trying Charger 4 (fid=2)",412.72372288722613,4,,
Car 67,,,,,1,switch,,"Charger 1 (fid=40) not available, trying Charger 2 (fid=71)",413.1232910818976,2,,
Car 66,,,,,3,switch,,"Charger 3 (fid=10) not available, trying Charger 5 (fid=59)",413.2570902158347,5,,
Car 70,,,,,1,switch,,"Charger 1 (fid=40) not available, trying Charger 3 (fid=10)",413.66194449311587,3,,
Car 58,,,,,5,switch,,"Charger 5 (fid=59) not available, trying Charger 4 (fid=2)",413.6703616258282,4,,
Car 86,,,,86,,arrived,,arrived,413.7023380456005,,,
Car 82,,,,,7,switch,,"Charger 7 (fid=4) not available, trying Charger 3 (fid=10)",413.86801179748016,3,,
Car 87,,,,8,,arrived,,arrived,413.8903872814727,,,
Car 71,,,,,1,switch,,"Charger 1 (fid=40) not available, trying Charger 7 (fid=4)",413.9045842879589,7,,
Car 78,,,,,3,switch,,"Charger 3 (fid=10) not available, trying Charger 2 (fid=71)",414.0084107157482,2,,
Car 79,,,,,3,switch,,"Charger 3 (fid=10) not available, trying Charger 2 (fid=71)",414.0850913164972,2,,
Car 65,,,,,3,switch,,"Charger 3 (fid=10) not available, trying Charger 7 (fid=4)",415.1725608939844,7,,
Car 88,,,,86,,arrived,,arrived,415.3849463892106,,,
Car 89,,,,26,,arrived,,arrived,415.40286095677686,,,
Car 83,,,,,2,switch,,"Charger 2 (fid=71) not available, trying Charger 7 (fid=4)",415.5476133884109,7,,
Car 73,,,,,2,switch,,"Charger 2 (fid=71) not available, trying Charger 0 (fid=6)",415.70453961671075,0,,
Car 84,,,,,0,switch,,"Charger 0 (fid=6) not available, trying Charger 5 (fid=59)",415.96915791118204,5,,
Car 90,,,,30,,arrived,,arrived,415.9700294536144,,,
Car 91,,,,73,,arrived,,arrived,416.9858923939272,,,
Car 76,,,,,2,switch,,"Charger 2 (fid=71) not available, trying Charger 0 (fid=6)",417.08285939695753,0,,
Car 80,,,,,0,switch,,"Charger 0 (fid=6) not available, trying Charger 7 (fid=4)",417.08858249614127,7,,
Car 40,67.0,64,6,,,done,,done charging,417.1389997271371,,,495.1345883949056
Car 77,,,,,5,switch,,"Charger 5 (fid=59) not available, trying Charger 1 (fid=40)",417.1631119950823,1,,
Car 85,,,,,1,switch,,"Charger 1 (fid=40) not available, trying Charger 0 (fid=6)",417.6062222493665,0,,
Car 63,,,,,3,switch,,"Charger 3 (fid=10) not available, trying Charger 1 (fid=40)",417.6074741827874,1,,
Car 74,,,,,2,switch,,"Charger 2 (fid=71) not available, trying Charger 1 (fid=40)",417.7518109078914,1,,
Car 92,,,,15,,arrived,,arrived,417.8303127584281,,,
Car 62,,,,,1,switch,,"Charger 1 (fid=40) not available, trying Charger 5 (fid=59)",417.9171152621412,5,,
Car 75,,,,,3,switch,,"Charger 3 (fid=10) not available, trying Charger 0 (fid=6)",418.359675636196,0,,
Car 86,,,,,4,switch,,"Charger 4 (fid=2) not available, trying Charger 6 (fid=64)",418.7023380456005,6,,
Car 87,,,,,3,switch,,"Charger 3 (fid=10) not available, trying Charger 7 (fid=4)",418.8903872814727,7,,
Car 86,,64,6,,,start_charge,,starting to charge at Charger 6 (fid=64),419.94666333546894,,5.0,
Car 58,,,,,4,switch,,"Charger 4 (fid=2) not available, trying Charger 6 (fid=64)",420.1895849916644,6,,
Car 88,,,,,4,switch,,"Charger 4 (fid=2) not available, trying Charger 6 (fid=64)",420.3849463892106,6,,
Car 89,,,,,2,switch,,"Charger 2 (fid=71) not available, trying Charger 0 (fid=6)",420.40286095677686,0,,
Car 82,,,,,3,switch,,"Charger 3 (fid=10) not available, trying Charger 2 (fid=71)",420.559418521964,2,,
Car 90,,,,,2,switch,,"Charger 2 (fid=71) not available, trying Charger 7 (fid=4)",420.9700294536144,7,,
Car 69,,,,,2,switch,,"Charger 2 (fid=71) not available, trying Charger 0 (fid=6)",421.02290444985573,0,,
Car 70,,,,,3,switch,,"Charger 3 (fid=10) not available, trying Charger 7 (fid=4)",421.11976222331486,7,,
Car 93,,,,45,,arrived,,arrived,421.2981905913014,,,
Car 94,,,,62,,arrived,,arrived,421.3669545401195,,,
Car 95,,,,71,,arrived,,arrived,421.6018076797323,,,
Car 65,,,,,7,switch,,"Charger 7 (fid=4) not available, trying Charger 5 (fid=59)",421.8639676184682,5,,
Car 67,,,,,2,switch,,"Charger 2 (fid=71) not available, trying Charger 0 (fid=6)",421.92093631163743,0,,
Car 91,,,,,3,switch,,"Charger 3 (fid=10) not available, trying Charger 7 (fid=4)",421.9858923939272,7,,
Car 96,,,,27,,arrived,,arrived,422.1835222566892,,,
Car 43,108.0,59,5,,,done,,done charging,422.3169557169132,,,0.0
Car 66,,59,5,,,start_charge,,starting to charge at Charger 5 (fid=59),422.3169557169132,,19.17485717408863,
Car 73,,,,,0,switch,,"Charger 0 (fid=6) not available, trying Charger 1 (fid=40)",422.3368867948658,1,,
Car 97,,,,4,,arrived,,arrived,422.36272242508153,,,
Car 61,,,,,4,switch,,"Charger 4 (fid=2) not available, trying Charger 3 (fid=10)",422.43044273748825,3,,
Car 78,,,,,2,switch,,"Charger 2 (fid=71) not available, trying Charger 0 (fid=6)",422.6334725961055,0,,
Car 79,,,,,2,switch,,"Charger 2 (fid=71) not available, trying Charger 0 (fid=6)",422.7101531968545,0,,
Car 98,,,,53,,arrived,,arrived,422.71404407193677,,,
Car 92,,,,,2,switch,,"Charger 2 (fid=71) not available, trying Charger 0 (fid=6)",422.8303127584281,0,,
Car 71,,,,,7,switch,,"Charger 7 (fid=4) not available, trying Charger 3 (fid=10)",422.9004731484894,3,,
Car 54,65.0,10,3,,,done,,done charging,423.0524150174086,,,91.99007895419939
Car 76,,,,,0,switch,,"Charger 0 (fid=6) not available, trying Charger 1 (fid=40)",423.7152065751126,1,,
Car 84,,,,,5,switch,,"Charger 5 (fid=59) not available, trying Charger 4 (fid=2)",423.97250081842174,4,,
Car 83,,,,,7,switch,,"Charger 7 (fid=4) not available, trying Charger 3 (fid=10)",424.09108946656664,3,,
Car 71,,10,3,,,start_charge,,starting to charge at Charger 3 (fid=10),424.59187987297327,,20.0,
Car 77,,,,,1,switch,,"Charger 1 (fid=40) not available, trying Charger 0 (fid=6)",424.6733030792583,0,,
Car 99,,,,32,,arrived,,arrived,424.94237929179883,,,
Car 63,,,,,1,switch,,"Charger 1 (fid=40) not available, trying Charger 5 (fid=59)",425.0652919129864,5,,
Car 85,,,,,0,switch,,"Charger 0 (fid=6) not available, trying Charger 3 (fid=10)",425.09675871443403,3,,
Car 62,,,,,5,switch,,"Charger 5 (fid=59) not available, trying Charger 4 (fid=2)",425.42730634631715,4,,
Car 87,,,,,7,switch,,"Charger 7 (fid=4) not available, trying Charger 1 (fid=40)",425.58179400595657,1,,
Car 100,,,,48,,arrived,,arrived,426.03645121296574,,,
Car 101,,,,37,,arrived,,arrived,426.055274471338,,,
Car 102,,,,37,,arrived,,arrived,426.0900131624502,,,
Car 80,,,,,7,switch,,"Charger 7 (fid=4) not available, trying Charger 3 (fid=10)",426.10370169169425,3,,
Car 93,,,,,1,switch,,"Charger 1 (fid=40) not available, trying Charger 0 (fid=6)",426.2981905913014,0,,
Car 94,,,,,1,switch,,"Charger 1 (fid=40) not available, trying Charger 0 (fid=6)",426.3669545401195,0,,
Car 58,,,,,,gave_up,6,"no alternate charger available, gave up",426.4339102815328,,,
Car 74,,,,,1,switch,,"Charger 1 (fid=40) not available, trying Charger 7 (fid=4)",426.54945613763124,7,,
Car 95,,,,,2,switch,,"Charger 2 (fid=71) not available, trying Charger 0 (fid=6)",426.6018076797323,0,,
Car 88,,,,,6,switch,,"Charger 6 (fid=64) not available, trying Charger 5 (fid=59)",426.629271679079,5,,
Car 75,,,,,0,switch,,"Charger 0 (fid=6) not available, trying Charger 1 (fid=40)",426.70921296874377,1,,
Car 103,,,,28,,arrived,,arrived,427.02805759251106,,,
Car 89,,,,,0,switch,,"Charger 0 (fid=6) not available, trying Charger 1 (fid=40)",427.0352081349319,1,,
Car 96,,,,,2,switch,,"Charger 2 (fid=71) not available, trying Charger 0 (fid=6)",427.1835222566892,0,,
Car 97,,,,,0,switch,,"Charger 0 (fid=6) not available, trying Charger 1 (fid=40)",427.36272242508153,1,,
Car 104,,,,35,,arrived,,arrived,427.4337098654659,,,
Car 69,,,,,0,switch,,"Charger 0 (fid=6) not available, trying Charger 5 (fid=59)",427.6552516280108,5,,
Car 98,,,,,5,switch,,"Charger 5 (fid=59) not available, trying Charger 1 (fid=40)",427.71404407193677,1,,
Car 70,,,,,7,switch,,"Charger 7 (fid=4) not available, trying Charger 4 (fid=2)",427.8111689477987,4,,
Car 67,,,,,0,switch,,"Charger 0 (fid=6) not available, trying Charger 5 (fid=59)",428.5532834897925,5,,
Car 91,,,,,7,switch,,"Charger 7 (fid=4) not available, trying Charger 1 (fid=40)",428.67729911841104,1,,
Car 105,,,,57,,arrived,,arrived,428.78150933473825,,,
Car 82,,,,,2,switch,,"Charger 2 (fid=71) not available, trying Charger 0 (fid=6)",429.1844804023213,0,,
Car 78,,,,,0,switch,,"Charger 0 (fid=6) not available, trying Charger 1 (fid=40)",429.26581977426054,1,,
Car 79,,,,,0,switch,,"Charger 0 (fid=6) not available, trying Charger 1 (fid=40)",429.34250037500954,1,,
Car 92,,,,,0,switch,,"Charger 0 (fid=6) not available, trying Charger 1 (fid=40)",429.4626599365831,1,,
Car 90,,,,,7,switch,,"Charger 7 (fid=4) not available, trying Charger 3 (fid=10)",429.51350553177014,3,,
Car 73,,,,,1,switch,,"Charger 1 (fid=40) not available, trying Charger 5 (fid=59)",429.8274232599333,5,,
Car 99,,,,,2,switch,,"Charger 2 (fid=71) not available, trying Charger 0 (fid=6)",429.94237929179883,0,,
Car 106,,,,77,,arrived,,arrived,430.16547636584806,,,
Car 84,,,,,4,switch,,"Charger 4 (fid=2) not available, trying Charger 1 (fid=40)",430.4917241842579,1,,
Car 83,,,,,3,switch,,"Charger 3 (fid=10) not available, trying Charger 0 (fid=6)",430.7824961910505,0,,
Car 107,,,,57,,arrived,,arrived,430.81907409178126,,,
Car 100,,,,,7,switch,,"Charger 7 (fid=4) not available, trying Charger 2 (fid=71)",431.03645121296574,2,,
Car 101,,,,,7,switch,,"Charger 7 (fid=4) not available, trying Charger 3 (fid=10)",431.055274471338,3,,
Car 102,,,,,7,switch,,"Charger 7 (fid=4) not available, trying Charger 3 (fid=10)",431.0900131624502,3,,
Car 108,,,,48,,arrived,,arrived,431.0983164838463,,,
Car 76,,,,,1,switch,,"Charger 1 (fid=40) not available, trying Charger 5 (fid=59)",431.2057430401801,5,,
Car 62,,,,,4,switch,,"Charger 4 (fid=2) not available, trying Charger 6 (fid=64)",431.94652971215334,6,,
Car 109,,,,40,,arrived,,arrived,431.96134742802377,,,
Car 103,,,,,7,switch,,"Charger 7 (fid=4) not available, trying Charger 2 (fid=71)",432.02805759251106,2,,
Car 77,,,,,0,switch,,"Charger 0 (fid=6) not available, trying Charger 2 (fid=71)",432.1638395443258,2,,
Car 104,,,,,2,switch,,"Charger 2 (fid=71) not available, trying Charger 0 (fid=6)",432.4337098654659,0,,
Car 63,,,,,5,switch,,"Charger 5 (fid=59) not available, trying Charger 4 (fid=2)",432.5754829971624,4,,
Car 110,,,,5,,arrived,,arrived,432.63459059319877,,,
Car 80,,,,,3,switch,,"Charger 3 (fid=10) not available, trying Charger 1 (fid=40)",432.7951084161781,1,,
Car 88,,,,,5,switch,,"Charger 5 (fid=59) not available, trying Charger 0 (fid=6)",432.9839258100208,0,,
Car 65,,,,,5,switch,,"Charger 5 (fid=59) not available, trying Charger 4 (fid=2)",433.1029448539925,4,,
Car 111,,,,73,,arrived,,arrived,433.2276322120697,,,
Car 95,,,,,0,switch,,"Charger 0 (fid=6) not available, trying Charger 7 (fid=4)",433.23415485788735,7,,
Car 112,,,,27,,arrived,,arrived,433.249756278979,,,
Car 61,,,,,3,switch,,"Charger 3 (fid=10) not available, trying Charger 6 (fid=64)",433.37667358717215,6,,
Car 85,,,,,3,switch,,"Charger 3 (fid=10) not available, trying Charger 2 (fid=71)",433.4462960469818,2,,
Car 105,,,,,2,switch,,"Charger 2 (fid=71) not available, trying Charger 0 (fid=6)",433.78150933473825,0,,
Car 93,,,,,0,switch,,"Charger 0 (fid=6) not available, trying Charger 3 (fid=10)",433.78872705636894,3,,
Car 96,,,,,0,switch,,"Charger 0 (fid=6) not available, trying Charger 1 (fid=40)",433.8158694348442,1,,
Car 94,,,,,0,switch,,"Charger 0 (fid=6) not available, trying Charger 3 (fid=10)",433.857491005187,3,,
Car 75,,,,,1,switch,,"Charger 1 (fid=40) not available, trying Charger 5 (fid=59)",434.1997494338113,5,,
Car 89,,,,,1,switch,,"Charger 1 (fid=40) not available, trying Charger 3 (fid=10)",434.5257445999994,3,,
Car 87,,,,,1,switch,,"Charger 1 (fid=40) not available, trying Charger 2 (fid=71)",434.57768286648707,2,,
Car 113,,,,71,,arrived,,arrived,434.5821373237114,,,
Car 97,,,,,1,switch,,"Charger 1 (fid=40) not available, trying Charger 5 (fid=59)",434.85325889014905,5,,
Car 106,,,,,1,switch,,"Charger 1 (fid=40) not available, trying Charger 0 (fid=6)",435.16547636584806,0,,
Car 98,,,,,1,switch,,"Charger 1 (fid=40) not available, trying Charger 6 (fid=64)",435.22423515611274,6,,
Car 74,,,,,7,switch,,"Charger 7 (fid=4) not available, trying Charger 5 (fid=59)",435.54534499816174,5,,
Car 114,,,,124,,arrived,,arrived,435.5951933875699,,,
Car 69,,,,,5,switch,,"Charger 5 (fid=59) not available, trying Charger 4 (fid=2)",435.6585945352505,4,,
Car 82,,,,,0,switch,,"Charger 0 (fid=6) not available, trying Charger 1 (fid=40)",435.81682758047634,1,,
Car 107,,,,,2,switch,,"Charger 2 (fid=71) not available, trying Charger 0 (fid=6)",435.81907409178126,0,,
Car 108,,,,,7,switch,,"Charger 7 (fid=4) not available, trying Charger 2 (fid=71)",436.0983164838463,2,,
Car 90,,,,,3,switch,,"Charger 3 (fid=10) not available, trying Charger 0 (fid=6)",436.204912256254,0,,
Car 67,,,,,5,switch,,"Charger 5 (fid=59) not available, trying Charger 4 (fid=2)",436.5566263970322,4,,
Car 99,,,,,0,switch,,"Charger 0 (fid=6) not available, trying Charger 3 (fid=10)",436.5747264699539,3,,
Car 78,,,,,1,switch,,"Charger 1 (fid=40) not available, trying Charger 5 (fid=59)",436.75635623932806,5,,
Car 79,,,,,1,switch,,"Charger 1 (fid=40) not available, trying Charger 5 (fid=59)",436.83303684007706,5,,
Car 92,,,,,1,switch,,"Charger 1 (fid=40) not available, trying Charger 3 (fid=10)",436.95319640165064,3,,
Car 109,,,,,1,switch,,"Charger 1 (fid=40) not available, trying Charger 3 (fid=10)",436.96134742802377,3,,
Car 73,,,,,5,switch,,"Charger 5 (fid=59) not available, trying Charger 4 (fid=2)",437.3376143441093,4,,
Car 110,,,,,6,switch,,"Charger 6 (fid=64) not available, trying Charger 5 (fid=59)",437.63459059319877,5,,
Car 91,,,,,1,switch,,"Charger 1 (fid=40) not available, trying Charger 2 (fid=71)",437.67318797894154,2,,
Car 101,,,,,3,switch,,"Charger 3 (fid=10) not available, trying Charger 2 (fid=71)",437.74668119582185,2,,
Car 102,,,,,3,switch,,"Charger 3 (fid=10) not available, trying Charger 2 (fid=71)",437.78141988693403,2,,
Car 62,,,,,,gave_up,6,"no alternate charger available, gave up",438.19085500202175,,,
Car 111,,,,,3,switch,,"Charger 3 (fid=10) not available, trying Charger 7 (fid=4)",438.2276322120697,7,,
Car 112,,,,,2,switch,,"Charger 2 (fid=71) not available, trying Charger 0 (fid=6)",438.249756278979,0,,
Car 76,,,,,5,switch,,"Charger 5 (fid=59) not available, trying Charger 4 (fid=2)",438.71593412435607,4,,
Car 77,,,,,2,switch,,"Charger 2 (fid=71) not available, trying Charger 3 (fid=10)",438.79618672248085,3,,
Car 104,,,,,0,switch,,"Charger 0 (fid=6) not available, trying Charger 1 (fid=40)",439.06605704362096,1,,
Car 63,,,,,4,switch,,"Charger 4 (fid=2) not available, trying Charger 6 (fid=64)",439.0947063629986,6,,
Car 83,,,,,0,switch,,"Charger 0 (fid=6) not available, trying Charger 1 (fid=40)",439.13203352359824,1,,
Car 84,,,,,1,switch,,"Charger 1 (fid=40) not available, trying Charger 6 (fid=64)",439.2774084344743,6,,
Car 100,,,,,2,switch,,"Charger 2 (fid=71) not available, trying Charger 3 (fid=10)",439.57992729112146,3,,
Car 113,,,,,2,switch,,"Charger 2 (fid=71) not available, trying Charger 0 (fid=6)",439.5821373237114,0,,
Car 65,,,,,4,switch,,"Charger 4 (fid=2) not available, trying Charger 6 (fid=64)",439.62216821982867,6,,
Car 70,,,,,4,switch,,"Charger 4 (fid=2) not available, trying Charger 5 (fid=59)",439.8854154606715,5,,
Car 115,,,,75,,arrived,,arrived,439.95216895317935,,,
Car 80,,,,,1,switch,,"Charger 1 (fid=40) not available, trying Charger 5 (fid=59)",440.2529261463771,5,,
Car 105,,,,,0,switch,,"Charger 0 (fid=6) not available, trying Charger 7 (fid=4)",440.4138565128933,7,,
Car 103,,,,,2,switch,,"Charger 2 (fid=71) not available, trying Charger 3 (fid=10)",440.5715336706668,3,,
Car 114,,,,,2,switch,,"Charger 2 (fid=71) not available, trying Charger 0 (fid=6)",440.5951933875699,0,,
Car 88,,,,,0,switch,,"Charger 0 (fid=6) not available, trying Charger 1 (fid=40)",440.9872687172605,1,,
Car 116,,,,37,,arrived,,arrived,441.0176380437919,,,
Car 96,,,,,1,switch,,"Charger 1 (fid=40) not available, trying Charger 3 (fid=10)",441.30640589991174,3,,
Car 117,,,,19,,arrived,,arrived,441.5133180786961,,,
Car 75,,,,,5,switch,,"Charger 5 (fid=59) not available, trying Charger 4 (fid=2)",441.70994051798726,4,,
Car 89,,,,,3,switch,,"Charger 3 (fid=10) not available, trying Charger 7 (fid=4)",441.9835623301984,7,,
Car 57,55.0,40,1,,,done,,done charging,442.050310127227,,,304.70582152133267
Car 82,,40,1,,,start_charge,,starting to charge at Charger 1 (fid=40),442.050310127227,,23.742946081683158,
Car 85,,,,,2,switch,,"Charger 2 (fid=71) not available, trying Charger 7 (fid=4)",442.0713579273391,7,,
Car 93,,,,,3,switch,,"Charger 3 (fid=10) not available, trying Charger 2 (fid=71)",442.1382643889167,2,,
Car 69,,,,,4,switch,,"Charger 4 (fid=2) not available, trying Charger 6 (fid=64)",442.17781790108666,6,,
Car 94,,,,,3,switch,,"Charger 3 (fid=10) not available, trying Charger 2 (fid=71)",442.20702833773476,2,,
Car 118,,,,116,,arrived,,arrived,442.2083964201112,,,
Car 95,,,,,7,switch,,"Charger 7 (fid=4) not available, trying Charger 3 (fid=10)",442.24927405344033,3,,
Car 97,,,,,5,switch,,"Charger 5 (fid=59) not available, trying Charger 2 (fid=71)",442.363449974325,2,,
Car 107,,,,,0,switch,,"Charger 0 (fid=6) not available, trying Charger 7 (fid=4)",442.4514212699363,7,,
Car 106,,,,,0,switch,,"Charger 0 (fid=6) not available, trying Charger 5 (fid=59)",442.6560128309156,5,,
Car 67,,,,,4,switch,,"Charger 4 (fid=2) not available, trying Charger 6 (fid=64)",443.07584976286836,6,,
Car 87,,,,,2,switch,,"Charger 2 (fid=71) not available, trying Charger 0 (fid=6)",443.3753280962269,0,,
Car 119,,,,60,,arrived,,arrived,443.47256455936963,,,
Car 73,,,,,4,switch,,"Charger 4 (fid=2) not available, trying Charger 6 (fid=64)",443.85683770994547,6,,
Car 48,108.0,64,6,,,done,,done charging,443.96932611886126,,,108.50713824442957
Car 98,,64,6,,,start_charge,,starting to charge at Charger 6 (fid=64),443.96932611886126,,14.892414904552538,
Car 110,,,,,5,switch,,"Charger 5 (fid=59) not available, trying Charger 4 (fid=2)",443.9892447241406,4,,
Car 78,,,,,5,switch,,"Charger 5 (fid=59) not available, trying Charger 4 (fid=2)",444.266547323504,4,,
Car 79,,,,,5,switch,,"Charger 5 (fid=59) not available, trying Charger 4 (fid=2)",444.34322792425303,4,,
Car 92,,,,,3,switch,,"Charger 3 (fid=10) not available, trying Charger 7 (fid=4)",444.41101413184964,7,,
Car 109,,,,,3,switch,,"Charger 3 (fid=10) not available, trying Charger 0 (fid=6)",444.41916515822277,0,,
Car 90,,,,,0,switch,,"Charger 0 (fid=6) not available, trying Charger 1 (fid=40)",444.55444958880173,1,,
Car 61,,,,,6,switch,,"Charger 6 (fid=64) not available, trying Charger 7 (fid=4)",444.6162210152919,7,,
Car 108,,,,,2,switch,,"Charger 2 (fid=71) not available, trying Charger 3 (fid=10)",444.641792562002,3,,
Car 112,,,,,0,switch,,"Charger 0 (fid=6) not available, trying Charger 1 (fid=40)",444.88210345713406,1,,
Car 111,,,,,7,switch,,"Charger 7 (fid=4) not available, trying Charger 1 (fid=40)",444.91903893655353,1,,
Car 99,,,,,3,switch,,"Charger 3 (fid=10) not available, trying Charger 1 (fid=40)",444.9242638025016,1,,
Car 115,,,,,5,switch,,"Charger 5 (fid=59) not available, trying Charger 6 (fid=64)",444.95216895317935,6,,
Car 76,,,,,4,switch,,"Charger 4 (fid=2) not available, trying Charger 6 (fid=64)",445.23515749019225,6,,
Car 63,,,,,,gave_up,6,"no alternate charger available, gave up",445.339031652867,,,
Car 120,,,,68,,arrived,,arrived,445.53712991800904,,,
Car 65,,,,,,gave_up,6,"no alternate charger available, gave up",445.8664935096971,,,
Car 116,,,,,7,switch,,"Charger 7 (fid=4) not available, trying Charger 3 (fid=10)",446.0176380437919,3,,
Car 113,,,,,0,switch,,"Charger 0 (fid=6) not available, trying Charger 7 (fid=4)",446.2144845018664,7,,
Car 101,,,,,2,switch,,"Charger 2 (fid=71) not available, trying Charger 0 (fid=6)",446.37174307617914,0,,
Car 70,,,,,5,switch,,"Charger 5 (fid=59) not available, trying Charger 6 (fid=64)",446.40463882650766,6,,
Car 102,,,,,2,switch,,"Charger 2 (fid=71) not available, trying Charger 0 (fid=6)",446.4064817672913,0,,
Car 91,,,,,2,switch,,"Charger 2 (fid=71) not available, trying Charger 0 (fid=6)",446.47083320868137,0,,
Car 117,,,,,2,switch,,"Charger 2 (fid=71) not available, trying Charger 0 (fid=6)",446.5133180786961,0,,
Car 104,,,,,1,switch,,"Charger 1 (fid=40) not available, trying Charger 3 (fid=10)",446.5565935086885,3,,
Car 83,,,,,1,switch,,"Charger 1 (fid=40) not available, trying Charger 5 (fid=59)",446.62256998866576,5,,
Car 74,,,,,5,switch,,"Charger 5 (fid=59) not available, trying Charger 4 (fid=2)",446.784322233686,4,,
Car 118,,,,,0,switch,,"Charger 0 (fid=6) not available, trying Charger 2 (fid=71)",447.2083964201112,2,,
Car 114,,,,,0,switch,,"Charger 0 (fid=6) not available, trying Charger 7 (fid=4)",447.22754056572495,7,,
Car 77,,,,,3,switch,,"Charger 3 (fid=10) not available, trying Charger 7 (fid=4)",447.42124860283815,7,,
Car 53,73.0,10,3,,,done,,done charging,447.5671470247111,,,264.0872936606278
Car 100,,10,3,,,start_charge,,starting to charge at Charger 3 (fid=10),447.5671470247111,,14.362157853232361,
Car 80,,,,,5,switch,,"Charger 5 (fid=59) not available, trying Charger 4 (fid=2)",447.76311723055306,4,,
Car 84,,,,,6,switch,,"Charger 6 (fid=64) not available, trying Charger 2 (fid=71)",448.1300844926703,2,,
Car 75,,,,,4,switch,,"Charger 4 (fid=2) not available, trying Charger 6 (fid=64)",448.22916388382345,6,,
Car 69,,,,,,gave_up,6,"no alternate charger available, gave up",448.42214319095507,,,
Car 119,,,,,1,switch,,"Charger 1 (fid=40) not available, trying Charger 0 (fid=6)",448.47256455936963,0,,
Car 88,,,,,1,switch,,"Charger 1 (fid=40) not available, trying Charger 2 (fid=71)",448.47780518232804,2,,
Car 89,,,,,7,switch,,"Charger 7 (fid=4) not available, trying Charger 4 (fid=2)",448.67496905468226,4,,
Car 96,,,,,3,switch,,"Charger 3 (fid=10) not available, trying Charger 7 (fid=4)",448.76422363011073,7,,
Car 95,,,,,3,switch,,"Charger 3 (fid=10) not available, trying Charger 1 (fid=40)",448.9406807779242,1,,
Car 121,,,,14,,arrived,,arrived,449.18665211815,,,
Car 103,,,,,3,switch,,"Charger 3 (fid=10) not available, trying Charger 0 (fid=6)",449.1965955510241,0,,
Car 67,,,,,,gave_up,6,"no alternate charger available, gave up",449.3201750527368,,,
Car 105,,,,,7,switch,,"Charger 7 (fid=4) not available, trying Charger 3 (fid=10)",449.4289757084463,3,,
Car 87,,,,,0,switch,,"Charger 0 (fid=6) not available, trying Charger 5 (fid=59)",450.00767527438194,5,,
Car 73,,,,,,gave_up,6,"no alternate charger available, gave up",450.1011629998139,,,
Car 122,,,,37,,arrived,,arrived,450.2181903125932,,,
Car 110,,,,,4,switch,,"Charger 4 (fid=2) not available, trying Charger 1 (fid=40)",450.50846808997676,1,,
Car 120,,,,,2,switch,,"Charger 2 (fid=71) not available, trying Charger 0 (fid=6)",450.53712991800904,0,,
Car 85,,,,,7,switch,,"Charger 7 (fid=4) not available, trying Charger 5 (fid=59)",450.6148340054948,5,,
Car 106,,,,,5,switch,,"Charger 5 (fid=59) not available, trying Charger 3 (fid=10)",450.6593557381553,3,,
Car 93,,,,,2,switch,,"Charger 2 (fid=71) not available, trying Charger 7 (fid=4)",450.763326269274,7,,
Car 78,,,,,4,switch,,"Charger 4 (fid=2) not available, trying Charger 6 (fid=64)",450.7857706893402,6,,
Car 94,,,,,2,switch,,"Charger 2 (fid=71) not available, trying Charger 7 (fid=4)",450.83209021809205,7,,
Car 79,,,,,4,switch,,"Charger 4 (fid=2) not available, trying Charger 6 (fid=64)",450.8624512900892,6,,
Car 92,,,,,7,switch,,"Charger 7 (fid=4) not available, trying Charger 5 (fid=59)",451.1024208563335,5,,
Car 115,,,,,6,switch,,"Charger 6 (fid=64) not available, trying Charger 4 (fid=2)",451.30682308412116,4,,
Car 107,,,,,7,switch,,"Charger 7 (fid=4) not available, trying Charger 3 (fid=10)",451.4665404654893,3,,
Car 76,,,,,,gave_up,6,"no alternate charger available, gave up",451.47948278006066,,,
Car 97,,,,,2,switch,,"Charger 2 (fid=71) not available, trying Charger 4 (fid=2)",451.992376553948,4,,
Car 90,,,,,1,switch,,"Charger 1 (fid=40) not available, trying Charger 5 (fid=59)",452.04498605386925,5,,
Car 123,,,,60,,arrived,,arrived,452.0518780956434,,,
Car 112,,,,,1,switch,,"Charger 1 (fid=40) not available, trying Charger 3 (fid=10)",452.3726399222016,3,,
Car 99,,,,,1,switch,,"Charger 1 (fid=40) not available, trying Charger 7 (fid=4)",452.3820815327006,7,,
Car 116,,,,,3,switch,,"Charger 3 (fid=10) not available, trying Charger 2 (fid=71)",452.70904476827576,2,,
Car 70,,,,,,gave_up,6,"no alternate charger available, gave up",452.7592929574495,,,
Car 109,,,,,0,switch,,"Charger 0 (fid=6) not available, trying Charger 5 (fid=59)",452.7687024907705,5,,
Car 101,,,,,0,switch,,"Charger 0 (fid=6) not available, trying Charger 1 (fid=40)",453.0040902543342,1,,
Car 102,,,,,0,switch,,"Charger 0 (fid=6) not available, trying Charger 1 (fid=40)",453.03882894544637,1,,
Car 91,,,,,0,switch,,"Charger 0 (fid=6) not available, trying Charger 5 (fid=59)",453.1031803868364,5,,
Car 117,,,,,0,switch,,"Charger 0 (fid=6) not available, trying Charger 7 (fid=4)",453.14566525685115,7,,
Car 108,,,,,3,switch,,"Charger 3 (fid=10) not available, trying Charger 0 (fid=6)",453.2668544423593,0,,
Car 74,,,,,4,switch,,"Charger 4 (fid=2) not available, trying Charger 6 (fid=64)",453.3035455995222,6,,
Car 118,,,,,2,switch,,"Charger 2 (fid=71) not available, trying Charger 4 (fid=2)",453.8407435982663,4,,
Car 111,,,,,1,switch,,"Charger 1 (fid=40) not available, trying Charger 2 (fid=71)",453.91492779708403,2,,
Car 104,,,,,3,switch,,"Charger 3 (fid=10) not available, trying Charger 7 (fid=4)",454.0144112388875,7,,
Car 77,,,,,,gave_up,7,"no alternate charger available, gave up",454.112655327322,,,
Car 83,,,,,5,switch,,"Charger 5 (fid=59) not available, trying Charger 4 (fid=2)",454.13276107284173,4,,
Car 121,,,,,2,switch,,"Charger 2 (fid=71) not available, trying Charger 0 (fid=6)",454.18665211815,0,,
Car 80,,,,,4,switch,,"Charger 4 (fid=2) not available, trying Charger 6 (fid=64)",454.28234059638925,6,,
Car 124,,,,58,,arrived,,arrived,454.43196220735,,,
Car 75,,,,,,gave_up,6,"no alternate charger available, gave up",454.47348917369186,,,
Car 125,,,,37,,arrived,,arrived,454.5571768818925,,,
Car 122,,,,,7,switch,,"Charger 7 (fid=4) not available, trying Charger 3 (fid=10)",455.2181903125932,3,,
Car 113,,,,,7,switch,,"Charger 7 (fid=4) not available, trying Charger 3 (fid=10)",455.2296036974194,3,,
Car 96,,,,,7,switch,,"Charger 7 (fid=4) not available, trying Charger 4 (fid=2)",455.4556303545946,4,,
Car 119,,,,,0,switch,,"Charger 0 (fid=6) not available, trying Charger 3 (fid=10)",455.96310102443715,3,,
Car 105,,,,,3,switch,,"Charger 3 (fid=10) not available, trying Charger 1 (fid=40)",456.1203824329301,1,,
Car 114,,,,,7,switch,,"Charger 7 (fid=4) not available, trying Charger 3 (fid=10)",456.24265976127793,3,,
Car 126,,,,37,,arrived,,arrived,456.38030506525314,,,
Car 95,,,,,1,switch,,"Charger 1 (fid=40) not available, trying Charger 5 (fid=59)",456.39849850812317,5,,
Car 127,,,,61,,arrived,,arrived,456.7669863024427,,,
Car 78,,,,,,gave_up,6,"no alternate charger available, gave up",457.0300959792086,,,
Car 123,,,,,1,switch,,"Charger 1 (fid=40) not available, trying Charger 0 (fid=6)",457.0518780956434,0,,
Car 79,,,,,,gave_up,6,"no alternate charger available, gave up",457.1067765799576,,,
Car 120,,,,,0,switch,,"Charger 0 (fid=6) not available, trying Charger 7 (fid=4)",457.1694770961641,7,,
Car 61,,,,,,gave_up,7,"no alternate charger available, gave up",457.187941154476,,,
Car 88,,,,,2,switch,,"Charger 2 (fid=71) not available, trying Charger 3 (fid=10)",457.27545041206787,3,,
Car 103,,,,,0,switch,,"Charger 0 (fid=6) not available, trying Charger 1 (fid=40)",457.54613288357183,1,,
Car 115,,,,,4,switch,,"Charger 4 (fid=2) not available, trying Charger 1 (fid=40)",457.5511483739896,1,,
Car 68,64.0,4,7,,,done,,done charging,457.5948824163275,,,101.07430903055587
Car 93,,4,7,,,start_charge,,starting to charge at Charger 7 (fid=4),457.5948824163275,,23.288080068897784,
Car 128,,,,1,,arrived,,arrived,457.80884042468836,,,
Car 87,,,,,5,switch,,"Charger 5 (fid=59) not available, trying Charger 4 (fid=2)",458.01101818162164,4,,
Car 129,,,,59,,arrived,,arrived,458.0999945946875,,,
Car 107,,,,,3,switch,,"Charger 3 (fid=10) not available, trying Charger 1 (fid=40)",458.15794718997313,1,,
Car 84,,,,,2,switch,,"Charger 2 (fid=71) not available, trying Charger 3 (fid=10)",458.791040197536,3,,
Car 130,,,,10,,arrived,,arrived,458.81554319011934,,,
Car 110,,,,,1,switch,,"Charger 1 (fid=40) not available, trying Charger 0 (fid=6)",459.29415234019314,0,,
Car 52,84.0,40,1,,,done,,done charging,459.3644170528591,,,214.70989851421444
Car 101,,40,1,,,start_charge,,starting to charge at Charger 1 (fid=40),459.3644170528591,,23.869790333457388,
Car 94,,,,,7,switch,,"Charger 7 (fid=4) not available, trying Charger 5 (fid=59)",459.37556629624777,5,,
Car 124,,,,,5,switch,,"Charger 5 (fid=59) not available, trying Charger 6 (fid=64)",459.43196220735,6,,
Car 74,,,,,,gave_up,6,"no alternate charger available, gave up",459.5478708893906,,,
Car 90,,,,,5,switch,,"Charger 5 (fid=59) not available, trying Charger 4 (fid=2)",459.5551771380452,4,,
Car 125,,,,,7,switch,,"Charger 7 (fid=4) not available, trying Charger 3 (fid=10)",459.5571768818925,3,,
Car 131,,,,29,,arrived,,arrived,459.61472271734334,,,
Car 112,,,,,3,switch,,"Charger 3 (fid=10) not available, trying Charger 7 (fid=4)",459.8304576524006,7,,
Car 132,,,,21,,arrived,,arrived,460.35843381438315,,,
Car 80,,,,,,gave_up,6,"no alternate charger available, gave up",460.52666588625766,,,
Car 102,,,,,1,switch,,"Charger 1 (fid=40) not available, trying Charger 5 (fid=59)",460.5293654105139,5,,
Car 106,,,,,3,switch,,"Charger 3 (fid=10) not available, trying Charger 2 (fid=71)",460.54436406514515,2,,
Car 83,,,,,4,switch,,"Charger 4 (fid=2) not available, trying Charger 6 (fid=64)",460.6519844386779,6,,
Car 104,,,,,7,switch,,"Charger 7 (fid=4) not available, trying Charger 5 (fid=59)",460.7058179633713,5,,
Car 89,,,,,4,switch,,"Charger 4 (fid=2) not available, trying Charger 5 (fid=59)",460.74921556755504,5,,
Car 109,,,,,5,switch,,"Charger 5 (fid=59) not available, trying Charger 4 (fid=2)",460.7720453980102,4,,
Car 121,,,,,0,switch,,"Charger 0 (fid=6) not available, trying Charger 3 (fid=10)",460.81899929630504,3,,
Car 133,,,,73,,arrived,,arrived,460.8353479537354,,,
Car 91,,,,,5,switch,,"Charger 5 (fid=59) not available, trying Charger 4 (fid=2)",461.1065232940761,4,,
Car 116,,,,,2,switch,,"Charger 2 (fid=71) not available, trying Charger 0 (fid=6)",461.33410664863305,0,,
Car 99,,,,,7,switch,,"Charger 7 (fid=4) not available, trying Charger 5 (fid=59)",461.3779703932311,5,,
Car 126,,,,,7,switch,,"Charger 7 (fid=4) not available, trying Charger 3 (fid=10)",461.38030506525314,3,,
Car 108,,,,,0,switch,,"Charger 0 (fid=6) not available, trying Charger 1 (fid=40)",461.6163917749071,1,,
Car 97,,,,,4,switch,,"Charger 4 (fid=2) not available, trying Charger 3 (fid=10)",461.69909640421014,3,,
Car 127,,,,,1,switch,,"Charger 1 (fid=40) not available, trying Charger 3 (fid=10)",461.7669863024427,3,,
Car 85,,,,,5,switch,,"Charger 5 (fid=59) not available, trying Charger 4 (fid=2)",461.85381124101906,4,,
Car 134,,,,7,,arrived,,arrived,461.8602384114743,,,
Car 122,,,,,3,switch,,"Charger 3 (fid=10) not available, trying Charger 2 (fid=71)",461.90959703707705,2,,
Car 113,,,,,3,switch,,"Charger 3 (fid=10) not available, trying Charger 1 (fid=40)",461.92101042190325,1,,
Car 117,,,,,7,switch,,"Charger 7 (fid=4) not available, trying Charger 3 (fid=10)",462.16078445240413,3,,
Car 92,,,,,5,switch,,"Charger 5 (fid=59) not available, trying Charger 4 (fid=2)",462.34139809185774,4,,
Car 111,,,,,2,switch,,"Charger 2 (fid=71) not available, trying Charger 0 (fid=6)",462.71257302682386,0,,
Car 128,,,,,0,switch,,"Charger 0 (fid=6) not available, trying Charger 5 (fid=59)",462.80884042468836,5,,
Car 114,,,,,3,switch,,"Charger 3 (fid=10) not available, trying Charger 1 (fid=40)",462.9340664857618,1,,
Car 129,,,,,5,switch,,"Charger 5 (fid=59) not available, trying Charger 6 (fid=64)",463.0999945946875,6,,
Car 118,,,,,4,switch,,"Charger 4 (fid=2) not available, trying Charger 5 (fid=59)",463.5474634485284,5,,
Car 105,,,,,1,switch,,"Charger 1 (fid=40) not available, trying Charger 5 (fid=59)",463.5782001631291,5,,
Car 130,,,,,3,switch,,"Charger 3 (fid=10) not available, trying Charger 7 (fid=4)",463.81554319011934,7,,
Car 135,,,,31,,arrived,,arrived,463.88935324745086,,,
Car 136,,,,55,,arrived,,arrived,463.8958983735216,,,
Car 95,,,,,5,switch,,"Charger 5 (fid=59) not available, trying Charger 4 (fid=2)",463.90868959229914,4,,
Car 119,,,,,3,switch,,"Charger 3 (fid=10) not available, trying Charger 5 (fid=59)",464.3126383569849,5,,
Car 87,,,,,4,switch,,"Charger 4 (fid=2) not available, trying Charger 6 (fid=64)",464.5302415474578,6,,
Car 123,,,,,0,switch,,"Charger 0 (fid=6) not available, trying Charger 3 (fid=10)",464.54241456071094,3,,
Car 131,,,,,7,switch,,"Charger 7 (fid=4) not available, trying Charger 2 (fid=71)",464.61472271734334,2,,
Car 103,,,,,1,switch,,"Charger 1 (fid=40) not available, trying Charger 5 (fid=59)",465.03666934863935,5,,
Car 132,,,,,4,switch,,"Charger 4 (fid=2) not available, trying Charger 0 (fid=6)",465.35843381438315,0,,
Car 107,,,,,1,switch,,"Charger 1 (fid=40) not available, trying Charger 5 (fid=59)",465.6157649201721,5,,
Car 124,,,,,6,switch,,"Charger 6 (fid=64) not available, trying Charger 4 (fid=2)",465.7866163382918,4,,
Car 133,,,,,3,switch,,"Charger 3 (fid=10) not available, trying Charger 7 (fid=4)",465.8353479537354,7,,
Car 88,,,,,3,switch,,"Charger 3 (fid=10) not available, trying Charger 7 (fid=4)",465.90051229242516,7,,
Car 90,,,,,4,switch,,"Charger 4 (fid=2) not available, trying Charger 6 (fid=64)",466.0744005038814,6,,
Car 120,,,,,7,switch,,"Charger 7 (fid=4) not available, trying Charger 3 (fid=10)",466.18459629171707,3,,
Car 125,,,,,3,switch,,"Charger 3 (fid=10) not available, trying Charger 2 (fid=71)",466.2485836063763,2,,
Car 115,,,,,1,switch,,"Charger 1 (fid=40) not available, trying Charger 0 (fid=6)",466.33683262420595,0,,
Car 112,,,,,7,switch,,"Charger 7 (fid=4) not available, trying Charger 4 (fid=2)",466.5218643768844,4,,
Car 110,,,,,0,switch,,"Charger 0 (fid=6) not available, trying Charger 2 (fid=71)",466.78468880526066,2,,
Car 134,,,,,4,switch,,"Charger 4 (fid=2) not available, trying Charger 5 (fid=59)",466.8602384114743,5,,
Car 83,,,,,,gave_up,6,"no alternate charger available, gave up",466.8963097285463,,,
Car 89,,,,,5,switch,,"Charger 5 (fid=59) not available, trying Charger 6 (fid=64)",467.2684389333912,6,,
Car 109,,,,,4,switch,,"Charger 4 (fid=2) not available, trying Charger 2 (fid=71)",467.2912687638464,2,,
Car 84,,,,,3,switch,,"Charger 3 (fid=10) not available, trying Charger 7 (fid=4)",467.4161020778933,7,,
Car 96,,,,,4,switch,,"Charger 4 (fid=2) not available, trying Charger 5 (fid=59)",467.52987686746735,5,,
Car 137,,,,66,,arrived,,arrived,467.59950504781347,,,
Car 91,,,,,4,switch,,"Charger 4 (fid=2) not available, trying Charger 6 (fid=64)",467.6257466599123,6,,
Car 138,,,,60,,arrived,,arrived,467.67497830263454,,,
Car 116,,,,,0,switch,,"Charger 0 (fid=6) not available, trying Charger 1 (fid=40)",467.9664538267881,1,,
Car 102,,,,,5,switch,,"Charger 5 (fid=59) not available, trying Charger 4 (fid=2)",468.03955649468986,4,,
Car 139,,,,63,,arrived,,arrived,468.04479542125085,,,
Car 126,,,,,3,switch,,"Charger 3 (fid=10) not available, trying Charger 2 (fid=71)",468.071711789737,2,,
Car 85,,,,,4,switch,,"Charger 4 (fid=2) not available, trying Charger 6 (fid=64)",468.37303460685524,6,,
Car 117,,,,,3,switch,,"Charger 3 (fid=10) not available, trying Charger 1 (fid=40)",468.85219117688797,1,,
Car 92,,,,,4,switch,,"Charger 4 (fid=2) not available, trying Charger 6 (fid=64)",468.8606214576939,6,,
Car 135,,,,,2,switch,,"Charger 2 (fid=71) not available, trying Charger 0 (fid=6)",468.88935324745086,0,,
Car 136,,,,,2,switch,,"Charger 2 (fid=71) not available, trying Charger 0 (fid=6)",468.8958983735216,0,,
Car 140,,,,61,,arrived,,arrived,468.95478579201955,,,
Car 64,73.0,6,0,,,done,,done charging,468.96697501630194,,,104.43132121159964
Car 111,,6,0,,,start_charge,,starting to charge at Charger 0 (fid=6),468.96697501630194,,24.62205481132304,
Car 108,,,,,1,switch,,"Charger 1 (fid=40) not available, trying Charger 5 (fid=59)",469.1069282399746,5,,
Car 121,,,,,3,switch,,"Charger 3 (fid=10) not available, trying Charger 7 (fid=4)",469.1685366288528,7,,
Car 106,,,,,2,switch,,"Charger 2 (fid=71) not available, trying Charger 4 (fid=2)",469.16942594550244,4,,
Car 127,,,,,3,switch,,"Charger 3 (fid=10) not available, trying Charger 0 (fid=6)",469.2248040326417,0,,
Car 113,,,,,1,switch,,"Charger 1 (fid=40) not available, trying Charger 5 (fid=59)",469.37882815210224,5,,
Car 129,,,,,6,switch,,"Charger 6 (fid=64) not available, trying Charger 4 (fid=2)",469.4546487256293,4,,
Car 118,,,,,5,switch,,"Charger 5 (fid=59) not available, trying Charger 1 (fid=40)",470.0666868143646,1,,
Car 141,,,,29,,arrived,,arrived,470.299593911605,,,
Car 114,,,,,1,switch,,"Charger 1 (fid=40) not available, trying Charger 4 (fid=2)",470.3918842159608,4,,
Car 95,,,,,4,switch,,"Charger 4 (fid=2) not available, trying Charger 6 (fid=64)",470.4279129581353,6,,
Car 130,,,,,7,switch,,"Charger 7 (fid=4) not available, trying Charger 1 (fid=40)",470.5069499146032,1,,
Car 122,,,,,2,switch,,"Charger 2 (fid=71) not available, trying Charger 0 (fid=6)",470.53465891743434,0,,
Car 71,46.0,10,3,,,done,,done charging,470.59187987297327,,,335.45557441335194
Car 137,,10,3,,,start_charge,,starting to charge at Charger 3 (fid=10),470.59187987297327,,2.9923748251598,
Car 94,,,,,5,switch,,"Charger 5 (fid=59) not available, trying Charger 4 (fid=2)",470.61454353177203,4,,
Car 142,,,,2,,arrived,,arrived,470.7046545402909,,,
Car 87,,,,,,gave_up,6,"no alternate charger available, gave up",470.77456683732623,,,
Car 128,,,,,5,switch,,"Charger 5 (fid=59) not available, trying Charger 4 (fid=2)",470.81218333192805,4,,
Car 105,,,,,5,switch,,"Charger 5 (fid=59) not available, trying Charger 4 (fid=2)",471.0883912473051,4,,
Car 104,,,,,5,switch,,"Charger 5 (fid=59) not available, trying Charger 4 (fid=2)",471.9447951988956,4,,
Car 124,,,,,4,switch,,"Charger 4 (fid=2) not available, trying Charger 1 (fid=40)",472.03094162816024,1,,
Car 90,,,,,,gave_up,6,"no alternate charger available, gave up",472.3187257937498,,,
Car 133,,,,,7,switch,,"Charger 7 (fid=4) not available, trying Charger 1 (fid=40)",472.5267546782192,1,,
Car 103,,,,,5,switch,,"Charger 5 (fid=59) not available, trying Charger 4 (fid=2)",472.5468604328153,4,,
Car 88,,,,,,gave_up,7,"no alternate charger available, gave up",472.591919016909,,,
Car 99,,,,,5,switch,,"Charger 5 (fid=59) not available, trying Charger 4 (fid=2)",472.6169476287554,4,,
Car 97,,,,,3,switch,,"Charger 3 (fid=10) not available, trying Charger 6 (fid=64)",472.64532725389404,6,,
Car 138,,,,,1,switch,,"Charger 1 (fid=40) not available, trying Charger 0 (fid=6)",472.67497830263454,0,,
Car 120,,,,,3,switch,,"Charger 3 (fid=10) not available, trying Charger 1 (fid=40)",472.8760030162009,1,,
Car 123,,,,,3,switch,,"Charger 3 (fid=10) not available, trying Charger 5 (fid=59)",472.8919518932587,5,,
Car 139,,,,,7,switch,,"Charger 7 (fid=4) not available, trying Charger 3 (fid=10)",473.04479542125085,3,,
Car 107,,,,,5,switch,,"Charger 5 (fid=59) not available, trying Charger 4 (fid=2)",473.1259560043481,4,,
Car 131,,,,,2,switch,,"Charger 2 (fid=71) not available, trying Charger 3 (fid=10)",473.15819879549906,3,,
Car 134,,,,,5,switch,,"Charger 5 (fid=59) not available, trying Charger 6 (fid=64)",473.3794617773105,6,,
Car 110,,,,,2,switch,,"Charger 2 (fid=71) not available, trying Charger 3 (fid=10)",473.4170359834157,3,,
Car 89,,,,,,gave_up,6,"no alternate charger available, gave up",473.62309306433303,,,
Car 132,,,,,0,switch,,"Charger 0 (fid=6) not available, trying Charger 5 (fid=59)",473.6239433128735,5,,
Car 59,85.0,6,0,,,done,,done charging,473.68299161539534,,,125.79907952366686
Car 115,,6,0,,,start_charge,,starting to charge at Charger 0 (fid=6),473.68299161539534,,24.855622526121863,
Car 91,,,,,,gave_up,6,"no alternate charger available, gave up",473.8700719497807,,,
Car 140,,,,,1,switch,,"Charger 1 (fid=40) not available, trying Charger 3 (fid=10)",473.95478579201955,3,,
Car 96,,,,,5,switch,,"Charger 5 (fid=59) not available, trying Charger 6 (fid=64)",474.04910023330353,6,,
Car 84,,,,,,gave_up,7,"no alternate charger available, gave up",474.10750880237714,,,
Car 119,,,,,5,switch,,"Charger 5 (fid=59) not available, trying Charger 2 (fid=71)",474.19764668397477,2,,
Car 102,,,,,4,switch,,"Charger 4 (fid=2) not available, trying Charger 6 (fid=64)",474.55877986052604,6,,
Car 143,,,,28,,arrived,,arrived,474.6009608819424,,,
Car 85,,,,,,gave_up,6,"no alternate charger available, gave up",474.61735989672366,,,
Car 125,,,,,2,switch,,"Charger 2 (fid=71) not available, trying Charger 0 (fid=6)",474.8736454867336,0,,
Car 144,,,,55,,arrived,,arrived,475.0164730768474,,,
Car 92,,,,,,gave_up,6,"no alternate charger available, gave up",475.10494674756234,,,
Car 145,,,,118,,arrived,,arrived,475.1089237197199,,,
Car 141,,,,,2,switch,,"Charger 2 (fid=71) not available, trying Charger 0 (fid=6)",475.299593911605,0,,
Car 116,,,,,1,switch,,"Charger 1 (fid=40) not available, trying Charger 5 (fid=59)",475.4569902918556,5,,
Car 135,,,,,0,switch,,"Charger 0 (fid=6) not available, trying Charger 3 (fid=10)",475.5217004256059,3,,
Car 136,,,,,0,switch,,"Charger 0 (fid=6) not available, trying Charger 7 (fid=4)",475.52824555167666,7,,
Car 129,,,,,4,switch,,"Charger 4 (fid=2) not available, trying Charger 1 (fid=40)",475.6989740154977,1,,
Car 142,,,,,4,switch,,"Charger 4 (fid=2) not available, trying Charger 6 (fid=64)",475.7046545402909,6,,
Car 121,,,,,7,switch,,"Charger 7 (fid=4) not available, trying Charger 1 (fid=40)",475.85994335333663,1,,
Car 56,106.0,71,2,,,done,,done charging,475.9294125334561,,,52.705083189425714
Car 126,,71,2,,,start_charge,,starting to charge at Charger 2 (fid=71),475.9294125334561,,14.232638863361842,
Car 146,,,,71,,arrived,,arrived,476.21814951867486,,,
Car 117,,,,,1,switch,,"Charger 1 (fid=40) not available, trying Charger 4 (fid=2)",476.31000890708697,4,,
Car 108,,,,,5,switch,,"Charger 5 (fid=59) not available, trying Charger 4 (fid=2)",476.61711932415056,4,,
Car 95,,,,,,gave_up,6,"no alternate charger available, gave up",476.67223824800374,,,
Car 113,,,,,5,switch,,"Charger 5 (fid=59) not available, trying Charger 4 (fid=2)",476.8890192362782,4,,
Car 109,,,,,2,switch,,"Charger 2 (fid=71) not available, trying Charger 6 (fid=64)",476.9979886141085,6,,
Car 94,,,,,4,switch,,"Charger 4 (fid=2) not available, trying Charger 6 (fid=64)",477.1337668976082,6,,
Car 122,,,,,0,switch,,"Charger 0 (fid=6) not available, trying Charger 1 (fid=40)",477.1670060955894,1,,
Car 128,,,,,4,switch,,"Charger 4 (fid=2) not available, trying Charger 1 (fid=40)",477.33140669776424,1,,
Car 127,,,,,0,switch,,"Charger 0 (fid=6) not available, trying Charger 5 (fid=59)",477.57434136518947,5,,
Car 118,,,,,1,switch,,"Charger 1 (fid=40) not available, trying Charger 6 (fid=64)",477.57687789854054,6,,
Car 105,,,,,4,switch,,"Charger 4 (fid=2) not available, trying Charger 6 (fid=64)",477.60761461314127,6,,
Car 147,,,,77,,arrived,,arrived,477.6618768143767,,,
Car 148,,,,73,,arrived,,arrived,477.992934182591,,,
Car 104,,,,,4,switch,,"Charger 4 (fid=2) not available, trying Charger 6 (fid=64)",478.46401856473176,6,,
Car 112,,,,,4,switch,,"Charger 4 (fid=2) not available, trying Charger 5 (fid=59)",478.5961108897572,5,,
Car 149,,,,77,,arrived,,arrived,478.8309990388361,,,
Car 106,,,,,4,switch,,"Charger 4 (fid=2) not available, trying Charger 6 (fid=64)",478.87614579576456,6,,
Car 103,,,,,4,switch,,"Charger 4 (fid=2) not available, trying Charger 6 (fid=64)",479.0660837986515,6,,
Car 99,,,,,4,switch,,"Charger 4 (fid=2) not available, trying Charger 6 (fid=64)",479.13617099459157,6,,
Car 114,,,,,4,switch,,"Charger 4 (fid=2) not available, trying Charger 5 (fid=59)",479.17756846617715,5,,
Car 150,,,,39,,arrived,,arrived,479.29410892335005,,,
Car 130,,,,,1,switch,,"Charger 1 (fid=40) not available, trying Charger 0 (fid=6)",479.5028387751337,0,,
Car 143,,,,,7,switch,,"Charger 7 (fid=4) not available, trying Charger 2 (fid=71)",479.6009608819424,2,,
Car 107,,,,,4,switch,,"Charger 4 (fid=2) not available, trying Charger 6 (fid=64)",479.6451793701843,6,,
Car 134,,,,,6,switch,,"Charger 6 (fid=64) not available, trying Charger 0 (fid=6)",479.7341159082523,0,,
Car 139,,,,,3,switch,,"Charger 3 (fid=10) not available, trying Charger 1 (fid=40)",479.7362021457347,1,,
Car 151,,,,29,,arrived,,arrived,479.7754703612144,,,
Car 144,,,,,2,switch,,"Charger 2 (fid=71) not available, trying Charger 0 (fid=6)",480.0164730768474,0,,
Car 152,,,,21,,arrived,,arrived,480.0914533114032,,,
Car 145,,,,,4,switch,,"Charger 4 (fid=2) not available, trying Charger 0 (fid=6)",480.1089237197199,0,,
Car 138,,,,,0,switch,,"Charger 0 (fid=6) not available, trying Charger 3 (fid=10)",480.16551476770206,3,,
Car 120,,,,,1,switch,,"Charger 1 (fid=40) not available, trying Charger 5 (fid=59)",480.3338207463999,5,,
Car 96,,,,,,gave_up,6,"no alternate charger available, gave up",480.40375436424534,,,
Car 153,,,,15,,arrived,,arrived,480.74617912975884,,,
Car 102,,,,,,gave_up,6,"no alternate charger available, gave up",480.80310515039446,,,
Car 124,,,,,1,switch,,"Charger 1 (fid=40) not available, trying Charger 0 (fid=6)",480.8166258783766,0,,
Car 146,,,,,2,switch,,"Charger 2 (fid=71) not available, trying Charger 0 (fid=6)",481.21814951867486,0,,
Car 140,,,,,3,switch,,"Charger 3 (fid=10) not available, trying Charger 0 (fid=6)",481.41260352221855,0,,
Car 125,,,,,0,switch,,"Charger 0 (fid=6) not available, trying Charger 1 (fid=40)",481.50599266488865,1,,
Car 133,,,,,1,switch,,"Charger 1 (fid=40) not available, trying Charger 2 (fid=71)",481.5226435387497,2,,
Car 132,,,,,5,switch,,"Charger 5 (fid=59) not available, trying Charger 2 (fid=71)",481.6272862201132,2,,
Car 131,,,,,3,switch,,"Charger 3 (fid=10) not available, trying Charger 0 (fid=6)",481.78326067585635,0,,
Car 141,,,,,0,switch,,"Charger 0 (fid=6) not available, trying Charger 1 (fid=40)",481.93194108976,1,,
Car 142,,,,,6,switch,,"Charger 6 (fid=64) not available, trying Charger 5 (fid=59)",481.9489798301593,5,,
Car 110,,,,,3,switch,,"Charger 3 (fid=10) not available, trying Charger 7 (fid=4)",482.042097863773,7,,
Car 72,86.0,2,4,,,done,,done charging,482.5423433087699,,,81.2900161151567
Car 108,,2,4,,,start_charge,,starting to charge at Charger 4 (fid=2),482.5423433087699,,34.40600061878314,
Car 147,,,,,1,switch,,"Charger 1 (fid=40) not available, trying Charger 0 (fid=6)",482.6618768143767,0,,
Car 154,,,,55,,arrived,,arrived,482.741789614105,,,
Car 123,,,,,5,switch,,"Charger 5 (fid=59) not available, trying Charger 2 (fid=71)",482.77696022024855,2,,
Car 155,,,,68,,arrived,,arrived,482.8067811574079,,,
Car 116,,,,,5,switch,,"Charger 5 (fid=59) not available, trying Charger 4 (fid=2)",482.9671813760316,4,,
Car 148,,,,,3,switch,,"Charger 3 (fid=10) not available, trying Charger 7 (fid=4)",482.992934182591,7,,
Car 94,,,,,,gave_up,6,"no alternate charger available, gave up",483.3780921874766,,,
Car 113,,,,,4,switch,,"Charger 4 (fid=2) not available, trying Charger 6 (fid=64)",483.4082426021144,6,,
Car 60,94.0,71,2,,,done,,done charging,483.4307658213999,,,226.26941955334607
Car 119,,71,2,,,start_charge,,starting to charge at Charger 2 (fid=71),483.4307658213999,,24.60419255780215,
Car 156,,,,63,,arrived,,arrived,483.4830566295899,,,
Car 149,,,,,1,switch,,"Charger 1 (fid=40) not available, trying Charger 0 (fid=6)",483.8309990388361,0,,
Car 105,,,,,,gave_up,6,"no alternate charger available, gave up",483.8519399030097,,,
Car 135,,,,,3,switch,,"Charger 3 (fid=10) not available, trying Charger 1 (fid=40)",483.87123775815365,1,,
Car 97,,,,,6,switch,,"Charger 6 (fid=64) not available, trying Charger 7 (fid=4)",483.8848746820138,7,,
Car 150,,,,,1,switch,,"Charger 1 (fid=40) not available, trying Charger 5 (fid=59)",484.29410892335005,5,,
Car 129,,,,,1,switch,,"Charger 1 (fid=40) not available, trying Charger 0 (fid=6)",484.4846582657141,0,,
Car 136,,,,,7,switch,,"Charger 7 (fid=4) not available, trying Charger 3 (fid=10)",484.54336474722965,3,,
Car 122,,,,,1,switch,,"Charger 1 (fid=40) not available, trying Charger 5 (fid=59)",484.6575425606569,5,,
Car 104,,,,,,gave_up,6,"no alternate charger available, gave up",484.7083438546002,,,
Car 151,,,,,7,switch,,"Charger 7 (fid=4) not available, trying Charger 2 (fid=71)",484.7754703612144,2,,
Car 121,,,,,1,switch,,"Charger 1 (fid=40) not available, trying Charger 5 (fid=59)",484.85583221386713,5,,
Car 152,,,,,4,switch,,"Charger 4 (fid=2) not available, trying Charger 0 (fid=6)",485.0914533114032,0,,
Car 117,,,,,4,switch,,"Charger 4 (fid=2) not available, trying Charger 5 (fid=59)",485.09569315730334,5,,
Car 112,,,,,5,switch,,"Charger 5 (fid=59) not available, trying Charger 6 (fid=64)",485.1153342555934,6,,
Car 106,,,,,6,switch,,"Charger 6 (fid=64) not available, trying Charger 7 (fid=4)",485.12047108563297,7,,
Car 103,,,,,,gave_up,6,"no alternate charger available, gave up",485.3104090885199,,,
Car 99,,,,,,gave_up,6,"no alternate charger available, gave up",485.38049628446,,,
Car 127,,,,,5,switch,,"Charger 5 (fid=59) not available, trying Charger 7 (fid=4)",485.57768427242917,7,,
Car 114,,,,,5,switch,,"Charger 5 (fid=59) not available, trying Charger 6 (fid=64)",485.69679183201333,6,,
Car 153,,,,,5,switch,,"Charger 5 (fid=59) not available, trying Charger 6 (fid=64)",485.74617912975884,6,,
Car 107,,,,,,gave_up,6,"no alternate charger available, gave up",485.8895046600527,,,
Car 128,,,,,1,switch,,"Charger 1 (fid=40) not available, trying Charger 6 (fid=64)",486.1170909479806,6,,
Car 118,,,,,6,switch,,"Charger 6 (fid=64) not available, trying Charger 3 (fid=10)",486.4295539567365,3,,
Car 144,,,,,0,switch,,"Charger 0 (fid=6) not available, trying Charger 7 (fid=4)",486.6488202550024,7,,
Car 130,,,,,0,switch,,"Charger 0 (fid=6) not available, trying Charger 2 (fid=71)",486.9933752402012,2,,
Car 139,,,,,1,switch,,"Charger 1 (fid=40) not available, trying Charger 2 (fid=71)",487.1940198759337,2,,
Car 109,,,,,6,switch,,"Charger 6 (fid=64) not available, trying Charger 7 (fid=4)",487.65894431897425,7,,
Car 154,,,,,2,switch,,"Charger 2 (fid=71) not available, trying Charger 0 (fid=6)",487.741789614105,0,,
Car 155,,,,,2,switch,,"Charger 2 (fid=71) not available, trying Charger 0 (fid=6)",487.8067811574079,0,,
Car 120,,,,,5,switch,,"Charger 5 (fid=59) not available, trying Charger 4 (fid=2)",487.8440118305759,4,,
Car 146,,,,,0,switch,,"Charger 0 (fid=6) not available, trying Charger 7 (fid=4)",487.8504966968299,7,,
Car 143,,,,,2,switch,,"Charger 2 (fid=71) not available, trying Charger 3 (fid=10)",488.1444369600981,3,,
Car 142,,,,,5,switch,,"Charger 5 (fid=59) not available, trying Charger 0 (fid=6)",488.3036339611011,0,,
Car 124,,,,,0,switch,,"Charger 0 (fid=6) not available, trying Charger 2 (fid=71)",488.30716234344413,2,,
Car 145,,,,,0,switch,,"Charger 0 (fid=6) not available, trying Charger 6 (fid=64)",488.37443321821024,6,,
Car 156,,,,,7,switch,,"Charger 7 (fid=4) not available, trying Charger 3 (fid=10)",488.4830566295899,3,,
Car 138,,,,,3,switch,,"Charger 3 (fid=10) not available, trying Charger 5 (fid=59)",488.5150521002498,5,,
Car 110,,,,,,gave_up,7,"no alternate charger available, gave up",488.73350458825684,,,
Car 134,,,,,0,switch,,"Charger 0 (fid=6) not available, trying Charger 1 (fid=40)",488.8306120084414,1,,
Car 125,,,,,1,switch,,"Charger 1 (fid=40) not available, trying Charger 5 (fid=59)",488.9965291299562,5,,
Car 141,,,,,1,switch,,"Charger 1 (fid=40) not available, trying Charger 3 (fid=10)",489.42247755482754,3,,
Car 157,,,,2,,arrived,,arrived,489.46119432733866,,,
Car 116,,,,,4,switch,,"Charger 4 (fid=2) not available, trying Charger 6 (fid=64)",489.4864047418678,6,,
Car 113,,,,,,gave_up,6,"no alternate charger available, gave up",489.6525678919828,,,
Car 148,,,,,7,switch,,"Charger 7 (fid=4) not available, trying Charger 1 (fid=40)",489.68434090707484,1,,
Car 140,,,,,0,switch,,"Charger 0 (fid=6) not available, trying Charger 5 (fid=59)",489.7621408547663,5,,
Car 131,,,,,0,switch,,"Charger 0 (fid=6) not available, trying Charger 1 (fid=40)",490.1327980084041,1,,
Car 147,,,,,0,switch,,"Charger 0 (fid=6) not available, trying Charger 5 (fid=59)",490.1524132794442,5,,
Car 133,,,,,2,switch,,"Charger 2 (fid=71) not available, trying Charger 0 (fid=6)",490.32028876848955,0,,
Car 158,,,,60,,arrived,,arrived,490.4891690670865,,,
Car 136,,,,,3,switch,,"Charger 3 (fid=10) not available, trying Charger 1 (fid=40)",491.2347714717135,1,,
Car 132,,,,,2,switch,,"Charger 2 (fid=71) not available, trying Charger 6 (fid=64)",491.2562127997362,6,,
Car 149,,,,,0,switch,,"Charger 0 (fid=6) not available, trying Charger 5 (fid=59)",491.32153550390365,5,,
Car 135,,,,,1,switch,,"Charger 1 (fid=40) not available, trying Charger 7 (fid=4)",491.32905548835265,7,,
Car 112,,,,,,gave_up,6,"no alternate charger available, gave up",491.4699883865352,,,
Car 159,,,,30,,arrived,,arrived,491.53857247468056,,,
Car 117,,,,,5,switch,,"Charger 5 (fid=59) not available, trying Charger 6 (fid=64)",491.6149165231395,6,,
Car 150,,,,,5,switch,,"Charger 5 (fid=59) not available, trying Charger 0 (fid=6)",491.804300007526,0,,
Car 129,,,,,0,switch,,"Charger 0 (fid=6) not available, trying Charger 2 (fid=71)",491.9751947307816,2,,
Car 114,,,,,,gave_up,6,"no alternate charger available, gave up",492.05144596295514,,,
Car 153,,,,,6,switch,,"Charger 6 (fid=64) not available, trying Charger 4 (fid=2)",492.10083326070065,4,,
Car 122,,,,,5,switch,,"Charger 5 (fid=59) not available, trying Charger 4 (fid=2)",492.1677336448329,4,,
Car 121,,,,,5,switch,,"Charger 5 (fid=59) not available, trying Charger 4 (fid=2)",492.3660232980431,4,,
Car 123,,,,,2,switch,,"Charger 2 (fid=71) not available, trying Charger 4 (fid=2)",492.40588679987155,4,,
Car 98,49.0,64,6,,,done,,done charging,492.96932611886126,,,162.676735782963
Car 128,,64,6,,,start_charge,,starting to charge at Charger 6 (fid=64),492.96932611886126,,22.999559112684665,
Car 151,,,,,2,switch,,"Charger 2 (fid=71) not available, trying Charger 3 (fid=10)",493.3189464393701,3,,
Car 152,,,,,0,switch,,"Charger 0 (fid=6) not available, trying Charger 5 (fid=59)",493.35696280989356,5,,
Car 130,,,,,2,switch,,"Charger 2 (fid=71) not available, trying Charger 5 (fid=59)",493.62572241835625,5,,
Car 120,,,,,4,switch,,"Charger 4 (fid=2) not available, trying Charger 6 (fid=64)",494.36323519641206,6,,
Car 160,,,,8,,arrived,,arrived,494.36495761115754,,,
Car 154,,,,,0,switch,,"Charger 0 (fid=6) not available, trying Charger 7 (fid=4)",494.37413679226006,7,,
Car 161,,,,24,,arrived,,arrived,494.4078244695812,,,
Car 155,,,,,0,switch,,"Charger 0 (fid=6) not available, trying Charger 7 (fid=4)",494.43912833556294,7,,
Car 157,,,,,4,switch,,"Charger 4 (fid=2) not available, trying Charger 6 (fid=64)",494.46119432733866,6,,
Car 124,,,,,2,switch,,"Charger 2 (fid=71) not available, trying Charger 3 (fid=10)",494.9395095215992,3,,
Car 162,,,,91,,arrived,,arrived,495.0412403571067,,,
Car 163,,,,31,,arrived,,arrived,495.0559598893282,,,
Car 156,,,,,3,switch,,"Charger 3 (fid=10) not available, trying Charger 1 (fid=40)",495.17446335407374,1,,
Car 158,,,,,1,switch,,"Charger 1 (fid=40) not available, trying Charger 0 (fid=6)",495.4891690670865,0,,
Car 164,,,,45,,arrived,,arrived,495.5536154068334,,,
Car 144,,,,,7,switch,,"Charger 7 (fid=4) not available, trying Charger 3 (fid=10)",495.6639394505554,3,,
Car 116,,,,,,gave_up,6,"no alternate charger available, gave up",495.7307300317362,,,
Car 139,,,,,2,switch,,"Charger 2 (fid=71) not available, trying Charger 0 (fid=6)",495.9916651056735,0,,
Car 55,108.0,59,5,,,done,,done charging,496.24775206598895,,,297.29140575031744
Car 125,,59,5,,,start_charge,,starting to charge at Charger 5 (fid=59),496.24775206598895,,29.741031851856803,
Car 142,,,,,0,switch,,"Charger 0 (fid=6) not available, trying Charger 1 (fid=40)",496.3069768683408,1,,
Car 134,,,,,1,switch,,"Charger 1 (fid=40) not available, trying Charger 2 (fid=71)",496.3211484735089,2,,
Car 97,,,,,,gave_up,7,"no alternate charger available, gave up",496.4565948211979,,,
Car 159,,,,,2,switch,,"Charger 2 (fid=71) not available, trying Charger 0 (fid=6)",496.53857247468056,0,,
Car 143,,,,,3,switch,,"Charger 3 (fid=10) not available, trying Charger 0 (fid=6)",496.7694988404554,0,,
Car 127,,,,,7,switch,,"Charger 7 (fid=4) not available, trying Charger 2 (fid=71)",496.8166615079534,2,,
Car 165,,,,24,,arrived,,arrived,496.8529898531009,,,
Car 146,,,,,7,switch,,"Charger 7 (fid=4) not available, trying Charger 3 (fid=10)",496.8656158923829,3,,
Car 141,,,,,3,switch,,"Charger 3 (fid=10) not available, trying Charger 7 (fid=4)",496.88029528502653,7,,
Car 133,,,,,0,switch,,"Charger 0 (fid=6) not available, trying Charger 5 (fid=59)",496.9526359466446,5,,
Car 166,,,,27,,arrived,,arrived,497.272674891384,,,
Car 145,,,,,6,switch,,"Charger 6 (fid=64) not available, trying Charger 5 (fid=59)",497.4709293183993,5,,
Car 131,,,,,1,switch,,"Charger 1 (fid=40) not available, trying Charger 5 (fid=59)",497.62333447347163,5,,
Car 118,,,,,3,switch,,"Charger 3 (fid=10) not available, trying Charger 7 (fid=4)",497.6691013848563,7,,
Car 106,,,,,,gave_up,7,"no alternate charger available, gave up",497.69219122481707,,,
Car 140,,,,,5,switch,,"Charger 5 (fid=59) not available, trying Charger 7 (fid=4)",497.765483762006,7,,
Car 117,,,,,,gave_up,6,"no alternate charger available, gave up",497.96957065408134,,,
Car 147,,,,,5,switch,,"Charger 5 (fid=59) not available, trying Charger 3 (fid=10)",498.1557561866839,3,,
Car 153,,,,,4,switch,,"Charger 4 (fid=2) not available, trying Charger 1 (fid=40)",498.34515855056907,1,,
Car 138,,,,,5,switch,,"Charger 5 (fid=59) not available, trying Charger 2 (fid=71)",498.4000604272397,2,,
Car 129,,,,,2,switch,,"Charger 2 (fid=71) not available, trying Charger 3 (fid=10)",498.60754190893664,3,,
Car 148,,,,,1,switch,,"Charger 1 (fid=40) not available, trying Charger 2 (fid=71)",498.68022976760534,2,,
Car 167,,,,45,,arrived,,arrived,498.68676006001243,,,
Car 122,,,,,4,switch,,"Charger 4 (fid=2) not available, trying Charger 6 (fid=64)",498.68695701066906,6,,
Car 136,,,,,1,switch,,"Charger 1 (fid=40) not available, trying Charger 5 (fid=59)",498.6925892019125,5,,
Car 168,,,,61,,arrived,,arrived,498.72349478501235,,,
Car 121,,,,,4,switch,,"Charger 4 (fid=2) not available, trying Charger 6 (fid=64)",498.8852466638793,6,,
Car 149,,,,,5,switch,,"Charger 5 (fid=59) not available, trying Charger 3 (fid=10)",499.32487841114335,3,,
Car 160,,,,,3,switch,,"Charger 3 (fid=10) not available, trying Charger 7 (fid=4)",499.36495761115754,7,,
Car 161,,,,,2,switch,,"Charger 2 (fid=71) not available, trying Charger 0 (fid=6)",499.4078244695812,0,,
Car 51,90.0,4,7,,,done,,done charging,499.47206991875777,,,468.4675946754503
Car 109,,4,7,,,start_charge,,starting to charge at Charger 7 (fid=4),499.47206991875777,,39.241405460599424,
Car 150,,,,,0,switch,,"Charger 0 (fid=6) not available, trying Charger 6 (fid=64)",499.8076429147657,6,,
Car 162,,,,,4,switch,,"Charger 4 (fid=2) not available, trying Charger 6 (fid=64)",500.0412403571067,6,,
Car 163,,,,,2,switch,,"Charger 2 (fid=71) not available, trying Charger 7 (fid=4)",500.0559598893282,7,,
Car 169,,,,34,,arrived,,arrived,500.0641014397501,,,
Car 170,,,,1,,arrived,,arrived,500.1549932684076,,,
Car 135,,,,,7,switch,,"Charger 7 (fid=4) not available, trying Charger 5 (fid=59)",500.32494434888315,5,,
Car 171,,,,18,,arrived,,arrived,500.53875246471506,,,
Car 164,,,,,1,switch,,"Charger 1 (fid=40) not available, trying Charger 0 (fid=6)",500.5536154068334,0,,
Car 120,,,,,,gave_up,6,"no alternate charger available, gave up",500.6075604862805,,,
Car 157,,,,,6,switch,,"Charger 6 (fid=64) not available, trying Charger 5 (fid=59)",500.7055196172071,5,,
Car 172,,,,39,,arrived,,arrived,501.13353369093045,,,
Car 152,,,,,5,switch,,"Charger 5 (fid=59) not available, trying Charger 2 (fid=71)",501.36030571713326,2,,
Car 173,,,,70,,arrived,,arrived,501.4291009554158,,,
Car 174,,,,60,,arrived,,arrived,501.55207183522475,,,
Car 165,,,,,7,switch,,"Charger 7 (fid=4) not available, trying Charger 2 (fid=71)",501.8529898531009,2,,
Car 132,,,,,6,switch,,"Charger 6 (fid=64) not available, trying Charger 1 (fid=40)",501.91716850460193,1,,
Car 151,,,,,3,switch,,"Charger 3 (fid=10) not available, trying Charger 0 (fid=6)",501.9440083197274,0,,
Car 123,,,,,4,switch,,"Charger 4 (fid=2) not available, trying Charger 7 (fid=4)",502.11260665013367,7,,
Car 166,,,,,7,switch,,"Charger 7 (fid=4) not available, trying Charger 2 (fid=71)",502.272674891384,2,,
Car 144,,,,,3,switch,,"Charger 3 (fid=10) not available, trying Charger 1 (fid=40)",502.35534617503924,1,,
Car 139,,,,,0,switch,,"Charger 0 (fid=6) not available, trying Charger 5 (fid=59)",502.62401228382856,5,,
Car 156,,,,,1,switch,,"Charger 1 (fid=40) not available, trying Charger 2 (fid=71)",502.63228108427273,2,,
Car 175,,,,84,,arrived,,arrived,502.71888421938564,,,
Car 158,,,,,0,switch,,"Charger 0 (fid=6) not available, trying Charger 3 (fid=10)",502.979705532154,3,,
Car 159,,,,,0,switch,,"Charger 0 (fid=6) not available, trying Charger 3 (fid=10)",503.1709196528356,3,,
Car 130,,,,,5,switch,,"Charger 5 (fid=59) not available, trying Charger 4 (fid=2)",503.25464899797925,4,,
Car 176,,,,58,,arrived,,arrived,503.2810341187503,,,
Car 154,,,,,7,switch,,"Charger 7 (fid=4) not available, trying Charger 3 (fid=10)",503.38925598781304,3,,
Car 155,,,,,7,switch,,"Charger 7 (fid=4) not available, trying Charger 3 (fid=10)",503.4542475311159,3,,
Car 146,,,,,3,switch,,"Charger 3 (fid=10) not available, trying Charger 1 (fid=40)",503.55702261686673,1,,
Car 124,,,,,3,switch,,"Charger 3 (fid=10) not available, trying Charger 7 (fid=4)",503.56457140195647,7,,
Car 141,,,,,7,switch,,"Charger 7 (fid=4) not available, trying Charger 4 (fid=2)",503.5717020095104,4,,
Car 167,,,,,1,switch,,"Charger 1 (fid=40) not available, trying Charger 0 (fid=6)",503.68676006001243,0,,
Car 168,,,,,1,switch,,"Charger 1 (fid=40) not available, trying Charger 3 (fid=10)",503.72349478501235,3,,
Car 142,,,,,1,switch,,"Charger 1 (fid=40) not available, trying Charger 2 (fid=71)",503.79751333340835,2,,
Car 145,,,,,5,switch,,"Charger 5 (fid=59) not available, trying Charger 2 (fid=71)",503.82558344934114,2,,
Car 177,,,,37,,arrived,,arrived,504.1360245071448,,,
Car 118,,,,,,gave_up,7,"no alternate charger available, gave up",504.3605081093401,,,
Car 178,,,,40,,arrived,,arrived,504.5943237394533,,,
Car 179,,,,11,,arrived,,arrived,504.8643838010187,,,
Car 180,,,,59,,arrived,,arrived,504.86507929663486,,,
Car 122,,,,,,gave_up,6,"no alternate charger available, gave up",504.9312823005375,,,
Car 133,,,,,5,switch,,"Charger 5 (fid=59) not available, trying Charger 4 (fid=2)",504.9559788538843,4,,
Car 169,,,,,2,switch,,"Charger 2 (fid=71) not available, trying Charger 0 (fid=6)",505.0641014397501,0,,
Car 181,,,,37,,arrived,,arrived,505.093593197548,,,
Car 134,,,,,2,switch,,"Charger 2 (fid=71) not available, trying Charger 3 (fid=10)",505.11879370324874,3,,
Car 143,,,,,0,switch,,"Charger 0 (fid=6) not available, trying Charger 1 (fid=40)",505.11903617300317,1,,
Car 121,,,,,,gave_up,6,"no alternate charger available, gave up",505.1295719537477,,,
Car 131,,,,,5,switch,,"Charger 5 (fid=59) not available, trying Charger 4 (fid=2)",505.1335255576476,4,,
Car 170,,,,,0,switch,,"Charger 0 (fid=6) not available, trying Charger 5 (fid=59)",505.1549932684076,5,,
Car 127,,,,,2,switch,,"Charger 2 (fid=71) not available, trying Charger 4 (fid=2)",505.36013758610915,4,,
Car 171,,,,,2,switch,,"Charger 2 (fid=71) not available, trying Charger 0 (fid=6)",505.53875246471506,0,,
Car 161,,,,,0,switch,,"Charger 0 (fid=6) not available, trying Charger 1 (fid=40)",506.04017164773626,1,,
Car 160,,,,,7,switch,,"Charger 7 (fid=4) not available, trying Charger 1 (fid=40)",506.0563643356414,1,,
Car 172,,,,,1,switch,,"Charger 1 (fid=40) not available, trying Charger 5 (fid=59)",506.13353369093045,5,,
Car 136,,,,,5,switch,,"Charger 5 (fid=59) not available, trying Charger 4 (fid=2)",506.20278028608845,4,,
Car 162,,,,,6,switch,,"Charger 6 (fid=64) not available, trying Charger 5 (fid=59)",506.2855656469751,5,,
Car 173,,,,,2,switch,,"Charger 2 (fid=71) not available, trying Charger 0 (fid=6)",506.4291009554158,0,,
Car 182,,,,17,,arrived,,arrived,506.53884202194473,,,
Car 174,,,,,1,switch,,"Charger 1 (fid=40) not available, trying Charger 0 (fid=6)",506.55207183522475,0,,
Car 183,,,,67,,arrived,,arrived,506.7211313831298,,,
Car 157,,,,,5,switch,,"Charger 5 (fid=59) not available, trying Charger 0 (fid=6)",507.0601737481489,0,,
Car 153,,,,,1,switch,,"Charger 1 (fid=40) not available, trying Charger 0 (fid=6)",507.13084280078544,0,,
Car 129,,,,,3,switch,,"Charger 3 (fid=10) not available, trying Charger 7 (fid=4)",507.23260378929393,7,,
Car 148,,,,,2,switch,,"Charger 2 (fid=71) not available, trying Charger 0 (fid=6)",507.47787499734517,0,,
Car 175,,,,,4,switch,,"Charger 4 (fid=2) not available, trying Charger 6 (fid=64)",507.71888421938564,6,,
Car 138,,,,,2,switch,,"Charger 2 (fid=71) not available, trying Charger 4 (fid=2)",508.0289870068627,4,,
Car 147,,,,,3,switch,,"Charger 3 (fid=10) not available, trying Charger 2 (fid=71)",508.04076451367376,2,,
Car 164,,,,,0,switch,,"Charger 0 (fid=6) not available, trying Charger 3 (fid=10)",508.0441518719009,3,,
Car 176,,,,,5,switch,,"Charger 5 (fid=59) not available, trying Charger 6 (fid=64)",508.2810341187503,6,,
Car 184,,,,4,,arrived,,arrived,508.29752490577727,,,
Car 163,,,,,7,switch,,"Charger 7 (fid=4) not available, trying Charger 0 (fid=6)",508.59943596748394,0,,
Car 150,,,,,6,switch,,"Charger 6 (fid=64) not available, trying Charger 3 (fid=10)",508.9041390149548,3,,
Car 140,,,,,7,switch,,"Charger 7 (fid=4) not available, trying Charger 2 (fid=71)",509.00446099753026,2,,
Car 177,,,,,7,switch,,"Charger 7 (fid=4) not available, trying Charger 3 (fid=10)",509.1360245071448,3,,
Car 149,,,,,3,switch,,"Charger 3 (fid=10) not available, trying Charger 2 (fid=71)",509.2098867381332,2,,
Car 185,,,,35,,arrived,,arrived,509.2359360641419,,,
Car 178,,,,,1,switch,,"Charger 1 (fid=40) not available, trying Charger 3 (fid=10)",509.5943237394533,3,,
Car 186,,,,116,,arrived,,arrived,509.6749602225172,,,
Car 130,,,,,4,switch,,"Charger 4 (fid=2) not available, trying Charger 6 (fid=64)",509.7738723638154,6,,
Car 144,,,,,1,switch,,"Charger 1 (fid=40) not available, trying Charger 5 (fid=59)",509.81316390523824,5,,
Car 179,,,,,0,switch,,"Charger 0 (fid=6) not available, trying Charger 3 (fid=10)",509.8643838010187,3,,
Car 180,,,,,5,switch,,"Charger 5 (fid=59) not available, trying Charger 6 (fid=64)",509.86507929663486,6,,
Car 154,,,,,3,switch,,"Charger 3 (fid=10) not available, trying Charger 1 (fid=40)",510.0806627122969,1,,
Car 181,,,,,7,switch,,"Charger 7 (fid=4) not available, trying Charger 3 (fid=10)",510.093593197548,3,,
Car 155,,,,,3,switch,,"Charger 3 (fid=10) not available, trying Charger 1 (fid=40)",510.14565425559977,1,,
Car 124,,,,,,gave_up,7,"no alternate charger available, gave up",510.2559781264403,,,
Car 151,,,,,0,switch,,"Charger 0 (fid=6) not available, trying Charger 1 (fid=40)",510.29354565227516,1,,
Car 165,,,,,2,switch,,"Charger 2 (fid=71) not available, trying Charger 3 (fid=10)",510.3964659312566,3,,
Car 187,,,,41,,arrived,,arrived,510.516007803758,,,
Car 139,,,,,5,switch,,"Charger 5 (fid=59) not available, trying Charger 4 (fid=2)",510.62735519106826,4,,
Car 132,,,,,1,switch,,"Charger 1 (fid=40) not available, trying Charger 3 (fid=10)",510.7698445627979,3,,
Car 166,,,,,2,switch,,"Charger 2 (fid=71) not available, trying Charger 3 (fid=10)",510.8161509695397,3,,
Car 152,,,,,2,switch,,"Charger 2 (fid=71) not available, trying Charger 6 (fid=64)",510.98923229675626,6,,
Car 146,,,,,1,switch,,"Charger 1 (fid=40) not available, trying Charger 5 (fid=59)",511.01484034706573,5,,
Car 167,,,,,0,switch,,"Charger 0 (fid=6) not available, trying Charger 3 (fid=10)",511.17729652507995,3,,
Car 168,,,,,3,switch,,"Charger 3 (fid=10) not available, trying Charger 0 (fid=6)",511.18131251521135,0,,
Car 158,,,,,3,switch,,"Charger 3 (fid=10) not available, trying Charger 5 (fid=59)",511.32924286470177,5,,
Car 156,,,,,2,switch,,"Charger 2 (fid=71) not available, trying Charger 0 (fid=6)",511.42992631401256,0,,
Car 133,,,,,4,switch,,"Charger 4 (fid=2) not available, trying Charger 6 (fid=64)",511.4752022197205,6,,
Car 159,,,,,3,switch,,"Charger 3 (fid=10) not available, trying Charger 7 (fid=4)",511.52045698538336,7,,
Car 182,,,,,0,switch,,"Charger 0 (fid=6) not available, trying Charger 2 (fid=71)",511.53884202194473,2,,
Car 135,,,,,5,switch,,"Charger 5 (fid=59) not available, trying Charger 4 (fid=2)",511.5639215844074,4,,
Car 100,64.0,10,3,,,done,,done charging,511.5671470247111,,,281.47425067490815
Car 134,,10,3,,,start_charge,,starting to charge at Charger 3 (fid=10),511.5671470247111,,32.823291441105084,
Car 131,,,,,4,switch,,"Charger 4 (fid=2) not available, trying Charger 6 (fid=64)",511.6527489234838,6,,
Car 188,,,,61,,arrived,,arrived,511.6543878100569,,,
Car 169,,,,,0,switch,,"Charger 0 (fid=6) not available, trying Charger 1 (fid=40)",511.69644861790516,1,,
Car 183,,,,,2,switch,,"Charger 2 (fid=71) not available, trying Charger 7 (fid=4)",511.7211313831298,7,,
Car 171,,,,,0,switch,,"Charger 0 (fid=6) not available, trying Charger 7 (fid=4)",512.1710996428701,7,,
Car 66,90.0,59,5,,,done,,done charging,512.3169557169132,,,217.862895190971
Car 162,,59,5,,,start_charge,,starting to charge at Charger 5 (fid=59),512.3169557169132,,14.676735938996273,
Car 93,55.0,4,7,,,done,,done charging,512.5948824163274,,,253.65932583882218
Car 129,,4,7,,,start_charge,,starting to charge at Charger 7 (fid=4),512.5948824163274,,38.67087190254966,
Car 142,,,,,2,switch,,"Charger 2 (fid=71) not available, trying Charger 3 (fid=10)",512.5951585631482,3,,
Car 143,,,,,1,switch,,"Charger 1 (fid=40) not available, trying Charger 5 (fid=59)",512.6095726380706,5,,
Car 136,,,,,4,switch,,"Charger 4 (fid=2) not available, trying Charger 6 (fid=64)",512.7220036519246,6,,
Car 173,,,,,0,switch,,"Charger 0 (fid=6) not available, trying Charger 7 (fid=4)",513.0614481335708,7,,
Car 170,,,,,5,switch,,"Charger 5 (fid=59) not available, trying Charger 4 (fid=2)",513.1583361756473,4,,
Car 184,,,,,0,switch,,"Charger 0 (fid=6) not available, trying Charger 1 (fid=40)",513.2975249057772,1,,
Car 145,,,,,2,switch,,"Charger 2 (fid=71) not available, trying Charger 1 (fid=40)",513.4545100289641,1,,
Car 161,,,,,1,switch,,"Charger 1 (fid=40) not available, trying Charger 3 (fid=10)",513.5307081128037,3,,
Car 189,,,,3,,arrived,,arrived,513.6360131312115,,,
Car 172,,,,,5,switch,,"Charger 5 (fid=59) not available, trying Charger 0 (fid=6)",513.6437247751064,0,,
Car 190,,,,6,,arrived,,arrived,513.6842955368656,,,
Car 175,,,,,6,switch,,"Charger 6 (fid=64) not available, trying Charger 5 (fid=59)",513.963209509254,5,,
Car 174,,,,,0,switch,,"Charger 0 (fid=6) not available, trying Charger 3 (fid=10)",514.0426083002923,3,,
Car 191,,,,5,,arrived,,arrived,514.0890852546115,,,
Car 148,,,,,0,switch,,"Charger 0 (fid=6) not available, trying Charger 5 (fid=59)",514.1102221755002,5,,
Car 192,,,,71,,arrived,,arrived,514.1467643714568,,,
Car 123,,,,,7,switch,,"Charger 7 (fid=4) not available, trying Charger 6 (fid=64)",514.1868531630064,6,,
Car 185,,,,,2,switch,,"Charger 2 (fid=71) not available, trying Charger 0 (fid=6)",514.2359360641419,0,,
Car 153,,,,,0,switch,,"Charger 0 (fid=6) not available, trying Charger 2 (fid=71)",514.621379265853,2,,
Car 176,,,,,6,switch,,"Charger 6 (fid=64) not available, trying Charger 4 (fid=2)",514.6356882496921,4,,
Car 186,,,,,0,switch,,"Charger 0 (fid=6) not available, trying Charger 2 (fid=71)",514.6749602225173,2,,
Car 160,,,,,1,switch,,"Charger 1 (fid=40) not available, trying Charger 2 (fid=71)",515.0522531961719,2,,
Car 157,,,,,0,switch,,"Charger 0 (fid=6) not available, trying Charger 1 (fid=40)",515.0635166553886,1,,
Car 127,,,,,4,switch,,"Charger 4 (fid=2) not available, trying Charger 6 (fid=64)",515.0668574363713,6,,
Car 187,,,,,7,switch,,"Charger 7 (fid=4) not available, trying Charger 2 (fid=71)",515.5160078037579,2,,
Car 141,,,,,4,switch,,"Charger 4 (fid=2) not available, trying Charger 5 (fid=59)",515.6459485223832,5,,
Car 193,,,,73,,arrived,,arrived,515.8074836081646,,,
Car 177,,,,,3,switch,,"Charger 3 (fid=10) not available, trying Charger 2 (fid=71)",515.8274312316287,2,,
Car 130,,,,,,gave_up,6,"no alternate charger available, gave up",516.0181976536838,,,
Car 180,,,,,6,switch,,"Charger 6 (fid=64) not available, trying Charger 4 (fid=2)",516.2197334275767,4,,
Car 164,,,,,3,switch,,"Charger 3 (fid=10) not available, trying Charger 2 (fid=71)",516.3936892044487,2,,
Car 81,104.0,2,4,,,done,,done charging,516.6510478823132,,,103.56671979935892
Car 139,,2,4,,,start_charge,,starting to charge at Charger 4 (fid=2),516.6510478823132,,34.50446932540865,
Car 188,,,,,1,switch,,"Charger 1 (fid=40) not available, trying Charger 3 (fid=10)",516.654387810057,3,,
Car 147,,,,,2,switch,,"Charger 2 (fid=71) not available, trying Charger 4 (fid=2)",516.665826394031,4,,
Car 181,,,,,3,switch,,"Charger 3 (fid=10) not available, trying Charger 2 (fid=71)",516.7849999220318,2,,
Car 178,,,,,3,switch,,"Charger 3 (fid=10) not available, trying Charger 0 (fid=6)",517.0521414696523,0,,
Car 194,,,,4,,arrived,,arrived,517.26461073712,,,
Car 144,,,,,5,switch,,"Charger 5 (fid=59) not available, trying Charger 4 (fid=2)",517.3233549894142,4,,
Car 154,,,,,1,switch,,"Charger 1 (fid=40) not available, trying Charger 5 (fid=59)",517.5384804424958,5,,
Car 140,,,,,2,switch,,"Charger 2 (fid=71) not available, trying Charger 4 (fid=2)",517.5479370756859,4,,
Car 155,,,,,1,switch,,"Charger 1 (fid=40) not available, trying Charger 5 (fid=59)",517.6034719857987,5,,
Car 163,,,,,0,switch,,"Charger 0 (fid=6) not available, trying Charger 3 (fid=10)",517.6145551630369,3,,
Car 133,,,,,,gave_up,6,"no alternate charger available, gave up",517.7195275095888,,,
Car 138,,,,,4,switch,,"Charger 4 (fid=2) not available, trying Charger 7 (fid=4)",517.7357068571248,7,,
Car 151,,,,,1,switch,,"Charger 1 (fid=40) not available, trying Charger 5 (fid=59)",517.7840821173427,5,,
Car 149,,,,,2,switch,,"Charger 2 (fid=71) not available, trying Charger 4 (fid=2)",517.8349486184904,4,,
Car 131,,,,,,gave_up,6,"no alternate charger available, gave up",517.8970742133522,,,
Car 195,,,,69,,arrived,,arrived,518.0248711349551,,,
Car 156,,,,,0,switch,,"Charger 0 (fid=6) not available, trying Charger 5 (fid=59)",518.0622734921676,5,,
Car 135,,,,,4,switch,,"Charger 4 (fid=2) not available, trying Charger 6 (fid=64)",518.0831449502436,6,,
Car 182,,,,,2,switch,,"Charger 2 (fid=71) not available, trying Charger 1 (fid=40)",518.1711892000998,1,,
Car 159,,,,,7,switch,,"Charger 7 (fid=4) not available, trying Charger 1 (fid=40)",518.2118637098672,1,,
Car 179,,,,,3,switch,,"Charger 3 (fid=10) not available, trying Charger 2 (fid=71)",518.2139211335665,2,,
Car 132,,,,,3,switch,,"Charger 3 (fid=10) not available, trying Charger 7 (fid=4)",518.2276622929969,7,,
Car 196,,,,29,,arrived,,arrived,518.243964067758,,,
Car 146,,,,,5,switch,,"Charger 5 (fid=59) not available, trying Charger 4 (fid=2)",518.5250314312417,4,,
Car 189,,,,,1,switch,,"Charger 1 (fid=40) not available, trying Charger 5 (fid=59)",518.6360131312115,5,,
Car 190,,,,,0,switch,,"Charger 0 (fid=6) not available, trying Charger 2 (fid=71)",518.6842955368656,2,,
Car 136,,,,,,gave_up,6,"no alternate charger available, gave up",518.966328941793,,,
Car 165,,,,,3,switch,,"Charger 3 (fid=10) not available, trying Charger 0 (fid=6)",519.0215278116139,0,,
Car 197,,,,78,,arrived,,arrived,519.0499717358007,,,
Car 191,,,,,7,switch,,"Charger 7 (fid=4) not available, trying Charger 3 (fid=10)",519.0890852546115,3,,
Car 192,,,,,2,switch,,"Charger 2 (fid=71) not available, trying Charger 0 (fid=6)",519.1467643714568,0,,
Car 169,,,,,1,switch,,"Charger 1 (fid=40) not available, trying Charger 3 (fid=10)",519.1869850829727,3,,
Car 166,,,,,3,switch,,"Charger 3 (fid=10) not available, trying Charger 0 (fid=6)",519.4412128498969,0,,
Car 167,,,,,3,switch,,"Charger 3 (fid=10) not available, trying Charger 2 (fid=71)",519.5268338576277,2,,
Car 168,,,,,0,switch,,"Charger 0 (fid=6) not available, trying Charger 5 (fid=59)",519.5308498477591,5,,
Car 170,,,,,4,switch,,"Charger 4 (fid=2) not available, trying Charger 1 (fid=40)",519.6775595414834,1,,
Car 198,,,,8,,arrived,,arrived,519.731753338429,,,
Car 143,,,,,5,switch,,"Charger 5 (fid=59) not available, trying Charger 4 (fid=2)",520.1197637222466,4,,
Car 150,,,,,3,switch,,"Charger 3 (fid=10) not available, trying Charger 4 (fid=2)",520.1436864430746,4,,
Car 183,,,,,7,switch,,"Charger 7 (fid=4) not available, trying Charger 0 (fid=6)",520.2646074612854,0,,
Car 175,,,,,5,switch,,"Charger 5 (fid=59) not available, trying Charger 0 (fid=6)",520.3178636401959,0,,
Car 199,,,,80,,arrived,,arrived,520.5721070579627,,,
Car 184,,,,,1,switch,,"Charger 1 (fid=40) not available, trying Charger 5 (fid=59)",520.7880613708447,5,,
Car 193,,,,,3,switch,,"Charger 3 (fid=10) not available, trying Charger 7 (fid=4)",520.8074836081646,7,,
Car 185,,,,,0,switch,,"Charger 0 (fid=6) not available, trying Charger 1 (fid=40)",520.8682832422969,1,,
Car 176,,,,,4,switch,,"Charger 4 (fid=2) not available, trying Charger 1 (fid=40)",520.8800135395604,1,,
Car 161,,,,,3,switch,,"Charger 3 (fid=10) not available, trying Charger 7 (fid=4)",520.9885258430027,7,,
Car 171,,,,,7,switch,,"Charger 7 (fid=4) not available, trying Charger 3 (fid=10)",521.1862188384231,3,,
Car 158,,,,,5,switch,,"Charger 5 (fid=59) not available, trying Charger 2 (fid=71)",521.2142511916917,2,,
Car 142,,,,,3,switch,,"Charger 3 (fid=10) not available, trying Charger 7 (fid=4)",521.2202204435055,7,,
Car 153,,,,,2,switch,,"Charger 2 (fid=71) not available, trying Charger 3 (fid=10)",521.253726444008,3,,
Car 186,,,,,2,switch,,"Charger 2 (fid=71) not available, trying Charger 4 (fid=2)",521.3073074006722,4,,
Car 127,,,,,,gave_up,6,"no alternate charger available, gave up",521.3111827262396,,,
Car 172,,,,,0,switch,,"Charger 0 (fid=6) not available, trying Charger 6 (fid=64)",521.6470676823461,6,,
Car 152,,,,,6,switch,,"Charger 6 (fid=64) not available, trying Charger 1 (fid=40)",521.6501880016219,1,,
Car 173,,,,,7,switch,,"Charger 7 (fid=4) not available, trying Charger 3 (fid=10)",522.0765673291238,3,,
Car 200,,,,78,,arrived,,arrived,522.1097774360205,,,
Car 148,,,,,5,switch,,"Charger 5 (fid=59) not available, trying Charger 4 (fid=2)",522.1135650827399,4,,
Car 141,,,,,5,switch,,"Charger 5 (fid=59) not available, trying Charger 6 (fid=64)",522.1651718882193,6,,
Car 145,,,,,1,switch,,"Charger 1 (fid=40) not available, trying Charger 3 (fid=10)",522.252155258704,3,,
Car 194,,,,,0,switch,,"Charger 0 (fid=6) not available, trying Charger 1 (fid=40)",522.26461073712,1,,
Car 174,,,,,3,switch,,"Charger 3 (fid=10) not available, trying Charger 5 (fid=59)",522.3921456328401,5,,
Car 180,,,,,4,switch,,"Charger 4 (fid=2) not available, trying Charger 1 (fid=40)",522.464058717445,1,,
Car 157,,,,,1,switch,,"Charger 1 (fid=40) not available, trying Charger 2 (fid=71)",522.5540531204562,2,,
Car 201,,,,70,,arrived,,arrived,522.9371610180874,,,
Car 195,,,,,2,switch,,"Charger 2 (fid=71) not available, trying Charger 0 (fid=6)",523.0248711349551,0,,
Car 196,,,,,7,switch,,"Charger 7 (fid=4) not available, trying Charger 2 (fid=71)",523.243964067758,2,,
Car 137,53.0,10,3,,,done,,done charging,523.5918798729733,,,91.99007895419939
Car 197,,10,3,,,start_charge,,starting to charge at Charger 3 (fid=10),523.5918798729733,,4.541908137172641,
Car 144,,,,,4,switch,,"Charger 4 (fid=2) not available, trying Charger 6 (fid=64)",523.8425783552503,6,,
Car 160,,,,,2,switch,,"Charger 2 (fid=71) not available, trying Charger 0 (fid=6)",523.8498984259118,0,,
Car 187,,,,,2,switch,,"Charger 2 (fid=71) not available, trying Charger 3 (fid=10)",524.0594838819136,3,,
Car 188,,,,,3,switch,,"Charger 3 (fid=10) not available, trying Charger 0 (fid=6)",524.1122055402559,0,,
Car 135,,,,,,gave_up,6,"no alternate charger available, gave up",524.327470240112,,,
Car 177,,,,,2,switch,,"Charger 2 (fid=71) not available, trying Charger 0 (fid=6)",524.452493111986,0,,
Car 202,,,,77,,arrived,,arrived,524.4944626446398,,,
Car 198,,,,,3,switch,,"Charger 3 (fid=10) not available, trying Charger 7 (fid=4)",524.731753338429,7,,
Car 132,,,,,,gave_up,7,"no alternate charger available, gave up",524.9190690174808,,,
Car 164,,,,,2,switch,,"Charger 2 (fid=71) not available, trying Charger 7 (fid=4)",525.018751084806,7,,
Car 146,,,,,4,switch,,"Charger 4 (fid=2) not available, trying Charger 6 (fid=64)",525.0442547970779,6,,
Car 154,,,,,5,switch,,"Charger 5 (fid=59) not available, trying Charger 4 (fid=2)",525.0486715266718,4,,
Car 155,,,,,5,switch,,"Charger 5 (fid=59) not available, trying Charger 4 (fid=2)",525.1136630699747,4,,
Car 151,,,,,5,switch,,"Charger 5 (fid=59) not available, trying Charger 4 (fid=2)",525.2942732015186,4,,
Car 190,,,,,2,switch,,"Charger 2 (fid=71) not available, trying Charger 1 (fid=40)",525.3166427150206,1,,
Car 203,,,,26,,arrived,,arrived,525.329086035521,,,
Car 178,,,,,0,switch,,"Charger 0 (fid=6) not available, trying Charger 5 (fid=59)",525.4016788022001,5,,
Car 181,,,,,2,switch,,"Charger 2 (fid=71) not available, trying Charger 0 (fid=6)",525.4100618023891,0,,
Car 199,,,,,0,switch,,"Charger 0 (fid=6) not available, trying Charger 2 (fid=71)",525.5721070579627,2,,
Car 192,,,,,0,switch,,"Charger 0 (fid=6) not available, trying Charger 7 (fid=4)",525.7791115496118,7,,
Car 191,,,,,3,switch,,"Charger 3 (fid=10) not available, trying Charger 2 (fid=71)",525.7804919790954,2,,
Car 163,,,,,3,switch,,"Charger 3 (fid=10) not available, trying Charger 1 (fid=40)",525.9640924955847,1,,
Car 156,,,,,5,switch,,"Charger 5 (fid=59) not available, trying Charger 4 (fid=2)",526.0656163994073,4,,
Car 189,,,,,5,switch,,"Charger 5 (fid=59) not available, trying Charger 0 (fid=6)",526.1462042153875,0,,
Car 147,,,,,4,switch,,"Charger 4 (fid=2) not available, trying Charger 6 (fid=64)",526.3725462442932,6,,
Car 143,,,,,4,switch,,"Charger 4 (fid=2) not available, trying Charger 6 (fid=64)",526.6389870880828,6,,
Car 169,,,,,3,switch,,"Charger 3 (fid=10) not available, trying Charger 7 (fid=4)",526.6448028131716,7,,
Car 123,,,,,,gave_up,6,"no alternate charger available, gave up",526.7585733021905,,,
Car 179,,,,,2,switch,,"Charger 2 (fid=71) not available, trying Charger 1 (fid=40)",526.8389830139238,1,,
Car 182,,,,,1,switch,,"Charger 1 (fid=40) not available, trying Charger 3 (fid=10)",526.9688344298396,3,,
Car 200,,,,,3,switch,,"Charger 3 (fid=10) not available, trying Charger 7 (fid=4)",527.1097774360205,7,,
Car 159,,,,,1,switch,,"Charger 1 (fid=40) not available, trying Charger 5 (fid=59)",527.2077525703977,5,,
Car 140,,,,,4,switch,,"Charger 4 (fid=2) not available, trying Charger 6 (fid=64)",527.2546569259481,6,,
Car 165,,,,,0,switch,,"Charger 0 (fid=6) not available, trying Charger 1 (fid=40)",527.3710651441617,1,,
Car 193,,,,,7,switch,,"Charger 7 (fid=4) not available, trying Charger 1 (fid=40)",527.4988903326484,1,,
Car 168,,,,,5,switch,,"Charger 5 (fid=59) not available, trying Charger 7 (fid=4)",527.5341927549988,7,,
Car 149,,,,,4,switch,,"Charger 4 (fid=2) not available, trying Charger 6 (fid=64)",527.5416684687526,6,,
Car 161,,,,,7,switch,,"Charger 7 (fid=4) not available, trying Charger 4 (fid=2)",527.6799325674865,4,,
Car 166,,,,,0,switch,,"Charger 0 (fid=6) not available, trying Charger 1 (fid=40)",527.7907501824448,1,,
Car 171,,,,,3,switch,,"Charger 3 (fid=10) not available, trying Charger 1 (fid=40)",527.8776255629069,1,,
Car 142,,,,,,gave_up,7,"no alternate charger available, gave up",527.9116271679893,,,
Car 201,,,,,2,switch,,"Charger 2 (fid=71) not available, trying Charger 0 (fid=6)",527.9371610180874,0,,
Car 167,,,,,2,switch,,"Charger 2 (fid=71) not available, trying Charger 7 (fid=4)",528.151895737985,7,,
Car 184,,,,,5,switch,,"Charger 5 (fid=59) not available, trying Charger 2 (fid=71)",528.2982524550207,2,,
Car 175,,,,,0,switch,,"Charger 0 (fid=6) not available, trying Charger 1 (fid=40)",528.3212065474356,1,,
Car 185,,,,,1,switch,,"Charger 1 (fid=40) not available, trying Charger 3 (fid=10)",528.3588197073644,3,,
Car 170,,,,,1,switch,,"Charger 1 (fid=40) not available, trying Charger 6 (fid=64)",528.4632437916998,6,,
Car 141,,,,,,gave_up,6,"no alternate charger available, gave up",528.5198260191612,,,
Car 148,,,,,4,switch,,"Charger 4 (fid=2) not available, trying Charger 6 (fid=64)",528.6327884485761,6,,
Car 173,,,,,3,switch,,"Charger 3 (fid=10) not available, trying Charger 1 (fid=40)",528.7679740536076,1,,
Car 183,,,,,0,switch,,"Charger 0 (fid=6) not available, trying Charger 3 (fid=10)",529.2797266568384,3,,
Car 202,,,,,1,switch,,"Charger 1 (fid=40) not available, trying Charger 0 (fid=6)",529.4944626446398,0,,
Car 195,,,,,0,switch,,"Charger 0 (fid=6) not available, trying Charger 7 (fid=4)",529.6572183131101,7,,
Car 176,,,,,1,switch,,"Charger 1 (fid=40) not available, trying Charger 0 (fid=6)",529.6656977897768,0,,
Car 145,,,,,3,switch,,"Charger 3 (fid=10) not available, trying Charger 7 (fid=4)",529.7099729889029,7,,
Car 194,,,,,1,switch,,"Charger 1 (fid=40) not available, trying Charger 5 (fid=59)",529.7551472021876,5,,
Car 138,,,,,7,switch,,"Charger 7 (fid=4) not available, trying Charger 6 (fid=64)",529.8099533699975,6,,
Car 153,,,,,3,switch,,"Charger 3 (fid=10) not available, trying Charger 7 (fid=4)",529.8787883243652,7,,
Car 86,110.0,64,6,,,done,,done charging,529.9466633354689,,,169.17586386358306
Car 144,,64,6,,,start_charge,,starting to charge at Charger 6 (fid=64),529.9466633354689,,39.85975969035019,
Car 204,,,,74,,arrived,,arrived,530.2596704621387,,,
Car 203,,,,,7,switch,,"Charger 7 (fid=4) not available, trying Charger 2 (fid=71)",530.329086035521,2,,
Car 160,,,,,0,switch,,"Charger 0 (fid=6) not available, trying Charger 5 (fid=59)",530.4822456040667,5,,
Car 152,,,,,1,switch,,"Charger 1 (fid=40) not available, trying Charger 3 (fid=10)",530.5028640598179,3,,
Car 205,,,,57,,arrived,,arrived,530.725475622097,,,
Car 172,,,,,6,switch,,"Charger 6 (fid=64) not available, trying Charger 3 (fid=10)",530.7435637825351,3,,
Car 158,,,,,2,switch,,"Charger 2 (fid=71) not available, trying Charger 4 (fid=2)",530.8431777713147,4,,
Car 186,,,,,4,switch,,"Charger 4 (fid=2) not available, trying Charger 5 (fid=59)",531.0140272509344,5,,
Car 177,,,,,0,switch,,"Charger 0 (fid=6) not available, trying Charger 1 (fid=40)",531.084840290141,1,,
Car 150,,,,,4,switch,,"Charger 4 (fid=2) not available, trying Charger 2 (fid=71)",531.0899172927584,2,,
Car 180,,,,,1,switch,,"Charger 1 (fid=40) not available, trying Charger 0 (fid=6)",531.2497429676614,0,,
Car 146,,,,,,gave_up,6,"no alternate charger available, gave up",531.2885800869462,,,
Car 157,,,,,2,switch,,"Charger 2 (fid=71) not available, trying Charger 3 (fid=10)",531.351698350196,3,,
Car 198,,,,,7,switch,,"Charger 7 (fid=4) not available, trying Charger 1 (fid=40)",531.4231600629129,1,,
Car 108,49.0,2,4,,,done,,done charging,531.5423433087699,,,645.0000887131785
Car 154,,2,4,,,start_charge,,starting to charge at Charger 4 (fid=2),531.5423433087699,,34.97444841626191,
Car 155,,,,,4,switch,,"Charger 4 (fid=2) not available, trying Charger 6 (fid=64)",531.6328864358109,6,,
Car 196,,,,,2,switch,,"Charger 2 (fid=71) not available, trying Charger 3 (fid=10)",531.7874401459137,3,,
Car 151,,,,,4,switch,,"Charger 4 (fid=2) not available, trying Charger 6 (fid=64)",531.8134965673548,6,,
Car 181,,,,,0,switch,,"Charger 0 (fid=6) not available, trying Charger 1 (fid=40)",532.0424089805441,1,,
Car 199,,,,,2,switch,,"Charger 2 (fid=71) not available, trying Charger 1 (fid=40)",532.2044542361177,1,,
Car 174,,,,,5,switch,,"Charger 5 (fid=59) not available, trying Charger 2 (fid=71)",532.27715395983,2,,
Car 188,,,,,0,switch,,"Charger 0 (fid=6) not available, trying Charger 5 (fid=59)",532.4617428728037,5,,
Car 206,,,,63,,arrived,,arrived,532.525403502781,,,
Car 156,,,,,4,switch,,"Charger 4 (fid=2) not available, trying Charger 6 (fid=64)",532.5848397652435,6,,
Car 147,,,,,6,switch,,"Charger 6 (fid=64) not available, trying Charger 7 (fid=4)",532.6168715341615,7,,
Car 187,,,,,3,switch,,"Charger 3 (fid=10) not available, trying Charger 0 (fid=6)",532.6845457622709,0,,
Car 143,,,,,,gave_up,6,"no alternate charger available, gave up",532.8833123779511,,,
Car 207,,,,63,,arrived,,arrived,533.032509254922,,,
Car 169,,,,,7,switch,,"Charger 7 (fid=4) not available, trying Charger 5 (fid=59)",533.3362095376555,5,,
Car 178,,,,,5,switch,,"Charger 5 (fid=59) not available, trying Charger 4 (fid=2)",533.4050217094398,4,,
Car 163,,,,,1,switch,,"Charger 1 (fid=40) not available, trying Charger 5 (fid=59)",533.4219102257837,5,,
Car 140,,,,,,gave_up,6,"no alternate charger available, gave up",533.4989822158165,,,
Car 164,,,,,7,switch,,"Charger 7 (fid=4) not available, trying Charger 5 (fid=59)",533.5622271629617,5,,
Car 149,,,,,6,switch,,"Charger 6 (fid=64) not available, trying Charger 7 (fid=4)",533.785993758621,7,,
Car 200,,,,,7,switch,,"Charger 7 (fid=4) not available, trying Charger 1 (fid=40)",533.8011841605044,1,,
Car 190,,,,,1,switch,,"Charger 1 (fid=40) not available, trying Charger 5 (fid=59)",534.1142879447605,5,,
Car 189,,,,,0,switch,,"Charger 0 (fid=6) not available, trying Charger 6 (fid=64)",534.1495471226272,6,,
Car 191,,,,,2,switch,,"Charger 2 (fid=71) not available, trying Charger 0 (fid=6)",534.4055538594527,0,,
Car 182,,,,,3,switch,,"Charger 3 (fid=10) not available, trying Charger 7 (fid=4)",534.4266521600385,7,,
Car 201,,,,,0,switch,,"Charger 0 (fid=6) not available, trying Charger 7 (fid=4)",534.5695081962424,7,,
Car 159,,,,,5,switch,,"Charger 5 (fid=59) not available, trying Charger 4 (fid=2)",534.7179436545737,4,,
Car 192,,,,,7,switch,,"Charger 7 (fid=4) not available, trying Charger 3 (fid=10)",534.7942307451648,3,,
Car 165,,,,,1,switch,,"Charger 1 (fid=40) not available, trying Charger 5 (fid=59)",534.8616016092292,5,,
Car 148,,,,,,gave_up,6,"no alternate charger available, gave up",534.8771137384445,,,
Car 204,,,,,4,switch,,"Charger 4 (fid=2) not available, trying Charger 5 (fid=59)",535.2596704621387,5,,
Car 166,,,,,1,switch,,"Charger 1 (fid=40) not available, trying Charger 5 (fid=59)",535.2812866475123,5,,
Car 171,,,,,1,switch,,"Charger 1 (fid=40) not available, trying Charger 5 (fid=59)",535.3354432931059,5,,
Car 179,,,,,1,switch,,"Charger 1 (fid=40) not available, trying Charger 7 (fid=4)",535.6366282436636,7,,
Car 205,,,,,2,switch,,"Charger 2 (fid=71) not available, trying Charger 0 (fid=6)",535.725475622097,0,,
Car 175,,,,,1,switch,,"Charger 1 (fid=40) not available, trying Charger 2 (fid=71)",535.8117430125031,2,,
Car 185,,,,,3,switch,,"Charger 3 (fid=10) not available, trying Charger 7 (fid=4)",535.8166374375634,7,,
Car 173,,,,,1,switch,,"Charger 1 (fid=40) not available, trying Charger 5 (fid=59)",536.2257917838066,5,,
Car 145,,,,,,gave_up,7,"no alternate charger available, gave up",536.4013797133867,,,
Car 193,,,,,1,switch,,"Charger 1 (fid=40) not available, trying Charger 2 (fid=71)",536.4947791931789,2,,
Car 153,,,,,,gave_up,7,"no alternate charger available, gave up",536.5701950488491,,,
Car 167,,,,,7,switch,,"Charger 7 (fid=4) not available, trying Charger 5 (fid=59)",536.6953718161407,5,,
Car 208,,,,5,,arrived,,arrived,536.8143501394735,,,
Car 202,,,,,0,switch,,"Charger 0 (fid=6) not available, trying Charger 5 (fid=59)",536.9849991097074,5,,
Car 176,,,,,0,switch,,"Charger 0 (fid=6) not available, trying Charger 2 (fid=71)",537.1562342548443,2,,
Car 209,,,,81,,arrived,,arrived,537.1877603896679,,,
Car 194,,,,,5,switch,,"Charger 5 (fid=59) not available, trying Charger 2 (fid=71)",537.2653382863635,2,,
Car 170,,,,,6,switch,,"Charger 6 (fid=64) not available, trying Charger 2 (fid=71)",537.3159198498957,2,,
Car 206,,,,,7,switch,,"Charger 7 (fid=4) not available, trying Charger 3 (fid=10)",537.525403502781,3,,
Car 186,,,,,5,switch,,"Charger 5 (fid=59) not available, trying Charger 1 (fid=40)",537.5332506167706,1,,
Car 183,,,,,3,switch,,"Charger 3 (fid=10) not available, trying Charger 1 (fid=40)",537.6292639893862,1,,
Car 155,,,,,,gave_up,6,"no alternate charger available, gave up",537.8772117256792,,,
Car 184,,,,,2,switch,,"Charger 2 (fid=71) not available, trying Charger 4 (fid=2)",537.9271790346437,4,,
Car 152,,,,,3,switch,,"Charger 3 (fid=10) not available, trying Charger 7 (fid=4)",537.9606817900168,7,,
Car 207,,,,,7,switch,,"Charger 7 (fid=4) not available, trying Charger 3 (fid=10)",538.032509254922,3,,
Car 151,,,,,,gave_up,6,"no alternate charger available, gave up",538.0578218572232,,,
Car 160,,,,,5,switch,,"Charger 5 (fid=59) not available, trying Charger 4 (fid=2)",538.4855885113064,4,,
Car 177,,,,,1,switch,,"Charger 1 (fid=40) not available, trying Charger 5 (fid=59)",538.5753767552085,5,,
Car 195,,,,,7,switch,,"Charger 7 (fid=4) not available, trying Charger 3 (fid=10)",538.6723375086631,3,,
Car 180,,,,,0,switch,,"Charger 0 (fid=6) not available, trying Charger 2 (fid=71)",538.7402794327289,2,,
Car 168,,,,,7,switch,,"Charger 7 (fid=4) not available, trying Charger 2 (fid=71)",538.7731699905231,2,,
Car 156,,,,,,gave_up,6,"no alternate charger available, gave up",538.8291650551118,,,
Car 203,,,,,2,switch,,"Charger 2 (fid=71) not available, trying Charger 3 (fid=10)",538.8725621136766,3,,
Car 181,,,,,1,switch,,"Charger 1 (fid=40) not available, trying Charger 5 (fid=59)",539.5329454456116,5,,
Car 161,,,,,4,switch,,"Charger 4 (fid=2) not available, trying Charger 5 (fid=59)",539.7541790803592,5,,
Car 178,,,,,4,switch,,"Charger 4 (fid=2) not available, trying Charger 2 (fid=71)",539.924245075276,2,,
Car 157,,,,,3,switch,,"Charger 3 (fid=10) not available, trying Charger 7 (fid=4)",539.9767602305533,7,,
Car 210,,,,17,,arrived,,arrived,540.1414538831613,,,
Car 196,,,,,3,switch,,"Charger 3 (fid=10) not available, trying Charger 0 (fid=6)",540.412502026271,0,,
Car 198,,,,,1,switch,,"Charger 1 (fid=40) not available, trying Charger 2 (fid=71)",540.4190489234434,2,,
Car 188,,,,,5,switch,,"Charger 5 (fid=59) not available, trying Charger 7 (fid=4)",540.4650857800434,7,,
Car 158,,,,,4,switch,,"Charger 4 (fid=2) not available, trying Charger 7 (fid=4)",540.5498976215769,7,,
Car 150,,,,,2,switch,,"Charger 2 (fid=71) not available, trying Charger 7 (fid=4)",540.7966371430206,7,,
Car 163,,,,,5,switch,,"Charger 5 (fid=59) not available, trying Charger 4 (fid=2)",540.9321013099596,4,,
Car 199,,,,,1,switch,,"Charger 1 (fid=40) not available, trying Charger 4 (fid=2)",541.0020994658576,4,,
Car 187,,,,,0,switch,,"Charger 0 (fid=6) not available, trying Charger 1 (fid=40)",541.0340830948187,1,,
Car 191,,,,,0,switch,,"Charger 0 (fid=6) not available, trying Charger 1 (fid=40)",541.0379010376076,1,,
Car 211,,,,61,,arrived,,arrived,541.1144596527357,,,
Car 182,,,,,7,switch,,"Charger 7 (fid=4) not available, trying Charger 5 (fid=59)",541.1180588845224,5,,
Car 159,,,,,4,switch,,"Charger 4 (fid=2) not available, trying Charger 6 (fid=64)",541.2371670204099,6,,
Car 192,,,,,3,switch,,"Charger 3 (fid=10) not available, trying Charger 1 (fid=40)",541.4856374696486,1,,
Car 190,,,,,5,switch,,"Charger 5 (fid=59) not available, trying Charger 4 (fid=2)",541.6244790289364,4,,
Car 204,,,,,5,switch,,"Charger 5 (fid=59) not available, trying Charger 0 (fid=6)",541.7788938279749,0,,
Car 208,,,,,7,switch,,"Charger 7 (fid=4) not available, trying Charger 3 (fid=10)",541.8143501394735,3,,
Car 174,,,,,2,switch,,"Charger 2 (fid=71) not available, trying Charger 4 (fid=2)",541.906080539453,4,,
Car 172,,,,,3,switch,,"Charger 3 (fid=10) not available, trying Charger 4 (fid=2)",541.9831112106549,4,,
Car 209,,,,,0,switch,,"Charger 0 (fid=6) not available, trying Charger 2 (fid=71)",542.1877603896679,2,,
Car 205,,,,,0,switch,,"Charger 0 (fid=6) not available, trying Charger 7 (fid=4)",542.3578228002519,7,,
Car 165,,,,,5,switch,,"Charger 5 (fid=59) not available, trying Charger 4 (fid=2)",542.3717926934052,4,,
Car 138,,,,,,gave_up,6,"no alternate charger available, gave up",542.3816735091816,,,
Car 212,,,,55,,arrived,,arrived,542.4397964205157,,,
Car 185,,,,,7,switch,,"Charger 7 (fid=4) not available, trying Charger 5 (fid=59)",542.5080441620472,5,,
Car 166,,,,,5,switch,,"Charger 5 (fid=59) not available, trying Charger 4 (fid=2)",542.7914777316882,4,,
Car 200,,,,,1,switch,,"Charger 1 (fid=40) not available, trying Charger 0 (fid=6)",542.7970730210349,0,,
Car 171,,,,,5,switch,,"Charger 5 (fid=59) not available, trying Charger 4 (fid=2)",542.8456343772818,4,,
Car 189,,,,,6,switch,,"Charger 6 (fid=64) not available, trying Charger 3 (fid=10)",543.2460432228162,3,,
Car 201,,,,,7,switch,,"Charger 7 (fid=4) not available, trying Charger 3 (fid=10)",543.5846273917954,3,,
Car 173,,,,,5,switch,,"Charger 5 (fid=59) not available, trying Charger 4 (fid=2)",543.7359828679826,4,,
Car 176,,,,,2,switch,,"Charger 2 (fid=71) not available, trying Charger 3 (fid=10)",543.7885814329993,3,,
Car 206,,,,,3,switch,,"Charger 3 (fid=10) not available, trying Charger 1 (fid=40)",544.2168102272649,1,,
Car 169,,,,,5,switch,,"Charger 5 (fid=59) not available, trying Charger 4 (fid=2)",544.5751867731798,4,,
Car 175,,,,,2,switch,,"Charger 2 (fid=71) not available, trying Charger 3 (fid=10)",544.609388242243,3,,
Car 179,,,,,7,switch,,"Charger 7 (fid=4) not available, trying Charger 5 (fid=59)",544.6325171041941,5,,
Car 152,,,,,,gave_up,7,"no alternate charger available, gave up",544.6520885145006,,,
Car 115,71.0,6,0,,,done,,done charging,544.6829916153954,,,283.8603542659441
Car 210,,6,0,,,start_charge,,starting to charge at Charger 0 (fid=6),544.6829916153954,,4.541537732234133,
Car 207,,,,,3,switch,,"Charger 3 (fid=10) not available, trying Charger 1 (fid=40)",544.7239159794059,1,,
Car 164,,,,,5,switch,,"Charger 5 (fid=59) not available, trying Charger 4 (fid=2)",544.801204398486,4,,
Car 213,,,,21,,arrived,,arrived,544.880725006094,,,
Car 202,,,,,5,switch,,"Charger 5 (fid=59) not available, trying Charger 3 (fid=10)",544.9883420169471,3,,
Car 160,,,,,4,switch,,"Charger 4 (fid=2) not available, trying Charger 6 (fid=64)",545.0048118771426,6,,
Car 214,,,,51,,arrived,,arrived,545.0080230105438,,,
Car 186,,,,,1,switch,,"Charger 1 (fid=40) not available, trying Charger 6 (fid=64)",545.0434417009466,6,,
Car 183,,,,,1,switch,,"Charger 1 (fid=40) not available, trying Charger 5 (fid=59)",545.0870817195852,5,,
Car 147,,,,,,gave_up,7,"no alternate charger available, gave up",545.1885916733456,,,
Car 193,,,,,2,switch,,"Charger 2 (fid=71) not available, trying Charger 0 (fid=6)",545.2924244229188,0,,
Car 195,,,,,3,switch,,"Charger 3 (fid=10) not available, trying Charger 1 (fid=40)",545.3637442331469,1,,
Car 180,,,,,2,switch,,"Charger 2 (fid=71) not available, trying Charger 3 (fid=10)",545.3726266108839,3,,
Car 215,,,,6,,arrived,,arrived,545.8670605080396,,,
Car 216,,,,82,,arrived,,arrived,546.0108413438226,,,
Car 177,,,,,5,switch,,"Charger 5 (fid=59) not available, trying Charger 4 (fid=2)",546.0855678393845,4,,
Car 211,,,,,1,switch,,"Charger 1 (fid=40) not available, trying Charger 3 (fid=10)",546.1144596527357,3,,
Car 161,,,,,5,switch,,"Charger 5 (fid=59) not available, trying Charger 6 (fid=64)",546.2734024461954,6,,
Car 149,,,,,,gave_up,7,"no alternate charger available, gave up",546.3577138978051,,,
Car 157,,,,,,gave_up,7,"no alternate charger available, gave up",546.6681669550371,,,
Car 194,,,,,2,switch,,"Charger 2 (fid=71) not available, trying Charger 4 (fid=2)",546.8942648659865,4,,
Car 181,,,,,5,switch,,"Charger 5 (fid=59) not available, trying Charger 4 (fid=2)",547.0431365297876,4,,
Car 217,,,,1,,arrived,,arrived,547.1342336870847,,,
Car 168,,,,,2,switch,,"Charger 2 (fid=71) not available, trying Charger 4 (fid=2)",547.3166460686788,4,,
Car 212,,,,,2,switch,,"Charger 2 (fid=71) not available, trying Charger 0 (fid=6)",547.4397964205157,0,,
Car 163,,,,,4,switch,,"Charger 4 (fid=2) not available, trying Charger 6 (fid=64)",547.4513246757958,6,,
Car 159,,,,,,gave_up,6,"no alternate charger available, gave up",547.4814923102782,,,
Car 203,,,,,3,switch,,"Charger 3 (fid=10) not available, trying Charger 0 (fid=6)",547.4976239940339,0,,
Car 184,,,,,4,switch,,"Charger 4 (fid=2) not available, trying Charger 3 (fid=10)",547.6338988849059,3,,
Car 167,,,,,5,switch,,"Charger 5 (fid=59) not available, trying Charger 4 (fid=2)",547.934349051665,4,,
Car 111,79.0,6,0,,,done,,done charging,547.966975016302,,,231.26268186848134
Car 196,,6,0,,,start_charge,,starting to charge at Charger 0 (fid=6),547.966975016302,,19.204935657483134,
Car 170,,,,,2,switch,,"Charger 2 (fid=71) not available, trying Charger 3 (fid=10)",547.9768755547615,3,,
Car 218,,,,9,,arrived,,arrived,548.005233252153,,,
Car 190,,,,,4,switch,,"Charger 4 (fid=2) not available, trying Charger 3 (fid=10)",548.1437023947726,3,,
Car 208,,,,,3,switch,,"Charger 3 (fid=10) not available, trying Charger 2 (fid=71)",548.5057568639573,2,,
Car 187,,,,,1,switch,,"Charger 1 (fid=40) not available, trying Charger 5 (fid=59)",548.5246195598862,5,,
Car 191,,,,,1,switch,,"Charger 1 (fid=40) not available, trying Charger 5 (fid=59)",548.5284375026752,5,,
Car 209,,,,,2,switch,,"Charger 2 (fid=71) not available, trying Charger 4 (fid=2)",548.8201075678229,4,,
Car 165,,,,,4,switch,,"Charger 4 (fid=2) not available, trying Charger 6 (fid=64)",548.8910160592413,6,,
Car 192,,,,,1,switch,,"Charger 1 (fid=40) not available, trying Charger 5 (fid=59)",548.9434551998476,5,,
Car 198,,,,,2,switch,,"Charger 2 (fid=71) not available, trying Charger 0 (fid=6)",549.2166941531832,0,,
Car 166,,,,,4,switch,,"Charger 4 (fid=2) not available, trying Charger 6 (fid=64)",549.3107010975244,6,,
Car 150,,,,,,gave_up,7,"no alternate charger available, gave up",549.3401132211762,,,
Car 171,,,,,4,switch,,"Charger 4 (fid=2) not available, trying Charger 6 (fid=64)",549.364857743118,6,,
Car 178,,,,,2,switch,,"Charger 2 (fid=71) not available, trying Charger 6 (fid=64)",549.6309649255381,6,,
Car 204,,,,,0,switch,,"Charger 0 (fid=6) not available, trying Charger 6 (fid=64)",549.7822367352146,6,,
Car 199,,,,,4,switch,,"Charger 4 (fid=2) not available, trying Charger 5 (fid=59)",549.7877837160739,5,,
Car 213,,,,,4,switch,,"Charger 4 (fid=2) not available, trying Charger 0 (fid=6)",549.880725006094,0,,
Car 214,,,,,5,switch,,"Charger 5 (fid=59) not available, trying Charger 1 (fid=40)",550.0080230105438,1,,
Car 173,,,,,4,switch,,"Charger 4 (fid=2) not available, trying Charger 6 (fid=64)",550.2552062338187,6,,
Car 201,,,,,3,switch,,"Charger 3 (fid=10) not available, trying Charger 1 (fid=40)",550.2760341162792,1,,
Car 200,,,,,0,switch,,"Charger 0 (fid=6) not available, trying Charger 2 (fid=71)",550.2876094861024,2,,
Car 215,,,,,0,switch,,"Charger 0 (fid=6) not available, trying Charger 2 (fid=71)",550.8670605080396,2,,
Car 216,,,,,4,switch,,"Charger 4 (fid=2) not available, trying Charger 6 (fid=64)",551.0108413438226,6,,
Car 169,,,,,4,switch,,"Charger 4 (fid=2) not available, trying Charger 6 (fid=64)",551.094410139016,6,,
Car 160,,,,,,gave_up,6,"no alternate charger available, gave up",551.249137167011,,,
Car 219,,,,59,,arrived,,arrived,551.2800776430497,,,
Car 164,,,,,4,switch,,"Charger 4 (fid=2) not available, trying Charger 6 (fid=64)",551.3204277643222,6,,
Car 205,,,,,7,switch,,"Charger 7 (fid=4) not available, trying Charger 3 (fid=10)",551.3729419958049,3,,
Car 174,,,,,4,switch,,"Charger 4 (fid=2) not available, trying Charger 7 (fid=4)",551.6128003897152,7,,
Car 206,,,,,1,switch,,"Charger 1 (fid=40) not available, trying Charger 2 (fid=71)",551.6746279574638,2,,
Car 188,,,,,7,switch,,"Charger 7 (fid=4) not available, trying Charger 2 (fid=71)",551.7040630155677,2,,
Car 193,,,,,0,switch,,"Charger 0 (fid=6) not available, trying Charger 5 (fid=59)",551.9247716010738,5,,
Car 217,,,,,0,switch,,"Charger 0 (fid=6) not available, trying Charger 5 (fid=59)",552.1342336870847,5,,
Car 207,,,,,1,switch,,"Charger 1 (fid=40) not available, trying Charger 2 (fid=71)",552.1817337096048,2,,
Car 182,,,,,5,switch,,"Charger 5 (fid=59) not available, trying Charger 4 (fid=2)",552.3570361200467,4,,
Car 176,,,,,3,switch,,"Charger 3 (fid=10) not available, trying Charger 7 (fid=4)",552.4136433133566,7,,
Car 183,,,,,5,switch,,"Charger 5 (fid=59) not available, trying Charger 4 (fid=2)",552.5972728037611,4,,
Car 177,,,,,4,switch,,"Charger 4 (fid=2) not available, trying Charger 6 (fid=64)",552.6047912052206,6,,
Car 158,,,,,7,switch,,"Charger 7 (fid=4) not available, trying Charger 6 (fid=64)",552.6241441344496,6,,
Car 161,,,,,,gave_up,6,"no alternate charger available, gave up",552.6280565771373,,,
Car 220,,,,84,,arrived,,arrived,552.8114797238818,,,
Car 195,,,,,1,switch,,"Charger 1 (fid=40) not available, trying Charger 5 (fid=59)",552.8215619633459,5,,
Car 172,,,,,4,switch,,"Charger 4 (fid=2) not available, trying Charger 2 (fid=71)",552.9293420603387,2,,
Car 218,,,,,3,switch,,"Charger 3 (fid=10) not available, trying Charger 1 (fid=40)",553.005233252153,1,,
Car 175,,,,,3,switch,,"Charger 3 (fid=10) not available, trying Charger 7 (fid=4)",553.2344501226003,7,,
Car 181,,,,,4,switch,,"Charger 4 (fid=2) not available, trying Charger 6 (fid=64)",553.5623598956238,6,,
Car 211,,,,,3,switch,,"Charger 3 (fid=10) not available, trying Charger 0 (fid=6)",553.5722773829347,0,,
Car 163,,,,,,gave_up,6,"no alternate charger available, gave up",553.6956499656642,,,
Car 185,,,,,5,switch,,"Charger 5 (fid=59) not available, trying Charger 4 (fid=2)",553.7470213975715,4,,
Car 186,,,,,6,switch,,"Charger 6 (fid=64) not available, trying Charger 3 (fid=10)",553.8961177591425,3,,
Car 180,,,,,3,switch,,"Charger 3 (fid=10) not available, trying Charger 7 (fid=4)",553.9976884912412,7,,
Car 212,,,,,0,switch,,"Charger 0 (fid=6) not available, trying Charger 7 (fid=4)",554.0721435986707,7,,
Car 167,,,,,4,switch,,"Charger 4 (fid=2) not available, trying Charger 6 (fid=64)",554.4535724175012,6,,
Car 189,,,,,3,switch,,"Charger 3 (fid=10) not available, trying Charger 4 (fid=2)",554.4855906509359,4,,
Car 202,,,,,3,switch,,"Charger 3 (fid=10) not available, trying Charger 2 (fid=71)",554.873350343937,2,,
Car 165,,,,,,gave_up,6,"no alternate charger available, gave up",555.1353413491097,,,
Car 166,,,,,,gave_up,6,"no alternate charger available, gave up",555.5550263873928,,,
Car 171,,,,,,gave_up,6,"no alternate charger available, gave up",555.6091830329864,,,
Car 203,,,,,0,switch,,"Charger 0 (fid=6) not available, trying Charger 1 (fid=40)",555.8471613265817,1,,
Car 198,,,,,0,switch,,"Charger 0 (fid=6) not available, trying Charger 5 (fid=59)",555.8490413313382,5,,
Car 179,,,,,5,switch,,"Charger 5 (fid=59) not available, trying Charger 4 (fid=2)",555.8714943397184,4,,
Car 187,,,,,5,switch,,"Charger 5 (fid=59) not available, trying Charger 4 (fid=2)",556.0348106440622,4,,
Car 191,,,,,5,switch,,"Charger 5 (fid=59) not available, trying Charger 4 (fid=2)",556.0386285868511,4,,
Car 219,,,,,5,switch,,"Charger 5 (fid=59) not available, trying Charger 6 (fid=64)",556.2800776430497,6,,
Car 199,,,,,5,switch,,"Charger 5 (fid=59) not available, trying Charger 3 (fid=10)",556.3070070819101,3,,
Car 192,,,,,5,switch,,"Charger 5 (fid=59) not available, trying Charger 4 (fid=2)",556.4536462840235,4,,
Car 221,,,,37,,arrived,,arrived,556.4828306051558,,,
Car 173,,,,,,gave_up,6,"no alternate charger available, gave up",556.4995315236871,,,
Car 194,,,,,4,switch,,"Charger 4 (fid=2) not available, trying Charger 3 (fid=10)",556.6009847162487,3,,
Car 170,,,,,3,switch,,"Charger 3 (fid=10) not available, trying Charger 7 (fid=4)",556.6019374351188,7,,
Car 222,,,,11,,arrived,,arrived,556.7045889129816,,,
Car 223,,,,16,,arrived,,arrived,556.7989645996123,,,
Car 200,,,,,2,switch,,"Charger 2 (fid=71) not available, trying Charger 5 (fid=59)",556.9199566642574,5,,
Car 168,,,,,4,switch,,"Charger 4 (fid=2) not available, trying Charger 6 (fid=64)",557.023365918941,6,,
Car 208,,,,,2,switch,,"Charger 2 (fid=71) not available, trying Charger 0 (fid=6)",557.1308187443146,0,,
Car 216,,,,,6,switch,,"Charger 6 (fid=64) not available, trying Charger 5 (fid=59)",557.2551666336909,5,,
Car 169,,,,,,gave_up,6,"no alternate charger available, gave up",557.3387354288843,,,
Car 215,,,,,2,switch,,"Charger 2 (fid=71) not available, trying Charger 1 (fid=40)",557.4994076861946,1,,
Car 214,,,,,1,switch,,"Charger 1 (fid=40) not available, trying Charger 0 (fid=6)",557.5182140947197,0,,
Car 164,,,,,,gave_up,6,"no alternate charger available, gave up",557.5647530541905,,,
Car 201,,,,,1,switch,,"Charger 1 (fid=40) not available, trying Charger 5 (fid=59)",557.7338518464782,5,,
Car 220,,,,,4,switch,,"Charger 4 (fid=2) not available, trying Charger 6 (fid=64)",557.8114797238818,6,,
Car 126,82.0,71,2,,,done,,done charging,557.9294125334561,,,200.09921661267754
Car 188,,71,2,,,start_charge,,starting to charge at Charger 2 (fid=71),557.9294125334561,,27.681873439732783,
Car 205,,,,,3,switch,,"Charger 3 (fid=10) not available, trying Charger 1 (fid=40)",558.0643487202888,1,,
Car 213,,,,,0,switch,,"Charger 0 (fid=6) not available, trying Charger 5 (fid=59)",558.1462345045844,5,,
Car 209,,,,,4,switch,,"Charger 4 (fid=2) not available, trying Charger 5 (fid=59)",558.5268274180851,5,,
Car 184,,,,,3,switch,,"Charger 3 (fid=10) not available, trying Charger 6 (fid=64)",558.5801297345897,6,,
Car 177,,,,,,gave_up,6,"no alternate charger available, gave up",558.849116495089,,,
Car 182,,,,,4,switch,,"Charger 4 (fid=2) not available, trying Charger 6 (fid=64)",558.8762594858829,6,,
Car 204,,,,,6,switch,,"Charger 6 (fid=64) not available, trying Charger 2 (fid=71)",558.8787328354036,2,,
Car 128,66.0,64,6,,,done,,done charging,558.9693261188613,,,232.09365163655485
Car 181,,64,6,,,start_charge,,starting to charge at Charger 6 (fid=64),558.9693261188613,,39.162640933369175,
Car 224,,,,2,,arrived,,arrived,558.9706282332805,,,
Car 82,117.0,40,1,,,done,,done charging,559.050310127227,,,497.7515048073607
Car 218,,40,1,,,start_charge,,starting to charge at Charger 1 (fid=40),559.050310127227,,8.587259144875134,
Car 190,,,,,3,switch,,"Charger 3 (fid=10) not available, trying Charger 7 (fid=4)",559.0899332444565,7,,
Car 176,,,,,,gave_up,7,"no alternate charger available, gave up",559.1050500378404,,,
Car 183,,,,,4,switch,,"Charger 4 (fid=2) not available, trying Charger 6 (fid=64)",559.1164961695973,6,,
Car 119,76.0,71,2,,,done,,done charging,559.4307658214,,,233.69468109053474
Car 206,,71,2,,,start_charge,,starting to charge at Charger 2 (fid=71),559.4307658214,,18.95849263419632,
Car 109,60.0,4,7,,,done,,done charging,559.4720699187578,,,332.8575420821908
Car 175,,4,7,,,start_charge,,starting to charge at Charger 7 (fid=4),559.4720699187578,,39.54621307167372,
Car 193,,,,,5,switch,,"Charger 5 (fid=59) not available, trying Charger 4 (fid=2)",559.9281145083135,4,,
Car 217,,,,,5,switch,,"Charger 5 (fid=59) not available, trying Charger 4 (fid=2)",560.1375765943244,4,,
Car 185,,,,,4,switch,,"Charger 4 (fid=2) not available, trying Charger 6 (fid=64)",560.2662447634077,6,,
Car 178,,,,,6,switch,,"Charger 6 (fid=64) not available, trying Charger 7 (fid=4)",560.2919206304039,7,,
Car 195,,,,,5,switch,,"Charger 5 (fid=59) not available, trying Charger 4 (fid=2)",560.3317530475218,4,,
Car 180,,,,,,gave_up,7,"no alternate charger available, gave up",560.689095215725,,,
Car 167,,,,,,gave_up,6,"no alternate charger available, gave up",560.6978977073695,,,
Car 225,,,,4,,arrived,,arrived,560.823180875976,,,
Car 207,,,,,2,switch,,"Charger 2 (fid=71) not available, trying Charger 0 (fid=6)",560.9793789393447,0,,
Car 221,,,,,7,switch,,"Charger 7 (fid=4) not available, trying Charger 3 (fid=10)",561.4828306051558,3,,
Car 222,,,,,0,switch,,"Charger 0 (fid=6) not available, trying Charger 3 (fid=10)",561.7045889129816,3,,
Car 223,,,,,2,switch,,"Charger 2 (fid=71) not available, trying Charger 0 (fid=6)",561.7989645996123,0,,
Car 211,,,,,0,switch,,"Charger 0 (fid=6) not available, trying Charger 5 (fid=59)",561.9218147154825,5,,
Car 179,,,,,4,switch,,"Charger 4 (fid=2) not available, trying Charger 6 (fid=64)",562.3907177055546,6,,
Car 187,,,,,4,switch,,"Charger 4 (fid=2) not available, trying Charger 6 (fid=64)",562.5540340098984,6,,
Car 191,,,,,4,switch,,"Charger 4 (fid=2) not available, trying Charger 6 (fid=64)",562.5578519526873,6,,
Car 219,,,,,6,switch,,"Charger 6 (fid=64) not available, trying Charger 4 (fid=2)",562.6347317739916,4,,
Car 172,,,,,2,switch,,"Charger 2 (fid=71) not available, trying Charger 7 (fid=4)",562.6360619106009,7,,
Car 192,,,,,4,switch,,"Charger 4 (fid=2) not available, trying Charger 6 (fid=64)",562.9728696498597,6,,
Car 212,,,,,7,switch,,"Charger 7 (fid=4) not available, trying Charger 3 (fid=10)",563.0872627942236,3,,
Car 168,,,,,,gave_up,6,"no alternate charger available, gave up",563.2676912088093,,,
Car 170,,,,,,gave_up,7,"no alternate charger available, gave up",563.2933441596026,,,
Car 203,,,,,1,switch,,"Charger 1 (fid=40) not available, trying Charger 5 (fid=59)",563.3376977916492,5,,
Car 202,,,,,2,switch,,"Charger 2 (fid=71) not available, trying Charger 4 (fid=2)",563.4984122242943,4,,
Car 216,,,,,5,switch,,"Charger 5 (fid=59) not available, trying Charger 0 (fid=6)",563.6098207646328,0,,
Car 174,,,,,7,switch,,"Charger 7 (fid=4) not available, trying Charger 6 (fid=64)",563.6870469025879,6,,
Car 208,,,,,0,switch,,"Charger 0 (fid=6) not available, trying Charger 1 (fid=40)",563.7631659224696,1,,
Car 226,,,,70,,arrived,,arrived,563.8017706398542,,,
Car 198,,,,,5,switch,,"Charger 5 (fid=59) not available, trying Charger 4 (fid=2)",563.8523842385779,4,,
Car 224,,,,,4,switch,,"Charger 4 (fid=2) not available, trying Charger 6 (fid=64)",563.9706282332805,6,,
Car 220,,,,,6,switch,,"Charger 6 (fid=64) not available, trying Charger 5 (fid=59)",564.0558050137502,5,,
Car 227,,,,21,,arrived,,arrived,564.1090093327526,,,
Car 214,,,,,0,switch,,"Charger 0 (fid=6) not available, trying Charger 4 (fid=2)",565.0087505597872,4,,
Car 209,,,,,5,switch,,"Charger 5 (fid=59) not available, trying Charger 1 (fid=40)",565.0460507839213,1,,
Car 182,,,,,,gave_up,6,"no alternate charger available, gave up",565.1205847757512,,,
Car 186,,,,,3,switch,,"Charger 3 (fid=10) not available, trying Charger 7 (fid=4)",565.1356651872622,7,,
Car 158,,,,,,gave_up,6,"no alternate charger available, gave up",565.1958642736337,,,
Car 201,,,,,5,switch,,"Charger 5 (fid=59) not available, trying Charger 4 (fid=2)",565.2440429306541,4,,
Car 183,,,,,,gave_up,6,"no alternate charger available, gave up",565.3608214594657,,,
Car 189,,,,,4,switch,,"Charger 4 (fid=2) not available, trying Charger 2 (fid=71)",565.4318215006198,2,,
Car 205,,,,,1,switch,,"Charger 1 (fid=40) not available, trying Charger 5 (fid=59)",565.5221664504877,5,,
Car 190,,,,,7,switch,,"Charger 7 (fid=4) not available, trying Charger 6 (fid=64)",565.7813399689403,6,,
Car 225,,,,,0,switch,,"Charger 0 (fid=6) not available, trying Charger 1 (fid=40)",565.823180875976,1,,
Car 213,,,,,5,switch,,"Charger 5 (fid=59) not available, trying Charger 2 (fid=71)",566.1495774118241,2,,
Car 199,,,,,3,switch,,"Charger 3 (fid=10) not available, trying Charger 7 (fid=4)",566.1920154089,7,,
Car 215,,,,,1,switch,,"Charger 1 (fid=40) not available, trying Charger 5 (fid=59)",566.2970529159344,5,,
Car 193,,,,,4,switch,,"Charger 4 (fid=2) not available, trying Charger 6 (fid=64)",566.4473378741496,6,,
Car 185,,,,,,gave_up,6,"no alternate charger available, gave up",566.5105700532761,,,
Car 200,,,,,5,switch,,"Charger 5 (fid=59) not available, trying Charger 4 (fid=2)",566.5488832438804,4,,
Car 217,,,,,4,switch,,"Charger 4 (fid=2) not available, trying Charger 1 (fid=40)",566.6567999601606,1,,
Car 195,,,,,4,switch,,"Charger 4 (fid=2) not available, trying Charger 6 (fid=64)",566.850976413358,6,,
Car 228,,,,37,,arrived,,arrived,567.1786910890748,,,
Car 194,,,,,3,switch,,"Charger 3 (fid=10) not available, trying Charger 6 (fid=64)",567.5472155659326,6,,
Car 207,,,,,0,switch,,"Charger 0 (fid=6) not available, trying Charger 5 (fid=59)",567.6117261174996,5,,
Car 229,,,,41,,arrived,,arrived,568.0135341211515,,,
Car 221,,,,,3,switch,,"Charger 3 (fid=10) not available, trying Charger 2 (fid=71)",568.1742373296396,2,,
Car 101,109.0,40,1,,,done,,done charging,568.3644170528592,,,269.3786136815586
Car 208,,40,1,,,start_charge,,starting to charge at Charger 1 (fid=40),568.3644170528592,,22.110714665322007,
Car 223,,,,,0,switch,,"Charger 0 (fid=6) not available, trying Charger 3 (fid=10)",568.4313117777673,3,,
Car 179,,,,,,gave_up,6,"no alternate charger available, gave up",568.635042995423,,,
Car 187,,,,,,gave_up,6,"no alternate charger available, gave up",568.7983592997667,,,
Car 226,,,,,2,switch,,"Charger 2 (fid=71) not available, trying Charger 0 (fid=6)",568.8017706398542,0,,
Car 191,,,,,,gave_up,6,"no alternate charger available, gave up",568.8021772425557,,,
Car 219,,,,,4,switch,,"Charger 4 (fid=2) not available, trying Charger 1 (fid=40)",568.8790570638599,1,,
Car 227,,,,,4,switch,,"Charger 4 (fid=2) not available, trying Charger 0 (fid=6)",569.1090093327526,0,,
Car 192,,,,,,gave_up,6,"no alternate charger available, gave up",569.2171949397281,,,
Car 204,,,,,2,switch,,"Charger 2 (fid=71) not available, trying Charger 1 (fid=40)",569.5396885402694,1,,
Car 212,,,,,3,switch,,"Charger 3 (fid=10) not available, trying Charger 1 (fid=40)",569.7786695187075,1,,
Car 184,,,,,6,switch,,"Charger 6 (fid=64) not available, trying Charger 7 (fid=4)",569.8196771627095,7,,
Car 211,,,,,5,switch,,"Charger 5 (fid=59) not available, trying Charger 7 (fid=4)",569.9251576227222,7,,
Car 222,,,,,3,switch,,"Charger 3 (fid=10) not available, trying Charger 2 (fid=71)",570.0541262455295,2,,
Car 224,,,,,6,switch,,"Charger 6 (fid=64) not available, trying Charger 5 (fid=59)",570.2149535231489,5,,
Car 198,,,,,4,switch,,"Charger 4 (fid=2) not available, trying Charger 6 (fid=64)",570.3716076044141,6,,
Car 220,,,,,5,switch,,"Charger 5 (fid=59) not available, trying Charger 0 (fid=6)",570.410459144692,0,,
Car 203,,,,,5,switch,,"Charger 5 (fid=59) not available, trying Charger 4 (fid=2)",570.8478888758252,4,,
Car 172,,,,,,gave_up,7,"no alternate charger available, gave up",571.1795379887566,,,
Car 230,,,,37,,arrived,,arrived,571.2519317048519,,,
Car 216,,,,,0,switch,,"Charger 0 (fid=6) not available, trying Charger 1 (fid=40)",571.6131636718725,1,,
Car 231,,,,67,,arrived,,arrived,571.7007586115876,,,
Car 201,,,,,4,switch,,"Charger 4 (fid=2) not available, trying Charger 6 (fid=64)",571.7632662964903,6,,
Car 186,,,,,,gave_up,7,"no alternate charger available, gave up",571.8270719117461,,,
Car 228,,,,,7,switch,,"Charger 7 (fid=4) not available, trying Charger 3 (fid=10)",572.1786910890748,3,,
Car 209,,,,,1,switch,,"Charger 1 (fid=40) not available, trying Charger 6 (fid=64)",572.5562418680972,6,,
Car 193,,,,,,gave_up,6,"no alternate charger available, gave up",572.691663164018,,,
Car 178,,,,,,gave_up,7,"no alternate charger available, gave up",572.863640769588,,,
Car 199,,,,,7,switch,,"Charger 7 (fid=4) not available, trying Charger 6 (fid=64)",572.8834221333839,6,,
Car 229,,,,,7,switch,,"Charger 7 (fid=4) not available, trying Charger 2 (fid=71)",573.0135341211515,2,,
Car 205,,,,,5,switch,,"Charger 5 (fid=59) not available, trying Charger 4 (fid=2)",573.0323575346637,4,,
Car 200,,,,,4,switch,,"Charger 4 (fid=2) not available, trying Charger 6 (fid=64)",573.0681066097166,6,,
Car 195,,,,,,gave_up,6,"no alternate charger available, gave up",573.0953017032264,,,
Car 202,,,,,4,switch,,"Charger 4 (fid=2) not available, trying Charger 6 (fid=64)",573.2051320745564,6,,
Car 214,,,,,4,switch,,"Charger 4 (fid=2) not available, trying Charger 6 (fid=64)",573.2742600582776,6,,
Car 225,,,,,1,switch,,"Charger 1 (fid=40) not available, trying Charger 5 (fid=59)",573.3137173410436,5,,
Car 232,,,,88,,arrived,,arrived,573.5013441658228,,,
Car 215,,,,,5,switch,,"Charger 5 (fid=59) not available, trying Charger 4 (fid=2)",573.8072440001104,4,,
Car 189,,,,,2,switch,,"Charger 2 (fid=71) not available, trying Charger 7 (fid=4)",575.138541350882,7,,
Car 226,,,,,0,switch,,"Charger 0 (fid=6) not available, trying Charger 7 (fid=4)",575.4341178180092,7,,
Car 217,,,,,1,switch,,"Charger 1 (fid=40) not available, trying Charger 6 (fid=64)",575.442484210377,6,,
Car 129,63.0,4,7,,,done,,done charging,575.5948824163274,,,519.706803719171
Car 230,,4,7,,,start_charge,,starting to charge at Charger 7 (fid=4),575.5948824163274,,4.34295071147551,
Car 207,,,,,5,switch,,"Charger 5 (fid=59) not available, trying Charger 4 (fid=2)",575.6150690247393,4,,
Car 213,,,,,2,switch,,"Charger 2 (fid=71) not available, trying Charger 6 (fid=64)",575.7785039914471,6,,
Car 174,,,,,,gave_up,6,"no alternate charger available, gave up",576.258767041772,,,
Car 224,,,,,5,switch,,"Charger 5 (fid=59) not available, trying Charger 0 (fid=6)",576.5696076540908,0,,
Car 198,,,,,,gave_up,6,"no alternate charger available, gave up",576.6159328942824,,,
Car 231,,,,,2,switch,,"Charger 2 (fid=71) not available, trying Charger 7 (fid=4)",576.7007586115876,7,,
Car 223,,,,,3,switch,,"Charger 3 (fid=10) not available, trying Charger 1 (fid=40)",576.7808491103151,1,,
Car 221,,,,,2,switch,,"Charger 2 (fid=71) not available, trying Charger 0 (fid=6)",576.7992992099969,0,,
Car 212,,,,,1,switch,,"Charger 1 (fid=40) not available, trying Charger 5 (fid=59)",577.2364872489064,5,,
Car 203,,,,,4,switch,,"Charger 4 (fid=2) not available, trying Charger 6 (fid=64)",577.3671122416614,6,,
Car 227,,,,,0,switch,,"Charger 0 (fid=6) not available, trying Charger 5 (fid=59)",577.374518831243,5,,
Car 219,,,,,1,switch,,"Charger 1 (fid=40) not available, trying Charger 0 (fid=6)",577.6647413140763,0,,
Car 233,,,,42,,arrived,,arrived,577.9853255950981,,,
Car 201,,,,,,gave_up,6,"no alternate charger available, gave up",578.0075915863587,,,
Car 204,,,,,1,switch,,"Charger 1 (fid=40) not available, trying Charger 3 (fid=10)",578.3373337700092,3,,
Car 190,,,,,,gave_up,6,"no alternate charger available, gave up",578.3530601081244,,,
Car 220,,,,,0,switch,,"Charger 0 (fid=6) not available, trying Charger 1 (fid=40)",578.4138020519317,1,,
Car 232,,,,,4,switch,,"Charger 4 (fid=2) not available, trying Charger 6 (fid=64)",578.5013441658228,6,,
Car 222,,,,,2,switch,,"Charger 2 (fid=71) not available, trying Charger 1 (fid=40)",578.6791881258868,1,,
Car 194,,,,,6,switch,,"Charger 6 (fid=64) not available, trying Charger 7 (fid=4)",578.7867629940523,7,,
Car 228,,,,,3,switch,,"Charger 3 (fid=10) not available, trying Charger 2 (fid=71)",578.8700978135587,2,,
Car 234,,,,47,,arrived,,arrived,578.9559254937692,,,
Car 235,,,,17,,arrived,,arrived,579.0469942889843,,,
Car 216,,,,,1,switch,,"Charger 1 (fid=40) not available, trying Charger 2 (fid=71)",579.10370013694,2,,
Car 200,,,,,,gave_up,6,"no alternate charger available, gave up",579.3124318995849,,,
Car 202,,,,,6,switch,,"Charger 6 (fid=64) not available, trying Charger 7 (fid=4)",579.4494573644248,7,,
Car 214,,,,,6,switch,,"Charger 6 (fid=64) not available, trying Charger 3 (fid=10)",579.518585348146,3,,
Car 205,,,,,4,switch,,"Charger 4 (fid=2) not available, trying Charger 6 (fid=64)",579.5515809004999,6,,
Car 215,,,,,4,switch,,"Charger 4 (fid=2) not available, trying Charger 3 (fid=10)",580.3264673659465,3,,
Car 134,69.0,10,3,,,done,,done charging,580.5671470247112,,,420.2291633537366
Car 236,,,,7,,arrived,,arrived,580.7109003145181,,,
Car 204,,10,3,,,start_charge,,starting to charge at Charger 3 (fid=10),580.7951515002081,,30.0,
Car 225,,,,,5,switch,,"Charger 5 (fid=59) not available, trying Charger 2 (fid=71)",580.8239084252195,2,,
Car 237,,,,10,,arrived,,arrived,580.8598062066746,,,
Car 211,,,,,7,switch,,"Charger 7 (fid=4) not available, trying Charger 2 (fid=71)",581.1641348582465,2,,
Car 209,,,,,6,switch,,"Charger 6 (fid=64) not available, trying Charger 3 (fid=10)",581.4089179262932,3,,
Car 229,,,,,2,switch,,"Charger 2 (fid=71) not available, trying Charger 3 (fid=10)",581.5570101993071,3,,
Car 207,,,,,4,switch,,"Charger 4 (fid=2) not available, trying Charger 6 (fid=64)",582.1342923905755,6,,
Car 184,,,,,,gave_up,7,"no alternate charger available, gave up",582.3913973018936,,,
Car 233,,,,,7,switch,,"Charger 7 (fid=4) not available, trying Charger 2 (fid=71)",582.9853255950981,2,,
Car 238,,,,3,,arrived,,arrived,583.0394485986623,,,
Car 221,,,,,0,switch,,"Charger 0 (fid=6) not available, trying Charger 1 (fid=40)",583.4316463881519,1,,
Car 239,,,,62,,arrived,,arrived,583.5332613276787,,,
Car 203,,,,,,gave_up,6,"no alternate charger available, gave up",583.6114375315298,,,
Car 189,,,,,,gave_up,7,"no alternate charger available, gave up",583.6820174290376,,,
Car 234,,,,,7,switch,,"Charger 7 (fid=4) not available, trying Charger 2 (fid=71)",583.9559254937692,2,,
Car 235,,,,,0,switch,,"Charger 0 (fid=6) not available, trying Charger 2 (fid=71)",584.0469942889843,2,,
Car 223,,,,,1,switch,,"Charger 1 (fid=40) not available, trying Charger 7 (fid=4)",584.238666840514,7,,
Car 217,,,,,6,switch,,"Charger 6 (fid=64) not available, trying Charger 2 (fid=71)",584.2951602685729,2,,
Car 226,,,,,7,switch,,"Charger 7 (fid=4) not available, trying Charger 3 (fid=10)",584.4492370135622,3,,
Car 224,,,,,0,switch,,"Charger 0 (fid=6) not available, trying Charger 1 (fid=40)",584.5729505613305,1,,
Car 232,,,,,6,switch,,"Charger 6 (fid=64) not available, trying Charger 5 (fid=59)",584.7456694556912,5,,
Car 212,,,,,5,switch,,"Charger 5 (fid=59) not available, trying Charger 4 (fid=2)",584.7466783330824,4,,
Car 219,,,,,0,switch,,"Charger 0 (fid=6) not available, trying Charger 2 (fid=71)",585.1552777791438,2,,
Car 231,,,,,7,switch,,"Charger 7 (fid=4) not available, trying Charger 0 (fid=6)",585.2442346897433,0,,
Car 125,89.0,59,5,,,done,,done charging,585.247752065989,,,436.175252908732
Car 227,,59,5,,,start_charge,,starting to charge at Charger 5 (fid=59),585.247752065989,,14.869890327506255,
Car 199,,,,,,gave_up,6,"no alternate charger available, gave up",585.455142272568,,,
Car 236,,,,,4,switch,,"Charger 4 (fid=2) not available, trying Charger 5 (fid=59)",585.7109003145181,5,,
Car 205,,,,,,gave_up,6,"no alternate charger available, gave up",585.7959061903682,,,
Car 237,,,,,3,switch,,"Charger 3 (fid=10) not available, trying Charger 7 (fid=4)",585.8598062066746,7,,
Car 220,,,,,1,switch,,"Charger 1 (fid=40) not available, trying Charger 2 (fid=71)",585.9043385169992,2,,
Car 213,,,,,6,switch,,"Charger 6 (fid=64) not available, trying Charger 1 (fid=40)",586.4394596963128,1,,
Car 222,,,,,1,switch,,"Charger 1 (fid=40) not available, trying Charger 7 (fid=4)",587.4768333556266,7,,
Car 228,,,,,2,switch,,"Charger 2 (fid=71) not available, trying Charger 0 (fid=6)",587.495159693916,0,,
Car 240,,,,37,,arrived,,arrived,587.5404918711391,,,
Car 216,,,,,2,switch,,"Charger 2 (fid=71) not available, trying Charger 3 (fid=10)",587.9013453666798,3,,
Car 238,,,,,0,switch,,"Charger 0 (fid=6) not available, trying Charger 4 (fid=2)",588.0394485986623,4,,
Car 207,,,,,,gave_up,6,"no alternate charger available, gave up",588.3786176804439,,,
Car 239,,,,,1,switch,,"Charger 1 (fid=40) not available, trying Charger 0 (fid=6)",588.5332613276787,0,,
Car 241,,,,73,,arrived,,arrived,588.5427514416217,,,
Car 242,,,,51,,arrived,,arrived,588.7448959418256,,,
Car 243,,,,56,,arrived,,arrived,589.363884631885,,,
Car 211,,,,,2,switch,,"Charger 2 (fid=71) not available, trying Charger 4 (fid=2)",589.7076109364021,4,,
Car 229,,,,,3,switch,,"Charger 3 (fid=10) not available, trying Charger 0 (fid=6)",590.1820720796644,0,,
Car 225,,,,,2,switch,,"Charger 2 (fid=71) not available, trying Charger 4 (fid=2)",590.4528350048425,4,,
Car 235,,,,,2,switch,,"Charger 2 (fid=71) not available, trying Charger 1 (fid=40)",590.6793414671392,1,,
Car 214,,,,,3,switch,,"Charger 3 (fid=10) not available, trying Charger 2 (fid=71)",590.7581327762657,2,,
Car 221,,,,,1,switch,,"Charger 1 (fid=40) not available, trying Charger 5 (fid=59)",590.9221828532194,5,,
Car 232,,,,,5,switch,,"Charger 5 (fid=59) not available, trying Charger 0 (fid=6)",591.1003235866331,0,,
Car 226,,,,,3,switch,,"Charger 3 (fid=10) not available, trying Charger 1 (fid=40)",591.140643738046,1,,
Car 244,,,,77,,arrived,,arrived,591.2362865758403,,,
Car 212,,,,,4,switch,,"Charger 4 (fid=2) not available, trying Charger 6 (fid=64)",591.2659016989186,6,,
Car 215,,,,,3,switch,,"Charger 3 (fid=10) not available, trying Charger 7 (fid=4)",591.2726982156304,7,,
Car 194,,,,,,gave_up,7,"no alternate charger available, gave up",591.3584831332364,,,
Car 233,,,,,2,switch,,"Charger 2 (fid=71) not available, trying Charger 3 (fid=10)",591.5288016732537,3,,
Car 245,,,,4,,arrived,,arrived,591.6815942182342,,,
Car 219,,,,,2,switch,,"Charger 2 (fid=71) not available, trying Charger 3 (fid=10)",591.7876249572988,3,,
Car 202,,,,,,gave_up,7,"no alternate charger available, gave up",592.0211775036089,,,
Car 224,,,,,1,switch,,"Charger 1 (fid=40) not available, trying Charger 2 (fid=71)",592.063487026398,2,,
Car 236,,,,,5,switch,,"Charger 5 (fid=59) not available, trying Charger 6 (fid=64)",592.2301236803543,6,,
Car 246,,,,8,,arrived,,arrived,592.3118301426351,,,
Car 247,,,,37,,arrived,,arrived,592.4192294340205,,,
Car 234,,,,,2,switch,,"Charger 2 (fid=71) not available, trying Charger 3 (fid=10)",592.4994015719249,3,,
Car 248,,,,50,,arrived,,arrived,592.5009798888162,,,
Car 240,,,,,7,switch,,"Charger 7 (fid=4) not available, trying Charger 3 (fid=10)",592.5404918711391,3,,
Car 237,,,,,7,switch,,"Charger 7 (fid=4) not available, trying Charger 1 (fid=40)",592.5512129311585,1,,
Car 209,,,,,3,switch,,"Charger 3 (fid=10) not available, trying Charger 7 (fid=4)",592.6484653544129,7,,
Car 223,,,,,7,switch,,"Charger 7 (fid=4) not available, trying Charger 5 (fid=59)",593.2345557010445,5,,
Car 241,,,,,3,switch,,"Charger 3 (fid=10) not available, trying Charger 7 (fid=4)",593.5427514416217,7,,
Car 242,,,,,5,switch,,"Charger 5 (fid=59) not available, trying Charger 1 (fid=40)",593.7448959418256,1,,
Car 228,,,,,0,switch,,"Charger 0 (fid=6) not available, trying Charger 1 (fid=40)",594.127506872071,1,,
Car 231,,,,,0,switch,,"Charger 0 (fid=6) not available, trying Charger 3 (fid=10)",594.2593538852963,3,,
Car 243,,,,,2,switch,,"Charger 2 (fid=71) not available, trying Charger 0 (fid=6)",594.363884631885,0,,
Car 220,,,,,2,switch,,"Charger 2 (fid=71) not available, trying Charger 3 (fid=10)",594.7019837467391,3,,
Car 217,,,,,2,switch,,"Charger 2 (fid=71) not available, trying Charger 3 (fid=10)",594.9561159734386,3,,
Car 213,,,,,1,switch,,"Charger 1 (fid=40) not available, trying Charger 3 (fid=10)",595.2921357545088,3,,
Car 239,,,,,0,switch,,"Charger 0 (fid=6) not available, trying Charger 3 (fid=10)",596.0237977927462,3,,
Car 244,,,,,1,switch,,"Charger 1 (fid=40) not available, trying Charger 0 (fid=6)",596.2362865758403,0,,
Car 238,,,,,4,switch,,"Charger 4 (fid=2) not available, trying Charger 2 (fid=71)",596.3049580971526,2,,
Car 222,,,,,7,switch,,"Charger 7 (fid=4) not available, trying Charger 5 (fid=59)",596.4727222161571,5,,
Car 216,,,,,3,switch,,"Charger 3 (fid=10) not available, trying Charger 7 (fid=4)",596.5264072470371,7,,
Car 245,,,,,0,switch,,"Charger 0 (fid=6) not available, trying Charger 1 (fid=40)",596.6815942182342,1,,
Car 249,,,,13,,arrived,,arrived,596.7901532501998,,,
Car 246,,,,,3,switch,,"Charger 3 (fid=10) not available, trying Charger 7 (fid=4)",597.3118301426351,7,,
Car 247,,,,,7,switch,,"Charger 7 (fid=4) not available, trying Charger 3 (fid=10)",597.4192294340205,3,,
Car 248,,,,,1,switch,,"Charger 1 (fid=40) not available, trying Charger 5 (fid=59)",597.5009798888162,5,,
Car 212,,,,,,gave_up,6,"no alternate charger available, gave up",597.5102269887869,,,
Car 215,,,,,7,switch,,"Charger 7 (fid=4) not available, trying Charger 6 (fid=64)",597.9641049401142,6,,
Car 221,,,,,5,switch,,"Charger 5 (fid=59) not available, trying Charger 4 (fid=2)",598.4323739373954,4,,
Car 229,,,,,0,switch,,"Charger 0 (fid=6) not available, trying Charger 1 (fid=40)",598.5316094122122,1,,
Car 236,,,,,6,switch,,"Charger 6 (fid=64) not available, trying Charger 0 (fid=6)",598.5847778112961,0,,
Car 226,,,,,1,switch,,"Charger 1 (fid=40) not available, trying Charger 5 (fid=59)",598.598461468245,5,,
Car 210,54.0,6,0,,,done,,done charging,598.6829916153954,,,69.04829628602889
Car 232,,6,0,,,start_charge,,starting to charge at Charger 0 (fid=6),598.6829916153954,,19.57932512152263,
Car 250,,,,62,,arrived,,arrived,598.7109112064039,,,
Car 251,,,,31,,arrived,,arrived,599.2092888123077,,,
Car 240,,,,,3,switch,,"Charger 3 (fid=10) not available, trying Charger 2 (fid=71)",599.231898595623,2,,
Car 209,,,,,,gave_up,7,"no alternate charger available, gave up",599.3398720788967,,,
Car 214,,,,,2,switch,,"Charger 2 (fid=71) not available, trying Charger 7 (fid=4)",599.383194656623,7,,
Car 211,,,,,4,switch,,"Charger 4 (fid=2) not available, trying Charger 6 (fid=64)",599.4143307866643,6,,
Car 235,,,,,1,switch,,"Charger 1 (fid=40) not available, trying Charger 3 (fid=10)",599.4769866968791,3,,
Car 252,,,,38,,arrived,,arrived,599.9652215673199,,,
Car 233,,,,,3,switch,,"Charger 3 (fid=10) not available, trying Charger 0 (fid=6)",600.153863553611,0,,
Car 225,,,,,4,switch,,"Charger 4 (fid=2) not available, trying Charger 3 (fid=10)",600.1595548551047,3,,
Car 241,,,,,7,switch,,"Charger 7 (fid=4) not available, trying Charger 1 (fid=40)",600.2341581661055,1,,
Car 219,,,,,3,switch,,"Charger 3 (fid=10) not available, trying Charger 7 (fid=4)",600.4126868376561,7,,
Car 253,,,,28,,arrived,,arrived,600.5338249229447,,,
Car 224,,,,,2,switch,,"Charger 2 (fid=71) not available, trying Charger 3 (fid=10)",600.8611322561378,3,,
Car 243,,,,,0,switch,,"Charger 0 (fid=6) not available, trying Charger 7 (fid=4)",600.99623181004,7,,
Car 234,,,,,3,switch,,"Charger 3 (fid=10) not available, trying Charger 0 (fid=6)",601.1244634522822,0,,
Car 242,,,,,1,switch,,"Charger 1 (fid=40) not available, trying Charger 0 (fid=6)",601.2550870260015,0,,
Car 237,,,,,1,switch,,"Charger 1 (fid=40) not available, trying Charger 0 (fid=6)",601.547101791689,0,,
Car 228,,,,,1,switch,,"Charger 1 (fid=40) not available, trying Charger 5 (fid=59)",601.6180433371385,5,,
Car 249,,,,,2,switch,,"Charger 2 (fid=71) not available, trying Charger 0 (fid=6)",601.7901532501998,0,,
Car 254,,,,14,,arrived,,arrived,602.4721769703725,,,
Car 255,,,,63,,arrived,,arrived,602.5202719180405,,,
Car 231,,,,,3,switch,,"Charger 3 (fid=10) not available, trying Charger 1 (fid=40)",602.6088912178441,1,,
Car 213,,,,,3,switch,,"Charger 3 (fid=10) not available, trying Charger 7 (fid=4)",602.7499534847077,7,,
Car 256,,,,28,,arrived,,arrived,602.8953817372976,,,
Car 216,,,,,,gave_up,7,"no alternate charger available, gave up",603.217813971521,,,
Car 220,,,,,3,switch,,"Charger 3 (fid=10) not available, trying Charger 7 (fid=4)",603.3270456270964,7,,
Car 217,,,,,3,switch,,"Charger 3 (fid=10) not available, trying Charger 7 (fid=4)",603.5811778537959,7,,
Car 250,,,,,1,switch,,"Charger 1 (fid=40) not available, trying Charger 0 (fid=6)",603.7109112064039,0,,
Car 244,,,,,0,switch,,"Charger 0 (fid=6) not available, trying Charger 5 (fid=59)",603.7268230409078,5,,
Car 246,,,,,7,switch,,"Charger 7 (fid=4) not available, trying Charger 1 (fid=40)",604.003236867119,1,,
Car 247,,,,,3,switch,,"Charger 3 (fid=10) not available, trying Charger 2 (fid=71)",604.1106361585043,2,,
Car 245,,,,,1,switch,,"Charger 1 (fid=40) not available, trying Charger 5 (fid=59)",604.1721306833017,5,,
Car 251,,,,,2,switch,,"Charger 2 (fid=71) not available, trying Charger 7 (fid=4)",604.2092888123077,7,,
Car 239,,,,,3,switch,,"Charger 3 (fid=10) not available, trying Charger 2 (fid=71)",604.373335125294,2,,
Car 223,,,,,5,switch,,"Charger 5 (fid=59) not available, trying Charger 4 (fid=2)",604.4735329365689,4,,
Car 221,,,,,4,switch,,"Charger 4 (fid=2) not available, trying Charger 6 (fid=64)",604.9515973032316,6,,
Car 252,,,,,7,switch,,"Charger 7 (fid=4) not available, trying Charger 3 (fid=10)",604.9652215673199,3,,
Car 248,,,,,5,switch,,"Charger 5 (fid=59) not available, trying Charger 0 (fid=6)",605.0111709729922,0,,
Car 253,,,,,7,switch,,"Charger 7 (fid=4) not available, trying Charger 2 (fid=71)",605.5338249229447,2,,
Car 211,,,,,,gave_up,6,"no alternate charger available, gave up",605.6586560765327,,,
Car 238,,,,,2,switch,,"Charger 2 (fid=71) not available, trying Charger 5 (fid=59)",606.0116779474148,5,,
Car 229,,,,,1,switch,,"Charger 1 (fid=40) not available, trying Charger 5 (fid=59)",606.0221458772797,5,,
Car 226,,,,,5,switch,,"Charger 5 (fid=59) not available, trying Charger 4 (fid=2)",606.108652552421,4,,
Car 235,,,,,3,switch,,"Charger 3 (fid=10) not available, trying Charger 7 (fid=4)",606.934804427078,7,,
Car 219,,,,,,gave_up,7,"no alternate charger available, gave up",607.10409356214,,,
Car 254,,,,,2,switch,,"Charger 2 (fid=71) not available, trying Charger 0 (fid=6)",607.4721769703725,0,,
Car 255,,,,,7,switch,,"Charger 7 (fid=4) not available, trying Charger 3 (fid=10)",607.5202719180405,3,,
Car 236,,,,,0,switch,,"Charger 0 (fid=6) not available, trying Charger 1 (fid=40)",607.6812739114852,1,,
Car 222,,,,,5,switch,,"Charger 5 (fid=59) not available, trying Charger 4 (fid=2)",607.7116994516814,4,,
Car 240,,,,,2,switch,,"Charger 2 (fid=71) not available, trying Charger 0 (fid=6)",607.8569604759803,0,,
Car 256,,,,,7,switch,,"Charger 7 (fid=4) not available, trying Charger 2 (fid=71)",607.8953817372976,2,,
Car 214,,,,,,gave_up,7,"no alternate charger available, gave up",607.9266707347787,,,
Car 249,,,,,0,switch,,"Charger 0 (fid=6) not available, trying Charger 7 (fid=4)",608.4225004283547,7,,
Car 206,49.0,71,2,,,done,,done charging,608.4307658214,,,279.98120854804034
Car 247,,71,2,,,start_charge,,starting to charge at Charger 2 (fid=71),608.4307658214,,10.695067782538331,
Car 233,,,,,0,switch,,"Charger 0 (fid=6) not available, trying Charger 1 (fid=40)",608.5034008861588,1,,
Car 242,,,,,0,switch,,"Charger 0 (fid=6) not available, trying Charger 4 (fid=2)",608.7456234910691,4,,
Car 237,,,,,0,switch,,"Charger 0 (fid=6) not available, trying Charger 2 (fid=71)",609.0376382567565,2,,
Car 257,,,,28,,arrived,,arrived,609.0613904318393,,,
Car 228,,,,,5,switch,,"Charger 5 (fid=59) not available, trying Charger 4 (fid=2)",609.1282344213145,4,,
Car 241,,,,,1,switch,,"Charger 1 (fid=40) not available, trying Charger 2 (fid=71)",609.230047026636,2,,
Car 213,,,,,,gave_up,7,"no alternate charger available, gave up",609.4413602091915,,,
Car 234,,,,,0,switch,,"Charger 0 (fid=6) not available, trying Charger 1 (fid=40)",609.47400078483,1,,
Car 224,,,,,3,switch,,"Charger 3 (fid=10) not available, trying Charger 7 (fid=4)",609.4861941364951,7,,
Car 258,,,,31,,arrived,,arrived,609.8316327405346,,,
Car 243,,,,,7,switch,,"Charger 7 (fid=4) not available, trying Charger 3 (fid=10)",610.0113510055929,3,,
Car 220,,,,,,gave_up,7,"no alternate charger available, gave up",610.0184523515802,,,
Car 231,,,,,1,switch,,"Charger 1 (fid=40) not available, trying Charger 5 (fid=59)",610.066708948043,5,,
Car 217,,,,,,gave_up,7,"no alternate charger available, gave up",610.2725845782797,,,
Car 215,,,,,,gave_up,6,"no alternate charger available, gave up",610.5358250792983,,,
Car 223,,,,,4,switch,,"Charger 4 (fid=2) not available, trying Charger 6 (fid=64)",610.992756302405,6,,
Car 225,,,,,3,switch,,"Charger 3 (fid=10) not available, trying Charger 6 (fid=64)",611.1057857047886,6,,
Car 221,,,,,,gave_up,6,"no alternate charger available, gave up",611.1959225930999,,,
Car 250,,,,,0,switch,,"Charger 0 (fid=6) not available, trying Charger 3 (fid=10)",611.2014476714714,3,,
Car 252,,,,,3,switch,,"Charger 3 (fid=10) not available, trying Charger 2 (fid=71)",611.6566282918037,2,,
Car 245,,,,,5,switch,,"Charger 5 (fid=59) not available, trying Charger 2 (fid=71)",611.6823217674777,2,,
Car 244,,,,,5,switch,,"Charger 5 (fid=59) not available, trying Charger 3 (fid=10)",611.7301659481475,3,,
Car 259,,,,4,,arrived,,arrived,612.4706462214494,,,
Car 197,89.0,10,3,,,done,,done charging,612.5918798729733,,,51.86024258523723
Car 255,,10,3,,,start_charge,,starting to charge at Charger 3 (fid=10),612.5918798729733,,8.38020123044896,
Car 226,,,,,4,switch,,"Charger 4 (fid=2) not available, trying Charger 6 (fid=64)",612.6278759182571,6,,
Car 251,,,,,7,switch,,"Charger 7 (fid=4) not available, trying Charger 0 (fid=6)",612.7527648904634,0,,
Car 239,,,,,2,switch,,"Charger 2 (fid=71) not available, trying Charger 7 (fid=4)",612.9983970056513,7,,
Car 246,,,,,1,switch,,"Charger 1 (fid=40) not available, trying Charger 2 (fid=71)",612.9991257276495,2,,
Car 248,,,,,0,switch,,"Charger 0 (fid=6) not available, trying Charger 3 (fid=10)",613.0145138802319,3,,
Car 229,,,,,5,switch,,"Charger 5 (fid=59) not available, trying Charger 4 (fid=2)",613.5323369614557,4,,
Car 235,,,,,7,switch,,"Charger 7 (fid=4) not available, trying Charger 5 (fid=59)",613.6262111515618,5,,
Car 218,55.0,40,1,,,done,,done charging,614.050310127227,,,152.03546435289334
Car 236,,40,1,,,start_charge,,starting to charge at Charger 1 (fid=40),614.050310127227,,23.878499750674337,
Car 257,,,,,7,switch,,"Charger 7 (fid=4) not available, trying Charger 2 (fid=71)",614.0613904318393,2,,
Car 253,,,,,2,switch,,"Charger 2 (fid=71) not available, trying Charger 3 (fid=10)",614.0773010011004,3,,
Car 254,,,,,0,switch,,"Charger 0 (fid=6) not available, trying Charger 3 (fid=10)",614.1045241485275,3,,
Car 222,,,,,4,switch,,"Charger 4 (fid=2) not available, trying Charger 6 (fid=64)",614.2309228175176,6,,
Car 162,102.0,59,5,,,done,,done charging,614.3169557169132,,,206.23427248158313
Car 238,,59,5,,,start_charge,,starting to charge at Charger 5 (fid=59),614.3169557169132,,18.67635118987539,
Car 260,,,,63,,arrived,,arrived,614.3823650183174,,,
Car 240,,,,,0,switch,,"Charger 0 (fid=6) not available, trying Charger 1 (fid=40)",614.4893076541352,1,,
Car 258,,,,,2,switch,,"Charger 2 (fid=71) not available, trying Charger 7 (fid=4)",614.8316327405346,7,,
Car 228,,,,,4,switch,,"Charger 4 (fid=2) not available, trying Charger 6 (fid=64)",615.6474577871506,6,,
Car 237,,,,,2,switch,,"Charger 2 (fid=71) not available, trying Charger 5 (fid=59)",615.6699854349115,5,,
Car 233,,,,,1,switch,,"Charger 1 (fid=40) not available, trying Charger 5 (fid=59)",615.9939373512264,5,,
Car 224,,,,,,gave_up,7,"no alternate charger available, gave up",616.1776008609789,,,
Car 256,,,,,2,switch,,"Charger 2 (fid=71) not available, trying Charger 3 (fid=10)",616.4388578154533,3,,
Car 243,,,,,3,switch,,"Charger 3 (fid=10) not available, trying Charger 1 (fid=40)",616.7027577300768,1,,
Car 234,,,,,1,switch,,"Charger 1 (fid=40) not available, trying Charger 5 (fid=59)",616.9645372498975,5,,
Car 242,,,,,4,switch,,"Charger 4 (fid=2) not available, trying Charger 6 (fid=64)",617.0111329895594,6,,
Car 223,,,,,,gave_up,6,"no alternate charger available, gave up",617.2370815922734,,,
Car 208,49.0,40,1,,,done,,done charging,617.3644170528592,,,368.25387496263016
Car 240,,40,1,,,start_charge,,starting to charge at Charger 1 (fid=40),617.3644170528592,,20.384572933656386,
Car 261,,,,15,,arrived,,arrived,617.371851218152,,,
Car 249,,,,,7,switch,,"Charger 7 (fid=4) not available, trying Charger 3 (fid=10)",617.4376196239077,3,,
Car 259,,,,,0,switch,,"Charger 0 (fid=6) not available, trying Charger 1 (fid=40)",617.4706462214494,1,,
Car 231,,,,,5,switch,,"Charger 5 (fid=59) not available, trying Charger 4 (fid=2)",617.576900032219,4,,
Car 262,,,,37,,arrived,,arrived,617.6044200874402,,,
Car 241,,,,,2,switch,,"Charger 2 (fid=71) not available, trying Charger 0 (fid=6)",618.0276922563759,0,,
Car 226,,,,,,gave_up,6,"no alternate charger available, gave up",618.8722012081255,,,
Car 260,,,,,7,switch,,"Charger 7 (fid=4) not available, trying Charger 3 (fid=10)",619.3823650183174,3,,
Car 250,,,,,3,switch,,"Charger 3 (fid=10) not available, trying Charger 2 (fid=71)",619.5509850040193,2,,
Car 263,,,,4,,arrived,,arrived,620.004503281792,,,
Car 229,,,,,4,switch,,"Charger 4 (fid=2) not available, trying Charger 6 (fid=64)",620.0515603272919,6,,
Car 252,,,,,2,switch,,"Charger 2 (fid=71) not available, trying Charger 0 (fid=6)",620.281690172161,0,,
Car 264,,,,37,,arrived,,arrived,620.2953582016007,,,
Car 222,,,,,,gave_up,6,"no alternate charger available, gave up",620.4752481073859,,,
Car 188,63.0,71,2,,,done,,done charging,620.9294125334561,,,330.61058179828126
Car 245,,71,2,,,start_charge,,starting to charge at Charger 2 (fid=71),620.9294125334561,,19.618164186355443,
Car 248,,,,,3,switch,,"Charger 3 (fid=10) not available, trying Charger 4 (fid=2)",621.3640512127797,4,,
Car 239,,,,,7,switch,,"Charger 7 (fid=4) not available, trying Charger 5 (fid=59)",621.541873083807,5,,
Car 244,,,,,3,switch,,"Charger 3 (fid=10) not available, trying Charger 2 (fid=71)",621.6151742751374,2,,
Car 251,,,,,0,switch,,"Charger 0 (fid=6) not available, trying Charger 3 (fid=10)",621.7678840860164,3,,
Car 246,,,,,2,switch,,"Charger 2 (fid=71) not available, trying Charger 0 (fid=6)",621.7967709573893,0,,
Car 228,,,,,,gave_up,6,"no alternate charger available, gave up",621.891783077019,,,
Car 225,,,,,6,switch,,"Charger 6 (fid=64) not available, trying Charger 7 (fid=4)",622.3453331329083,7,,
Car 265,,,,11,,arrived,,arrived,622.3469557783353,,,
Car 261,,,,,2,switch,,"Charger 2 (fid=71) not available, trying Charger 0 (fid=6)",622.371851218152,0,,
Car 254,,,,,3,switch,,"Charger 3 (fid=10) not available, trying Charger 7 (fid=4)",622.4540614810753,7,,
Car 154,91.0,2,4,,,done,,done charging,622.5423433087699,,,426.4617209328489
Car 231,,2,4,,,start_charge,,starting to charge at Charger 4 (fid=2),622.5423433087699,,33.44621991071472,
Car 262,,,,,7,switch,,"Charger 7 (fid=4) not available, trying Charger 3 (fid=10)",622.6044200874402,3,,
Car 257,,,,,2,switch,,"Charger 2 (fid=71) not available, trying Charger 3 (fid=10)",622.604866509995,3,,
Car 253,,,,,3,switch,,"Charger 3 (fid=10) not available, trying Charger 0 (fid=6)",622.7023628814577,0,,
Car 242,,,,,6,switch,,"Charger 6 (fid=64) not available, trying Charger 3 (fid=10)",623.2554582794278,3,,
Car 258,,,,,7,switch,,"Charger 7 (fid=4) not available, trying Charger 0 (fid=6)",623.3751088186903,0,,
Car 233,,,,,5,switch,,"Charger 5 (fid=59) not available, trying Charger 4 (fid=2)",623.5041284354023,4,,
Car 266,,,,77,,arrived,,arrived,623.6875189792975,,,
Car 249,,,,,3,switch,,"Charger 3 (fid=10) not available, trying Charger 1 (fid=40)",624.1290263483916,1,,
Car 243,,,,,1,switch,,"Charger 1 (fid=40) not available, trying Charger 5 (fid=59)",624.1605754602757,5,,
Car 234,,,,,5,switch,,"Charger 5 (fid=59) not available, trying Charger 4 (fid=2)",624.4747283340735,4,,
Car 241,,,,,0,switch,,"Charger 0 (fid=6) not available, trying Charger 5 (fid=59)",624.6600394345309,5,,
Car 235,,,,,5,switch,,"Charger 5 (fid=59) not available, trying Charger 4 (fid=2)",624.8651883870862,4,,
Car 259,,,,,1,switch,,"Charger 1 (fid=40) not available, trying Charger 5 (fid=59)",624.961182686517,5,,
Car 263,,,,,7,switch,,"Charger 7 (fid=4) not available, trying Charger 3 (fid=10)",625.004503281792,3,,
Car 256,,,,,3,switch,,"Charger 3 (fid=10) not available, trying Charger 0 (fid=6)",625.0639196958106,0,,
Car 264,,,,,7,switch,,"Charger 7 (fid=4) not available, trying Charger 3 (fid=10)",625.2953582016007,3,,
Car 237,,,,,5,switch,,"Charger 5 (fid=59) not available, trying Charger 4 (fid=2)",625.2989120145345,4,,
Car 139,109.0,2,4,,,done,,done charging,625.6510478823132,,,543.8545708735189
Car 233,,2,4,,,start_charge,,starting to charge at Charger 4 (fid=2),625.6510478823132,,30.627696081074646,
Car 260,,,,,3,switch,,"Charger 3 (fid=10) not available, trying Charger 1 (fid=40)",626.0737717428012,1,,
Car 229,,,,,,gave_up,6,"no alternate charger available, gave up",626.2958856171603,,,
Car 252,,,,,0,switch,,"Charger 0 (fid=6) not available, trying Charger 1 (fid=40)",626.914037350316,1,,
Car 265,,,,,0,switch,,"Charger 0 (fid=6) not available, trying Charger 3 (fid=10)",627.3469557783353,3,,
Car 250,,,,,2,switch,,"Charger 2 (fid=71) not available, trying Charger 7 (fid=4)",628.1760468843765,7,,
Car 246,,,,,0,switch,,"Charger 0 (fid=6) not available, trying Charger 5 (fid=59)",628.4291181355443,5,,
Car 267,,,,25,,arrived,,arrived,628.6838801490612,,,
Car 266,,,,,1,switch,,"Charger 1 (fid=40) not available, trying Charger 0 (fid=6)",628.6875189792975,0,,
Car 261,,,,,0,switch,,"Charger 0 (fid=6) not available, trying Charger 1 (fid=40)",629.004198396307,1,,
Car 254,,,,,7,switch,,"Charger 7 (fid=4) not available, trying Charger 1 (fid=40)",629.1454682055592,1,,
Car 262,,,,,3,switch,,"Charger 3 (fid=10) not available, trying Charger 2 (fid=71)",629.295826811924,2,,
Car 251,,,,,3,switch,,"Charger 3 (fid=10) not available, trying Charger 1 (fid=40)",630.1174214185642,1,,
Car 244,,,,,2,switch,,"Charger 2 (fid=71) not available, trying Charger 4 (fid=2)",630.2402361554947,4,,
Car 234,,,,,4,switch,,"Charger 4 (fid=2) not available, trying Charger 6 (fid=64)",630.9939516999096,6,,
Car 253,,,,,0,switch,,"Charger 0 (fid=6) not available, trying Charger 1 (fid=40)",631.0519002140055,1,,
Car 257,,,,,3,switch,,"Charger 3 (fid=10) not available, trying Charger 0 (fid=6)",631.2299283903523,0,,
Car 235,,,,,4,switch,,"Charger 4 (fid=2) not available, trying Charger 6 (fid=64)",631.3844117529223,6,,
Car 249,,,,,1,switch,,"Charger 1 (fid=40) not available, trying Charger 5 (fid=59)",631.5868440785905,5,,
Car 243,,,,,5,switch,,"Charger 5 (fid=59) not available, trying Charger 4 (fid=2)",631.6707665444517,4,,
Car 263,,,,,3,switch,,"Charger 3 (fid=10) not available, trying Charger 2 (fid=71)",631.6959100062759,2,,
Car 237,,,,,4,switch,,"Charger 4 (fid=2) not available, trying Charger 6 (fid=64)",631.8181353803707,6,,
Car 264,,,,,3,switch,,"Charger 3 (fid=10) not available, trying Charger 2 (fid=71)",631.9867649260846,2,,
Car 268,,,,69,,arrived,,arrived,632.2757270239092,,,
Car 248,,,,,4,switch,,"Charger 4 (fid=2) not available, trying Charger 6 (fid=64)",632.3102820624636,6,,
Car 258,,,,,0,switch,,"Charger 0 (fid=6) not available, trying Charger 3 (fid=10)",632.3902280142432,3,,
Car 259,,,,,5,switch,,"Charger 5 (fid=59) not available, trying Charger 2 (fid=71)",632.4713737706929,2,,
Car 241,,,,,5,switch,,"Charger 5 (fid=59) not available, trying Charger 4 (fid=2)",632.6633823417706,4,,
Car 239,,,,,5,switch,,"Charger 5 (fid=59) not available, trying Charger 4 (fid=2)",632.7808503193313,4,,
Car 269,,,,124,,arrived,,arrived,632.9090577943508,,,
Car 256,,,,,0,switch,,"Charger 0 (fid=6) not available, trying Charger 1 (fid=40)",633.4134570283584,1,,
Car 260,,,,,1,switch,,"Charger 1 (fid=40) not available, trying Charger 2 (fid=71)",633.5315894730002,2,,
Car 267,,,,,7,switch,,"Charger 7 (fid=4) not available, trying Charger 2 (fid=71)",633.6838801490612,2,,
Car 252,,,,,1,switch,,"Charger 1 (fid=40) not available, trying Charger 5 (fid=59)",634.4045738153835,5,,
Car 242,,,,,3,switch,,"Charger 3 (fid=10) not available, trying Charger 2 (fid=71)",634.4950057075475,2,,
Car 225,,,,,,gave_up,7,"no alternate charger available, gave up",634.9170532720924,,,
Car 270,,,,3,,arrived,,arrived,635.2275302817086,,,
Car 265,,,,,3,switch,,"Charger 3 (fid=10) not available, trying Charger 2 (fid=71)",635.6964931108831,2,,
Car 266,,,,,0,switch,,"Charger 0 (fid=6) not available, trying Charger 5 (fid=59)",636.178055444365,5,,
Car 246,,,,,5,switch,,"Charger 5 (fid=59) not available, trying Charger 4 (fid=2)",636.432461042784,4,,
Car 261,,,,,1,switch,,"Charger 1 (fid=40) not available, trying Charger 3 (fid=10)",636.4947348613745,3,,
Car 250,,,,,7,switch,,"Charger 7 (fid=4) not available, trying Charger 5 (fid=59)",636.7195229625322,5,,
Car 271,,,,54,,arrived,,arrived,637.2322864989931,,,
Car 234,,,,,,gave_up,6,"no alternate charger available, gave up",637.238276989778,,,
Car 268,,,,,2,switch,,"Charger 2 (fid=71) not available, trying Charger 0 (fid=6)",637.2757270239092,0,,
Car 251,,,,,1,switch,,"Charger 1 (fid=40) not available, trying Charger 5 (fid=59)",637.5752391487631,5,,
Car 235,,,,,,gave_up,6,"no alternate charger available, gave up",637.6287370427907,,,
Car 269,,,,,2,switch,,"Charger 2 (fid=71) not available, trying Charger 0 (fid=6)",637.9090577943508,0,,
Car 262,,,,,2,switch,,"Charger 2 (fid=71) not available, trying Charger 0 (fid=6)",637.9208886922813,0,,
Car 237,,,,,,gave_up,6,"no alternate charger available, gave up",638.062460670239,,,
Car 254,,,,,1,switch,,"Charger 1 (fid=40) not available, trying Charger 5 (fid=59)",638.1413570660897,5,,
Car 243,,,,,4,switch,,"Charger 4 (fid=2) not available, trying Charger 6 (fid=64)",638.1899899102879,6,,
Car 272,,,,4,,arrived,,arrived,638.4084719875934,,,
Car 253,,,,,1,switch,,"Charger 1 (fid=40) not available, trying Charger 5 (fid=59)",638.542436679073,5,,
Car 248,,,,,6,switch,,"Charger 6 (fid=64) not available, trying Charger 2 (fid=71)",638.5546073523319,2,,
Car 249,,,,,5,switch,,"Charger 5 (fid=59) not available, trying Charger 4 (fid=2)",639.0970351627665,4,,
Car 241,,,,,4,switch,,"Charger 4 (fid=2) not available, trying Charger 6 (fid=64)",639.1826057076067,6,,
Car 239,,,,,4,switch,,"Charger 4 (fid=2) not available, trying Charger 6 (fid=64)",639.3000736851675,6,,
Car 273,,,,60,,arrived,,arrived,639.3217118804838,,,
Car 257,,,,,0,switch,,"Charger 0 (fid=6) not available, trying Charger 1 (fid=40)",639.5794657229001,1,,
Car 244,,,,,4,switch,,"Charger 4 (fid=2) not available, trying Charger 6 (fid=64)",639.9469560057569,6,,
Car 270,,,,,0,switch,,"Charger 0 (fid=6) not available, trying Charger 4 (fid=2)",640.2275302817086,4,,
Car 263,,,,,2,switch,,"Charger 2 (fid=71) not available, trying Charger 1 (fid=40)",640.3209718866332,1,,
Car 264,,,,,2,switch,,"Charger 2 (fid=71) not available, trying Charger 0 (fid=6)",640.6118268064419,0,,
Car 258,,,,,3,switch,,"Charger 3 (fid=10) not available, trying Charger 1 (fid=40)",640.739765346791,1,,
Car 256,,,,,1,switch,,"Charger 1 (fid=40) not available, trying Charger 5 (fid=59)",640.9039934934259,5,,
Car 252,,,,,5,switch,,"Charger 5 (fid=59) not available, trying Charger 4 (fid=2)",641.9147648995595,4,,
Car 196,94.0,6,0,,,done,,done charging,641.966975016302,,,330.63911090645547
Car 272,,6,0,,,start_charge,,starting to charge at Charger 0 (fid=6),641.966975016302,,3.5585030287085146,
Car 274,,,,77,,arrived,,arrived,642.0794890556916,,,
Car 259,,,,,2,switch,,"Charger 2 (fid=71) not available, trying Charger 4 (fid=2)",642.1003003503159,4,,
Car 267,,,,,2,switch,,"Charger 2 (fid=71) not available, trying Charger 3 (fid=10)",642.2273562272169,3,,
Car 271,,,,,2,switch,,"Charger 2 (fid=71) not available, trying Charger 0 (fid=6)",642.2322864989931,0,,
Car 260,,,,,2,switch,,"Charger 2 (fid=71) not available, trying Charger 0 (fid=6)",642.32923470274,0,,
Car 275,,,,77,,arrived,,arrived,642.7414591509745,,,
Car 144,113.0,64,6,,,done,,done charging,642.9466633354689,,,499.8789298630195
Car 243,,64,6,,,start_charge,,starting to charge at Charger 6 (fid=64),642.9466633354689,,38.51234813531266,
Car 246,,,,,4,switch,,"Charger 4 (fid=2) not available, trying Charger 6 (fid=64)",642.9516844086202,6,,
Car 276,,,,45,,arrived,,arrived,643.1099653662924,,,
Car 242,,,,,2,switch,,"Charger 2 (fid=71) not available, trying Charger 7 (fid=4)",643.1200675879048,7,,
Car 268,,,,,0,switch,,"Charger 0 (fid=6) not available, trying Charger 7 (fid=4)",643.9080742020642,7,,
Car 261,,,,,3,switch,,"Charger 3 (fid=10) not available, trying Charger 7 (fid=4)",643.9525525915734,7,,
Car 266,,,,,5,switch,,"Charger 5 (fid=59) not available, trying Charger 3 (fid=10)",644.1813983516047,3,,
Car 265,,,,,2,switch,,"Charger 2 (fid=71) not available, trying Charger 1 (fid=40)",644.3215549912404,1,,
Car 273,,,,,1,switch,,"Charger 1 (fid=40) not available, trying Charger 0 (fid=6)",644.3217118804838,0,,
Car 269,,,,,0,switch,,"Charger 0 (fid=6) not available, trying Charger 7 (fid=4)",644.5414049725058,7,,
Car 262,,,,,0,switch,,"Charger 0 (fid=6) not available, trying Charger 1 (fid=40)",644.5532358704363,1,,
Car 204,64.0,10,3,,,done,,done charging,644.7951515002081,,,458.6141464466344
Car 277,,,,72,,arrived,,arrived,644.9480894034518,,,
Car 251,,,,,5,switch,,"Charger 5 (fid=59) not available, trying Charger 4 (fid=2)",645.0854302329391,4,,
Car 241,,,,,,gave_up,6,"no alternate charger available, gave up",645.4269309974751,,,
Car 239,,,,,,gave_up,6,"no alternate charger available, gave up",645.5443989750358,,,
Car 249,,,,,4,switch,,"Charger 4 (fid=2) not available, trying Charger 6 (fid=64)",645.6162585286027,6,,
Car 254,,,,,5,switch,,"Charger 5 (fid=59) not available, trying Charger 4 (fid=2)",645.6515481502656,4,,
Car 267,,10,3,,,start_charge,,starting to charge at Charger 3 (fid=10),645.8524181075742,,10.0,
Car 253,,,,,5,switch,,"Charger 5 (fid=59) not available, trying Charger 4 (fid=2)",646.052627763249,4,,
Car 244,,,,,6,switch,,"Charger 6 (fid=64) not available, trying Charger 7 (fid=4)",646.1912812956252,7,,
Car 257,,,,,1,switch,,"Charger 1 (fid=40) not available, trying Charger 5 (fid=59)",647.0700021879676,5,,
Car 274,,,,,1,switch,,"Charger 1 (fid=40) not available, trying Charger 0 (fid=6)",647.0794890556916,0,,
Car 264,,,,,0,switch,,"Charger 0 (fid=6) not available, trying Charger 1 (fid=40)",647.2441739845968,1,,
Car 278,,,,37,,arrived,,arrived,647.377389535547,,,
Car 275,,,,,1,switch,,"Charger 1 (fid=40) not available, trying Charger 0 (fid=6)",647.7414591509745,0,,
Car 250,,,,,5,switch,,"Charger 5 (fid=59) not available, trying Charger 4 (fid=2)",647.9585001980565,4,,
Car 181,89.0,64,6,,,done,,done charging,647.9693261188613,,,544.4987246605783
Car 246,,64,6,,,start_charge,,starting to charge at Charger 6 (fid=64),647.9693261188613,,38.773316420372794,
Car 276,,,,,1,switch,,"Charger 1 (fid=40) not available, trying Charger 0 (fid=6)",648.1099653662924,0,,
Car 258,,,,,1,switch,,"Charger 1 (fid=40) not available, trying Charger 5 (fid=59)",648.19758307699,5,,
Car 256,,,,,5,switch,,"Charger 5 (fid=59) not available, trying Charger 4 (fid=2)",648.4141845776019,4,,
Car 252,,,,,4,switch,,"Charger 4 (fid=2) not available, trying Charger 6 (fid=64)",648.4339882653957,6,,
Car 270,,,,,4,switch,,"Charger 4 (fid=2) not available, trying Charger 2 (fid=71)",648.493039780199,2,,
Car 271,,,,,0,switch,,"Charger 0 (fid=6) not available, trying Charger 7 (fid=4)",648.864633677148,7,,
Car 260,,,,,0,switch,,"Charger 0 (fid=6) not available, trying Charger 5 (fid=59)",648.961581880895,5,,
Car 263,,,,,1,switch,,"Charger 1 (fid=40) not available, trying Charger 0 (fid=6)",649.118617116373,0,,
Car 248,,,,,2,switch,,"Charger 2 (fid=71) not available, trying Charger 7 (fid=4)",649.2155630571976,7,,
Car 175,90.0,4,7,,,done,,done charging,649.4720699187578,,,676.0940872193678
Car 261,,4,7,,,start_charge,,starting to charge at Charger 7 (fid=4),649.4720699187578,,23.828110602700576,
Car 277,,,,,2,switch,,"Charger 2 (fid=71) not available, trying Charger 0 (fid=6)",649.9480894034518,0,,
Car 251,,,,,4,switch,,"Charger 4 (fid=2) not available, trying Charger 6 (fid=64)",651.6046535987753,6,,
Car 242,,,,,,gave_up,7,"no alternate charger available, gave up",651.6635436660605,,,
Car 259,,,,,4,switch,,"Charger 4 (fid=2) not available, trying Charger 3 (fid=10)",651.8070202005781,3,,
Car 273,,,,,0,switch,,"Charger 0 (fid=6) not available, trying Charger 3 (fid=10)",651.8122483455513,3,,
Car 249,,,,,,gave_up,6,"no alternate charger available, gave up",651.860583818471,,,
Car 262,,,,,1,switch,,"Charger 1 (fid=40) not available, trying Charger 5 (fid=59)",652.0437723355038,5,,
Car 254,,,,,4,switch,,"Charger 4 (fid=2) not available, trying Charger 6 (fid=64)",652.1707715161018,6,,
Car 278,,,,,7,switch,,"Charger 7 (fid=4) not available, trying Charger 3 (fid=10)",652.377389535547,3,,
Car 253,,,,,4,switch,,"Charger 4 (fid=2) not available, trying Charger 6 (fid=64)",652.5718511290852,6,,
Car 268,,,,,7,switch,,"Charger 7 (fid=4) not available, trying Charger 3 (fid=10)",652.9231933976172,3,,
Car 265,,,,,1,switch,,"Charger 1 (fid=40) not available, trying Charger 7 (fid=4)",653.1192002209802,7,,
Car 269,,,,,7,switch,,"Charger 7 (fid=4) not available, trying Charger 3 (fid=10)",653.5565241680588,3,,
Car 266,,,,,3,switch,,"Charger 3 (fid=10) not available, trying Charger 2 (fid=71)",654.0664066785946,2,,
Car 279,,,,55,,arrived,,arrived,654.1626090371599,,,
Car 250,,,,,4,switch,,"Charger 4 (fid=2) not available, trying Charger 6 (fid=64)",654.4777235638927,6,,
Car 274,,,,,0,switch,,"Charger 0 (fid=6) not available, trying Charger 5 (fid=59)",654.5700255207591,5,,
Car 257,,,,,5,switch,,"Charger 5 (fid=59) not available, trying Charger 4 (fid=2)",654.5801932721436,4,,
Car 280,,,,11,,arrived,,arrived,654.5910706443061,,,
Car 252,,,,,,gave_up,6,"no alternate charger available, gave up",654.678313555264,,,
Car 264,,,,,1,switch,,"Charger 1 (fid=40) not available, trying Charger 5 (fid=59)",654.7347104496644,5,,
Car 256,,,,,4,switch,,"Charger 4 (fid=2) not available, trying Charger 6 (fid=64)",654.933407943438,6,,
Car 275,,,,,0,switch,,"Charger 0 (fid=6) not available, trying Charger 5 (fid=59)",655.231995616042,5,,
Car 276,,,,,0,switch,,"Charger 0 (fid=6) not available, trying Charger 3 (fid=10)",655.6005018313599,3,,
Car 258,,,,,5,switch,,"Charger 5 (fid=59) not available, trying Charger 4 (fid=2)",655.707774161166,4,,
Car 281,,,,66,,arrived,,arrived,656.3063279840951,,,
Car 277,,,,,0,switch,,"Charger 0 (fid=6) not available, trying Charger 7 (fid=4)",656.5804365816068,7,,
Car 263,,,,,0,switch,,"Charger 0 (fid=6) not available, trying Charger 5 (fid=59)",656.6091535814405,5,,
Car 260,,,,,5,switch,,"Charger 5 (fid=59) not available, trying Charger 4 (fid=2)",656.9649247881347,4,,
Car 248,,,,,,gave_up,7,"no alternate charger available, gave up",657.7590391353533,,,
Car 251,,,,,,gave_up,6,"no alternate charger available, gave up",657.8489788886436,,,
Car 271,,,,,7,switch,,"Charger 7 (fid=4) not available, trying Charger 3 (fid=10)",657.879752872701,3,,
Car 270,,,,,2,switch,,"Charger 2 (fid=71) not available, trying Charger 5 (fid=59)",658.1997596304611,5,,
Car 254,,,,,,gave_up,6,"no alternate charger available, gave up",658.4150968059702,,,
Car 244,,,,,,gave_up,7,"no alternate charger available, gave up",658.7630014348093,,,
Car 253,,,,,,gave_up,6,"no alternate charger available, gave up",658.8161764189535,,,
Car 282,,,,45,,arrived,,arrived,658.9148442075183,,,
Car 278,,,,,3,switch,,"Charger 3 (fid=10) not available, trying Charger 2 (fid=71)",659.0687962600308,2,,
Car 279,,,,,2,switch,,"Charger 2 (fid=71) not available, trying Charger 0 (fid=6)",659.1626090371599,0,,
Car 262,,,,,5,switch,,"Charger 5 (fid=59) not available, trying Charger 4 (fid=2)",659.5539634196798,4,,
Car 280,,,,,0,switch,,"Charger 0 (fid=6) not available, trying Charger 3 (fid=10)",659.5910706443061,3,,
Car 268,,,,,3,switch,,"Charger 3 (fid=10) not available, trying Charger 1 (fid=40)",659.614600122101,1,,
Car 273,,,,,3,switch,,"Charger 3 (fid=10) not available, trying Charger 5 (fid=59)",660.1617856780991,5,,
Car 269,,,,,3,switch,,"Charger 3 (fid=10) not available, trying Charger 1 (fid=40)",660.2479308925426,1,,
Car 283,,,,26,,arrived,,arrived,660.4710603198752,,,
Car 250,,,,,,gave_up,6,"no alternate charger available, gave up",660.7220488537611,,,
Car 257,,,,,4,switch,,"Charger 4 (fid=2) not available, trying Charger 6 (fid=64)",661.0994166379797,6,,
Car 256,,,,,,gave_up,6,"no alternate charger available, gave up",661.1777332333064,,,
Car 281,,,,,3,switch,,"Charger 3 (fid=10) not available, trying Charger 1 (fid=40)",661.3063279840951,1,,
Car 265,,,,,7,switch,,"Charger 7 (fid=4) not available, trying Charger 5 (fid=59)",662.1150890815107,5,,
Car 258,,,,,4,switch,,"Charger 4 (fid=2) not available, trying Charger 6 (fid=64)",662.2269975270021,6,,
Car 264,,,,,5,switch,,"Charger 5 (fid=59) not available, trying Charger 4 (fid=2)",662.2449015338403,4,,
Car 274,,,,,5,switch,,"Charger 5 (fid=59) not available, trying Charger 3 (fid=10)",662.5733684279988,3,,
Car 266,,,,,2,switch,,"Charger 2 (fid=71) not available, trying Charger 4 (fid=2)",662.6914685589519,4,,
Car 259,,,,,3,switch,,"Charger 3 (fid=10) not available, trying Charger 6 (fid=64)",662.753251050262,6,,
Car 275,,,,,5,switch,,"Charger 5 (fid=59) not available, trying Charger 3 (fid=10)",663.2353385232817,3,,
Car 240,46.0,40,1,,,done,,done charging,663.3644170528592,,,269.3786136815586
Car 282,,40,1,,,start_charge,,starting to charge at Charger 1 (fid=40),663.3644170528592,,4.449572845340867,
Car 247,55.0,71,2,,,done,,done charging,663.4307658214,,,200.09921661267754
Car 283,,71,2,,,start_charge,,starting to charge at Charger 2 (fid=71),663.4307658214,,2.959705501524809,
Car 260,,,,,4,switch,,"Charger 4 (fid=2) not available, trying Charger 6 (fid=64)",663.4841481539709,6,,
Car 284,,,,22,,arrived,,arrived,663.669369392758,,,
Car 276,,,,,3,switch,,"Charger 3 (fid=10) not available, trying Charger 2 (fid=71)",663.9500391639077,2,,
Car 285,,,,24,,arrived,,arrived,663.9500806366381,,,
Car 286,,,,40,,arrived,,arrived,664.2517730456608,,,
Car 271,,,,,3,switch,,"Charger 3 (fid=10) not available, trying Charger 1 (fid=40)",664.5711595971849,1,,
Car 263,,,,,5,switch,,"Charger 5 (fid=59) not available, trying Charger 4 (fid=2)",664.6124964886802,4,,
Car 287,,,,7,,arrived,,arrived,665.0801741472067,,,
Car 277,,,,,7,switch,,"Charger 7 (fid=4) not available, trying Charger 3 (fid=10)",665.5955557771598,3,,
Car 279,,,,,0,switch,,"Charger 0 (fid=6) not available, trying Charger 7 (fid=4)",665.7949562153149,7,,
Car 288,,,,124,,arrived,,arrived,665.964020294322,,,
Car 262,,,,,4,switch,,"Charger 4 (fid=2) not available, trying Charger 6 (fid=64)",666.073186785516,6,,
Car 268,,,,,1,switch,,"Charger 1 (fid=40) not available, trying Charger 5 (fid=59)",667.0724178523,5,,
Car 257,,,,,,gave_up,6,"no alternate charger available, gave up",667.3437419278481,,,
Car 278,,,,,2,switch,,"Charger 2 (fid=71) not available, trying Charger 0 (fid=6)",667.6938581403881,0,,
Car 269,,,,,1,switch,,"Charger 1 (fid=40) not available, trying Charger 4 (fid=2)",667.7057486227416,4,,
Car 270,,,,,5,switch,,"Charger 5 (fid=59) not available, trying Charger 6 (fid=64)",667.8286862100841,6,,
Car 280,,,,,3,switch,,"Charger 3 (fid=10) not available, trying Charger 2 (fid=71)",667.9406079768539,2,,
Car 258,,,,,,gave_up,6,"no alternate charger available, gave up",668.4713228168705,,,
Car 284,,,,,2,switch,,"Charger 2 (fid=71) not available, trying Charger 0 (fid=6)",668.669369392758,0,,
Car 264,,,,,4,switch,,"Charger 4 (fid=2) not available, trying Charger 6 (fid=64)",668.7641248996765,6,,
Car 281,,,,,1,switch,,"Charger 1 (fid=40) not available, trying Charger 7 (fid=4)",668.764145714294,7,,
Car 285,,,,,2,switch,,"Charger 2 (fid=71) not available, trying Charger 0 (fid=6)",668.9500806366381,0,,
Car 286,,,,,1,switch,,"Charger 1 (fid=40) not available, trying Charger 3 (fid=10)",669.2517730456608,3,,
Car 260,,,,,,gave_up,6,"no alternate charger available, gave up",669.7284734438392,,,
Car 273,,,,,5,switch,,"Charger 5 (fid=59) not available, trying Charger 2 (fid=71)",670.046794005089,2,,
Car 287,,,,,4,switch,,"Charger 4 (fid=2) not available, trying Charger 5 (fid=59)",670.0801741472067,5,,
Car 289,,,,38,,arrived,,arrived,670.7752109424933,,,
Car 288,,,,,2,switch,,"Charger 2 (fid=71) not available, trying Charger 0 (fid=6)",670.964020294322,0,,
Car 263,,,,,4,switch,,"Charger 4 (fid=2) not available, trying Charger 6 (fid=64)",671.1317198545164,6,,
Car 271,,,,,1,switch,,"Charger 1 (fid=40) not available, trying Charger 5 (fid=59)",672.0289773273838,5,,
Car 277,,,,,3,switch,,"Charger 3 (fid=10) not available, trying Charger 1 (fid=40)",672.2869625016436,1,,
Car 262,,,,,,gave_up,6,"no alternate charger available, gave up",672.3175120753843,,,
Car 266,,,,,4,switch,,"Charger 4 (fid=2) not available, trying Charger 6 (fid=64)",672.3981884092141,6,,
Car 274,,,,,3,switch,,"Charger 3 (fid=10) not available, trying Charger 2 (fid=71)",672.4583767549888,2,,
Car 276,,,,,2,switch,,"Charger 2 (fid=71) not available, trying Charger 7 (fid=4)",672.575101044265,7,,
Car 275,,,,,3,switch,,"Charger 3 (fid=10) not available, trying Charger 2 (fid=71)",673.1203468502716,2,,
Car 265,,,,,5,switch,,"Charger 5 (fid=59) not available, trying Charger 4 (fid=2)",673.3540663170351,4,,
Car 259,,,,,6,switch,,"Charger 6 (fid=64) not available, trying Charger 7 (fid=4)",673.9927984783817,7,,
Car 270,,,,,6,switch,,"Charger 6 (fid=64) not available, trying Charger 1 (fid=40)",674.183340341026,1,,
Car 278,,,,,0,switch,,"Charger 0 (fid=6) not available, trying Charger 1 (fid=40)",674.3262053185431,1,,
Car 268,,,,,5,switch,,"Charger 5 (fid=59) not available, trying Charger 4 (fid=2)",674.5826089364759,4,,
Car 279,,,,,7,switch,,"Charger 7 (fid=4) not available, trying Charger 3 (fid=10)",674.8100754108679,3,,
Car 264,,,,,,gave_up,6,"no alternate charger available, gave up",675.0084501895449,,,
Car 284,,,,,0,switch,,"Charger 0 (fid=6) not available, trying Charger 1 (fid=40)",675.301716570913,1,,
Car 285,,,,,0,switch,,"Charger 0 (fid=6) not available, trying Charger 1 (fid=40)",675.582427814793,1,,
Car 289,,,,,7,switch,,"Charger 7 (fid=4) not available, trying Charger 3 (fid=10)",675.7752109424933,3,,
Car 269,,,,,4,switch,,"Charger 4 (fid=2) not available, trying Charger 5 (fid=59)",676.491432872958,5,,
Car 280,,,,,2,switch,,"Charger 2 (fid=71) not available, trying Charger 1 (fid=40)",676.5656698572112,1,,
Car 230,101.0,4,7,,,done,,done charging,676.5948824163274,,,101.07430903055587
Car 281,,4,7,,,start_charge,,starting to charge at Charger 7 (fid=4),676.5948824163274,,13.834847841502892,
Car 287,,,,,5,switch,,"Charger 5 (fid=59) not available, trying Charger 6 (fid=64)",676.5993975130428,6,,
Car 286,,,,,3,switch,,"Charger 3 (fid=10) not available, trying Charger 0 (fid=6)",676.7095907758597,0,,
Car 263,,,,,,gave_up,6,"no alternate charger available, gave up",677.3760451443848,,,
Car 255,65.0,10,3,,,done,,done charging,677.5918798729733,,,87.51804687607196
Car 279,,10,3,,,start_charge,,starting to charge at Charger 3 (fid=10),677.5918798729733,,16.09039773762163,
Car 288,,,,,0,switch,,"Charger 0 (fid=6) not available, trying Charger 7 (fid=4)",677.596367472477,7,,
Car 290,,,,61,,arrived,,arrived,678.1141869731614,,,
Car 266,,,,,6,switch,,"Charger 6 (fid=64) not available, trying Charger 7 (fid=4)",678.6425136990824,7,,
Car 227,94.0,59,5,,,done,,done charging,679.247752065989,,,241.42653747467196
Car 271,,59,5,,,start_charge,,starting to charge at Charger 5 (fid=59),679.247752065989,,29.708583654429162,
Car 273,,,,,2,switch,,"Charger 2 (fid=71) not available, trying Charger 4 (fid=2)",679.675720584712,4,,
Car 291,,,,4,,arrived,,arrived,679.7112426009293,,,
Car 277,,,,,1,switch,,"Charger 1 (fid=40) not available, trying Charger 5 (fid=59)",679.7447802318426,5,,
Car 265,,,,,4,switch,,"Charger 4 (fid=2) not available, trying Charger 6 (fid=64)",679.8732896828712,6,,
Car 292,,,,4,,arrived,,arrived,680.6190956194661,,,
Car 274,,,,,2,switch,,"Charger 2 (fid=71) not available, trying Charger 4 (fid=2)",681.083438635346,4,,
Car 268,,,,,4,switch,,"Charger 4 (fid=2) not available, trying Charger 6 (fid=64)",681.1018323023121,6,,
Car 276,,,,,7,switch,,"Charger 7 (fid=4) not available, trying Charger 5 (fid=59)",681.1185771224207,5,,
Car 275,,,,,2,switch,,"Charger 2 (fid=71) not available, trying Charger 4 (fid=2)",681.7454087306289,4,,
Car 278,,,,,1,switch,,"Charger 1 (fid=40) not available, trying Charger 5 (fid=59)",681.8167417836106,5,,
Car 289,,,,,3,switch,,"Charger 3 (fid=10) not available, trying Charger 2 (fid=71)",682.4666176669772,2,,
Car 293,,,,3,,arrived,,arrived,682.5342807797127,,,
Car 284,,,,,1,switch,,"Charger 1 (fid=40) not available, trying Charger 7 (fid=4)",682.7922530359805,7,,
Car 287,,,,,6,switch,,"Charger 6 (fid=64) not available, trying Charger 0 (fid=6)",682.9540516439847,0,,
Car 269,,,,,5,switch,,"Charger 5 (fid=59) not available, trying Charger 6 (fid=64)",683.0106562387941,6,,
Car 270,,,,,1,switch,,"Charger 1 (fid=40) not available, trying Charger 3 (fid=10)",683.0360163992219,3,,
Car 285,,,,,1,switch,,"Charger 1 (fid=40) not available, trying Charger 3 (fid=10)",683.0729642798606,3,,
Car 290,,,,,1,switch,,"Charger 1 (fid=40) not available, trying Charger 3 (fid=10)",683.1141869731614,3,,
Car 294,,,,32,,arrived,,arrived,683.6284771069026,,,
Car 295,,,,55,,arrived,,arrived,684.1901487867057,,,
Car 291,,,,,7,switch,,"Charger 7 (fid=4) not available, trying Charger 3 (fid=10)",684.7112426009293,3,,
Car 296,,,,12,,arrived,,arrived,684.8832965382866,,,
Car 286,,,,,0,switch,,"Charger 0 (fid=6) not available, trying Charger 5 (fid=59)",685.0591281084075,5,,
Car 280,,,,,1,switch,,"Charger 1 (fid=40) not available, trying Charger 7 (fid=4)",685.363315086951,7,,
Car 297,,,,4,,arrived,,arrived,685.5921194126418,,,
Car 292,,,,,0,switch,,"Charger 0 (fid=6) not available, trying Charger 1 (fid=40)",685.6190956194661,1,,
Car 265,,,,,,gave_up,6,"no alternate charger available, gave up",686.1176149727396,,,
Car 259,,,,,,gave_up,7,"no alternate charger available, gave up",686.5645186175658,,,
Car 288,,,,,7,switch,,"Charger 7 (fid=4) not available, trying Charger 3 (fid=10)",686.61148666803,3,,
Car 277,,,,,5,switch,,"Charger 5 (fid=59) not available, trying Charger 4 (fid=2)",687.2549713160186,4,,
Car 268,,,,,,gave_up,6,"no alternate charger available, gave up",687.3461575921805,,,
Car 293,,,,,1,switch,,"Charger 1 (fid=40) not available, trying Charger 5 (fid=59)",687.5342807797127,5,,
Car 298,,,,73,,arrived,,arrived,688.4402790682378,,,
Car 294,,,,,7,switch,,"Charger 7 (fid=4) not available, trying Charger 2 (fid=71)",688.6284771069026,2,,
Car 299,,,,45,,arrived,,arrived,688.7451911491191,,,
Car 295,,,,,2,switch,,"Charger 2 (fid=71) not available, trying Charger 0 (fid=6)",689.1901487867057,0,,
Car 278,,,,,5,switch,,"Charger 5 (fid=59) not available, trying Charger 4 (fid=2)",689.3269328677866,4,,
Car 269,,,,,,gave_up,6,"no alternate charger available, gave up",689.365310369736,,,
Car 273,,,,,4,switch,,"Charger 4 (fid=2) not available, trying Charger 7 (fid=4)",689.3824404349742,7,,
Car 296,,,,,0,switch,,"Charger 0 (fid=6) not available, trying Charger 4 (fid=2)",689.8832965382866,4,,
Car 270,,,,,3,switch,,"Charger 3 (fid=10) not available, trying Charger 7 (fid=4)",690.4938341294209,7,,
Car 285,,,,,3,switch,,"Charger 3 (fid=10) not available, trying Charger 7 (fid=4)",690.5307820100595,7,,
Car 290,,,,,3,switch,,"Charger 3 (fid=10) not available, trying Charger 0 (fid=6)",690.5720047033603,0,,
Car 297,,,,,0,switch,,"Charger 0 (fid=6) not available, trying Charger 1 (fid=40)",690.5921194126418,1,,
Car 274,,,,,4,switch,,"Charger 4 (fid=2) not available, trying Charger 6 (fid=64)",690.7901584856082,6,,
Car 272,49.0,6,0,,,done,,done charging,690.966975016302,,,86.22002937834127
Car 287,,6,0,,,start_charge,,starting to charge at Charger 0 (fid=6),690.966975016302,,18.916427272128203,
Car 289,,,,,2,switch,,"Charger 2 (fid=71) not available, trying Charger 0 (fid=6)",691.0916795473345,0,,
Car 300,,,,72,,arrived,,arrived,691.1402237220798,,,
Car 266,,,,,,gave_up,7,"no alternate charger available, gave up",691.2142338382665,,,
Car 301,,,,14,,arrived,,arrived,691.3830139020059,,,
Car 291,,,,,3,switch,,"Charger 3 (fid=10) not available, trying Charger 2 (fid=71)",691.4026493254131,2,,
Car 275,,,,,4,switch,,"Charger 4 (fid=2) not available, trying Charger 6 (fid=64)",691.4521285808911,6,,
Car 284,,,,,7,switch,,"Charger 7 (fid=4) not available, trying Charger 3 (fid=10)",691.788141896511,3,,
Car 276,,,,,5,switch,,"Charger 5 (fid=59) not available, trying Charger 4 (fid=2)",692.357554357945,4,,
Car 286,,,,,5,switch,,"Charger 5 (fid=59) not available, trying Charger 4 (fid=2)",693.0624710156472,4,,
Car 292,,,,,1,switch,,"Charger 1 (fid=40) not available, trying Charger 5 (fid=59)",693.1096320845336,5,,
Car 288,,,,,3,switch,,"Charger 3 (fid=10) not available, trying Charger 1 (fid=40)",693.3028933925139,1,,
Car 298,,,,,3,switch,,"Charger 3 (fid=10) not available, trying Charger 7 (fid=4)",693.4402790682378,7,,
Car 299,,,,,1,switch,,"Charger 1 (fid=40) not available, trying Charger 0 (fid=6)",693.7451911491191,0,,
Car 277,,,,,4,switch,,"Charger 4 (fid=2) not available, trying Charger 6 (fid=64)",693.7741946818547,6,,
Car 243,51.0,64,6,,,done,,done charging,693.9466633354689,,,510.0475284372818
Car 274,,64,6,,,start_charge,,starting to charge at Charger 6 (fid=64),693.9466633354689,,31.912179559992296,
Car 280,,,,,7,switch,,"Charger 7 (fid=4) not available, trying Charger 5 (fid=59)",694.3592039474815,5,,
Car 293,,,,,5,switch,,"Charger 5 (fid=59) not available, trying Charger 0 (fid=6)",695.0444718638887,0,,
Car 295,,,,,0,switch,,"Charger 0 (fid=6) not available, trying Charger 7 (fid=4)",695.8224959648607,7,,
Car 278,,,,,4,switch,,"Charger 4 (fid=2) not available, trying Charger 6 (fid=64)",695.8461562336228,6,,
Car 300,,,,,2,switch,,"Charger 2 (fid=71) not available, trying Charger 0 (fid=6)",696.1402237220798,0,,
Car 301,,,,,2,switch,,"Charger 2 (fid=71) not available, trying Charger 0 (fid=6)",696.3830139020059,0,,
Car 294,,,,,2,switch,,"Charger 2 (fid=71) not available, trying Charger 3 (fid=10)",697.1719531850582,3,,
Car 270,,,,,,gave_up,7,"no alternate charger available, gave up",697.1852408539047,,,
Car 285,,,,,7,switch,,"Charger 7 (fid=4) not available, trying Charger 4 (fid=2)",697.2221887345434,4,,
Car 302,,,,50,,arrived,,arrived,697.6045228084121,,,
Car 275,,,,,6,switch,,"Charger 6 (fid=64) not available, trying Charger 7 (fid=4)",697.6964538707595,7,,
Car 289,,,,,0,switch,,"Charger 0 (fid=6) not available, trying Charger 1 (fid=40)",697.7240267254895,1,,
Car 297,,,,,1,switch,,"Charger 1 (fid=40) not available, trying Charger 5 (fid=59)",698.0826558777093,5,,
Car 296,,,,,4,switch,,"Charger 4 (fid=2) not available, trying Charger 5 (fid=59)",698.1488060367769,5,,
Car 303,,,,60,,arrived,,arrived,698.3327110500284,,,
Car 284,,,,,3,switch,,"Charger 3 (fid=10) not available, trying Charger 4 (fid=2)",698.4795486209948,4,,
Car 276,,,,,4,switch,,"Charger 4 (fid=2) not available, trying Charger 6 (fid=64)",698.8767777237812,6,,
Car 290,,,,,0,switch,,"Charger 0 (fid=6) not available, trying Charger 5 (fid=59)",698.9215420359081,5,,
Car 245,78.0,71,2,,,done,,done charging,698.9294125334561,,,215.23398036788066
Car 291,,71,2,,,start_charge,,starting to charge at Charger 2 (fid=71),698.9294125334561,,13.901701327685714,
Car 231,77.0,2,4,,,done,,done charging,699.5423433087699,,,493.5604412835349
Car 286,,2,4,,,start_charge,,starting to charge at Charger 4 (fid=2),699.5423433087699,,24.960648927286456,
Car 277,,,,,,gave_up,6,"no alternate charger available, gave up",700.0185199717231,,,
Car 298,,,,,7,switch,,"Charger 7 (fid=4) not available, trying Charger 1 (fid=40)",700.1316857927217,1,,
Car 292,,,,,5,switch,,"Charger 5 (fid=59) not available, trying Charger 2 (fid=71)",700.6198231687096,2,,
Car 288,,,,,1,switch,,"Charger 1 (fid=40) not available, trying Charger 4 (fid=2)",700.7607111227128,4,,
Car 299,,,,,0,switch,,"Charger 0 (fid=6) not available, trying Charger 3 (fid=10)",701.2357276141867,3,,
Car 273,,,,,7,switch,,"Charger 7 (fid=4) not available, trying Charger 6 (fid=64)",701.456686947847,6,,
Car 304,,,,75,,arrived,,arrived,701.9757174690371,,,
Car 278,,,,,,gave_up,6,"no alternate charger available, gave up",702.0904815234911,,,
Car 302,,,,,1,switch,,"Charger 1 (fid=40) not available, trying Charger 5 (fid=59)",702.6045228084121,5,,
Car 300,,,,,0,switch,,"Charger 0 (fid=6) not available, trying Charger 7 (fid=4)",702.7725709002348,7,,
Car 301,,,,,0,switch,,"Charger 0 (fid=6) not available, trying Charger 3 (fid=10)",703.0153610801609,3,,
Car 293,,,,,0,switch,,"Charger 0 (fid=6) not available, trying Charger 6 (fid=64)",703.0478147711284,6,,
Car 238,89.0,59,5,,,done,,done charging,703.3169557169132,,,221.82898320328553
Car 296,,59,5,,,start_charge,,starting to charge at Charger 5 (fid=59),703.3169557169132,,13.64892631430007,
Car 303,,,,,1,switch,,"Charger 1 (fid=40) not available, trying Charger 0 (fid=6)",703.3327110500284,0,,
Car 305,,,,26,,arrived,,arrived,704.0850594731169,,,
Car 295,,,,,7,switch,,"Charger 7 (fid=4) not available, trying Charger 3 (fid=10)",704.8376151604136,3,,
Car 306,,,,12,,arrived,,arrived,704.9921743069851,,,
Car 276,,,,,,gave_up,6,"no alternate charger available, gave up",705.1211030136495,,,
Car 289,,,,,1,switch,,"Charger 1 (fid=40) not available, trying Charger 5 (fid=59)",705.214563190557,5,,
Car 297,,,,,5,switch,,"Charger 5 (fid=59) not available, trying Charger 2 (fid=71)",705.5928469618852,2,,
Car 280,,,,,5,switch,,"Charger 5 (fid=59) not available, trying Charger 4 (fid=2)",705.5981811830059,4,,
Car 294,,,,,3,switch,,"Charger 3 (fid=10) not available, trying Charger 0 (fid=6)",705.7970150654155,0,,
Car 290,,,,,5,switch,,"Charger 5 (fid=59) not available, trying Charger 7 (fid=4)",706.9248849431478,7,,
Car 304,,,,,5,switch,,"Charger 5 (fid=59) not available, trying Charger 6 (fid=64)",706.9757174690371,6,,
Car 236,94.0,40,1,,,done,,done charging,708.050310127227,,,252.91851543527181
Car 298,,40,1,,,start_charge,,starting to charge at Charger 1 (fid=40),708.050310127227,,13.922735473974853,
Car 305,,,,,7,switch,,"Charger 7 (fid=4) not available, trying Charger 2 (fid=71)",709.0850594731169,2,,
Car 285,,,,,4,switch,,"Charger 4 (fid=2) not available, trying Charger 5 (fid=59)",709.2964352474161,5,,
Car 284,,,,,4,switch,,"Charger 4 (fid=2) not available, trying Charger 5 (fid=59)",709.4257794706787,5,,
Car 288,,,,,4,switch,,"Charger 4 (fid=2) not available, trying Charger 5 (fid=59)",709.5463953729292,5,,
Car 299,,,,,3,switch,,"Charger 3 (fid=10) not available, trying Charger 2 (fid=71)",709.5852649467345,2,,
Car 306,,,,,0,switch,,"Charger 0 (fid=6) not available, trying Charger 4 (fid=2)",709.9921743069851,4,,
Car 302,,,,,5,switch,,"Charger 5 (fid=59) not available, trying Charger 0 (fid=6)",710.114713892588,0,,
Car 292,,,,,2,switch,,"Charger 2 (fid=71) not available, trying Charger 4 (fid=2)",710.2487497483326,4,,
Car 275,,,,,,gave_up,7,"no alternate charger available, gave up",710.2681740099436,,,
Car 307,,,,76,,arrived,,arrived,710.4508999576603,,,
Car 303,,,,,0,switch,,"Charger 0 (fid=6) not available, trying Charger 3 (fid=10)",710.8232475150959,3,,
Car 267,65.0,10,3,,,done,,done charging,710.8524181075742,,,322.02120578933676
Car 301,,10,3,,,start_charge,,starting to charge at Charger 3 (fid=10),710.8524181075742,,14.487519694865455,
Car 295,,,,,3,switch,,"Charger 3 (fid=10) not available, trying Charger 1 (fid=40)",711.5290218848975,1,,
Car 300,,,,,7,switch,,"Charger 7 (fid=4) not available, trying Charger 3 (fid=10)",711.7876900957878,3,,
Car 280,,,,,4,switch,,"Charger 4 (fid=2) not available, trying Charger 6 (fid=64)",712.117404548842,6,,
Car 293,,,,,6,switch,,"Charger 6 (fid=64) not available, trying Charger 3 (fid=10)",712.1443108713174,3,,
Car 289,,,,,5,switch,,"Charger 5 (fid=59) not available, trying Charger 4 (fid=2)",712.724754274733,4,,
Car 304,,,,,6,switch,,"Charger 6 (fid=64) not available, trying Charger 4 (fid=2)",713.330371599979,4,,
Car 308,,,,74,,arrived,,arrived,713.6639866928745,,,
Car 273,,,,,,gave_up,6,"no alternate charger available, gave up",714.028407087031,,,
Car 294,,,,,0,switch,,"Charger 0 (fid=6) not available, trying Charger 1 (fid=40)",714.1465523979633,1,,
Car 309,,,,4,,arrived,,arrived,714.5194532638068,,,
Car 310,,,,16,,arrived,,arrived,715.1813306658967,,,
Car 297,,,,,2,switch,,"Charger 2 (fid=71) not available, trying Charger 4 (fid=2)",715.2217735415082,4,,
Car 307,,,,,4,switch,,"Charger 4 (fid=2) not available, trying Charger 6 (fid=64)",715.4508999576603,6,,
Car 232,117.0,6,0,,,done,,done charging,715.6829916153954,,,342.15253752820104
Car 302,,6,0,,,start_charge,,starting to charge at Charger 0 (fid=6),715.6829916153954,,12.564934815567653,
Car 285,,,,,5,switch,,"Charger 5 (fid=59) not available, trying Charger 6 (fid=64)",715.8156586132523,6,,
Car 284,,,,,5,switch,,"Charger 5 (fid=59) not available, trying Charger 6 (fid=64)",715.9450028365148,6,,
Car 288,,,,,5,switch,,"Charger 5 (fid=59) not available, trying Charger 6 (fid=64)",716.0656187387654,6,,
Car 305,,,,,2,switch,,"Charger 2 (fid=71) not available, trying Charger 3 (fid=10)",717.6285355512725,3,,
Car 290,,,,,7,switch,,"Charger 7 (fid=4) not available, trying Charger 2 (fid=71)",718.1638621786722,2,,
Car 299,,,,,2,switch,,"Charger 2 (fid=71) not available, trying Charger 7 (fid=4)",718.2103268270918,7,,
Car 306,,,,,4,switch,,"Charger 4 (fid=2) not available, trying Charger 5 (fid=59)",718.2576838054755,5,,
Car 280,,,,,,gave_up,6,"no alternate charger available, gave up",718.3617298387104,,,
Car 311,,,,37,,arrived,,arrived,718.4736312887817,,,
Car 300,,,,,3,switch,,"Charger 3 (fid=10) not available, trying Charger 1 (fid=40)",718.4790968202716,1,,
Car 312,,,,63,,arrived,,arrived,718.5737674589434,,,
Car 308,,,,,4,switch,,"Charger 4 (fid=2) not available, trying Charger 5 (fid=59)",718.6639866928745,5,,
Car 295,,,,,1,switch,,"Charger 1 (fid=40) not available, trying Charger 5 (fid=59)",718.9868396150964,5,,
Car 303,,,,,3,switch,,"Charger 3 (fid=10) not available, trying Charger 5 (fid=59)",719.1727848476437,5,,
Car 289,,,,,4,switch,,"Charger 4 (fid=2) not available, trying Charger 6 (fid=64)",719.2439776405691,6,,
Car 309,,,,,7,switch,,"Charger 7 (fid=4) not available, trying Charger 3 (fid=10)",719.5194532638068,3,,
Car 304,,,,,4,switch,,"Charger 4 (fid=2) not available, trying Charger 1 (fid=40)",719.5746968898474,1,,
Car 292,,,,,4,switch,,"Charger 4 (fid=2) not available, trying Charger 3 (fid=10)",719.9554695985947,3,,
Car 310,,,,,2,switch,,"Charger 2 (fid=71) not available, trying Charger 0 (fid=6)",720.1813306658967,0,,
Car 282,57.0,40,1,,,done,,done charging,720.3644170528592,,,113.47367344013271
Car 294,,40,1,,,start_charge,,starting to charge at Charger 1 (fid=40),720.3644170528592,,23.727328189828313,
Car 307,,,,,6,switch,,"Charger 6 (fid=64) not available, trying Charger 5 (fid=59)",721.6952252475287,5,,
Car 285,,,,,,gave_up,6,"no alternate charger available, gave up",722.1703127441941,,,
Car 284,,,,,,gave_up,6,"no alternate charger available, gave up",722.2996569674567,,,
Car 288,,,,,,gave_up,6,"no alternate charger available, gave up",722.4202728697072,,,
Car 313,,,,57,,arrived,,arrived,722.5260856734398,,,
Car 293,,,,,3,switch,,"Charger 3 (fid=10) not available, trying Charger 4 (fid=2)",723.3838582994372,4,,
Car 311,,,,,7,switch,,"Charger 7 (fid=4) not available, trying Charger 3 (fid=10)",723.4736312887817,3,,
Car 312,,,,,7,switch,,"Charger 7 (fid=4) not available, trying Charger 3 (fid=10)",723.5737674589434,3,,
Car 314,,,,68,,arrived,,arrived,723.8314769366298,,,
Car 306,,,,,5,switch,,"Charger 5 (fid=59) not available, trying Charger 2 (fid=71)",724.7769071713117,2,,
Car 297,,,,,4,switch,,"Charger 4 (fid=2) not available, trying Charger 3 (fid=10)",724.9284933917704,3,,
Car 308,,,,,5,switch,,"Charger 5 (fid=59) not available, trying Charger 0 (fid=6)",725.1832100587106,0,,
Car 289,,,,,,gave_up,6,"no alternate charger available, gave up",725.4883029304375,,,
Car 300,,,,,1,switch,,"Charger 1 (fid=40) not available, trying Charger 5 (fid=59)",725.9369145504705,5,,
Car 309,,,,,3,switch,,"Charger 3 (fid=10) not available, trying Charger 2 (fid=71)",726.2108599882906,2,,
Car 305,,,,,3,switch,,"Charger 3 (fid=10) not available, trying Charger 0 (fid=6)",726.2535974316298,0,,
Car 295,,,,,5,switch,,"Charger 5 (fid=59) not available, trying Charger 4 (fid=2)",726.4970306992724,4,,
Car 290,,,,,2,switch,,"Charger 2 (fid=71) not available, trying Charger 4 (fid=2)",726.7073382568278,4,,
Car 299,,,,,7,switch,,"Charger 7 (fid=4) not available, trying Charger 5 (fid=59)",726.7538029052474,5,,
Car 310,,,,,0,switch,,"Charger 0 (fid=6) not available, trying Charger 3 (fid=10)",726.8136778440517,3,,
Car 315,,,,38,,arrived,,arrived,727.1346171932313,,,
Car 313,,,,,2,switch,,"Charger 2 (fid=71) not available, trying Charger 0 (fid=6)",727.5260856734398,0,,
Car 307,,,,,5,switch,,"Charger 5 (fid=59) not available, trying Charger 0 (fid=6)",728.0498793784706,0,,
Car 304,,,,,1,switch,,"Charger 1 (fid=40) not available, trying Charger 0 (fid=6)",728.3603811400637,0,,
Car 233,103.0,2,4,,,done,,done charging,728.6510478823132,,,567.3940025485074
Car 295,,2,4,,,start_charge,,starting to charge at Charger 4 (fid=2),728.6510478823132,,30.63479381720458,
Car 316,,,,37,,arrived,,arrived,728.7812693884804,,,
Car 314,,,,,2,switch,,"Charger 2 (fid=71) not available, trying Charger 0 (fid=6)",728.8314769366298,0,,
Car 317,,,,9,,arrived,,arrived,728.9041210251618,,,
Car 303,,,,,5,switch,,"Charger 5 (fid=59) not available, trying Charger 2 (fid=71)",729.0577931746336,2,,
Car 318,,,,14,,arrived,,arrived,729.0800621083735,,,
Car 311,,,,,3,switch,,"Charger 3 (fid=10) not available, trying Charger 2 (fid=71)",730.1650380132655,2,,
Car 312,,,,,3,switch,,"Charger 3 (fid=10) not available, trying Charger 1 (fid=40)",730.2651741834272,1,,
Car 292,,,,,3,switch,,"Charger 3 (fid=10) not available, trying Charger 6 (fid=64)",730.9017004482786,6,,
Car 319,,,,60,,arrived,,arrived,731.8782026134766,,,
Car 320,,,,8,,arrived,,arrived,732.1194785279672,,,
Car 315,,,,,7,switch,,"Charger 7 (fid=4) not available, trying Charger 3 (fid=10)",732.1346171932313,3,,
Car 321,,,,77,,arrived,,arrived,732.433918405025,,,
Car 322,,,,73,,arrived,,arrived,732.9536621079214,,,
Car 323,,,,15,,arrived,,arrived,733.1263858123293,,,
Car 308,,,,,0,switch,,"Charger 0 (fid=6) not available, trying Charger 6 (fid=64)",733.1865529659503,6,,
Car 300,,,,,5,switch,,"Charger 5 (fid=59) not available, trying Charger 4 (fid=2)",733.4471056346465,4,,
Car 316,,,,,7,switch,,"Charger 7 (fid=4) not available, trying Charger 3 (fid=10)",733.7812693884804,3,,
Car 317,,,,,3,switch,,"Charger 3 (fid=10) not available, trying Charger 1 (fid=40)",733.9041210251618,1,,
Car 318,,,,,2,switch,,"Charger 2 (fid=71) not available, trying Charger 0 (fid=6)",734.0800621083735,0,,
Car 313,,,,,0,switch,,"Charger 0 (fid=6) not available, trying Charger 7 (fid=4)",734.1584328515947,7,,
Car 293,,,,,4,switch,,"Charger 4 (fid=2) not available, trying Charger 2 (fid=71)",734.330089149121,2,,
Car 306,,,,,2,switch,,"Charger 2 (fid=71) not available, trying Charger 6 (fid=64)",734.4058337509347,6,,
Car 305,,,,,0,switch,,"Charger 0 (fid=6) not available, trying Charger 1 (fid=40)",734.6031347641776,1,,
Car 309,,,,,2,switch,,"Charger 2 (fid=71) not available, trying Charger 1 (fid=40)",734.8359218686479,1,,
Car 310,,,,,3,switch,,"Charger 3 (fid=10) not available, trying Charger 1 (fid=40)",735.1632151765995,1,,
Car 314,,,,,0,switch,,"Charger 0 (fid=6) not available, trying Charger 7 (fid=4)",735.4638241147848,7,,
Car 324,,,,14,,arrived,,arrived,735.6549921267754,,,
Car 304,,,,,0,switch,,"Charger 0 (fid=6) not available, trying Charger 2 (fid=71)",735.8509176051313,2,,
Car 297,,,,,3,switch,,"Charger 3 (fid=10) not available, trying Charger 6 (fid=64)",735.8747242414543,6,,
Car 307,,,,,0,switch,,"Charger 0 (fid=6) not available, trying Charger 1 (fid=40)",736.0532222857103,1,,
Car 290,,,,,4,switch,,"Charger 4 (fid=2) not available, trying Charger 6 (fid=64)",736.41405810709,6,,
Car 261,87.0,4,7,,,done,,done charging,736.4720699187578,,,304.050698576721
Car 319,,,,,1,switch,,"Charger 1 (fid=40) not available, trying Charger 0 (fid=6)",736.8782026134766,0,,
Car 320,,,,,3,switch,,"Charger 3 (fid=10) not available, trying Charger 7 (fid=4)",737.1194785279672,7,,
Car 321,,,,,1,switch,,"Charger 1 (fid=40) not available, trying Charger 0 (fid=6)",737.433918405025,0,,
Car 312,,,,,1,switch,,"Charger 1 (fid=40) not available, trying Charger 2 (fid=71)",737.7229919136262,2,,
Car 322,,,,,3,switch,,"Charger 3 (fid=10) not available, trying Charger 7 (fid=4)",737.9536621079214,7,,
Car 299,,,,,5,switch,,"Charger 5 (fid=59) not available, trying Charger 4 (fid=2)",737.9927801407717,4,,
Car 323,,,,,2,switch,,"Charger 2 (fid=71) not available, trying Charger 0 (fid=6)",738.1263858123293,0,,
Car 313,,4,7,,,start_charge,,starting to charge at Charger 7 (fid=4),738.1735520471477,,10.0,
Car 303,,,,,2,switch,,"Charger 2 (fid=71) not available, trying Charger 4 (fid=2)",738.6867197542566,4,,
Car 311,,,,,2,switch,,"Charger 2 (fid=71) not available, trying Charger 0 (fid=6)",738.7900998936228,0,,
Car 315,,,,,3,switch,,"Charger 3 (fid=10) not available, trying Charger 2 (fid=71)",738.8260239177151,2,,
Car 325,,,,55,,arrived,,arrived,739.3476188928784,,,
Car 300,,,,,4,switch,,"Charger 4 (fid=2) not available, trying Charger 6 (fid=64)",739.9663290004827,6,,
Car 316,,,,,3,switch,,"Charger 3 (fid=10) not available, trying Charger 2 (fid=71)",740.4726761129642,2,,
Car 324,,,,,2,switch,,"Charger 2 (fid=71) not available, trying Charger 0 (fid=6)",740.6549921267754,0,,
Car 318,,,,,0,switch,,"Charger 0 (fid=6) not available, trying Charger 3 (fid=10)",740.7124092865284,3,,
Car 317,,,,,1,switch,,"Charger 1 (fid=40) not available, trying Charger 7 (fid=4)",741.3619387553607,7,,
Car 326,,,,37,,arrived,,arrived,741.5112229205723,,,
Car 305,,,,,1,switch,,"Charger 1 (fid=40) not available, trying Charger 5 (fid=59)",742.0936712292452,5,,
Car 327,,,,72,,arrived,,arrived,742.0998873800655,,,
Car 292,,,,,6,switch,,"Charger 6 (fid=64) not available, trying Charger 7 (fid=4)",742.1412478763983,7,,
Car 308,,,,,6,switch,,"Charger 6 (fid=64) not available, trying Charger 2 (fid=71)",742.2830490661394,2,,
Car 304,,,,,2,switch,,"Charger 2 (fid=71) not available, trying Charger 3 (fid=10)",742.4832647832862,3,,
Car 310,,,,,1,switch,,"Charger 1 (fid=40) not available, trying Charger 7 (fid=4)",742.6210329067984,7,,
Car 290,,,,,,gave_up,6,"no alternate charger available, gave up",742.6583833969584,,,
Car 328,,,,68,,arrived,,arrived,742.6819178588579,,,
Car 307,,,,,1,switch,,"Charger 1 (fid=40) not available, trying Charger 2 (fid=71)",743.5437587507778,2,,
Car 309,,,,,1,switch,,"Charger 1 (fid=40) not available, trying Charger 0 (fid=6)",743.6335670983877,0,,
Car 320,,,,,7,switch,,"Charger 7 (fid=4) not available, trying Charger 1 (fid=40)",743.810885252451,1,,
Car 329,,,,77,,arrived,,arrived,743.8772160961388,,,
Car 293,,,,,2,switch,,"Charger 2 (fid=71) not available, trying Charger 7 (fid=4)",744.0368089993832,7,,
Car 325,,,,,2,switch,,"Charger 2 (fid=71) not available, trying Charger 0 (fid=6)",744.3476188928784,0,,
Car 330,,,,15,,arrived,,arrived,744.354412990077,,,
Car 319,,,,,0,switch,,"Charger 0 (fid=6) not available, trying Charger 3 (fid=10)",744.3687390785441,3,,
Car 314,,,,,7,switch,,"Charger 7 (fid=4) not available, trying Charger 3 (fid=10)",744.4789433103377,3,,
Car 299,,,,,4,switch,,"Charger 4 (fid=2) not available, trying Charger 6 (fid=64)",744.5120035066079,6,,
Car 322,,,,,7,switch,,"Charger 7 (fid=4) not available, trying Charger 1 (fid=40)",744.6450688324053,1,,
Car 323,,,,,0,switch,,"Charger 0 (fid=6) not available, trying Charger 1 (fid=40)",744.7587329904843,1,,
Car 321,,,,,0,switch,,"Charger 0 (fid=6) not available, trying Charger 5 (fid=59)",744.9244548700925,5,,
Car 306,,,,,6,switch,,"Charger 6 (fid=64) not available, trying Charger 1 (fid=40)",745.0667894558004,1,,
Car 331,,,,63,,arrived,,arrived,745.3822844104453,,,
Car 311,,,,,0,switch,,"Charger 0 (fid=6) not available, trying Charger 1 (fid=40)",745.4224470717778,1,,
Car 332,,,,55,,arrived,,arrived,745.8732614779226,,,
Car 300,,,,,,gave_up,6,"no alternate charger available, gave up",746.210654290351,,,
Car 326,,,,,7,switch,,"Charger 7 (fid=4) not available, trying Charger 3 (fid=10)",746.5112229205723,3,,
Car 312,,,,,2,switch,,"Charger 2 (fid=71) not available, trying Charger 0 (fid=6)",746.520637143366,0,,
Car 333,,,,21,,arrived,,arrived,746.9126571357933,,,
Car 334,,,,34,,arrived,,arrived,747.096707561212,,,
Car 327,,,,,2,switch,,"Charger 2 (fid=71) not available, trying Charger 0 (fid=6)",747.0998873800655,0,,
Car 297,,,,,6,switch,,"Charger 6 (fid=64) not available, trying Charger 7 (fid=4)",747.114271669574,7,,
Car 324,,,,,0,switch,,"Charger 0 (fid=6) not available, trying Charger 3 (fid=10)",747.2873393049304,3,,
Car 315,,,,,2,switch,,"Charger 2 (fid=71) not available, trying Charger 0 (fid=6)",747.4510857980724,0,,
Car 328,,,,,2,switch,,"Charger 2 (fid=71) not available, trying Charger 0 (fid=6)",747.6819178588579,0,,
Car 303,,,,,4,switch,,"Charger 4 (fid=2) not available, trying Charger 7 (fid=4)",748.3934396045188,7,,
Car 329,,,,,1,switch,,"Charger 1 (fid=40) not available, trying Charger 0 (fid=6)",748.8772160961388,0,,
Car 318,,,,,3,switch,,"Charger 3 (fid=10) not available, trying Charger 7 (fid=4)",749.0619466190763,7,,
Car 316,,,,,2,switch,,"Charger 2 (fid=71) not available, trying Charger 0 (fid=6)",749.0977379933215,0,,
Car 335,,,,37,,arrived,,arrived,749.3171282656292,,,
Car 330,,,,,5,switch,,"Charger 5 (fid=59) not available, trying Charger 6 (fid=64)",749.354412990077,6,,
Car 279,72.0,10,3,,,done,,done charging,749.5918798729733,,,266.30066727668896
Car 304,,10,3,,,start_charge,,starting to charge at Charger 3 (fid=10),749.5918798729733,,33.483553209329784,
Car 305,,,,,5,switch,,"Charger 5 (fid=59) not available, trying Charger 4 (fid=2)",749.6038623134211,4,,
Car 336,,,,54,,arrived,,arrived,749.7243554946713,,,
Car 337,,,,124,,arrived,,arrived,749.906453489445,,,
Car 338,,,,68,,arrived,,arrived,749.9187955119005,,,
Car 317,,,,,7,switch,,"Charger 7 (fid=4) not available, trying Charger 0 (fid=6)",750.3578276158912,0,,
Car 331,,,,,7,switch,,"Charger 7 (fid=4) not available, trying Charger 3 (fid=10)",750.3822844104453,3,,
Car 299,,,,,,gave_up,6,"no alternate charger available, gave up",750.7563287964763,,,
Car 332,,,,,2,switch,,"Charger 2 (fid=71) not available, trying Charger 0 (fid=6)",750.8732614779226,0,,
Car 325,,,,,0,switch,,"Charger 0 (fid=6) not available, trying Charger 7 (fid=4)",750.9799660710333,7,,
Car 309,,,,,0,switch,,"Charger 0 (fid=6) not available, trying Charger 5 (fid=59)",751.1241035634553,5,,
Car 314,,,,,3,switch,,"Charger 3 (fid=10) not available, trying Charger 1 (fid=40)",751.1703500348216,1,,
Car 310,,,,,7,switch,,"Charger 7 (fid=4) not available, trying Charger 5 (fid=59)",751.6169217673289,5,,
Car 333,,,,,4,switch,,"Charger 4 (fid=2) not available, trying Charger 0 (fid=6)",751.9126571357933,0,,
Car 334,,,,,2,switch,,"Charger 2 (fid=71) not available, trying Charger 0 (fid=6)",752.096707561212,0,,
Car 323,,,,,1,switch,,"Charger 1 (fid=40) not available, trying Charger 3 (fid=10)",752.2492694555518,3,,
Car 307,,,,,2,switch,,"Charger 2 (fid=71) not available, trying Charger 3 (fid=10)",752.3414039805176,3,,
Car 293,,,,,,gave_up,7,"no alternate charger available, gave up",752.5802850775389,,,
Car 319,,,,,3,switch,,"Charger 3 (fid=10) not available, trying Charger 5 (fid=59)",752.7182764110919,5,,
Car 339,,,,12,,arrived,,arrived,752.7834757389069,,,
Car 320,,,,,1,switch,,"Charger 1 (fid=40) not available, trying Charger 2 (fid=71)",752.8067741129815,2,,
Car 311,,,,,1,switch,,"Charger 1 (fid=40) not available, trying Charger 5 (fid=59)",752.9129835368453,5,,
Car 321,,,,,5,switch,,"Charger 5 (fid=59) not available, trying Charger 3 (fid=10)",752.9277977773322,3,,
Car 308,,,,,2,switch,,"Charger 2 (fid=71) not available, trying Charger 1 (fid=40)",752.9440047710051,1,,
Car 312,,,,,0,switch,,"Charger 0 (fid=6) not available, trying Charger 5 (fid=59)",753.152984321521,5,,
Car 326,,,,,3,switch,,"Charger 3 (fid=10) not available, trying Charger 2 (fid=71)",753.2026296450562,2,,
Car 322,,,,,1,switch,,"Charger 1 (fid=40) not available, trying Charger 2 (fid=71)",753.6409576929358,2,,
Car 327,,,,,0,switch,,"Charger 0 (fid=6) not available, trying Charger 7 (fid=4)",753.7322345582205,7,,
Car 306,,,,,1,switch,,"Charger 1 (fid=40) not available, trying Charger 3 (fid=10)",753.9194655139963,3,,
Car 315,,,,,0,switch,,"Charger 0 (fid=6) not available, trying Charger 1 (fid=40)",754.0834329762274,1,,
Car 328,,,,,0,switch,,"Charger 0 (fid=6) not available, trying Charger 7 (fid=4)",754.3142650370129,7,,
Car 296,51.0,59,5,,,done,,done charging,754.3169557169132,,,222.07534174239777
Car 309,,59,5,,,start_charge,,starting to charge at Charger 5 (fid=59),754.3169557169132,,25.189509246218222,
Car 335,,,,,7,switch,,"Charger 7 (fid=4) not available, trying Charger 3 (fid=10)",754.3171282656292,3,,
Car 292,,,,,,gave_up,7,"no alternate charger available, gave up",754.7129680155824,,,
Car 336,,,,,2,switch,,"Charger 2 (fid=71) not available, trying Charger 0 (fid=6)",754.7243554946713,0,,
Car 337,,,,,2,switch,,"Charger 2 (fid=71) not available, trying Charger 0 (fid=6)",754.906453489445,0,,
Car 338,,,,,2,switch,,"Charger 2 (fid=71) not available, trying Charger 0 (fid=6)",754.9187955119005,0,,
Car 340,,,,61,,arrived,,arrived,755.0933221195965,,,
Car 324,,,,,3,switch,,"Charger 3 (fid=10) not available, trying Charger 7 (fid=4)",755.6368766374782,7,,
Car 330,,,,,6,switch,,"Charger 6 (fid=64) not available, trying Charger 4 (fid=2)",755.7090671210188,4,,
Car 316,,,,,0,switch,,"Charger 0 (fid=6) not available, trying Charger 1 (fid=40)",755.7300851714765,1,,
Car 318,,,,,7,switch,,"Charger 7 (fid=4) not available, trying Charger 1 (fid=40)",755.7533533435601,1,,
Car 305,,,,,4,switch,,"Charger 4 (fid=2) not available, trying Charger 6 (fid=64)",756.1230856792573,6,,
Car 329,,,,,0,switch,,"Charger 0 (fid=6) not available, trying Charger 5 (fid=59)",756.3677525612063,5,,
Car 341,,,,9,,arrived,,arrived,756.5862366250068,,,
Car 274,63.0,64,6,,,done,,done charging,756.9466633354689,,,285.3399187810945
Car 331,,,,,3,switch,,"Charger 3 (fid=10) not available, trying Charger 1 (fid=40)",757.0736911349292,1,,
Car 305,,64,6,,,start_charge,,starting to charge at Charger 6 (fid=64),757.3674109691257,,35.0,
Car 332,,,,,0,switch,,"Charger 0 (fid=6) not available, trying Charger 7 (fid=4)",757.5056086560776,7,,
Car 339,,,,,0,switch,,"Charger 0 (fid=6) not available, trying Charger 4 (fid=2)",757.7834757389069,4,,
Car 314,,,,,1,switch,,"Charger 1 (fid=40) not available, trying Charger 5 (fid=59)",758.6281677650205,5,,
Car 334,,,,,0,switch,,"Charger 0 (fid=6) not available, trying Charger 1 (fid=40)",758.729054739367,1,,
Car 246,111.0,64,6,,,done,,done charging,758.9693261188613,,,546.237755714472
Car 317,,,,,0,switch,,"Charger 0 (fid=6) not available, trying Charger 2 (fid=71)",759.3729468114442,2,,
Car 297,,,,,,gave_up,7,"no alternate charger available, gave up",759.6859918087581,,,
Car 323,,,,,3,switch,,"Charger 3 (fid=10) not available, trying Charger 7 (fid=4)",759.7070871857508,7,,
Car 325,,,,,7,switch,,"Charger 7 (fid=4) not available, trying Charger 3 (fid=10)",759.9950852665863,3,,
Car 340,,,,,1,switch,,"Charger 1 (fid=40) not available, trying Charger 3 (fid=10)",760.0933221195965,3,,
Car 333,,,,,0,switch,,"Charger 0 (fid=6) not available, trying Charger 5 (fid=59)",760.1781666342837,5,,
Car 342,,,,61,,arrived,,arrived,760.2040890789176,,,
Car 311,,,,,5,switch,,"Charger 5 (fid=59) not available, trying Charger 4 (fid=2)",760.4231746210213,4,,
Car 303,,,,,7,switch,,"Charger 7 (fid=4) not available, trying Charger 6 (fid=64)",760.4676861173915,6,,
Car 343,,,,9,,arrived,,arrived,760.6152580089962,,,
Car 344,,,,38,,arrived,,arrived,760.7581540423275,,,
Car 345,,,,1,,arrived,,arrived,760.7957689866001,,,
Car 307,,,,,3,switch,,"Charger 3 (fid=10) not available, trying Charger 7 (fid=4)",760.9664658608749,7,,
Car 335,,,,,3,switch,,"Charger 3 (fid=10) not available, trying Charger 2 (fid=71)",761.008534990113,2,,
Car 312,,,,,5,switch,,"Charger 5 (fid=59) not available, trying Charger 4 (fid=2)",761.1563272287607,4,,
Car 336,,,,,0,switch,,"Charger 0 (fid=6) not available, trying Charger 7 (fid=4)",761.3567026728263,7,,
Car 306,,,,,3,switch,,"Charger 3 (fid=10) not available, trying Charger 7 (fid=4)",761.3772832441953,7,,
Car 337,,,,,0,switch,,"Charger 0 (fid=6) not available, trying Charger 7 (fid=4)",761.5388006676,7,,
Car 338,,,,,0,switch,,"Charger 0 (fid=6) not available, trying Charger 7 (fid=4)",761.5511426900555,7,,
Car 315,,,,,1,switch,,"Charger 1 (fid=40) not available, trying Charger 5 (fid=59)",761.5739694412949,5,,
Car 341,,,,,3,switch,,"Charger 3 (fid=10) not available, trying Charger 1 (fid=40)",761.5862366250068,1,,
Car 320,,,,,2,switch,,"Charger 2 (fid=71) not available, trying Charger 0 (fid=6)",761.6044193427214,0,,
Car 308,,,,,1,switch,,"Charger 1 (fid=40) not available, trying Charger 3 (fid=10)",761.7416500007449,3,,
Car 326,,,,,2,switch,,"Charger 2 (fid=71) not available, trying Charger 0 (fid=6)",761.8276915254135,0,,
Car 330,,,,,4,switch,,"Charger 4 (fid=2) not available, trying Charger 1 (fid=40)",761.9533924108872,1,,
Car 346,,,,81,,arrived,,arrived,762.1202489857162,,,
Car 324,,,,,7,switch,,"Charger 7 (fid=4) not available, trying Charger 1 (fid=40)",762.328283361962,1,,
Car 322,,,,,2,switch,,"Charger 2 (fid=71) not available, trying Charger 0 (fid=6)",762.4386029226756,0,,
Car 319,,,,,5,switch,,"Charger 5 (fid=59) not available, trying Charger 2 (fid=71)",762.6032847380818,2,,
Car 327,,,,,7,switch,,"Charger 7 (fid=4) not available, trying Charger 3 (fid=10)",762.7473537537735,3,,
Car 321,,,,,3,switch,,"Charger 3 (fid=10) not available, trying Charger 2 (fid=71)",762.8128061043221,2,,
Car 310,,,,,5,switch,,"Charger 5 (fid=59) not available, trying Charger 4 (fid=2)",762.8558990028532,4,,
Car 316,,,,,1,switch,,"Charger 1 (fid=40) not available, trying Charger 5 (fid=59)",763.220621636544,5,,
Car 328,,,,,7,switch,,"Charger 7 (fid=4) not available, trying Charger 3 (fid=10)",763.3293842325659,3,,
Car 283,100.0,71,2,,,done,,done charging,763.4307658214,,,55.38080983516104
Car 317,,71,2,,,start_charge,,starting to charge at Charger 2 (fid=71),763.4307658214,,22.42547183180079,
Car 329,,,,,5,switch,,"Charger 5 (fid=59) not available, trying Charger 3 (fid=10)",764.371095468446,3,,
Car 331,,,,,1,switch,,"Charger 1 (fid=40) not available, trying Charger 2 (fid=71)",764.5315088651281,2,,
Car 318,,,,,1,switch,,"Charger 1 (fid=40) not available, trying Charger 5 (fid=59)",764.7492422040906,5,,
Car 342,,,,,1,switch,,"Charger 1 (fid=40) not available, trying Charger 3 (fid=10)",765.2040890789176,3,,
Car 271,86.0,59,5,,,done,,done charging,765.247752065989,,,396.2637032204648
Car 314,,59,5,,,start_charge,,starting to charge at Charger 5 (fid=59),765.247752065989,,29.109393216792455,
Car 343,,,,,3,switch,,"Charger 3 (fid=10) not available, trying Charger 1 (fid=40)",765.6152580089962,1,,
Car 344,,,,,7,switch,,"Charger 7 (fid=4) not available, trying Charger 3 (fid=10)",765.7581540423275,3,,
Car 345,,,,,0,switch,,"Charger 0 (fid=6) not available, trying Charger 5 (fid=59)",765.7957689866001,5,,
Car 339,,,,,4,switch,,"Charger 4 (fid=2) not available, trying Charger 5 (fid=59)",766.0489852373972,5,,
Car 334,,,,,1,switch,,"Charger 1 (fid=40) not available, trying Charger 3 (fid=10)",766.2195912044346,3,,
Car 323,,,,,7,switch,,"Charger 7 (fid=4) not available, trying Charger 5 (fid=59)",766.3984939102346,5,,
Car 332,,,,,7,switch,,"Charger 7 (fid=4) not available, trying Charger 3 (fid=10)",766.5207278516306,3,,
Car 347,,,,36,,arrived,,arrived,766.6260092705106,,,
Car 325,,,,,3,switch,,"Charger 3 (fid=10) not available, trying Charger 1 (fid=40)",766.6864919910702,1,,
Car 311,,,,,4,switch,,"Charger 4 (fid=2) not available, trying Charger 6 (fid=64)",766.9423979868575,6,,
Car 346,,,,,0,switch,,"Charger 0 (fid=6) not available, trying Charger 2 (fid=71)",767.1202489857162,2,,
Car 340,,,,,3,switch,,"Charger 3 (fid=10) not available, trying Charger 0 (fid=6)",767.5511398497954,0,,
Car 307,,,,,,gave_up,7,"no alternate charger available, gave up",767.6578725853587,,,
Car 312,,,,,4,switch,,"Charger 4 (fid=2) not available, trying Charger 6 (fid=64)",767.6755505945969,6,,
Car 303,,64,6,,,start_charge,,starting to charge at Charger 6 (fid=64),768.0394062565756,,35.0,
Car 306,,,,,,gave_up,7,"no alternate charger available, gave up",768.0686899686791,,,
Car 333,,,,,5,switch,,"Charger 5 (fid=59) not available, trying Charger 2 (fid=71)",768.1815095415234,2,,
Car 320,,,,,0,switch,,"Charger 0 (fid=6) not available, trying Charger 5 (fid=59)",768.2367665208764,5,,
Car 326,,,,,0,switch,,"Charger 0 (fid=6) not available, trying Charger 1 (fid=40)",768.4600387035684,1,,
Car 341,,,,,1,switch,,"Charger 1 (fid=40) not available, trying Charger 7 (fid=4)",769.0440543552057,7,,
Car 322,,,,,0,switch,,"Charger 0 (fid=6) not available, trying Charger 5 (fid=59)",769.0709501008306,5,,
Car 315,,,,,5,switch,,"Charger 5 (fid=59) not available, trying Charger 4 (fid=2)",769.0841605254709,4,,
Car 308,,,,,3,switch,,"Charger 3 (fid=10) not available, trying Charger 7 (fid=4)",769.1994677309439,7,,
Car 310,,,,,4,switch,,"Charger 4 (fid=2) not available, trying Charger 6 (fid=64)",769.3751223686894,6,,
Car 327,,,,,3,switch,,"Charger 3 (fid=10) not available, trying Charger 1 (fid=40)",769.4387604782573,1,,
Car 335,,,,,2,switch,,"Charger 2 (fid=71) not available, trying Charger 0 (fid=6)",769.6335968704703,0,,
Car 328,,,,,3,switch,,"Charger 3 (fid=10) not available, trying Charger 1 (fid=40)",770.0207909570497,1,,
Car 336,,,,,7,switch,,"Charger 7 (fid=4) not available, trying Charger 3 (fid=10)",770.3718218683792,3,,
Car 337,,,,,7,switch,,"Charger 7 (fid=4) not available, trying Charger 3 (fid=10)",770.5539198631529,3,,
Car 338,,,,,7,switch,,"Charger 7 (fid=4) not available, trying Charger 3 (fid=10)",770.5662618856085,3,,
Car 316,,,,,5,switch,,"Charger 5 (fid=59) not available, trying Charger 4 (fid=2)",770.73081272072,4,,
Car 330,,,,,1,switch,,"Charger 1 (fid=40) not available, trying Charger 0 (fid=6)",770.7390766611036,0,,
Car 324,,,,,1,switch,,"Charger 1 (fid=40) not available, trying Charger 5 (fid=59)",771.3241722224925,5,,
Car 321,,,,,2,switch,,"Charger 2 (fid=71) not available, trying Charger 4 (fid=2)",771.4378679846794,4,,
Car 347,,,,,2,switch,,"Charger 2 (fid=71) not available, trying Charger 0 (fid=6)",771.6260092705106,0,,
Car 348,,,,37,,arrived,,arrived,771.8147366581226,,,
Car 319,,,,,2,switch,,"Charger 2 (fid=71) not available, trying Charger 4 (fid=2)",772.2322113177048,4,,
Car 318,,,,,5,switch,,"Charger 5 (fid=59) not available, trying Charger 4 (fid=2)",772.2594332882666,4,,
Car 344,,,,,3,switch,,"Charger 3 (fid=10) not available, trying Charger 2 (fid=71)",772.4495607668114,2,,
Car 339,,,,,5,switch,,"Charger 5 (fid=59) not available, trying Charger 2 (fid=71)",772.5682086032334,2,,
Car 349,,,,66,,arrived,,arrived,772.6593949740657,,,
Car 342,,,,,3,switch,,"Charger 3 (fid=10) not available, trying Charger 0 (fid=6)",772.6619068091165,0,,
Car 343,,,,,1,switch,,"Charger 1 (fid=40) not available, trying Charger 7 (fid=4)",773.0730757391951,7,,
Car 311,,,,,,gave_up,6,"no alternate charger available, gave up",773.1867232767258,,,
Car 332,,,,,3,switch,,"Charger 3 (fid=10) not available, trying Charger 1 (fid=40)",773.2121345761144,1,,
Car 331,,,,,2,switch,,"Charger 2 (fid=71) not available, trying Charger 0 (fid=6)",773.3291540948679,0,,
Car 334,,,,,3,switch,,"Charger 3 (fid=10) not available, trying Charger 7 (fid=4)",773.6774089346335,7,,
Car 346,,,,,2,switch,,"Charger 2 (fid=71) not available, trying Charger 4 (fid=2)",773.7525961638712,4,,
Car 345,,,,,5,switch,,"Charger 5 (fid=59) not available, trying Charger 4 (fid=2)",773.7991118938398,4,,
Car 312,,,,,,gave_up,6,"no alternate charger available, gave up",773.9198758844652,,,
Car 325,,,,,1,switch,,"Charger 1 (fid=40) not available, trying Charger 5 (fid=59)",774.1443097212691,5,,
Car 350,,,,23,,arrived,,arrived,774.1806424524557,,,
Car 329,,,,,3,switch,,"Charger 3 (fid=10) not available, trying Charger 2 (fid=71)",774.2561037954359,2,,
Car 351,,,,57,,arrived,,arrived,775.0228003655889,,,
Car 315,,,,,4,switch,,"Charger 4 (fid=2) not available, trying Charger 6 (fid=64)",775.6033838913071,6,,
Car 310,,,,,,gave_up,6,"no alternate charger available, gave up",775.6194476585578,,,
Car 308,,,,,,gave_up,7,"no alternate charger available, gave up",775.8908744554277,,,
Car 340,,,,,0,switch,,"Charger 0 (fid=6) not available, trying Charger 5 (fid=59)",775.9006771823432,5,,
Car 326,,,,,1,switch,,"Charger 1 (fid=40) not available, trying Charger 5 (fid=59)",775.950575168636,5,,
Car 320,,,,,5,switch,,"Charger 5 (fid=59) not available, trying Charger 4 (fid=2)",776.240109428116,4,,
Car 335,,,,,0,switch,,"Charger 0 (fid=6) not available, trying Charger 1 (fid=40)",776.2659440486253,1,,
Car 348,,,,,7,switch,,"Charger 7 (fid=4) not available, trying Charger 3 (fid=10)",776.8147366581226,3,,
Car 352,,,,77,,arrived,,arrived,776.8776810753792,,,
Car 327,,,,,1,switch,,"Charger 1 (fid=40) not available, trying Charger 5 (fid=59)",776.8965782084563,5,,
Car 336,,,,,3,switch,,"Charger 3 (fid=10) not available, trying Charger 1 (fid=40)",777.0632285928631,1,,
Car 322,,,,,5,switch,,"Charger 5 (fid=59) not available, trying Charger 4 (fid=2)",777.0742930080703,4,,
Car 337,,,,,3,switch,,"Charger 3 (fid=10) not available, trying Charger 1 (fid=40)",777.2453265876368,1,,
Car 316,,,,,4,switch,,"Charger 4 (fid=2) not available, trying Charger 6 (fid=64)",777.2500360865562,6,,
Car 338,,,,,3,switch,,"Charger 3 (fid=10) not available, trying Charger 1 (fid=40)",777.2576686100923,1,,
Car 328,,,,,1,switch,,"Charger 1 (fid=40) not available, trying Charger 5 (fid=59)",777.4786086872487,5,,
Car 323,,,,,5,switch,,"Charger 5 (fid=59) not available, trying Charger 4 (fid=2)",777.6374711457589,4,,
Car 349,,,,,3,switch,,"Charger 3 (fid=10) not available, trying Charger 1 (fid=40)",777.6593949740657,1,,
Car 333,,,,,2,switch,,"Charger 2 (fid=71) not available, trying Charger 6 (fid=64)",777.8104361211464,6,,
Car 341,,,,,7,switch,,"Charger 7 (fid=4) not available, trying Charger 0 (fid=6)",778.0399432157362,0,,
Car 330,,,,,0,switch,,"Charger 0 (fid=6) not available, trying Charger 2 (fid=71)",778.2296131261711,2,,
Car 347,,,,,0,switch,,"Charger 0 (fid=6) not available, trying Charger 1 (fid=40)",778.2583564486656,1,,
Car 318,,,,,4,switch,,"Charger 4 (fid=2) not available, trying Charger 6 (fid=64)",778.7786566541027,6,,
Car 324,,,,,5,switch,,"Charger 5 (fid=59) not available, trying Charger 4 (fid=2)",778.8343633066685,4,,
Car 353,,,,23,,arrived,,arrived,778.9793526327169,,,
Car 350,,,,,7,switch,,"Charger 7 (fid=4) not available, trying Charger 3 (fid=10)",779.1806424524557,3,,
Car 354,,,,4,,arrived,,arrived,779.3075434859574,,,
Car 355,,,,4,,arrived,,arrived,779.3213933391454,,,
Car 331,,,,,0,switch,,"Charger 0 (fid=6) not available, trying Charger 5 (fid=59)",779.9615012730229,5,,
Car 351,,,,,2,switch,,"Charger 2 (fid=71) not available, trying Charger 0 (fid=6)",780.0228003655889,0,,
Car 345,,,,,4,switch,,"Charger 4 (fid=2) not available, trying Charger 1 (fid=40)",780.318335259676,1,,
Car 334,,,,,7,switch,,"Charger 7 (fid=4) not available, trying Charger 5 (fid=59)",780.3688156591173,5,,
Car 332,,,,,1,switch,,"Charger 1 (fid=40) not available, trying Charger 5 (fid=59)",780.6699523063133,5,,
Car 356,,,,41,,arrived,,arrived,780.9171083981836,,,
Car 342,,,,,0,switch,,"Charger 0 (fid=6) not available, trying Charger 5 (fid=59)",781.0114441416644,5,,
Car 344,,,,,2,switch,,"Charger 2 (fid=71) not available, trying Charger 0 (fid=6)",781.0746226471687,0,,
Car 321,,,,,4,switch,,"Charger 4 (fid=2) not available, trying Charger 6 (fid=64)",781.1445878349416,6,,
Car 325,,,,,5,switch,,"Charger 5 (fid=59) not available, trying Charger 4 (fid=2)",781.6545008054451,4,,
Car 315,,,,,,gave_up,6,"no alternate charger available, gave up",781.8477091811754,,,
Car 352,,,,,1,switch,,"Charger 1 (fid=40) not available, trying Charger 0 (fid=6)",781.8776810753792,0,,
Car 319,,,,,4,switch,,"Charger 4 (fid=2) not available, trying Charger 7 (fid=4)",781.938931167967,7,,
Car 343,,,,,7,switch,,"Charger 7 (fid=4) not available, trying Charger 0 (fid=6)",782.0689645997256,0,,
Car 357,,,,45,,arrived,,arrived,782.1280957125607,,,
Car 339,,,,,2,switch,,"Charger 2 (fid=71) not available, trying Charger 6 (fid=64)",782.1971351828564,6,,
Car 358,,,,29,,arrived,,arrived,782.3649497626817,,,
Car 359,,,,11,,arrived,,arrived,782.4379215987541,,,
Car 320,,,,,4,switch,,"Charger 4 (fid=2) not available, trying Charger 6 (fid=64)",782.7593327939522,6,,
Car 329,,,,,2,switch,,"Charger 2 (fid=71) not available, trying Charger 4 (fid=2)",782.8811656757932,4,,
Car 346,,,,,4,switch,,"Charger 4 (fid=2) not available, trying Charger 5 (fid=59)",783.4593160141334,5,,
Car 326,,,,,5,switch,,"Charger 5 (fid=59) not available, trying Charger 4 (fid=2)",783.4607662528119,4,,
Car 316,,,,,,gave_up,6,"no alternate charger available, gave up",783.4943613764245,,,
Car 348,,,,,3,switch,,"Charger 3 (fid=10) not available, trying Charger 2 (fid=71)",783.5061433826064,2,,
Car 322,,,,,4,switch,,"Charger 4 (fid=2) not available, trying Charger 6 (fid=64)",783.5935163739065,6,,
Car 335,,,,,1,switch,,"Charger 1 (fid=40) not available, trying Charger 5 (fid=59)",783.7564805136928,5,,
Car 340,,,,,5,switch,,"Charger 5 (fid=59) not available, trying Charger 7 (fid=4)",783.9040200895829,7,,
Car 353,,,,,7,switch,,"Charger 7 (fid=4) not available, trying Charger 3 (fid=10)",783.9793526327169,3,,
Car 360,,,,15,,arrived,,arrived,783.9815478622671,,,
Car 323,,,,,4,switch,,"Charger 4 (fid=2) not available, trying Charger 6 (fid=64)",784.1566945115951,6,,
Car 354,,,,,0,switch,,"Charger 0 (fid=6) not available, trying Charger 1 (fid=40)",784.3075434859574,1,,
Car 355,,,,,7,switch,,"Charger 7 (fid=4) not available, trying Charger 3 (fid=10)",784.3213933391454,3,,
Car 327,,,,,5,switch,,"Charger 5 (fid=59) not available, trying Charger 4 (fid=2)",784.4067692926322,4,,
Car 336,,,,,1,switch,,"Charger 1 (fid=40) not available, trying Charger 5 (fid=59)",784.521046323062,5,,
Car 337,,,,,1,switch,,"Charger 1 (fid=40) not available, trying Charger 4 (fid=2)",784.7031443178357,4,,
Car 338,,,,,1,switch,,"Charger 1 (fid=40) not available, trying Charger 5 (fid=59)",784.7154863402912,5,,
Car 330,,,,,2,switch,,"Charger 2 (fid=71) not available, trying Charger 3 (fid=10)",784.8619603043261,3,,
Car 328,,,,,5,switch,,"Charger 5 (fid=59) not available, trying Charger 4 (fid=2)",784.9887997714246,4,,
Car 318,,,,,,gave_up,6,"no alternate charger available, gave up",785.0229819439711,,,
Car 361,,,,58,,arrived,,arrived,785.0785882099842,,,
Car 349,,,,,1,switch,,"Charger 1 (fid=40) not available, trying Charger 7 (fid=4)",785.1172127042646,7,,
Car 324,,,,,4,switch,,"Charger 4 (fid=2) not available, trying Charger 6 (fid=64)",785.3535866725047,6,,
Car 347,,,,,1,switch,,"Charger 1 (fid=40) not available, trying Charger 3 (fid=10)",785.7488929137331,3,,
Car 350,,,,,3,switch,,"Charger 3 (fid=10) not available, trying Charger 2 (fid=71)",785.8720491769395,2,,
Car 356,,,,,7,switch,,"Charger 7 (fid=4) not available, trying Charger 2 (fid=71)",785.9171083981836,2,,
Car 295,58.0,2,4,,,done,,done charging,786.6510478823132,,,426.4617209328489
Car 325,,2,4,,,start_charge,,starting to charge at Charger 4 (fid=2),786.6510478823132,,33.477323711031886,
Car 351,,,,,0,switch,,"Charger 0 (fid=6) not available, trying Charger 7 (fid=4)",786.6551475437439,7,,
Car 341,,,,,0,switch,,"Charger 0 (fid=6) not available, trying Charger 2 (fid=71)",787.0550624112892,2,,
Car 357,,,,,1,switch,,"Charger 1 (fid=40) not available, trying Charger 0 (fid=6)",787.1280957125607,0,,
Car 358,,,,,2,switch,,"Charger 2 (fid=71) not available, trying Charger 0 (fid=6)",787.3649497626817,0,,
Car 321,,,,,6,switch,,"Charger 6 (fid=64) not available, trying Charger 7 (fid=4)",787.38891312481,7,,
Car 359,,,,,0,switch,,"Charger 0 (fid=6) not available, trying Charger 3 (fid=10)",787.4379215987541,3,,
Car 344,,,,,0,switch,,"Charger 0 (fid=6) not available, trying Charger 1 (fid=40)",787.7069698253237,1,,
Car 331,,,,,5,switch,,"Charger 5 (fid=59) not available, trying Charger 4 (fid=2)",787.9648441802626,4,,
Car 332,,,,,5,switch,,"Charger 5 (fid=59) not available, trying Charger 4 (fid=2)",788.1801433904893,4,,
Car 333,,,,,6,switch,,"Charger 6 (fid=64) not available, trying Charger 1 (fid=40)",788.4713918260121,1,,
Car 362,,,,25,,arrived,,arrived,788.9020129477158,,,
Car 363,,,,64,,arrived,,arrived,788.9291694173346,,,
Car 360,,,,,2,switch,,"Charger 2 (fid=71) not available, trying Charger 0 (fid=6)",788.9815478622671,0,,
Car 320,,,,,,gave_up,6,"no alternate charger available, gave up",789.0036580838206,,,
Car 342,,,,,5,switch,,"Charger 5 (fid=59) not available, trying Charger 7 (fid=4)",789.014787048904,7,,
Car 345,,,,,1,switch,,"Charger 1 (fid=40) not available, trying Charger 6 (fid=64)",789.1040195098924,6,,
Car 352,,,,,0,switch,,"Charger 0 (fid=6) not available, trying Charger 5 (fid=59)",789.3682175404467,5,,
Car 364,,,,37,,arrived,,arrived,789.6414036157632,,,
Car 322,,,,,,gave_up,6,"no alternate charger available, gave up",789.8378416637748,,,
Car 346,,,,,5,switch,,"Charger 5 (fid=59) not available, trying Charger 1 (fid=40)",789.9785393799696,1,,
Car 326,,,,,4,switch,,"Charger 4 (fid=2) not available, trying Charger 6 (fid=64)",789.9799896186481,6,,
Car 361,,,,,5,switch,,"Charger 5 (fid=59) not available, trying Charger 6 (fid=64)",790.0785882099842,6,,
Car 323,,,,,,gave_up,6,"no alternate charger available, gave up",790.4010198014635,,,
Car 353,,,,,3,switch,,"Charger 3 (fid=10) not available, trying Charger 2 (fid=71)",790.6707593572007,2,,
Car 327,,,,,4,switch,,"Charger 4 (fid=2) not available, trying Charger 6 (fid=64)",790.9259926584684,6,,
Car 355,,,,,3,switch,,"Charger 3 (fid=10) not available, trying Charger 2 (fid=71)",791.0128000636292,2,,
Car 343,,,,,0,switch,,"Charger 0 (fid=6) not available, trying Charger 2 (fid=71)",791.0840837952786,2,,
Car 335,,,,,5,switch,,"Charger 5 (fid=59) not available, trying Charger 4 (fid=2)",791.2666715978688,4,,
Car 328,,,,,4,switch,,"Charger 4 (fid=2) not available, trying Charger 6 (fid=64)",791.5080231372608,6,,
Car 324,,,,,,gave_up,6,"no alternate charger available, gave up",791.597911962373,,,
Car 334,,,,,5,switch,,"Charger 5 (fid=59) not available, trying Charger 4 (fid=2)",791.6077928946416,4,,
Car 354,,,,,1,switch,,"Charger 1 (fid=40) not available, trying Charger 5 (fid=59)",791.7980799510249,5,,
Car 336,,,,,5,switch,,"Charger 5 (fid=59) not available, trying Charger 4 (fid=2)",792.031237407238,4,,
Car 348,,,,,2,switch,,"Charger 2 (fid=71) not available, trying Charger 0 (fid=6)",792.1312052629637,0,,
Car 338,,,,,5,switch,,"Charger 5 (fid=59) not available, trying Charger 4 (fid=2)",792.2256774244672,4,,
Car 365,,,,4,,arrived,,arrived,792.366289923935,,,
Car 329,,,,,4,switch,,"Charger 4 (fid=2) not available, trying Charger 6 (fid=64)",792.5878855260554,6,,
Car 339,,,,,6,switch,,"Charger 6 (fid=64) not available, trying Charger 1 (fid=40)",792.8580908877221,1,,
Car 347,,,,,3,switch,,"Charger 3 (fid=10) not available, trying Charger 7 (fid=4)",793.2067106439321,7,,
Car 330,,,,,3,switch,,"Charger 3 (fid=10) not available, trying Charger 7 (fid=4)",793.4870221846834,7,,
Car 337,,,,,4,switch,,"Charger 4 (fid=2) not available, trying Charger 5 (fid=59)",793.4888285680521,5,,
Car 366,,,,51,,arrived,,arrived,793.5054392205898,,,
Car 281,117.0,4,7,,,done,,done charging,793.5948824163274,,,229.26503533247023
Car 362,,4,7,,,start_charge,,starting to charge at Charger 7 (fid=4),793.5948824163274,,4.692869468611661,
Car 341,,,,,2,switch,,"Charger 2 (fid=71) not available, trying Charger 5 (fid=59)",793.6874095894442,5,,
Car 363,,,,,6,switch,,"Charger 6 (fid=64) not available, trying Charger 4 (fid=2)",793.9291694173346,4,,
Car 358,,,,,0,switch,,"Charger 0 (fid=6) not available, trying Charger 1 (fid=40)",793.9972969408367,1,,
Car 319,,,,,7,switch,,"Charger 7 (fid=4) not available, trying Charger 6 (fid=64)",794.0131776808397,6,,
Car 349,,,,,7,switch,,"Charger 7 (fid=4) not available, trying Charger 0 (fid=6)",794.1131015647951,0,,
Car 356,,,,,2,switch,,"Charger 2 (fid=71) not available, trying Charger 3 (fid=10)",794.4605844763392,3,,
Car 331,,,,,4,switch,,"Charger 4 (fid=2) not available, trying Charger 6 (fid=64)",794.4840675460988,6,,
Car 350,,,,,2,switch,,"Charger 2 (fid=71) not available, trying Charger 0 (fid=6)",794.4971110572968,0,,
Car 357,,,,,0,switch,,"Charger 0 (fid=6) not available, trying Charger 3 (fid=10)",794.6186321776282,3,,
Car 364,,,,,7,switch,,"Charger 7 (fid=4) not available, trying Charger 3 (fid=10)",794.6414036157632,3,,
Car 332,,,,,4,switch,,"Charger 4 (fid=2) not available, trying Charger 6 (fid=64)",794.6993667563255,6,,
Car 340,,,,,7,switch,,"Charger 7 (fid=4) not available, trying Charger 2 (fid=71)",795.1429973251072,2,,
Car 344,,,,,1,switch,,"Charger 1 (fid=40) not available, trying Charger 5 (fid=59)",795.1975062903912,5,,
Car 367,,,,30,,arrived,,arrived,795.4129147243142,,,
Car 360,,,,,0,switch,,"Charger 0 (fid=6) not available, trying Charger 1 (fid=40)",795.6138950404221,1,,
Car 351,,,,,7,switch,,"Charger 7 (fid=4) not available, trying Charger 3 (fid=10)",795.6702667392968,3,,
Car 359,,,,,3,switch,,"Charger 3 (fid=10) not available, trying Charger 2 (fid=71)",795.7874589313019,2,,
Car 326,,,,,,gave_up,6,"no alternate charger available, gave up",796.2243149085165,,,
Car 361,,,,,6,switch,,"Charger 6 (fid=64) not available, trying Charger 4 (fid=2)",796.4332423409261,4,,
Car 327,,,,,,gave_up,6,"no alternate charger available, gave up",797.1703179483368,,,
Car 333,,,,,1,switch,,"Charger 1 (fid=40) not available, trying Charger 3 (fid=10)",797.324067884208,3,,
Car 365,,,,,7,switch,,"Charger 7 (fid=4) not available, trying Charger 3 (fid=10)",797.366289923935,3,,
Car 352,,,,,5,switch,,"Charger 5 (fid=59) not available, trying Charger 3 (fid=10)",797.3715604476864,3,,
Car 346,,,,,1,switch,,"Charger 1 (fid=40) not available, trying Charger 6 (fid=64)",797.4887304641455,6,,
Car 343,,,,,2,switch,,"Charger 2 (fid=71) not available, trying Charger 5 (fid=59)",797.7164309734336,5,,
Car 328,,,,,,gave_up,6,"no alternate charger available, gave up",797.7523484271292,,,
Car 335,,,,,4,switch,,"Charger 4 (fid=2) not available, trying Charger 6 (fid=64)",797.785894963705,6,,
Car 345,,,,,6,switch,,"Charger 6 (fid=64) not available, trying Charger 2 (fid=71)",797.9566955680883,2,,
Car 334,,,,,4,switch,,"Charger 4 (fid=2) not available, trying Charger 6 (fid=64)",798.1270162604778,6,,
Car 366,,,,,5,switch,,"Charger 5 (fid=59) not available, trying Charger 1 (fid=40)",798.5054392205898,1,,
Car 336,,,,,4,switch,,"Charger 4 (fid=2) not available, trying Charger 6 (fid=64)",798.5504607730742,6,,
Car 338,,,,,4,switch,,"Charger 4 (fid=2) not available, trying Charger 6 (fid=64)",798.7449007903034,6,,
Car 348,,,,,0,switch,,"Charger 0 (fid=6) not available, trying Charger 1 (fid=40)",798.7635524411187,1,,
Car 329,,,,,6,switch,,"Charger 6 (fid=64) not available, trying Charger 7 (fid=4)",798.8322108159238,7,,
Car 353,,,,,2,switch,,"Charger 2 (fid=71) not available, trying Charger 0 (fid=6)",799.295821237558,0,,
Car 354,,,,,5,switch,,"Charger 5 (fid=59) not available, trying Charger 2 (fid=71)",799.3082710352008,2,,
Car 355,,,,,2,switch,,"Charger 2 (fid=71) not available, trying Charger 1 (fid=40)",799.6378619439865,1,,
Car 368,,,,52,,arrived,,arrived,799.8356620350048,,,
Car 347,,,,,7,switch,,"Charger 7 (fid=4) not available, trying Charger 5 (fid=59)",799.8981173684159,5,,
Car 321,,,,,,gave_up,7,"no alternate charger available, gave up",799.960633263994,,,
Car 337,,,,,5,switch,,"Charger 5 (fid=59) not available, trying Charger 6 (fid=64)",800.0080519338883,6,,
Car 363,,,,,4,switch,,"Charger 4 (fid=2) not available, trying Charger 5 (fid=59)",800.173494707203,5,,
Car 330,,,,,,gave_up,7,"no alternate charger available, gave up",800.1784289091672,,,
Car 342,,,,,7,switch,,"Charger 7 (fid=4) not available, trying Charger 2 (fid=71)",800.2537642844284,2,,
Car 367,,,,,2,switch,,"Charger 2 (fid=71) not available, trying Charger 0 (fid=6)",800.4129147243142,0,,
Car 369,,,,50,,arrived,,arrived,800.4132189030619,,,
Car 331,,,,,,gave_up,6,"no alternate charger available, gave up",800.7283928359672,,,
Car 332,,,,,,gave_up,6,"no alternate charger available, gave up",800.9436920461939,,,
Car 350,,,,,0,switch,,"Charger 0 (fid=6) not available, trying Charger 1 (fid=40)",801.1294582354518,1,,
Car 364,,,,,3,switch,,"Charger 3 (fid=10) not available, trying Charger 2 (fid=71)",801.3328103402471,2,,
Car 358,,,,,1,switch,,"Charger 1 (fid=40) not available, trying Charger 3 (fid=10)",801.4878334059042,3,,
Car 339,,,,,1,switch,,"Charger 1 (fid=40) not available, trying Charger 3 (fid=10)",801.7107669459181,3,,
Car 351,,,,,3,switch,,"Charger 3 (fid=10) not available, trying Charger 1 (fid=40)",802.3616734637807,1,,
Car 361,,,,,4,switch,,"Charger 4 (fid=2) not available, trying Charger 1 (fid=40)",802.6775676307944,1,,
Car 344,,,,,5,switch,,"Charger 5 (fid=59) not available, trying Charger 4 (fid=2)",802.7076973745671,4,,
Car 357,,,,,3,switch,,"Charger 3 (fid=10) not available, trying Charger 2 (fid=71)",802.968169510176,2,,
Car 356,,,,,3,switch,,"Charger 3 (fid=10) not available, trying Charger 0 (fid=6)",803.0856463566965,0,,
Car 360,,,,,1,switch,,"Charger 1 (fid=40) not available, trying Charger 3 (fid=10)",803.1044315054896,3,,
Car 349,,,,,0,switch,,"Charger 0 (fid=6) not available, trying Charger 2 (fid=71)",803.1282207603481,2,,
Car 370,,,,23,,arrived,,arrived,803.3141334090069,,,
Car 341,,,,,5,switch,,"Charger 5 (fid=59) not available, trying Charger 4 (fid=2)",803.3163361690672,4,,
Car 302,88.0,6,0,,,done,,done charging,803.6829916153954,,,200.577208196749
Car 353,,6,0,,,start_charge,,starting to charge at Charger 0 (fid=6),803.6829916153954,,17.75482319968239,
Car 340,,,,,2,switch,,"Charger 2 (fid=71) not available, trying Charger 4 (fid=2)",803.6864734032629,4,,
Car 291,105.0,71,2,,,done,,done charging,803.9294125334561,,,295.1715573103697
Car 359,,71,2,,,start_charge,,starting to charge at Charger 2 (fid=71),803.9294125334561,,14.516891721796924,
Car 335,,,,,,gave_up,6,"no alternate charger available, gave up",804.0302202535734,,,
Car 365,,,,,3,switch,,"Charger 3 (fid=10) not available, trying Charger 2 (fid=71)",804.0576966484189,2,,
Car 334,,,,,,gave_up,6,"no alternate charger available, gave up",804.3713415503462,,,
Car 333,,,,,3,switch,,"Charger 3 (fid=10) not available, trying Charger 7 (fid=4)",804.781885614407,7,,
Car 336,,,,,,gave_up,6,"no alternate charger available, gave up",804.7947860629425,,,
Car 368,,,,,5,switch,,"Charger 5 (fid=59) not available, trying Charger 4 (fid=2)",804.8356620350048,4,,
Car 338,,,,,,gave_up,6,"no alternate charger available, gave up",804.9892260801718,,,
Car 369,,,,,1,switch,,"Charger 1 (fid=40) not available, trying Charger 5 (fid=59)",805.4132189030619,5,,
Car 286,106.0,2,4,,,done,,done charging,805.5423433087699,,,315.34749804302555
Car 344,,2,4,,,start_charge,,starting to charge at Charger 4 (fid=2),805.5423433087699,,31.315422568366557,
Car 366,,,,,1,switch,,"Charger 1 (fid=40) not available, trying Charger 0 (fid=6)",806.0156303047658,0,,
Car 298,98.0,40,1,,,done,,done charging,806.050310127227,,,226.72237699883453
Car 348,,40,1,,,start_charge,,starting to charge at Charger 1 (fid=40),806.050310127227,,24.79622122104081,
Car 346,,,,,6,switch,,"Charger 6 (fid=64) not available, trying Charger 3 (fid=10)",806.3414065223415,3,,
Car 337,,,,,,gave_up,6,"no alternate charger available, gave up",806.3627060648301,,,
Car 319,,,,,,gave_up,6,"no alternate charger available, gave up",806.5848978200238,,,
Car 363,,,,,5,switch,,"Charger 5 (fid=59) not available, trying Charger 1 (fid=40)",806.6927180730391,1,,
Car 367,,,,,0,switch,,"Charger 0 (fid=6) not available, trying Charger 3 (fid=10)",807.0452619024692,3,,
Car 352,,,,,3,switch,,"Charger 3 (fid=10) not available, trying Charger 2 (fid=71)",807.2565687746763,2,,
Car 343,,,,,5,switch,,"Charger 5 (fid=59) not available, trying Charger 4 (fid=2)",807.3453575530566,4,,
Car 370,,,,,2,switch,,"Charger 2 (fid=71) not available, trying Charger 0 (fid=6)",808.3141334090069,0,,
Car 355,,,,,1,switch,,"Charger 1 (fid=40) not available, trying Charger 0 (fid=6)",808.4355071737264,0,,
Car 345,,,,,2,switch,,"Charger 2 (fid=71) not available, trying Charger 3 (fid=10)",808.617651272954,3,,
Car 350,,,,,1,switch,,"Charger 1 (fid=40) not available, trying Charger 5 (fid=59)",808.6199947005193,5,,
Car 342,,,,,2,switch,,"Charger 2 (fid=71) not available, trying Charger 4 (fid=2)",808.797240362584,4,,
Car 371,,,,14,,arrived,,arrived,808.932813783955,,,
Car 354,,,,,2,switch,,"Charger 2 (fid=71) not available, trying Charger 4 (fid=2)",808.9371976148238,4,,
Car 358,,,,,3,switch,,"Charger 3 (fid=10) not available, trying Charger 7 (fid=4)",808.9456511361032,7,,
Car 339,,,,,3,switch,,"Charger 3 (fid=10) not available, trying Charger 7 (fid=4)",809.168584676117,7,,
Car 349,,,,,2,switch,,"Charger 2 (fid=71) not available, trying Charger 5 (fid=59)",809.7605679385031,5,,
Car 351,,,,,1,switch,,"Charger 1 (fid=40) not available, trying Charger 5 (fid=59)",809.8194911939796,5,,
Car 341,,,,,4,switch,,"Charger 4 (fid=2) not available, trying Charger 6 (fid=64)",809.8355595349034,6,,
Car 364,,,,,2,switch,,"Charger 2 (fid=71) not available, trying Charger 0 (fid=6)",809.9578722206044,0,,
Car 287,119.0,6,0,,,done,,done charging,809.966975016302,,,191.29928146491196
Car 356,,6,0,,,start_charge,,starting to charge at Charger 0 (fid=6),809.966975016302,,18.53179132705759,
Car 372,,,,48,,arrived,,arrived,810.1457159371456,,,
Car 373,,,,51,,arrived,,arrived,810.2999815563408,,,
Car 360,,,,,3,switch,,"Charger 3 (fid=10) not available, trying Charger 7 (fid=4)",810.5622492356886,7,,
Car 347,,,,,5,switch,,"Charger 5 (fid=59) not available, trying Charger 4 (fid=2)",811.1370946039402,4,,
Car 368,,,,,4,switch,,"Charger 4 (fid=2) not available, trying Charger 0 (fid=6)",811.354885400841,0,,
Car 329,,,,,,gave_up,7,"no alternate charger available, gave up",811.4039309551079,,,
Car 361,,,,,1,switch,,"Charger 1 (fid=40) not available, trying Charger 0 (fid=6)",811.4632518810108,0,,
Car 333,,,,,,gave_up,7,"no alternate charger available, gave up",811.4732923388908,,,
Car 357,,,,,2,switch,,"Charger 2 (fid=71) not available, trying Charger 7 (fid=4)",811.5932313905333,7,,
Car 374,,,,30,,arrived,,arrived,812.1249782597149,,,
Car 365,,,,,2,switch,,"Charger 2 (fid=71) not available, trying Charger 1 (fid=40)",812.6827585287762,1,,
Car 369,,,,,5,switch,,"Charger 5 (fid=59) not available, trying Charger 0 (fid=6)",812.9234099872378,0,,
Car 340,,,,,4,switch,,"Charger 4 (fid=2) not available, trying Charger 6 (fid=64)",813.393193253525,6,,
Car 366,,,,,0,switch,,"Charger 0 (fid=6) not available, trying Charger 4 (fid=2)",813.5061667698333,4,,
Car 343,,,,,4,switch,,"Charger 4 (fid=2) not available, trying Charger 6 (fid=64)",813.8645809188928,6,,
Car 371,,,,,2,switch,,"Charger 2 (fid=71) not available, trying Charger 0 (fid=6)",813.932813783955,0,,
Car 363,,,,,1,switch,,"Charger 1 (fid=40) not available, trying Charger 0 (fid=6)",814.2029091572151,0,,
Car 314,49.0,59,5,,,done,,done charging,814.247752065989,,,394.7927567585197
Car 373,,59,5,,,start_charge,,starting to charge at Charger 5 (fid=59),814.247752065989,,3.947770509648194,
Car 375,,,,8,,arrived,,arrived,814.432348649493,,,
Car 301,104.0,10,3,,,done,,done charging,814.8524181075742,,,254.41195590029133
Car 367,,10,3,,,start_charge,,starting to charge at Charger 3 (fid=10),814.8524181075742,,14.457618872557191,
Car 370,,,,,0,switch,,"Charger 0 (fid=6) not available, trying Charger 1 (fid=40)",814.9464805871619,1,,
Car 376,,,,22,,arrived,,arrived,814.9768908147732,,,
Car 372,,,,,7,switch,,"Charger 7 (fid=4) not available, trying Charger 2 (fid=71)",815.1457159371456,2,,
Car 377,,,,33,,arrived,,arrived,815.183307334887,,,
Car 294,95.0,40,1,,,done,,done charging,815.3644170528592,,,467.8261454215645
Car 358,,,,,7,switch,,"Charger 7 (fid=4) not available, trying Charger 4 (fid=2)",815.637057860587,4,,
Car 339,,,,,,gave_up,7,"no alternate charger available, gave up",815.8599914006008,,,
Car 352,,,,,2,switch,,"Charger 2 (fid=71) not available, trying Charger 4 (fid=2)",815.8816306550336,4,,
Car 378,,,,80,,arrived,,arrived,815.9168558200481,,,
Car 355,,,,,0,switch,,"Charger 0 (fid=6) not available, trying Charger 5 (fid=59)",815.9260436387939,5,,
Car 341,,,,,,gave_up,6,"no alternate charger available, gave up",816.0798848247717,,,
Car 350,,,,,5,switch,,"Charger 5 (fid=59) not available, trying Charger 4 (fid=2)",816.1301857846953,4,,
Car 305,59.0,64,6,,,done,,done charging,816.3674109691257,,,707.7486673247793
Car 340,,64,6,,,start_charge,,starting to charge at Charger 6 (fid=64),816.3674109691257,,36.72989242573226,
Car 365,,40,1,,,start_charge,,starting to charge at Charger 1 (fid=40),816.480403758516,,15.0,
Car 364,,,,,0,switch,,"Charger 0 (fid=6) not available, trying Charger 1 (fid=40)",816.5902193987594,1,,
Car 374,,,,,2,switch,,"Charger 2 (fid=71) not available, trying Charger 7 (fid=4)",817.1249782597149,7,,
Car 345,,,,,3,switch,,"Charger 3 (fid=10) not available, trying Charger 7 (fid=4)",817.2427131533113,7,,
Car 360,,,,,7,switch,,"Charger 7 (fid=4) not available, trying Charger 5 (fid=59)",817.2536559601724,5,,
Car 351,,,,,5,switch,,"Charger 5 (fid=59) not available, trying Charger 4 (fid=2)",817.3296822781556,4,,
Car 346,,,,,3,switch,,"Charger 3 (fid=10) not available, trying Charger 7 (fid=4)",817.5809539504612,7,,
Car 347,,,,,4,switch,,"Charger 4 (fid=2) not available, trying Charger 6 (fid=64)",817.6563179697764,6,,
Car 342,,,,,4,switch,,"Charger 4 (fid=2) not available, trying Charger 6 (fid=64)",818.5039602128462,6,,
Car 354,,,,,4,switch,,"Charger 4 (fid=2) not available, trying Charger 3 (fid=10)",818.643917465086,3,,
Car 361,,,,,0,switch,,"Charger 0 (fid=6) not available, trying Charger 2 (fid=71)",818.9537883460783,2,,
Car 379,,,,66,,arrived,,arrived,819.3650197062202,,,
Car 349,,,,,5,switch,,"Charger 5 (fid=59) not available, trying Charger 4 (fid=2)",819.3894945181261,4,,
Car 375,,,,,3,switch,,"Charger 3 (fid=10) not available, trying Charger 7 (fid=4)",819.432348649493,7,,
Car 368,,,,,0,switch,,"Charger 0 (fid=6) not available, trying Charger 6 (fid=64)",819.6203948993314,6,,
Car 376,,,,,2,switch,,"Charger 2 (fid=71) not available, trying Charger 0 (fid=6)",819.9768908147732,0,,
Car 343,,,,,,gave_up,6,"no alternate charger available, gave up",820.1089062087611,,,
Car 357,,,,,7,switch,,"Charger 7 (fid=4) not available, trying Charger 5 (fid=59)",820.136707468689,5,,
Car 313,82.0,4,7,,,done,,done charging,820.1735520471477,,,244.1534719659006
Car 345,,4,7,,,start_charge,,starting to charge at Charger 7 (fid=4),820.1735520471477,,36.23943216935254,
Car 377,,,,,2,switch,,"Charger 2 (fid=71) not available, trying Charger 0 (fid=6)",820.183307334887,0,,
Car 371,,,,,0,switch,,"Charger 0 (fid=6) not available, trying Charger 3 (fid=10)",820.56516096211,3,,
Car 380,,,,82,,arrived,,arrived,820.7142814073616,,,
Car 378,,,,,0,switch,,"Charger 0 (fid=6) not available, trying Charger 2 (fid=71)",820.9168558200481,2,,
Car 369,,,,,0,switch,,"Charger 0 (fid=6) not available, trying Charger 3 (fid=10)",820.9267528944775,3,,
Car 363,,,,,0,switch,,"Charger 0 (fid=6) not available, trying Charger 2 (fid=71)",821.6934456222826,2,,
Car 366,,,,,4,switch,,"Charger 4 (fid=2) not available, trying Charger 6 (fid=64)",821.7716762683236,6,,
Car 370,,,,,1,switch,,"Charger 1 (fid=40) not available, trying Charger 7 (fid=4)",822.4370170522294,7,,
Car 350,,,,,4,switch,,"Charger 4 (fid=2) not available, trying Charger 6 (fid=64)",822.6494091505315,6,,
Car 381,,,,60,,arrived,,arrived,823.0878991066097,,,
Car 372,,,,,2,switch,,"Charger 2 (fid=71) not available, trying Charger 3 (fid=10)",823.6891920153013,3,,
Car 351,,,,,4,switch,,"Charger 4 (fid=2) not available, trying Charger 6 (fid=64)",823.8489056439918,6,,
Car 347,,,,,,gave_up,6,"no alternate charger available, gave up",823.9006432596448,,,
Car 355,,,,,5,switch,,"Charger 5 (fid=59) not available, trying Charger 4 (fid=2)",823.9293865460336,4,,
Car 364,,,,,1,switch,,"Charger 1 (fid=40) not available, trying Charger 5 (fid=59)",824.0807558638269,5,,
Car 346,,,,,,gave_up,7,"no alternate charger available, gave up",824.272360674945,,,
Car 309,70.0,59,5,,,done,,done charging,824.3169557169132,,,519.706803719171
Car 360,,59,5,,,start_charge,,starting to charge at Charger 5 (fid=59),824.3169557169132,,25.82432252121646,
Car 379,,,,,3,switch,,"Charger 3 (fid=10) not available, trying Charger 1 (fid=40)",824.3650197062202,1,,
Car 317,61.0,71,2,,,done,,done charging,824.4307658214,,,284.616822737202
Car 361,,71,2,,,start_charge,,starting to charge at Charger 2 (fid=71),824.4307658214,,28.844630297166646,
Car 342,,,,,,gave_up,6,"no alternate charger available, gave up",824.7482855027146,,,
Car 382,,,,1,,arrived,,arrived,824.817923349008,,,
Car 383,,,,57,,arrived,,arrived,825.4707829356829,,,
Car 352,,,,,4,switch,,"Charger 4 (fid=2) not available, trying Charger 6 (fid=64)",825.5883505052958,6,,
Car 374,,,,,7,switch,,"Charger 7 (fid=4) not available, trying Charger 3 (fid=10)",825.6684543378706,3,,
Car 380,,,,,4,switch,,"Charger 4 (fid=2) not available, trying Charger 6 (fid=64)",825.7142814073616,6,,
Car 349,,,,,4,switch,,"Charger 4 (fid=2) not available, trying Charger 6 (fid=64)",825.9087178839623,6,,
Car 375,,,,,7,switch,,"Charger 7 (fid=4) not available, trying Charger 1 (fid=40)",826.1237553739768,1,,
Car 376,,,,,0,switch,,"Charger 0 (fid=6) not available, trying Charger 1 (fid=40)",826.6092379929282,1,,
Car 377,,,,,0,switch,,"Charger 0 (fid=6) not available, trying Charger 1 (fid=40)",826.815654513042,1,,
Car 384,,,,72,,arrived,,arrived,827.0499940913493,,,
Car 385,,,,25,,arrived,,arrived,827.4624127025457,,,
Car 378,,,,,2,switch,,"Charger 2 (fid=71) not available, trying Charger 1 (fid=40)",827.5492029982031,1,,
Car 358,,,,,4,switch,,"Charger 4 (fid=2) not available, trying Charger 5 (fid=59)",827.7113043734597,5,,
Car 366,,,,,6,switch,,"Charger 6 (fid=64) not available, trying Charger 3 (fid=10)",828.016001558192,3,,
Car 381,,,,,1,switch,,"Charger 1 (fid=40) not available, trying Charger 0 (fid=6)",828.0878991066097,0,,
Car 386,,,,37,,arrived,,arrived,828.3065993419282,,,
Car 363,,,,,2,switch,,"Charger 2 (fid=71) not available, trying Charger 3 (fid=10)",828.3257928004376,3,,
Car 387,,,,4,,arrived,,arrived,828.4233227985045,,,
Car 368,,,,,6,switch,,"Charger 6 (fid=64) not available, trying Charger 1 (fid=40)",828.7168909995204,1,,
Car 350,,,,,,gave_up,6,"no alternate charger available, gave up",828.8937344403998,,,
Car 371,,,,,3,switch,,"Charger 3 (fid=10) not available, trying Charger 7 (fid=4)",828.9146982946578,7,,
Car 388,,,,25,,arrived,,arrived,829.0871028550677,,,
Car 369,,,,,3,switch,,"Charger 3 (fid=10) not available, trying Charger 4 (fid=2)",829.2762902270254,4,,
Car 389,,,,86,,arrived,,arrived,829.5417970296212,,,
Car 354,,,,,3,switch,,"Charger 3 (fid=10) not available, trying Charger 6 (fid=64)",829.5901483147699,6,,
Car 382,,,,,0,switch,,"Charger 0 (fid=6) not available, trying Charger 5 (fid=59)",829.817923349008,5,,
Car 351,,,,,,gave_up,6,"no alternate charger available, gave up",830.0932309338601,,,
Car 355,,,,,4,switch,,"Charger 4 (fid=2) not available, trying Charger 6 (fid=64)",830.4486099118698,6,,
Car 383,,,,,2,switch,,"Charger 2 (fid=71) not available, trying Charger 0 (fid=6)",830.4707829356829,0,,
Car 390,,,,30,,arrived,,arrived,830.5399996246421,,,
Car 304,81.0,10,3,,,done,,done charging,830.5918798729733,,,419.8015640037428
Car 372,,10,3,,,start_charge,,starting to charge at Charger 3 (fid=10),830.5918798729733,,13.277625977314756,
Car 391,,,,52,,arrived,,arrived,830.6372811415445,,,
Car 357,,,,,5,switch,,"Charger 5 (fid=59) not available, trying Charger 4 (fid=2)",831.3756847042133,4,,
Car 370,,,,,7,switch,,"Charger 7 (fid=4) not available, trying Charger 3 (fid=10)",831.4329059127599,3,,
Car 364,,,,,5,switch,,"Charger 5 (fid=59) not available, trying Charger 4 (fid=2)",831.5909469480029,4,,
Car 379,,,,,1,switch,,"Charger 1 (fid=40) not available, trying Charger 7 (fid=4)",831.8228374364191,7,,
Car 352,,,,,6,switch,,"Charger 6 (fid=64) not available, trying Charger 7 (fid=4)",831.8326757951642,7,,
Car 380,,,,,6,switch,,"Charger 6 (fid=64) not available, trying Charger 5 (fid=59)",831.9586066972299,5,,
Car 384,,,,,2,switch,,"Charger 2 (fid=71) not available, trying Charger 0 (fid=6)",832.0499940913493,0,,
Car 392,,,,24,,arrived,,arrived,832.1337188402628,,,
Car 349,,,,,,gave_up,6,"no alternate charger available, gave up",832.1530431738306,,,
Car 374,,,,,3,switch,,"Charger 3 (fid=10) not available, trying Charger 0 (fid=6)",832.3598610623544,0,,
Car 385,,,,,7,switch,,"Charger 7 (fid=4) not available, trying Charger 2 (fid=71)",832.4624127025457,2,,
Car 303,65.0,64,6,,,done,,done charging,833.0394062565756,,,328.81512089621214
Car 355,,64,6,,,start_charge,,starting to charge at Charger 6 (fid=64),833.0394062565756,,36.34647105483748,
Car 386,,,,,7,switch,,"Charger 7 (fid=4) not available, trying Charger 3 (fid=10)",833.3065993419282,3,,
Car 387,,,,,7,switch,,"Charger 7 (fid=4) not available, trying Charger 3 (fid=10)",833.4233227985045,3,,
Car 393,,,,8,,arrived,,arrived,833.9404822818605,,,
Car 394,,,,44,,arrived,,arrived,834.0654286130402,,,
Car 388,,,,,2,switch,,"Charger 2 (fid=71) not available, trying Charger 0 (fid=6)",834.0871028550677,0,,
Car 376,,,,,1,switch,,"Charger 1 (fid=40) not available, trying Charger 7 (fid=4)",834.0997744579957,7,,
Car 358,,,,,5,switch,,"Charger 5 (fid=59) not available, trying Charger 6 (fid=64)",834.2305277392959,6,,
Car 377,,,,,1,switch,,"Charger 1 (fid=40) not available, trying Charger 3 (fid=10)",834.3061909781095,3,,
Car 395,,,,32,,arrived,,arrived,834.346843401172,,,
Car 389,,,,,4,switch,,"Charger 4 (fid=2) not available, trying Charger 6 (fid=64)",834.5417970296212,6,,
Car 325,48.0,2,4,,,done,,done charging,834.6510478823132,,,426.4617209328489
Car 357,,2,4,,,start_charge,,starting to charge at Charger 4 (fid=2),834.6510478823132,,31.756139812263655,
Car 375,,,,,1,switch,,"Charger 1 (fid=40) not available, trying Charger 2 (fid=71)",835.1196442345073,2,,
Car 390,,,,,2,switch,,"Charger 2 (fid=71) not available, trying Charger 0 (fid=6)",835.5399996246421,0,,
Car 381,,,,,0,switch,,"Charger 0 (fid=6) not available, trying Charger 3 (fid=10)",835.5784355716772,3,,
Car 371,,,,,7,switch,,"Charger 7 (fid=4) not available, trying Charger 1 (fid=40)",835.6061050191416,1,,
Car 391,,,,,5,switch,,"Charger 5 (fid=59) not available, trying Charger 4 (fid=2)",835.6372811415445,4,,
Car 378,,,,,1,switch,,"Charger 1 (fid=40) not available, trying Charger 4 (fid=2)",836.3468482279429,4,,
Car 363,,,,,3,switch,,"Charger 3 (fid=10) not available, trying Charger 7 (fid=4)",836.9508546807949,7,,
Car 383,,,,,0,switch,,"Charger 0 (fid=6) not available, trying Charger 7 (fid=4)",837.1031301138379,7,,
Car 392,,,,,7,switch,,"Charger 7 (fid=4) not available, trying Charger 2 (fid=71)",837.1337188402628,2,,
Car 368,,,,,1,switch,,"Charger 1 (fid=40) not available, trying Charger 2 (fid=71)",837.5695670577163,2,,
Car 396,,,,23,,arrived,,arrived,837.7539877952809,,,
Car 382,,,,,5,switch,,"Charger 5 (fid=59) not available, trying Charger 4 (fid=2)",837.8212662562477,4,,
Car 364,,,,,4,switch,,"Charger 4 (fid=2) not available, trying Charger 6 (fid=64)",838.110170313839,6,,
Car 397,,,,73,,arrived,,arrived,838.1158963015624,,,
Car 370,,,,,3,switch,,"Charger 3 (fid=10) not available, trying Charger 4 (fid=2)",838.1243126372437,4,,
Car 380,,,,,5,switch,,"Charger 5 (fid=59) not available, trying Charger 0 (fid=6)",838.3132608281718,0,,
Car 384,,,,,0,switch,,"Charger 0 (fid=6) not available, trying Charger 7 (fid=4)",838.6823412695043,7,,
Car 393,,,,,3,switch,,"Charger 3 (fid=10) not available, trying Charger 7 (fid=4)",838.9404822818605,7,,
Car 394,,,,,7,switch,,"Charger 7 (fid=4) not available, trying Charger 2 (fid=71)",839.0654286130402,2,,
Car 366,,,,,3,switch,,"Charger 3 (fid=10) not available, trying Charger 2 (fid=71)",839.2555489863117,2,,
Car 395,,,,,7,switch,,"Charger 7 (fid=4) not available, trying Charger 2 (fid=71)",839.346843401172,2,,
Car 398,,,,66,,arrived,,arrived,839.4319537623337,,,
Car 386,,,,,3,switch,,"Charger 3 (fid=10) not available, trying Charger 2 (fid=71)",839.998006066412,2,,
Car 399,,,,31,,arrived,,arrived,840.01444179151,,,
Car 387,,,,,3,switch,,"Charger 3 (fid=10) not available, trying Charger 2 (fid=71)",840.1147295229883,2,,
Car 369,,,,,4,switch,,"Charger 4 (fid=2) not available, trying Charger 6 (fid=64)",840.2225210767092,6,,
Car 358,,,,,,gave_up,6,"no alternate charger available, gave up",840.5851818702378,,,
Car 374,,,,,0,switch,,"Charger 0 (fid=6) not available, trying Charger 1 (fid=40)",840.7093983949022,1,,
Car 388,,,,,0,switch,,"Charger 0 (fid=6) not available, trying Charger 1 (fid=40)",840.7194500332226,1,,
Car 389,,,,,6,switch,,"Charger 6 (fid=64) not available, trying Charger 5 (fid=59)",840.7861223194896,5,,
Car 379,,,,,7,switch,,"Charger 7 (fid=4) not available, trying Charger 0 (fid=6)",840.8187262969496,0,,
Car 354,,,,,6,switch,,"Charger 6 (fid=64) not available, trying Charger 7 (fid=4)",840.8296957428896,7,,
Car 385,,,,,2,switch,,"Charger 2 (fid=71) not available, trying Charger 3 (fid=10)",841.0058887807014,3,,
Car 377,,,,,3,switch,,"Charger 3 (fid=10) not available, trying Charger 7 (fid=4)",841.7640087083084,7,,
Car 400,,,,84,,arrived,,arrived,842.1560300058113,,,
Car 391,,,,,4,switch,,"Charger 4 (fid=2) not available, trying Charger 0 (fid=6)",842.1565045073806,0,,
Car 390,,,,,0,switch,,"Charger 0 (fid=6) not available, trying Charger 3 (fid=10)",842.172346802797,3,,
Car 396,,,,,2,switch,,"Charger 2 (fid=71) not available, trying Charger 0 (fid=6)",842.7539877952809,0,,
Car 376,,,,,7,switch,,"Charger 7 (fid=4) not available, trying Charger 3 (fid=10)",843.0956633185262,3,,
Car 397,,,,,3,switch,,"Charger 3 (fid=10) not available, trying Charger 7 (fid=4)",843.1158963015624,7,,
Car 401,,,,40,,arrived,,arrived,843.3316227533796,,,
Car 363,,,,,,gave_up,7,"no alternate charger available, gave up",843.6422614052788,,,
Car 402,,,,3,,arrived,,arrived,843.7355255322734,,,
Car 375,,,,,2,switch,,"Charger 2 (fid=71) not available, trying Charger 0 (fid=6)",843.9172894642471,0,,
Car 381,,,,,3,switch,,"Charger 3 (fid=10) not available, trying Charger 5 (fid=59)",843.927972904225,5,,
Car 403,,,,65,,arrived,,arrived,843.9372505963638,,,
Car 382,,,,,4,switch,,"Charger 4 (fid=2) not available, trying Charger 1 (fid=40)",844.3404896220839,1,,
Car 364,,,,,,gave_up,6,"no alternate charger available, gave up",844.3544956037074,,,
Car 352,,,,,,gave_up,7,"no alternate charger available, gave up",844.4043959343483,,,
Car 398,,,,,3,switch,,"Charger 3 (fid=10) not available, trying Charger 1 (fid=40)",844.4319537623337,1,,
Car 371,,,,,1,switch,,"Charger 1 (fid=40) not available, trying Charger 5 (fid=59)",844.6019938796721,5,,
Car 399,,,,,2,switch,,"Charger 2 (fid=71) not available, trying Charger 0 (fid=6)",845.01444179151,0,,
Car 378,,,,,4,switch,,"Charger 4 (fid=2) not available, trying Charger 5 (fid=59)",845.1325324781593,5,,
Car 393,,,,,7,switch,,"Charger 7 (fid=4) not available, trying Charger 1 (fid=40)",845.6318890063443,1,,
Car 392,,,,,2,switch,,"Charger 2 (fid=71) not available, trying Charger 3 (fid=10)",845.6771949184184,3,,
Car 383,,,,,7,switch,,"Charger 7 (fid=4) not available, trying Charger 3 (fid=10)",846.1182493093909,3,,
Car 380,,,,,0,switch,,"Charger 0 (fid=6) not available, trying Charger 1 (fid=40)",846.3166037354115,1,,
Car 368,,,,,2,switch,,"Charger 2 (fid=71) not available, trying Charger 3 (fid=10)",846.3672122874561,3,,
Car 369,,,,,6,switch,,"Charger 6 (fid=64) not available, trying Charger 2 (fid=71)",846.4668463665776,2,,
Car 389,,,,,5,switch,,"Charger 5 (fid=59) not available, trying Charger 0 (fid=6)",847.1407764504314,0,,
Car 400,,,,,4,switch,,"Charger 4 (fid=2) not available, trying Charger 6 (fid=64)",847.1560300058113,6,,
Car 394,,,,,2,switch,,"Charger 2 (fid=71) not available, trying Charger 3 (fid=10)",847.6089046911959,3,,
Car 404,,,,63,,arrived,,arrived,847.6392487759672,,,
Car 384,,,,,7,switch,,"Charger 7 (fid=4) not available, trying Charger 3 (fid=10)",847.6974604650572,3,,
Car 366,,,,,2,switch,,"Charger 2 (fid=71) not available, trying Charger 7 (fid=4)",847.880610866669,7,,
Car 395,,,,,2,switch,,"Charger 2 (fid=71) not available, trying Charger 3 (fid=10)",847.8903194793277,3,,
Car 374,,,,,1,switch,,"Charger 1 (fid=40) not available, trying Charger 5 (fid=59)",848.1999348599697,5,,
Car 388,,,,,1,switch,,"Charger 1 (fid=40) not available, trying Charger 3 (fid=10)",848.2099864982902,3,,
Car 401,,,,,1,switch,,"Charger 1 (fid=40) not available, trying Charger 3 (fid=10)",848.3316227533796,3,,
Car 377,,,,,7,switch,,"Charger 7 (fid=4) not available, trying Charger 5 (fid=59)",848.4554154327923,5,,
Car 386,,,,,2,switch,,"Charger 2 (fid=71) not available, trying Charger 0 (fid=6)",848.6230679467693,0,,
Car 402,,,,,1,switch,,"Charger 1 (fid=40) not available, trying Charger 5 (fid=59)",848.7355255322734,5,,
Car 387,,,,,2,switch,,"Charger 2 (fid=71) not available, trying Charger 1 (fid=40)",848.7397914033456,1,,
Car 403,,,,,7,switch,,"Charger 7 (fid=4) not available, trying Charger 3 (fid=10)",848.9372505963638,3,,
Car 370,,,,,4,switch,,"Charger 4 (fid=2) not available, trying Charger 5 (fid=59)",849.0705434869276,5,,
Car 405,,,,45,,arrived,,arrived,849.0824263439872,,,
Car 396,,,,,0,switch,,"Charger 0 (fid=6) not available, trying Charger 1 (fid=40)",849.3863349734359,1,,
Car 385,,,,,3,switch,,"Charger 3 (fid=10) not available, trying Charger 0 (fid=6)",849.6309506610587,0,,
Car 376,,,,,3,switch,,"Charger 3 (fid=10) not available, trying Charger 4 (fid=2)",849.7870700430101,4,,
Car 397,,,,,7,switch,,"Charger 7 (fid=4) not available, trying Charger 1 (fid=40)",849.8073030260463,1,,
Car 379,,,,,0,switch,,"Charger 0 (fid=6) not available, trying Charger 2 (fid=71)",849.8338454925026,2,,
Car 391,,,,,0,switch,,"Charger 0 (fid=6) not available, trying Charger 6 (fid=64)",850.422014005871,6,,
Car 390,,,,,3,switch,,"Charger 3 (fid=10) not available, trying Charger 7 (fid=4)",850.5218841353449,7,,
Car 375,,,,,0,switch,,"Charger 0 (fid=6) not available, trying Charger 5 (fid=59)",850.5496366424021,5,,
Car 406,,,,34,,arrived,,arrived,850.9181353311726,,,
Car 399,,,,,0,switch,,"Charger 0 (fid=6) not available, trying Charger 3 (fid=10)",851.646788969665,3,,
Car 378,,,,,5,switch,,"Charger 5 (fid=59) not available, trying Charger 3 (fid=10)",851.6517558439955,3,,
Car 398,,,,,1,switch,,"Charger 1 (fid=40) not available, trying Charger 7 (fid=4)",851.8897714925326,7,,
Car 371,,,,,5,switch,,"Charger 5 (fid=59) not available, trying Charger 4 (fid=2)",852.1121849638481,4,,
Car 404,,,,,7,switch,,"Charger 7 (fid=4) not available, trying Charger 3 (fid=10)",852.6392487759672,3,,
Car 383,,,,,3,switch,,"Charger 3 (fid=10) not available, trying Charger 1 (fid=40)",852.8096560338747,1,,
Car 382,,,,,1,switch,,"Charger 1 (fid=40) not available, trying Charger 6 (fid=64)",853.1261738723002,6,,
Car 400,,,,,6,switch,,"Charger 6 (fid=64) not available, trying Charger 5 (fid=59)",853.4003552956797,5,,
Car 354,,,,,,gave_up,7,"no alternate charger available, gave up",853.4014158820737,,,
Car 380,,,,,1,switch,,"Charger 1 (fid=40) not available, trying Charger 2 (fid=71)",853.807140200479,2,,
Car 381,,,,,5,switch,,"Charger 5 (fid=59) not available, trying Charger 2 (fid=71)",853.812981231215,2,,
Car 405,,,,,1,switch,,"Charger 1 (fid=40) not available, trying Charger 0 (fid=6)",854.0824263439872,0,,
Car 392,,,,,3,switch,,"Charger 3 (fid=10) not available, trying Charger 0 (fid=6)",854.3022567987757,0,,
Car 384,,,,,3,switch,,"Charger 3 (fid=10) not available, trying Charger 1 (fid=40)",854.3888671895411,1,,
Car 393,,,,,1,switch,,"Charger 1 (fid=40) not available, trying Charger 2 (fid=71)",854.6277778668748,2,,
Car 368,,,,,3,switch,,"Charger 3 (fid=10) not available, trying Charger 7 (fid=4)",854.9922741678134,7,,
Car 389,,,,,0,switch,,"Charger 0 (fid=6) not available, trying Charger 1 (fid=40)",855.1441193576711,1,,
Car 386,,,,,0,switch,,"Charger 0 (fid=6) not available, trying Charger 1 (fid=40)",855.2554151249243,1,,
Car 407,,,,3,,arrived,,arrived,855.2675639090028,,,
Car 370,,,,,5,switch,,"Charger 5 (fid=59) not available, trying Charger 6 (fid=64)",855.5897668527638,6,,
Car 403,,,,,3,switch,,"Charger 3 (fid=10) not available, trying Charger 1 (fid=40)",855.6286573208477,1,,
Car 388,,,,,3,switch,,"Charger 3 (fid=10) not available, trying Charger 7 (fid=4)",855.6678042284891,7,,
Car 374,,,,,5,switch,,"Charger 5 (fid=59) not available, trying Charger 4 (fid=2)",855.7101259441457,4,,
Car 401,,,,,3,switch,,"Charger 3 (fid=10) not available, trying Charger 0 (fid=6)",855.7894404835786,0,,
Car 406,,,,,2,switch,,"Charger 2 (fid=71) not available, trying Charger 7 (fid=4)",855.9181353311726,7,,
Car 394,,,,,3,switch,,"Charger 3 (fid=10) not available, trying Charger 0 (fid=6)",856.2339665715532,0,,
Car 402,,,,,5,switch,,"Charger 5 (fid=59) not available, trying Charger 0 (fid=6)",856.2457166164494,0,,
Car 366,,,,,,gave_up,7,"no alternate charger available, gave up",856.4240869448247,,,
Car 379,,,,,2,switch,,"Charger 2 (fid=71) not available, trying Charger 5 (fid=59)",856.4661926706576,5,,
Car 395,,,,,3,switch,,"Charger 3 (fid=10) not available, trying Charger 0 (fid=6)",856.515381359685,0,,
Car 396,,,,,1,switch,,"Charger 1 (fid=40) not available, trying Charger 7 (fid=4)",856.8768714385034,7,,
Car 369,,,,,2,switch,,"Charger 2 (fid=71) not available, trying Charger 7 (fid=4)",857.1278020714433,7,,
Car 390,,,,,7,switch,,"Charger 7 (fid=4) not available, trying Charger 1 (fid=40)",857.2132908598287,1,,
Car 408,,,,17,,arrived,,arrived,857.2253003997135,,,
Car 387,,,,,1,switch,,"Charger 1 (fid=40) not available, trying Charger 0 (fid=6)",857.5374366330855,0,,
Car 385,,,,,0,switch,,"Charger 0 (fid=6) not available, trying Charger 1 (fid=40)",857.9804879936065,1,,
Car 409,,,,46,,arrived,,arrived,858.1682926889421,,,
Car 375,,,,,5,switch,,"Charger 5 (fid=59) not available, trying Charger 4 (fid=2)",858.5529795496418,4,,
Car 371,,,,,4,switch,,"Charger 4 (fid=2) not available, trying Charger 6 (fid=64)",858.6314083296843,6,,
Car 397,,,,,1,switch,,"Charger 1 (fid=40) not available, trying Charger 2 (fid=71)",858.8031918865768,2,,
Car 404,,,,,3,switch,,"Charger 3 (fid=10) not available, trying Charger 1 (fid=40)",859.330655500451,1,,
Car 391,,,,,6,switch,,"Charger 6 (fid=64) not available, trying Charger 1 (fid=40)",859.51851010606,1,,
Car 377,,,,,5,switch,,"Charger 5 (fid=59) not available, trying Charger 4 (fid=2)",859.6943926683166,4,,
Car 400,,,,,5,switch,,"Charger 5 (fid=59) not available, trying Charger 0 (fid=6)",859.7550094266215,0,,
Car 399,,,,,3,switch,,"Charger 3 (fid=10) not available, trying Charger 1 (fid=40)",859.9963263022128,1,,
Car 383,,,,,1,switch,,"Charger 1 (fid=40) not available, trying Charger 5 (fid=59)",860.2674737640737,5,,
Car 407,,,,,1,switch,,"Charger 1 (fid=40) not available, trying Charger 5 (fid=59)",860.2675639090028,5,,
Car 376,,,,,4,switch,,"Charger 4 (fid=2) not available, trying Charger 5 (fid=59)",860.7333008926939,5,,
Car 398,,,,,7,switch,,"Charger 7 (fid=4) not available, trying Charger 0 (fid=6)",860.8856603530631,0,,
Car 378,,,,,3,switch,,"Charger 3 (fid=10) not available, trying Charger 7 (fid=4)",861.5367641709854,7,,
Car 405,,,,,0,switch,,"Charger 0 (fid=6) not available, trying Charger 3 (fid=10)",861.5729628090547,3,,
Car 368,,,,,,gave_up,7,"no alternate charger available, gave up",861.6836808922973,,,
Car 384,,,,,1,switch,,"Charger 1 (fid=40) not available, trying Charger 5 (fid=59)",861.84668491974,5,,
Car 370,,,,,,gave_up,6,"no alternate charger available, gave up",861.9444209837056,,,
Car 382,,,,,6,switch,,"Charger 6 (fid=64) not available, trying Charger 2 (fid=71)",861.9788499304962,2,,
Car 408,,,,,2,switch,,"Charger 2 (fid=71) not available, trying Charger 7 (fid=4)",862.2253003997135,7,,
Car 374,,,,,4,switch,,"Charger 4 (fid=2) not available, trying Charger 6 (fid=64)",862.2293493099819,6,,
Car 388,,,,,7,switch,,"Charger 7 (fid=4) not available, trying Charger 4 (fid=2)",862.359210952973,4,,
Car 380,,,,,2,switch,,"Charger 2 (fid=71) not available, trying Charger 3 (fid=10)",862.6047854302188,3,,
Car 389,,,,,1,switch,,"Charger 1 (fid=40) not available, trying Charger 2 (fid=71)",862.6346558227386,2,,
Car 392,,,,,0,switch,,"Charger 0 (fid=6) not available, trying Charger 1 (fid=40)",862.6517941313235,1,,
Car 386,,,,,1,switch,,"Charger 1 (fid=40) not available, trying Charger 5 (fid=59)",862.7459515899918,5,,
Car 403,,,,,1,switch,,"Charger 1 (fid=40) not available, trying Charger 2 (fid=71)",863.0864750510466,2,,
Car 409,,,,,7,switch,,"Charger 7 (fid=4) not available, trying Charger 2 (fid=71)",863.1682926889421,2,,
Car 410,,,,25,,arrived,,arrived,863.2009803319942,,,
Car 393,,,,,2,switch,,"Charger 2 (fid=71) not available, trying Charger 0 (fid=6)",863.4254230966146,0,,
Car 381,,,,,2,switch,,"Charger 2 (fid=71) not available, trying Charger 4 (fid=2)",863.441907810838,4,,
Car 401,,,,,0,switch,,"Charger 0 (fid=6) not available, trying Charger 5 (fid=59)",864.1389778161264,5,,
Car 402,,,,,0,switch,,"Charger 0 (fid=6) not available, trying Charger 6 (fid=64)",864.2490595236891,6,,
Car 406,,,,,7,switch,,"Charger 7 (fid=4) not available, trying Charger 3 (fid=10)",864.4616114093283,3,,
Car 411,,,,25,,arrived,,arrived,864.4843900430916,,,
Car 394,,,,,0,switch,,"Charger 0 (fid=6) not available, trying Charger 1 (fid=40)",864.583503904101,1,,
Car 412,,,,53,,arrived,,arrived,864.6684117772489,,,
Car 395,,,,,0,switch,,"Charger 0 (fid=6) not available, trying Charger 1 (fid=40)",864.8649186922328,1,,
Car 371,,,,,,gave_up,6,"no alternate charger available, gave up",864.8757336195526,,,
Car 387,,,,,0,switch,,"Charger 0 (fid=6) not available, trying Charger 5 (fid=59)",865.027973098153,5,,
Car 413,,,,68,,arrived,,arrived,865.0719626877776,,,
Car 375,,,,,4,switch,,"Charger 4 (fid=2) not available, trying Charger 6 (fid=64)",865.072202915478,6,,
Car 385,,,,,1,switch,,"Charger 1 (fid=40) not available, trying Charger 5 (fid=59)",865.471024458674,5,,
Car 369,,,,,,gave_up,7,"no alternate charger available, gave up",865.671278149599,,,
Car 396,,,,,7,switch,,"Charger 7 (fid=4) not available, trying Charger 3 (fid=10)",865.8727602990339,3,,
Car 379,,,,,5,switch,,"Charger 5 (fid=59) not available, trying Charger 4 (fid=2)",866.0951192502806,4,,
Car 390,,,,,1,switch,,"Charger 1 (fid=40) not available, trying Charger 5 (fid=59)",866.2091797203592,5,,
Car 377,,,,,4,switch,,"Charger 4 (fid=2) not available, trying Charger 6 (fid=64)",866.2136160341528,6,,
Car 404,,,,,1,switch,,"Charger 1 (fid=40) not available, trying Charger 2 (fid=71)",866.78847323065,2,,
Car 373,53.0,59,5,,,done,,done charging,867.247752065989,,,102.56611277609268
Car 376,,59,5,,,start_charge,,starting to charge at Charger 5 (fid=59),867.247752065989,,34.99522780745883,
Car 399,,,,,1,switch,,"Charger 1 (fid=40) not available, trying Charger 7 (fid=4)",867.4541440324117,7,,
Car 397,,,,,2,switch,,"Charger 2 (fid=71) not available, trying Charger 0 (fid=6)",867.6008371163166,0,,
Car 400,,,,,0,switch,,"Charger 0 (fid=6) not available, trying Charger 1 (fid=40)",867.7583523338612,1,,
Car 383,,,,,5,switch,,"Charger 5 (fid=59) not available, trying Charger 4 (fid=2)",867.7776648482496,4,,
Car 407,,,,,5,switch,,"Charger 5 (fid=59) not available, trying Charger 0 (fid=6)",867.7777549931787,0,,
Car 410,,,,,7,switch,,"Charger 7 (fid=4) not available, trying Charger 2 (fid=71)",868.2009803319942,2,,
Car 378,,,,,7,switch,,"Charger 7 (fid=4) not available, trying Charger 6 (fid=64)",868.2281708954692,6,,
Car 391,,,,,1,switch,,"Charger 1 (fid=40) not available, trying Charger 2 (fid=71)",868.371186164256,2,,
Car 374,,,,,,gave_up,6,"no alternate charger available, gave up",868.4736745998503,,,
Car 345,49.0,4,7,,,done,,done charging,869.1735520471477,,,435.2911324125605
Car 411,,4,7,,,start_charge,,starting to charge at Charger 7 (fid=4),869.1735520471477,,4.689162004056129,
Car 384,,,,,5,switch,,"Charger 5 (fid=59) not available, trying Charger 4 (fid=2)",869.356876003916,4,,
Car 414,,,,50,,arrived,,arrived,869.5098575457758,,,
Car 412,,,,,5,switch,,"Charger 5 (fid=59) not available, trying Charger 1 (fid=40)",869.6684117772489,1,,
Car 398,,,,,0,switch,,"Charger 0 (fid=6) not available, trying Charger 2 (fid=71)",869.9007795486161,2,,
Car 405,,,,,3,switch,,"Charger 3 (fid=10) not available, trying Charger 2 (fid=71)",869.9225001416025,2,,
Car 393,,,,,0,switch,,"Charger 0 (fid=6) not available, trying Charger 5 (fid=59)",870.0577702747696,5,,
Car 413,,,,,2,switch,,"Charger 2 (fid=71) not available, trying Charger 0 (fid=6)",870.0719626877776,0,,
Car 392,,,,,1,switch,,"Charger 1 (fid=40) not available, trying Charger 5 (fid=59)",870.142330596391,5,,
Car 386,,,,,5,switch,,"Charger 5 (fid=59) not available, trying Charger 4 (fid=2)",870.2561426741678,4,,
Car 415,,,,115,,arrived,,arrived,870.4114672110677,,,
Car 408,,,,,7,switch,,"Charger 7 (fid=4) not available, trying Charger 0 (fid=6)",870.7687764778692,0,,
Car 406,,,,,3,switch,,"Charger 3 (fid=10) not available, trying Charger 0 (fid=6)",871.1530181338121,0,,
Car 380,,,,,3,switch,,"Charger 3 (fid=10) not available, trying Charger 7 (fid=4)",871.2298473105761,7,,
Car 375,,,,,,gave_up,6,"no alternate charger available, gave up",871.3165282053463,,,
Car 389,,,,,2,switch,,"Charger 2 (fid=71) not available, trying Charger 3 (fid=10)",871.4323010524785,3,,
Car 344,66.0,2,4,,,done,,done charging,871.5423433087699,,,605.4633179656701
Car 379,,2,4,,,start_charge,,starting to charge at Charger 4 (fid=2),871.5423433087699,,33.928000692653086,
Car 409,,,,,2,switch,,"Charger 2 (fid=71) not available, trying Charger 3 (fid=10)",871.7117687670977,3,,
Car 403,,,,,2,switch,,"Charger 2 (fid=71) not available, trying Charger 0 (fid=6)",871.8841202807864,0,,
Car 394,,,,,1,switch,,"Charger 1 (fid=40) not available, trying Charger 5 (fid=59)",872.0740403691685,5,,
Car 401,,,,,5,switch,,"Charger 5 (fid=59) not available, trying Charger 4 (fid=2)",872.1423207233661,4,,
Car 395,,,,,1,switch,,"Charger 1 (fid=40) not available, trying Charger 5 (fid=59)",872.3554551573003,5,,
Car 377,,,,,,gave_up,6,"no alternate charger available, gave up",872.4579413240211,,,
Car 396,,,,,3,switch,,"Charger 3 (fid=10) not available, trying Charger 4 (fid=2)",872.5641670235177,4,,
Car 382,,,,,2,switch,,"Charger 2 (fid=71) not available, trying Charger 3 (fid=10)",872.6398056353619,3,,
Car 367,58.0,10,3,,,done,,done charging,872.8524181075742,,,285.06217461106274
Car 385,,,,,5,switch,,"Charger 5 (fid=59) not available, trying Charger 4 (fid=2)",872.98121554285,4,,
Car 387,,,,,5,switch,,"Charger 5 (fid=59) not available, trying Charger 4 (fid=2)",873.0313160053927,4,,
Car 381,,,,,4,switch,,"Charger 4 (fid=2) not available, trying Charger 7 (fid=4)",873.1486276611001,7,,
Car 402,,,,,6,switch,,"Charger 6 (fid=64) not available, trying Charger 3 (fid=10)",873.3455556238781,3,,
Car 390,,,,,5,switch,,"Charger 5 (fid=59) not available, trying Charger 4 (fid=2)",873.7193708045352,4,,
Car 397,,,,,0,switch,,"Charger 0 (fid=6) not available, trying Charger 5 (fid=59)",874.2331842944716,5,,
Car 383,,,,,4,switch,,"Charger 4 (fid=2) not available, trying Charger 6 (fid=64)",874.2968882140858,6,,
Car 388,,,,,4,switch,,"Charger 4 (fid=2) not available, trying Charger 5 (fid=59)",874.4334574658457,5,,
Car 414,,,,,1,switch,,"Charger 1 (fid=40) not available, trying Charger 5 (fid=59)",874.5098575457758,5,,
Car 389,,10,3,,,start_charge,,starting to charge at Charger 3 (fid=10),875.0573629328358,,30.0,
Car 400,,,,,1,switch,,"Charger 1 (fid=40) not available, trying Charger 2 (fid=71)",875.2488887989288,2,,
Car 415,,,,,2,switch,,"Charger 2 (fid=71) not available, trying Charger 0 (fid=6)",875.4114672110677,0,,
Car 404,,,,,2,switch,,"Charger 2 (fid=71) not available, trying Charger 0 (fid=6)",875.5861184603898,0,,
Car 407,,,,,0,switch,,"Charger 0 (fid=6) not available, trying Charger 6 (fid=64)",875.7810979004184,6,,
Car 384,,,,,4,switch,,"Charger 4 (fid=2) not available, trying Charger 6 (fid=64)",875.8760993697522,6,,
Car 399,,,,,7,switch,,"Charger 7 (fid=4) not available, trying Charger 5 (fid=59)",876.4500328929422,5,,
Car 398,,,,,2,switch,,"Charger 2 (fid=71) not available, trying Charger 5 (fid=59)",876.5331267267711,5,,
Car 413,,,,,0,switch,,"Charger 0 (fid=6) not available, trying Charger 7 (fid=4)",876.7043098659326,7,,
Car 416,,,,83,,arrived,,arrived,876.7062518594915,,,
Car 410,,,,,2,switch,,"Charger 2 (fid=71) not available, trying Charger 3 (fid=10)",876.7444564101498,3,,
Car 386,,,,,4,switch,,"Charger 4 (fid=2) not available, trying Charger 6 (fid=64)",876.775366040004,6,,
Car 391,,,,,2,switch,,"Charger 2 (fid=71) not available, trying Charger 3 (fid=10)",877.1688313939958,3,,
Car 412,,,,,1,switch,,"Charger 1 (fid=40) not available, trying Charger 6 (fid=64)",877.1786028614249,6,,
Car 392,,,,,5,switch,,"Charger 5 (fid=59) not available, trying Charger 4 (fid=2)",877.652521680567,4,,
Car 380,,,,,,gave_up,7,"no alternate charger available, gave up",877.92125403506,,,
Car 393,,,,,5,switch,,"Charger 5 (fid=59) not available, trying Charger 4 (fid=2)",878.0611131820093,4,,
Car 417,,,,67,,arrived,,arrived,878.459091753747,,,
Car 403,,,,,0,switch,,"Charger 0 (fid=6) not available, trying Charger 5 (fid=59)",878.5164674589414,5,,
Car 405,,,,,2,switch,,"Charger 2 (fid=71) not available, trying Charger 7 (fid=4)",878.5475620219598,7,,
Car 401,,,,,4,switch,,"Charger 4 (fid=2) not available, trying Charger 2 (fid=71)",878.6615440892023,2,,
Car 418,,,,35,,arrived,,arrived,879.419073113168,,,
Car 385,,,,,4,switch,,"Charger 4 (fid=2) not available, trying Charger 6 (fid=64)",879.5004389086862,6,,
Car 406,,,,,0,switch,,"Charger 0 (fid=6) not available, trying Charger 1 (fid=40)",879.5025554663599,1,,
Car 387,,,,,4,switch,,"Charger 4 (fid=2) not available, trying Charger 6 (fid=64)",879.5505393712289,6,,
Car 394,,,,,5,switch,,"Charger 5 (fid=59) not available, trying Charger 4 (fid=2)",879.5842314533445,4,,
Car 408,,,,,0,switch,,"Charger 0 (fid=6) not available, trying Charger 3 (fid=10)",879.7838956734222,3,,
Car 395,,,,,5,switch,,"Charger 5 (fid=59) not available, trying Charger 4 (fid=2)",879.8656462414763,4,,
Car 390,,,,,4,switch,,"Charger 4 (fid=2) not available, trying Charger 6 (fid=64)",880.2385941703714,6,,
Car 409,,,,,3,switch,,"Charger 3 (fid=10) not available, trying Charger 0 (fid=6)",880.336830647455,0,,
Car 419,,,,35,,arrived,,arrived,880.4126285159721,,,
Car 383,,,,,,gave_up,6,"no alternate charger available, gave up",880.5412135039542,,,
Car 378,,,,,,gave_up,6,"no alternate charger available, gave up",880.7998910346533,,,
Car 388,,,,,5,switch,,"Charger 5 (fid=59) not available, trying Charger 6 (fid=64)",880.9526808316818,6,,
Car 382,,,,,3,switch,,"Charger 3 (fid=10) not available, trying Charger 7 (fid=4)",881.2648675157192,7,,
Car 416,,,,,4,switch,,"Charger 4 (fid=2) not available, trying Charger 6 (fid=64)",881.7062518594915,6,,
Car 414,,,,,5,switch,,"Charger 5 (fid=59) not available, trying Charger 0 (fid=6)",882.0200486299518,0,,
Car 415,,,,,0,switch,,"Charger 0 (fid=6) not available, trying Charger 7 (fid=4)",882.0438143892227,7,,
Car 384,,,,,,gave_up,6,"no alternate charger available, gave up",882.1204246596205,,,
Car 404,,,,,0,switch,,"Charger 0 (fid=6) not available, trying Charger 5 (fid=59)",882.2184656385448,5,,
Car 397,,,,,5,switch,,"Charger 5 (fid=59) not available, trying Charger 4 (fid=2)",882.2365272017113,4,,
Car 386,,,,,,gave_up,6,"no alternate charger available, gave up",883.0196913298723,,,
Car 420,,,,8,,arrived,,arrived,883.0313247807113,,,
Car 417,,,,,2,switch,,"Charger 2 (fid=71) not available, trying Charger 7 (fid=4)",883.459091753747,7,,
Car 396,,,,,4,switch,,"Charger 4 (fid=2) not available, trying Charger 5 (fid=59)",883.5103978732016,5,,
Car 400,,,,,2,switch,,"Charger 2 (fid=71) not available, trying Charger 3 (fid=10)",884.0465340286686,3,,
Car 392,,,,,4,switch,,"Charger 4 (fid=2) not available, trying Charger 6 (fid=64)",884.1717450464032,6,,
Car 418,,,,,2,switch,,"Charger 2 (fid=71) not available, trying Charger 0 (fid=6)",884.419073113168,0,,
Car 393,,,,,4,switch,,"Charger 4 (fid=2) not available, trying Charger 6 (fid=64)",884.5803365478455,6,,
Car 402,,,,,3,switch,,"Charger 3 (fid=10) not available, trying Charger 4 (fid=2)",884.5851030519979,4,,
Car 407,,,,,6,switch,,"Charger 6 (fid=64) not available, trying Charger 3 (fid=10)",884.8775940006075,3,,
Car 381,,,,,7,switch,,"Charger 7 (fid=4) not available, trying Charger 6 (fid=64)",885.2228741739729,6,,
Car 410,,,,,3,switch,,"Charger 3 (fid=10) not available, trying Charger 0 (fid=6)",885.3695182905071,0,,
Car 419,,,,,2,switch,,"Charger 2 (fid=71) not available, trying Charger 0 (fid=6)",885.4126285159721,0,,
Car 413,,,,,7,switch,,"Charger 7 (fid=4) not available, trying Charger 3 (fid=10)",885.7194290614856,3,,
Car 385,,,,,,gave_up,6,"no alternate charger available, gave up",885.7447641985545,,,
Car 391,,,,,3,switch,,"Charger 3 (fid=10) not available, trying Charger 7 (fid=4)",885.7938932743531,7,,
Car 387,,,,,,gave_up,6,"no alternate charger available, gave up",885.7948646610972,,,
Car 412,,,,,6,switch,,"Charger 6 (fid=64) not available, trying Charger 4 (fid=2)",886.0312789196208,4,,
Car 394,,,,,4,switch,,"Charger 4 (fid=2) not available, trying Charger 6 (fid=64)",886.1034548191807,6,,
Car 398,,,,,5,switch,,"Charger 5 (fid=59) not available, trying Charger 4 (fid=2)",886.1620533063941,4,,
Car 395,,,,,4,switch,,"Charger 4 (fid=2) not available, trying Charger 6 (fid=64)",886.3848696073125,6,,
Car 390,,,,,,gave_up,6,"no alternate charger available, gave up",886.4829194602397,,,
Car 403,,,,,5,switch,,"Charger 5 (fid=59) not available, trying Charger 4 (fid=2)",886.5198103661811,4,,
Car 362,93.0,4,7,,,done,,done charging,886.5948824163274,,,188.56300797880093
Car 405,,4,7,,,start_charge,,starting to charge at Charger 7 (fid=4),886.5948824163274,,24.50384431621194,
Car 406,,,,,1,switch,,"Charger 1 (fid=40) not available, trying Charger 5 (fid=59)",886.9930919314274,5,,
Car 388,,,,,,gave_up,6,"no alternate charger available, gave up",887.3073349626237,,,
Car 399,,,,,5,switch,,"Charger 5 (fid=59) not available, trying Charger 4 (fid=2)",887.6890101284665,4,,
Car 421,,,,40,,arrived,,arrived,887.8835682662495,,,
Car 416,,,,,6,switch,,"Charger 6 (fid=64) not available, trying Charger 5 (fid=59)",887.9505771493599,5,,
Car 382,,,,,,gave_up,7,"no alternate charger available, gave up",887.956274240203,,,
Car 420,,,,,3,switch,,"Charger 3 (fid=10) not available, trying Charger 7 (fid=4)",888.0313247807113,7,,
Car 408,,,,,3,switch,,"Charger 3 (fid=10) not available, trying Charger 1 (fid=40)",888.13343300597,1,,
Car 401,,,,,2,switch,,"Charger 2 (fid=71) not available, trying Charger 6 (fid=64)",888.3682639394644,6,,
Car 422,,,,82,,arrived,,arrived,888.6022520290372,,,
Car 409,,,,,0,switch,,"Charger 0 (fid=6) not available, trying Charger 1 (fid=40)",888.6863679800028,1,,
Car 397,,,,,4,switch,,"Charger 4 (fid=2) not available, trying Charger 6 (fid=64)",888.7557505675475,6,,
Car 423,,,,116,,arrived,,arrived,889.7964411977043,,,
Car 414,,,,,0,switch,,"Charger 0 (fid=6) not available, trying Charger 3 (fid=10)",890.0233915371915,3,,
Car 396,,,,,5,switch,,"Charger 5 (fid=59) not available, trying Charger 6 (fid=64)",890.0296212390377,6,,
Car 404,,,,,5,switch,,"Charger 5 (fid=59) not available, trying Charger 4 (fid=2)",890.2218085457845,4,,
Car 392,,,,,,gave_up,6,"no alternate charger available, gave up",890.4160703362716,,,
Car 393,,,,,,gave_up,6,"no alternate charger available, gave up",890.8246618377138,,,
Car 418,,,,,0,switch,,"Charger 0 (fid=6) not available, trying Charger 1 (fid=40)",891.051420291323,1,,
Car 415,,,,,7,switch,,"Charger 7 (fid=4) not available, trying Charger 1 (fid=40)",891.0589335847757,1,,
Car 424,,,,77,,arrived,,arrived,891.078996448864,,,
Car 425,,,,8,,arrived,,arrived,891.5930053272878,,,
Car 426,,,,73,,arrived,,arrived,891.799510986492,,,
Car 417,,,,,7,switch,,"Charger 7 (fid=4) not available, trying Charger 0 (fid=6)",892.0025678319026,0,,
Car 419,,,,,0,switch,,"Charger 0 (fid=6) not available, trying Charger 1 (fid=40)",892.0449756941271,1,,
Car 412,,,,,4,switch,,"Charger 4 (fid=2) not available, trying Charger 0 (fid=6)",892.2756042094892,0,,
Car 394,,,,,,gave_up,6,"no alternate charger available, gave up",892.347780109049,,,
Car 413,,,,,3,switch,,"Charger 3 (fid=10) not available, trying Charger 1 (fid=40)",892.4108357859694,1,,
Car 391,,,,,,gave_up,7,"no alternate charger available, gave up",892.4852999988369,,,
Car 395,,,,,,gave_up,6,"no alternate charger available, gave up",892.6291948971808,,,
Car 400,,,,,3,switch,,"Charger 3 (fid=10) not available, trying Charger 7 (fid=4)",892.6715959090259,7,,
Car 398,,,,,4,switch,,"Charger 4 (fid=2) not available, trying Charger 6 (fid=64)",892.6812766722303,6,,
Car 421,,,,,1,switch,,"Charger 1 (fid=40) not available, trying Charger 3 (fid=10)",892.8835682662495,3,,
Car 403,,,,,4,switch,,"Charger 4 (fid=2) not available, trying Charger 6 (fid=64)",893.0390337320173,6,,
Car 372,63.0,10,3,,,done,,done charging,893.5918798729733,,,281.47425067490815
Car 407,,10,3,,,start_charge,,starting to charge at Charger 3 (fid=10),893.5918798729733,,22.4747384442461,
Car 422,,,,,4,switch,,"Charger 4 (fid=2) not available, trying Charger 6 (fid=64)",893.6022520290372,6,,
Car 410,,,,,0,switch,,"Charger 0 (fid=6) not available, trying Charger 1 (fid=40)",893.7190556230549,1,,
Car 399,,,,,4,switch,,"Charger 4 (fid=2) not available, trying Charger 6 (fid=64)",894.2082334943027,6,,
Car 416,,,,,5,switch,,"Charger 5 (fid=59) not available, trying Charger 0 (fid=6)",894.3052312803018,0,,
Car 406,,,,,5,switch,,"Charger 5 (fid=59) not available, trying Charger 4 (fid=2)",894.5032830156034,4,,
Car 420,,,,,7,switch,,"Charger 7 (fid=4) not available, trying Charger 1 (fid=40)",894.7227315051952,1,,
Car 423,,,,,0,switch,,"Charger 0 (fid=6) not available, trying Charger 2 (fid=71)",894.7964411977043,2,,
Car 397,,,,,,gave_up,6,"no alternate charger available, gave up",895.0000758574158,,,
Car 402,,,,,4,switch,,"Charger 4 (fid=2) not available, trying Charger 2 (fid=71)",895.5313339016817,2,,
Car 408,,,,,1,switch,,"Charger 1 (fid=40) not available, trying Charger 5 (fid=59)",895.591250736169,5,,
Car 424,,,,,1,switch,,"Charger 1 (fid=40) not available, trying Charger 0 (fid=6)",896.078996448864,0,,
Car 409,,,,,1,switch,,"Charger 1 (fid=40) not available, trying Charger 5 (fid=59)",896.1769044450704,5,,
Car 396,,,,,,gave_up,6,"no alternate charger available, gave up",896.3842753699796,,,
Car 427,,,,9,,arrived,,arrived,896.5768212787898,,,
Car 425,,,,,3,switch,,"Charger 3 (fid=10) not available, trying Charger 7 (fid=4)",896.5930053272878,7,,
Car 404,,,,,4,switch,,"Charger 4 (fid=2) not available, trying Charger 6 (fid=64)",896.7410319116207,6,,
Car 426,,,,,3,switch,,"Charger 3 (fid=10) not available, trying Charger 7 (fid=4)",896.799510986492,7,,
Car 381,,,,,,gave_up,6,"no alternate charger available, gave up",897.794594313157,,,
Car 414,,,,,3,switch,,"Charger 3 (fid=10) not available, trying Charger 4 (fid=2)",898.3729288697393,4,,
Car 418,,,,,1,switch,,"Charger 1 (fid=40) not available, trying Charger 3 (fid=10)",898.5419567563905,3,,
Car 398,,,,,,gave_up,6,"no alternate charger available, gave up",898.9256019620987,,,
Car 401,,,,,6,switch,,"Charger 6 (fid=64) not available, trying Charger 7 (fid=4)",899.0292196443302,7,,
Car 355,66.0,64,6,,,done,,done charging,899.0394062565756,,,630.7242875940341
Car 403,,64,6,,,start_charge,,starting to charge at Charger 6 (fid=64),899.0394062565756,,39.75604723468996,
Car 428,,,,4,,arrived,,arrived,899.202355453121,,,
Car 400,,,,,,gave_up,7,"no alternate charger available, gave up",899.3630026335097,,,
Car 419,,,,,1,switch,,"Charger 1 (fid=40) not available, trying Charger 3 (fid=10)",899.5355121591946,3,,
Car 422,,,,,6,switch,,"Charger 6 (fid=64) not available, trying Charger 5 (fid=59)",899.8465773189056,5,,
Car 413,,,,,1,switch,,"Charger 1 (fid=40) not available, trying Charger 5 (fid=59)",899.8686535161684,5,,
Car 415,,,,,1,switch,,"Charger 1 (fid=40) not available, trying Charger 3 (fid=10)",900.0548224453062,3,,
Car 421,,,,,3,switch,,"Charger 3 (fid=10) not available, trying Charger 0 (fid=6)",900.3413859964485,0,,
Car 399,,,,,,gave_up,6,"no alternate charger available, gave up",900.4525587841711,,,
Car 412,,,,,0,switch,,"Charger 0 (fid=6) not available, trying Charger 3 (fid=10)",900.5411137079795,3,,
Car 417,,,,,0,switch,,"Charger 0 (fid=6) not available, trying Charger 3 (fid=10)",901.0176870274556,3,,
Car 406,,,,,4,switch,,"Charger 4 (fid=2) not available, trying Charger 6 (fid=64)",901.0225063814396,6,,
Car 410,,,,,1,switch,,"Charger 1 (fid=40) not available, trying Charger 5 (fid=59)",901.2095920881225,5,,
Car 423,,,,,2,switch,,"Charger 2 (fid=71) not available, trying Charger 4 (fid=2)",901.4287883758593,4,,
Car 427,,,,,3,switch,,"Charger 3 (fid=10) not available, trying Charger 1 (fid=40)",901.5768212787898,1,,
Car 429,,,,1,,arrived,,arrived,901.9479277424366,,,
Car 416,,,,,0,switch,,"Charger 0 (fid=6) not available, trying Charger 2 (fid=71)",902.3085741875415,2,,
Car 430,,,,1,,arrived,,arrived,902.8219749487105,,,
Car 404,,,,,,gave_up,6,"no alternate charger available, gave up",902.985357201489,,,
Car 408,,,,,5,switch,,"Charger 5 (fid=59) not available, trying Charger 4 (fid=2)",903.1014418203449,4,,
Car 425,,,,,7,switch,,"Charger 7 (fid=4) not available, trying Charger 1 (fid=40)",903.2844120517716,1,,
Car 426,,,,,7,switch,,"Charger 7 (fid=4) not available, trying Charger 1 (fid=40)",903.4909177109759,1,,
Car 424,,,,,0,switch,,"Charger 0 (fid=6) not available, trying Charger 5 (fid=59)",903.5695329139315,5,,
Car 409,,,,,5,switch,,"Charger 5 (fid=59) not available, trying Charger 4 (fid=2)",903.6870955292463,4,,
Car 420,,,,,1,switch,,"Charger 1 (fid=40) not available, trying Charger 2 (fid=71)",903.7186203657257,2,,
Car 428,,,,,0,switch,,"Charger 0 (fid=6) not available, trying Charger 1 (fid=40)",904.202355453121,1,,
Car 402,,,,,2,switch,,"Charger 2 (fid=71) not available, trying Charger 7 (fid=4)",905.2380537519439,7,,
Car 357,71.0,2,4,,,done,,done charging,905.6510478823132,,,339.76482767055217
Car 414,,2,4,,,start_charge,,starting to charge at Charger 4 (fid=2),905.6510478823132,,21.33188816288998,
Car 418,,,,,3,switch,,"Charger 3 (fid=10) not available, trying Charger 7 (fid=4)",905.9997744865894,7,,
Car 422,,,,,5,switch,,"Charger 5 (fid=59) not available, trying Charger 0 (fid=6)",906.2012314498475,0,,
Car 431,,,,82,,arrived,,arrived,906.3175694793819,,,
Car 429,,,,,0,switch,,"Charger 0 (fid=6) not available, trying Charger 5 (fid=59)",906.9479277424366,5,,
Car 419,,,,,3,switch,,"Charger 3 (fid=10) not available, trying Charger 7 (fid=4)",906.9933298893935,7,,
Car 406,,,,,,gave_up,6,"no alternate charger available, gave up",907.266831671308,,,
Car 413,,,,,5,switch,,"Charger 5 (fid=59) not available, trying Charger 4 (fid=2)",907.3788446003443,4,,
Car 432,,,,8,,arrived,,arrived,907.4594275516952,,,
Car 415,,,,,3,switch,,"Charger 3 (fid=10) not available, trying Charger 4 (fid=2)",907.5126401755051,4,,
Car 433,,,,18,,arrived,,arrived,907.6265474968266,,,
Car 430,,,,,0,switch,,"Charger 0 (fid=6) not available, trying Charger 5 (fid=59)",907.8219749487105,5,,
Car 348,102.0,40,1,,,done,,done charging,908.050310127227,,,269.3786136815586
Car 427,,40,1,,,start_charge,,starting to charge at Charger 1 (fid=40),908.050310127227,,9.015671118238288,
Car 421,,,,,0,switch,,"Charger 0 (fid=6) not available, trying Charger 5 (fid=59)",908.6909233289963,5,,
Car 410,,,,,5,switch,,"Charger 5 (fid=59) not available, trying Charger 4 (fid=2)",908.7197831722984,4,,
Car 412,,,,,3,switch,,"Charger 3 (fid=10) not available, trying Charger 2 (fid=71)",908.8906510405274,2,,
Car 416,,,,,2,switch,,"Charger 2 (fid=71) not available, trying Charger 1 (fid=40)",908.9409213656965,1,,
Car 434,,,,54,,arrived,,arrived,909.0820652336902,,,
Car 417,,,,,3,switch,,"Charger 3 (fid=10) not available, trying Charger 1 (fid=40)",909.3672243600034,1,,
Car 408,,,,,4,switch,,"Charger 4 (fid=2) not available, trying Charger 6 (fid=64)",909.6206651861811,6,,
Car 409,,,,,4,switch,,"Charger 4 (fid=2) not available, trying Charger 6 (fid=64)",910.2063188950825,6,,
Car 423,,,,,4,switch,,"Charger 4 (fid=2) not available, trying Charger 5 (fid=59)",911.1355082261215,5,,
Car 431,,,,,4,switch,,"Charger 4 (fid=2) not available, trying Charger 6 (fid=64)",911.3175694793819,6,,
Car 424,,,,,5,switch,,"Charger 5 (fid=59) not available, trying Charger 3 (fid=10)",911.5728758211712,3,,
Car 401,,,,,,gave_up,7,"no alternate charger available, gave up",911.6009397835143,,,
Car 428,,,,,1,switch,,"Charger 1 (fid=40) not available, trying Charger 5 (fid=59)",911.6928919181885,5,,
Car 425,,,,,1,switch,,"Charger 1 (fid=40) not available, trying Charger 2 (fid=71)",912.2803009123021,2,,
Car 432,,,,,3,switch,,"Charger 3 (fid=10) not available, trying Charger 7 (fid=4)",912.4594275516952,7,,
Car 426,,,,,1,switch,,"Charger 1 (fid=40) not available, trying Charger 2 (fid=71)",912.4868065715063,2,,
Car 420,,,,,2,switch,,"Charger 2 (fid=71) not available, trying Charger 0 (fid=6)",912.5162655954655,0,,
Car 433,,,,,2,switch,,"Charger 2 (fid=71) not available, trying Charger 0 (fid=6)",912.6265474968266,0,,
Car 418,,,,,7,switch,,"Charger 7 (fid=4) not available, trying Charger 5 (fid=59)",912.6911812110733,5,,
Car 353,110.0,6,0,,,done,,done charging,913.6829916153954,,,430.3006136098525
Car 422,,6,0,,,start_charge,,starting to charge at Charger 0 (fid=6),913.6829916153954,,19.47841725830824,
Car 419,,,,,7,switch,,"Charger 7 (fid=4) not available, trying Charger 5 (fid=59)",913.6847366138774,5,,
Car 402,,,,,,gave_up,7,"no alternate charger available, gave up",913.7815298300995,,,
Car 413,,,,,4,switch,,"Charger 4 (fid=2) not available, trying Charger 6 (fid=64)",913.8980679661805,6,,
Car 434,,,,,2,switch,,"Charger 2 (fid=71) not available, trying Charger 0 (fid=6)",914.0820652336902,0,,
Car 429,,,,,5,switch,,"Charger 5 (fid=59) not available, trying Charger 4 (fid=2)",914.9512706496763,4,,
Car 410,,,,,4,switch,,"Charger 4 (fid=2) not available, trying Charger 6 (fid=64)",915.2390065381346,6,,
Car 430,,,,,5,switch,,"Charger 5 (fid=59) not available, trying Charger 4 (fid=2)",915.8253178559502,4,,
Car 408,,,,,,gave_up,6,"no alternate charger available, gave up",915.8649904760495,,,
Car 409,,,,,,gave_up,6,"no alternate charger available, gave up",916.4506441849509,,,
Car 421,,,,,5,switch,,"Charger 5 (fid=59) not available, trying Charger 4 (fid=2)",916.694266236236,4,,
Car 417,,,,,1,switch,,"Charger 1 (fid=40) not available, trying Charger 5 (fid=59)",916.8250420902024,5,,
Car 412,,,,,2,switch,,"Charger 2 (fid=71) not available, trying Charger 7 (fid=4)",917.5157129208847,7,,
Car 431,,,,,6,switch,,"Charger 6 (fid=64) not available, trying Charger 5 (fid=59)",917.5618947692502,5,,
Car 423,,,,,5,switch,,"Charger 5 (fid=59) not available, trying Charger 1 (fid=40)",917.6547315919577,1,,
Car 416,,,,,1,switch,,"Charger 1 (fid=40) not available, trying Charger 3 (fid=10)",917.7385665954363,3,,
Car 360,94.0,59,5,,,done,,done charging,918.3169557169132,,,322.41086102829235
Car 428,,59,5,,,start_charge,,starting to charge at Charger 5 (fid=59),918.3169557169132,,14.113872714548734,
Car 415,,,,,4,switch,,"Charger 4 (fid=2) not available, trying Charger 5 (fid=59)",918.458871025189,5,,
Car 420,,,,,0,switch,,"Charger 0 (fid=6) not available, trying Charger 5 (fid=59)",919.1486127736205,5,,
Car 432,,,,,7,switch,,"Charger 7 (fid=4) not available, trying Charger 1 (fid=40)",919.150834276179,1,,
Car 433,,,,,0,switch,,"Charger 0 (fid=6) not available, trying Charger 7 (fid=4)",919.2588946749815,7,,
Car 413,,,,,,gave_up,6,"no alternate charger available, gave up",920.1423932560489,,,
Car 435,,,,7,,arrived,,arrived,920.2719227897252,,,
Car 434,,,,,0,switch,,"Charger 0 (fid=6) not available, trying Charger 7 (fid=4)",920.7144124118452,7,,
Car 436,,,,24,,arrived,,arrived,920.800078598398,,,
Car 356,111.0,6,0,,,done,,done charging,920.966975016302,,,329.0984012480226
Car 425,,,,,2,switch,,"Charger 2 (fid=71) not available, trying Charger 0 (fid=6)",921.0779461420419,0,,
Car 426,,,,,2,switch,,"Charger 2 (fid=71) not available, trying Charger 0 (fid=6)",921.2844518012462,0,,
Car 424,,,,,3,switch,,"Charger 3 (fid=10) not available, trying Charger 2 (fid=71)",921.4578841481612,2,,
Car 429,,,,,4,switch,,"Charger 4 (fid=2) not available, trying Charger 1 (fid=40)",921.4704940155125,1,,
Car 410,,,,,,gave_up,6,"no alternate charger available, gave up",921.483331828003,,,
Car 430,,,,,4,switch,,"Charger 4 (fid=2) not available, trying Charger 1 (fid=40)",922.3445412217864,1,,
Car 425,,6,0,,,start_charge,,starting to charge at Charger 0 (fid=6),922.7102933201969,,20.0,
Car 437,,,,25,,arrived,,arrived,923.0048443898933,,,
Car 421,,,,,4,switch,,"Charger 4 (fid=2) not available, trying Charger 2 (fid=71)",923.2134896020722,2,,
Car 431,,,,,5,switch,,"Charger 5 (fid=59) not available, trying Charger 0 (fid=6)",923.9165489001921,0,,
Car 359,120.0,71,2,,,done,,done charging,923.9294125334561,,,165.66392564466096
Car 418,,,,,5,switch,,"Charger 5 (fid=59) not available, trying Charger 4 (fid=2)",923.9301584465976,4,,
Car 417,,,,,5,switch,,"Charger 5 (fid=59) not available, trying Charger 4 (fid=2)",924.3352331743783,4,,
Car 419,,,,,5,switch,,"Charger 5 (fid=59) not available, trying Charger 4 (fid=2)",924.9237138494017,4,,
Car 415,,,,,5,switch,,"Charger 5 (fid=59) not available, trying Charger 6 (fid=64)",924.9780943910251,6,,
Car 424,,71,2,,,start_charge,,starting to charge at Charger 2 (fid=71),925.0829460285184,,20.0,
Car 423,,,,,1,switch,,"Charger 1 (fid=40) not available, trying Charger 6 (fid=64)",925.1649226761336,6,,
Car 416,,,,,3,switch,,"Charger 3 (fid=10) not available, trying Charger 7 (fid=4)",925.1963843256352,7,,
Car 435,,,,,4,switch,,"Charger 4 (fid=2) not available, trying Charger 5 (fid=59)",925.2719227897252,5,,
Car 361,101.0,71,2,,,done,,done charging,925.4307658214,,,420.3346917588285
Car 365,109.0,40,1,,,done,,done charging,925.480403758516,,,332.8575420821908
Car 432,,40,1,,,start_charge,,starting to charge at Charger 1 (fid=40),925.480403758516,,12.33368062180648,
Car 436,,,,,7,switch,,"Charger 7 (fid=4) not available, trying Charger 2 (fid=71)",925.800078598398,2,,
Car 412,,,,,,gave_up,7,"no alternate charger available, gave up",926.0591889990403,,,
Car 420,,,,,5,switch,,"Charger 5 (fid=59) not available, trying Charger 4 (fid=2)",927.1519556808602,4,,
Car 426,,,,,0,switch,,"Charger 0 (fid=6) not available, trying Charger 5 (fid=59)",927.9167989794012,5,,
Car 421,,71,2,,,start_charge,,starting to charge at Charger 2 (fid=71),927.9202094523343,,25.0,
Car 437,,,,,7,switch,,"Charger 7 (fid=4) not available, trying Charger 2 (fid=71)",928.0048443898933,2,,
Car 438,,,,50,,arrived,,arrived,928.0313049022842,,,
Car 439,,,,45,,arrived,,arrived,928.2533525428839,,,
Car 433,,,,,7,switch,,"Charger 7 (fid=4) not available, trying Charger 3 (fid=10)",928.2740138705345,3,,
Car 440,,,,115,,arrived,,arrived,929.4191806514548,,,
Car 434,,,,,7,switch,,"Charger 7 (fid=4) not available, trying Charger 3 (fid=10)",929.7295316073981,3,,
Car 429,,,,,1,switch,,"Charger 1 (fid=40) not available, trying Charger 6 (fid=64)",930.2561782657289,6,,
Car 418,,,,,4,switch,,"Charger 4 (fid=2) not available, trying Charger 6 (fid=64)",930.4493818124338,6,,
Car 417,,,,,4,switch,,"Charger 4 (fid=2) not available, trying Charger 6 (fid=64)",930.8544565402145,6,,
Car 430,,,,,1,switch,,"Charger 1 (fid=40) not available, trying Charger 6 (fid=64)",931.1302254720027,6,,
Car 441,,,,62,,arrived,,arrived,931.1404385538841,,,
Car 415,,,,,,gave_up,6,"no alternate charger available, gave up",931.332748521967,,,
Car 419,,,,,4,switch,,"Charger 4 (fid=2) not available, trying Charger 6 (fid=64)",931.4429372152379,6,,
Car 435,,,,,5,switch,,"Charger 5 (fid=59) not available, trying Charger 6 (fid=64)",931.7911461555614,6,,
Car 416,,,,,,gave_up,7,"no alternate charger available, gave up",931.8877910501191,,,
Car 431,,,,,0,switch,,"Charger 0 (fid=6) not available, trying Charger 1 (fid=40)",931.9198918074318,1,,
Car 442,,,,4,,arrived,,arrived,932.9486259739066,,,
Car 438,,,,,1,switch,,"Charger 1 (fid=40) not available, trying Charger 5 (fid=59)",933.0313049022842,5,,
Car 439,,,,,1,switch,,"Charger 1 (fid=40) not available, trying Charger 0 (fid=6)",933.2533525428839,0,,
Car 379,62.0,2,4,,,done,,done charging,933.5423433087699,,,479.3057809217556
Car 420,,2,4,,,start_charge,,starting to charge at Charger 4 (fid=2),933.5423433087699,,34.871164262073535,
Car 423,,,,,6,switch,,"Charger 6 (fid=64) not available, trying Charger 3 (fid=10)",934.0175987343296,3,,
Car 436,,,,,2,switch,,"Charger 2 (fid=71) not available, trying Charger 3 (fid=10)",934.3435546765537,3,,
Car 440,,,,,2,switch,,"Charger 2 (fid=71) not available, trying Charger 0 (fid=6)",934.4191806514548,0,,
Car 433,,,,,3,switch,,"Charger 3 (fid=10) not available, trying Charger 1 (fid=40)",934.9654205950184,1,,
Car 340,119.0,64,6,,,done,,done charging,935.3674109691257,,,377.09585323759075
Car 418,,64,6,,,start_charge,,starting to charge at Charger 6 (fid=64),935.3674109691257,,38.67370386682353,
Car 426,,,,,5,switch,,"Charger 5 (fid=59) not available, trying Charger 4 (fid=2)",935.9201418866409,4,,
Car 441,,,,,1,switch,,"Charger 1 (fid=40) not available, trying Charger 0 (fid=6)",936.1404385538841,0,,
Car 434,,,,,3,switch,,"Charger 3 (fid=10) not available, trying Charger 1 (fid=40)",936.420938331882,1,,
Car 437,,,,,2,switch,,"Charger 2 (fid=71) not available, trying Charger 3 (fid=10)",936.5483204680489,3,,
Car 443,,,,71,,arrived,,arrived,936.6071845743734,,,
Car 444,,,,67,,arrived,,arrived,937.0440254208603,,,
Car 417,,,,,,gave_up,6,"no alternate charger available, gave up",937.0987818300829,,,
Car 411,68.0,4,7,,,done,,done charging,937.1735520471477,,,188.56300797880093
Car 445,,,,61,,arrived,,arrived,937.3222465647995,,,
Car 419,,,,,,gave_up,6,"no alternate charger available, gave up",937.6872625051062,,,
Car 446,,,,27,,arrived,,arrived,937.7979774731001,,,
Car 447,,,,72,,arrived,,arrived,937.938758403323,,,
Car 442,,,,,0,switch,,"Charger 0 (fid=6) not available, trying Charger 1 (fid=40)",937.9486259739066,1,,
Car 435,,,,,6,switch,,"Charger 6 (fid=64) not available, trying Charger 0 (fid=6)",938.1458002865032,0,,
Car 429,,,,,6,switch,,"Charger 6 (fid=64) not available, trying Charger 2 (fid=71)",939.1088543239248,2,,
Car 431,,,,,1,switch,,"Charger 1 (fid=40) not available, trying Charger 2 (fid=71)",939.4104282724993,2,,
Car 430,,,,,6,switch,,"Charger 6 (fid=64) not available, trying Charger 2 (fid=71)",939.9829015301987,2,,
Car 438,,,,,5,switch,,"Charger 5 (fid=59) not available, trying Charger 0 (fid=6)",940.5414959864602,0,,
Car 439,,,,,0,switch,,"Charger 0 (fid=6) not available, trying Charger 3 (fid=10)",940.7438890079515,3,,
Car 448,,,,3,,arrived,,arrived,940.8603867814235,,,
Car 449,,,,62,,arrived,,arrived,940.9517771215515,,,
Car 440,,,,,0,switch,,"Charger 0 (fid=6) not available, trying Charger 7 (fid=4)",941.0515278296098,7,,
Car 443,,,,,2,switch,,"Charger 2 (fid=71) not available, trying Charger 0 (fid=6)",941.6071845743734,0,,
Car 444,,,,,2,switch,,"Charger 2 (fid=71) not available, trying Charger 7 (fid=4)",942.0440254208603,7,,
Car 445,,,,,1,switch,,"Charger 1 (fid=40) not available, trying Charger 3 (fid=10)",942.3222465647995,3,,
Car 433,,,,,1,switch,,"Charger 1 (fid=40) not available, trying Charger 5 (fid=59)",942.4232383252173,5,,
Car 426,,,,,4,switch,,"Charger 4 (fid=2) not available, trying Charger 6 (fid=64)",942.439365252477,6,,
Car 446,,,,,2,switch,,"Charger 2 (fid=71) not available, trying Charger 0 (fid=6)",942.7979774731001,0,,
Car 447,,,,,2,switch,,"Charger 2 (fid=71) not available, trying Charger 0 (fid=6)",942.938758403323,0,,
Car 436,,,,,3,switch,,"Charger 3 (fid=10) not available, trying Charger 0 (fid=6)",942.968616556911,0,,
Car 441,,,,,0,switch,,"Charger 0 (fid=6) not available, trying Charger 3 (fid=10)",943.6309750189516,3,,
Car 434,,,,,1,switch,,"Charger 1 (fid=40) not available, trying Charger 5 (fid=59)",943.8787560620809,5,,
Car 440,,4,7,,,start_charge,,starting to charge at Charger 7 (fid=4),945.0666470251628,,10.0,
Car 437,,,,,3,switch,,"Charger 3 (fid=10) not available, trying Charger 0 (fid=6)",945.1733823484062,0,,
Car 423,,,,,3,switch,,"Charger 3 (fid=10) not available, trying Charger 7 (fid=4)",945.2571461624493,7,,
Car 442,,,,,1,switch,,"Charger 1 (fid=40) not available, trying Charger 5 (fid=59)",945.4391624389741,5,,
Car 448,,,,,0,switch,,"Charger 0 (fid=6) not available, trying Charger 4 (fid=2)",945.8603867814235,4,,
Car 449,,,,,1,switch,,"Charger 1 (fid=40) not available, trying Charger 0 (fid=6)",945.9517771215515,0,,
Car 450,,,,38,,arrived,,arrived,946.5851939219807,,,
Car 451,,,,115,,arrived,,arrived,947.12934896164,,,
Car 435,,,,,0,switch,,"Charger 0 (fid=6) not available, trying Charger 1 (fid=40)",947.2422963866923,1,,
Car 452,,,,18,,arrived,,arrived,947.3139894824318,,,
Car 453,,,,53,,arrived,,arrived,947.9604726853088,,,
Car 431,,,,,2,switch,,"Charger 2 (fid=71) not available, trying Charger 3 (fid=10)",948.2080735022391,3,,
Car 443,,,,,0,switch,,"Charger 0 (fid=6) not available, trying Charger 7 (fid=4)",948.2395317525284,7,,
Car 438,,,,,0,switch,,"Charger 0 (fid=6) not available, trying Charger 3 (fid=10)",948.5448388936999,3,,
Car 454,,,,9,,arrived,,arrived,948.6150509662415,,,
Car 426,,,,,,gave_up,6,"no alternate charger available, gave up",948.6836905423454,,,
Car 439,,,,,3,switch,,"Charger 3 (fid=10) not available, trying Charger 2 (fid=71)",949.0934263404993,2,,
Car 446,,,,,0,switch,,"Charger 0 (fid=6) not available, trying Charger 1 (fid=40)",949.4303246512551,1,,
Car 447,,,,,0,switch,,"Charger 0 (fid=6) not available, trying Charger 7 (fid=4)",949.571105581478,7,,
Car 429,,,,,2,switch,,"Charger 2 (fid=71) not available, trying Charger 3 (fid=10)",949.7698100287905,3,,
Car 445,,,,,3,switch,,"Charger 3 (fid=10) not available, trying Charger 0 (fid=6)",949.7800642949984,0,,
Car 433,,,,,5,switch,,"Charger 5 (fid=59) not available, trying Charger 4 (fid=2)",949.9334294093933,4,,
Car 444,,,,,7,switch,,"Charger 7 (fid=4) not available, trying Charger 0 (fid=6)",950.587501499016,0,,
Car 430,,,,,2,switch,,"Charger 2 (fid=71) not available, trying Charger 3 (fid=10)",950.6438572350644,3,,
Car 436,,,,,0,switch,,"Charger 0 (fid=6) not available, trying Charger 1 (fid=40)",951.3181538894588,1,,
Car 434,,,,,5,switch,,"Charger 5 (fid=59) not available, trying Charger 4 (fid=2)",951.3889471462569,4,,
Car 450,,,,,7,switch,,"Charger 7 (fid=4) not available, trying Charger 3 (fid=10)",951.5851939219807,3,,
Car 423,,,,,,gave_up,7,"no alternate charger available, gave up",951.9485528869332,,,
Car 441,,,,,3,switch,,"Charger 3 (fid=10) not available, trying Charger 2 (fid=71)",951.9805123514994,2,,
Car 451,,,,,2,switch,,"Charger 2 (fid=71) not available, trying Charger 0 (fid=6)",952.12934896164,0,,
Car 452,,,,,2,switch,,"Charger 2 (fid=71) not available, trying Charger 0 (fid=6)",952.3139894824318,0,,
Car 455,,,,10,,arrived,,arrived,952.352083306408,,,
Car 456,,,,50,,arrived,,arrived,952.8765969247345,,,
Car 442,,,,,5,switch,,"Charger 5 (fid=59) not available, trying Charger 2 (fid=71)",952.9493535231501,2,,
Car 453,,,,,5,switch,,"Charger 5 (fid=59) not available, trying Charger 1 (fid=40)",952.9604726853088,1,,
Car 449,,,,,0,switch,,"Charger 0 (fid=6) not available, trying Charger 3 (fid=10)",953.442313586619,3,,
Car 437,,,,,0,switch,,"Charger 0 (fid=6) not available, trying Charger 1 (fid=40)",953.522919680954,1,,
Car 454,,,,,3,switch,,"Charger 3 (fid=10) not available, trying Charger 1 (fid=40)",953.6150509662415,1,,
Car 448,,,,,4,switch,,"Charger 4 (fid=2) not available, trying Charger 2 (fid=71)",954.1258962799138,2,,
Car 457,,,,57,,arrived,,arrived,954.7069990877714,,,
Car 435,,,,,1,switch,,"Charger 1 (fid=40) not available, trying Charger 2 (fid=71)",954.7328328517598,2,,
Car 458,,,,43,,arrived,,arrived,955.0132444854605,,,
Car 433,,,,,4,switch,,"Charger 4 (fid=2) not available, trying Charger 6 (fid=64)",956.4526527752295,6,,
Car 431,,,,,3,switch,,"Charger 3 (fid=10) not available, trying Charger 7 (fid=4)",956.8331353825964,7,,
Car 438,,,,,3,switch,,"Charger 3 (fid=10) not available, trying Charger 4 (fid=2)",956.8943762262477,4,,
Car 446,,,,,1,switch,,"Charger 1 (fid=40) not available, trying Charger 3 (fid=10)",956.9208611163226,3,,
Car 443,,,,,7,switch,,"Charger 7 (fid=4) not available, trying Charger 3 (fid=10)",957.2546509480813,3,,
Car 455,,,,,3,switch,,"Charger 3 (fid=10) not available, trying Charger 7 (fid=4)",957.352083306408,7,,
Car 439,,,,,2,switch,,"Charger 2 (fid=71) not available, trying Charger 7 (fid=4)",957.7184882208566,7,,
Car 456,,,,,1,switch,,"Charger 1 (fid=40) not available, trying Charger 5 (fid=59)",957.8765969247345,5,,
Car 434,,,,,4,switch,,"Charger 4 (fid=2) not available, trying Charger 6 (fid=64)",957.9081705120931,6,,
Car 445,,,,,0,switch,,"Charger 0 (fid=6) not available, trying Charger 5 (fid=59)",958.1296016275462,5,,
Car 450,,,,,3,switch,,"Charger 3 (fid=10) not available, trying Charger 2 (fid=71)",958.2766006464645,2,,
Car 429,,,,,3,switch,,"Charger 3 (fid=10) not available, trying Charger 7 (fid=4)",958.3948719091478,7,,
Car 447,,,,,7,switch,,"Charger 7 (fid=4) not available, trying Charger 3 (fid=10)",958.586224777031,3,,
Car 451,,,,,0,switch,,"Charger 0 (fid=6) not available, trying Charger 7 (fid=4)",958.7616961397949,7,,
Car 436,,,,,1,switch,,"Charger 1 (fid=40) not available, trying Charger 5 (fid=59)",958.8086903545263,5,,
Car 452,,,,,0,switch,,"Charger 0 (fid=6) not available, trying Charger 7 (fid=4)",958.9463366605868,7,,
Car 430,,,,,3,switch,,"Charger 3 (fid=10) not available, trying Charger 7 (fid=4)",959.2689191154217,7,,
Car 444,,,,,0,switch,,"Charger 0 (fid=6) not available, trying Charger 3 (fid=10)",959.6026206945689,3,,
Car 457,,,,,2,switch,,"Charger 2 (fid=71) not available, trying Charger 0 (fid=6)",959.7069990877714,0,,
Car 458,,,,,7,switch,,"Charger 7 (fid=4) not available, trying Charger 2 (fid=71)",960.0132444854605,2,,
Car 453,,,,,1,switch,,"Charger 1 (fid=40) not available, trying Charger 6 (fid=64)",960.4706637694848,6,,
Car 441,,,,,2,switch,,"Charger 2 (fid=71) not available, trying Charger 7 (fid=4)",960.6055742318567,7,,
Car 437,,,,,1,switch,,"Charger 1 (fid=40) not available, trying Charger 5 (fid=59)",961.0134561460216,5,,
Car 454,,,,,1,switch,,"Charger 1 (fid=40) not available, trying Charger 7 (fid=4)",961.0728686964404,7,,
Car 449,,,,,3,switch,,"Charger 3 (fid=10) not available, trying Charger 2 (fid=71)",961.7918509191668,2,,
Car 459,,,,8,,arrived,,arrived,961.8080540731362,,,
Car 460,,,,37,,arrived,,arrived,961.8420507571144,,,
Car 442,,,,,2,switch,,"Charger 2 (fid=71) not available, trying Charger 4 (fid=2)",962.5782801027731,4,,
Car 461,,,,47,,arrived,,arrived,962.6784543254647,,,
Car 433,,,,,,gave_up,6,"no alternate charger available, gave up",962.6969780650978,,,
Car 431,,,,,,gave_up,7,"no alternate charger available, gave up",963.5245421070803,,,
Car 435,,,,,2,switch,,"Charger 2 (fid=71) not available, trying Charger 3 (fid=10)",963.5304780814996,3,,
Car 448,,,,,2,switch,,"Charger 2 (fid=71) not available, trying Charger 5 (fid=59)",963.832616130176,5,,
Car 443,,,,,3,switch,,"Charger 3 (fid=10) not available, trying Charger 1 (fid=40)",963.9460576725652,1,,
Car 455,,,,,7,switch,,"Charger 7 (fid=4) not available, trying Charger 1 (fid=40)",964.0434900308918,1,,
Car 434,,,,,,gave_up,6,"no alternate charger available, gave up",964.1524958019614,,,
Car 446,,,,,3,switch,,"Charger 3 (fid=10) not available, trying Charger 7 (fid=4)",964.3786788465216,7,,
Car 462,,,,51,,arrived,,arrived,964.5203751131136,,,
Car 429,,,,,,gave_up,7,"no alternate charger available, gave up",965.0862786336317,,,
Car 447,,,,,3,switch,,"Charger 3 (fid=10) not available, trying Charger 1 (fid=40)",965.2776315015149,1,,
Car 456,,,,,5,switch,,"Charger 5 (fid=59) not available, trying Charger 0 (fid=6)",965.3867880089105,0,,
Car 463,,,,3,,arrived,,arrived,965.6085731579404,,,
Car 464,,,,57,,arrived,,arrived,965.9526592858857,,,
Car 430,,,,,,gave_up,7,"no alternate charger available, gave up",965.9603258399055,,,
Car 445,,,,,5,switch,,"Charger 5 (fid=59) not available, trying Charger 7 (fid=4)",966.1329445347859,7,,
Car 439,,,,,7,switch,,"Charger 7 (fid=4) not available, trying Charger 5 (fid=59)",966.2619642990122,5,,
Car 436,,,,,5,switch,,"Charger 5 (fid=59) not available, trying Charger 4 (fid=2)",966.3188814387023,4,,
Car 457,,,,,0,switch,,"Charger 0 (fid=6) not available, trying Charger 7 (fid=4)",966.3393462659263,7,,
Car 465,,,,21,,arrived,,arrived,966.8066937382625,,,
Car 459,,,,,3,switch,,"Charger 3 (fid=10) not available, trying Charger 7 (fid=4)",966.8080540731362,7,,
Car 460,,,,,7,switch,,"Charger 7 (fid=4) not available, trying Charger 3 (fid=10)",966.8420507571144,3,,
Car 450,,,,,2,switch,,"Charger 2 (fid=71) not available, trying Charger 0 (fid=6)",966.9016625268218,0,,
Car 461,,,,,7,switch,,"Charger 7 (fid=4) not available, trying Charger 2 (fid=71)",967.6784543254647,2,,
Car 451,,,,,7,switch,,"Charger 7 (fid=4) not available, trying Charger 1 (fid=40)",967.7768153353479,1,,
Car 438,,,,,4,switch,,"Charger 4 (fid=2) not available, trying Charger 6 (fid=64)",967.8406070759315,6,,
Car 444,,,,,3,switch,,"Charger 3 (fid=10) not available, trying Charger 1 (fid=40)",967.9521580271168,1,,
Car 452,,,,,7,switch,,"Charger 7 (fid=4) not available, trying Charger 3 (fid=10)",967.9614558561398,3,,
Car 437,,,,,5,switch,,"Charger 5 (fid=59) not available, trying Charger 4 (fid=2)",968.5236472301975,4,,
Car 458,,,,,2,switch,,"Charger 2 (fid=71) not available, trying Charger 3 (fid=10)",968.5567205636162,3,,
Car 441,,,,,7,switch,,"Charger 7 (fid=4) not available, trying Charger 5 (fid=59)",969.1490503100124,5,,
Car 453,,,,,6,switch,,"Charger 6 (fid=64) not available, trying Charger 4 (fid=2)",969.3233398276807,4,,
Car 462,,,,,5,switch,,"Charger 5 (fid=59) not available, trying Charger 1 (fid=40)",969.5203751131136,1,,
Car 454,,,,,7,switch,,"Charger 7 (fid=4) not available, trying Charger 0 (fid=6)",970.0687575569709,0,,
Car 449,,,,,2,switch,,"Charger 2 (fid=71) not available, trying Charger 7 (fid=4)",970.4169127995241,7,,
Car 463,,,,,0,switch,,"Charger 0 (fid=6) not available, trying Charger 4 (fid=2)",970.6085731579404,4,,
Car 464,,,,,2,switch,,"Charger 2 (fid=71) not available, trying Charger 0 (fid=6)",970.9526592858857,0,,
Car 446,,,,,7,switch,,"Charger 7 (fid=4) not available, trying Charger 4 (fid=2)",971.0700855710054,4,,
Car 466,,,,27,,arrived,,arrived,971.3476480714311,,,
Car 443,,,,,1,switch,,"Charger 1 (fid=40) not available, trying Charger 5 (fid=59)",971.4038754027641,5,,
Car 465,,,,,2,switch,,"Charger 2 (fid=71) not available, trying Charger 0 (fid=6)",971.8066937382625,0,,
Car 435,,,,,3,switch,,"Charger 3 (fid=10) not available, trying Charger 7 (fid=4)",972.1555399618569,7,,
Car 442,,,,,4,switch,,"Charger 4 (fid=2) not available, trying Charger 3 (fid=10)",972.2849999530353,3,,
Car 447,,,,,1,switch,,"Charger 1 (fid=40) not available, trying Charger 5 (fid=59)",972.7354492317138,5,,
Car 436,,,,,4,switch,,"Charger 4 (fid=2) not available, trying Charger 6 (fid=64)",972.8381048045385,6,,
Car 467,,,,11,,arrived,,arrived,972.9587630464085,,,
Car 455,,,,,1,switch,,"Charger 1 (fid=40) not available, trying Charger 0 (fid=6)",973.0393788914223,0,,
Car 403,74.0,64,6,,,done,,done charging,973.0394062565756,,,623.09200654559
Car 438,,64,6,,,start_charge,,starting to charge at Charger 6 (fid=64),973.0394062565756,,28.954473890775716,
Car 376,106.0,59,5,,,done,,done charging,973.247752065989,,,380.6762413403157
Car 448,,59,5,,,start_charge,,starting to charge at Charger 5 (fid=59),973.247752065989,,19.786209356189943,
Car 456,,,,,0,switch,,"Charger 0 (fid=6) not available, trying Charger 3 (fid=10)",973.3901309161502,3,,
Car 459,,,,,7,switch,,"Charger 7 (fid=4) not available, trying Charger 1 (fid=40)",973.49946079762,1,,
Car 460,,,,,3,switch,,"Charger 3 (fid=10) not available, trying Charger 2 (fid=71)",973.5334574815982,2,,
Car 450,,,,,0,switch,,"Charger 0 (fid=6) not available, trying Charger 1 (fid=40)",973.5340097049768,1,,
Car 407,81.0,10,3,,,done,,done charging,974.5918798729733,,,271.3385434065698
Car 452,,10,3,,,start_charge,,starting to charge at Charger 3 (fid=10),974.5918798729733,,19.939017292349718,
Car 437,,,,,4,switch,,"Charger 4 (fid=2) not available, trying Charger 6 (fid=64)",975.0428705960337,6,,
Car 427,67.0,40,1,,,done,,done charging,975.050310127227,,,152.03546435289334
Car 444,,40,1,,,start_charge,,starting to charge at Charger 1 (fid=40),975.050310127227,,24.64033436991133,
Car 457,,,,,7,switch,,"Charger 7 (fid=4) not available, trying Charger 3 (fid=10)",975.3544654614793,3,,
Car 453,,,,,4,switch,,"Charger 4 (fid=2) not available, trying Charger 0 (fid=6)",975.567665117549,0,,
Car 461,,,,,2,switch,,"Charger 2 (fid=71) not available, trying Charger 3 (fid=10)",976.2219304036204,3,,
Car 466,,,,,2,switch,,"Charger 2 (fid=71) not available, trying Charger 0 (fid=6)",976.3476480714311,0,,
Car 405,90.0,4,7,,,done,,done charging,976.5948824163274,,,253.65932583882218
Car 445,,4,7,,,start_charge,,starting to charge at Charger 7 (fid=4),976.5948824163274,,24.222960646017214,
Car 451,,,,,1,switch,,"Charger 1 (fid=40) not available, trying Charger 3 (fid=10)",976.7727041958784,3,,
Car 462,,,,,1,switch,,"Charger 1 (fid=40) not available, trying Charger 0 (fid=6)",977.0305661972895,0,,
Car 458,,,,,3,switch,,"Charger 3 (fid=10) not available, trying Charger 0 (fid=6)",977.1817824439735,0,,
Car 439,,,,,5,switch,,"Charger 5 (fid=59) not available, trying Charger 4 (fid=2)",977.5009415345365,4,,
Car 464,,,,,0,switch,,"Charger 0 (fid=6) not available, trying Charger 7 (fid=4)",977.5850064640407,7,,
Car 467,,,,,0,switch,,"Charger 0 (fid=6) not available, trying Charger 3 (fid=10)",977.9587630464085,3,,
Car 468,,,,31,,arrived,,arrived,978.3186954016173,,,
Car 465,,,,,0,switch,,"Charger 0 (fid=6) not available, trying Charger 7 (fid=4)",978.4390409164175,7,,
Car 420,45.0,2,4,,,done,,done charging,978.5423433087699,,,512.4031792719446
Car 463,,2,4,,,start_charge,,starting to charge at Charger 4 (fid=2),978.5423433087699,,9.668260652339086,
Car 435,,,,,,gave_up,7,"no alternate charger available, gave up",978.8469466863407,,,
Car 443,,,,,5,switch,,"Charger 5 (fid=59) not available, trying Charger 4 (fid=2)",978.9140664869401,4,,
Car 449,,,,,7,switch,,"Charger 7 (fid=4) not available, trying Charger 5 (fid=59)",978.9603888776797,5,,
Car 436,,,,,,gave_up,6,"no alternate charger available, gave up",979.0824300944068,,,
Car 454,,,,,0,switch,,"Charger 0 (fid=6) not available, trying Charger 2 (fid=71)",979.0838767525239,2,,
Car 447,,,,,5,switch,,"Charger 5 (fid=59) not available, trying Charger 4 (fid=2)",980.2456403158898,4,,
Car 441,,,,,5,switch,,"Charger 5 (fid=59) not available, trying Charger 4 (fid=2)",980.3880275455367,4,,
Car 455,,,,,0,switch,,"Charger 0 (fid=6) not available, trying Charger 2 (fid=71)",980.5299153564898,2,,
Car 450,,,,,1,switch,,"Charger 1 (fid=40) not available, trying Charger 5 (fid=59)",981.0245461700443,5,,
Car 437,,,,,,gave_up,6,"no alternate charger available, gave up",981.2871958859021,,,
Car 456,,,,,3,switch,,"Charger 3 (fid=10) not available, trying Charger 4 (fid=2)",981.739668248698,4,,
Car 457,,,,,3,switch,,"Charger 3 (fid=10) not available, trying Charger 1 (fid=40)",982.0458721859632,1,,
Car 460,,,,,2,switch,,"Charger 2 (fid=71) not available, trying Charger 0 (fid=6)",982.1585193619555,0,,
Car 459,,,,,1,switch,,"Charger 1 (fid=40) not available, trying Charger 2 (fid=71)",982.4953496581505,2,,
Car 466,,,,,0,switch,,"Charger 0 (fid=6) not available, trying Charger 1 (fid=40)",982.9799952495861,1,,
Car 389,108.0,10,3,,,done,,done charging,983.0573629328358,,,587.7190283808873
Car 442,,10,3,,,start_charge,,starting to charge at Charger 3 (fid=10),983.0573629328358,,29.82613213011666,
Car 446,,,,,4,switch,,"Charger 4 (fid=2) not available, trying Charger 5 (fid=59)",983.1443320838781,5,,
Car 468,,,,,2,switch,,"Charger 2 (fid=71) not available, trying Charger 0 (fid=6)",983.3186954016173,0,,
Car 453,,,,,0,switch,,"Charger 0 (fid=6) not available, trying Charger 3 (fid=10)",983.8331746160394,3,,
Car 439,,,,,4,switch,,"Charger 4 (fid=2) not available, trying Charger 6 (fid=64)",984.0201649003727,6,,
Car 451,,,,,3,switch,,"Charger 3 (fid=10) not available, trying Charger 4 (fid=2)",984.2305219260774,4,,
Car 462,,,,,0,switch,,"Charger 0 (fid=6) not available, trying Charger 4 (fid=2)",984.5211026623571,4,,
Car 461,,,,,3,switch,,"Charger 3 (fid=10) not available, trying Charger 0 (fid=6)",984.8469922839777,0,,
Car 469,,,,61,,arrived,,arrived,984.9384717924548,,,
Car 470,,,,33,,arrived,,arrived,985.2066669644893,,,
Car 443,,,,,4,switch,,"Charger 4 (fid=2) not available, trying Charger 6 (fid=64)",985.4332898527763,6,,
Car 458,,,,,0,switch,,"Charger 0 (fid=6) not available, trying Charger 1 (fid=40)",985.5313197765213,1,,
Car 471,,,,68,,arrived,,arrived,985.5582148843298,,,
Car 454,,,,,2,switch,,"Charger 2 (fid=71) not available, trying Charger 5 (fid=59)",985.7162239306789,5,,
Car 467,,,,,3,switch,,"Charger 3 (fid=10) not available, trying Charger 2 (fid=71)",986.3083003789563,2,,
Car 464,,,,,7,switch,,"Charger 7 (fid=4) not available, trying Charger 3 (fid=10)",986.6001256595937,3,,
Car 472,,,,33,,arrived,,arrived,986.6747762433804,,,
Car 447,,,,,4,switch,,"Charger 4 (fid=2) not available, trying Charger 6 (fid=64)",986.764863681726,6,,
Car 473,,,,63,,arrived,,arrived,986.8031159480302,,,
Car 441,,,,,4,switch,,"Charger 4 (fid=2) not available, trying Charger 6 (fid=64)",986.9072509113729,6,,
Car 455,,,,,2,switch,,"Charger 2 (fid=71) not available, trying Charger 5 (fid=59)",987.1622625346448,5,,
Car 474,,,,28,,arrived,,arrived,987.3282142087313,,,
Car 465,,,,,7,switch,,"Charger 7 (fid=4) not available, trying Charger 3 (fid=10)",987.4541601119705,3,,
Car 422,74.0,6,0,,,done,,done charging,987.6829916153954,,,333.7995865440555
Car 460,,6,0,,,start_charge,,starting to charge at Charger 0 (fid=6),987.6829916153954,,18.892125075284866,
Car 450,,,,,5,switch,,"Charger 5 (fid=59) not available, trying Charger 4 (fid=2)",988.5347372542203,4,,
Car 475,,,,37,,arrived,,arrived,989.1699060449241,,,
Car 457,,,,,1,switch,,"Charger 1 (fid=40) not available, trying Charger 5 (fid=59)",989.5036899161621,5,,
Car 446,,,,,5,switch,,"Charger 5 (fid=59) not available, trying Charger 6 (fid=64)",989.6635554497143,6,,
Car 469,,,,,1,switch,,"Charger 1 (fid=40) not available, trying Charger 3 (fid=10)",989.9384717924548,3,,
Car 468,,,,,0,switch,,"Charger 0 (fid=6) not available, trying Charger 3 (fid=10)",989.9510425797723,3,,
Car 449,,,,,5,switch,,"Charger 5 (fid=59) not available, trying Charger 4 (fid=2)",990.1993661132041,4,,
Car 470,,,,,7,switch,,"Charger 7 (fid=4) not available, trying Charger 2 (fid=71)",990.2066669644893,2,,
Car 439,,,,,,gave_up,6,"no alternate charger available, gave up",990.2644901902411,,,
Car 466,,,,,1,switch,,"Charger 1 (fid=40) not available, trying Charger 3 (fid=10)",990.4705317146536,3,,
Car 471,,,,,2,switch,,"Charger 2 (fid=71) not available, trying Charger 0 (fid=6)",990.5582148843298,0,,
Car 459,,,,,2,switch,,"Charger 2 (fid=71) not available, trying Charger 0 (fid=6)",991.2929948878904,0,,
Car 472,,,,,2,switch,,"Charger 2 (fid=71) not available, trying Charger 0 (fid=6)",991.6747762433804,0,,
Car 443,,,,,,gave_up,6,"no alternate charger available, gave up",991.6776151426446,,,
Car 473,,,,,7,switch,,"Charger 7 (fid=4) not available, trying Charger 3 (fid=10)",991.8031159480302,3,,
Car 453,,,,,3,switch,,"Charger 3 (fid=10) not available, trying Charger 2 (fid=71)",992.1827119485872,2,,
Car 474,,,,,7,switch,,"Charger 7 (fid=4) not available, trying Charger 2 (fid=71)",992.3282142087313,2,,
Car 456,,,,,4,switch,,"Charger 4 (fid=2) not available, trying Charger 6 (fid=64)",992.6858990983818,6,,
Car 462,,,,,4,switch,,"Charger 4 (fid=2) not available, trying Charger 6 (fid=64)",992.7866121608474,6,,
Car 447,,,,,,gave_up,6,"no alternate charger available, gave up",993.0091889715943,,,
Car 458,,,,,1,switch,,"Charger 1 (fid=40) not available, trying Charger 5 (fid=59)",993.0218562415888,5,,
Car 441,,,,,,gave_up,6,"no alternate charger available, gave up",993.1515762012413,,,
Car 461,,,,,0,switch,,"Charger 0 (fid=6) not available, trying Charger 1 (fid=40)",993.1965296165255,1,,
Car 464,,,,,3,switch,,"Charger 3 (fid=10) not available, trying Charger 1 (fid=40)",993.2915323840775,1,,
Car 476,,,,3,,arrived,,arrived,993.9607784548655,,,
Car 465,,,,,3,switch,,"Charger 3 (fid=10) not available, trying Charger 1 (fid=40)",994.1455668364543,1,,
Car 475,,,,,7,switch,,"Charger 7 (fid=4) not available, trying Charger 3 (fid=10)",994.1699060449241,3,,
Car 477,,,,76,,arrived,,arrived,994.3078095656085,,,
Car 467,,,,,2,switch,,"Charger 2 (fid=71) not available, trying Charger 1 (fid=40)",994.9333622593136,1,,
Car 450,,,,,4,switch,,"Charger 4 (fid=2) not available, trying Charger 6 (fid=64)",995.0539606200565,6,,
Car 451,,,,,4,switch,,"Charger 4 (fid=2) not available, trying Charger 5 (fid=59)",995.1767527757612,5,,
Car 454,,,,,5,switch,,"Charger 5 (fid=59) not available, trying Charger 4 (fid=2)",995.3451505103019,4,,
Car 432,70.0,40,1,,,done,,done charging,995.480403758516,,,241.3810779037857
Car 476,,40,1,,,start_charge,,starting to charge at Charger 1 (fid=40),995.480403758516,,1.519625303650514,
Car 446,,,,,,gave_up,6,"no alternate charger available, gave up",996.0182095806562,,,
Car 449,,,,,4,switch,,"Charger 4 (fid=2) not available, trying Charger 6 (fid=64)",996.7185894790402,6,,
Car 455,,,,,5,switch,,"Charger 5 (fid=59) not available, trying Charger 4 (fid=2)",996.7911891142678,4,,
Car 457,,,,,5,switch,,"Charger 5 (fid=59) not available, trying Charger 4 (fid=2)",997.0138810003381,4,,
Car 471,,,,,0,switch,,"Charger 0 (fid=6) not available, trying Charger 7 (fid=4)",997.1905620624848,7,,
Car 469,,,,,3,switch,,"Charger 3 (fid=10) not available, trying Charger 0 (fid=6)",997.3962895226538,0,,
Car 459,,,,,0,switch,,"Charger 0 (fid=6) not available, trying Charger 5 (fid=59)",997.9253420660453,5,,
Car 466,,,,,3,switch,,"Charger 3 (fid=10) not available, trying Charger 7 (fid=4)",997.9283494448525,7,,
Car 468,,,,,3,switch,,"Charger 3 (fid=10) not available, trying Charger 1 (fid=40)",998.3005799123201,1,,
Car 472,,,,,0,switch,,"Charger 0 (fid=6) not available, trying Charger 1 (fid=40)",998.3071234215354,1,,
Car 473,,,,,3,switch,,"Charger 3 (fid=10) not available, trying Charger 1 (fid=40)",998.494522672514,1,,
Car 470,,,,,2,switch,,"Charger 2 (fid=71) not available, trying Charger 3 (fid=10)",998.7501430426449,3,,
Car 456,,,,,6,switch,,"Charger 6 (fid=64) not available, trying Charger 2 (fid=71)",998.9302243882502,2,,
Car 462,,,,,6,switch,,"Charger 6 (fid=64) not available, trying Charger 3 (fid=10)",999.0309374507158,3,,
Car 477,,,,,4,switch,,"Charger 4 (fid=2) not available, trying Charger 6 (fid=64)",999.3078095656085,6,,
Car 414,94.0,2,4,,,done,,done charging,999.6510478823132,,,264.7364040418192
Car 454,,2,4,,,start_charge,,starting to charge at Charger 4 (fid=2),999.6510478823132,,32.786674006175076,
Car 478,,,,40,,arrived,,arrived,999.990669147338,,,
Car 458,,,,,5,switch,,"Charger 5 (fid=59) not available, trying Charger 4 (fid=2)",1000.5320473257648,4,,
Car 461,,,,,1,switch,,"Charger 1 (fid=40) not available, trying Charger 5 (fid=59)",1000.687066081593,5,,
Car 464,,,,,1,switch,,"Charger 1 (fid=40) not available, trying Charger 5 (fid=59)",1000.7493501142765,5,,
Car 453,,,,,2,switch,,"Charger 2 (fid=71) not available, trying Charger 7 (fid=4)",1000.8077738289445,7,,
Car 475,,,,,3,switch,,"Charger 3 (fid=10) not available, trying Charger 2 (fid=71)",1000.861312769408,2,,
Car 474,,,,,2,switch,,"Charger 2 (fid=71) not available, trying Charger 3 (fid=10)",1000.871690286887,3,,
Car 479,,,,42,,arrived,,arrived,1001.1850862579134,,,
Car 450,,,,,,gave_up,6,"no alternate charger available, gave up",1001.2982859099249,,,
Car 465,,,,,1,switch,,"Charger 1 (fid=40) not available, trying Charger 4 (fid=2)",1001.6033845666533,4,,
Car 451,,,,,5,switch,,"Charger 5 (fid=59) not available, trying Charger 6 (fid=64)",1001.6959761415974,6,,
Car 480,,,,14,,arrived,,arrived,1001.9101459638975,,,
Car 449,,,,,,gave_up,6,"no alternate charger available, gave up",1002.9629147689086,,,
Car 455,,,,,4,switch,,"Charger 4 (fid=2) not available, trying Charger 6 (fid=64)",1003.310412480104,6,,
Car 457,,,,,4,switch,,"Charger 4 (fid=2) not available, trying Charger 6 (fid=64)",1003.5331043661743,6,,
Car 467,,,,,1,switch,,"Charger 1 (fid=40) not available, trying Charger 7 (fid=4)",1003.7310074890535,7,,
Car 481,,,,77,,arrived,,arrived,1004.0567604994269,,,
Car 466,,,,,7,switch,,"Charger 7 (fid=4) not available, trying Charger 4 (fid=2)",1004.6197561693364,4,,
Car 478,,,,,1,switch,,"Charger 1 (fid=40) not available, trying Charger 3 (fid=10)",1004.990669147338,3,,
Car 482,,,,5,,arrived,,arrived,1005.3969732778419,,,
Car 477,,,,,6,switch,,"Charger 6 (fid=64) not available, trying Charger 5 (fid=59)",1005.5521348554769,5,,
Car 469,,,,,0,switch,,"Charger 0 (fid=6) not available, trying Charger 5 (fid=59)",1005.7458268552016,5,,
Car 468,,,,,1,switch,,"Charger 1 (fid=40) not available, trying Charger 7 (fid=4)",1005.7583976425191,7,,
Car 472,,,,,1,switch,,"Charger 1 (fid=40) not available, trying Charger 3 (fid=10)",1005.7976598866029,3,,
Car 459,,,,,5,switch,,"Charger 5 (fid=59) not available, trying Charger 4 (fid=2)",1005.928684973285,4,,
Car 473,,,,,1,switch,,"Charger 1 (fid=40) not available, trying Charger 2 (fid=71)",1005.9523404027129,2,,
Car 479,,,,,7,switch,,"Charger 7 (fid=4) not available, trying Charger 2 (fid=71)",1006.1850862579134,2,,
Car 471,,,,,7,switch,,"Charger 7 (fid=4) not available, trying Charger 3 (fid=10)",1006.2056812580378,3,,
Car 483,,,,17,,arrived,,arrived,1006.4291239482866,,,
Car 484,,,,16,,arrived,,arrived,1006.7637426416932,,,
Car 480,,,,,2,switch,,"Charger 2 (fid=71) not available, trying Charger 0 (fid=6)",1006.9101459638975,0,,
Car 485,,,,72,,arrived,,arrived,1006.9268463814376,,,
Car 458,,,,,4,switch,,"Charger 4 (fid=2) not available, trying Charger 6 (fid=64)",1007.051270691601,6,,
Car 486,,,,45,,arrived,,arrived,1007.373523696667,,,
Car 470,,,,,3,switch,,"Charger 3 (fid=10) not available, trying Charger 0 (fid=6)",1007.3752049230022,0,,
Car 451,,,,,,gave_up,6,"no alternate charger available, gave up",1008.0506302725393,,,
Car 461,,,,,5,switch,,"Charger 5 (fid=59) not available, trying Charger 4 (fid=2)",1008.197257165769,4,,
Car 464,,,,,5,switch,,"Charger 5 (fid=59) not available, trying Charger 4 (fid=2)",1008.2595411984524,4,,
Car 481,,,,,1,switch,,"Charger 1 (fid=40) not available, trying Charger 0 (fid=6)",1009.0567604994269,0,,
Car 487,,,,15,,arrived,,arrived,1009.1636529049364,,,
Car 428,91.0,59,5,,,done,,done charging,1009.3169557169132,,,187.41383234434835
Car 477,,59,5,,,start_charge,,starting to charge at Charger 5 (fid=59),1009.3169557169132,,12.410166730494439,
Car 453,,,,,,gave_up,7,"no alternate charger available, gave up",1009.3512499071002,,,
Car 475,,,,,2,switch,,"Charger 2 (fid=71) not available, trying Charger 0 (fid=6)",1009.4863746497653,0,,
Car 474,,,,,3,switch,,"Charger 3 (fid=10) not available, trying Charger 0 (fid=6)",1009.4967521672443,0,,
Car 455,,,,,,gave_up,6,"no alternate charger available, gave up",1009.5547377699723,,,
Car 456,,,,,2,switch,,"Charger 2 (fid=71) not available, trying Charger 7 (fid=4)",1009.5911800931159,7,,
Car 457,,,,,,gave_up,6,"no alternate charger available, gave up",1009.7774296560426,,,
Car 462,,,,,3,switch,,"Charger 3 (fid=10) not available, trying Charger 2 (fid=71)",1010.2704848788355,2,,
Car 465,,,,,4,switch,,"Charger 4 (fid=2) not available, trying Charger 5 (fid=59)",1010.3890688168697,5,,
Car 482,,,,,7,switch,,"Charger 7 (fid=4) not available, trying Charger 3 (fid=10)",1010.3969732778419,3,,
Car 483,,,,,0,switch,,"Charger 0 (fid=6) not available, trying Charger 2 (fid=71)",1011.4291239482866,2,,
Car 484,,,,,2,switch,,"Charger 2 (fid=71) not available, trying Charger 0 (fid=6)",1011.7637426416932,0,,
Car 485,,,,,2,switch,,"Charger 2 (fid=71) not available, trying Charger 0 (fid=6)",1011.9268463814376,0,,
Car 486,,,,,1,switch,,"Charger 1 (fid=40) not available, trying Charger 0 (fid=6)",1012.373523696667,0,,
Car 459,,,,,4,switch,,"Charger 4 (fid=2) not available, trying Charger 6 (fid=64)",1012.4479083391212,6,,
Car 478,,,,,3,switch,,"Charger 3 (fid=10) not available, trying Charger 0 (fid=6)",1012.448486877537,0,,
Car 467,,,,,7,switch,,"Charger 7 (fid=4) not available, trying Charger 5 (fid=59)",1012.726896349584,5,,
Car 471,,,,,3,switch,,"Charger 3 (fid=10) not available, trying Charger 1 (fid=40)",1012.8970879825216,1,,
Car 421,85.0,71,2,,,done,,done charging,1012.9202094523343,,,316.3438476373293
Car 479,,71,2,,,start_charge,,starting to charge at Charger 2 (fid=71),1012.9202094523343,,8.191647116265244,
Car 472,,,,,3,switch,,"Charger 3 (fid=10) not available, trying Charger 7 (fid=4)",1013.2554776168018,7,,
Car 458,,,,,,gave_up,6,"no alternate charger available, gave up",1013.2955959814693,,,
Car 488,,,,25,,arrived,,arrived,1013.3263240579192,,,
Car 480,,,,,0,switch,,"Charger 0 (fid=6) not available, trying Charger 3 (fid=10)",1013.5424931420525,3,,
Car 469,,,,,5,switch,,"Charger 5 (fid=59) not available, trying Charger 7 (fid=4)",1013.7491697624413,7,,
Car 489,,,,4,,arrived,,arrived,1014.0642839789343,,,
Car 487,,,,,5,switch,,"Charger 5 (fid=59) not available, trying Charger 6 (fid=64)",1014.1636529049364,6,,
Car 461,,,,,4,switch,,"Charger 4 (fid=2) not available, trying Charger 6 (fid=64)",1014.7164805316052,6,,
Car 473,,,,,2,switch,,"Charger 2 (fid=71) not available, trying Charger 0 (fid=6)",1014.7499856324528,0,,
Car 468,,,,,7,switch,,"Charger 7 (fid=4) not available, trying Charger 5 (fid=59)",1014.7542865030496,5,,
Car 464,,,,,4,switch,,"Charger 4 (fid=2) not available, trying Charger 6 (fid=64)",1014.7787645642886,6,,
Car 490,,,,17,,arrived,,arrived,1015.1569412040968,,,
Car 491,,,,57,,arrived,,arrived,1015.3728349882507,,,
Car 470,,,,,0,switch,,"Charger 0 (fid=6) not available, trying Charger 1 (fid=40)",1015.72474225555,1,,
Car 492,,,,1,,arrived,,arrived,1016.057374942294,,,
Car 475,,,,,0,switch,,"Charger 0 (fid=6) not available, trying Charger 1 (fid=40)",1016.1187218279202,1,,
Car 493,,,,11,,arrived,,arrived,1016.1452861598572,,,
Car 481,,,,,0,switch,,"Charger 0 (fid=6) not available, trying Charger 5 (fid=59)",1016.5472969644944,5,,
Car 494,,,,4,,arrived,,arrived,1016.6869951129243,,,
Car 466,,,,,4,switch,,"Charger 4 (fid=2) not available, trying Charger 5 (fid=59)",1016.6940026822091,5,,
Car 465,,,,,5,switch,,"Charger 5 (fid=59) not available, trying Charger 6 (fid=64)",1016.9082921827058,6,,
Car 482,,,,,3,switch,,"Charger 3 (fid=10) not available, trying Charger 2 (fid=71)",1017.0883800023257,2,,
Car 495,,,,66,,arrived,,arrived,1017.7345491906251,,,
Car 474,,,,,0,switch,,"Charger 0 (fid=6) not available, trying Charger 1 (fid=40)",1017.8462894997921,1,,
Car 483,,,,,2,switch,,"Charger 2 (fid=71) not available, trying Charger 1 (fid=40)",1018.0614711264416,1,,
Car 456,,,,,,gave_up,7,"no alternate charger available, gave up",1018.1346561712716,,,
Car 488,,,,,7,switch,,"Charger 7 (fid=4) not available, trying Charger 2 (fid=71)",1018.3263240579192,2,,
Car 484,,,,,0,switch,,"Charger 0 (fid=6) not available, trying Charger 3 (fid=10)",1018.3960898198482,3,,
Car 485,,,,,0,switch,,"Charger 0 (fid=6) not available, trying Charger 7 (fid=4)",1018.5591935595926,7,,
Car 459,,,,,,gave_up,6,"no alternate charger available, gave up",1018.6922336289896,,,
Car 462,,,,,2,switch,,"Charger 2 (fid=71) not available, trying Charger 7 (fid=4)",1018.8955467591928,7,,
Car 489,,,,,0,switch,,"Charger 0 (fid=6) not available, trying Charger 1 (fid=40)",1019.0642839789343,1,,
Car 425,97.0,6,0,,,done,,done charging,1019.7102933201969,,,274.8442285386522
Car 486,,6,0,,,start_charge,,starting to charge at Charger 0 (fid=6),1019.7102933201969,,9.846233158462383,
Car 472,,,,,7,switch,,"Charger 7 (fid=4) not available, trying Charger 5 (fid=59)",1019.9468843412857,5,,
Car 490,,,,,2,switch,,"Charger 2 (fid=71) not available, trying Charger 7 (fid=4)",1020.1569412040968,7,,
Car 471,,,,,1,switch,,"Charger 1 (fid=40) not available, trying Charger 5 (fid=59)",1020.3549057127206,5,,
Car 491,,,,,2,switch,,"Charger 2 (fid=71) not available, trying Charger 0 (fid=6)",1020.3728349882507,0,,
Car 496,,,,91,,arrived,,arrived,1020.4310740351362,,,
Car 487,,,,,6,switch,,"Charger 6 (fid=64) not available, trying Charger 4 (fid=2)",1020.5183070358783,4,,
Car 497,,,,45,,arrived,,arrived,1020.597854478778,,,
Car 478,,,,,0,switch,,"Charger 0 (fid=6) not available, trying Charger 5 (fid=59)",1020.7980242100848,5,,
Car 461,,,,,,gave_up,6,"no alternate charger available, gave up",1020.9608058214735,,,
Car 464,,,,,,gave_up,6,"no alternate charger available, gave up",1021.023089854157,,,
Car 492,,,,,0,switch,,"Charger 0 (fid=6) not available, trying Charger 5 (fid=59)",1021.057374942294,5,,
Car 493,,,,,0,switch,,"Charger 0 (fid=6) not available, trying Charger 3 (fid=10)",1021.1452861598572,3,,
Car 498,,,,5,,arrived,,arrived,1021.2329772385066,,,
Car 473,,,,,0,switch,,"Charger 0 (fid=6) not available, trying Charger 5 (fid=59)",1021.3823328106077,5,,
Car 499,,,,52,,arrived,,arrived,1021.4790008661694,,,
Car 494,,,,,7,switch,,"Charger 7 (fid=4) not available, trying Charger 3 (fid=10)",1021.6869951129243,3,,
Car 500,,,,14,,arrived,,arrived,1021.7626504654191,,,
Car 480,,,,,3,switch,,"Charger 3 (fid=10) not available, trying Charger 7 (fid=4)",1021.8920304746003,7,,
Car 495,,,,,3,switch,,"Charger 3 (fid=10) not available, trying Charger 1 (fid=40)",1022.7345491906251,1,,
Car 501,,,,87,,arrived,,arrived,1022.7753406141585,,,
Car 466,,,,,5,switch,,"Charger 5 (fid=59) not available, trying Charger 6 (fid=64)",1023.2132260480453,6,,
Car 470,,,,,1,switch,,"Charger 1 (fid=40) not available, trying Charger 5 (fid=59)",1023.2152787206176,5,,
Car 465,,,,,,gave_up,6,"no alternate charger available, gave up",1023.2629463136477,,,
Car 502,,,,40,,arrived,,arrived,1023.471426834061,,,
Car 475,,,,,1,switch,,"Charger 1 (fid=40) not available, trying Charger 5 (fid=59)",1023.6092582929878,5,,
Car 467,,,,,5,switch,,"Charger 5 (fid=59) not available, trying Charger 4 (fid=2)",1023.9658735851083,4,,
Car 503,,,,87,,arrived,,arrived,1024.2197679525814,,,
Car 504,,,,7,,arrived,,arrived,1024.2310566886913,,,
Car 505,,,,74,,arrived,,arrived,1024.3926689618916,,,
Car 481,,,,,5,switch,,"Charger 5 (fid=59) not available, trying Charger 3 (fid=10)",1024.5506398717341,3,,
Car 506,,,,30,,arrived,,arrived,1024.675267205612,,,
Car 507,,,,29,,arrived,,arrived,1024.7123123791082,,,
Car 469,,,,,7,switch,,"Charger 7 (fid=4) not available, trying Charger 2 (fid=71)",1024.9881469979655,2,,
Car 508,,,,19,,arrived,,arrived,1025.073341689136,,,
Car 474,,,,,1,switch,,"Charger 1 (fid=40) not available, trying Charger 5 (fid=59)",1025.3368259648596,5,,
Car 496,,,,,4,switch,,"Charger 4 (fid=2) not available, trying Charger 6 (fid=64)",1025.4310740351361,6,,
Car 497,,,,,1,switch,,"Charger 1 (fid=40) not available, trying Charger 0 (fid=6)",1025.5978544787781,0,,
Car 482,,,,,2,switch,,"Charger 2 (fid=71) not available, trying Charger 0 (fid=6)",1025.7134418826831,0,,
Car 468,,,,,5,switch,,"Charger 5 (fid=59) not available, trying Charger 4 (fid=2)",1025.993263738574,4,,
Car 509,,,,71,,arrived,,arrived,1026.1548263728148,,,
Car 498,,,,,7,switch,,"Charger 7 (fid=4) not available, trying Charger 3 (fid=10)",1026.2329772385065,3,,
Car 499,,,,,5,switch,,"Charger 5 (fid=59) not available, trying Charger 4 (fid=2)",1026.4790008661694,4,,
Car 489,,,,,1,switch,,"Charger 1 (fid=40) not available, trying Charger 5 (fid=59)",1026.554820444002,5,,
Car 510,,,,41,,arrived,,arrived,1026.743462149811,,,
Car 484,,,,,3,switch,,"Charger 3 (fid=10) not available, trying Charger 1 (fid=40)",1026.745627152396,1,,
Car 487,,,,,4,switch,,"Charger 4 (fid=2) not available, trying Charger 1 (fid=40)",1026.7626323257466,1,,
Car 500,,,,,2,switch,,"Charger 2 (fid=71) not available, trying Charger 0 (fid=6)",1026.762650465419,0,,
Car 483,,,,,1,switch,,"Charger 1 (fid=40) not available, trying Charger 3 (fid=10)",1026.8591163561814,3,,
Car 488,,,,,2,switch,,"Charger 2 (fid=71) not available, trying Charger 3 (fid=10)",1026.869800136075,3,,
Car 491,,,,,0,switch,,"Charger 0 (fid=6) not available, trying Charger 7 (fid=4)",1027.0051821664056,7,,
Car 511,,,,89,,arrived,,arrived,1027.3912872737542,,,
Car 462,,,,,,gave_up,7,"no alternate charger available, gave up",1027.4390228373486,,,
Car 485,,,,,7,switch,,"Charger 7 (fid=4) not available, trying Charger 3 (fid=10)",1027.5743127551455,3,,
Car 501,,,,,4,switch,,"Charger 4 (fid=2) not available, trying Charger 6 (fid=64)",1027.7753406141585,6,,
Car 512,,,,59,,arrived,,arrived,1027.809461665721,,,
Car 471,,,,,5,switch,,"Charger 5 (fid=59) not available, trying Charger 4 (fid=2)",1027.8650967968965,4,,
Car 513,,,,56,,arrived,,arrived,1027.9340286260283,,,
Car 494,,,,,3,switch,,"Charger 3 (fid=10) not available, trying Charger 2 (fid=71)",1028.378401837408,2,,
Car 502,,,,,1,switch,,"Charger 1 (fid=40) not available, trying Charger 3 (fid=10)",1028.471426834061,3,,
Car 514,,,,31,,arrived,,arrived,1028.537008430545,,,
Car 480,,,,,7,switch,,"Charger 7 (fid=4) not available, trying Charger 1 (fid=40)",1028.583437199084,1,,
Car 490,,,,,7,switch,,"Charger 7 (fid=4) not available, trying Charger 0 (fid=6)",1028.7004172822526,0,,
Car 478,,,,,5,switch,,"Charger 5 (fid=59) not available, trying Charger 4 (fid=2)",1028.8013671173244,4,,
Car 492,,,,,5,switch,,"Charger 5 (fid=59) not available, trying Charger 4 (fid=2)",1029.0607178495338,4,,
Car 503,,,,,4,switch,,"Charger 4 (fid=2) not available, trying Charger 6 (fid=64)",1029.2197679525814,6,,
Car 504,,,,,4,switch,,"Charger 4 (fid=2) not available, trying Charger 5 (fid=59)",1029.2310566886913,5,,
Car 515,,,,55,,arrived,,arrived,1029.3841836049805,,,
Car 473,,,,,5,switch,,"Charger 5 (fid=59) not available, trying Charger 4 (fid=2)",1029.3856757178476,4,,
Car 505,,,,,4,switch,,"Charger 4 (fid=2) not available, trying Charger 5 (fid=59)",1029.3926689618916,5,,
Car 493,,,,,3,switch,,"Charger 3 (fid=10) not available, trying Charger 2 (fid=71)",1029.494823492405,2,,
Car 466,,,,,,gave_up,6,"no alternate charger available, gave up",1029.567880178987,,,
Car 506,,,,,2,switch,,"Charger 2 (fid=71) not available, trying Charger 7 (fid=4)",1029.675267205612,7,,
Car 507,,,,,7,switch,,"Charger 7 (fid=4) not available, trying Charger 2 (fid=71)",1029.7123123791082,2,,
Car 508,,,,,2,switch,,"Charger 2 (fid=71) not available, trying Charger 0 (fid=6)",1030.073341689136,0,,
Car 495,,,,,1,switch,,"Charger 1 (fid=40) not available, trying Charger 7 (fid=4)",1030.192366920824,7,,
Car 467,,,,,4,switch,,"Charger 4 (fid=2) not available, trying Charger 6 (fid=64)",1030.4850969509446,6,,
Car 470,,,,,5,switch,,"Charger 5 (fid=59) not available, trying Charger 4 (fid=2)",1030.7254698047934,4,,
Car 516,,,,35,,arrived,,arrived,1031.0427330105094,,,
Car 475,,,,,5,switch,,"Charger 5 (fid=59) not available, trying Charger 4 (fid=2)",1031.1194493771636,4,,
Car 509,,,,,2,switch,,"Charger 2 (fid=71) not available, trying Charger 0 (fid=6)",1031.1548263728148,0,,
Car 472,,,,,5,switch,,"Charger 5 (fid=59) not available, trying Charger 4 (fid=2)",1031.1858615768099,4,,
Car 517,,,,56,,arrived,,arrived,1031.2195021453715,,,
Car 496,,,,,6,switch,,"Charger 6 (fid=64) not available, trying Charger 5 (fid=59)",1031.6753993250045,5,,
Car 510,,,,,7,switch,,"Charger 7 (fid=4) not available, trying Charger 2 (fid=71)",1031.743462149811,2,,
Car 518,,,,61,,arrived,,arrived,1032.287447896161,,,
Car 482,,,,,0,switch,,"Charger 0 (fid=6) not available, trying Charger 1 (fid=40)",1032.3457890608381,1,,
Car 511,,,,,4,switch,,"Charger 4 (fid=2) not available, trying Charger 6 (fid=64)",1032.3912872737542,6,,
Car 519,,,,73,,arrived,,arrived,1032.478682400241,,,
Car 468,,,,,4,switch,,"Charger 4 (fid=2) not available, trying Charger 6 (fid=64)",1032.5124871044102,6,,
Car 512,,,,,5,switch,,"Charger 5 (fid=59) not available, trying Charger 6 (fid=64)",1032.809461665721,6,,
Car 474,,,,,5,switch,,"Charger 5 (fid=59) not available, trying Charger 4 (fid=2)",1032.8470170490355,4,,
Car 498,,,,,3,switch,,"Charger 3 (fid=10) not available, trying Charger 2 (fid=71)",1032.9243839629903,2,,
Car 513,,,,,2,switch,,"Charger 2 (fid=71) not available, trying Charger 0 (fid=6)",1032.9340286260283,0,,
Car 499,,,,,4,switch,,"Charger 4 (fid=2) not available, trying Charger 0 (fid=6)",1032.9982242320057,0,,
Car 497,,,,,0,switch,,"Charger 0 (fid=6) not available, trying Charger 3 (fid=10)",1033.0883909438455,3,,
Car 500,,,,,0,switch,,"Charger 0 (fid=6) not available, trying Charger 3 (fid=10)",1033.394997643574,3,,
Car 469,,,,,2,switch,,"Charger 2 (fid=71) not available, trying Charger 4 (fid=2)",1033.5316230761212,4,,
Car 514,,,,,2,switch,,"Charger 2 (fid=71) not available, trying Charger 7 (fid=4)",1033.537008430545,7,,
Car 501,,,,,6,switch,,"Charger 6 (fid=64) not available, trying Charger 5 (fid=59)",1034.0196659040269,5,,
Car 489,,,,,5,switch,,"Charger 5 (fid=59) not available, trying Charger 2 (fid=71)",1034.0650115281778,2,,
Car 484,,,,,1,switch,,"Charger 1 (fid=40) not available, trying Charger 7 (fid=4)",1034.203444882595,7,,
Car 485,,,,,3,switch,,"Charger 3 (fid=10) not available, trying Charger 1 (fid=40)",1034.2657194796293,1,,
Car 483,,,,,3,switch,,"Charger 3 (fid=10) not available, trying Charger 7 (fid=4)",1034.3169340863803,7,,
Car 515,,,,,2,switch,,"Charger 2 (fid=71) not available, trying Charger 0 (fid=6)",1034.3841836049805,0,,
Car 471,,,,,4,switch,,"Charger 4 (fid=2) not available, trying Charger 6 (fid=64)",1034.3843201627328,6,,
Car 481,,,,,3,switch,,"Charger 3 (fid=10) not available, trying Charger 2 (fid=71)",1034.435648198724,2,,
Car 520,,,,43,,arrived,,arrived,1034.5703213974791,,,
Car 478,,,,,4,switch,,"Charger 4 (fid=2) not available, trying Charger 2 (fid=71)",1035.3205904831607,2,,
Car 503,,,,,6,switch,,"Charger 6 (fid=64) not available, trying Charger 5 (fid=59)",1035.4640932424497,5,,
Car 488,,,,,3,switch,,"Charger 3 (fid=10) not available, trying Charger 0 (fid=6)",1035.494862016432,0,,
Car 487,,,,,1,switch,,"Charger 1 (fid=40) not available, trying Charger 0 (fid=6)",1035.548316575963,0,,
Car 492,,,,,4,switch,,"Charger 4 (fid=2) not available, trying Charger 1 (fid=40)",1035.5799412153701,1,,
Car 504,,,,,5,switch,,"Charger 5 (fid=59) not available, trying Charger 6 (fid=64)",1035.7502800545276,6,,
Car 473,,,,,4,switch,,"Charger 4 (fid=2) not available, trying Charger 6 (fid=64)",1035.9048990836839,6,,
Car 505,,,,,5,switch,,"Charger 5 (fid=59) not available, trying Charger 0 (fid=6)",1035.9118923277279,0,,
Car 502,,,,,3,switch,,"Charger 3 (fid=10) not available, trying Charger 0 (fid=6)",1035.92924456426,0,,
Car 491,,,,,7,switch,,"Charger 7 (fid=4) not available, trying Charger 3 (fid=10)",1036.0203013619584,3,,
Car 516,,,,,2,switch,,"Charger 2 (fid=71) not available, trying Charger 0 (fid=6)",1036.0427330105094,0,,
Car 517,,,,,2,switch,,"Charger 2 (fid=71) not available, trying Charger 0 (fid=6)",1036.2195021453715,0,,
Car 508,,,,,0,switch,,"Charger 0 (fid=6) not available, trying Charger 7 (fid=4)",1036.705688867291,7,,
Car 467,,,,,,gave_up,6,"no alternate charger available, gave up",1036.729422240813,,,
Car 494,,,,,2,switch,,"Charger 2 (fid=71) not available, trying Charger 1 (fid=40)",1037.0034637177653,1,,
Car 470,,,,,4,switch,,"Charger 4 (fid=2) not available, trying Charger 6 (fid=64)",1037.2446931706297,6,,
Car 518,,,,,1,switch,,"Charger 1 (fid=40) not available, trying Charger 3 (fid=10)",1037.287447896161,3,,
Car 521,,,,35,,arrived,,arrived,1037.4635711487213,,,
Car 519,,,,,3,switch,,"Charger 3 (fid=10) not available, trying Charger 7 (fid=4)",1037.478682400241,7,,
Car 522,,,,76,,arrived,,arrived,1037.5579191578984,,,
Car 480,,,,,1,switch,,"Charger 1 (fid=40) not available, trying Charger 5 (fid=59)",1037.5793260596147,5,,
Car 475,,,,,4,switch,,"Charger 4 (fid=2) not available, trying Charger 6 (fid=64)",1037.638672743,6,,
Car 472,,,,,4,switch,,"Charger 4 (fid=2) not available, trying Charger 6 (fid=64)",1037.7050849426462,6,,
Car 490,,,,,0,switch,,"Charger 0 (fid=6) not available, trying Charger 3 (fid=10)",1037.7155364778055,3,,
Car 509,,,,,0,switch,,"Charger 0 (fid=6) not available, trying Charger 7 (fid=4)",1037.7871735509698,7,,
Car 496,,,,,5,switch,,"Charger 5 (fid=59) not available, trying Charger 0 (fid=6)",1038.0300534559462,0,,
Car 440,93.0,4,7,,,done,,done charging,1038.0666470251626,,,345.46278992099593
Car 506,,4,7,,,start_charge,,starting to charge at Charger 7 (fid=4),1038.0666470251626,,9.84790374139493,
Car 493,,,,,2,switch,,"Charger 2 (fid=71) not available, trying Charger 1 (fid=40)",1038.1198853727622,1,,
Car 507,,,,,2,switch,,"Charger 2 (fid=71) not available, trying Charger 3 (fid=10)",1038.2557884572639,3,,
Car 445,62.0,4,7,,,done,,done charging,1038.5948824163274,,,295.05460530891753
Car 495,,4,7,,,start_charge,,starting to charge at Charger 7 (fid=4),1038.5948824163274,,14.406626634972781,
Car 511,,,,,6,switch,,"Charger 6 (fid=64) not available, trying Charger 5 (fid=59)",1038.6356125636225,5,,
Car 468,,,,,,gave_up,6,"no alternate charger available, gave up",1038.7568123942785,,,
Car 523,,,,62,,arrived,,arrived,1038.9534851200874,,,
Car 512,,,,,6,switch,,"Charger 6 (fid=64) not available, trying Charger 4 (fid=2)",1039.1641157966628,4,,
Car 524,,,,60,,arrived,,arrived,1039.2402601724702,,,
Car 474,,,,,4,switch,,"Charger 4 (fid=2) not available, trying Charger 6 (fid=64)",1039.3662404148718,6,,
Car 513,,,,,0,switch,,"Charger 0 (fid=6) not available, trying Charger 7 (fid=4)",1039.5663758041833,7,,
Car 520,,,,,7,switch,,"Charger 7 (fid=4) not available, trying Charger 2 (fid=71)",1039.5703213974791,2,,
Car 482,,,,,1,switch,,"Charger 1 (fid=40) not available, trying Charger 5 (fid=59)",1039.8363255259055,5,,
Car 510,,,,,2,switch,,"Charger 2 (fid=71) not available, trying Charger 3 (fid=10)",1040.2869382279666,3,,
Car 501,,,,,5,switch,,"Charger 5 (fid=59) not available, trying Charger 0 (fid=6)",1040.3743200349686,0,,
Car 471,,,,,,gave_up,6,"no alternate charger available, gave up",1040.6286454526012,,,
Car 525,,,,37,,arrived,,arrived,1040.6669764403166,,,
Car 526,,,,28,,arrived,,arrived,1040.8726636370604,,,
Car 483,,,,,7,switch,,"Charger 7 (fid=4) not available, trying Charger 5 (fid=59)",1041.0083408108642,5,,
Car 515,,,,,0,switch,,"Charger 0 (fid=6) not available, trying Charger 7 (fid=4)",1041.0165307831355,7,,
Car 499,,,,,0,switch,,"Charger 0 (fid=6) not available, trying Charger 6 (fid=64)",1041.263733730496,6,,
Car 497,,,,,3,switch,,"Charger 3 (fid=10) not available, trying Charger 2 (fid=71)",1041.4379282763932,2,,
Car 498,,,,,2,switch,,"Charger 2 (fid=71) not available, trying Charger 0 (fid=6)",1041.5494458433475,0,,
Car 527,,,,46,,arrived,,arrived,1041.5551988892742,,,
Car 485,,,,,1,switch,,"Charger 1 (fid=40) not available, trying Charger 5 (fid=59)",1041.7235372098282,5,,
Car 528,,,,38,,arrived,,arrived,1041.734392196691,,,
Car 500,,,,,3,switch,,"Charger 3 (fid=10) not available, trying Charger 7 (fid=4)",1041.7445349761217,7,,
Car 503,,,,,5,switch,,"Charger 5 (fid=59) not available, trying Charger 0 (fid=6)",1041.8187473733915,0,,
Car 514,,,,,7,switch,,"Charger 7 (fid=4) not available, trying Charger 0 (fid=6)",1042.0804845087007,0,,
Car 504,,,,,6,switch,,"Charger 6 (fid=64) not available, trying Charger 0 (fid=6)",1042.1049341854693,0,,
Car 529,,,,24,,arrived,,arrived,1042.1478088302015,,,
Car 473,,,,,,gave_up,6,"no alternate charger available, gave up",1042.1492243735522,,,
Car 530,,,,82,,arrived,,arrived,1042.1553623543878,,,
Car 521,,,,,2,switch,,"Charger 2 (fid=71) not available, trying Charger 0 (fid=6)",1042.4635711487213,0,,
Car 522,,,,,4,switch,,"Charger 4 (fid=2) not available, trying Charger 6 (fid=64)",1042.5579191578984,6,,
Car 516,,,,,0,switch,,"Charger 0 (fid=6) not available, trying Charger 1 (fid=40)",1042.6750801886644,1,,
Car 491,,,,,3,switch,,"Charger 3 (fid=10) not available, trying Charger 1 (fid=40)",1042.7117080864423,1,,
Car 517,,,,,0,switch,,"Charger 0 (fid=6) not available, trying Charger 7 (fid=4)",1042.8518493235265,7,,
Car 487,,,,,0,switch,,"Charger 0 (fid=6) not available, trying Charger 2 (fid=71)",1043.0388530410305,2,,
Car 481,,,,,2,switch,,"Charger 2 (fid=71) not available, trying Charger 4 (fid=2)",1043.0607100790812,4,,
Car 424,118.0,71,2,,,done,,done charging,1043.0829460285186,,,250.28443602029674
Car 489,,71,2,,,start_charge,,starting to charge at Charger 2 (fid=71),1043.0829460285186,,19.389007920717745,
Car 484,,,,,7,switch,,"Charger 7 (fid=4) not available, trying Charger 5 (fid=59)",1043.1993337431256,5,,
Car 469,,,,,4,switch,,"Charger 4 (fid=2) not available, trying Charger 6 (fid=64)",1043.2383429263832,6,,
Car 470,,,,,,gave_up,6,"no alternate charger available, gave up",1043.489018460498,,,
Car 488,,,,,0,switch,,"Charger 0 (fid=6) not available, trying Charger 1 (fid=40)",1043.8443993489798,1,,
Car 475,,,,,,gave_up,6,"no alternate charger available, gave up",1043.8829980328683,,,
Car 505,,,,,0,switch,,"Charger 0 (fid=6) not available, trying Charger 6 (fid=64)",1043.9152352349677,6,,
Car 472,,,,,,gave_up,6,"no alternate charger available, gave up",1043.9494102325145,,,
Car 523,,,,,1,switch,,"Charger 1 (fid=40) not available, trying Charger 0 (fid=6)",1043.9534851200874,0,,
Car 519,,,,,7,switch,,"Charger 7 (fid=4) not available, trying Charger 1 (fid=40)",1044.1700891247249,1,,
Car 524,,,,,1,switch,,"Charger 1 (fid=40) not available, trying Charger 0 (fid=6)",1044.2402601724702,0,,
Car 502,,,,,0,switch,,"Charger 0 (fid=6) not available, trying Charger 5 (fid=59)",1044.2787818968077,5,,
Car 492,,,,,1,switch,,"Charger 1 (fid=40) not available, trying Charger 6 (fid=64)",1044.3656254655866,6,,
Car 418,109.0,64,6,,,done,,done charging,1044.3674109691256,,,430.7072674346094
Car 474,,64,6,,,start_charge,,starting to charge at Charger 6 (fid=64),1044.3674109691256,,38.75684526438545,
Car 531,,,,26,,arrived,,arrived,1044.5175732709888,,,
Car 518,,,,,3,switch,,"Charger 3 (fid=10) not available, trying Charger 0 (fid=6)",1044.74526562636,0,,
Car 511,,,,,5,switch,,"Charger 5 (fid=59) not available, trying Charger 0 (fid=6)",1044.9902666945643,0,,
Car 478,,,,,2,switch,,"Charger 2 (fid=71) not available, trying Charger 6 (fid=64)",1045.0273103334227,6,,
Car 532,,,,13,,arrived,,arrived,1045.0335287877724,,,
Car 480,,,,,5,switch,,"Charger 5 (fid=59) not available, trying Charger 4 (fid=2)",1045.0895171437905,4,,
Car 533,,,,58,,arrived,,arrived,1045.1871226712444,,,
Car 534,,,,30,,arrived,,arrived,1045.2139021304488,,,
Car 535,,,,51,,arrived,,arrived,1045.331324770165,,,
Car 512,,,,,4,switch,,"Charger 4 (fid=2) not available, trying Charger 1 (fid=40)",1045.4084410865312,1,,
Car 525,,,,,7,switch,,"Charger 7 (fid=4) not available, trying Charger 3 (fid=10)",1045.6669764403166,3,,
Car 508,,,,,7,switch,,"Charger 7 (fid=4) not available, trying Charger 3 (fid=10)",1045.7208080628438,3,,
Car 494,,,,,1,switch,,"Charger 1 (fid=40) not available, trying Charger 0 (fid=6)",1045.801108947505,0,,
Car 526,,,,,2,switch,,"Charger 2 (fid=71) not available, trying Charger 0 (fid=6)",1045.8726636370604,0,,
Car 496,,,,,0,switch,,"Charger 0 (fid=6) not available, trying Charger 1 (fid=40)",1046.033396363186,1,,
Car 490,,,,,3,switch,,"Charger 3 (fid=10) not available, trying Charger 1 (fid=40)",1046.0650738103532,1,,
Car 527,,,,,7,switch,,"Charger 7 (fid=4) not available, trying Charger 2 (fid=71)",1046.5551988892742,2,,
Car 536,,,,39,,arrived,,arrived,1046.6886693087722,,,
Car 528,,,,,7,switch,,"Charger 7 (fid=4) not available, trying Charger 3 (fid=10)",1046.734392196691,3,,
Car 509,,,,,7,switch,,"Charger 7 (fid=4) not available, trying Charger 3 (fid=10)",1046.8022927465227,3,,
Car 507,,,,,3,switch,,"Charger 3 (fid=10) not available, trying Charger 0 (fid=6)",1046.880850337621,0,,
Car 493,,,,,1,switch,,"Charger 1 (fid=40) not available, trying Charger 7 (fid=4)",1046.917530602502,7,,
Car 529,,,,,7,switch,,"Charger 7 (fid=4) not available, trying Charger 2 (fid=71)",1047.1478088302015,2,,
Car 530,,,,,4,switch,,"Charger 4 (fid=2) not available, trying Charger 6 (fid=64)",1047.1553623543878,6,,
Car 482,,,,,5,switch,,"Charger 5 (fid=59) not available, trying Charger 4 (fid=2)",1047.3465166100814,4,,
Car 520,,,,,2,switch,,"Charger 2 (fid=71) not available, trying Charger 3 (fid=10)",1048.1137974756348,3,,
Car 498,,,,,0,switch,,"Charger 0 (fid=6) not available, trying Charger 1 (fid=40)",1048.1817930215025,1,,
Car 501,,,,,0,switch,,"Charger 0 (fid=6) not available, trying Charger 1 (fid=40)",1048.3776629422084,1,,
Car 537,,,,9,,arrived,,arrived,1048.4022241656066,,,
Car 500,,,,,7,switch,,"Charger 7 (fid=4) not available, trying Charger 1 (fid=40)",1048.4359417006056,1,,
Car 513,,,,,7,switch,,"Charger 7 (fid=4) not available, trying Charger 3 (fid=10)",1048.5814949997362,3,,
Car 522,,,,,6,switch,,"Charger 6 (fid=64) not available, trying Charger 5 (fid=59)",1048.8022444477667,5,,
Car 510,,,,,3,switch,,"Charger 3 (fid=10) not available, trying Charger 0 (fid=6)",1048.9120001083238,0,,
Car 521,,,,,0,switch,,"Charger 0 (fid=6) not available, trying Charger 1 (fid=40)",1049.0959183268762,1,,
Car 485,,,,,5,switch,,"Charger 5 (fid=59) not available, trying Charger 4 (fid=2)",1049.233728294004,4,,
Car 469,,,,,,gave_up,6,"no alternate charger available, gave up",1049.4826682162516,,,
Car 531,,,,,7,switch,,"Charger 7 (fid=4) not available, trying Charger 2 (fid=71)",1049.5175732709888,2,,
Car 487,,,,,2,switch,,"Charger 2 (fid=71) not available, trying Charger 3 (fid=10)",1049.6712002191855,3,,
Car 503,,,,,0,switch,,"Charger 0 (fid=6) not available, trying Charger 1 (fid=40)",1049.8220902806313,1,,
Car 515,,,,,7,switch,,"Charger 7 (fid=4) not available, trying Charger 3 (fid=10)",1050.0316499786884,3,,
Car 532,,,,,2,switch,,"Charger 2 (fid=71) not available, trying Charger 0 (fid=6)",1050.0335287877724,0,,
Car 497,,,,,2,switch,,"Charger 2 (fid=71) not available, trying Charger 7 (fid=4)",1050.0629901567504,7,,
Car 516,,,,,1,switch,,"Charger 1 (fid=40) not available, trying Charger 3 (fid=10)",1050.1656166537318,3,,
Car 491,,,,,1,switch,,"Charger 1 (fid=40) not available, trying Charger 5 (fid=59)",1050.1695258166412,5,,
Car 533,,,,,5,switch,,"Charger 5 (fid=59) not available, trying Charger 6 (fid=64)",1050.1871226712444,6,,
Car 534,,,,,2,switch,,"Charger 2 (fid=71) not available, trying Charger 7 (fid=4)",1050.2139021304488,7,,
Car 535,,,,,5,switch,,"Charger 5 (fid=59) not available, trying Charger 1 (fid=40)",1050.331324770165,1,,
Car 499,,,,,6,switch,,"Charger 6 (fid=64) not available, trying Charger 1 (fid=40)",1050.360229830685,1,,
Car 514,,,,,0,switch,,"Charger 0 (fid=6) not available, trying Charger 3 (fid=10)",1051.0956037042536,3,,
Car 504,,,,,0,switch,,"Charger 0 (fid=6) not available, trying Charger 1 (fid=40)",1051.2014302856585,1,,
Car 488,,,,,1,switch,,"Charger 1 (fid=40) not available, trying Charger 5 (fid=59)",1051.3349358140472,5,,
Car 523,,,,,0,switch,,"Charger 0 (fid=6) not available, trying Charger 3 (fid=10)",1051.4440215851548,3,,
Car 480,,,,,4,switch,,"Charger 4 (fid=2) not available, trying Charger 6 (fid=64)",1051.6087405096268,6,,
Car 536,,,,,1,switch,,"Charger 1 (fid=40) not available, trying Charger 5 (fid=59)",1051.6886693087722,5,,
Car 524,,,,,0,switch,,"Charger 0 (fid=6) not available, trying Charger 3 (fid=10)",1051.7307966375377,3,,
Car 517,,,,,7,switch,,"Charger 7 (fid=4) not available, trying Charger 3 (fid=10)",1051.8669685190794,3,,
Car 483,,,,,5,switch,,"Charger 5 (fid=59) not available, trying Charger 4 (fid=2)",1052.2473180463885,4,,
Car 448,79.0,59,5,,,done,,done charging,1052.247752065989,,,221.82898320328553
Car 502,,59,5,,,start_charge,,starting to charge at Charger 5 (fid=59),1052.247752065989,,19.965627261941563,
Car 525,,,,,3,switch,,"Charger 3 (fid=10) not available, trying Charger 2 (fid=71)",1052.3583831648004,2,,
Car 508,,,,,3,switch,,"Charger 3 (fid=10) not available, trying Charger 1 (fid=40)",1052.4122147873277,1,,
Car 526,,,,,0,switch,,"Charger 0 (fid=6) not available, trying Charger 1 (fid=40)",1052.5050108152154,1,,
Car 481,,,,,4,switch,,"Charger 4 (fid=2) not available, trying Charger 6 (fid=64)",1052.7674299293433,6,,
Car 511,,,,,0,switch,,"Charger 0 (fid=6) not available, trying Charger 1 (fid=40)",1052.993609601804,1,,
Car 505,,,,,6,switch,,"Charger 6 (fid=64) not available, trying Charger 2 (fid=71)",1053.0117313351568,2,,
Car 538,,,,75,,arrived,,arrived,1053.0466306582462,,,
Car 518,,,,,0,switch,,"Charger 0 (fid=6) not available, trying Charger 5 (fid=59)",1053.0948029589076,5,,
Car 519,,,,,1,switch,,"Charger 1 (fid=40) not available, trying Charger 2 (fid=71)",1053.1659779852555,2,,
Car 492,,,,,6,switch,,"Charger 6 (fid=64) not available, trying Charger 2 (fid=71)",1053.2183015237827,2,,
Car 494,,,,,0,switch,,"Charger 0 (fid=6) not available, trying Charger 5 (fid=59)",1053.2916454125725,5,,
Car 530,,,,,6,switch,,"Charger 6 (fid=64) not available, trying Charger 5 (fid=59)",1053.3996876442561,5,,
Car 537,,,,,3,switch,,"Charger 3 (fid=10) not available, trying Charger 1 (fid=40)",1053.4022241656066,1,,
Car 528,,,,,3,switch,,"Charger 3 (fid=10) not available, trying Charger 2 (fid=71)",1053.4257989211749,2,,
Car 509,,,,,3,switch,,"Charger 3 (fid=10) not available, trying Charger 1 (fid=40)",1053.4936994710065,1,,
Car 490,,,,,1,switch,,"Charger 1 (fid=40) not available, trying Charger 5 (fid=59)",1053.522891540552,5,,
Car 496,,,,,1,switch,,"Charger 1 (fid=40) not available, trying Charger 2 (fid=71)",1053.5239328282535,2,,
Car 482,,,,,4,switch,,"Charger 4 (fid=2) not available, trying Charger 6 (fid=64)",1053.8657399759177,6,,
Car 512,,,,,1,switch,,"Charger 1 (fid=40) not available, trying Charger 0 (fid=6)",1054.1941253367477,0,,
Car 484,,,,,5,switch,,"Charger 5 (fid=59) not available, trying Charger 4 (fid=2)",1054.43831097865,4,,
Car 539,,,,10,,arrived,,arrived,1054.850962895645,,,
Car 527,,,,,2,switch,,"Charger 2 (fid=71) not available, trying Charger 3 (fid=10)",1055.0986749674298,3,,
Car 522,,,,,5,switch,,"Charger 5 (fid=59) not available, trying Charger 0 (fid=6)",1055.1568985787085,0,,
Car 507,,,,,0,switch,,"Charger 0 (fid=6) not available, trying Charger 1 (fid=40)",1055.2303876701687,1,,
Car 513,,,,,3,switch,,"Charger 3 (fid=10) not available, trying Charger 1 (fid=40)",1055.27290172422,1,,
Car 498,,,,,1,switch,,"Charger 1 (fid=40) not available, trying Charger 5 (fid=59)",1055.6723294865699,5,,
Car 478,,,,,6,switch,,"Charger 6 (fid=64) not available, trying Charger 7 (fid=4)",1055.6882660382885,7,,
Car 529,,,,,2,switch,,"Charger 2 (fid=71) not available, trying Charger 3 (fid=10)",1055.6912849083571,3,,
Car 485,,,,,4,switch,,"Charger 4 (fid=2) not available, trying Charger 6 (fid=64)",1055.7529516598404,6,,
Car 501,,,,,1,switch,,"Charger 1 (fid=40) not available, trying Charger 2 (fid=71)",1055.8681994072758,2,,
Car 493,,,,,7,switch,,"Charger 7 (fid=4) not available, trying Charger 5 (fid=59)",1055.9134194630326,5,,
Car 540,,,,26,,arrived,,arrived,1056.2908942548318,,,
Car 533,,,,,6,switch,,"Charger 6 (fid=64) not available, trying Charger 4 (fid=2)",1056.5417768021862,4,,
Car 521,,,,,1,switch,,"Charger 1 (fid=40) not available, trying Charger 3 (fid=10)",1056.5864547919437,3,,
Car 532,,,,,0,switch,,"Charger 0 (fid=6) not available, trying Charger 7 (fid=4)",1056.6658759659274,7,,
Car 515,,,,,3,switch,,"Charger 3 (fid=10) not available, trying Charger 1 (fid=40)",1056.7230567031722,1,,
Car 520,,,,,3,switch,,"Charger 3 (fid=10) not available, trying Charger 0 (fid=6)",1056.738859355992,0,,
Car 510,,,,,0,switch,,"Charger 0 (fid=6) not available, trying Charger 1 (fid=40)",1057.2615374408715,1,,
Car 503,,,,,1,switch,,"Charger 1 (fid=40) not available, trying Charger 2 (fid=71)",1057.3126267456987,2,,
Car 500,,,,,1,switch,,"Charger 1 (fid=40) not available, trying Charger 5 (fid=59)",1057.4318305611362,5,,
Car 516,,,,,3,switch,,"Charger 3 (fid=10) not available, trying Charger 7 (fid=4)",1057.6234343839308,7,,
Car 491,,,,,5,switch,,"Charger 5 (fid=59) not available, trying Charger 4 (fid=2)",1057.679716900817,4,,
Car 535,,,,,1,switch,,"Charger 1 (fid=40) not available, trying Charger 0 (fid=6)",1057.841515854341,0,,
Car 480,,,,,,gave_up,6,"no alternate charger available, gave up",1057.8530657994952,,,
Car 538,,,,,5,switch,,"Charger 5 (fid=59) not available, trying Charger 6 (fid=64)",1058.0466306582462,6,,
Car 531,,,,,2,switch,,"Charger 2 (fid=71) not available, trying Charger 3 (fid=10)",1058.0610493491445,3,,
Car 541,,,,29,,arrived,,arrived,1058.1549423904646,,,
Car 542,,,,37,,arrived,,arrived,1058.2179622447031,,,
Car 487,,,,,3,switch,,"Charger 3 (fid=10) not available, trying Charger 7 (fid=4)",1058.2962620995427,7,,
Car 517,,,,,3,switch,,"Charger 3 (fid=10) not available, trying Charger 1 (fid=40)",1058.5583752435632,1,,
Car 497,,,,,7,switch,,"Charger 7 (fid=4) not available, trying Charger 5 (fid=59)",1058.606466234906,5,,
Car 504,,,,,1,switch,,"Charger 1 (fid=40) not available, trying Charger 2 (fid=71)",1058.691966750726,2,,
Car 534,,,,,7,switch,,"Charger 7 (fid=4) not available, trying Charger 3 (fid=10)",1058.7573782086045,3,,
Car 483,,,,,4,switch,,"Charger 4 (fid=2) not available, trying Charger 6 (fid=64)",1058.7665414122248,6,,
Car 488,,,,,5,switch,,"Charger 5 (fid=59) not available, trying Charger 4 (fid=2)",1058.845126898223,4,,
Car 481,,,,,6,switch,,"Charger 6 (fid=64) not available, trying Charger 7 (fid=4)",1059.0117552192116,7,,
Car 536,,,,,5,switch,,"Charger 5 (fid=59) not available, trying Charger 0 (fid=6)",1059.198860392948,0,,
Car 499,,,,,1,switch,,"Charger 1 (fid=40) not available, trying Charger 2 (fid=71)",1059.212905888881,2,,
Car 514,,,,,3,switch,,"Charger 3 (fid=10) not available, trying Charger 1 (fid=40)",1059.4451410368013,1,,
Car 452,85.0,10,3,,,done,,done charging,1059.5918798729733,,,284.2491048868719
Car 523,,10,3,,,start_charge,,starting to charge at Charger 3 (fid=10),1059.5918798729733,,14.79832095527081,
Car 530,,,,,5,switch,,"Charger 5 (fid=59) not available, trying Charger 0 (fid=6)",1059.7543417751979,0,,
Car 539,,,,,3,switch,,"Charger 3 (fid=10) not available, trying Charger 7 (fid=4)",1059.850962895645,7,,
Car 508,,,,,1,switch,,"Charger 1 (fid=40) not available, trying Charger 4 (fid=2)",1059.8700325175266,4,,
Car 526,,,,,1,switch,,"Charger 1 (fid=40) not available, trying Charger 3 (fid=10)",1059.9955472802828,3,,
Car 524,,,,,3,switch,,"Charger 3 (fid=10) not available, trying Charger 5 (fid=59)",1060.0803339700853,5,,
Car 482,,,,,,gave_up,6,"no alternate charger available, gave up",1060.110065265786,,,
Car 543,,,,62,,arrived,,arrived,1060.42554873173,,,
Car 511,,,,,1,switch,,"Charger 1 (fid=40) not available, trying Charger 2 (fid=71)",1060.4841460668715,2,,
Car 537,,,,,1,switch,,"Charger 1 (fid=40) not available, trying Charger 7 (fid=4)",1060.8600418958056,7,,
Car 509,,,,,1,switch,,"Charger 1 (fid=40) not available, trying Charger 5 (fid=59)",1060.9515172012054,5,,
Car 484,,,,,4,switch,,"Charger 4 (fid=2) not available, trying Charger 6 (fid=64)",1060.9575343444862,6,,
Car 525,,,,,2,switch,,"Charger 2 (fid=71) not available, trying Charger 0 (fid=6)",1060.9834450451576,0,,
Car 490,,,,,5,switch,,"Charger 5 (fid=59) not available, trying Charger 4 (fid=2)",1061.033082624728,4,,
Car 518,,,,,5,switch,,"Charger 5 (fid=59) not available, trying Charger 7 (fid=4)",1061.0981458661474,7,,
Car 540,,,,,2,switch,,"Charger 2 (fid=71) not available, trying Charger 0 (fid=6)",1061.2908942548318,0,,
Car 494,,,,,5,switch,,"Charger 5 (fid=59) not available, trying Charger 4 (fid=2)",1061.2949883198123,4,,
Car 512,,,,,0,switch,,"Charger 0 (fid=6) not available, trying Charger 2 (fid=71)",1061.684661801815,2,,
Car 519,,,,,2,switch,,"Charger 2 (fid=71) not available, trying Charger 0 (fid=6)",1061.9636232149953,0,,
Car 485,,,,,,gave_up,6,"no alternate charger available, gave up",1061.9972769497087,,,
Car 528,,,,,2,switch,,"Charger 2 (fid=71) not available, trying Charger 0 (fid=6)",1062.050860801532,0,,
Car 442,79.0,10,3,,,done,,done charging,1062.0573629328358,,,253.9151241064585
Car 527,,10,3,,,start_charge,,starting to charge at Charger 3 (fid=10),1062.0573629328358,,13.333626085048763,
Car 496,,,,,2,switch,,"Charger 2 (fid=71) not available, trying Charger 3 (fid=10)",1062.3215780579933,3,,
Car 507,,,,,1,switch,,"Charger 1 (fid=40) not available, trying Charger 5 (fid=59)",1062.7209241352361,5,,
Car 513,,,,,1,switch,,"Charger 1 (fid=40) not available, trying Charger 5 (fid=59)",1062.730719454419,5,,
Car 533,,,,,4,switch,,"Charger 4 (fid=2) not available, trying Charger 1 (fid=40)",1062.7861020920545,1,,
Car 444,88.0,40,1,,,done,,done charging,1063.050310127227,,,333.01657220322664
Car 515,,40,1,,,start_charge,,starting to charge at Charger 1 (fid=40),1063.050310127227,,23.86943569385585,
Car 541,,,,,2,switch,,"Charger 2 (fid=71) not available, trying Charger 0 (fid=6)",1063.1549423904646,0,,
Car 522,,,,,0,switch,,"Charger 0 (fid=6) not available, trying Charger 1 (fid=40)",1063.1602414859483,1,,
Car 498,,,,,5,switch,,"Charger 5 (fid=59) not available, trying Charger 4 (fid=2)",1063.1825205707457,4,,
Car 542,,,,,7,switch,,"Charger 7 (fid=4) not available, trying Charger 3 (fid=10)",1063.2179622447031,3,,
Car 544,,,,73,,arrived,,arrived,1063.3525663253304,,,
Car 505,,,,,2,switch,,"Charger 2 (fid=71) not available, trying Charger 1 (fid=40)",1063.6726870400225,1,,
Car 545,,,,56,,arrived,,arrived,1063.6908302759807,,,
Car 492,,,,,2,switch,,"Charger 2 (fid=71) not available, trying Charger 3 (fid=10)",1063.8792572286484,3,,
Car 521,,,,,3,switch,,"Charger 3 (fid=10) not available, trying Charger 7 (fid=4)",1064.0442725221426,7,,
Car 491,,,,,4,switch,,"Charger 4 (fid=2) not available, trying Charger 6 (fid=64)",1064.1989402666534,6,,
Car 516,,,,,7,switch,,"Charger 7 (fid=4) not available, trying Charger 5 (fid=59)",1064.3148411084146,5,,
Car 529,,,,,3,switch,,"Charger 3 (fid=10) not available, trying Charger 0 (fid=6)",1064.3163467887143,0,,
Car 538,,,,,6,switch,,"Charger 6 (fid=64) not available, trying Charger 4 (fid=2)",1064.401284789188,4,,
Car 546,,,,54,,arrived,,arrived,1064.4527291922552,,,
Car 501,,,,,2,switch,,"Charger 2 (fid=71) not available, trying Charger 3 (fid=10)",1064.6658446370157,3,,
Car 510,,,,,1,switch,,"Charger 1 (fid=40) not available, trying Charger 5 (fid=59)",1064.752073905939,5,,
Car 500,,,,,5,switch,,"Charger 5 (fid=59) not available, trying Charger 4 (fid=2)",1064.942021645312,4,,
Car 487,,,,,,gave_up,7,"no alternate charger available, gave up",1064.9876688240265,,,
Car 483,,,,,,gave_up,6,"no alternate charger available, gave up",1065.0108667020932,,,
Car 520,,,,,0,switch,,"Charger 0 (fid=6) not available, trying Charger 1 (fid=40)",1065.0883966885397,1,,
Car 547,,,,14,,arrived,,arrived,1065.2915047931422,,,
Car 535,,,,,0,switch,,"Charger 0 (fid=6) not available, trying Charger 4 (fid=2)",1065.3320523194084,4,,
Car 488,,,,,4,switch,,"Charger 4 (fid=2) not available, trying Charger 6 (fid=64)",1065.3643502640593,6,,
Car 543,,,,,1,switch,,"Charger 1 (fid=40) not available, trying Charger 0 (fid=6)",1065.42554873173,0,,
Car 534,,,,,3,switch,,"Charger 3 (fid=10) not available, trying Charger 0 (fid=6)",1065.4487849330883,0,,
Car 532,,,,,7,switch,,"Charger 7 (fid=4) not available, trying Charger 3 (fid=10)",1065.6809951614803,3,,
Car 517,,,,,1,switch,,"Charger 1 (fid=40) not available, trying Charger 5 (fid=59)",1066.0161929737621,5,,
Car 438,93.0,64,6,,,done,,done charging,1066.0394062565756,,,267.6415616547386
Car 484,,64,6,,,start_charge,,starting to charge at Charger 6 (fid=64),1066.0394062565756,,38.83754662222111,
Car 503,,,,,2,switch,,"Charger 2 (fid=71) not available, trying Charger 3 (fid=10)",1066.1102719754385,3,,
Car 539,,,,,7,switch,,"Charger 7 (fid=4) not available, trying Charger 1 (fid=40)",1066.5423696201287,1,,
Car 531,,,,,3,switch,,"Charger 3 (fid=10) not available, trying Charger 0 (fid=6)",1066.6861112295016,0,,
Car 514,,,,,1,switch,,"Charger 1 (fid=40) not available, trying Charger 5 (fid=59)",1066.9029587670002,5,,
Car 493,,,,,5,switch,,"Charger 5 (fid=59) not available, trying Charger 4 (fid=2)",1067.152396698557,4,,
Car 536,,,,,0,switch,,"Charger 0 (fid=6) not available, trying Charger 6 (fid=64)",1067.2022033001879,6,,
Car 526,,,,,3,switch,,"Charger 3 (fid=10) not available, trying Charger 7 (fid=4)",1067.4533650104818,7,,
Car 504,,,,,2,switch,,"Charger 2 (fid=71) not available, trying Charger 3 (fid=10)",1067.4896119804657,3,,
Car 490,,,,,4,switch,,"Charger 4 (fid=2) not available, trying Charger 6 (fid=64)",1067.5523059905643,6,,
Car 525,,,,,0,switch,,"Charger 0 (fid=6) not available, trying Charger 1 (fid=40)",1067.6157922233126,1,,
Car 530,,,,,0,switch,,"Charger 0 (fid=6) not available, trying Charger 1 (fid=40)",1067.7576846824377,1,,
Car 494,,,,,4,switch,,"Charger 4 (fid=2) not available, trying Charger 6 (fid=64)",1067.8142116856486,6,,
Car 540,,,,,0,switch,,"Charger 0 (fid=6) not available, trying Charger 1 (fid=40)",1067.9232414329867,1,,
Car 499,,,,,2,switch,,"Charger 2 (fid=71) not available, trying Charger 3 (fid=10)",1068.010551118621,3,,
Car 478,,,,,,gave_up,7,"no alternate charger available, gave up",1068.2599861774725,,,
Car 548,,,,81,,arrived,,arrived,1068.2634178800065,,,
Car 512,,,,,2,switch,,"Charger 2 (fid=71) not available, trying Charger 3 (fid=10)",1068.31700897997,3,,
Car 544,,,,,3,switch,,"Charger 3 (fid=10) not available, trying Charger 7 (fid=4)",1068.3525663253304,7,,
Car 509,,,,,5,switch,,"Charger 5 (fid=59) not available, trying Charger 4 (fid=2)",1068.4617082853813,4,,
Car 519,,,,,0,switch,,"Charger 0 (fid=6) not available, trying Charger 5 (fid=59)",1068.5959703931503,5,,
Car 508,,,,,4,switch,,"Charger 4 (fid=2) not available, trying Charger 5 (fid=59)",1068.6557167677431,5,,
Car 528,,,,,0,switch,,"Charger 0 (fid=6) not available, trying Charger 1 (fid=40)",1068.683207979687,1,,
Car 545,,,,,2,switch,,"Charger 2 (fid=71) not available, trying Charger 0 (fid=6)",1068.6908302759807,0,,
Car 549,,,,37,,arrived,,arrived,1069.1404019441318,,,
Car 511,,,,,2,switch,,"Charger 2 (fid=71) not available, trying Charger 3 (fid=10)",1069.2817912966113,3,,
Car 546,,,,,2,switch,,"Charger 2 (fid=71) not available, trying Charger 0 (fid=6)",1069.4527291922552,0,,
Car 498,,,,,4,switch,,"Charger 4 (fid=2) not available, trying Charger 6 (fid=64)",1069.701743936582,6,,
Car 541,,,,,0,switch,,"Charger 0 (fid=6) not available, trying Charger 1 (fid=40)",1069.7872895686196,1,,
Car 497,,,,,5,switch,,"Charger 5 (fid=59) not available, trying Charger 4 (fid=2)",1069.8454434704304,4,,
Car 537,,,,,7,switch,,"Charger 7 (fid=4) not available, trying Charger 0 (fid=6)",1069.8559307563362,0,,
Car 542,,,,,3,switch,,"Charger 3 (fid=10) not available, trying Charger 2 (fid=71)",1069.909368969187,2,,
Car 524,,,,,5,switch,,"Charger 5 (fid=59) not available, trying Charger 2 (fid=71)",1069.9653422970753,2,,
Car 507,,,,,5,switch,,"Charger 5 (fid=59) not available, trying Charger 4 (fid=2)",1070.231115219412,4,,
Car 513,,,,,5,switch,,"Charger 5 (fid=59) not available, trying Charger 4 (fid=2)",1070.2409105385948,4,,
Car 547,,,,,2,switch,,"Charger 2 (fid=71) not available, trying Charger 0 (fid=6)",1070.2915047931422,0,,
Car 491,,,,,,gave_up,6,"no alternate charger available, gave up",1070.4432655565217,,,
Car 538,,,,,4,switch,,"Charger 4 (fid=2) not available, trying Charger 1 (fid=40)",1070.6456100790563,1,,
Car 522,,,,,1,switch,,"Charger 1 (fid=40) not available, trying Charger 2 (fid=71)",1070.6507779510157,2,,
Car 521,,,,,7,switch,,"Charger 7 (fid=4) not available, trying Charger 5 (fid=59)",1070.7356792466264,5,,
Car 496,,,,,3,switch,,"Charger 3 (fid=10) not available, trying Charger 7 (fid=4)",1070.9466399383505,7,,
Car 500,,,,,4,switch,,"Charger 4 (fid=2) not available, trying Charger 6 (fid=64)",1071.4612450111483,6,,
Car 550,,,,124,,arrived,,arrived,1071.5505365171525,,,
Car 533,,,,,1,switch,,"Charger 1 (fid=40) not available, trying Charger 0 (fid=6)",1071.571786342271,0,,
Car 481,,,,,,gave_up,7,"no alternate charger available, gave up",1071.5834753583956,,,
Car 488,,,,,,gave_up,6,"no alternate charger available, gave up",1071.6086755539277,,,
Car 510,,,,,5,switch,,"Charger 5 (fid=59) not available, trying Charger 4 (fid=2)",1072.2622649901148,4,,
Car 518,,,,,7,switch,,"Charger 7 (fid=4) not available, trying Charger 2 (fid=71)",1072.3371231016718,2,,
Car 532,,,,,3,switch,,"Charger 3 (fid=10) not available, trying Charger 1 (fid=40)",1072.372401885964,1,,
Car 505,,,,,1,switch,,"Charger 1 (fid=40) not available, trying Charger 3 (fid=10)",1072.4703322697624,3,,
Car 492,,,,,3,switch,,"Charger 3 (fid=10) not available, trying Charger 7 (fid=4)",1072.5043191090056,7,,
Car 520,,,,,1,switch,,"Charger 1 (fid=40) not available, trying Charger 5 (fid=59)",1072.578933153607,5,,
Car 529,,,,,0,switch,,"Charger 0 (fid=6) not available, trying Charger 1 (fid=40)",1072.665884121262,1,,
Car 543,,,,,0,switch,,"Charger 0 (fid=6) not available, trying Charger 3 (fid=10)",1072.9160851967974,3,,
Car 548,,,,,0,switch,,"Charger 0 (fid=6) not available, trying Charger 2 (fid=71)",1073.2634178800065,2,,
Car 501,,,,,3,switch,,"Charger 3 (fid=10) not available, trying Charger 7 (fid=4)",1073.2909065173728,7,,
Car 517,,,,,5,switch,,"Charger 5 (fid=59) not available, trying Charger 4 (fid=2)",1073.526384057938,4,,
Car 535,,,,,4,switch,,"Charger 4 (fid=2) not available, trying Charger 6 (fid=64)",1073.5975618178986,6,,
Car 551,,,,62,,arrived,,arrived,1073.6061055108717,,,
Car 493,,,,,4,switch,,"Charger 4 (fid=2) not available, trying Charger 6 (fid=64)",1073.6716200643932,6,,
Car 490,,,,,,gave_up,6,"no alternate charger available, gave up",1073.7966312804326,,,
Car 534,,,,,0,switch,,"Charger 0 (fid=6) not available, trying Charger 1 (fid=40)",1073.798322265636,1,,
Car 552,,,,30,,arrived,,arrived,1073.8605188490124,,,
Car 494,,,,,,gave_up,6,"no alternate charger available, gave up",1074.058536975517,,,
Car 549,,,,,7,switch,,"Charger 7 (fid=4) not available, trying Charger 3 (fid=10)",1074.1404019441318,3,,
Car 526,,,,,7,switch,,"Charger 7 (fid=4) not available, trying Charger 4 (fid=2)",1074.1447717349656,4,,
Car 477,65.0,59,5,,,done,,done charging,1074.316955716913,,,190.3006133910312
Car 514,,59,5,,,start_charge,,starting to charge at Charger 5 (fid=59),1074.316955716913,,29.903805865737013,
Car 503,,,,,3,switch,,"Charger 3 (fid=10) not available, trying Charger 7 (fid=4)",1074.7353338557957,7,,
Car 509,,,,,4,switch,,"Charger 4 (fid=2) not available, trying Charger 6 (fid=64)",1074.9809316512176,6,,
Car 531,,,,,0,switch,,"Charger 0 (fid=6) not available, trying Charger 1 (fid=40)",1075.0356485620493,1,,
Car 544,,,,,7,switch,,"Charger 7 (fid=4) not available, trying Charger 1 (fid=40)",1075.0439730498142,1,,
Car 525,,,,,1,switch,,"Charger 1 (fid=40) not available, trying Charger 5 (fid=59)",1075.10632868838,5,,
Car 508,,,,,5,switch,,"Charger 5 (fid=59) not available, trying Charger 6 (fid=64)",1075.1749401335794,6,,
Car 530,,,,,1,switch,,"Charger 1 (fid=40) not available, trying Charger 2 (fid=71)",1075.248221147505,2,,
Car 545,,,,,0,switch,,"Charger 0 (fid=6) not available, trying Charger 7 (fid=4)",1075.3231774541357,7,,
Car 540,,,,,1,switch,,"Charger 1 (fid=40) not available, trying Charger 3 (fid=10)",1075.4137778980541,3,,
Car 539,,,,,1,switch,,"Charger 1 (fid=40) not available, trying Charger 0 (fid=6)",1075.5382584806594,0,,
Car 463,97.0,2,4,,,done,,done charging,1075.54234330877,,,181.44650951726416
Car 497,,2,4,,,start_charge,,starting to charge at Charger 4 (fid=2),1075.54234330877,,34.17767647250332,
Car 516,,,,,5,switch,,"Charger 5 (fid=59) not available, trying Charger 4 (fid=2)",1075.553818343939,4,,
Car 498,,,,,,gave_up,6,"no alternate charger available, gave up",1075.9460692264504,,,
Car 546,,,,,0,switch,,"Charger 0 (fid=6) not available, trying Charger 7 (fid=4)",1076.0850763704102,7,,
Car 504,,,,,3,switch,,"Charger 3 (fid=10) not available, trying Charger 7 (fid=4)",1076.114673860823,7,,
Car 528,,,,,1,switch,,"Charger 1 (fid=40) not available, trying Charger 5 (fid=59)",1076.1737444447544,5,,
Car 553,,,,27,,arrived,,arrived,1076.2276106529282,,,
Car 554,,,,54,,arrived,,arrived,1076.2957360897528,,,
Car 536,,,,,6,switch,,"Charger 6 (fid=64) not available, trying Charger 3 (fid=10)",1076.298699400377,3,,
Car 550,,,,,2,switch,,"Charger 2 (fid=71) not available, trying Charger 0 (fid=6)",1076.5505365171525,0,,
Car 519,,,,,5,switch,,"Charger 5 (fid=59) not available, trying Charger 4 (fid=2)",1076.5993133003901,4,,
Car 499,,,,,3,switch,,"Charger 3 (fid=10) not available, trying Charger 7 (fid=4)",1076.635612998978,7,,
Car 555,,,,10,,arrived,,arrived,1076.740703489737,,,
Car 507,,,,,4,switch,,"Charger 4 (fid=2) not available, trying Charger 6 (fid=64)",1076.7503385852483,6,,
Car 513,,,,,4,switch,,"Charger 4 (fid=2) not available, trying Charger 6 (fid=64)",1076.760133904431,6,,
Car 547,,,,,0,switch,,"Charger 0 (fid=6) not available, trying Charger 3 (fid=10)",1076.9238519712972,3,,
Car 556,,,,54,,arrived,,arrived,1076.9359157364997,,,
Car 512,,,,,3,switch,,"Charger 3 (fid=10) not available, trying Charger 7 (fid=4)",1076.9420708603272,7,,
Car 541,,,,,1,switch,,"Charger 1 (fid=40) not available, trying Charger 3 (fid=10)",1077.277826033687,3,,
Car 557,,,,37,,arrived,,arrived,1077.4888736992498,,,
Car 558,,,,85,,arrived,,arrived,1077.5502912364389,,,
Car 496,,,,,,gave_up,7,"no alternate charger available, gave up",1077.6380466628343,,,
Car 500,,,,,,gave_up,6,"no alternate charger available, gave up",1077.7055703010167,,,
Car 511,,,,,3,switch,,"Charger 3 (fid=10) not available, trying Charger 7 (fid=4)",1077.9068531769685,7,,
Car 559,,,,124,,arrived,,arrived,1077.9911556280197,,,
Car 560,,,,40,,arrived,,arrived,1078.4594107704581,,,
Car 542,,,,,2,switch,,"Charger 2 (fid=71) not available, trying Charger 0 (fid=6)",1078.5344308495442,0,,
Car 551,,,,,1,switch,,"Charger 1 (fid=40) not available, trying Charger 0 (fid=6)",1078.6061055108717,0,,
Car 510,,,,,4,switch,,"Charger 4 (fid=2) not available, trying Charger 6 (fid=64)",1078.781488355951,6,,
Car 552,,,,,2,switch,,"Charger 2 (fid=71) not available, trying Charger 7 (fid=4)",1078.8605188490124,7,,
Car 537,,,,,0,switch,,"Charger 0 (fid=6) not available, trying Charger 2 (fid=71)",1078.871049951889,2,,
Car 533,,,,,0,switch,,"Charger 0 (fid=6) not available, trying Charger 2 (fid=71)",1079.0623228073384,2,,
Car 492,,,,,,gave_up,7,"no alternate charger available, gave up",1079.1957258334894,,,
Car 538,,,,,1,switch,,"Charger 1 (fid=40) not available, trying Charger 0 (fid=6)",1079.4312943292728,0,,
Car 522,,,,,2,switch,,"Charger 2 (fid=71) not available, trying Charger 3 (fid=10)",1079.4484231807555,3,,
Car 561,,,,37,,arrived,,arrived,1079.5771073166172,,,
Car 524,,,,,2,switch,,"Charger 2 (fid=71) not available, trying Charger 4 (fid=2)",1079.5942688766984,4,,
Car 532,,,,,1,switch,,"Charger 1 (fid=40) not available, trying Charger 5 (fid=59)",1079.830219616163,5,,
Car 535,,,,,6,switch,,"Charger 6 (fid=64) not available, trying Charger 3 (fid=10)",1079.841887107767,3,,
Car 548,,,,,2,switch,,"Charger 2 (fid=71) not available, trying Charger 4 (fid=2)",1079.8957650581615,4,,
Car 493,,,,,,gave_up,6,"no alternate charger available, gave up",1079.9159453542616,,,
Car 505,,,,,3,switch,,"Charger 3 (fid=10) not available, trying Charger 7 (fid=4)",1079.9281499999613,7,,
Car 501,,,,,,gave_up,7,"no alternate charger available, gave up",1079.9823132418567,,,
Car 517,,,,,4,switch,,"Charger 4 (fid=2) not available, trying Charger 6 (fid=64)",1080.0456074237743,6,,
Car 520,,,,,5,switch,,"Charger 5 (fid=59) not available, trying Charger 4 (fid=2)",1080.089124237783,4,,
Car 562,,,,73,,arrived,,arrived,1080.11058963694,,,
Car 529,,,,,1,switch,,"Charger 1 (fid=40) not available, trying Charger 5 (fid=59)",1080.1564205863294,5,,
Car 563,,,,34,,arrived,,arrived,1080.4665989661519,,,
Car 549,,,,,3,switch,,"Charger 3 (fid=10) not available, trying Charger 2 (fid=71)",1080.8318086686156,2,,
Car 518,,,,,2,switch,,"Charger 2 (fid=71) not available, trying Charger 4 (fid=2)",1080.8805991798274,4,,
Car 509,,,,,,gave_up,6,"no alternate charger available, gave up",1081.225256941086,,,
Car 553,,,,,2,switch,,"Charger 2 (fid=71) not available, trying Charger 0 (fid=6)",1081.2276106529282,0,,
Car 543,,,,,3,switch,,"Charger 3 (fid=10) not available, trying Charger 2 (fid=71)",1081.2656225293451,2,,
Car 534,,,,,1,switch,,"Charger 1 (fid=40) not available, trying Charger 5 (fid=59)",1081.2888587307034,5,,
Car 554,,,,,2,switch,,"Charger 2 (fid=71) not available, trying Charger 0 (fid=6)",1081.2957360897528,0,,
Car 503,,,,,,gave_up,7,"no alternate charger available, gave up",1081.4267405802796,,,
Car 508,,,,,,gave_up,6,"no alternate charger available, gave up",1081.5295942645212,,,
Car 555,,,,,3,switch,,"Charger 3 (fid=10) not available, trying Charger 7 (fid=4)",1081.740703489737,7,,
Car 479,69.0,71,2,,,done,,done charging,1081.9202094523343,,,189.2989556020134
Car 556,,71,2,,,start_charge,,starting to charge at Charger 2 (fid=71),1081.9202094523343,,4.98429371583461,
Car 521,,,,,5,switch,,"Charger 5 (fid=59) not available, trying Charger 4 (fid=2)",1081.9746564821507,4,,
Car 516,,,,,4,switch,,"Charger 4 (fid=2) not available, trying Charger 6 (fid=64)",1082.0730417097752,6,,
Car 564,,,,89,,arrived,,arrived,1082.1270579414615,,,
Car 565,,,,50,,arrived,,arrived,1082.4328275026023,,,
Car 476,87.0,40,1,,,done,,done charging,1082.4804037585159,,,68.53159922986113
Car 531,,40,1,,,start_charge,,starting to charge at Charger 1 (fid=40),1082.4804037585159,,24.954218731399123,
Car 557,,,,,7,switch,,"Charger 7 (fid=4) not available, trying Charger 3 (fid=10)",1082.4888736992498,3,,
Car 558,,,,,4,switch,,"Charger 4 (fid=2) not available, trying Charger 6 (fid=64)",1082.5502912364389,6,,
Car 525,,,,,5,switch,,"Charger 5 (fid=59) not available, trying Charger 4 (fid=2)",1082.6165197725559,4,,
Car 504,,,,,,gave_up,7,"no alternate charger available, gave up",1082.8060805853067,,,
Car 540,,,,,3,switch,,"Charger 3 (fid=10) not available, trying Charger 7 (fid=4)",1082.871595628253,7,,
Car 559,,,,,2,switch,,"Charger 2 (fid=71) not available, trying Charger 0 (fid=6)",1082.9911556280197,0,,
Car 507,,,,,,gave_up,6,"no alternate charger available, gave up",1082.9946638751167,,,
Car 513,,,,,,gave_up,6,"no alternate charger available, gave up",1083.0044591942994,,,
Car 539,,,,,0,switch,,"Charger 0 (fid=6) not available, trying Charger 2 (fid=71)",1083.0287949457268,2,,
Car 519,,,,,4,switch,,"Charger 4 (fid=2) not available, trying Charger 6 (fid=64)",1083.1185366662264,6,,
Car 550,,,,,0,switch,,"Charger 0 (fid=6) not available, trying Charger 7 (fid=4)",1083.1828836953075,7,,
Car 499,,,,,,gave_up,7,"no alternate charger available, gave up",1083.327019723462,,,
Car 560,,,,,1,switch,,"Charger 1 (fid=40) not available, trying Charger 3 (fid=10)",1083.4594107704581,3,,
Car 512,,,,,,gave_up,7,"no alternate charger available, gave up",1083.633477584811,,,
Car 528,,,,,5,switch,,"Charger 5 (fid=59) not available, trying Charger 4 (fid=2)",1083.6839355289303,4,,
Car 544,,,,,1,switch,,"Charger 1 (fid=40) not available, trying Charger 2 (fid=71)",1084.0398619103448,2,,
Car 530,,,,,2,switch,,"Charger 2 (fid=71) not available, trying Charger 3 (fid=10)",1084.045866377245,3,,
Car 545,,,,,7,switch,,"Charger 7 (fid=4) not available, trying Charger 3 (fid=10)",1084.3382966496886,3,,
Car 561,,,,,7,switch,,"Charger 7 (fid=4) not available, trying Charger 3 (fid=10)",1084.5771073166172,3,,
Car 511,,,,,,gave_up,7,"no alternate charger available, gave up",1084.5982599014524,,,
Car 541,,,,,3,switch,,"Charger 3 (fid=10) not available, trying Charger 7 (fid=4)",1084.735643763886,7,,
Car 510,,,,,,gave_up,6,"no alternate charger available, gave up",1085.0258136458194,,,
Car 546,,,,,7,switch,,"Charger 7 (fid=4) not available, trying Charger 3 (fid=10)",1085.100195565963,3,,
Car 562,,,,,3,switch,,"Charger 3 (fid=10) not available, trying Charger 7 (fid=4)",1085.11058963694,7,,
Car 542,,,,,0,switch,,"Charger 0 (fid=6) not available, trying Charger 1 (fid=40)",1085.1667780276991,1,,
Car 547,,,,,3,switch,,"Charger 3 (fid=10) not available, trying Charger 7 (fid=4)",1085.2733893038449,7,,
Car 563,,,,,2,switch,,"Charger 2 (fid=71) not available, trying Charger 7 (fid=4)",1085.4665989661519,7,,
Car 537,,,,,2,switch,,"Charger 2 (fid=71) not available, trying Charger 5 (fid=59)",1085.503397130044,5,,
Car 533,,,,,2,switch,,"Charger 2 (fid=71) not available, trying Charger 3 (fid=10)",1085.6946699854934,3,,
Car 551,,,,,0,switch,,"Charger 0 (fid=6) not available, trying Charger 3 (fid=10)",1086.096641975939,3,,
Car 566,,,,116,,arrived,,arrived,1086.1219036936243,,,
Car 526,,,,,4,switch,,"Charger 4 (fid=2) not available, trying Charger 5 (fid=59)",1086.2190182478384,5,,
Car 517,,,,,,gave_up,6,"no alternate charger available, gave up",1086.2899327136427,,,
Car 520,,,,,4,switch,,"Charger 4 (fid=2) not available, trying Charger 6 (fid=64)",1086.6083476036192,6,,
Car 505,,,,,,gave_up,7,"no alternate charger available, gave up",1086.6195567244451,,,
Car 538,,,,,0,switch,,"Charger 0 (fid=6) not available, trying Charger 2 (fid=71)",1086.9218307943402,2,,
Car 564,,,,,4,switch,,"Charger 4 (fid=2) not available, trying Charger 6 (fid=64)",1087.1270579414615,6,,
Car 567,,,,58,,arrived,,arrived,1087.2498966470712,,,
Car 532,,,,,5,switch,,"Charger 5 (fid=59) not available, trying Charger 4 (fid=2)",1087.340410700339,4,,
Car 552,,,,,7,switch,,"Charger 7 (fid=4) not available, trying Charger 3 (fid=10)",1087.403994927168,3,,
Car 565,,,,,1,switch,,"Charger 1 (fid=40) not available, trying Charger 5 (fid=59)",1087.4328275026023,5,,
Car 536,,,,,3,switch,,"Charger 3 (fid=10) not available, trying Charger 4 (fid=2)",1087.5382468284968,4,,
Car 529,,,,,5,switch,,"Charger 5 (fid=59) not available, trying Charger 4 (fid=2)",1087.6666116705053,4,,
Car 553,,,,,0,switch,,"Charger 0 (fid=6) not available, trying Charger 1 (fid=40)",1087.8599578310832,1,,
Car 554,,,,,0,switch,,"Charger 0 (fid=6) not available, trying Charger 7 (fid=4)",1087.9280832679078,7,,
Car 522,,,,,3,switch,,"Charger 3 (fid=10) not available, trying Charger 7 (fid=4)",1088.0734850611127,7,,
Car 516,,,,,,gave_up,6,"no alternate charger available, gave up",1088.3173669996436,,,
Car 555,,,,,7,switch,,"Charger 7 (fid=4) not available, trying Charger 1 (fid=40)",1088.4321102142208,1,,
Car 521,,,,,4,switch,,"Charger 4 (fid=2) not available, trying Charger 6 (fid=64)",1088.493879847987,6,,
Car 568,,,,8,,arrived,,arrived,1088.5540492931161,,,
Car 558,,,,,6,switch,,"Charger 6 (fid=64) not available, trying Charger 5 (fid=59)",1088.7946165263072,5,,
Car 534,,,,,5,switch,,"Charger 5 (fid=59) not available, trying Charger 4 (fid=2)",1088.7990498148793,4,,
Car 525,,,,,4,switch,,"Charger 4 (fid=2) not available, trying Charger 6 (fid=64)",1089.1357431383922,6,,
Car 557,,,,,3,switch,,"Charger 3 (fid=10) not available, trying Charger 2 (fid=71)",1089.1802804237336,2,,
Car 524,,,,,4,switch,,"Charger 4 (fid=2) not available, trying Charger 7 (fid=4)",1089.3009887269604,7,,
Car 519,,,,,,gave_up,6,"no alternate charger available, gave up",1089.3628619560948,,,
Car 569,,,,35,,arrived,,arrived,1089.373266588543,,,
Car 549,,,,,2,switch,,"Charger 2 (fid=71) not available, trying Charger 0 (fid=6)",1089.4568705489728,0,,
Car 540,,,,,7,switch,,"Charger 7 (fid=4) not available, trying Charger 4 (fid=2)",1089.563002352737,4,,
Car 548,,,,,4,switch,,"Charger 4 (fid=2) not available, trying Charger 5 (fid=59)",1089.6024849084235,5,,
Car 559,,,,,0,switch,,"Charger 0 (fid=6) not available, trying Charger 7 (fid=4)",1089.6235028061747,7,,
Car 539,,,,,2,switch,,"Charger 2 (fid=71) not available, trying Charger 5 (fid=59)",1089.6611421238817,5,,
Car 570,,,,4,,arrived,,arrived,1089.8132855004487,,,
Car 543,,,,,2,switch,,"Charger 2 (fid=71) not available, trying Charger 7 (fid=4)",1089.8906844097023,7,,
Car 528,,,,,4,switch,,"Charger 4 (fid=2) not available, trying Charger 6 (fid=64)",1090.2031588947666,6,,
Car 518,,,,,4,switch,,"Charger 4 (fid=2) not available, trying Charger 6 (fid=64)",1090.5873190300895,6,,
Car 560,,,,,3,switch,,"Charger 3 (fid=10) not available, trying Charger 0 (fid=6)",1090.917228500657,0,,
Car 545,,,,,3,switch,,"Charger 3 (fid=10) not available, trying Charger 1 (fid=40)",1091.0297033741724,1,,
Car 535,,,,,3,switch,,"Charger 3 (fid=10) not available, trying Charger 2 (fid=71)",1091.0814345358867,2,,
Car 566,,,,,0,switch,,"Charger 0 (fid=6) not available, trying Charger 2 (fid=71)",1091.1219036936243,2,,
Car 561,,,,,3,switch,,"Charger 3 (fid=10) not available, trying Charger 2 (fid=71)",1091.268514041101,2,,
Car 541,,,,,7,switch,,"Charger 7 (fid=4) not available, trying Charger 4 (fid=2)",1091.4270504883698,4,,
Car 546,,,,,3,switch,,"Charger 3 (fid=10) not available, trying Charger 1 (fid=40)",1091.791602290447,1,,
Car 562,,,,,7,switch,,"Charger 7 (fid=4) not available, trying Charger 1 (fid=40)",1091.8019963614238,1,,
Car 547,,,,,7,switch,,"Charger 7 (fid=4) not available, trying Charger 1 (fid=40)",1091.9647960283287,1,,
Car 550,,,,,7,switch,,"Charger 7 (fid=4) not available, trying Charger 3 (fid=10)",1092.1980028908604,3,,
Car 571,,,,32,,arrived,,arrived,1092.218394262222,,,
Car 572,,,,14,,arrived,,arrived,1092.2394165567741,,,
Car 567,,,,,5,switch,,"Charger 5 (fid=59) not available, trying Charger 6 (fid=64)",1092.2498966470712,6,,
Car 542,,,,,1,switch,,"Charger 1 (fid=40) not available, trying Charger 5 (fid=59)",1092.6573144927665,5,,
Car 530,,,,,3,switch,,"Charger 3 (fid=10) not available, trying Charger 7 (fid=4)",1092.670928257602,7,,
Car 526,,,,,5,switch,,"Charger 5 (fid=59) not available, trying Charger 6 (fid=64)",1092.7382416136747,6,,
Car 544,,,,,2,switch,,"Charger 2 (fid=71) not available, trying Charger 0 (fid=6)",1092.8375071400847,0,,
Car 520,,,,,,gave_up,6,"no alternate charger available, gave up",1092.8526728934876,,,
Car 564,,,,,6,switch,,"Charger 6 (fid=64) not available, trying Charger 5 (fid=59)",1093.37138323133,5,,
Car 568,,,,,3,switch,,"Charger 3 (fid=10) not available, trying Charger 7 (fid=4)",1093.5540492931161,7,,
Car 538,,,,,2,switch,,"Charger 2 (fid=71) not available, trying Charger 3 (fid=10)",1093.5541779724952,3,,
Car 532,,,,,4,switch,,"Charger 4 (fid=2) not available, trying Charger 6 (fid=64)",1093.8596340661752,6,,
Car 573,,,,115,,arrived,,arrived,1093.9417632864747,,,
Car 563,,,,,7,switch,,"Charger 7 (fid=4) not available, trying Charger 3 (fid=10)",1094.0100750443075,3,,
Car 552,,,,,3,switch,,"Charger 3 (fid=10) not available, trying Charger 0 (fid=6)",1094.0954016516519,0,,
Car 529,,,,,4,switch,,"Charger 4 (fid=2) not available, trying Charger 6 (fid=64)",1094.1858350363416,6,,
Car 533,,,,,3,switch,,"Charger 3 (fid=10) not available, trying Charger 7 (fid=4)",1094.3197318658506,7,,
Car 569,,,,,2,switch,,"Charger 2 (fid=71) not available, trying Charger 0 (fid=6)",1094.373266588543,0,,
Car 551,,,,,3,switch,,"Charger 3 (fid=10) not available, trying Charger 2 (fid=71)",1094.4461793084868,2,,
Car 521,,,,,,gave_up,6,"no alternate charger available, gave up",1094.7382051378554,,,
Car 522,,,,,,gave_up,7,"no alternate charger available, gave up",1094.7648917855965,,,
Car 570,,,,,0,switch,,"Charger 0 (fid=6) not available, trying Charger 1 (fid=40)",1094.8132855004487,1,,
Car 574,,,,57,,arrived,,arrived,1094.8774601338203,,,
Car 575,,,,8,,arrived,,arrived,1094.9428228545332,,,
Car 565,,,,,5,switch,,"Charger 5 (fid=59) not available, trying Charger 0 (fid=6)",1094.9430185867782,0,,
Car 537,,,,,5,switch,,"Charger 5 (fid=59) not available, trying Charger 4 (fid=2)",1095.1323237096672,4,,
Car 558,,,,,5,switch,,"Charger 5 (fid=59) not available, trying Charger 0 (fid=6)",1095.149270657249,0,,
Car 576,,,,55,,arrived,,arrived,1095.1564851494827,,,
Car 534,,,,,4,switch,,"Charger 4 (fid=2) not available, trying Charger 6 (fid=64)",1095.3182731807156,6,,
Car 553,,,,,1,switch,,"Charger 1 (fid=40) not available, trying Charger 3 (fid=10)",1095.3504942961506,3,,
Car 525,,,,,,gave_up,6,"no alternate charger available, gave up",1095.3800684282605,,,
Car 577,,,,10,,arrived,,arrived,1095.3945491008888,,,
Car 549,,,,,0,switch,,"Charger 0 (fid=6) not available, trying Charger 1 (fid=40)",1096.0892177271278,1,,
Car 548,,,,,5,switch,,"Charger 5 (fid=59) not available, trying Charger 1 (fid=40)",1096.1217082742598,1,,
Car 528,,,,,,gave_up,6,"no alternate charger available, gave up",1096.447484184635,,,
Car 578,,,,115,,arrived,,arrived,1096.6182147467846,,,
Car 460,109.0,6,0,,,done,,done charging,1096.6829916153954,,,234.69504019047505
Car 560,,6,0,,,start_charge,,starting to charge at Charger 0 (fid=6),1096.6829916153954,,12.416225782190622,
Car 579,,,,15,,arrived,,arrived,1096.8053030813035,,,
Car 518,,,,,,gave_up,6,"no alternate charger available, gave up",1096.8316443199578,,,
Car 554,,,,,7,switch,,"Charger 7 (fid=4) not available, trying Charger 3 (fid=10)",1096.9432024634607,3,,
Car 580,,,,63,,arrived,,arrived,1097.0037902316294,,,
Car 571,,,,,2,switch,,"Charger 2 (fid=71) not available, trying Charger 0 (fid=6)",1097.218394262222,0,,
Car 572,,,,,2,switch,,"Charger 2 (fid=71) not available, trying Charger 0 (fid=6)",1097.2394165567741,0,,
Car 581,,,,4,,arrived,,arrived,1097.3815169704324,,,
Car 555,,,,,1,switch,,"Charger 1 (fid=40) not available, trying Charger 0 (fid=6)",1097.4279990747514,0,,
Car 582,,,,63,,arrived,,arrived,1097.5986993099782,,,
Car 566,,,,,2,switch,,"Charger 2 (fid=71) not available, trying Charger 4 (fid=2)",1097.7542508717793,4,,
Car 557,,,,,2,switch,,"Charger 2 (fid=71) not available, trying Charger 0 (fid=6)",1097.8053423040908,0,,
Car 583,,,,8,,arrived,,arrived,1097.9136072610872,,,
Car 584,,,,36,,arrived,,arrived,1098.3362359703951,,,
Car 543,,,,,7,switch,,"Charger 7 (fid=4) not available, trying Charger 5 (fid=59)",1098.434160487858,5,,
Car 536,,,,,4,switch,,"Charger 4 (fid=2) not available, trying Charger 2 (fid=71)",1098.4844776781806,2,,
Car 545,,,,,1,switch,,"Charger 1 (fid=40) not available, trying Charger 5 (fid=59)",1098.4875211043714,5,,
Car 567,,,,,6,switch,,"Charger 6 (fid=64) not available, trying Charger 4 (fid=2)",1098.604550778013,4,,
Car 559,,,,,7,switch,,"Charger 7 (fid=4) not available, trying Charger 3 (fid=10)",1098.6386220017275,3,,
Car 550,,,,,3,switch,,"Charger 3 (fid=10) not available, trying Charger 1 (fid=40)",1098.8894096153442,1,,
Car 573,,,,,2,switch,,"Charger 2 (fid=71) not available, trying Charger 0 (fid=6)",1098.9417632864747,0,,
Car 526,,,,,,gave_up,6,"no alternate charger available, gave up",1099.0928957446165,,,
Car 546,,,,,1,switch,,"Charger 1 (fid=40) not available, trying Charger 5 (fid=59)",1099.2494200206459,5,,
Car 539,,,,,5,switch,,"Charger 5 (fid=59) not available, trying Charger 4 (fid=2)",1099.2900687035049,4,,
Car 530,,,,,,gave_up,7,"no alternate charger available, gave up",1099.362334982086,,,
Car 544,,,,,0,switch,,"Charger 0 (fid=6) not available, trying Charger 5 (fid=59)",1099.4698543182396,5,,
Car 535,,,,,2,switch,,"Charger 2 (fid=71) not available, trying Charger 7 (fid=4)",1099.706496416244,7,,
Car 564,,,,,5,switch,,"Charger 5 (fid=59) not available, trying Charger 0 (fid=6)",1099.7260373622717,0,,
Car 574,,,,,2,switch,,"Charger 2 (fid=71) not available, trying Charger 0 (fid=6)",1099.8774601338203,0,,
Car 561,,,,,2,switch,,"Charger 2 (fid=71) not available, trying Charger 0 (fid=6)",1099.8935759214583,0,,
Car 575,,,,,3,switch,,"Charger 3 (fid=10) not available, trying Charger 7 (fid=4)",1099.9428228545332,7,,
Car 532,,,,,,gave_up,6,"no alternate charger available, gave up",1100.1039593560436,,,
Car 576,,,,,2,switch,,"Charger 2 (fid=71) not available, trying Charger 0 (fid=6)",1100.1564851494827,0,,
Car 542,,,,,5,switch,,"Charger 5 (fid=59) not available, trying Charger 4 (fid=2)",1100.1675055769424,4,,
Car 568,,,,,7,switch,,"Charger 7 (fid=4) not available, trying Charger 1 (fid=40)",1100.2454560176,1,,
Car 585,,,,65,,arrived,,arrived,1100.3934243849747,,,
Car 577,,,,,3,switch,,"Charger 3 (fid=10) not available, trying Charger 7 (fid=4)",1100.3945491008888,7,,
Car 529,,,,,,gave_up,6,"no alternate charger available, gave up",1100.43016032621,,,
Car 563,,,,,3,switch,,"Charger 3 (fid=10) not available, trying Charger 0 (fid=6)",1100.7014817687914,0,,
Car 562,,,,,1,switch,,"Charger 1 (fid=40) not available, trying Charger 2 (fid=71)",1100.7978852219544,2,,
Car 547,,,,,1,switch,,"Charger 1 (fid=40) not available, trying Charger 5 (fid=59)",1100.9606848888593,5,,
Car 569,,,,,0,switch,,"Charger 0 (fid=6) not available, trying Charger 1 (fid=40)",1101.005613766698,1,,
Car 533,,,,,,gave_up,7,"no alternate charger available, gave up",1101.0111385903344,,,
Car 524,,,,,7,switch,,"Charger 7 (fid=4) not available, trying Charger 6 (fid=64)",1101.3752352398333,6,,
Car 534,,,,,,gave_up,6,"no alternate charger available, gave up",1101.562598470584,,,
Car 578,,,,,2,switch,,"Charger 2 (fid=71) not available, trying Charger 0 (fid=6)",1101.6182147467846,0,,
Car 540,,,,,4,switch,,"Charger 4 (fid=2) not available, trying Charger 5 (fid=59)",1101.6372488656098,5,,
Car 537,,,,,4,switch,,"Charger 4 (fid=2) not available, trying Charger 6 (fid=64)",1101.6515470755035,6,,
Car 579,,,,,2,switch,,"Charger 2 (fid=71) not available, trying Charger 0 (fid=6)",1101.8053030813035,0,,
Car 580,,,,,7,switch,,"Charger 7 (fid=4) not available, trying Charger 3 (fid=10)",1102.0037902316294,3,,
Car 506,64.0,4,7,,,done,,done charging,1102.0666470251626,,,214.3753042517166
Car 582,,4,7,,,start_charge,,starting to charge at Charger 7 (fid=4),1102.0666470251626,,4.467947715184437,
Car 538,,,,,3,switch,,"Charger 3 (fid=10) not available, trying Charger 7 (fid=4)",1102.1792398528523,7,,
Car 570,,,,,1,switch,,"Charger 1 (fid=40) not available, trying Charger 5 (fid=59)",1102.3038219655161,5,,
Car 581,,,,,0,switch,,"Charger 0 (fid=6) not available, trying Charger 1 (fid=40)",1102.3815169704324,1,,
Car 552,,,,,0,switch,,"Charger 0 (fid=6) not available, trying Charger 1 (fid=40)",1102.4449389841996,1,,
Car 553,,,,,3,switch,,"Charger 3 (fid=10) not available, trying Charger 7 (fid=4)",1102.8083120263495,7,,
Car 583,,,,,3,switch,,"Charger 3 (fid=10) not available, trying Charger 7 (fid=4)",1102.9136072610872,7,,
Car 565,,,,,0,switch,,"Charger 0 (fid=6) not available, trying Charger 3 (fid=10)",1102.946361494018,3,,
Car 551,,,,,2,switch,,"Charger 2 (fid=71) not available, trying Charger 7 (fid=4)",1103.071241188844,7,,
Car 558,,,,,0,switch,,"Charger 0 (fid=6) not available, trying Charger 1 (fid=40)",1103.1526135644888,1,,
Car 584,,,,,2,switch,,"Charger 2 (fid=71) not available, trying Charger 0 (fid=6)",1103.3362359703951,0,,
Car 541,,,,,4,switch,,"Charger 4 (fid=2) not available, trying Charger 5 (fid=59)",1103.5012970012426,5,,
Car 549,,,,,1,switch,,"Charger 1 (fid=40) not available, trying Charger 5 (fid=59)",1103.5797541921952,5,,
Car 548,,,,,1,switch,,"Charger 1 (fid=40) not available, trying Charger 6 (fid=64)",1103.6318993584357,6,,
Car 554,,,,,3,switch,,"Charger 3 (fid=10) not available, trying Charger 1 (fid=40)",1103.6346091879445,1,,
Car 586,,,,4,,arrived,,arrived,1103.7740991016856,,,
Car 571,,,,,0,switch,,"Charger 0 (fid=6) not available, trying Charger 3 (fid=10)",1103.850741440377,3,,
Car 572,,,,,0,switch,,"Charger 0 (fid=6) not available, trying Charger 3 (fid=10)",1103.8717637349291,3,,
Car 587,,,,88,,arrived,,arrived,1103.9266143077823,,,
Car 474,60.0,64,6,,,done,,done charging,1104.3674109691256,,,679.5779634427427
Car 537,,64,6,,,start_charge,,starting to charge at Charger 6 (fid=64),1104.3674109691256,,36.47153860375374,
Car 557,,,,,0,switch,,"Charger 0 (fid=6) not available, trying Charger 1 (fid=40)",1104.4376894822458,1,,
Car 588,,,,11,,arrived,,arrived,1104.648270140136,,,
Car 567,,,,,4,switch,,"Charger 4 (fid=2) not available, trying Charger 1 (fid=40)",1104.8488760678813,1,,
Car 589,,,,77,,arrived,,arrived,1104.889824030224,,,
Car 555,,,,,0,switch,,"Charger 0 (fid=6) not available, trying Charger 2 (fid=71)",1104.9185355398188,2,,
Car 559,,,,,3,switch,,"Charger 3 (fid=10) not available, trying Charger 1 (fid=40)",1105.3300287262114,1,,
Car 585,,,,,7,switch,,"Charger 7 (fid=4) not available, trying Charger 3 (fid=10)",1105.3934243849747,3,,
Car 573,,,,,0,switch,,"Charger 0 (fid=6) not available, trying Charger 7 (fid=4)",1105.5741104646297,7,,
Car 539,,,,,4,switch,,"Charger 4 (fid=2) not available, trying Charger 6 (fid=64)",1105.8092920693412,6,,
Car 590,,,,31,,arrived,,arrived,1105.9029897338467,,,
Car 545,,,,,5,switch,,"Charger 5 (fid=59) not available, trying Charger 4 (fid=2)",1105.9977121885472,4,,
Car 550,,,,,1,switch,,"Charger 1 (fid=40) not available, trying Charger 4 (fid=2)",1106.3472273455432,4,,
Car 574,,,,,0,switch,,"Charger 0 (fid=6) not available, trying Charger 7 (fid=4)",1106.5098073119752,7,,
Car 561,,,,,0,switch,,"Charger 0 (fid=6) not available, trying Charger 1 (fid=40)",1106.5259230996132,1,,
Car 575,,,,,7,switch,,"Charger 7 (fid=4) not available, trying Charger 1 (fid=40)",1106.634229579017,1,,
Car 542,,,,,4,switch,,"Charger 4 (fid=2) not available, trying Charger 6 (fid=64)",1106.6867289427787,6,,
Car 546,,,,,5,switch,,"Charger 5 (fid=59) not available, trying Charger 4 (fid=2)",1106.7596111048217,4,,
Car 591,,,,27,,arrived,,arrived,1106.769863036991,,,
Car 576,,,,,0,switch,,"Charger 0 (fid=6) not available, trying Charger 7 (fid=4)",1106.7888323276377,7,,
Car 577,,,,,7,switch,,"Charger 7 (fid=4) not available, trying Charger 1 (fid=40)",1107.0859558253726,1,,
Car 592,,,,21,,arrived,,arrived,1107.206821891839,,,
Car 566,,,,,4,switch,,"Charger 4 (fid=2) not available, trying Charger 5 (fid=59)",1107.4609707220413,5,,
Car 544,,,,,5,switch,,"Charger 5 (fid=59) not available, trying Charger 4 (fid=2)",1107.4731972254795,4,,
Car 564,,,,,0,switch,,"Charger 0 (fid=6) not available, trying Charger 1 (fid=40)",1107.7293802695115,1,,
Car 593,,,,52,,arrived,,arrived,1107.7461212716328,,,
Car 540,,,,,5,switch,,"Charger 5 (fid=59) not available, trying Charger 6 (fid=64)",1108.156472231446,6,,
Car 536,,,,,2,switch,,"Charger 2 (fid=71) not available, trying Charger 7 (fid=4)",1108.1911975284427,7,,
Car 535,,,,,,gave_up,7,"no alternate charger available, gave up",1108.2499724943996,,,
Car 578,,,,,0,switch,,"Charger 0 (fid=6) not available, trying Charger 7 (fid=4)",1108.2505619249396,7,,
Car 594,,,,71,,arrived,,arrived,1108.2532525469614,,,
Car 595,,,,38,,arrived,,arrived,1108.2860953029483,,,
Car 579,,,,,0,switch,,"Charger 0 (fid=6) not available, trying Charger 1 (fid=40)",1108.4376502594585,1,,
Car 547,,,,,5,switch,,"Charger 5 (fid=59) not available, trying Charger 4 (fid=2)",1108.4708759730352,4,,
Car 569,,,,,1,switch,,"Charger 1 (fid=40) not available, trying Charger 3 (fid=10)",1108.4961502317653,3,,
Car 580,,,,,3,switch,,"Charger 3 (fid=10) not available, trying Charger 1 (fid=40)",1108.6951969561133,1,,
Car 586,,,,,0,switch,,"Charger 0 (fid=6) not available, trying Charger 1 (fid=40)",1108.7740991016856,1,,
Car 538,,,,,,gave_up,7,"no alternate charger available, gave up",1108.8706465773362,,,
Car 587,,,,,4,switch,,"Charger 4 (fid=2) not available, trying Charger 6 (fid=64)",1108.9266143077823,6,,
Car 596,,,,5,,arrived,,arrived,1108.997279296086,,,
Car 563,,,,,0,switch,,"Charger 0 (fid=6) not available, trying Charger 1 (fid=40)",1109.051019101339,1,,
Car 568,,,,,1,switch,,"Charger 1 (fid=40) not available, trying Charger 2 (fid=71)",1109.2413448781306,2,,
Car 553,,,,,7,switch,,"Charger 7 (fid=4) not available, trying Charger 4 (fid=2)",1109.4997187508334,4,,
Car 562,,,,,2,switch,,"Charger 2 (fid=71) not available, trying Charger 0 (fid=6)",1109.5955304516942,0,,
Car 583,,,,,7,switch,,"Charger 7 (fid=4) not available, trying Charger 1 (fid=40)",1109.605013985571,1,,
Car 588,,,,,0,switch,,"Charger 0 (fid=6) not available, trying Charger 3 (fid=10)",1109.648270140136,3,,
Car 543,,,,,5,switch,,"Charger 5 (fid=59) not available, trying Charger 4 (fid=2)",1109.6731377233823,4,,
Car 570,,,,,5,switch,,"Charger 5 (fid=59) not available, trying Charger 2 (fid=71)",1109.814013049692,2,,
Car 581,,,,,1,switch,,"Charger 1 (fid=40) not available, trying Charger 5 (fid=59)",1109.8720534354998,5,,
Car 589,,,,,1,switch,,"Charger 1 (fid=40) not available, trying Charger 0 (fid=6)",1109.889824030224,0,,
Car 552,,,,,1,switch,,"Charger 1 (fid=40) not available, trying Charger 5 (fid=59)",1109.935475449267,5,,
Car 584,,,,,0,switch,,"Charger 0 (fid=6) not available, trying Charger 1 (fid=40)",1109.9685831485501,1,,
Car 541,,,,,5,switch,,"Charger 5 (fid=59) not available, trying Charger 6 (fid=64)",1110.020520367079,6,,
Car 558,,,,,1,switch,,"Charger 1 (fid=40) not available, trying Charger 2 (fid=71)",1110.6431500295562,2,,
Car 590,,,,,2,switch,,"Charger 2 (fid=71) not available, trying Charger 0 (fid=6)",1110.9029897338467,0,,
Car 549,,,,,5,switch,,"Charger 5 (fid=59) not available, trying Charger 4 (fid=2)",1111.089945276371,4,,
Car 554,,,,,1,switch,,"Charger 1 (fid=40) not available, trying Charger 5 (fid=59)",1111.0924269181435,5,,
Car 597,,,,39,,arrived,,arrived,1111.1900461320968,,,
Car 565,,,,,3,switch,,"Charger 3 (fid=10) not available, trying Charger 4 (fid=2)",1111.2958988265657,4,,
Car 555,,,,,2,switch,,"Charger 2 (fid=71) not available, trying Charger 5 (fid=59)",1111.5508827179738,5,,
Car 598,,,,8,,arrived,,arrived,1111.5661145257482,,,
Car 495,73.0,4,7,,,done,,done charging,1111.5948824163274,,,229.26503533247023
Car 551,,4,7,,,start_charge,,starting to charge at Charger 7 (fid=4),1111.5948824163274,,24.98016514932783,
Car 591,,,,,2,switch,,"Charger 2 (fid=71) not available, trying Charger 0 (fid=6)",1111.769863036991,0,,
Car 599,,,,82,,arrived,,arrived,1111.811126258725,,,
Car 600,,,,31,,arrived,,arrived,1111.8825482302784,,,
Car 557,,,,,1,switch,,"Charger 1 (fid=40) not available, trying Charger 5 (fid=59)",1111.9282259473132,5,,
Car 539,,,,,,gave_up,6,"no alternate charger available, gave up",1112.0536173592095,,,
Car 585,,,,,3,switch,,"Charger 3 (fid=10) not available, trying Charger 1 (fid=40)",1112.0848311094585,1,,
Car 571,,,,,3,switch,,"Charger 3 (fid=10) not available, trying Charger 1 (fid=40)",1112.2002787729248,1,,
Car 592,,,,,4,switch,,"Charger 4 (fid=2) not available, trying Charger 0 (fid=6)",1112.206821891839,0,,
Car 572,,,,,3,switch,,"Charger 3 (fid=10) not available, trying Charger 7 (fid=4)",1112.2213010674768,7,,
Car 548,,,,,6,switch,,"Charger 6 (fid=64) not available, trying Charger 3 (fid=10)",1112.4845754166317,3,,
Car 545,,,,,4,switch,,"Charger 4 (fid=2) not available, trying Charger 6 (fid=64)",1112.5169355543835,6,,
Car 601,,,,5,,arrived,,arrived,1112.7124869566383,,,
Car 593,,,,,5,switch,,"Charger 5 (fid=59) not available, trying Charger 4 (fid=2)",1112.7461212716328,4,,
Car 559,,,,,1,switch,,"Charger 1 (fid=40) not available, trying Charger 4 (fid=2)",1112.7878464564103,4,,
Car 542,,,,,,gave_up,6,"no alternate charger available, gave up",1112.931054232647,,,
Car 594,,,,,2,switch,,"Charger 2 (fid=71) not available, trying Charger 0 (fid=6)",1113.2532525469614,0,,
Car 546,,,,,4,switch,,"Charger 4 (fid=2) not available, trying Charger 6 (fid=64)",1113.278834470658,6,,
Car 595,,,,,7,switch,,"Charger 7 (fid=4) not available, trying Charger 3 (fid=10)",1113.2860953029483,3,,
Car 602,,,,55,,arrived,,arrived,1113.4908953035829,,,
Car 567,,,,,1,switch,,"Charger 1 (fid=40) not available, trying Charger 0 (fid=6)",1113.6345603180978,0,,
Car 524,,,,,,gave_up,6,"no alternate charger available, gave up",1113.9469553790173,,,
Car 566,,,,,5,switch,,"Charger 5 (fid=59) not available, trying Charger 1 (fid=40)",1113.9801940878776,1,,
Car 544,,,,,4,switch,,"Charger 4 (fid=2) not available, trying Charger 6 (fid=64)",1113.9924205913157,6,,
Car 596,,,,,6,switch,,"Charger 6 (fid=64) not available, trying Charger 5 (fid=59)",1113.997279296086,5,,
Car 561,,,,,1,switch,,"Charger 1 (fid=40) not available, trying Charger 5 (fid=59)",1114.0164595646806,5,,
Car 603,,,,55,,arrived,,arrived,1114.4389081849426,,,
Car 540,,,,,,gave_up,6,"no alternate charger available, gave up",1114.5111263623878,,,
Car 573,,,,,7,switch,,"Charger 7 (fid=4) not available, trying Charger 1 (fid=40)",1114.5892296601826,1,,
Car 604,,,,31,,arrived,,arrived,1114.8969710066756,,,
Car 547,,,,,4,switch,,"Charger 4 (fid=2) not available, trying Charger 6 (fid=64)",1114.9900993388715,6,,
Car 550,,,,,4,switch,,"Charger 4 (fid=2) not available, trying Charger 5 (fid=59)",1115.1329115957597,5,,
Car 587,,,,,6,switch,,"Charger 6 (fid=64) not available, trying Charger 5 (fid=59)",1115.1709395976507,5,,
Car 564,,,,,1,switch,,"Charger 1 (fid=40) not available, trying Charger 2 (fid=71)",1115.2199167345789,2,,
Car 574,,,,,7,switch,,"Charger 7 (fid=4) not available, trying Charger 3 (fid=10)",1115.524926507528,3,,
Car 575,,,,,1,switch,,"Charger 1 (fid=40) not available, trying Charger 2 (fid=71)",1115.6301184395477,2,,
Car 454,116.0,2,4,,,done,,done charging,1115.6510478823132,,,443.60133926873306
Car 543,,2,4,,,start_charge,,starting to charge at Charger 4 (fid=2),1115.6510478823132,,34.45868679309456,
Car 605,,,,45,,arrived,,arrived,1115.724594929185,,,
Car 576,,,,,7,switch,,"Charger 7 (fid=4) not available, trying Charger 3 (fid=10)",1115.8039515231906,3,,
Car 579,,,,,1,switch,,"Charger 1 (fid=40) not available, trying Charger 3 (fid=10)",1115.9281867245259,3,,
Car 569,,,,,3,switch,,"Charger 3 (fid=10) not available, trying Charger 7 (fid=4)",1115.9539679619643,7,,
Car 577,,,,,1,switch,,"Charger 1 (fid=40) not available, trying Charger 0 (fid=6)",1116.0818446859032,0,,
Car 580,,,,,1,switch,,"Charger 1 (fid=40) not available, trying Charger 2 (fid=71)",1116.1530146863122,2,,
Car 597,,,,,1,switch,,"Charger 1 (fid=40) not available, trying Charger 5 (fid=59)",1116.1900461320968,5,,
Car 562,,,,,0,switch,,"Charger 0 (fid=6) not available, trying Charger 5 (fid=59)",1116.2278776298492,5,,
Car 586,,,,,1,switch,,"Charger 1 (fid=40) not available, trying Charger 5 (fid=59)",1116.264635566753,5,,
Car 541,,,,,,gave_up,6,"no alternate charger available, gave up",1116.3751744980207,,,
Car 563,,,,,1,switch,,"Charger 1 (fid=40) not available, trying Charger 5 (fid=59)",1116.5415555664065,5,,
Car 598,,,,,3,switch,,"Charger 3 (fid=10) not available, trying Charger 7 (fid=4)",1116.5661145257482,7,,
Car 536,,,,,,gave_up,7,"no alternate charger available, gave up",1116.7346736065983,,,
Car 599,,,,,4,switch,,"Charger 4 (fid=2) not available, trying Charger 6 (fid=64)",1116.811126258725,6,,
Car 600,,,,,2,switch,,"Charger 2 (fid=71) not available, trying Charger 7 (fid=4)",1116.8825482302784,7,,
Car 606,,,,14,,arrived,,arrived,1117.124131081407,,,
Car 578,,,,,7,switch,,"Charger 7 (fid=4) not available, trying Charger 1 (fid=40)",1117.2656811204924,1,,
Car 589,,,,,0,switch,,"Charger 0 (fid=6) not available, trying Charger 5 (fid=59)",1117.3803604952914,5,,
Car 581,,,,,5,switch,,"Charger 5 (fid=59) not available, trying Charger 2 (fid=71)",1117.3822445196756,2,,
Car 552,,,,,5,switch,,"Charger 5 (fid=59) not available, trying Charger 4 (fid=2)",1117.4456665334428,4,,
Car 584,,,,,1,switch,,"Charger 1 (fid=40) not available, trying Charger 3 (fid=10)",1117.4591196136175,3,,
Car 590,,,,,0,switch,,"Charger 0 (fid=6) not available, trying Charger 3 (fid=10)",1117.5353369120016,3,,
Car 549,,,,,4,switch,,"Charger 4 (fid=2) not available, trying Charger 6 (fid=64)",1117.6091686422074,6,,
Car 607,,,,37,,arrived,,arrived,1117.6283813462906,,,
Car 601,,,,,7,switch,,"Charger 7 (fid=4) not available, trying Charger 3 (fid=10)",1117.7124869566383,3,,
Car 608,,,,13,,arrived,,arrived,1117.7352227126773,,,
Car 588,,,,,3,switch,,"Charger 3 (fid=10) not available, trying Charger 2 (fid=71)",1117.9978074726837,2,,
Car 568,,,,,2,switch,,"Charger 2 (fid=71) not available, trying Charger 0 (fid=6)",1118.0389901078704,0,,
Car 609,,,,77,,arrived,,arrived,1118.238211461827,,,
Car 591,,,,,0,switch,,"Charger 0 (fid=6) not available, trying Charger 1 (fid=40)",1118.402210215146,1,,
Car 602,,,,,2,switch,,"Charger 2 (fid=71) not available, trying Charger 0 (fid=6)",1118.4908953035829,0,,
Car 583,,,,,1,switch,,"Charger 1 (fid=40) not available, trying Charger 2 (fid=71)",1118.6009028461017,2,,
Car 554,,,,,5,switch,,"Charger 5 (fid=59) not available, trying Charger 4 (fid=2)",1118.6026180023193,4,,
Car 545,,,,,,gave_up,6,"no alternate charger available, gave up",1118.7612608442519,,,
Car 572,,,,,7,switch,,"Charger 7 (fid=4) not available, trying Charger 1 (fid=40)",1118.9127077919607,1,,
Car 593,,,,,4,switch,,"Charger 4 (fid=2) not available, trying Charger 0 (fid=6)",1119.265344637469,0,,
Car 514,45.0,59,5,,,done,,done charging,1119.316955716913,,,558.3828150194155
Car 557,,59,5,,,start_charge,,starting to charge at Charger 5 (fid=59),1119.316955716913,,29.87853868542402,
Car 603,,,,,2,switch,,"Charger 2 (fid=71) not available, trying Charger 0 (fid=6)",1119.4389081849426,0,,
Car 558,,,,,2,switch,,"Charger 2 (fid=71) not available, trying Charger 3 (fid=10)",1119.440795259296,3,,
Car 570,,,,,2,switch,,"Charger 2 (fid=71) not available, trying Charger 4 (fid=2)",1119.442939629315,4,,
Car 546,,,,,,gave_up,6,"no alternate charger available, gave up",1119.5231597605264,,,
Car 585,,,,,1,switch,,"Charger 1 (fid=40) not available, trying Charger 2 (fid=71)",1119.5426488396574,2,,
Car 571,,,,,1,switch,,"Charger 1 (fid=40) not available, trying Charger 7 (fid=4)",1119.6580965031237,7,,
Car 594,,,,,0,switch,,"Charger 0 (fid=6) not available, trying Charger 7 (fid=4)",1119.8855997251164,7,,
Car 604,,,,,2,switch,,"Charger 2 (fid=71) not available, trying Charger 0 (fid=6)",1119.8969710066756,0,,
Car 595,,,,,3,switch,,"Charger 3 (fid=10) not available, trying Charger 2 (fid=71)",1119.9775020274321,2,,
Car 544,,,,,,gave_up,6,"no alternate charger available, gave up",1120.236745881184,,,
Car 596,,,,,5,switch,,"Charger 5 (fid=59) not available, trying Charger 4 (fid=2)",1120.3519334270277,4,,
Car 592,,,,,0,switch,,"Charger 0 (fid=6) not available, trying Charger 5 (fid=59)",1120.4723313903291,5,,
Car 610,,,,57,,arrived,,arrived,1120.6907247741578,,,
Car 605,,,,,1,switch,,"Charger 1 (fid=40) not available, trying Charger 0 (fid=6)",1120.724594929185,0,,
Car 567,,,,,0,switch,,"Charger 0 (fid=6) not available, trying Charger 2 (fid=71)",1121.1250967831652,2,,
Car 555,,,,,5,switch,,"Charger 5 (fid=59) not available, trying Charger 4 (fid=2)",1121.1798092975969,4,,
Car 547,,,,,,gave_up,6,"no alternate charger available, gave up",1121.2344246287398,,,
Car 611,,,,56,,arrived,,arrived,1121.292018214112,,,
Car 566,,,,,1,switch,,"Charger 1 (fid=40) not available, trying Charger 6 (fid=64)",1121.4903851720535,6,,
Car 587,,,,,5,switch,,"Charger 5 (fid=59) not available, trying Charger 0 (fid=6)",1121.5255937285924,0,,
Car 561,,,,,5,switch,,"Charger 5 (fid=59) not available, trying Charger 4 (fid=2)",1121.5266506488565,4,,
Car 559,,,,,4,switch,,"Charger 4 (fid=2) not available, trying Charger 5 (fid=59)",1121.5735307066268,5,,
Car 553,,,,,4,switch,,"Charger 4 (fid=2) not available, trying Charger 5 (fid=59)",1121.5739652637062,5,,
Car 550,,,,,5,switch,,"Charger 5 (fid=59) not available, trying Charger 6 (fid=64)",1121.652134961596,6,,
Car 612,,,,23,,arrived,,arrived,1121.9395027082064,,,
Car 606,,,,,2,switch,,"Charger 2 (fid=71) not available, trying Charger 0 (fid=6)",1122.124131081407,0,,
Car 574,,,,,3,switch,,"Charger 3 (fid=10) not available, trying Charger 1 (fid=40)",1122.216333232012,1,,
Car 565,,,,,4,switch,,"Charger 4 (fid=2) not available, trying Charger 6 (fid=64)",1122.2421296762495,6,,
Car 613,,,,24,,arrived,,arrived,1122.3776425799813,,,
Car 576,,,,,3,switch,,"Charger 3 (fid=10) not available, trying Charger 1 (fid=40)",1122.4953582476744,1,,
Car 607,,,,,7,switch,,"Charger 7 (fid=4) not available, trying Charger 3 (fid=10)",1122.6283813462906,3,,
Car 569,,,,,7,switch,,"Charger 7 (fid=4) not available, trying Charger 5 (fid=59)",1122.6453746864481,5,,
Car 608,,,,,2,switch,,"Charger 2 (fid=71) not available, trying Charger 0 (fid=6)",1122.7352227126773,0,,
Car 599,,,,,6,switch,,"Charger 6 (fid=64) not available, trying Charger 5 (fid=59)",1123.0554515485933,5,,
Car 609,,,,,1,switch,,"Charger 1 (fid=40) not available, trying Charger 0 (fid=6)",1123.238211461827,0,,
Car 598,,,,,7,switch,,"Charger 7 (fid=4) not available, trying Charger 1 (fid=40)",1123.257521250232,1,,
Car 579,,,,,3,switch,,"Charger 3 (fid=10) not available, trying Charger 7 (fid=4)",1123.3860044547248,7,,
Car 577,,,,,0,switch,,"Charger 0 (fid=6) not available, trying Charger 2 (fid=71)",1123.5723811509706,2,,
Car 573,,,,,1,switch,,"Charger 1 (fid=40) not available, trying Charger 3 (fid=10)",1123.5851185207132,3,,
Car 597,,,,,5,switch,,"Charger 5 (fid=59) not available, trying Charger 0 (fid=6)",1123.7002372162726,0,,
Car 548,,,,,3,switch,,"Charger 3 (fid=10) not available, trying Charger 7 (fid=4)",1123.7241228447515,7,,
Car 586,,,,,5,switch,,"Charger 5 (fid=59) not available, trying Charger 2 (fid=71)",1123.7748266509288,2,,
Car 549,,,,,,gave_up,6,"no alternate charger available, gave up",1123.8534939320757,,,
Car 552,,,,,4,switch,,"Charger 4 (fid=2) not available, trying Charger 6 (fid=64)",1123.9648898992791,6,,
Car 564,,,,,2,switch,,"Charger 2 (fid=71) not available, trying Charger 3 (fid=10)",1124.0175619643187,3,,
Car 563,,,,,5,switch,,"Charger 5 (fid=59) not available, trying Charger 4 (fid=2)",1124.0517466505823,4,,
Car 562,,,,,5,switch,,"Charger 5 (fid=59) not available, trying Charger 4 (fid=2)",1124.231220537089,4,,
Car 601,,,,,3,switch,,"Charger 3 (fid=10) not available, trying Charger 2 (fid=71)",1124.403893681122,2,,
Car 575,,,,,2,switch,,"Charger 2 (fid=71) not available, trying Charger 0 (fid=6)",1124.4277636692875,0,,
Car 568,,,,,0,switch,,"Charger 0 (fid=6) not available, trying Charger 5 (fid=59)",1124.6713372860254,5,,
Car 584,,,,,3,switch,,"Charger 3 (fid=10) not available, trying Charger 7 (fid=4)",1124.9169373438165,7,,
Car 580,,,,,2,switch,,"Charger 2 (fid=71) not available, trying Charger 0 (fid=6)",1124.950659916052,0,,
Car 515,62.0,40,1,,,done,,done charging,1125.050310127227,,,311.14845665854773
Car 591,,40,1,,,start_charge,,starting to charge at Charger 1 (fid=40),1125.050310127227,,14.157563447013672,
Car 554,,,,,4,switch,,"Charger 4 (fid=2) not available, trying Charger 6 (fid=64)",1125.1218413681556,6,,
Car 602,,,,,0,switch,,"Charger 0 (fid=6) not available, trying Charger 7 (fid=4)",1125.1232424817379,7,,
Car 614,,,,25,,arrived,,arrived,1125.313371273524,,,
Car 589,,,,,5,switch,,"Charger 5 (fid=59) not available, trying Charger 3 (fid=10)",1125.3837034025312,3,,
Car 600,,,,,7,switch,,"Charger 7 (fid=4) not available, trying Charger 0 (fid=6)",1125.426024308434,0,,
Car 615,,,,11,,arrived,,arrived,1125.6053902034096,,,
Car 610,,,,,2,switch,,"Charger 2 (fid=71) not available, trying Charger 0 (fid=6)",1125.6907247741578,0,,
Car 616,,,,68,,arrived,,arrived,1125.7197007858626,,,
Car 590,,,,,3,switch,,"Charger 3 (fid=10) not available, trying Charger 1 (fid=40)",1125.8848742445493,1,,
Car 617,,,,55,,arrived,,arrived,1126.0584445692766,,,
Car 603,,,,,0,switch,,"Charger 0 (fid=6) not available, trying Charger 7 (fid=4)",1126.0712553630976,7,,
Car 618,,,,77,,arrived,,arrived,1126.1180555725705,,,
Car 578,,,,,1,switch,,"Charger 1 (fid=40) not available, trying Charger 3 (fid=10)",1126.261569981023,3,,
Car 611,,,,,2,switch,,"Charger 2 (fid=71) not available, trying Charger 0 (fid=6)",1126.292018214112,0,,
Car 604,,,,,0,switch,,"Charger 0 (fid=6) not available, trying Charger 3 (fid=10)",1126.5293181848306,3,,
Car 588,,,,,2,switch,,"Charger 2 (fid=71) not available, trying Charger 1 (fid=40)",1126.6228693530409,1,,
Car 596,,,,,4,switch,,"Charger 4 (fid=2) not available, trying Charger 1 (fid=40)",1126.871156792864,1,,
Car 612,,,,,2,switch,,"Charger 2 (fid=71) not available, trying Charger 0 (fid=6)",1126.9395027082064,0,,
Car 581,,,,,2,switch,,"Charger 2 (fid=71) not available, trying Charger 4 (fid=2)",1127.0111710992987,4,,
Car 613,,,,,7,switch,,"Charger 7 (fid=4) not available, trying Charger 2 (fid=71)",1127.3776425799813,2,,
Car 583,,,,,2,switch,,"Charger 2 (fid=71) not available, trying Charger 0 (fid=6)",1127.3985480758415,0,,
Car 593,,,,,0,switch,,"Charger 0 (fid=6) not available, trying Charger 6 (fid=64)",1127.5308541359593,6,,
Car 619,,,,73,,arrived,,arrived,1127.5341882985026,,,
Car 555,,,,,4,switch,,"Charger 4 (fid=2) not available, trying Charger 6 (fid=64)",1127.6990326634332,6,,
Car 620,,,,6,,arrived,,arrived,1127.739429340928,,,
Car 567,,,,,2,switch,,"Charger 2 (fid=71) not available, trying Charger 3 (fid=10)",1127.7574439613202,3,,
Car 621,,,,38,,arrived,,arrived,1127.7910213657983,,,
Car 572,,,,,1,switch,,"Charger 1 (fid=40) not available, trying Charger 5 (fid=59)",1127.9085966524913,5,,
Car 550,,,,,,gave_up,6,"no alternate charger available, gave up",1128.0067890925377,,,
Car 561,,,,,4,switch,,"Charger 4 (fid=2) not available, trying Charger 6 (fid=64)",1128.0458740146928,6,,
Car 558,,,,,3,switch,,"Charger 3 (fid=10) not available, trying Charger 7 (fid=4)",1128.0658571396532,7,,
Car 559,,,,,5,switch,,"Charger 5 (fid=59) not available, trying Charger 6 (fid=64)",1128.092754072463,6,,
Car 553,,,,,5,switch,,"Charger 5 (fid=59) not available, trying Charger 6 (fid=64)",1128.0931886295425,6,,
Car 605,,,,,0,switch,,"Charger 0 (fid=6) not available, trying Charger 3 (fid=10)",1128.2151313942525,3,,
Car 585,,,,,2,switch,,"Charger 2 (fid=71) not available, trying Charger 0 (fid=6)",1128.3402940693973,0,,
Car 592,,,,,5,switch,,"Charger 5 (fid=59) not available, trying Charger 2 (fid=71)",1128.475674297569,2,,
Car 565,,,,,6,switch,,"Charger 6 (fid=64) not available, trying Charger 2 (fid=71)",1128.486454966118,2,,
Car 595,,,,,2,switch,,"Charger 2 (fid=71) not available, trying Charger 0 (fid=6)",1128.6025639077893,0,,
Car 571,,,,,7,switch,,"Charger 7 (fid=4) not available, trying Charger 5 (fid=59)",1128.6539853636543,5,,
Car 606,,,,,0,switch,,"Charger 0 (fid=6) not available, trying Charger 3 (fid=10)",1128.756478259562,3,,
Car 594,,,,,7,switch,,"Charger 7 (fid=4) not available, trying Charger 3 (fid=10)",1128.9007189206693,3,,
Car 570,,,,,4,switch,,"Charger 4 (fid=2) not available, trying Charger 3 (fid=10)",1129.1496594795772,3,,
Car 607,,,,,3,switch,,"Charger 3 (fid=10) not available, trying Charger 2 (fid=71)",1129.3197880707744,2,,
Car 608,,,,,0,switch,,"Charger 0 (fid=6) not available, trying Charger 7 (fid=4)",1129.3675698908323,7,,
Car 599,,,,,5,switch,,"Charger 5 (fid=59) not available, trying Charger 0 (fid=6)",1129.410105679535,0,,
Car 587,,,,,0,switch,,"Charger 0 (fid=6) not available, trying Charger 1 (fid=40)",1129.5289366358322,1,,
Car 574,,,,,1,switch,,"Charger 1 (fid=40) not available, trying Charger 5 (fid=59)",1129.674150962211,5,,
Car 576,,,,,1,switch,,"Charger 1 (fid=40) not available, trying Charger 5 (fid=59)",1129.9531759778733,5,,
Car 579,,,,,7,switch,,"Charger 7 (fid=4) not available, trying Charger 5 (fid=59)",1130.0774111792086,5,,
Car 577,,,,,2,switch,,"Charger 2 (fid=71) not available, trying Charger 5 (fid=59)",1130.2047283291256,5,,
Car 552,,,,,,gave_up,6,"no alternate charger available, gave up",1130.2092151891475,,,
Car 614,,,,,2,switch,,"Charger 2 (fid=71) not available, trying Charger 0 (fid=6)",1130.313371273524,0,,
Car 566,,,,,6,switch,,"Charger 6 (fid=64) not available, trying Charger 3 (fid=10)",1130.3430612302495,3,,
Car 548,,,,,,gave_up,7,"no alternate charger available, gave up",1130.4155295692353,,,
Car 563,,,,,4,switch,,"Charger 4 (fid=2) not available, trying Charger 6 (fid=64)",1130.5709700164186,6,,
Car 615,,,,,0,switch,,"Charger 0 (fid=6) not available, trying Charger 3 (fid=10)",1130.6053902034096,3,,
Car 616,,,,,2,switch,,"Charger 2 (fid=71) not available, trying Charger 0 (fid=6)",1130.7197007858626,0,,
Car 609,,,,,0,switch,,"Charger 0 (fid=6) not available, trying Charger 5 (fid=59)",1130.7287479268944,5,,
Car 562,,,,,4,switch,,"Charger 4 (fid=2) not available, trying Charger 6 (fid=64)",1130.7504439029253,6,,
Car 556,49.0,71,2,,,done,,done charging,1130.9202094523343,,,89.19036556155834
Car 617,,71,2,,,start_charge,,starting to charge at Charger 2 (fid=71),1130.9202094523343,,4.861764883057731,
Car 573,,,,,3,switch,,"Charger 3 (fid=10) not available, trying Charger 4 (fid=2)",1131.0429362509121,4,,
Car 575,,,,,0,switch,,"Charger 0 (fid=6) not available, trying Charger 5 (fid=59)",1131.0601108474425,5,,
Car 618,,,,,1,switch,,"Charger 1 (fid=40) not available, trying Charger 0 (fid=6)",1131.1180555725705,0,,
Car 554,,,,,,gave_up,6,"no alternate charger available, gave up",1131.366166658024,,,
Car 580,,,,,0,switch,,"Charger 0 (fid=6) not available, trying Charger 5 (fid=59)",1131.583007094207,5,,
Car 584,,,,,7,switch,,"Charger 7 (fid=4) not available, trying Charger 5 (fid=59)",1131.6083440683003,5,,
Car 597,,,,,0,switch,,"Charger 0 (fid=6) not available, trying Charger 6 (fid=64)",1131.7035801235124,6,,
Car 598,,,,,1,switch,,"Charger 1 (fid=40) not available, trying Charger 2 (fid=71)",1132.2534101107626,2,,
Car 610,,,,,0,switch,,"Charger 0 (fid=6) not available, trying Charger 7 (fid=4)",1132.3230719523128,7,,
Car 619,,,,,3,switch,,"Charger 3 (fid=10) not available, trying Charger 7 (fid=4)",1132.5341882985026,7,,
Car 564,,,,,3,switch,,"Charger 3 (fid=10) not available, trying Charger 7 (fid=4)",1132.6426238446759,7,,
Car 568,,,,,5,switch,,"Charger 5 (fid=59) not available, trying Charger 4 (fid=2)",1132.6746801932652,4,,
Car 620,,,,,0,switch,,"Charger 0 (fid=6) not available, trying Charger 2 (fid=71)",1132.739429340928,2,,
Car 621,,,,,7,switch,,"Charger 7 (fid=4) not available, trying Charger 3 (fid=10)",1132.7910213657983,3,,
Car 611,,,,,0,switch,,"Charger 0 (fid=6) not available, trying Charger 7 (fid=4)",1132.924365392267,7,,
Car 622,,,,20,,arrived,,arrived,1133.0230811246433,,,
Car 601,,,,,2,switch,,"Charger 2 (fid=71) not available, trying Charger 0 (fid=6)",1133.0289555614793,0,,
Car 590,,,,,1,switch,,"Charger 1 (fid=40) not available, trying Charger 7 (fid=4)",1133.3426919747483,7,,
Car 586,,,,,2,switch,,"Charger 2 (fid=71) not available, trying Charger 4 (fid=2)",1133.403753230552,4,,
Car 612,,,,,0,switch,,"Charger 0 (fid=6) not available, trying Charger 1 (fid=40)",1133.5718498863614,1,,
Car 578,,,,,3,switch,,"Charger 3 (fid=10) not available, trying Charger 4 (fid=2)",1133.719387711222,4,,
Car 569,,,,,5,switch,,"Charger 5 (fid=59) not available, trying Charger 4 (fid=2)",1133.8843519219724,4,,
Car 555,,,,,,gave_up,6,"no alternate charger available, gave up",1133.9433579533015,,,
Car 583,,,,,0,switch,,"Charger 0 (fid=6) not available, trying Charger 5 (fid=59)",1134.0308952539965,5,,
Car 602,,,,,7,switch,,"Charger 7 (fid=4) not available, trying Charger 3 (fid=10)",1134.1383616772907,3,,
Car 561,,,,,,gave_up,6,"no alternate charger available, gave up",1134.2901993045612,,,
Car 600,,,,,0,switch,,"Charger 0 (fid=6) not available, trying Charger 3 (fid=10)",1134.441143503987,3,,
Car 559,,,,,,gave_up,6,"no alternate charger available, gave up",1134.4474082034048,,,
Car 553,,,,,,gave_up,6,"no alternate charger available, gave up",1134.4478427604843,,,
Car 623,,,,55,,arrived,,arrived,1134.5264595133203,,,
Car 523,75.0,10,3,,,done,,done charging,1134.5918798729733,,,154.06440554843863
Car 604,,10,3,,,start_charge,,starting to charge at Charger 3 (fid=10),1134.5918798729733,,14.713024355595053,
Car 558,,,,,,gave_up,7,"no alternate charger available, gave up",1134.757263864137,,,
Car 585,,,,,0,switch,,"Charger 0 (fid=6) not available, trying Charger 5 (fid=59)",1134.9726412475522,5,,
Car 603,,,,,7,switch,,"Charger 7 (fid=4) not available, trying Charger 3 (fid=10)",1135.0863745586505,3,,
Car 624,,,,10,,arrived,,arrived,1135.1986852714422,,,
Car 595,,,,,0,switch,,"Charger 0 (fid=6) not available, trying Charger 1 (fid=40)",1135.2349110859443,1,,
Car 589,,,,,3,switch,,"Charger 3 (fid=10) not available, trying Charger 2 (fid=71)",1135.268711729521,2,,
Car 572,,,,,5,switch,,"Charger 5 (fid=59) not available, trying Charger 4 (fid=2)",1135.4187877366671,4,,
Car 588,,,,,1,switch,,"Charger 1 (fid=40) not available, trying Charger 7 (fid=4)",1135.4205145827807,7,,
Car 594,,,,,3,switch,,"Charger 3 (fid=10) not available, trying Charger 1 (fid=40)",1135.5921256451531,1,,
Car 596,,,,,1,switch,,"Charger 1 (fid=40) not available, trying Charger 0 (fid=6)",1135.6568410430805,0,,
Car 613,,,,,2,switch,,"Charger 2 (fid=71) not available, trying Charger 3 (fid=10)",1135.921118658137,3,,
Car 625,,,,55,,arrived,,arrived,1136.2262787774273,,,
Car 567,,,,,3,switch,,"Charger 3 (fid=10) not available, trying Charger 7 (fid=4)",1136.3825058416774,7,,
Car 605,,,,,3,switch,,"Charger 3 (fid=10) not available, trying Charger 2 (fid=71)",1136.5646687268002,2,,
Car 593,,,,,6,switch,,"Charger 6 (fid=64) not available, trying Charger 1 (fid=40)",1136.6273502361485,1,,
Car 581,,,,,4,switch,,"Charger 4 (fid=2) not available, trying Charger 3 (fid=10)",1136.7178909495608,3,,
Car 563,,,,,,gave_up,6,"no alternate charger available, gave up",1136.815295306287,,,
Car 614,,,,,0,switch,,"Charger 0 (fid=6) not available, trying Charger 1 (fid=40)",1136.9457184516789,1,,
Car 562,,,,,,gave_up,6,"no alternate charger available, gave up",1136.9947691927937,,,
Car 626,,,,1,,arrived,,arrived,1137.0160997742973,,,
Car 587,,,,,1,switch,,"Charger 1 (fid=40) not available, trying Charger 2 (fid=71)",1137.0194731008996,2,,
Car 606,,,,,3,switch,,"Charger 3 (fid=10) not available, trying Charger 7 (fid=4)",1137.1060155921098,7,,
Car 574,,,,,5,switch,,"Charger 5 (fid=59) not available, trying Charger 4 (fid=2)",1137.1843420463867,4,,
Car 616,,,,,0,switch,,"Charger 0 (fid=6) not available, trying Charger 7 (fid=4)",1137.3520479640176,7,,
Car 599,,,,,0,switch,,"Charger 0 (fid=6) not available, trying Charger 1 (fid=40)",1137.4134485867748,1,,
Car 576,,,,,5,switch,,"Charger 5 (fid=59) not available, trying Charger 4 (fid=2)",1137.4633670620492,4,,
Car 607,,,,,2,switch,,"Charger 2 (fid=71) not available, trying Charger 0 (fid=6)",1137.9448499511316,0,,
Car 622,,,,,2,switch,,"Charger 2 (fid=71) not available, trying Charger 0 (fid=6)",1138.0230811246433,0,,
Car 592,,,,,2,switch,,"Charger 2 (fid=71) not available, trying Charger 6 (fid=64)",1138.104600877192,6,,
Car 608,,,,,7,switch,,"Charger 7 (fid=4) not available, trying Charger 3 (fid=10)",1138.3826890863852,3,,
Car 618,,,,,0,switch,,"Charger 0 (fid=6) not available, trying Charger 5 (fid=59)",1138.608592037638,5,,
Car 486,119.0,6,0,,,done,,done charging,1138.7102933201968,,,130.04592452284498
Car 601,,6,0,,,start_charge,,starting to charge at Charger 0 (fid=6),1138.7102933201968,,19.04899058056253,
Car 609,,,,,5,switch,,"Charger 5 (fid=59) not available, trying Charger 3 (fid=10)",1138.7320908341342,3,,
Car 615,,,,,3,switch,,"Charger 3 (fid=10) not available, trying Charger 2 (fid=71)",1138.9549275359573,2,,
Car 627,,,,73,,arrived,,arrived,1139.0409082270946,,,
Car 575,,,,,5,switch,,"Charger 5 (fid=59) not available, trying Charger 4 (fid=2)",1139.0634537546823,4,,
Car 565,,,,,2,switch,,"Charger 2 (fid=71) not available, trying Charger 7 (fid=4)",1139.1474106709836,7,,
Car 568,,,,,4,switch,,"Charger 4 (fid=2) not available, trying Charger 6 (fid=64)",1139.1939035591015,6,,
Car 619,,,,,7,switch,,"Charger 7 (fid=4) not available, trying Charger 1 (fid=40)",1139.2255950229865,1,,
Car 564,,,,,,gave_up,7,"no alternate charger available, gave up",1139.3340305691597,,,
Car 620,,,,,2,switch,,"Charger 2 (fid=71) not available, trying Charger 1 (fid=40)",1139.371776519083,1,,
Car 621,,,,,3,switch,,"Charger 3 (fid=10) not available, trying Charger 2 (fid=71)",1139.4824280902822,2,,
Car 623,,,,,2,switch,,"Charger 2 (fid=71) not available, trying Charger 0 (fid=6)",1139.5264595133203,0,,
Car 580,,,,,5,switch,,"Charger 5 (fid=59) not available, trying Charger 4 (fid=2)",1139.5863500014468,4,,
Car 577,,,,,5,switch,,"Charger 5 (fid=59) not available, trying Charger 4 (fid=2)",1139.8336549087487,4,,
Car 571,,,,,5,switch,,"Charger 5 (fid=59) not available, trying Charger 4 (fid=2)",1139.8929625991786,4,,
Car 570,,,,,3,switch,,"Charger 3 (fid=10) not available, trying Charger 6 (fid=64)",1140.095890329261,6,,
Car 624,,,,,3,switch,,"Charger 3 (fid=10) not available, trying Charger 7 (fid=4)",1140.1986852714422,7,,
Car 628,,,,67,,arrived,,arrived,1140.3854072218887,,,
Car 569,,,,,4,switch,,"Charger 4 (fid=2) not available, trying Charger 6 (fid=64)",1140.4035752878087,6,,
Car 629,,,,34,,arrived,,arrived,1140.6066056398563,,,
Car 597,,,,,6,switch,,"Charger 6 (fid=64) not available, trying Charger 3 (fid=10)",1140.8000762237016,3,,
Car 602,,,,,3,switch,,"Charger 3 (fid=10) not available, trying Charger 1 (fid=40)",1140.8297684017746,1,,
Car 598,,,,,2,switch,,"Charger 2 (fid=71) not available, trying Charger 0 (fid=6)",1141.0510553405024,0,,
Car 612,,,,,1,switch,,"Charger 1 (fid=40) not available, trying Charger 7 (fid=4)",1141.0623863514288,7,,
Car 625,,,,,2,switch,,"Charger 2 (fid=71) not available, trying Charger 0 (fid=6)",1141.2262787774273,0,,
Car 579,,,,,5,switch,,"Charger 5 (fid=59) not available, trying Charger 4 (fid=2)",1141.316388414733,4,,
Car 610,,,,,7,switch,,"Charger 7 (fid=4) not available, trying Charger 3 (fid=10)",1141.3381911478657,3,,
Car 630,,,,28,,arrived,,arrived,1141.5328079560702,,,
Car 566,,,,,3,switch,,"Charger 3 (fid=10) not available, trying Charger 7 (fid=4)",1141.5826086583693,7,,
Car 603,,,,,3,switch,,"Charger 3 (fid=10) not available, trying Charger 1 (fid=40)",1141.7777812831343,1,,
Car 572,,,,,4,switch,,"Charger 4 (fid=2) not available, trying Charger 6 (fid=64)",1141.9380111025034,6,,
Car 611,,,,,7,switch,,"Charger 7 (fid=4) not available, trying Charger 3 (fid=10)",1141.9394845878198,3,,
Car 573,,,,,4,switch,,"Charger 4 (fid=2) not available, trying Charger 5 (fid=59)",1141.989167100596,5,,
Car 626,,,,,0,switch,,"Charger 0 (fid=6) not available, trying Charger 5 (fid=59)",1142.0160997742973,5,,
Car 583,,,,,5,switch,,"Charger 5 (fid=59) not available, trying Charger 4 (fid=2)",1142.0342381612363,4,,
Car 590,,,,,7,switch,,"Charger 7 (fid=4) not available, trying Charger 5 (fid=59)",1142.338580835279,5,,
Car 631,,,,5,,arrived,,arrived,1142.4706717354738,,,
Car 595,,,,,1,switch,,"Charger 1 (fid=40) not available, trying Charger 5 (fid=59)",1142.7254475510117,5,,
Car 600,,,,,3,switch,,"Charger 3 (fid=10) not available, trying Charger 1 (fid=40)",1142.7906808365346,1,,
Car 584,,,,,5,switch,,"Charger 5 (fid=59) not available, trying Charger 4 (fid=2)",1142.8473213038246,4,,
Car 585,,,,,5,switch,,"Charger 5 (fid=59) not available, trying Charger 4 (fid=2)",1142.975984154792,4,,
Car 594,,,,,1,switch,,"Charger 1 (fid=40) not available, trying Charger 5 (fid=59)",1143.049943375352,5,,
Car 567,,,,,,gave_up,7,"no alternate charger available, gave up",1143.0739125661612,,,
Car 586,,,,,4,switch,,"Charger 4 (fid=2) not available, trying Charger 3 (fid=10)",1143.110473080814,3,,
Car 632,,,,60,,arrived,,arrived,1143.1443526837238,,,
Car 596,,,,,0,switch,,"Charger 0 (fid=6) not available, trying Charger 2 (fid=71)",1143.1473775081479,2,,
Car 633,,,,90,,arrived,,arrived,1143.6133264499822,,,
Car 574,,,,,4,switch,,"Charger 4 (fid=2) not available, trying Charger 6 (fid=64)",1143.703565412223,6,,
Car 606,,,,,7,switch,,"Charger 7 (fid=4) not available, trying Charger 1 (fid=40)",1143.7974223165936,1,,
Car 589,,,,,2,switch,,"Charger 2 (fid=71) not available, trying Charger 4 (fid=2)",1143.8937736098783,4,,
Car 576,,,,,4,switch,,"Charger 4 (fid=2) not available, trying Charger 6 (fid=64)",1143.9825904278855,6,,
Car 634,,,,54,,arrived,,arrived,1143.9874097795318,,,
Car 627,,,,,3,switch,,"Charger 3 (fid=10) not available, trying Charger 7 (fid=4)",1144.0409082270946,7,,
Car 489,101.0,71,2,,,done,,done charging,1144.0829460285186,,,215.23398036788066
Car 605,,71,2,,,start_charge,,starting to charge at Charger 2 (fid=71),1144.0829460285186,,18.89321542136122,
Car 588,,,,,7,switch,,"Charger 7 (fid=4) not available, trying Charger 5 (fid=59)",1144.4164034433113,5,,
Car 614,,,,,1,switch,,"Charger 1 (fid=40) not available, trying Charger 3 (fid=10)",1144.4362549167463,3,,
Car 613,,,,,3,switch,,"Charger 3 (fid=10) not available, trying Charger 0 (fid=6)",1144.5461805384941,0,,
Car 607,,,,,0,switch,,"Charger 0 (fid=6) not available, trying Charger 1 (fid=40)",1144.5771971292866,1,,
Car 622,,,,,0,switch,,"Charger 0 (fid=6) not available, trying Charger 7 (fid=4)",1144.6554283027983,7,,
Car 578,,,,,4,switch,,"Charger 4 (fid=2) not available, trying Charger 5 (fid=59)",1144.6656185609058,5,,
Car 599,,,,,1,switch,,"Charger 1 (fid=40) not available, trying Charger 2 (fid=71)",1144.9039850518423,2,,
Car 608,,,,,3,switch,,"Charger 3 (fid=10) not available, trying Charger 1 (fid=40)",1145.074095810869,1,,
Car 628,,,,,2,switch,,"Charger 2 (fid=71) not available, trying Charger 7 (fid=4)",1145.3854072218887,7,,
Car 568,,,,,,gave_up,6,"no alternate charger available, gave up",1145.4382288489699,,,
Car 593,,,,,1,switch,,"Charger 1 (fid=40) not available, trying Charger 2 (fid=71)",1145.4800262943445,2,,
Car 575,,,,,4,switch,,"Charger 4 (fid=2) not available, trying Charger 6 (fid=64)",1145.5826771205186,6,,
Car 629,,,,,2,switch,,"Charger 2 (fid=71) not available, trying Charger 7 (fid=4)",1145.6066056398563,7,,
Car 587,,,,,2,switch,,"Charger 2 (fid=71) not available, trying Charger 3 (fid=10)",1145.8171183306395,3,,
Car 580,,,,,4,switch,,"Charger 4 (fid=2) not available, trying Charger 6 (fid=64)",1146.1055733672831,6,,
Car 623,,,,,0,switch,,"Charger 0 (fid=6) not available, trying Charger 7 (fid=4)",1146.1588066914753,7,,
Car 635,,,,69,,arrived,,arrived,1146.3276160213436,,,
Car 577,,,,,4,switch,,"Charger 4 (fid=2) not available, trying Charger 6 (fid=64)",1146.352878274585,6,,
Car 616,,,,,7,switch,,"Charger 7 (fid=4) not available, trying Charger 3 (fid=10)",1146.3671671595705,3,,
Car 571,,,,,4,switch,,"Charger 4 (fid=2) not available, trying Charger 6 (fid=64)",1146.412185965015,6,,
Car 630,,,,,2,switch,,"Charger 2 (fid=71) not available, trying Charger 0 (fid=6)",1146.5328079560702,0,,
Car 618,,,,,5,switch,,"Charger 5 (fid=59) not available, trying Charger 3 (fid=10)",1146.6119349448777,3,,
Car 569,,,,,,gave_up,6,"no alternate charger available, gave up",1146.647900577677,,,
Car 624,,,,,7,switch,,"Charger 7 (fid=4) not available, trying Charger 1 (fid=40)",1146.890091995926,1,,
Car 631,,,,,7,switch,,"Charger 7 (fid=4) not available, trying Charger 3 (fid=10)",1147.4706717354738,3,,
Car 615,,,,,2,switch,,"Charger 2 (fid=71) not available, trying Charger 1 (fid=40)",1147.5799894163144,1,,
Car 581,,,,,3,switch,,"Charger 3 (fid=10) not available, trying Charger 6 (fid=64)",1147.6641217992446,6,,
Car 598,,,,,0,switch,,"Charger 0 (fid=6) not available, trying Charger 5 (fid=59)",1147.6834025186574,5,,
Car 565,,,,,,gave_up,7,"no alternate charger available, gave up",1147.6908867491393,,,
Car 579,,,,,4,switch,,"Charger 4 (fid=2) not available, trying Charger 6 (fid=64)",1147.8356117805693,6,,
Car 625,,,,,0,switch,,"Charger 0 (fid=6) not available, trying Charger 7 (fid=4)",1147.8586259555823,7,,
Car 610,,,,,3,switch,,"Charger 3 (fid=10) not available, trying Charger 1 (fid=40)",1148.0295978723495,1,,
Car 582,46.0,4,7,,,done,,done charging,1148.0666470251626,,,54.8181167954453
Car 566,,4,7,,,start_charge,,starting to charge at Charger 7 (fid=4),1148.0666470251626,,39.792631642309516,
Car 621,,,,,2,switch,,"Charger 2 (fid=71) not available, trying Charger 0 (fid=6)",1148.1074899706393,0,,
Car 632,,,,,1,switch,,"Charger 1 (fid=40) not available, trying Charger 0 (fid=6)",1148.1443526837238,0,,
Car 620,,,,,1,switch,,"Charger 1 (fid=40) not available, trying Charger 5 (fid=59)",1148.1694217488227,5,,
Car 572,,,,,,gave_up,6,"no alternate charger available, gave up",1148.1823363923718,,,
Car 619,,,,,1,switch,,"Charger 1 (fid=40) not available, trying Charger 2 (fid=71)",1148.221483883517,2,,
Car 602,,,,,1,switch,,"Charger 1 (fid=40) not available, trying Charger 5 (fid=59)",1148.2875861319735,5,,
Car 636,,,,47,,arrived,,arrived,1148.3719859538733,,,
Car 573,,,,,5,switch,,"Charger 5 (fid=59) not available, trying Charger 6 (fid=64)",1148.5083904664323,6,,
Car 583,,,,,4,switch,,"Charger 4 (fid=2) not available, trying Charger 6 (fid=64)",1148.5534615270726,6,,
Car 633,,,,,4,switch,,"Charger 4 (fid=2) not available, trying Charger 6 (fid=64)",1148.6133264499822,6,,
Car 609,,,,,3,switch,,"Charger 3 (fid=10) not available, trying Charger 2 (fid=71)",1148.617099161124,2,,
Car 611,,,,,3,switch,,"Charger 3 (fid=10) not available, trying Charger 1 (fid=40)",1148.6308913123037,1,,
Car 592,,,,,6,switch,,"Charger 6 (fid=64) not available, trying Charger 1 (fid=40)",1148.7655565820578,1,,
Car 634,,,,,2,switch,,"Charger 2 (fid=71) not available, trying Charger 0 (fid=6)",1148.9874097795318,0,,
Car 603,,,,,1,switch,,"Charger 1 (fid=40) not available, trying Charger 5 (fid=59)",1149.2355990133333,5,,
Car 584,,,,,4,switch,,"Charger 4 (fid=2) not available, trying Charger 6 (fid=64)",1149.366544669661,6,,
Car 637,,,,61,,arrived,,arrived,1149.4241980269394,,,
Car 585,,,,,4,switch,,"Charger 4 (fid=2) not available, trying Charger 6 (fid=64)",1149.4952075206284,6,,
Car 596,,,,,2,switch,,"Charger 2 (fid=71) not available, trying Charger 3 (fid=10)",1149.7797246863029,3,,
Car 574,,,,,,gave_up,6,"no alternate charger available, gave up",1149.9478907020914,,,
Car 626,,,,,5,switch,,"Charger 5 (fid=59) not available, trying Charger 4 (fid=2)",1150.0194426815372,4,,
Car 612,,,,,7,switch,,"Charger 7 (fid=4) not available, trying Charger 3 (fid=10)",1150.0582752119594,3,,
Car 638,,,,32,,arrived,,arrived,1150.0953239190708,,,
Car 576,,,,,,gave_up,6,"no alternate charger available, gave up",1150.2269157177539,,,
Car 595,,,,,5,switch,,"Charger 5 (fid=59) not available, trying Charger 4 (fid=2)",1150.2356386351876,4,,
Car 600,,,,,1,switch,,"Charger 1 (fid=40) not available, trying Charger 5 (fid=59)",1150.2484985667336,5,,
Car 594,,,,,5,switch,,"Charger 5 (fid=59) not available, trying Charger 4 (fid=2)",1150.560134459528,4,,
Car 627,,,,,7,switch,,"Charger 7 (fid=4) not available, trying Charger 1 (fid=40)",1150.7323149515785,1,,
Car 578,,,,,5,switch,,"Charger 5 (fid=59) not available, trying Charger 6 (fid=64)",1151.1848419267421,6,,
Car 635,,,,,2,switch,,"Charger 2 (fid=71) not available, trying Charger 0 (fid=6)",1151.3276160213436,0,,
Car 570,,,,,6,switch,,"Charger 6 (fid=64) not available, trying Charger 7 (fid=4)",1151.3354377573808,7,,
Car 575,,,,,,gave_up,6,"no alternate charger available, gave up",1151.827002410387,,,
Car 614,,,,,3,switch,,"Charger 3 (fid=10) not available, trying Charger 7 (fid=4)",1151.8940726469452,7,,
Car 484,86.0,64,6,,,done,,done charging,1152.0394062565756,,,429.0633636305778
Car 580,,64,6,,,start_charge,,starting to charge at Charger 6 (fid=64),1152.0394062565756,,39.68950759942413,
Car 597,,,,,3,switch,,"Charger 3 (fid=10) not available, trying Charger 4 (fid=2)",1152.0396236518213,4,,
Car 607,,,,,1,switch,,"Charger 1 (fid=40) not available, trying Charger 5 (fid=59)",1152.067733594354,5,,
Car 537,48.0,64,6,,,done,,done charging,1152.3674109691256,,,466.3489797362061
Car 577,,64,6,,,start_charge,,starting to charge at Charger 6 (fid=64),1152.3674109691256,,39.77020740467219,
Car 608,,,,,1,switch,,"Charger 1 (fid=40) not available, trying Charger 5 (fid=59)",1152.531913541068,5,,
Car 571,,,,,,gave_up,6,"no alternate charger available, gave up",1152.6565112548833,,,
Car 606,,,,,1,switch,,"Charger 1 (fid=40) not available, trying Charger 5 (fid=59)",1152.7933111771242,5,,
Car 613,,,,,0,switch,,"Charger 0 (fid=6) not available, trying Charger 1 (fid=40)",1152.8957178710418,1,,
Car 616,,,,,3,switch,,"Charger 3 (fid=10) not available, trying Charger 1 (fid=40)",1153.0585738840543,1,,
Car 630,,,,,0,switch,,"Charger 0 (fid=6) not available, trying Charger 1 (fid=40)",1153.1651551342252,1,,
Car 502,101.0,59,5,,,done,,done charging,1153.247752065989,,,209.0989173118582
Car 590,,59,5,,,start_charge,,starting to charge at Charger 5 (fid=59),1153.247752065989,,29.670193995185855,
Car 636,,,,,7,switch,,"Charger 7 (fid=4) not available, trying Charger 2 (fid=71)",1153.3719859538733,2,,
Car 589,,,,,4,switch,,"Charger 4 (fid=2) not available, trying Charger 6 (fid=64)",1153.6004934601403,6,,
Car 639,,,,37,,arrived,,arrived,1153.6012213560998,,,
Car 622,,,,,7,switch,,"Charger 7 (fid=4) not available, trying Charger 3 (fid=10)",1153.6705474983512,3,,
Car 599,,,,,2,switch,,"Charger 2 (fid=71) not available, trying Charger 3 (fid=10)",1153.701630281582,3,,
Car 628,,,,,7,switch,,"Charger 7 (fid=4) not available, trying Charger 0 (fid=6)",1153.9288833000444,0,,
Car 586,,,,,3,switch,,"Charger 3 (fid=10) not available, trying Charger 6 (fid=64)",1154.0567039304979,6,,
Car 579,,,,,,gave_up,6,"no alternate charger available, gave up",1154.0799370704376,,,
Car 629,,,,,7,switch,,"Charger 7 (fid=4) not available, trying Charger 3 (fid=10)",1154.150081718012,3,,
Car 631,,,,,3,switch,,"Charger 3 (fid=10) not available, trying Charger 2 (fid=71)",1154.1620784599577,2,,
Car 593,,,,,2,switch,,"Charger 2 (fid=71) not available, trying Charger 3 (fid=10)",1154.2776715240843,3,,
Car 637,,,,,1,switch,,"Charger 1 (fid=40) not available, trying Charger 3 (fid=10)",1154.4241980269394,3,,
Car 587,,,,,3,switch,,"Charger 3 (fid=10) not available, trying Charger 7 (fid=4)",1154.4421802109966,7,,
Car 621,,,,,0,switch,,"Charger 0 (fid=6) not available, trying Charger 1 (fid=40)",1154.7398371487943,1,,
Car 583,,,,,,gave_up,6,"no alternate charger available, gave up",1154.797786816941,,,
Car 633,,,,,6,switch,,"Charger 6 (fid=64) not available, trying Charger 5 (fid=59)",1154.8576517398506,5,,
Car 573,,,,,,gave_up,6,"no alternate charger available, gave up",1154.863044597374,,,
Car 638,,,,,2,switch,,"Charger 2 (fid=71) not available, trying Charger 0 (fid=6)",1155.0953239190708,0,,
Car 623,,,,,7,switch,,"Charger 7 (fid=4) not available, trying Charger 3 (fid=10)",1155.1739258870282,3,,
Car 610,,,,,1,switch,,"Charger 1 (fid=40) not available, trying Charger 5 (fid=59)",1155.4874156025485,5,,
Car 584,,,,,,gave_up,6,"no alternate charger available, gave up",1155.6108699595293,,,
Car 634,,,,,0,switch,,"Charger 0 (fid=6) not available, trying Charger 7 (fid=4)",1155.6197569576868,7,,
Car 632,,,,,0,switch,,"Charger 0 (fid=6) not available, trying Charger 3 (fid=10)",1155.6348891487912,3,,
Car 588,,,,,5,switch,,"Charger 5 (fid=59) not available, trying Charger 4 (fid=2)",1155.6553806788356,4,,
Car 620,,,,,5,switch,,"Charger 5 (fid=59) not available, trying Charger 4 (fid=2)",1155.6796128329986,4,,
Car 598,,,,,5,switch,,"Charger 5 (fid=59) not available, trying Charger 4 (fid=2)",1155.6867454258972,4,,
Car 585,,,,,,gave_up,6,"no alternate charger available, gave up",1155.7395328104967,,,
Car 602,,,,,5,switch,,"Charger 5 (fid=59) not available, trying Charger 4 (fid=2)",1155.7977772161494,4,,
Car 624,,,,,1,switch,,"Charger 1 (fid=40) not available, trying Charger 0 (fid=6)",1155.8859808564566,0,,
Car 611,,,,,1,switch,,"Charger 1 (fid=40) not available, trying Charger 5 (fid=59)",1156.0887090425026,5,,
Car 615,,,,,1,switch,,"Charger 1 (fid=40) not available, trying Charger 7 (fid=4)",1156.3776346460543,7,,
Car 618,,,,,3,switch,,"Charger 3 (fid=10) not available, trying Charger 2 (fid=71)",1156.4969432718676,2,,
Car 626,,,,,4,switch,,"Charger 4 (fid=2) not available, trying Charger 1 (fid=40)",1156.5386660473735,1,,
Car 603,,,,,5,switch,,"Charger 5 (fid=59) not available, trying Charger 4 (fid=2)",1156.7457900975091,4,,
Car 612,,,,,3,switch,,"Charger 3 (fid=10) not available, trying Charger 4 (fid=2)",1156.7496819364433,4,,
Car 595,,,,,4,switch,,"Charger 4 (fid=2) not available, trying Charger 6 (fid=64)",1156.7548620010239,6,,
Car 625,,,,,7,switch,,"Charger 7 (fid=4) not available, trying Charger 3 (fid=10)",1156.8737451511352,3,,
Car 619,,,,,2,switch,,"Charger 2 (fid=71) not available, trying Charger 0 (fid=6)",1157.019129113257,0,,
Car 594,,,,,4,switch,,"Charger 4 (fid=2) not available, trying Charger 6 (fid=64)",1157.0793578253642,6,,
Car 609,,,,,2,switch,,"Charger 2 (fid=71) not available, trying Charger 4 (fid=2)",1157.2421610414813,4,,
Car 640,,,,37,,arrived,,arrived,1157.2754462918062,,,
Car 641,,,,53,,arrived,,arrived,1157.5352500866493,,,
Car 578,,,,,,gave_up,6,"no alternate charger available, gave up",1157.539496057684,,,
Car 592,,,,,1,switch,,"Charger 1 (fid=40) not available, trying Charger 3 (fid=10)",1157.6182326402538,3,,
Car 600,,,,,5,switch,,"Charger 5 (fid=59) not available, trying Charger 4 (fid=2)",1157.7586896509094,4,,
Car 635,,,,,0,switch,,"Charger 0 (fid=6) not available, trying Charger 7 (fid=4)",1157.9599631994986,7,,
Car 642,,,,11,,arrived,,arrived,1158.0111091477327,,,
Car 596,,,,,3,switch,,"Charger 3 (fid=10) not available, trying Charger 7 (fid=4)",1158.40478656666,7,,
Car 614,,,,,7,switch,,"Charger 7 (fid=4) not available, trying Charger 4 (fid=2)",1158.585479371429,4,,
Car 639,,,,,7,switch,,"Charger 7 (fid=4) not available, trying Charger 3 (fid=10)",1158.6012213560998,3,,
Car 581,,,,,6,switch,,"Charger 6 (fid=64) not available, trying Charger 7 (fid=4)",1158.9036692273644,7,,
Car 643,,,,79,,arrived,,arrived,1159.0944106099246,,,
Car 607,,,,,5,switch,,"Charger 5 (fid=59) not available, trying Charger 4 (fid=2)",1159.5779246785298,4,,
Car 627,,,,,1,switch,,"Charger 1 (fid=40) not available, trying Charger 2 (fid=71)",1159.728203812109,2,,
Car 644,,,,61,,arrived,,arrived,1159.8117463517772,,,
Car 589,,,,,6,switch,,"Charger 6 (fid=64) not available, trying Charger 7 (fid=4)",1159.8448187500087,7,,
Car 608,,,,,5,switch,,"Charger 5 (fid=59) not available, trying Charger 4 (fid=2)",1160.0421046252438,4,,
Car 606,,,,,5,switch,,"Charger 5 (fid=59) not available, trying Charger 4 (fid=2)",1160.3035022613,4,,
Car 622,,,,,3,switch,,"Charger 3 (fid=10) not available, trying Charger 1 (fid=40)",1160.361954222835,1,,
Car 613,,,,,1,switch,,"Charger 1 (fid=40) not available, trying Charger 5 (fid=59)",1160.3862543361092,5,,
Car 531,78.0,40,1,,,done,,done charging,1160.4804037585159,,,461.9473369573576
Car 616,,40,1,,,start_charge,,starting to charge at Charger 1 (fid=40),1160.4804037585159,,24.964012144262597,
Car 630,,,,,1,switch,,"Charger 1 (fid=40) not available, trying Charger 3 (fid=10)",1160.6556915992926,3,,
Car 629,,,,,3,switch,,"Charger 3 (fid=10) not available, trying Charger 0 (fid=6)",1160.8414884424958,0,,
Car 587,,,,,,gave_up,7,"no alternate charger available, gave up",1161.1335869354805,,,
Car 633,,,,,5,switch,,"Charger 5 (fid=59) not available, trying Charger 0 (fid=6)",1161.2123058707923,0,,
Car 645,,,,50,,arrived,,arrived,1161.243471636822,,,
Car 638,,,,,0,switch,,"Charger 0 (fid=6) not available, trying Charger 3 (fid=10)",1161.7276710972258,3,,
Car 623,,,,,3,switch,,"Charger 3 (fid=10) not available, trying Charger 1 (fid=40)",1161.865332611512,1,,
Car 637,,,,,3,switch,,"Charger 3 (fid=10) not available, trying Charger 0 (fid=6)",1161.8820157571383,0,,
Car 636,,,,,2,switch,,"Charger 2 (fid=71) not available, trying Charger 3 (fid=10)",1161.915462032029,3,,
Car 588,,,,,4,switch,,"Charger 4 (fid=2) not available, trying Charger 6 (fid=64)",1162.174604044672,6,,
Car 620,,,,,4,switch,,"Charger 4 (fid=2) not available, trying Charger 3 (fid=10)",1162.198836198835,3,,
Car 598,,,,,4,switch,,"Charger 4 (fid=2) not available, trying Charger 6 (fid=64)",1162.2059687917335,6,,
Car 621,,,,,1,switch,,"Charger 1 (fid=40) not available, trying Charger 5 (fid=59)",1162.2303736138617,5,,
Car 640,,,,,7,switch,,"Charger 7 (fid=4) not available, trying Charger 3 (fid=10)",1162.2754462918062,3,,
Car 646,,,,11,,arrived,,arrived,1162.3082594133464,,,
Car 602,,,,,4,switch,,"Charger 4 (fid=2) not available, trying Charger 6 (fid=64)",1162.3170005819857,6,,
Car 599,,,,,3,switch,,"Charger 3 (fid=10) not available, trying Charger 7 (fid=4)",1162.3266921619393,7,,
Car 641,,,,,5,switch,,"Charger 5 (fid=59) not available, trying Charger 1 (fid=40)",1162.5352500866493,1,,
Car 631,,,,,2,switch,,"Charger 2 (fid=71) not available, trying Charger 0 (fid=6)",1162.7871403403149,0,,
Car 647,,,,26,,arrived,,arrived,1162.8856651788428,,,
Car 593,,,,,3,switch,,"Charger 3 (fid=10) not available, trying Charger 7 (fid=4)",1162.9027334044415,7,,
Car 628,,,,,0,switch,,"Charger 0 (fid=6) not available, trying Charger 3 (fid=10)",1162.9440024955973,3,,
Car 597,,,,,4,switch,,"Charger 4 (fid=2) not available, trying Charger 2 (fid=71)",1162.9858545015052,2,,
Car 610,,,,,5,switch,,"Charger 5 (fid=59) not available, trying Charger 4 (fid=2)",1162.9976066867243,4,,
Car 595,,,,,,gave_up,6,"no alternate charger available, gave up",1162.9991872908922,,,
Car 642,,,,,0,switch,,"Charger 0 (fid=6) not available, trying Charger 3 (fid=10)",1163.0111091477327,3,,
Car 603,,,,,4,switch,,"Charger 4 (fid=2) not available, trying Charger 6 (fid=64)",1163.2650134633454,6,,
Car 594,,,,,,gave_up,6,"no alternate charger available, gave up",1163.3236831152326,,,
Car 624,,,,,0,switch,,"Charger 0 (fid=6) not available, trying Charger 2 (fid=71)",1163.376517321524,2,,
Car 625,,,,,3,switch,,"Charger 3 (fid=10) not available, trying Charger 1 (fid=40)",1163.565151875619,1,,
Car 611,,,,,5,switch,,"Charger 5 (fid=59) not available, trying Charger 4 (fid=2)",1163.5989001266785,4,,
Car 619,,,,,0,switch,,"Charger 0 (fid=6) not available, trying Charger 5 (fid=59)",1163.6514762914119,5,,
Car 570,,,,,,gave_up,7,"no alternate charger available, gave up",1163.9071578965647,,,
Car 632,,,,,3,switch,,"Charger 3 (fid=10) not available, trying Charger 5 (fid=59)",1163.984426481339,5,,
Car 643,,,,,0,switch,,"Charger 0 (fid=6) not available, trying Charger 2 (fid=71)",1164.0944106099246,2,,
Car 648,,,,37,,arrived,,arrived,1164.204772595209,,,
Car 600,,,,,4,switch,,"Charger 4 (fid=2) not available, trying Charger 6 (fid=64)",1164.2779130167457,6,,
Car 634,,,,,7,switch,,"Charger 7 (fid=4) not available, trying Charger 3 (fid=10)",1164.6348761532397,3,,
Car 644,,,,,1,switch,,"Charger 1 (fid=40) not available, trying Charger 3 (fid=10)",1164.8117463517772,3,,
Car 649,,,,40,,arrived,,arrived,1164.9064440509721,,,
Car 592,,,,,3,switch,,"Charger 3 (fid=10) not available, trying Charger 7 (fid=4)",1165.0760503704528,7,,
Car 596,,,,,,gave_up,7,"no alternate charger available, gave up",1165.096193291144,,,
Car 618,,,,,2,switch,,"Charger 2 (fid=71) not available, trying Charger 4 (fid=2)",1165.1220051522248,4,,
Car 639,,,,,3,switch,,"Charger 3 (fid=10) not available, trying Charger 2 (fid=71)",1165.2926280805837,2,,
Car 586,,,,,6,switch,,"Charger 6 (fid=64) not available, trying Charger 7 (fid=4)",1165.2962513586176,7,,
Car 650,,,,70,,arrived,,arrived,1165.3025935506844,,,
Car 626,,,,,1,switch,,"Charger 1 (fid=40) not available, trying Charger 6 (fid=64)",1165.32435029759,6,,
Car 615,,,,,7,switch,,"Charger 7 (fid=4) not available, trying Charger 5 (fid=59)",1165.373523506585,5,,
Car 607,,,,,4,switch,,"Charger 4 (fid=2) not available, trying Charger 6 (fid=64)",1166.0971480443661,6,,
Car 645,,,,,1,switch,,"Charger 1 (fid=40) not available, trying Charger 5 (fid=59)",1166.243471636822,5,,
Car 608,,,,,4,switch,,"Charger 4 (fid=2) not available, trying Charger 6 (fid=64)",1166.5613279910801,6,,
Car 606,,,,,4,switch,,"Charger 4 (fid=2) not available, trying Charger 6 (fid=64)",1166.8227256271364,6,,
Car 609,,,,,4,switch,,"Charger 4 (fid=2) not available, trying Charger 6 (fid=64)",1166.9488808917433,6,,
Car 635,,,,,7,switch,,"Charger 7 (fid=4) not available, trying Charger 3 (fid=10)",1166.9750823950515,3,,
Car 646,,,,,0,switch,,"Charger 0 (fid=6) not available, trying Charger 3 (fid=10)",1167.3082594133464,3,,
Car 651,,,,33,,arrived,,arrived,1167.6536937280055,,,
Car 612,,,,,4,switch,,"Charger 4 (fid=2) not available, trying Charger 5 (fid=59)",1167.695912786127,5,,
Car 622,,,,,1,switch,,"Charger 1 (fid=40) not available, trying Charger 4 (fid=2)",1167.819771953034,4,,
Car 647,,,,,7,switch,,"Charger 7 (fid=4) not available, trying Charger 2 (fid=71)",1167.8856651788428,2,,
Car 613,,,,,5,switch,,"Charger 5 (fid=59) not available, trying Charger 4 (fid=2)",1167.896445420285,4,,
Car 630,,,,,3,switch,,"Charger 3 (fid=10) not available, trying Charger 7 (fid=4)",1168.1135093294915,7,,
Car 652,,,,87,,arrived,,arrived,1168.2917320985941,,,
Car 653,,,,45,,arrived,,arrived,1168.359934572434,,,
Car 588,,,,,,gave_up,6,"no alternate charger available, gave up",1168.4189293345403,,,
Car 598,,,,,,gave_up,6,"no alternate charger available, gave up",1168.450294081602,,,
Car 627,,,,,2,switch,,"Charger 2 (fid=71) not available, trying Charger 0 (fid=6)",1168.525849041849,0,,
Car 602,,,,,,gave_up,6,"no alternate charger available, gave up",1168.561325871854,,,
Car 551,57.0,4,7,,,done,,done charging,1168.5948824163274,,,257.6500701668842
Car 599,,4,7,,,start_charge,,starting to charge at Charger 7 (fid=4),1168.5948824163274,,39.57678352990433,
Car 654,,,,54,,arrived,,arrived,1168.6029148797056,,,
Car 640,,,,,3,switch,,"Charger 3 (fid=10) not available, trying Charger 2 (fid=71)",1168.96685301629,2,,
Car 629,,,,,0,switch,,"Charger 0 (fid=6) not available, trying Charger 1 (fid=40)",1169.1910257750435,1,,
Car 648,,,,,7,switch,,"Charger 7 (fid=4) not available, trying Charger 3 (fid=10)",1169.204772595209,3,,
Car 633,,,,,0,switch,,"Charger 0 (fid=6) not available, trying Charger 1 (fid=40)",1169.2156487780321,1,,
Car 623,,,,,1,switch,,"Charger 1 (fid=40) not available, trying Charger 5 (fid=59)",1169.323150341711,5,,
Car 631,,,,,0,switch,,"Charger 0 (fid=6) not available, trying Charger 1 (fid=40)",1169.4194875184699,1,,
Car 603,,,,,,gave_up,6,"no alternate charger available, gave up",1169.5093387532138,,,
Car 610,,,,,4,switch,,"Charger 4 (fid=2) not available, trying Charger 6 (fid=64)",1169.5168300525606,6,,
Car 593,,,,,,gave_up,7,"no alternate charger available, gave up",1169.5941401289253,,,
Car 621,,,,,5,switch,,"Charger 5 (fid=59) not available, trying Charger 4 (fid=2)",1169.7405646980376,4,,
Car 649,,,,,1,switch,,"Charger 1 (fid=40) not available, trying Charger 3 (fid=10)",1169.9064440509721,3,,
Car 624,,,,,2,switch,,"Charger 2 (fid=71) not available, trying Charger 5 (fid=59)",1170.008864499679,5,,
Car 641,,,,,1,switch,,"Charger 1 (fid=40) not available, trying Charger 6 (fid=64)",1170.0454411708251,6,,
Car 638,,,,,3,switch,,"Charger 3 (fid=10) not available, trying Charger 1 (fid=40)",1170.0772084297735,1,,
Car 611,,,,,4,switch,,"Charger 4 (fid=2) not available, trying Charger 6 (fid=64)",1170.1181234925148,6,,
Car 637,,,,,0,switch,,"Charger 0 (fid=6) not available, trying Charger 5 (fid=59)",1170.231553089686,5,,
Car 650,,,,,2,switch,,"Charger 2 (fid=71) not available, trying Charger 0 (fid=6)",1170.3025935506844,0,,
Car 600,,,,,,gave_up,6,"no alternate charger available, gave up",1170.522238306614,,,
Car 636,,,,,3,switch,,"Charger 3 (fid=10) not available, trying Charger 0 (fid=6)",1170.540523912386,0,,
Car 614,,,,,4,switch,,"Charger 4 (fid=2) not available, trying Charger 5 (fid=59)",1170.659725884302,5,,
Car 560,74.0,6,0,,,done,,done charging,1170.6829916153954,,,207.4616875401225
Car 627,,6,0,,,start_charge,,starting to charge at Charger 0 (fid=6),1170.6829916153954,,20.524795395391493,
Car 643,,,,,2,switch,,"Charger 2 (fid=71) not available, trying Charger 4 (fid=2)",1170.7267577880796,4,,
Car 625,,,,,1,switch,,"Charger 1 (fid=40) not available, trying Charger 5 (fid=59)",1171.022969605818,5,,
Car 628,,,,,3,switch,,"Charger 3 (fid=10) not available, trying Charger 1 (fid=40)",1171.293539828145,1,,
Car 634,,,,,3,switch,,"Charger 3 (fid=10) not available, trying Charger 1 (fid=40)",1171.3262828777235,1,,
Car 642,,,,,3,switch,,"Charger 3 (fid=10) not available, trying Charger 2 (fid=71)",1171.3606464802804,2,,
Car 581,,,,,,gave_up,7,"no alternate charger available, gave up",1171.4753893665484,,,
Car 655,,,,11,,arrived,,arrived,1171.6096812392354,,,
Car 619,,,,,5,switch,,"Charger 5 (fid=59) not available, trying Charger 4 (fid=2)",1171.6548191986517,4,,
Car 592,,,,,,gave_up,7,"no alternate charger available, gave up",1171.7674570949366,,,
Car 644,,,,,3,switch,,"Charger 3 (fid=10) not available, trying Charger 0 (fid=6)",1172.2695640819761,0,,
Car 607,,,,,,gave_up,6,"no alternate charger available, gave up",1172.3414733342345,,,
Car 589,,,,,,gave_up,7,"no alternate charger available, gave up",1172.4165388891927,,,
Car 651,,,,,2,switch,,"Charger 2 (fid=71) not available, trying Charger 0 (fid=6)",1172.6536937280055,0,,
Car 597,,,,,2,switch,,"Charger 2 (fid=71) not available, trying Charger 7 (fid=4)",1172.6925743517672,7,,
Car 608,,,,,,gave_up,6,"no alternate charger available, gave up",1172.8056532809485,,,
Car 606,,,,,,gave_up,6,"no alternate charger available, gave up",1173.0670509170047,,,
Car 620,,,,,3,switch,,"Charger 3 (fid=10) not available, trying Charger 7 (fid=4)",1173.1450670485187,7,,
Car 609,,,,,6,switch,,"Charger 6 (fid=64) not available, trying Charger 7 (fid=4)",1173.1932061816117,7,,
Car 652,,,,,4,switch,,"Charger 4 (fid=2) not available, trying Charger 6 (fid=64)",1173.2917320985941,6,,
Car 653,,,,,1,switch,,"Charger 1 (fid=40) not available, trying Charger 0 (fid=6)",1173.359934572434,0,,
Car 654,,,,,2,switch,,"Charger 2 (fid=71) not available, trying Charger 0 (fid=6)",1173.6029148797056,0,,
Car 635,,,,,3,switch,,"Charger 3 (fid=10) not available, trying Charger 1 (fid=40)",1173.6664891195353,1,,
Car 645,,,,,5,switch,,"Charger 5 (fid=59) not available, trying Charger 0 (fid=6)",1173.753662720998,0,,
Car 632,,,,,5,switch,,"Charger 5 (fid=59) not available, trying Charger 2 (fid=71)",1173.8694348083288,2,,
Car 639,,,,,2,switch,,"Charger 2 (fid=71) not available, trying Charger 0 (fid=6)",1173.9176899609408,0,,
Car 626,,,,,6,switch,,"Charger 6 (fid=64) not available, trying Charger 2 (fid=71)",1174.177026355786,2,,
Car 612,,,,,5,switch,,"Charger 5 (fid=59) not available, trying Charger 6 (fid=64)",1174.2151361519634,6,,
Car 613,,,,,4,switch,,"Charger 4 (fid=2) not available, trying Charger 6 (fid=64)",1174.4156687861214,6,,
Car 630,,,,,7,switch,,"Charger 7 (fid=4) not available, trying Charger 4 (fid=2)",1174.8049160539754,4,,
Car 618,,,,,4,switch,,"Charger 4 (fid=2) not available, trying Charger 6 (fid=64)",1174.8287250024869,6,,
Car 656,,,,74,,arrived,,arrived,1175.4637484854204,,,
Car 646,,,,,3,switch,,"Charger 3 (fid=10) not available, trying Charger 2 (fid=71)",1175.657796745894,2,,
Car 610,,,,,,gave_up,6,"no alternate charger available, gave up",1175.761155342429,,,
Car 648,,,,,3,switch,,"Charger 3 (fid=10) not available, trying Charger 2 (fid=71)",1175.896179319693,2,,
Car 621,,,,,4,switch,,"Charger 4 (fid=2) not available, trying Charger 6 (fid=64)",1176.2597880638739,6,,
Car 611,,,,,,gave_up,6,"no alternate charger available, gave up",1176.3624487823831,,,
Car 647,,,,,2,switch,,"Charger 2 (fid=71) not available, trying Charger 3 (fid=10)",1176.4291412569985,3,,
Car 622,,,,,4,switch,,"Charger 4 (fid=2) not available, trying Charger 5 (fid=59)",1176.6054562032505,5,,
Car 655,,,,,0,switch,,"Charger 0 (fid=6) not available, trying Charger 3 (fid=10)",1176.6096812392354,3,,
Car 615,,,,,5,switch,,"Charger 5 (fid=59) not available, trying Charger 4 (fid=2)",1176.6125007421092,4,,
Car 629,,,,,1,switch,,"Charger 1 (fid=40) not available, trying Charger 5 (fid=59)",1176.681562240111,5,,
Car 633,,,,,1,switch,,"Charger 1 (fid=40) not available, trying Charger 2 (fid=71)",1176.7061852430995,2,,
Car 623,,,,,5,switch,,"Charger 5 (fid=59) not available, trying Charger 4 (fid=2)",1176.8333414258868,4,,
Car 631,,,,,1,switch,,"Charger 1 (fid=40) not available, trying Charger 5 (fid=59)",1176.9100239835373,5,,
Car 650,,,,,0,switch,,"Charger 0 (fid=6) not available, trying Charger 7 (fid=4)",1176.9349407288394,7,,
Car 614,,,,,5,switch,,"Charger 5 (fid=59) not available, trying Charger 6 (fid=64)",1177.1789492501382,6,,
Car 657,,,,77,,arrived,,arrived,1177.2526082413228,,,
Car 658,,,,85,,arrived,,arrived,1177.2685317169341,,,
Car 649,,,,,3,switch,,"Charger 3 (fid=10) not available, trying Charger 0 (fid=6)",1177.364261781171,0,,
Car 638,,,,,1,switch,,"Charger 1 (fid=40) not available, trying Charger 7 (fid=4)",1177.5350261599724,7,,
Car 640,,,,,2,switch,,"Charger 2 (fid=71) not available, trying Charger 0 (fid=6)",1177.5919148966473,0,,
Car 659,,,,22,,arrived,,arrived,1177.7286543568132,,,
Car 586,,,,,,gave_up,7,"no alternate charger available, gave up",1177.8679714978016,,,
Car 660,,,,45,,arrived,,arrived,1178.075640742588,,,
Car 619,,,,,4,switch,,"Charger 4 (fid=2) not available, trying Charger 6 (fid=64)",1178.174042564488,6,,
Car 637,,,,,5,switch,,"Charger 5 (fid=59) not available, trying Charger 7 (fid=4)",1178.2348959969258,7,,
Car 625,,,,,5,switch,,"Charger 5 (fid=59) not available, trying Charger 4 (fid=2)",1178.5331606899938,4,,
Car 628,,,,,1,switch,,"Charger 1 (fid=40) not available, trying Charger 5 (fid=59)",1178.751357558344,5,,
Car 634,,,,,1,switch,,"Charger 1 (fid=40) not available, trying Charger 5 (fid=59)",1178.7841006079225,5,,
Car 636,,,,,0,switch,,"Charger 0 (fid=6) not available, trying Charger 1 (fid=40)",1178.8900612449338,1,,
Car 641,,,,,6,switch,,"Charger 6 (fid=64) not available, trying Charger 4 (fid=2)",1178.8981172290212,4,,
Car 661,,,,17,,arrived,,arrived,1179.1232688539128,,,
Car 651,,,,,0,switch,,"Charger 0 (fid=6) not available, trying Charger 1 (fid=40)",1179.2860409061605,1,,
Car 652,,,,,6,switch,,"Charger 6 (fid=64) not available, trying Charger 5 (fid=59)",1179.5360573884625,5,,
Car 624,,,,,5,switch,,"Charger 5 (fid=59) not available, trying Charger 4 (fid=2)",1179.6377910793021,4,,
Car 620,,,,,7,switch,,"Charger 7 (fid=4) not available, trying Charger 6 (fid=64)",1179.8364737730026,6,,
Car 642,,,,,2,switch,,"Charger 2 (fid=71) not available, trying Charger 1 (fid=40)",1179.9857083606375,1,,
Car 662,,,,5,,arrived,,arrived,1180.0955031658536,,,
Car 663,,,,33,,arrived,,arrived,1180.1404547967534,,,
Car 654,,,,,0,switch,,"Charger 0 (fid=6) not available, trying Charger 7 (fid=4)",1180.2352620578606,7,,
Car 643,,,,,4,switch,,"Charger 4 (fid=2) not available, trying Charger 5 (fid=59)",1180.4334776383416,5,,
Car 656,,,,,4,switch,,"Charger 4 (fid=2) not available, trying Charger 5 (fid=59)",1180.4637484854204,5,,
Car 639,,,,,0,switch,,"Charger 0 (fid=6) not available, trying Charger 1 (fid=40)",1180.5500371390958,1,,
Car 612,,,,,,gave_up,6,"no alternate charger available, gave up",1180.5697902829052,,,
Car 644,,,,,0,switch,,"Charger 0 (fid=6) not available, trying Charger 5 (fid=59)",1180.6191014145238,5,,
Car 613,,,,,,gave_up,6,"no alternate charger available, gave up",1180.6599940759897,,,
Car 653,,,,,0,switch,,"Charger 0 (fid=6) not available, trying Charger 3 (fid=10)",1180.8504710375014,3,,
Car 618,,,,,6,switch,,"Charger 6 (fid=64) not available, trying Charger 7 (fid=4)",1181.0730502923552,7,,
Car 635,,,,,1,switch,,"Charger 1 (fid=40) not available, trying Charger 5 (fid=59)",1181.1243068497342,5,,
Car 664,,,,69,,arrived,,arrived,1181.17779133438,,,
Car 597,,,,,,gave_up,7,"no alternate charger available, gave up",1181.236050429923,,,
Car 665,,,,18,,arrived,,arrived,1181.6817379749866,,,
Car 645,,,,,0,switch,,"Charger 0 (fid=6) not available, trying Charger 3 (fid=10)",1181.7570056282377,3,,
Car 666,,,,89,,arrived,,arrived,1181.8219158592156,,,
Car 667,,,,83,,arrived,,arrived,1181.9811484035222,,,
Car 527,120.0,10,3,,,done,,done charging,1182.0573629328358,,,236.53799049622526
Car 655,,10,3,,,start_charge,,starting to charge at Charger 3 (fid=10),1182.0573629328358,,7.0981443610526185,
Car 657,,,,,1,switch,,"Charger 1 (fid=40) not available, trying Charger 0 (fid=6)",1182.2526082413228,0,,
Car 658,,,,,4,switch,,"Charger 4 (fid=2) not available, trying Charger 6 (fid=64)",1182.2685317169341,6,,
Car 621,,,,,,gave_up,6,"no alternate charger available, gave up",1182.5041133537422,,,
Car 659,,,,,2,switch,,"Charger 2 (fid=71) not available, trying Charger 0 (fid=6)",1182.7286543568132,0,,
Car 660,,,,,1,switch,,"Charger 1 (fid=40) not available, trying Charger 0 (fid=6)",1183.075640742588,0,,
Car 622,,,,,5,switch,,"Charger 5 (fid=59) not available, trying Charger 6 (fid=64)",1183.1246795690868,6,,
Car 615,,,,,4,switch,,"Charger 4 (fid=2) not available, trying Charger 6 (fid=64)",1183.1317241079455,6,,
Car 623,,,,,4,switch,,"Charger 4 (fid=2) not available, trying Charger 6 (fid=64)",1183.3525647917231,6,,
Car 632,,,,,2,switch,,"Charger 2 (fid=71) not available, trying Charger 4 (fid=2)",1183.498361387952,4,,
Car 614,,,,,,gave_up,6,"no alternate charger available, gave up",1183.53360338108,,,
Car 668,,,,27,,arrived,,arrived,1183.6259972605374,,,
Car 661,,,,,2,switch,,"Charger 2 (fid=71) not available, trying Charger 7 (fid=4)",1184.1232688539128,7,,
Car 629,,,,,5,switch,,"Charger 5 (fid=59) not available, trying Charger 4 (fid=2)",1184.1917533242868,4,,
Car 640,,,,,0,switch,,"Charger 0 (fid=6) not available, trying Charger 1 (fid=40)",1184.2242620748023,1,,
Car 646,,,,,2,switch,,"Charger 2 (fid=71) not available, trying Charger 1 (fid=40)",1184.2828586262513,1,,
Car 619,,,,,,gave_up,6,"no alternate charger available, gave up",1184.4183678543563,,,
Car 631,,,,,5,switch,,"Charger 5 (fid=59) not available, trying Charger 4 (fid=2)",1184.4202150677131,4,,
Car 669,,,,62,,arrived,,arrived,1184.5172314008857,,,
Car 648,,,,,2,switch,,"Charger 2 (fid=71) not available, trying Charger 0 (fid=6)",1184.52124120005,0,,
Car 601,46.0,6,0,,,done,,done charging,1184.7102933201968,,,337.5457855817722
Car 649,,6,0,,,start_charge,,starting to charge at Charger 0 (fid=6),1184.7102933201968,,13.996494206478019,
Car 670,,,,61,,arrived,,arrived,1184.7125814090027,,,
Car 626,,,,,2,switch,,"Charger 2 (fid=71) not available, trying Charger 3 (fid=10)",1184.8379820606517,3,,
Car 625,,,,,4,switch,,"Charger 4 (fid=2) not available, trying Charger 6 (fid=64)",1185.05238405583,6,,
Car 647,,,,,3,switch,,"Charger 3 (fid=10) not available, trying Charger 0 (fid=6)",1185.0542031373557,0,,
Car 662,,,,,6,switch,,"Charger 6 (fid=64) not available, trying Charger 5 (fid=59)",1185.0955031658536,5,,
Car 671,,,,1,,arrived,,arrived,1185.0968360481488,,,
Car 663,,,,,7,switch,,"Charger 7 (fid=4) not available, trying Charger 2 (fid=71)",1185.1404547967534,2,,
Car 641,,,,,4,switch,,"Charger 4 (fid=2) not available, trying Charger 0 (fid=6)",1185.1424425188895,0,,
Car 633,,,,,2,switch,,"Charger 2 (fid=71) not available, trying Charger 3 (fid=10)",1185.5038304728394,3,,
Car 609,,,,,,gave_up,7,"no alternate charger available, gave up",1185.7649263207957,,,
Car 652,,,,,5,switch,,"Charger 5 (fid=59) not available, trying Charger 0 (fid=6)",1185.8907115194042,0,,
Car 650,,,,,7,switch,,"Charger 7 (fid=4) not available, trying Charger 3 (fid=10)",1185.9500599243922,3,,
Car 624,,,,,4,switch,,"Charger 4 (fid=2) not available, trying Charger 6 (fid=64)",1186.1570144451384,6,,
Car 664,,,,,2,switch,,"Charger 2 (fid=71) not available, trying Charger 0 (fid=6)",1186.17779133438,0,,
Car 628,,,,,5,switch,,"Charger 5 (fid=59) not available, trying Charger 4 (fid=2)",1186.2615486425198,4,,
Car 634,,,,,5,switch,,"Charger 5 (fid=59) not available, trying Charger 4 (fid=2)",1186.2942916920983,4,,
Car 636,,,,,1,switch,,"Charger 1 (fid=40) not available, trying Charger 5 (fid=59)",1186.3805977100012,5,,
Car 638,,,,,7,switch,,"Charger 7 (fid=4) not available, trying Charger 5 (fid=59)",1186.530915020503,5,,
Car 497,111.0,2,4,,,done,,done charging,1186.54234330877,,,339.76482767055217
Car 666,,2,4,,,start_charge,,starting to charge at Charger 4 (fid=2),1186.54234330877,,4.720427449554336,
Car 665,,,,,2,switch,,"Charger 2 (fid=71) not available, trying Charger 0 (fid=6)",1186.6817379749866,0,,
Car 672,,,,3,,arrived,,arrived,1186.7130155432428,,,
Car 651,,,,,1,switch,,"Charger 1 (fid=40) not available, trying Charger 3 (fid=10)",1186.7765773712279,3,,
Car 630,,,,,4,switch,,"Charger 4 (fid=2) not available, trying Charger 5 (fid=59)",1186.8791625668482,5,,
Car 643,,,,,5,switch,,"Charger 5 (fid=59) not available, trying Charger 1 (fid=40)",1186.952701004178,1,,
Car 667,,,,,4,switch,,"Charger 4 (fid=2) not available, trying Charger 6 (fid=64)",1186.9811484035222,6,,
Car 656,,,,,5,switch,,"Charger 5 (fid=59) not available, trying Charger 0 (fid=6)",1186.9829718512567,0,,
Car 673,,,,84,,arrived,,arrived,1187.2906455152995,,,
Car 639,,,,,1,switch,,"Charger 1 (fid=40) not available, trying Charger 5 (fid=59)",1188.0405736041632,5,,
Car 658,,,,,6,switch,,"Charger 6 (fid=64) not available, trying Charger 5 (fid=59)",1188.5128570068025,5,,
Car 644,,,,,5,switch,,"Charger 5 (fid=59) not available, trying Charger 7 (fid=4)",1188.6224443217636,7,,
Car 668,,,,,7,switch,,"Charger 7 (fid=4) not available, trying Charger 2 (fid=71)",1188.6259972605374,2,,
Car 635,,,,,5,switch,,"Charger 5 (fid=59) not available, trying Charger 4 (fid=2)",1188.63449793391,4,,
Car 642,,,,,1,switch,,"Charger 1 (fid=40) not available, trying Charger 7 (fid=4)",1188.7833535903774,7,,
Car 653,,,,,3,switch,,"Charger 3 (fid=10) not available, trying Charger 2 (fid=71)",1189.200008370049,2,,
Car 654,,,,,7,switch,,"Charger 7 (fid=4) not available, trying Charger 3 (fid=10)",1189.2503812534135,3,,
Car 659,,,,,0,switch,,"Charger 0 (fid=6) not available, trying Charger 7 (fid=4)",1189.3610015349682,7,,
Car 615,,,,,,gave_up,6,"no alternate charger available, gave up",1189.3760493978139,,,
Car 637,,,,,7,switch,,"Charger 7 (fid=4) not available, trying Charger 2 (fid=71)",1189.4738732324502,2,,
Car 622,,,,,,gave_up,6,"no alternate charger available, gave up",1189.4793337000285,,,
Car 669,,,,,1,switch,,"Charger 1 (fid=40) not available, trying Charger 0 (fid=6)",1189.5172314008857,0,,
Car 623,,,,,,gave_up,6,"no alternate charger available, gave up",1189.5968900815915,,,
Car 670,,,,,1,switch,,"Charger 1 (fid=40) not available, trying Charger 3 (fid=10)",1189.7125814090027,3,,
Car 657,,,,,0,switch,,"Charger 0 (fid=6) not available, trying Charger 5 (fid=59)",1189.7431447063902,5,,
Car 671,,,,,0,switch,,"Charger 0 (fid=6) not available, trying Charger 5 (fid=59)",1190.0968360481488,5,,
Car 645,,,,,3,switch,,"Charger 3 (fid=10) not available, trying Charger 4 (fid=2)",1190.1065429607854,4,,
Car 660,,,,,0,switch,,"Charger 0 (fid=6) not available, trying Charger 3 (fid=10)",1190.5661772076553,3,,
Car 629,,,,,4,switch,,"Charger 4 (fid=2) not available, trying Charger 6 (fid=64)",1190.710976690123,6,,
Car 631,,,,,4,switch,,"Charger 4 (fid=2) not available, trying Charger 6 (fid=64)",1190.9394384335494,6,,
Car 648,,,,,0,switch,,"Charger 0 (fid=6) not available, trying Charger 1 (fid=40)",1191.153588378205,1,,
Car 625,,,,,,gave_up,6,"no alternate charger available, gave up",1191.2967093456984,,,
Car 662,,,,,5,switch,,"Charger 5 (fid=59) not available, trying Charger 4 (fid=2)",1191.4501572967954,4,,
Car 672,,,,,0,switch,,"Charger 0 (fid=6) not available, trying Charger 4 (fid=2)",1191.7130155432428,4,,
Car 640,,,,,1,switch,,"Charger 1 (fid=40) not available, trying Charger 5 (fid=59)",1191.7147985398697,5,,
Car 674,,,,32,,arrived,,arrived,1192.0265865689694,,,
Car 673,,,,,4,switch,,"Charger 4 (fid=2) not available, trying Charger 6 (fid=64)",1192.2906455152995,6,,
Car 557,73.0,59,5,,,done,,done charging,1192.316955716913,,,436.175252908732
Car 630,,59,5,,,start_charge,,starting to charge at Charger 5 (fid=59),1192.316955716913,,33.918569784228566,
Car 675,,,,40,,arrived,,arrived,1192.3888343455076,,,
Car 624,,,,,,gave_up,6,"no alternate charger available, gave up",1192.4013397350068,,,
Car 620,,,,,,gave_up,6,"no alternate charger available, gave up",1192.4081939121866,,,
Car 650,,,,,3,switch,,"Charger 3 (fid=10) not available, trying Charger 1 (fid=40)",1192.641466648876,1,,
Car 661,,,,,7,switch,,"Charger 7 (fid=4) not available, trying Charger 0 (fid=6)",1192.6667449320685,0,,
Car 628,,,,,4,switch,,"Charger 4 (fid=2) not available, trying Charger 6 (fid=64)",1192.780772008356,6,,
Car 664,,,,,0,switch,,"Charger 0 (fid=6) not available, trying Charger 7 (fid=4)",1192.8101385125349,7,,
Car 634,,,,,4,switch,,"Charger 4 (fid=2) not available, trying Charger 6 (fid=64)",1192.8135150579346,6,,
Car 646,,,,,1,switch,,"Charger 1 (fid=40) not available, trying Charger 7 (fid=4)",1193.080503855991,7,,
Car 632,,,,,4,switch,,"Charger 4 (fid=2) not available, trying Charger 7 (fid=4)",1193.205081238214,7,,
Car 667,,,,,6,switch,,"Charger 6 (fid=64) not available, trying Charger 5 (fid=59)",1193.2254736933905,5,,
Car 676,,,,73,,arrived,,arrived,1193.3127026228085,,,
Car 665,,,,,0,switch,,"Charger 0 (fid=6) not available, trying Charger 7 (fid=4)",1193.3140851531416,7,,
Car 647,,,,,0,switch,,"Charger 0 (fid=6) not available, trying Charger 1 (fid=40)",1193.4037404699034,1,,
Car 641,,,,,0,switch,,"Charger 0 (fid=6) not available, trying Charger 3 (fid=10)",1193.4079520173798,3,,
Car 626,,,,,3,switch,,"Charger 3 (fid=10) not available, trying Charger 7 (fid=4)",1193.463043941009,7,,
Car 618,,,,,,gave_up,7,"no alternate charger available, gave up",1193.6447704315392,,,
Car 663,,,,,2,switch,,"Charger 2 (fid=71) not available, trying Charger 3 (fid=10)",1193.683930874909,3,,
Car 677,,,,8,,arrived,,arrived,1193.8320586178324,,,
Car 636,,,,,5,switch,,"Charger 5 (fid=59) not available, trying Charger 4 (fid=2)",1193.890788794177,4,,
Car 652,,,,,0,switch,,"Charger 0 (fid=6) not available, trying Charger 1 (fid=40)",1193.894054426644,1,,
Car 633,,,,,3,switch,,"Charger 3 (fid=10) not available, trying Charger 7 (fid=4)",1194.1288923531965,7,,
Car 651,,,,,3,switch,,"Charger 3 (fid=10) not available, trying Charger 7 (fid=4)",1194.2343951014268,7,,
Car 643,,,,,1,switch,,"Charger 1 (fid=40) not available, trying Charger 6 (fid=64)",1194.4628920883538,6,,
Car 658,,,,,5,switch,,"Charger 5 (fid=59) not available, trying Charger 0 (fid=6)",1194.8675111377443,0,,
Car 656,,,,,0,switch,,"Charger 0 (fid=6) not available, trying Charger 6 (fid=64)",1194.9863147584965,6,,
Car 635,,,,,4,switch,,"Charger 4 (fid=2) not available, trying Charger 6 (fid=64)",1195.1537212997464,6,,
Car 639,,,,,5,switch,,"Charger 5 (fid=59) not available, trying Charger 4 (fid=2)",1195.550764688339,4,,
Car 654,,,,,3,switch,,"Charger 3 (fid=10) not available, trying Charger 1 (fid=40)",1195.9417879778973,1,,
Car 629,,,,,,gave_up,6,"no alternate charger available, gave up",1196.9553019799914,,,
Car 669,,,,,0,switch,,"Charger 0 (fid=6) not available, trying Charger 3 (fid=10)",1197.0077678659532,3,,
Car 674,,,,,7,switch,,"Charger 7 (fid=4) not available, trying Charger 2 (fid=71)",1197.0265865689694,2,,
Car 668,,,,,2,switch,,"Charger 2 (fid=71) not available, trying Charger 3 (fid=10)",1197.169473338693,3,,
Car 670,,,,,3,switch,,"Charger 3 (fid=10) not available, trying Charger 0 (fid=6)",1197.1703991392017,0,,
Car 631,,,,,,gave_up,6,"no alternate charger available, gave up",1197.1837637234178,,,
Car 675,,,,,1,switch,,"Charger 1 (fid=40) not available, trying Charger 3 (fid=10)",1197.3888343455076,3,,
Car 657,,,,,5,switch,,"Charger 5 (fid=59) not available, trying Charger 3 (fid=10)",1197.74648761363,3,,
Car 638,,,,,5,switch,,"Charger 5 (fid=59) not available, trying Charger 4 (fid=2)",1197.7698922560273,4,,
Car 642,,,,,7,switch,,"Charger 7 (fid=4) not available, trying Charger 5 (fid=59)",1197.779242450908,5,,
Car 653,,,,,2,switch,,"Charger 2 (fid=71) not available, trying Charger 7 (fid=4)",1197.8250702504063,7,,
Car 662,,,,,4,switch,,"Charger 4 (fid=2) not available, trying Charger 1 (fid=40)",1197.9693806626317,1,,
Car 637,,,,,2,switch,,"Charger 2 (fid=71) not available, trying Charger 4 (fid=2)",1198.0173493106058,4,,
Car 591,73.0,40,1,,,done,,done charging,1198.050310127227,,,310.11794499026684
Car 648,,40,1,,,start_charge,,starting to charge at Charger 1 (fid=40),1198.050310127227,,24.406185283954528,
Car 671,,,,,5,switch,,"Charger 5 (fid=59) not available, trying Charger 4 (fid=2)",1198.1001789553886,4,,
Car 676,,,,,3,switch,,"Charger 3 (fid=10) not available, trying Charger 7 (fid=4)",1198.3127026228085,7,,
Car 659,,,,,7,switch,,"Charger 7 (fid=4) not available, trying Charger 3 (fid=10)",1198.376120730521,3,,
Car 673,,,,,6,switch,,"Charger 6 (fid=64) not available, trying Charger 5 (fid=59)",1198.5349708051679,5,,
Car 677,,,,,3,switch,,"Charger 3 (fid=10) not available, trying Charger 7 (fid=4)",1198.8320586178324,7,,
Car 660,,,,,3,switch,,"Charger 3 (fid=10) not available, trying Charger 2 (fid=71)",1198.915714540203,2,,
Car 628,,,,,,gave_up,6,"no alternate charger available, gave up",1199.0250972982244,,,
Car 634,,,,,,gave_up,6,"no alternate charger available, gave up",1199.057840347803,,,
Car 640,,,,,5,switch,,"Charger 5 (fid=59) not available, trying Charger 4 (fid=2)",1199.2249896240455,4,,
Car 667,,,,,5,switch,,"Charger 5 (fid=59) not available, trying Charger 0 (fid=6)",1199.5801278243323,0,,
Car 644,,,,,7,switch,,"Charger 7 (fid=4) not available, trying Charger 2 (fid=71)",1199.861421557288,2,,
Car 672,,,,,4,switch,,"Charger 4 (fid=2) not available, trying Charger 2 (fid=71)",1199.978525041733,2,,
Car 678,,,,77,,arrived,,arrived,1199.9811075346147,,,
Car 650,,,,,1,switch,,"Charger 1 (fid=40) not available, trying Charger 5 (fid=59)",1200.099284379075,5,,
Car 626,,,,,,gave_up,7,"no alternate charger available, gave up",1200.1544506654927,,,
Car 636,,,,,4,switch,,"Charger 4 (fid=2) not available, trying Charger 6 (fid=64)",1200.4100121600134,6,,
Car 633,,,,,,gave_up,7,"no alternate charger available, gave up",1200.8202990776804,,,
Car 647,,,,,1,switch,,"Charger 1 (fid=40) not available, trying Charger 5 (fid=59)",1200.8942769349708,5,,
Car 651,,,,,7,switch,,"Charger 7 (fid=4) not available, trying Charger 5 (fid=59)",1200.9258018259106,5,,
Car 645,,,,,4,switch,,"Charger 4 (fid=2) not available, trying Charger 6 (fid=64)",1201.0527738104693,6,,
Car 652,,,,,1,switch,,"Charger 1 (fid=40) not available, trying Charger 2 (fid=71)",1201.3845908917115,2,,
Car 635,,,,,,gave_up,6,"no alternate charger available, gave up",1201.3980465896148,,,
Car 661,,,,,0,switch,,"Charger 0 (fid=6) not available, trying Charger 3 (fid=10)",1201.6818641276213,3,,
Car 641,,,,,3,switch,,"Charger 3 (fid=10) not available, trying Charger 2 (fid=71)",1201.7574893499275,2,,
Car 664,,,,,7,switch,,"Charger 7 (fid=4) not available, trying Charger 3 (fid=10)",1201.8252577080877,3,,
Car 639,,,,,4,switch,,"Charger 4 (fid=2) not available, trying Charger 6 (fid=64)",1202.0699880541754,6,,
Car 646,,,,,7,switch,,"Charger 7 (fid=4) not available, trying Charger 5 (fid=59)",1202.0763927165217,5,,
Car 663,,,,,3,switch,,"Charger 3 (fid=10) not available, trying Charger 0 (fid=6)",1202.3089927552662,0,,
Car 665,,,,,7,switch,,"Charger 7 (fid=4) not available, trying Charger 3 (fid=10)",1202.3292043486945,3,,
Car 658,,,,,0,switch,,"Charger 0 (fid=6) not available, trying Charger 1 (fid=40)",1202.870854044984,1,,
Car 679,,,,76,,arrived,,arrived,1202.987595903496,,,
Car 643,,,,,6,switch,,"Charger 6 (fid=64) not available, trying Charger 3 (fid=10)",1203.3155681465498,3,,
Car 654,,,,,1,switch,,"Charger 1 (fid=40) not available, trying Charger 5 (fid=59)",1203.3996057080963,5,,
Car 680,,,,61,,arrived,,arrived,1203.4194287999703,,,
Car 656,,,,,6,switch,,"Charger 6 (fid=64) not available, trying Charger 2 (fid=71)",1204.0828108586857,2,,
Car 638,,,,,4,switch,,"Charger 4 (fid=2) not available, trying Charger 6 (fid=64)",1204.2891156218636,6,,
Car 671,,,,,4,switch,,"Charger 4 (fid=2) not available, trying Charger 1 (fid=40)",1204.619402321225,1,,
Car 675,,,,,3,switch,,"Charger 3 (fid=10) not available, trying Charger 0 (fid=6)",1204.8466520757065,0,,
Car 673,,,,,5,switch,,"Charger 5 (fid=59) not available, trying Charger 0 (fid=6)",1204.8896249361096,0,,
Car 678,,,,,1,switch,,"Charger 1 (fid=40) not available, trying Charger 0 (fid=6)",1204.9811075346147,0,,
Car 676,,,,,7,switch,,"Charger 7 (fid=4) not available, trying Charger 1 (fid=40)",1205.0041093472923,1,,
Car 659,,,,,3,switch,,"Charger 3 (fid=10) not available, trying Charger 1 (fid=40)",1205.067527455005,1,,
Car 681,,,,37,,arrived,,arrived,1205.079423876558,,,
Car 632,,,,,7,switch,,"Charger 7 (fid=4) not available, trying Charger 6 (fid=64)",1205.2793277510868,6,,
Car 669,,,,,3,switch,,"Charger 3 (fid=10) not available, trying Charger 2 (fid=71)",1205.3573051985009,2,,
Car 670,,,,,0,switch,,"Charger 0 (fid=6) not available, trying Charger 5 (fid=59)",1205.5199364717494,5,,
Car 677,,,,,7,switch,,"Charger 7 (fid=4) not available, trying Charger 1 (fid=40)",1205.5234653423163,1,,
Car 674,,,,,2,switch,,"Charger 2 (fid=71) not available, trying Charger 3 (fid=10)",1205.570062647125,3,,
Car 640,,,,,4,switch,,"Charger 4 (fid=2) not available, trying Charger 6 (fid=64)",1205.7442129898818,6,,
Car 668,,,,,3,switch,,"Charger 3 (fid=10) not available, trying Charger 0 (fid=6)",1205.7945352190502,0,,
Car 653,,,,,7,switch,,"Charger 7 (fid=4) not available, trying Charger 5 (fid=59)",1206.368546328562,5,,
Car 636,,,,,,gave_up,6,"no alternate charger available, gave up",1206.6543374498817,,,
Car 662,,,,,1,switch,,"Charger 1 (fid=40) not available, trying Charger 0 (fid=6)",1206.7550649128482,0,,
Car 617,76.0,71,2,,,done,,done charging,1206.9202094523343,,,49.86222984386205
Car 660,,71,2,,,start_charge,,starting to charge at Charger 2 (fid=71),1206.9202094523343,,19.37943303177417,
Car 645,,,,,6,switch,,"Charger 6 (fid=64) not available, trying Charger 2 (fid=71)",1207.2970991003376,2,,
Car 667,,,,,0,switch,,"Charger 0 (fid=6) not available, trying Charger 2 (fid=71)",1207.583470731572,2,,
Car 650,,,,,5,switch,,"Charger 5 (fid=59) not available, trying Charger 4 (fid=2)",1207.6094754632509,4,,
Car 657,,,,,3,switch,,"Charger 3 (fid=10) not available, trying Charger 2 (fid=71)",1207.63149594062,2,,
Car 543,92.0,2,4,,,done,,done charging,1207.6510478823132,,,341.8960554116018
Car 637,,2,4,,,start_charge,,starting to charge at Charger 4 (fid=2),1207.6510478823132,,34.926978721445266,
Car 682,,,,3,,arrived,,arrived,1207.7533821205195,,,
Car 679,,,,,4,switch,,"Charger 4 (fid=2) not available, trying Charger 6 (fid=64)",1207.987595903496,6,,
Car 639,,,,,,gave_up,6,"no alternate charger available, gave up",1208.3143133440437,,,
Car 647,,,,,5,switch,,"Charger 5 (fid=59) not available, trying Charger 4 (fid=2)",1208.4044680191466,4,,
Car 644,,,,,2,switch,,"Charger 2 (fid=71) not available, trying Charger 4 (fid=2)",1208.4048976354436,4,,
Car 680,,,,,1,switch,,"Charger 1 (fid=40) not available, trying Charger 3 (fid=10)",1208.4194287999703,3,,
Car 664,,,,,3,switch,,"Charger 3 (fid=10) not available, trying Charger 1 (fid=40)",1208.5166644325716,1,,
Car 642,,,,,5,switch,,"Charger 5 (fid=59) not available, trying Charger 4 (fid=2)",1209.0182196864323,4,,
Car 665,,,,,3,switch,,"Charger 3 (fid=10) not available, trying Charger 1 (fid=40)",1209.0206110731783,1,,
Car 672,,,,,2,switch,,"Charger 2 (fid=71) not available, trying Charger 5 (fid=59)",1209.6852448919951,5,,
Car 661,,,,,3,switch,,"Charger 3 (fid=10) not available, trying Charger 1 (fid=40)",1210.031401460169,1,,
Car 681,,,,,7,switch,,"Charger 7 (fid=4) not available, trying Charger 3 (fid=10)",1210.079423876558,3,,
Car 652,,,,,2,switch,,"Charger 2 (fid=71) not available, trying Charger 3 (fid=10)",1210.1822361214513,3,,
Car 658,,,,,1,switch,,"Charger 1 (fid=40) not available, trying Charger 2 (fid=71)",1210.3613905100515,2,,
Car 641,,,,,2,switch,,"Charger 2 (fid=71) not available, trying Charger 7 (fid=4)",1210.3825512302847,7,,
Car 683,,,,18,,arrived,,arrived,1210.4024318902482,,,
Car 638,,,,,,gave_up,6,"no alternate charger available, gave up",1210.533440911732,,,
Car 663,,,,,0,switch,,"Charger 0 (fid=6) not available, trying Charger 1 (fid=40)",1210.658530087814,1,,
Car 654,,,,,5,switch,,"Charger 5 (fid=59) not available, trying Charger 4 (fid=2)",1210.9097967922721,4,,
Car 684,,,,77,,arrived,,arrived,1211.2053521112846,,,
Car 685,,,,66,,arrived,,arrived,1211.7716800150001,,,
Car 640,,,,,,gave_up,6,"no alternate charger available, gave up",1211.9885382797502,,,
Car 651,,,,,5,switch,,"Charger 5 (fid=59) not available, trying Charger 4 (fid=2)",1212.164779061435,4,,
Car 678,,,,,0,switch,,"Charger 0 (fid=6) not available, trying Charger 5 (fid=59)",1212.471643999682,5,,
Car 659,,,,,1,switch,,"Charger 1 (fid=40) not available, trying Charger 5 (fid=59)",1212.5253451852038,5,,
Car 682,,,,,1,switch,,"Charger 1 (fid=40) not available, trying Charger 5 (fid=59)",1212.7533821205195,5,,
Car 673,,,,,0,switch,,"Charger 0 (fid=6) not available, trying Charger 1 (fid=40)",1212.8929678433494,1,,
Car 675,,,,,0,switch,,"Charger 0 (fid=6) not available, trying Charger 5 (fid=59)",1213.1961894082542,5,,
Car 686,,,,54,,arrived,,arrived,1213.2095712999628,,,
Car 646,,,,,5,switch,,"Charger 5 (fid=59) not available, trying Charger 4 (fid=2)",1213.315369952046,4,,
Car 671,,,,,1,switch,,"Charger 1 (fid=40) not available, trying Charger 6 (fid=64)",1213.4050865714414,6,,
Car 670,,,,,5,switch,,"Charger 5 (fid=59) not available, trying Charger 7 (fid=4)",1213.5232793789892,7,,
Car 669,,,,,2,switch,,"Charger 2 (fid=71) not available, trying Charger 7 (fid=4)",1213.982367078858,7,,
Car 676,,,,,1,switch,,"Charger 1 (fid=40) not available, trying Charger 2 (fid=71)",1213.999998207823,2,,
Car 687,,,,62,,arrived,,arrived,1214.0417556314956,,,
Car 650,,,,,4,switch,,"Charger 4 (fid=2) not available, trying Charger 6 (fid=64)",1214.1286988290872,6,,
Car 668,,,,,0,switch,,"Charger 0 (fid=6) not available, trying Charger 1 (fid=40)",1214.144072551598,1,,
Car 674,,,,,3,switch,,"Charger 3 (fid=10) not available, trying Charger 0 (fid=6)",1214.1951245274822,0,,
Car 667,,,,,2,switch,,"Charger 2 (fid=71) not available, trying Charger 1 (fid=40)",1214.215817909727,1,,
Car 679,,,,,6,switch,,"Charger 6 (fid=64) not available, trying Charger 5 (fid=59)",1214.2319211933643,5,,
Car 662,,,,,0,switch,,"Charger 0 (fid=6) not available, trying Charger 2 (fid=71)",1214.2456013779156,2,,
Car 677,,,,,1,switch,,"Charger 1 (fid=40) not available, trying Charger 2 (fid=71)",1214.519354202847,2,,
Car 643,,,,,3,switch,,"Charger 3 (fid=10) not available, trying Charger 7 (fid=4)",1214.5551155746696,7,,
Car 656,,,,,2,switch,,"Charger 2 (fid=71) not available, trying Charger 1 (fid=40)",1214.7437665635514,1,,
Car 647,,,,,4,switch,,"Charger 4 (fid=2) not available, trying Charger 6 (fid=64)",1214.923691384983,6,,
Car 683,,,,,2,switch,,"Charger 2 (fid=71) not available, trying Charger 0 (fid=6)",1215.4024318902482,0,,
Car 642,,,,,4,switch,,"Charger 4 (fid=2) not available, trying Charger 6 (fid=64)",1215.5374430522686,6,,
Car 680,,,,,3,switch,,"Charger 3 (fid=10) not available, trying Charger 0 (fid=6)",1215.8772465301693,0,,
Car 664,,,,,1,switch,,"Charger 1 (fid=40) not available, trying Charger 5 (fid=59)",1215.9744821627705,5,,
Car 684,,,,,1,switch,,"Charger 1 (fid=40) not available, trying Charger 0 (fid=6)",1216.2053521112846,0,,
Car 657,,,,,2,switch,,"Charger 2 (fid=71) not available, trying Charger 4 (fid=2)",1216.2565578209772,4,,
Car 665,,,,,1,switch,,"Charger 1 (fid=40) not available, trying Charger 5 (fid=59)",1216.4784288033773,5,,
Car 681,,,,,3,switch,,"Charger 3 (fid=10) not available, trying Charger 2 (fid=71)",1216.7708306010418,2,,
Car 685,,,,,3,switch,,"Charger 3 (fid=10) not available, trying Charger 1 (fid=40)",1216.7716800150001,1,,
Car 688,,,,17,,arrived,,arrived,1217.0654394200878,,,
Car 654,,,,,4,switch,,"Charger 4 (fid=2) not available, trying Charger 6 (fid=64)",1217.4290201581084,6,,
Car 661,,,,,1,switch,,"Charger 1 (fid=40) not available, trying Charger 5 (fid=59)",1217.489219190368,5,,
Car 653,,,,,5,switch,,"Charger 5 (fid=59) not available, trying Charger 4 (fid=2)",1217.6075235640863,4,,
Car 632,,,,,,gave_up,6,"no alternate charger available, gave up",1217.8510478902708,,,
Car 645,,,,,2,switch,,"Charger 2 (fid=71) not available, trying Charger 7 (fid=4)",1217.9580548052033,7,,
Car 644,,,,,4,switch,,"Charger 4 (fid=2) not available, trying Charger 6 (fid=64)",1218.1116174857057,6,,
Car 663,,,,,1,switch,,"Charger 1 (fid=40) not available, trying Charger 5 (fid=59)",1218.1490665528813,5,,
Car 686,,,,,2,switch,,"Charger 2 (fid=71) not available, trying Charger 0 (fid=6)",1218.2095712999628,0,,
Car 651,,,,,4,switch,,"Charger 4 (fid=2) not available, trying Charger 6 (fid=64)",1218.6840024272713,6,,
Car 652,,,,,3,switch,,"Charger 3 (fid=10) not available, trying Charger 7 (fid=4)",1218.8072980018085,7,,
Car 641,,,,,,gave_up,7,"no alternate charger available, gave up",1218.9260273084403,,,
Car 687,,,,,1,switch,,"Charger 1 (fid=40) not available, trying Charger 0 (fid=6)",1219.0417556314956,0,,
Car 658,,,,,2,switch,,"Charger 2 (fid=71) not available, trying Charger 3 (fid=10)",1219.1590357397913,3,,
Car 672,,,,,5,switch,,"Charger 5 (fid=59) not available, trying Charger 6 (fid=64)",1219.3141714716182,6,,
Car 646,,,,,4,switch,,"Charger 4 (fid=2) not available, trying Charger 6 (fid=64)",1219.8345933178823,6,,
Car 659,,,,,5,switch,,"Charger 5 (fid=59) not available, trying Charger 4 (fid=2)",1220.0355362693797,4,,
Car 682,,,,,5,switch,,"Charger 5 (fid=59) not available, trying Charger 0 (fid=6)",1220.2635732046954,0,,
Car 650,,,,,,gave_up,6,"no alternate charger available, gave up",1220.3730241189555,,,
Car 673,,,,,1,switch,,"Charger 1 (fid=40) not available, trying Charger 2 (fid=71)",1220.3835043084168,2,,
Car 678,,,,,5,switch,,"Charger 5 (fid=59) not available, trying Charger 3 (fid=10)",1220.474986906922,3,,
Car 679,,,,,5,switch,,"Charger 5 (fid=59) not available, trying Charger 0 (fid=6)",1220.586575324306,0,,
Car 662,,,,,2,switch,,"Charger 2 (fid=71) not available, trying Charger 3 (fid=10)",1220.8779485560706,3,,
Car 647,,,,,,gave_up,6,"no alternate charger available, gave up",1221.1680166748513,,,
Car 689,,,,45,,arrived,,arrived,1221.1842649034108,,,
Car 675,,,,,5,switch,,"Charger 5 (fid=59) not available, trying Charger 4 (fid=2)",1221.199532315494,4,,
Car 643,,,,,,gave_up,7,"no alternate charger available, gave up",1221.2465222991534,,,
Car 668,,,,,1,switch,,"Charger 1 (fid=40) not available, trying Charger 5 (fid=59)",1221.6346090166653,5,,
Car 642,,,,,,gave_up,6,"no alternate charger available, gave up",1221.781768342137,,,
Car 683,,,,,0,switch,,"Charger 0 (fid=6) not available, trying Charger 7 (fid=4)",1222.0347790684032,7,,
Car 688,,,,,2,switch,,"Charger 2 (fid=71) not available, trying Charger 7 (fid=4)",1222.0654394200878,7,,
Car 671,,,,,6,switch,,"Charger 6 (fid=64) not available, trying Charger 2 (fid=71)",1222.2577626296375,2,,
Car 669,,,,,7,switch,,"Charger 7 (fid=4) not available, trying Charger 5 (fid=59)",1222.5258431570137,5,,
Car 674,,,,,0,switch,,"Charger 0 (fid=6) not available, trying Charger 1 (fid=40)",1222.54466186003,1,,
Car 676,,,,,2,switch,,"Charger 2 (fid=71) not available, trying Charger 0 (fid=6)",1222.7976434375628,0,,
Car 667,,,,,1,switch,,"Charger 1 (fid=40) not available, trying Charger 3 (fid=10)",1223.013463139467,3,,
Car 690,,,,64,,arrived,,arrived,1223.300855770683,,,
Car 677,,,,,2,switch,,"Charger 2 (fid=71) not available, trying Charger 0 (fid=6)",1223.3169994325867,0,,
Car 691,,,,54,,arrived,,arrived,1223.3325078013347,,,
Car 692,,,,35,,arrived,,arrived,1223.3721849604472,,,
Car 664,,,,,5,switch,,"Charger 5 (fid=59) not available, trying Charger 4 (fid=2)",1223.4846732469464,4,,
Car 656,,,,,1,switch,,"Charger 1 (fid=40) not available, trying Charger 3 (fid=10)",1223.5414117932912,3,,
Car 654,,,,,,gave_up,6,"no alternate charger available, gave up",1223.6733454479768,,,
Car 684,,,,,0,switch,,"Charger 0 (fid=6) not available, trying Charger 5 (fid=59)",1223.695888576352,5,,
Car 665,,,,,5,switch,,"Charger 5 (fid=59) not available, trying Charger 4 (fid=2)",1223.988619887553,4,,
Car 653,,,,,4,switch,,"Charger 4 (fid=2) not available, trying Charger 6 (fid=64)",1224.1267469299225,6,,
Car 680,,,,,0,switch,,"Charger 0 (fid=6) not available, trying Charger 5 (fid=59)",1224.226783862717,5,,
Car 685,,,,,1,switch,,"Charger 1 (fid=40) not available, trying Charger 7 (fid=4)",1224.229497745199,7,,
Car 644,,,,,,gave_up,6,"no alternate charger available, gave up",1224.355942775574,,,
Car 670,,,,,7,switch,,"Charger 7 (fid=4) not available, trying Charger 2 (fid=71)",1224.7622566145135,2,,
Car 686,,,,,0,switch,,"Charger 0 (fid=6) not available, trying Charger 7 (fid=4)",1224.8419184781178,7,,
Car 651,,,,,,gave_up,6,"no alternate charger available, gave up",1224.9283277171396,,,
Car 661,,,,,5,switch,,"Charger 5 (fid=59) not available, trying Charger 4 (fid=2)",1224.9994102745438,4,,
Car 681,,,,,2,switch,,"Charger 2 (fid=71) not available, trying Charger 0 (fid=6)",1225.395892481399,0,,
Car 652,,,,,,gave_up,7,"no alternate charger available, gave up",1225.4987047262923,,,
Car 599,57.0,4,7,,,done,,done charging,1225.5948824163274,,,665.9032153016003
Car 645,,4,7,,,start_charge,,starting to charge at Charger 7 (fid=4),1225.5948824163274,,39.09335153296843,
Car 663,,,,,5,switch,,"Charger 5 (fid=59) not available, trying Charger 4 (fid=2)",1225.6592576370572,4,,
Car 672,,,,,6,switch,,"Charger 6 (fid=64) not available, trying Charger 1 (fid=40)",1225.66882560256,1,,
Car 657,,,,,4,switch,,"Charger 4 (fid=2) not available, trying Charger 6 (fid=64)",1225.9632776712392,6,,
Car 646,,,,,,gave_up,6,"no alternate charger available, gave up",1226.0789186077507,,,
Car 693,,,,72,,arrived,,arrived,1226.1162163978902,,,
Car 689,,,,,1,switch,,"Charger 1 (fid=40) not available, trying Charger 0 (fid=6)",1226.1842649034108,0,,
Car 687,,,,,0,switch,,"Charger 0 (fid=6) not available, trying Charger 3 (fid=10)",1226.532292096563,3,,
Car 659,,,,,4,switch,,"Charger 4 (fid=2) not available, trying Charger 6 (fid=64)",1226.554759635216,6,,
Car 694,,,,34,,arrived,,arrived,1226.647460169718,,,
Car 695,,,,115,,arrived,,arrived,1226.8375137149835,,,
Car 580,75.0,64,6,,,done,,done charging,1227.0394062565756,,,580.8934964173773
Car 690,,64,6,,,start_charge,,starting to charge at Charger 6 (fid=64),1227.0394062565756,,3.738550485892574,
Car 675,,,,,4,switch,,"Charger 4 (fid=2) not available, trying Charger 2 (fid=71)",1227.7187556813303,2,,
Car 658,,,,,3,switch,,"Charger 3 (fid=10) not available, trying Charger 7 (fid=4)",1227.7840976201485,7,,
Car 682,,,,,0,switch,,"Charger 0 (fid=6) not available, trying Charger 6 (fid=64)",1228.2669161119352,6,,
Car 691,,,,,2,switch,,"Charger 2 (fid=71) not available, trying Charger 0 (fid=6)",1228.3325078013347,0,,
Car 692,,,,,2,switch,,"Charger 2 (fid=71) not available, trying Charger 0 (fid=6)",1228.3721849604472,0,,
Car 679,,,,,0,switch,,"Charger 0 (fid=6) not available, trying Charger 1 (fid=40)",1228.5899182315459,1,,
Car 668,,,,,5,switch,,"Charger 5 (fid=59) not available, trying Charger 4 (fid=2)",1229.1448001008412,4,,
Car 673,,,,,2,switch,,"Charger 2 (fid=71) not available, trying Charger 3 (fid=10)",1229.1811495381567,3,,
Car 676,,,,,0,switch,,"Charger 0 (fid=6) not available, trying Charger 5 (fid=59)",1229.4299906157178,5,,
Car 662,,,,,3,switch,,"Charger 3 (fid=10) not available, trying Charger 7 (fid=4)",1229.5030104364278,7,,
Car 677,,,,,0,switch,,"Charger 0 (fid=6) not available, trying Charger 5 (fid=59)",1229.9493466107417,5,,
Car 664,,,,,4,switch,,"Charger 4 (fid=2) not available, trying Charger 6 (fid=64)",1230.0038966127827,6,,
Car 674,,,,,1,switch,,"Charger 1 (fid=40) not available, trying Charger 5 (fid=59)",1230.0351983250973,5,,
Car 678,,,,,3,switch,,"Charger 3 (fid=10) not available, trying Charger 2 (fid=71)",1230.3599952339118,2,,
Car 653,,,,,,gave_up,6,"no alternate charger available, gave up",1230.371072219791,,,
Car 667,,,,,3,switch,,"Charger 3 (fid=10) not available, trying Charger 7 (fid=4)",1230.4712808696659,7,,
Car 665,,,,,4,switch,,"Charger 4 (fid=2) not available, trying Charger 6 (fid=64)",1230.5078432533894,6,,
Car 688,,,,,7,switch,,"Charger 7 (fid=4) not available, trying Charger 0 (fid=6)",1230.6089154982435,0,,
Car 696,,,,52,,arrived,,arrived,1230.727119036686,,,
Car 656,,,,,3,switch,,"Charger 3 (fid=10) not available, trying Charger 7 (fid=4)",1230.9992295234902,7,,
Car 683,,,,,7,switch,,"Charger 7 (fid=4) not available, trying Charger 3 (fid=10)",1231.049898263956,3,,
Car 693,,,,,2,switch,,"Charger 2 (fid=71) not available, trying Charger 0 (fid=6)",1231.1162163978902,0,,
Car 697,,,,61,,arrived,,arrived,1231.4497122091375,,,
Car 661,,,,,4,switch,,"Charger 4 (fid=2) not available, trying Charger 6 (fid=64)",1231.5186336403801,6,,
Car 694,,,,,2,switch,,"Charger 2 (fid=71) not available, trying Charger 7 (fid=4)",1231.647460169718,7,,
Car 684,,,,,5,switch,,"Charger 5 (fid=59) not available, trying Charger 3 (fid=10)",1231.6992314835918,3,,
Car 695,,,,,2,switch,,"Charger 2 (fid=71) not available, trying Charger 0 (fid=6)",1231.8375137149835,0,,
Car 681,,,,,0,switch,,"Charger 0 (fid=6) not available, trying Charger 1 (fid=40)",1232.028239659554,1,,
Car 663,,,,,4,switch,,"Charger 4 (fid=2) not available, trying Charger 6 (fid=64)",1232.1784810028935,6,,
Car 657,,,,,6,switch,,"Charger 6 (fid=64) not available, trying Charger 7 (fid=4)",1232.2076029611076,7,,
Car 680,,,,,5,switch,,"Charger 5 (fid=59) not available, trying Charger 7 (fid=4)",1232.2301267699568,7,,
Car 659,,,,,,gave_up,6,"no alternate charger available, gave up",1232.7990849250843,,,
Car 671,,,,,2,switch,,"Charger 2 (fid=71) not available, trying Charger 3 (fid=10)",1232.9187183345032,3,,
Car 566,85.0,4,7,,,done,,done charging,1233.0666470251626,,,424.1992482148103
Car 685,,4,7,,,start_charge,,starting to charge at Charger 7 (fid=4),1233.0666470251626,,14.841260419432956,
Car 670,,,,,2,switch,,"Charger 2 (fid=71) not available, trying Charger 4 (fid=2)",1233.3057326926692,4,,
Car 689,,,,,0,switch,,"Charger 0 (fid=6) not available, trying Charger 3 (fid=10)",1233.6748013684783,3,,
Car 669,,,,,5,switch,,"Charger 5 (fid=59) not available, trying Charger 4 (fid=2)",1233.764820392538,4,,
Car 686,,,,,7,switch,,"Charger 7 (fid=4) not available, trying Charger 3 (fid=10)",1233.8570376736707,3,,
Car 658,,,,,,gave_up,7,"no alternate charger available, gave up",1234.4755043446323,,,
Car 672,,,,,1,switch,,"Charger 1 (fid=40) not available, trying Charger 3 (fid=10)",1234.521501660756,3,,
Car 687,,,,,3,switch,,"Charger 3 (fid=10) not available, trying Charger 2 (fid=71)",1234.8818294291107,2,,
Car 691,,,,,0,switch,,"Charger 0 (fid=6) not available, trying Charger 7 (fid=4)",1234.9648549794897,7,,
Car 692,,,,,0,switch,,"Charger 0 (fid=6) not available, trying Charger 1 (fid=40)",1235.0045321386021,1,,
Car 698,,,,30,,arrived,,arrived,1235.1918155148612,,,
Car 668,,,,,4,switch,,"Charger 4 (fid=2) not available, trying Charger 6 (fid=64)",1235.6640234666775,6,,
Car 696,,,,,5,switch,,"Charger 5 (fid=59) not available, trying Charger 4 (fid=2)",1235.727119036686,4,,
Car 679,,,,,1,switch,,"Charger 1 (fid=40) not available, trying Charger 2 (fid=71)",1236.0804546966133,2,,
Car 662,,,,,,gave_up,7,"no alternate charger available, gave up",1236.1944171609116,,,
Car 664,,,,,,gave_up,6,"no alternate charger available, gave up",1236.248221902651,,,
Car 697,,,,,1,switch,,"Charger 1 (fid=40) not available, trying Charger 3 (fid=10)",1236.4497122091375,3,,
Car 699,,,,48,,arrived,,arrived,1236.6467925746115,,,
Car 700,,,,5,,arrived,,arrived,1236.7504048734738,,,
Car 665,,,,,,gave_up,6,"no alternate charger available, gave up",1236.7521685432578,,,
Car 667,,,,,,gave_up,7,"no alternate charger available, gave up",1237.1626875941497,,,
Car 682,,,,,6,switch,,"Charger 6 (fid=64) not available, trying Charger 3 (fid=10)",1237.3634122121243,3,,
Car 675,,,,,2,switch,,"Charger 2 (fid=71) not available, trying Charger 6 (fid=64)",1237.4254755315924,6,,
Car 676,,,,,5,switch,,"Charger 5 (fid=59) not available, trying Charger 4 (fid=2)",1237.4333335229576,4,,
Car 674,,,,,5,switch,,"Charger 5 (fid=59) not available, trying Charger 4 (fid=2)",1237.5453894092732,4,,
Car 656,,,,,,gave_up,7,"no alternate charger available, gave up",1237.690636247974,,,
Car 683,,,,,3,switch,,"Charger 3 (fid=10) not available, trying Charger 1 (fid=40)",1237.7413049884399,1,,
Car 693,,,,,0,switch,,"Charger 0 (fid=6) not available, trying Charger 7 (fid=4)",1237.7485635760452,7,,
Car 661,,,,,,gave_up,6,"no alternate charger available, gave up",1237.7629589302485,,,
Car 673,,,,,3,switch,,"Charger 3 (fid=10) not available, trying Charger 7 (fid=4)",1237.8062114185138,7,,
Car 677,,,,,5,switch,,"Charger 5 (fid=59) not available, trying Charger 4 (fid=2)",1237.9526895179815,4,,
Car 701,,,,28,,arrived,,arrived,1238.2844176936862,,,
Car 663,,,,,,gave_up,6,"no alternate charger available, gave up",1238.4228062927618,,,
Car 695,,,,,0,switch,,"Charger 0 (fid=6) not available, trying Charger 7 (fid=4)",1238.4698608931385,7,,
Car 678,,,,,2,switch,,"Charger 2 (fid=71) not available, trying Charger 4 (fid=2)",1238.985057114269,4,,
Car 681,,,,,1,switch,,"Charger 1 (fid=40) not available, trying Charger 5 (fid=59)",1239.5187761246214,5,,
Car 688,,,,,0,switch,,"Charger 0 (fid=6) not available, trying Charger 3 (fid=10)",1239.6240346937964,3,,
Car 605,96.0,71,2,,,done,,done charging,1240.0829460285186,,,209.4235788873802
Car 698,,71,2,,,start_charge,,starting to charge at Charger 2 (fid=71),1240.0829460285186,,4.891130513657345,
Car 694,,,,,7,switch,,"Charger 7 (fid=4) not available, trying Charger 3 (fid=10)",1240.1909362478737,3,,
Car 669,,,,,4,switch,,"Charger 4 (fid=2) not available, trying Charger 6 (fid=64)",1240.2840437583743,6,,
Car 686,,,,,3,switch,,"Charger 3 (fid=10) not available, trying Charger 1 (fid=40)",1240.5484443981545,1,,
Car 671,,,,,3,switch,,"Charger 3 (fid=10) not available, trying Charger 7 (fid=4)",1241.5437802148604,7,,
Car 684,,,,,3,switch,,"Charger 3 (fid=10) not available, trying Charger 2 (fid=71)",1241.5842398105817,2,,
Car 699,,,,,7,switch,,"Charger 7 (fid=4) not available, trying Charger 2 (fid=71)",1241.6467925746115,2,,
Car 700,,,,,7,switch,,"Charger 7 (fid=4) not available, trying Charger 3 (fid=10)",1241.7504048734738,3,,
Car 668,,,,,,gave_up,6,"no alternate charger available, gave up",1241.9083487565458,,,
Car 672,,,,,3,switch,,"Charger 3 (fid=10) not available, trying Charger 7 (fid=4)",1241.979319390955,7,,
Car 689,,,,,3,switch,,"Charger 3 (fid=10) not available, trying Charger 2 (fid=71)",1242.024338701026,2,,
Car 696,,,,,4,switch,,"Charger 4 (fid=2) not available, trying Charger 0 (fid=6)",1242.2463424025223,0,,
Car 702,,,,61,,arrived,,arrived,1242.2954226443962,,,
Car 692,,,,,1,switch,,"Charger 1 (fid=40) not available, trying Charger 3 (fid=10)",1242.4950686036696,3,,
Car 703,,,,67,,arrived,,arrived,1242.5296654466542,,,
Car 604,108.0,10,3,,,done,,done charging,1242.5918798729733,,,287.8411013128767
Car 697,,10,3,,,start_charge,,starting to charge at Charger 3 (fid=10),1242.5918798729733,,8.684349933636895,
Car 670,,,,,4,switch,,"Charger 4 (fid=2) not available, trying Charger 6 (fid=64)",1243.0124525429312,6,,
Car 701,,,,,2,switch,,"Charger 2 (fid=71) not available, trying Charger 0 (fid=6)",1243.2844176936862,0,,
Car 680,,,,,7,switch,,"Charger 7 (fid=4) not available, trying Charger 2 (fid=71)",1243.469104005481,2,,
Car 687,,,,,2,switch,,"Charger 2 (fid=71) not available, trying Charger 7 (fid=4)",1243.5068913094678,7,,
Car 676,,,,,4,switch,,"Charger 4 (fid=2) not available, trying Charger 6 (fid=64)",1243.9525568887939,6,,
Car 691,,,,,7,switch,,"Charger 7 (fid=4) not available, trying Charger 3 (fid=10)",1243.9799741750426,3,,
Car 674,,,,,4,switch,,"Charger 4 (fid=2) not available, trying Charger 6 (fid=64)",1244.0646127751095,6,,
Car 677,,,,,4,switch,,"Charger 4 (fid=2) not available, trying Charger 6 (fid=64)",1244.4719128838178,6,,
Car 673,,,,,,gave_up,7,"no alternate charger available, gave up",1244.4976181429977,,,
Car 666,58.0,2,4,,,done,,done charging,1244.54234330877,,,92.679334293019
Car 678,,2,4,,,start_charge,,starting to charge at Charger 4 (fid=2),1244.54234330877,,25.850566344238814,
Car 657,,,,,,gave_up,7,"no alternate charger available, gave up",1244.7793231002915,,,
Car 679,,,,,2,switch,,"Charger 2 (fid=71) not available, trying Charger 3 (fid=10)",1244.8780999263531,3,,
Car 683,,,,,1,switch,,"Charger 1 (fid=40) not available, trying Charger 5 (fid=59)",1245.1991227186388,5,,
Car 669,,,,,,gave_up,6,"no alternate charger available, gave up",1246.5283690482427,,,
Car 627,76.0,6,0,,,done,,done charging,1246.6829916153954,,,231.26268186848134
Car 701,,6,0,,,start_charge,,starting to charge at Charger 0 (fid=6),1246.6829916153954,,6.766226743554171,
Car 693,,,,,7,switch,,"Charger 7 (fid=4) not available, trying Charger 3 (fid=10)",1246.763682771598,3,,
Car 694,,,,,3,switch,,"Charger 3 (fid=10) not available, trying Charger 0 (fid=6)",1246.8823429723575,0,,
Car 681,,,,,5,switch,,"Charger 5 (fid=59) not available, trying Charger 4 (fid=2)",1247.0289672087972,4,,
Car 702,,,,,1,switch,,"Charger 1 (fid=40) not available, trying Charger 3 (fid=10)",1247.2954226443962,3,,
Car 704,,,,76,,arrived,,arrived,1247.3602643535216,,,
Car 695,,,,,7,switch,,"Charger 7 (fid=4) not available, trying Charger 1 (fid=40)",1247.4849800886914,1,,
Car 703,,,,,2,switch,,"Charger 2 (fid=71) not available, trying Charger 7 (fid=4)",1247.5296654466542,7,,
Car 688,,,,,3,switch,,"Charger 3 (fid=10) not available, trying Charger 1 (fid=40)",1247.973572026344,1,,
Car 686,,,,,1,switch,,"Charger 1 (fid=40) not available, trying Charger 5 (fid=59)",1248.0062621283535,5,,
Car 675,,,,,6,switch,,"Charger 6 (fid=64) not available, trying Charger 7 (fid=4)",1248.086431236458,7,,
Car 671,,,,,,gave_up,7,"no alternate charger available, gave up",1248.2351869393442,,,
Car 705,,,,60,,arrived,,arrived,1248.4107611292416,,,
Car 700,,,,,3,switch,,"Charger 3 (fid=10) not available, trying Charger 2 (fid=71)",1248.4418115979577,2,,
Car 682,,,,,3,switch,,"Charger 3 (fid=10) not available, trying Charger 4 (fid=2)",1248.602959640244,4,,
Car 672,,,,,,gave_up,7,"no alternate charger available, gave up",1248.6707261154388,,,
Car 670,,,,,,gave_up,6,"no alternate charger available, gave up",1249.2567778327996,,,
Car 577,97.0,64,6,,,done,,done charging,1249.3674109691256,,,519.7543007623763
Car 676,,64,6,,,start_charge,,starting to charge at Charger 6 (fid=64),1249.3674109691256,,39.17052879046332,
Car 692,,,,,3,switch,,"Charger 3 (fid=10) not available, trying Charger 7 (fid=4)",1249.9528863338685,7,,
Car 699,,,,,2,switch,,"Charger 2 (fid=71) not available, trying Charger 3 (fid=10)",1250.1902686527671,3,,
Car 684,,,,,2,switch,,"Charger 2 (fid=71) not available, trying Charger 4 (fid=2)",1250.209301690939,4,,
Car 674,,,,,,gave_up,6,"no alternate charger available, gave up",1250.3089380649778,,,
Car 696,,,,,0,switch,,"Charger 0 (fid=6) not available, trying Charger 6 (fid=64)",1250.5118519010125,6,,
Car 689,,,,,2,switch,,"Charger 2 (fid=71) not available, trying Charger 7 (fid=4)",1250.6494005813831,7,,
Car 691,,,,,3,switch,,"Charger 3 (fid=10) not available, trying Charger 1 (fid=40)",1250.6713808995264,1,,
Car 677,,,,,,gave_up,6,"no alternate charger available, gave up",1250.7162381736862,,,
Car 590,98.0,59,5,,,done,,done charging,1251.247752065989,,,361.02977939362324
Car 683,,59,5,,,start_charge,,starting to charge at Charger 5 (fid=59),1251.247752065989,,28.538438263174385,
Car 680,,,,,2,switch,,"Charger 2 (fid=71) not available, trying Charger 4 (fid=2)",1252.0125800836367,4,,
Car 687,,,,,7,switch,,"Charger 7 (fid=4) not available, trying Charger 5 (fid=59)",1252.0503673876235,5,,
Car 704,,,,,4,switch,,"Charger 4 (fid=2) not available, trying Charger 6 (fid=64)",1252.3602643535216,6,,
Car 706,,,,86,,arrived,,arrived,1252.6474472357118,,,
Car 705,,,,,1,switch,,"Charger 1 (fid=40) not available, trying Charger 0 (fid=6)",1253.4107611292416,0,,
Car 693,,,,,3,switch,,"Charger 3 (fid=10) not available, trying Charger 1 (fid=40)",1253.4550894960819,1,,
Car 679,,,,,3,switch,,"Charger 3 (fid=10) not available, trying Charger 7 (fid=4)",1253.5031618067103,7,,
Car 681,,,,,4,switch,,"Charger 4 (fid=2) not available, trying Charger 6 (fid=64)",1253.5481905746335,6,,
Car 707,,,,33,,arrived,,arrived,1254.6235438526382,,,
Car 702,,,,,3,switch,,"Charger 3 (fid=10) not available, trying Charger 0 (fid=6)",1254.7532403745952,0,,
Car 694,,,,,0,switch,,"Charger 0 (fid=6) not available, trying Charger 1 (fid=40)",1255.2318803049052,1,,
Car 688,,,,,1,switch,,"Charger 1 (fid=40) not available, trying Charger 5 (fid=59)",1255.431389756543,5,,
Car 686,,,,,5,switch,,"Charger 5 (fid=59) not available, trying Charger 4 (fid=2)",1255.5164532125293,4,,
Car 703,,,,,7,switch,,"Charger 7 (fid=4) not available, trying Charger 0 (fid=6)",1256.07314152481,0,,
Car 708,,,,68,,arrived,,arrived,1256.4020786602507,,,
Car 695,,,,,1,switch,,"Charger 1 (fid=40) not available, trying Charger 3 (fid=10)",1256.480868949222,3,,
Car 692,,,,,7,switch,,"Charger 7 (fid=4) not available, trying Charger 5 (fid=59)",1256.6442930583523,5,,
Car 700,,,,,2,switch,,"Charger 2 (fid=71) not available, trying Charger 0 (fid=6)",1257.0668734783148,0,,
Car 706,,,,,4,switch,,"Charger 4 (fid=2) not available, trying Charger 6 (fid=64)",1257.6474472357118,6,,
Car 691,,,,,1,switch,,"Charger 1 (fid=40) not available, trying Charger 5 (fid=59)",1258.1291986297254,5,,
Car 704,,,,,6,switch,,"Charger 6 (fid=64) not available, trying Charger 5 (fid=59)",1258.60458964339,5,,
Car 699,,,,,3,switch,,"Charger 3 (fid=10) not available, trying Charger 0 (fid=6)",1258.8153305331243,0,,
Car 689,,,,,7,switch,,"Charger 7 (fid=4) not available, trying Charger 5 (fid=59)",1259.1928766595388,5,,
Car 682,,,,,4,switch,,"Charger 4 (fid=2) not available, trying Charger 2 (fid=71)",1259.549190489928,2,,
Car 696,,,,,6,switch,,"Charger 6 (fid=64) not available, trying Charger 1 (fid=40)",1259.6083480012016,1,,
Car 707,,,,,2,switch,,"Charger 2 (fid=71) not available, trying Charger 0 (fid=6)",1259.6235438526382,0,,
Car 681,,,,,,gave_up,6,"no alternate charger available, gave up",1259.7925158645019,,,
Car 684,,,,,4,switch,,"Charger 4 (fid=2) not available, trying Charger 6 (fid=64)",1259.916021541201,6,,
Car 679,,,,,,gave_up,7,"no alternate charger available, gave up",1260.1945685311941,,,
Car 709,,,,29,,arrived,,arrived,1260.2324729963286,,,
Car 675,,,,,,gave_up,7,"no alternate charger available, gave up",1260.658151375642,,,
Car 705,,,,,0,switch,,"Charger 0 (fid=6) not available, trying Charger 3 (fid=10)",1260.901297594309,3,,
Car 693,,,,,1,switch,,"Charger 1 (fid=40) not available, trying Charger 5 (fid=59)",1260.9129072262808,5,,
Car 708,,,,,2,switch,,"Charger 2 (fid=71) not available, trying Charger 0 (fid=6)",1261.4020786602507,0,,
Car 680,,,,,4,switch,,"Charger 4 (fid=2) not available, trying Charger 6 (fid=64)",1261.7192999338988,6,,
Car 686,,,,,4,switch,,"Charger 4 (fid=2) not available, trying Charger 6 (fid=64)",1262.0356765783656,6,,
Car 710,,,,63,,arrived,,arrived,1262.6284352179855,,,
Car 694,,,,,1,switch,,"Charger 1 (fid=40) not available, trying Charger 5 (fid=59)",1262.7224167699726,5,,
Car 688,,,,,5,switch,,"Charger 5 (fid=59) not available, trying Charger 4 (fid=2)",1262.9415808407189,4,,
Car 702,,,,,0,switch,,"Charger 0 (fid=6) not available, trying Charger 5 (fid=59)",1263.1027777071429,5,,
Car 687,,,,,5,switch,,"Charger 5 (fid=59) not available, trying Charger 4 (fid=2)",1263.2893446231478,4,,
Car 700,,,,,0,switch,,"Charger 0 (fid=6) not available, trying Charger 1 (fid=40)",1263.6992206564698,1,,
Car 706,,,,,6,switch,,"Charger 6 (fid=64) not available, trying Charger 5 (fid=59)",1263.89177252558,5,,
Car 695,,,,,3,switch,,"Charger 3 (fid=10) not available, trying Charger 4 (fid=2)",1263.938686679421,4,,
Car 704,,,,,5,switch,,"Charger 5 (fid=59) not available, trying Charger 0 (fid=6)",1264.9592437743318,0,,
Car 703,,,,,0,switch,,"Charger 0 (fid=6) not available, trying Charger 3 (fid=10)",1265.0882607203628,3,,
Car 709,,,,,2,switch,,"Charger 2 (fid=71) not available, trying Charger 0 (fid=6)",1265.2324729963286,0,,
Car 691,,,,,5,switch,,"Charger 5 (fid=59) not available, trying Charger 4 (fid=2)",1265.6393897139012,4,,
Car 684,,,,,6,switch,,"Charger 6 (fid=64) not available, trying Charger 7 (fid=4)",1266.1603468310693,7,,
Car 707,,,,,0,switch,,"Charger 0 (fid=6) not available, trying Charger 1 (fid=40)",1266.2558910307932,1,,
Car 699,,,,,0,switch,,"Charger 0 (fid=6) not available, trying Charger 1 (fid=40)",1267.164867865672,1,,
Car 710,,,,,7,switch,,"Charger 7 (fid=4) not available, trying Charger 3 (fid=10)",1267.6284352179855,3,,
Car 692,,,,,5,switch,,"Charger 5 (fid=59) not available, trying Charger 4 (fid=2)",1267.8832702938766,4,,
Car 680,,,,,,gave_up,6,"no alternate charger available, gave up",1267.9636252237672,,,
Car 708,,,,,0,switch,,"Charger 0 (fid=6) not available, trying Charger 7 (fid=4)",1268.0344258384057,7,,
Car 686,,,,,,gave_up,6,"no alternate charger available, gave up",1268.280001868234,,,
Car 693,,,,,5,switch,,"Charger 5 (fid=59) not available, trying Charger 4 (fid=2)",1268.4230983104567,4,,
Car 711,,,,83,,arrived,,arrived,1268.424419342141,,,
Car 696,,,,,1,switch,,"Charger 1 (fid=40) not available, trying Charger 2 (fid=71)",1268.4610240593977,2,,
Car 705,,,,,3,switch,,"Charger 3 (fid=10) not available, trying Charger 5 (fid=59)",1269.2508349268567,5,,
Car 682,,,,,2,switch,,"Charger 2 (fid=71) not available, trying Charger 7 (fid=4)",1269.25591034019,7,,
Car 688,,,,,4,switch,,"Charger 4 (fid=2) not available, trying Charger 6 (fid=64)",1269.4608042065552,6,,
Car 637,62.0,2,4,,,done,,done charging,1269.6510478823132,,,373.00888309662616
Car 687,,2,4,,,start_charge,,starting to charge at Charger 4 (fid=2),1269.6510478823132,,34.84247989332903,
Car 712,,,,1,,arrived,,arrived,1269.7714525534818,,,
Car 694,,,,,5,switch,,"Charger 5 (fid=59) not available, trying Charger 4 (fid=2)",1270.2326078541485,4,,
Car 706,,,,,5,switch,,"Charger 5 (fid=59) not available, trying Charger 0 (fid=6)",1270.2464266565219,0,,
Car 689,,,,,5,switch,,"Charger 5 (fid=59) not available, trying Charger 4 (fid=2)",1270.431853895063,4,,
Car 702,,,,,5,switch,,"Charger 5 (fid=59) not available, trying Charger 7 (fid=4)",1271.1061206143827,7,,
Car 700,,,,,1,switch,,"Charger 1 (fid=40) not available, trying Charger 5 (fid=59)",1271.1897571215372,5,,
Car 709,,,,,0,switch,,"Charger 0 (fid=6) not available, trying Charger 1 (fid=40)",1271.8648201744836,1,,
Car 691,,,,,4,switch,,"Charger 4 (fid=2) not available, trying Charger 6 (fid=64)",1272.1586130797375,6,,
Car 713,,,,34,,arrived,,arrived,1272.925175579128,,,
Car 704,,,,,0,switch,,"Charger 0 (fid=6) not available, trying Charger 1 (fid=40)",1272.9625866815716,1,,
Car 711,,,,,4,switch,,"Charger 4 (fid=2) not available, trying Charger 6 (fid=64)",1273.424419342141,6,,
Car 703,,,,,3,switch,,"Charger 3 (fid=10) not available, trying Charger 1 (fid=40)",1273.4377980529105,1,,
Car 707,,,,,1,switch,,"Charger 1 (fid=40) not available, trying Charger 3 (fid=10)",1273.7464274958606,3,,
Car 710,,,,,3,switch,,"Charger 3 (fid=10) not available, trying Charger 1 (fid=40)",1274.3198419424693,1,,
Car 692,,,,,4,switch,,"Charger 4 (fid=2) not available, trying Charger 6 (fid=64)",1274.402493659713,6,,
Car 699,,,,,1,switch,,"Charger 1 (fid=40) not available, trying Charger 5 (fid=59)",1274.6554043307394,5,,
Car 712,,,,,0,switch,,"Charger 0 (fid=6) not available, trying Charger 5 (fid=59)",1274.7714525534818,5,,
Car 695,,,,,4,switch,,"Charger 4 (fid=2) not available, trying Charger 5 (fid=59)",1274.8849175291048,5,,
Car 693,,,,,4,switch,,"Charger 4 (fid=2) not available, trying Charger 6 (fid=64)",1274.942321676293,6,,
Car 688,,,,,,gave_up,6,"no alternate charger available, gave up",1275.7051294964235,,,
Car 714,,,,5,,arrived,,arrived,1275.9523223529318,,,
Car 690,49.0,64,6,,,done,,done charging,1276.0394062565756,,,0.0
Car 691,,64,6,,,start_charge,,starting to charge at Charger 6 (fid=64),1276.0394062565756,,37.63646788696974,
Car 694,,,,,4,switch,,"Charger 4 (fid=2) not available, trying Charger 6 (fid=64)",1276.7518312199848,6,,
Car 689,,,,,4,switch,,"Charger 4 (fid=2) not available, trying Charger 6 (fid=64)",1276.9510772608994,6,,
Car 708,,,,,7,switch,,"Charger 7 (fid=4) not available, trying Charger 3 (fid=10)",1277.0495450339586,3,,
Car 696,,,,,2,switch,,"Charger 2 (fid=71) not available, trying Charger 3 (fid=10)",1277.2586692891375,3,,
Car 649,93.0,6,0,,,done,,done charging,1277.7102933201968,,,207.4616875401225
Car 706,,6,0,,,start_charge,,starting to charge at Charger 0 (fid=6),1277.7102933201968,,19.460523756435123,
Car 682,,,,,,gave_up,7,"no alternate charger available, gave up",1277.7993864183456,,,
Car 713,,,,,2,switch,,"Charger 2 (fid=71) not available, trying Charger 7 (fid=4)",1277.925175579128,7,,
Car 700,,,,,5,switch,,"Charger 5 (fid=59) not available, trying Charger 4 (fid=2)",1278.699948205713,4,,
Car 684,,,,,,gave_up,7,"no alternate charger available, gave up",1278.7320669702533,,,
Car 705,,,,,5,switch,,"Charger 5 (fid=59) not available, trying Charger 2 (fid=71)",1279.1358432538466,2,,
Car 709,,,,,1,switch,,"Charger 1 (fid=40) not available, trying Charger 3 (fid=10)",1279.355356639551,3,,
Car 616,119.0,40,1,,,done,,done charging,1279.4804037585159,,,331.0863029996552
Car 704,,40,1,,,start_charge,,starting to charge at Charger 1 (fid=40),1279.4804037585159,,24.027280611876904,
Car 711,,,,,6,switch,,"Charger 6 (fid=64) not available, trying Charger 5 (fid=59)",1279.6687446320093,5,,
Car 692,,,,,,gave_up,6,"no alternate charger available, gave up",1280.6468189495813,,,
Car 703,,,,,1,switch,,"Charger 1 (fid=40) not available, trying Charger 5 (fid=59)",1280.8956157831094,5,,
Car 714,,,,,7,switch,,"Charger 7 (fid=4) not available, trying Charger 3 (fid=10)",1280.9523223529318,3,,
Car 693,,,,,,gave_up,6,"no alternate charger available, gave up",1281.1866469661613,,,
Car 707,,,,,3,switch,,"Charger 3 (fid=10) not available, trying Charger 7 (fid=4)",1281.2042452260596,7,,
Car 695,,,,,5,switch,,"Charger 5 (fid=59) not available, trying Charger 6 (fid=64)",1281.404140894941,6,,
Car 710,,,,,1,switch,,"Charger 1 (fid=40) not available, trying Charger 2 (fid=71)",1281.7776596726683,2,,
Car 699,,,,,5,switch,,"Charger 5 (fid=59) not available, trying Charger 4 (fid=2)",1282.1655954149153,4,,
Car 702,,,,,7,switch,,"Charger 7 (fid=4) not available, trying Charger 2 (fid=71)",1282.345097849907,2,,
Car 712,,,,,5,switch,,"Charger 5 (fid=59) not available, trying Charger 4 (fid=2)",1282.7747954607216,4,,
Car 694,,,,,,gave_up,6,"no alternate charger available, gave up",1282.996156509853,,,
Car 689,,,,,,gave_up,6,"no alternate charger available, gave up",1283.1954025507678,,,
Car 708,,,,,3,switch,,"Charger 3 (fid=10) not available, trying Charger 1 (fid=40)",1283.7409517584424,1,,
Car 715,,,,39,,arrived,,arrived,1283.7908692171134,,,
Car 660,78.0,71,2,,,done,,done charging,1284.9202094523343,,,209.4235788873802
Car 705,,71,2,,,start_charge,,starting to charge at Charger 2 (fid=71),1284.9202094523343,,21.155439618864648,
Car 648,87.0,40,1,,,done,,done charging,1285.050310127227,,,269.3786136815586
Car 715,,40,1,,,start_charge,,starting to charge at Charger 1 (fid=40),1285.050310127227,,1.2594409101136534,
Car 700,,,,,4,switch,,"Charger 4 (fid=2) not available, trying Charger 6 (fid=64)",1285.2191715715494,6,,
Car 696,,,,,3,switch,,"Charger 3 (fid=10) not available, trying Charger 7 (fid=4)",1285.8837311694947,7,,
Car 711,,,,,5,switch,,"Charger 5 (fid=59) not available, trying Charger 0 (fid=6)",1286.023398762951,0,,
Car 713,,,,,7,switch,,"Charger 7 (fid=4) not available, trying Charger 3 (fid=10)",1286.4686516572838,3,,
Car 709,,,,,3,switch,,"Charger 3 (fid=10) not available, trying Charger 7 (fid=4)",1286.81317436975,7,,
Car 630,95.0,59,5,,,done,,done charging,1287.316955716913,,,346.336617114045
Car 703,,59,5,,,start_charge,,starting to charge at Charger 5 (fid=59),1287.316955716913,,28.911148849627807,
Car 716,,,,5,,arrived,,arrived,1287.4976594987243,,,
Car 714,,,,,3,switch,,"Charger 3 (fid=10) not available, trying Charger 2 (fid=71)",1287.6437290774156,2,,
Car 695,,,,,,gave_up,6,"no alternate charger available, gave up",1287.7587950258828,,,
Car 707,,,,,7,switch,,"Charger 7 (fid=4) not available, trying Charger 5 (fid=59)",1287.8956519505434,5,,
Car 699,,,,,4,switch,,"Charger 4 (fid=2) not available, trying Charger 6 (fid=64)",1288.6848187807516,6,,
Car 712,,,,,4,switch,,"Charger 4 (fid=2) not available, trying Charger 1 (fid=40)",1289.294018826558,1,,
Car 717,,,,63,,arrived,,arrived,1289.4121238238001,,,
Car 710,,,,,2,switch,,"Charger 2 (fid=71) not available, trying Charger 0 (fid=6)",1290.575304902408,0,,
Car 702,,,,,2,switch,,"Charger 2 (fid=71) not available, trying Charger 4 (fid=2)",1290.8885739280627,4,,
Car 718,,,,8,,arrived,,arrived,1290.967457890047,,,
Car 708,,,,,1,switch,,"Charger 1 (fid=40) not available, trying Charger 5 (fid=59)",1291.1987694886413,5,,
Car 700,,,,,,gave_up,6,"no alternate charger available, gave up",1291.4634968614178,,,
Car 655,110.0,10,3,,,done,,done charging,1292.0573629328358,,,156.79961921192597
Car 713,,10,3,,,start_charge,,starting to charge at Charger 3 (fid=10),1292.0573629328358,,13.897304551068146,
Car 716,,,,,7,switch,,"Charger 7 (fid=4) not available, trying Charger 3 (fid=10)",1292.4976594987243,3,,
Car 696,,,,,,gave_up,7,"no alternate charger available, gave up",1292.5751378939785,,,
Car 709,,,,,7,switch,,"Charger 7 (fid=4) not available, trying Charger 4 (fid=2)",1293.5045810942338,4,,
Car 711,,,,,0,switch,,"Charger 0 (fid=6) not available, trying Charger 2 (fid=71)",1294.0267416701909,2,,
Car 717,,,,,7,switch,,"Charger 7 (fid=4) not available, trying Charger 3 (fid=10)",1294.4121238238001,3,,
Car 719,,,,64,,arrived,,arrived,1294.8576081341218,,,
Car 699,,,,,,gave_up,6,"no alternate charger available, gave up",1294.92914407062,,,
Car 718,,,,,3,switch,,"Charger 3 (fid=10) not available, trying Charger 7 (fid=4)",1295.967457890047,7,,
Car 714,,,,,2,switch,,"Charger 2 (fid=71) not available, trying Charger 0 (fid=6)",1296.2687909577728,0,,
Car 710,,,,,0,switch,,"Charger 0 (fid=6) not available, trying Charger 5 (fid=59)",1297.207652080563,5,,
Car 720,,,,4,,arrived,,arrived,1297.9127659038327,,,
Car 712,,,,,1,switch,,"Charger 1 (fid=40) not available, trying Charger 6 (fid=64)",1298.0797030767744,6,,
Car 708,,,,,5,switch,,"Charger 5 (fid=59) not available, trying Charger 4 (fid=2)",1298.7089605728172,4,,
Car 707,,,,,5,switch,,"Charger 5 (fid=59) not available, trying Charger 4 (fid=2)",1299.1346291860677,4,,
Car 716,,,,,3,switch,,"Charger 3 (fid=10) not available, trying Charger 2 (fid=71)",1299.189066223208,2,,
Car 721,,,,22,,arrived,,arrived,1299.2776545914098,,,
Car 719,,,,,6,switch,,"Charger 6 (fid=64) not available, trying Charger 4 (fid=2)",1299.8576081341218,4,,
Car 702,,,,,4,switch,,"Charger 4 (fid=2) not available, trying Charger 6 (fid=64)",1300.5952937783247,6,,
Car 711,,,,,2,switch,,"Charger 2 (fid=71) not available, trying Charger 1 (fid=40)",1300.6590888483458,1,,
Car 722,,,,4,,arrived,,arrived,1300.8302397529035,,,
Car 717,,,,,3,switch,,"Charger 3 (fid=10) not available, trying Charger 1 (fid=40)",1301.103530548284,1,,
Car 723,,,,11,,arrived,,arrived,1302.2470090429422,,,
Car 718,,,,,7,switch,,"Charger 7 (fid=4) not available, trying Charger 1 (fid=40)",1302.6588646145308,1,,
Car 714,,,,,0,switch,,"Charger 0 (fid=6) not available, trying Charger 1 (fid=40)",1302.9011381359278,1,,
Car 720,,,,,0,switch,,"Charger 0 (fid=6) not available, trying Charger 1 (fid=40)",1302.9127659038327,1,,
Car 721,,,,,2,switch,,"Charger 2 (fid=71) not available, trying Charger 0 (fid=6)",1304.2776545914098,0,,
Car 710,,,,,5,switch,,"Charger 5 (fid=59) not available, trying Charger 4 (fid=2)",1305.210994987803,4,,
Car 708,,,,,4,switch,,"Charger 4 (fid=2) not available, trying Charger 6 (fid=64)",1305.2281839386535,6,,
Car 709,,,,,4,switch,,"Charger 4 (fid=2) not available, trying Charger 5 (fid=59)",1305.5788276071066,5,,
Car 707,,,,,4,switch,,"Charger 4 (fid=2) not available, trying Charger 6 (fid=64)",1305.653852551904,6,,
Car 722,,,,,0,switch,,"Charger 0 (fid=6) not available, trying Charger 1 (fid=40)",1305.8302397529035,1,,
Car 719,,,,,4,switch,,"Charger 4 (fid=2) not available, trying Charger 5 (fid=59)",1306.1019334239902,5,,
Car 702,,,,,,gave_up,6,"no alternate charger available, gave up",1306.839619068193,,,
Car 712,,,,,6,switch,,"Charger 6 (fid=64) not available, trying Charger 2 (fid=71)",1306.9323791349705,2,,
Car 724,,,,41,,arrived,,arrived,1307.2007607345631,,,
Car 723,,,,,0,switch,,"Charger 0 (fid=6) not available, trying Charger 3 (fid=10)",1307.2470090429422,3,,
Car 716,,,,,2,switch,,"Charger 2 (fid=71) not available, trying Charger 0 (fid=6)",1307.8141281035653,0,,
Car 717,,,,,1,switch,,"Charger 1 (fid=40) not available, trying Charger 2 (fid=71)",1308.561348278483,2,,
Car 711,,,,,1,switch,,"Charger 1 (fid=40) not available, trying Charger 3 (fid=10)",1309.4567340780857,3,,
Car 714,,,,,1,switch,,"Charger 1 (fid=40) not available, trying Charger 5 (fid=59)",1310.3916746009952,5,,
Car 720,,,,,1,switch,,"Charger 1 (fid=40) not available, trying Charger 5 (fid=59)",1310.4033023689,5,,
Car 721,,,,,0,switch,,"Charger 0 (fid=6) not available, trying Charger 7 (fid=4)",1310.9100017695648,7,,
Car 708,,,,,,gave_up,6,"no alternate charger available, gave up",1311.4725092285219,,,
Car 718,,,,,1,switch,,"Charger 1 (fid=40) not available, trying Charger 2 (fid=71)",1311.6547534750614,2,,
Car 710,,,,,4,switch,,"Charger 4 (fid=2) not available, trying Charger 6 (fid=64)",1311.7302183536392,6,,
Car 707,,,,,,gave_up,6,"no alternate charger available, gave up",1311.8981778417724,,,
Car 709,,,,,5,switch,,"Charger 5 (fid=59) not available, trying Charger 6 (fid=64)",1312.098050972943,6,,
Car 724,,,,,7,switch,,"Charger 7 (fid=4) not available, trying Charger 2 (fid=71)",1312.2007607345631,2,,
Car 719,,,,,5,switch,,"Charger 5 (fid=59) not available, trying Charger 1 (fid=40)",1312.6211567898265,1,,
Car 722,,,,,1,switch,,"Charger 1 (fid=40) not available, trying Charger 5 (fid=59)",1313.320776217971,5,,
Car 645,88.0,4,7,,,done,,done charging,1313.5948824163274,,,378.9178625190627
Car 716,,,,,0,switch,,"Charger 0 (fid=6) not available, trying Charger 1 (fid=40)",1314.4464752817203,1,,
Car 721,,4,7,,,start_charge,,starting to charge at Charger 7 (fid=4),1314.9251209651177,,10.0,
Car 725,,,,5,,arrived,,arrived,1315.283514807063,,,
Car 723,,,,,3,switch,,"Charger 3 (fid=10) not available, trying Charger 2 (fid=71)",1315.5965463754899,2,,
Car 726,,,,4,,arrived,,arrived,1315.7855910365656,,,
Car 727,,,,58,,arrived,,arrived,1316.0445809799155,,,
Car 711,,,,,3,switch,,"Charger 3 (fid=10) not available, trying Charger 7 (fid=4)",1316.9145518082846,7,,
Car 728,,,,64,,arrived,,arrived,1317.2830606462874,,,
Car 717,,,,,2,switch,,"Charger 2 (fid=71) not available, trying Charger 0 (fid=6)",1317.3589935082227,0,,
Car 729,,,,30,,arrived,,arrived,1317.388100913992,,,
Car 712,,,,,2,switch,,"Charger 2 (fid=71) not available, trying Charger 3 (fid=10)",1317.5933348398362,3,,
Car 714,,,,,5,switch,,"Charger 5 (fid=59) not available, trying Charger 4 (fid=2)",1317.901865685171,4,,
Car 720,,,,,5,switch,,"Charger 5 (fid=59) not available, trying Charger 2 (fid=71)",1317.913493453076,2,,
Car 710,,,,,,gave_up,6,"no alternate charger available, gave up",1317.9745436435076,,,
Car 730,,,,60,,arrived,,arrived,1318.2405476012698,,,
Car 709,,,,,,gave_up,6,"no alternate charger available, gave up",1318.4527051038847,,,
Car 719,,,,,1,switch,,"Charger 1 (fid=40) not available, trying Charger 0 (fid=6)",1320.1313478740024,0,,
Car 725,,,,,6,switch,,"Charger 6 (fid=64) not available, trying Charger 5 (fid=59)",1320.283514807063,5,,
Car 718,,,,,2,switch,,"Charger 2 (fid=71) not available, trying Charger 0 (fid=6)",1320.4523987048012,0,,
Car 724,,,,,2,switch,,"Charger 2 (fid=71) not available, trying Charger 3 (fid=10)",1320.7442368127188,3,,
Car 726,,,,,7,switch,,"Charger 7 (fid=4) not available, trying Charger 3 (fid=10)",1320.7855910365656,3,,
Car 722,,,,,5,switch,,"Charger 5 (fid=59) not available, trying Charger 2 (fid=71)",1320.8309673021467,2,,
Car 727,,,,,5,switch,,"Charger 5 (fid=59) not available, trying Charger 6 (fid=64)",1321.0445809799155,6,,
Car 731,,,,30,,arrived,,arrived,1321.7297469922858,,,
Car 716,,,,,1,switch,,"Charger 1 (fid=40) not available, trying Charger 5 (fid=59)",1321.9370117467877,5,,
Car 728,,,,,6,switch,,"Charger 6 (fid=64) not available, trying Charger 4 (fid=2)",1322.2830606462874,4,,
Car 729,,,,,2,switch,,"Charger 2 (fid=71) not available, trying Charger 7 (fid=4)",1322.388100913992,7,,
Car 732,,,,40,,arrived,,arrived,1322.661151523947,,,
Car 730,,,,,1,switch,,"Charger 1 (fid=40) not available, trying Charger 0 (fid=6)",1323.2405476012698,0,,
Car 711,,,,,,gave_up,7,"no alternate charger available, gave up",1323.6059585327685,,,
Car 717,,,,,0,switch,,"Charger 0 (fid=6) not available, trying Charger 5 (fid=59)",1323.9913406863777,5,,
Car 723,,,,,2,switch,,"Charger 2 (fid=71) not available, trying Charger 1 (fid=40)",1324.221608255847,1,,
Car 714,,,,,4,switch,,"Charger 4 (fid=2) not available, trying Charger 6 (fid=64)",1324.4210890510074,6,,
Car 733,,,,3,,arrived,,arrived,1326.1403321950231,,,
Car 712,,,,,3,switch,,"Charger 3 (fid=10) not available, trying Charger 7 (fid=4)",1326.2183967201934,7,,
Car 725,,,,,5,switch,,"Charger 5 (fid=59) not available, trying Charger 4 (fid=2)",1326.6381689380048,4,,
Car 731,,,,,2,switch,,"Charger 2 (fid=71) not available, trying Charger 0 (fid=6)",1326.7297469922858,0,,
Car 698,87.0,71,2,,,done,,done charging,1327.0829460285186,,,23.72511658561113
Car 720,,71,2,,,start_charge,,starting to charge at Charger 2 (fid=71),1327.0829460285186,,19.540525995819507,
Car 718,,,,,0,switch,,"Charger 0 (fid=6) not available, trying Charger 5 (fid=59)",1327.0847458829562,5,,
Car 727,,,,,6,switch,,"Charger 6 (fid=64) not available, trying Charger 4 (fid=2)",1327.3992351108573,4,,
Car 726,,,,,3,switch,,"Charger 3 (fid=10) not available, trying Charger 2 (fid=71)",1327.4769977610495,2,,
Car 719,,,,,0,switch,,"Charger 0 (fid=6) not available, trying Charger 2 (fid=71)",1327.6218843390698,2,,
Car 732,,,,,1,switch,,"Charger 1 (fid=40) not available, trying Charger 3 (fid=10)",1327.661151523947,3,,
Car 728,,,,,4,switch,,"Charger 4 (fid=2) not available, trying Charger 5 (fid=59)",1328.5273859361557,5,,
Car 724,,,,,3,switch,,"Charger 3 (fid=10) not available, trying Charger 0 (fid=6)",1329.369298693076,0,,
Car 716,,,,,5,switch,,"Charger 5 (fid=59) not available, trying Charger 4 (fid=2)",1329.4472028309635,4,,
Car 722,,,,,2,switch,,"Charger 2 (fid=71) not available, trying Charger 4 (fid=2)",1330.4598938817699,4,,
Car 714,,,,,,gave_up,6,"no alternate charger available, gave up",1330.6654143408757,,,
Car 730,,,,,0,switch,,"Charger 0 (fid=6) not available, trying Charger 3 (fid=10)",1330.7310840663372,3,,
Car 729,,,,,7,switch,,"Charger 7 (fid=4) not available, trying Charger 3 (fid=10)",1330.9315769921477,3,,
Car 733,,,,,1,switch,,"Charger 1 (fid=40) not available, trying Charger 5 (fid=59)",1331.1403321950231,5,,
Car 734,,,,55,,arrived,,arrived,1331.2671021389772,,,
Car 717,,,,,5,switch,,"Charger 5 (fid=59) not available, trying Charger 4 (fid=2)",1331.9946835936175,4,,
Car 735,,,,4,,arrived,,arrived,1332.0972951879846,,,
Car 736,,,,13,,arrived,,arrived,1332.575479687727,,,
Car 712,,,,,,gave_up,7,"no alternate charger available, gave up",1332.9098034446772,,,
Car 723,,,,,1,switch,,"Charger 1 (fid=40) not available, trying Charger 7 (fid=4)",1333.019253485587,7,,
Car 725,,,,,4,switch,,"Charger 4 (fid=2) not available, trying Charger 1 (fid=40)",1333.157392303841,1,,
Car 731,,,,,0,switch,,"Charger 0 (fid=6) not available, trying Charger 3 (fid=10)",1333.3620941704407,3,,
Car 727,,,,,4,switch,,"Charger 4 (fid=2) not available, trying Charger 1 (fid=40)",1333.6435604007256,1,,
Car 719,,,,,2,switch,,"Charger 2 (fid=71) not available, trying Charger 3 (fid=10)",1334.2542315172248,3,,
Car 728,,,,,5,switch,,"Charger 5 (fid=59) not available, trying Charger 1 (fid=40)",1335.046609301992,1,,
Car 718,,,,,5,switch,,"Charger 5 (fid=59) not available, trying Charger 4 (fid=2)",1335.088088790196,4,,
Car 732,,,,,3,switch,,"Charger 3 (fid=10) not available, trying Charger 0 (fid=6)",1335.118969254146,0,,
Car 716,,,,,4,switch,,"Charger 4 (fid=2) not available, trying Charger 6 (fid=64)",1335.9664261967998,6,,
Car 726,,,,,2,switch,,"Charger 2 (fid=71) not available, trying Charger 1 (fid=40)",1336.1020596414066,1,,
Car 734,,,,,2,switch,,"Charger 2 (fid=71) not available, trying Charger 0 (fid=6)",1336.2671021389772,0,,
Car 706,59.0,6,0,,,done,,done charging,1336.7102933201968,,,341.9145305905852
Car 724,,6,0,,,start_charge,,starting to charge at Charger 0 (fid=6),1336.7102933201968,,18.991457294573138,
Car 735,,,,,7,switch,,"Charger 7 (fid=4) not available, trying Charger 3 (fid=10)",1337.0972951879846,3,,
Car 736,,,,,2,switch,,"Charger 2 (fid=71) not available, trying Charger 0 (fid=6)",1337.575479687727,0,,
Car 729,,,,,3,switch,,"Charger 3 (fid=10) not available, trying Charger 0 (fid=6)",1337.6229837166316,0,,
Car 691,62.0,64,6,,,done,,done charging,1338.0394062565756,,,495.1345883949056
Car 716,,64,6,,,start_charge,,starting to charge at Charger 6 (fid=64),1338.0394062565756,,35.828654769907416,
Car 713,46.0,10,3,,,done,,done charging,1338.0573629328358,,,321.21622727534304
Car 730,,10,3,,,start_charge,,starting to charge at Charger 3 (fid=10),1338.0573629328358,,13.976741533950872,
Car 717,,,,,4,switch,,"Charger 4 (fid=2) not available, trying Charger 6 (fid=64)",1338.5139069594538,6,,
Car 733,,,,,5,switch,,"Charger 5 (fid=59) not available, trying Charger 0 (fid=6)",1338.650523279199,0,,
Car 737,,,,84,,arrived,,arrived,1339.3757385921037,,,
Car 738,,,,11,,arrived,,arrived,1339.5086079487949,,,
Car 722,,,,,4,switch,,"Charger 4 (fid=2) not available, trying Charger 3 (fid=10)",1340.166613732032,3,,
Car 739,,,,30,,arrived,,arrived,1340.3702243901723,,,
Car 685,108.0,4,7,,,done,,done charging,1341.0666470251626,,,229.26503533247023
Car 723,,4,7,,,start_charge,,starting to charge at Charger 7 (fid=4),1341.0666470251626,,24.051504679045138,
Car 718,,,,,4,switch,,"Charger 4 (fid=2) not available, trying Charger 6 (fid=64)",1341.6073121560323,6,,
Car 731,,,,,3,switch,,"Charger 3 (fid=10) not available, trying Charger 7 (fid=4)",1341.7116315029884,7,,
Car 725,,,,,1,switch,,"Charger 1 (fid=40) not available, trying Charger 0 (fid=6)",1341.9430765540576,0,,
Car 740,,,,73,,arrived,,arrived,1342.1222475529235,,,
Car 727,,,,,1,switch,,"Charger 1 (fid=40) not available, trying Charger 0 (fid=6)",1342.429244650942,0,,
Car 728,,,,,1,switch,,"Charger 1 (fid=40) not available, trying Charger 0 (fid=6)",1342.5568003861679,0,,
Car 719,,,,,3,switch,,"Charger 3 (fid=10) not available, trying Charger 7 (fid=4)",1342.879293397582,7,,
Car 734,,,,,0,switch,,"Charger 0 (fid=6) not available, trying Charger 7 (fid=4)",1342.8994493171322,7,,
Car 732,,,,,0,switch,,"Charger 0 (fid=6) not available, trying Charger 5 (fid=59)",1343.4685065866936,5,,
Car 735,,,,,3,switch,,"Charger 3 (fid=10) not available, trying Charger 2 (fid=71)",1343.7887019124685,2,,
Car 705,59.0,71,2,,,done,,done charging,1343.9202094523343,,,233.69468109053474
Car 739,,71,2,,,start_charge,,starting to charge at Charger 2 (fid=71),1343.9202094523343,,3.5499850621620226,
Car 736,,,,,0,switch,,"Charger 0 (fid=6) not available, trying Charger 7 (fid=4)",1344.207826865882,7,,
Car 737,,,,,4,switch,,"Charger 4 (fid=2) not available, trying Charger 6 (fid=64)",1344.3757385921037,6,,
Car 738,,,,,0,switch,,"Charger 0 (fid=6) not available, trying Charger 3 (fid=10)",1344.5086079487949,3,,
Car 678,100.0,2,4,,,done,,done charging,1344.54234330877,,,253.84030414811593
Car 717,,,,,,gave_up,6,"no alternate charger available, gave up",1344.7582322493222,,,
Car 726,,,,,1,switch,,"Charger 1 (fid=40) not available, trying Charger 0 (fid=6)",1344.8997048711465,0,,
Car 683,94.0,59,5,,,done,,done charging,1345.247752065989,,,375.30422765670266
Car 729,,,,,0,switch,,"Charger 0 (fid=6) not available, trying Charger 1 (fid=40)",1345.9725210491792,1,,
Car 732,,59,5,,,start_charge,,starting to charge at Charger 5 (fid=59),1346.4718494939334,,15.0,
Car 733,,,,,0,switch,,"Charger 0 (fid=6) not available, trying Charger 6 (fid=64)",1346.6538661864388,6,,
Car 740,,,,,3,switch,,"Charger 3 (fid=10) not available, trying Charger 7 (fid=4)",1347.1222475529235,7,,
Car 741,,,,85,,arrived,,arrived,1347.222250339172,,,
Car 741,,2,4,,,start_charge,,starting to charge at Charger 4 (fid=2),1347.222250339172,,0.0,
Car 742,,,,60,,arrived,,arrived,1347.3446630955377,,,
Car 718,,,,,,gave_up,6,"no alternate charger available, gave up",1347.8516374459007,,,
Car 731,,,,,7,switch,,"Charger 7 (fid=4) not available, trying Charger 1 (fid=40)",1348.4030382274723,1,,
Car 697,106.0,10,3,,,done,,done charging,1348.5918798729733,,,158.97120089500152
Car 722,,10,3,,,start_charge,,starting to charge at Charger 3 (fid=10),1348.5918798729733,,27.47903529125756,
Car 725,,,,,0,switch,,"Charger 0 (fid=6) not available, trying Charger 2 (fid=71)",1349.433613019125,2,,
Car 719,,,,,,gave_up,7,"no alternate charger available, gave up",1349.5707001220658,,,
Car 727,,,,,0,switch,,"Charger 0 (fid=6) not available, trying Charger 2 (fid=71)",1349.9197811160095,2,,
Car 728,,,,,0,switch,,"Charger 0 (fid=6) not available, trying Charger 2 (fid=71)",1350.0473368512353,2,,
Car 737,,,,,6,switch,,"Charger 6 (fid=64) not available, trying Charger 5 (fid=59)",1350.620063881972,5,,
Car 743,,,,8,,arrived,,arrived,1351.4708761926356,,,
Car 734,,,,,7,switch,,"Charger 7 (fid=4) not available, trying Charger 3 (fid=10)",1351.914568512685,3,,
Car 742,,,,,1,switch,,"Charger 1 (fid=40) not available, trying Charger 0 (fid=6)",1352.3446630955377,0,,
Car 726,,,,,0,switch,,"Charger 0 (fid=6) not available, trying Charger 5 (fid=59)",1352.3902413362139,5,,
Car 735,,,,,2,switch,,"Charger 2 (fid=71) not available, trying Charger 1 (fid=40)",1352.4137637928256,1,,
Car 738,,,,,3,switch,,"Charger 3 (fid=10) not available, trying Charger 2 (fid=71)",1352.8581452813426,2,,
Car 736,,,,,7,switch,,"Charger 7 (fid=4) not available, trying Charger 3 (fid=10)",1353.2229460614349,3,,
Car 729,,,,,1,switch,,"Charger 1 (fid=40) not available, trying Charger 5 (fid=59)",1353.4630575142467,5,,
Car 740,,,,,7,switch,,"Charger 7 (fid=4) not available, trying Charger 1 (fid=40)",1353.8136542774073,1,,
Car 733,,,,,6,switch,,"Charger 6 (fid=64) not available, trying Charger 3 (fid=10)",1355.750362286628,3,,
Car 725,,,,,2,switch,,"Charger 2 (fid=71) not available, trying Charger 3 (fid=10)",1356.06596019728,3,,
Car 743,,,,,3,switch,,"Charger 3 (fid=10) not available, trying Charger 7 (fid=4)",1356.4708761926356,7,,
Car 727,,,,,2,switch,,"Charger 2 (fid=71) not available, trying Charger 3 (fid=10)",1356.5521282941645,3,,
Car 728,,,,,2,switch,,"Charger 2 (fid=71) not available, trying Charger 3 (fid=10)",1356.6796840293903,3,,
Car 701,110.0,6,0,,,done,,done charging,1356.6829916153954,,,104.43132121159964
Car 742,,6,0,,,start_charge,,starting to charge at Charger 0 (fid=6),1356.6829916153954,,6.847792054790261,
Car 737,,,,,5,switch,,"Charger 5 (fid=59) not available, trying Charger 0 (fid=6)",1356.9747180129139,0,,
Car 676,108.0,64,6,,,done,,done charging,1357.3674109691256,,,517.7306028215772
Car 731,,,,,1,switch,,"Charger 1 (fid=40) not available, trying Charger 5 (fid=59)",1357.398927088003,5,,
Car 734,,,,,3,switch,,"Charger 3 (fid=10) not available, trying Charger 1 (fid=40)",1358.6059752371689,1,,
Car 736,,,,,3,switch,,"Charger 3 (fid=10) not available, trying Charger 1 (fid=40)",1359.9143527859187,1,,
Car 726,,,,,5,switch,,"Charger 5 (fid=59) not available, trying Charger 4 (fid=2)",1360.3935842434537,4,,
Car 729,,,,,5,switch,,"Charger 5 (fid=59) not available, trying Charger 4 (fid=2)",1360.9732485984225,4,,
Car 735,,,,,1,switch,,"Charger 1 (fid=40) not available, trying Charger 0 (fid=6)",1361.2114090225655,0,,
Car 738,,,,,2,switch,,"Charger 2 (fid=71) not available, trying Charger 1 (fid=40)",1361.4832071616997,1,,
Car 740,,,,,1,switch,,"Charger 1 (fid=40) not available, trying Charger 2 (fid=71)",1362.809543137938,2,,
Car 743,,,,,7,switch,,"Charger 7 (fid=4) not available, trying Charger 1 (fid=40)",1363.1622829171195,1,,
Car 725,,,,,3,switch,,"Charger 3 (fid=10) not available, trying Charger 7 (fid=4)",1364.6910220776372,7,,
Car 731,,,,,5,switch,,"Charger 5 (fid=59) not available, trying Charger 4 (fid=2)",1364.9091181721788,4,,
Car 737,,,,,0,switch,,"Charger 0 (fid=6) not available, trying Charger 1 (fid=40)",1364.9780609201537,1,,
Car 727,,,,,3,switch,,"Charger 3 (fid=10) not available, trying Charger 7 (fid=4)",1365.1771901745217,7,,
Car 728,,,,,3,switch,,"Charger 3 (fid=10) not available, trying Charger 7 (fid=4)",1365.3047459097475,7,,
Car 734,,,,,1,switch,,"Charger 1 (fid=40) not available, trying Charger 5 (fid=59)",1366.0637929673678,5,,
Car 726,,,,,4,switch,,"Charger 4 (fid=2) not available, trying Charger 6 (fid=64)",1366.91280760929,6,,
Car 733,,,,,3,switch,,"Charger 3 (fid=10) not available, trying Charger 4 (fid=2)",1366.9899097147477,4,,
Car 736,,,,,1,switch,,"Charger 1 (fid=40) not available, trying Charger 5 (fid=59)",1367.3721705161176,5,,
Car 729,,,,,4,switch,,"Charger 4 (fid=2) not available, trying Charger 6 (fid=64)",1367.4924719642588,6,,
Car 744,,,,27,,arrived,,arrived,1367.6874095137553,,,
Car 726,,64,6,,,start_charge,,starting to charge at Charger 6 (fid=64),1368.1571328991583,,35.0,
Car 735,,,,,0,switch,,"Charger 0 (fid=6) not available, trying Charger 5 (fid=59)",1368.7019454876329,5,,
Car 738,,,,,1,switch,,"Charger 1 (fid=40) not available, trying Charger 7 (fid=4)",1370.2808523914396,7,,
Car 725,,,,,,gave_up,7,"no alternate charger available, gave up",1371.382428802121,,,
Car 731,,,,,4,switch,,"Charger 4 (fid=2) not available, trying Charger 6 (fid=64)",1371.428341538015,6,,
Car 740,,,,,2,switch,,"Charger 2 (fid=71) not available, trying Charger 0 (fid=6)",1371.6071883676777,0,,
Car 727,,,,,,gave_up,7,"no alternate charger available, gave up",1371.8685968990055,,,
Car 728,,,,,,gave_up,7,"no alternate charger available, gave up",1371.9961526342313,,,
Car 743,,,,,1,switch,,"Charger 1 (fid=40) not available, trying Charger 2 (fid=71)",1372.15817177765,2,,
Car 737,,,,,1,switch,,"Charger 1 (fid=40) not available, trying Charger 2 (fid=71)",1372.468597385221,2,,
Car 744,,,,,2,switch,,"Charger 2 (fid=71) not available, trying Charger 0 (fid=6)",1372.6874095137553,0,,
Car 745,,,,68,,arrived,,arrived,1372.9699311043116,,,
Car 734,,,,,5,switch,,"Charger 5 (fid=59) not available, trying Charger 4 (fid=2)",1373.5739840515437,4,,
Car 729,,,,,,gave_up,6,"no alternate charger available, gave up",1373.7367972541272,,,
Car 736,,,,,5,switch,,"Charger 5 (fid=59) not available, trying Charger 4 (fid=2)",1374.8823616002935,4,,
Car 735,,,,,5,switch,,"Charger 5 (fid=59) not available, trying Charger 4 (fid=2)",1376.7052883948727,4,,
Car 704,98.0,40,1,,,done,,done charging,1377.4804037585159,,,361.4367347406535
Car 731,,,,,,gave_up,6,"no alternate charger available, gave up",1377.6726668278834,,,
Car 733,,,,,4,switch,,"Charger 4 (fid=2) not available, trying Charger 2 (fid=71)",1377.9361405644315,2,,
Car 745,,,,,2,switch,,"Charger 2 (fid=71) not available, trying Charger 0 (fid=6)",1377.9699311043116,0,,
Car 740,,,,,0,switch,,"Charger 0 (fid=6) not available, trying Charger 5 (fid=59)",1378.2395355458327,5,,
Car 738,,,,,7,switch,,"Charger 7 (fid=4) not available, trying Charger 5 (fid=59)",1379.2767412519702,5,,
Car 744,,,,,0,switch,,"Charger 0 (fid=6) not available, trying Charger 1 (fid=40)",1379.3197566919102,1,,
Car 734,,,,,4,switch,,"Charger 4 (fid=2) not available, trying Charger 6 (fid=64)",1380.09320741738,6,,
Car 743,,,,,2,switch,,"Charger 2 (fid=71) not available, trying Charger 0 (fid=6)",1380.95581700739,0,,
Car 737,,,,,2,switch,,"Charger 2 (fid=71) not available, trying Charger 3 (fid=10)",1381.266242614961,3,,
Car 736,,,,,4,switch,,"Charger 4 (fid=2) not available, trying Charger 6 (fid=64)",1381.4015849661298,6,,
Car 744,,40,1,,,start_charge,,starting to charge at Charger 1 (fid=40),1381.8102931569777,,10.0,
Car 715,97.0,40,1,,,done,,done charging,1382.050310127227,,,68.53645953069422
Car 735,,,,,4,switch,,"Charger 4 (fid=2) not available, trying Charger 6 (fid=64)",1383.224511760709,6,,
Car 745,,,,,0,switch,,"Charger 0 (fid=6) not available, trying Charger 7 (fid=4)",1384.6022782824666,7,,
Car 703,98.0,59,5,,,done,,done charging,1385.316955716913,,,460.83475444565744
Car 740,,59,5,,,start_charge,,starting to charge at Charger 5 (fid=59),1385.316955716913,,29.074077263840536,
Car 734,,,,,,gave_up,6,"no alternate charger available, gave up",1386.3375327072483,,,
Car 743,,,,,0,switch,,"Charger 0 (fid=6) not available, trying Charger 5 (fid=59)",1387.5881641855449,5,,
Car 733,,,,,2,switch,,"Charger 2 (fid=71) not available, trying Charger 7 (fid=4)",1387.6428604146936,7,,
Car 736,,,,,,gave_up,6,"no alternate charger available, gave up",1387.6459102559982,,,
Car 735,,,,,,gave_up,6,"no alternate charger available, gave up",1389.4688370505773,,,
Car 687,120.0,2,4,,,done,,done charging,1389.6510478823132,,,341.8960554116018
Car 737,,,,,3,switch,,"Charger 3 (fid=10) not available, trying Charger 7 (fid=4)",1389.891304495318,7,,
Car 738,,,,,5,switch,,"Charger 5 (fid=59) not available, trying Charger 4 (fid=2)",1390.5157184874945,4,,
Car 738,,2,4,,,start_charge,,starting to charge at Charger 4 (fid=2),1392.0349418533308,,30.0,
Car 745,,,,,7,switch,,"Charger 7 (fid=4) not available, trying Charger 3 (fid=10)",1393.6173974780195,3,,
Car 730,56.0,10,3,,,done,,done charging,1394.0573629328358,,,199.18213390010527
Car 746,,,,56,,arrived,,arrived,1395.2783504793426,,,
Car 745,,10,3,,,start_charge,,starting to charge at Charger 3 (fid=10),1395.3088042025033,,15.0,
Car 743,,,,,5,switch,,"Charger 5 (fid=59) not available, trying Charger 4 (fid=2)",1395.5915070927847,4,,
Car 733,,,,,,gave_up,7,"no alternate charger available, gave up",1396.1863364928493,,,
Car 737,,,,,,gave_up,7,"no alternate charger available, gave up",1396.582711219802,,,
Car 722,48.0,10,3,,,done,,done charging,1396.5918798729733,,,253.9151241064585
Car 747,,,,8,,arrived,,arrived,1398.7339257524463,,,
Car 747,,10,3,,,start_charge,,starting to charge at Charger 3 (fid=10),1398.7339257524463,,0.0,
Car 720,73.0,71,2,,,done,,done charging,1400.0829460285186,,,215.23398036788066
Car 746,,71,2,,,start_charge,,starting to charge at Charger 2 (fid=71),1400.0829460285186,,4.804595549175929,
Car 748,,,,39,,arrived,,arrived,1400.6364225768934,,,
Car 748,,40,1,,,start_charge,,starting to charge at Charger 1 (fid=40),1400.6364225768934,,0.0,
Car 743,,,,,4,switch,,"Charger 4 (fid=2) not available, trying Charger 6 (fid=64)",1402.110730458621,6,,
Car 739,59.0,71,2,,,done,,done charging,1402.9202094523343,,,204.22028939361104
Car 743,,,,,,gave_up,6,"no alternate charger available, gave up",1408.3550557484893,,,
Car 721,97.0,4,7,,,done,,done charging,1411.9251209651177,,,273.37743904723334
Car 732,72.0,59,5,,,done,,done charging,1418.4718494939334,,,209.0989173118582
Car 724,83.0,6,0,,,done,,done charging,1419.7102933201968,,,329.0984012480226
Car 749,,,,56,,arrived,,arrived,1420.3600728790577,,,
Car 749,,71,2,,,start_charge,,starting to charge at Charger 2 (fid=71),1420.3600728790577,,0.0,
Car 750,,,,45,,arrived,,arrived,1422.7488234221764,,,
Car 751,,,,17,,arrived,,arrived,1424.136159405703,,,
Car 750,,,,,1,switch,,"Charger 1 (fid=40) not available, trying Charger 0 (fid=6)",1427.7488234221764,0,,
Car 751,,,,,2,switch,,"Charger 2 (fid=71) not available, trying Charger 7 (fid=4)",1429.136159405703,7,,
Car 750,,6,0,,,start_charge,,starting to charge at Charger 0 (fid=6),1430.2393598872438,,5.0,
Car 740,45.0,59,5,,,done,,done charging,1430.316955716913,,,406.93671395069964
Car 752,,,,64,,arrived,,arrived,1431.5996639660023,,,
Car 751,,4,7,,,start_charge,,starting to charge at Charger 7 (fid=4),1432.6796354838586,,5.0,
Car 741,86.0,2,4,,,done,,done charging,1433.222250339172,,,106.15117603207533
Car 752,,,,,6,switch,,"Charger 6 (fid=64) not available, trying Charger 4 (fid=2)",1436.5996639660023,4,,
Car 723,96.0,4,7,,,done,,done charging,1437.0666470251626,,,219.42623631874628
Car 752,,2,4,,,start_charge,,starting to charge at Charger 4 (fid=2),1437.8439892558706,,5.0,
