car,charge_time,charger_fid,charger_id,destination_fid,from_charger_id,kind,last_charger_id,msg,t,to_charger_id,waited,walking_dist_m
Car 0,,,,54,,arrived,,arrived,15.5350050175778,,,
Car 0,,19,5,,,start_charge,,starting to charge at Charger 5 (fid=19),15.5350050175778,,0.0,
Car 1,,,,10,,arrived,,arrived,18.198763564735646,,,
Car 1,,77,6,,,start_charge,,starting to charge at Charger 6 (fid=77),18.198763564735646,,0.0,
Car 2,,,,21,,arrived,,arrived,24.296048247024856,,,
Car 2,,52,7,,,start_charge,,starting to charge at Charger 7 (fid=52),24.296048247024856,,0.0,
Car 3,,,,73,,arrived,,arrived,25.2342948498507,,,
Car 3,,77,6,,,start_charge,,starting to charge at Charger 6 (fid=77),25.2342948498507,,0.0,
Car 4,,,,4,,arrived,,arrived,28.595817249141348,,,
Car 5,,,,69,,arrived,,arrived,30.67648328211651,,,
Car 5,,19,5,,,start_charge,,starting to charge at Charger 5 (fid=19),30.67648328211651,,0.0,
Car 4,,,,,6,switch,,"Charger 6 (fid=77) not available, trying Charger 7 (fid=52)",33.59581724914135,7,,
Car 6,,,,29,,arrived,,arrived,35.00292236730187,,,
Car 6,,22,0,,,start_charge,,starting to charge at Charger 0 (fid=22),35.00292236730187,,0.0,
Car 4,,52,7,,,start_charge,,starting to charge at Charger 7 (fid=52),35.16155486536604,,5.0,
Car 7,,,,78,,arrived,,arrived,45.477264176418146,,,
Car 8,,,,8,,arrived,,arrived,47.02791534208636,,,
Car 7,,,,,6,switch,,"Charger 6 (fid=77) not available, trying Charger 2 (fid=36)",50.477264176418146,2,,
Car 9,,,,80,,arrived,,arrived,50.665311091502886,,,
Car 9,,36,2,,,start_charge,,starting to charge at Charger 2 (fid=36),50.665311091502886,,0.0,
Car 8,,,,,6,switch,,"Charger 6 (fid=77) not available, trying Charger 2 (fid=36)",52.02791534208636,2,,
Car 7,,36,2,,,start_charge,,starting to charge at Charger 2 (fid=36),53.03256853697941,,5.0,
Car 10,,,,78,,arrived,,arrived,54.48677311172011,,,
Car 10,,,,,6,switch,,"Charger 6 (fid=77) not available, trying Charger 2 (fid=36)",59.48677311172011,2,,
Car 8,,,,,2,switch,,"Charger 2 (fid=36) not available, trying Charger 0 (fid=22)",59.583219702647625,0,,
Car 8,,22,0,,,start_charge,,starting to charge at Charger 0 (fid=22),61.726208076837736,,10.0,
Car 10,,,,,2,switch,,"Charger 2 (fid=36) not available, trying Charger 0 (fid=22)",67.04207747228138,0,,
Car 10,,,,,0,switch,,"Charger 0 (fid=22) not available, trying Charger 5 (fid=19)",74.18506584647149,5,,
Car 11,,,,70,,arrived,,arrived,75.03038048174643,,,
Car 3,50.0,77,6,,,done,,done charging,75.2342948498507,,,232.40106536760118
Car 12,,,,77,,arrived,,arrived,76.91027066398223,,,
Car 12,,77,6,,,start_charge,,starting to charge at Charger 6 (fid=77),76.91027066398223,,0.0,
Car 13,,,,26,,arrived,,arrived,78.60885415915996,,,
Car 11,,,,,5,switch,,"Charger 5 (fid=19) not available, trying Charger 2 (fid=36)",80.03038048174643,2,,
Car 10,,,,,5,switch,,"Charger 5 (fid=19) not available, trying Charger 3 (fid=53)",80.6457929994116,3,,
Car 1,65.0,77,6,,,done,,done charging,83.19876356473564,,,241.56954939932385
Car 13,,,,,0,switch,,"Charger 0 (fid=22) not available, trying Charger 5 (fid=19)",83.60885415915996,5,,
Car 10,,53,3,,,start_charge,,starting to charge at Charger 3 (fid=53),85.14930751735885,,20.0,
Car 11,,,,,2,switch,,"Charger 2 (fid=36) not available, trying Charger 0 (fid=22)",85.78323731487869,0,,
Car 2,62.0,52,7,,,done,,done charging,86.29604824702486,,,168.3159959243393
Car 13,,,,,5,switch,,"Charger 5 (fid=19) not available, trying Charger 2 (fid=36)",90.06958131210007,2,,
Car 14,,,,74,,arrived,,arrived,90.28121134904342,,,
Car 14,,52,7,,,start_charge,,starting to charge at Charger 7 (fid=52),90.28121134904342,,0.0,
Car 11,,,,,0,switch,,"Charger 0 (fid=22) not available, trying Charger 6 (fid=77)",92.9262256890688,6,,
Car 13,,,,,2,switch,,"Charger 2 (fid=36) not available, trying Charger 6 (fid=77)",95.82243814523233,6,,
Car 15,,,,57,,arrived,,arrived,97.1021398005199,,,
Car 11,,77,6,,,start_charge,,starting to charge at Charger 6 (fid=77),97.26433050052967,,15.0,
Car 0,84.0,19,5,,,done,,done charging,99.5350050175778,,,113.12609614496556
Car 15,,19,5,,,start_charge,,starting to charge at Charger 5 (fid=19),99.5350050175778,,2.432865217057909,
Car 13,,,,,6,switch,,"Charger 6 (fid=77) not available, trying Charger 7 (fid=52)",103.37774250579359,7,,
Car 16,,,,63,,arrived,,arrived,103.78990489560772,,,
Car 17,,,,63,,arrived,,arrived,105.34825224943344,,,
Car 18,,,,5,,arrived,,arrived,108.61303415979538,,,
Car 16,,,,,0,switch,,"Charger 0 (fid=22) not available, trying Charger 6 (fid=77)",108.78990489560772,6,,
Car 13,,,,,7,switch,,"Charger 7 (fid=52) not available, trying Charger 3 (fid=53)",109.94348012201829,3,,
Car 17,,,,,0,switch,,"Charger 0 (fid=22) not available, trying Charger 6 (fid=77)",110.34825224943344,6,,
Car 13,,53,3,,,start_charge,,starting to charge at Charger 3 (fid=53),110.96341674105012,,25.0,
Car 18,,,,,0,switch,,"Charger 0 (fid=22) not available, trying Charger 5 (fid=19)",113.61303415979538,5,,
Car 19,,,,81,,arrived,,arrived,114.12995702637497,,,
Car 20,,,,17,,arrived,,arrived,114.5847753580944,,,
Car 8,55.0,22,0,,,done,,done charging,116.72620807683774,,,292.5946298704231
Car 9,67.0,36,2,,,done,,done charging,117.66531109150289,,,52.380784959723385
Car 19,,36,2,,,start_charge,,starting to charge at Charger 2 (fid=36),117.66531109150289,,3.535354065127919,
Car 16,,,,,6,switch,,"Charger 6 (fid=77) not available, trying Charger 2 (fid=36)",118.12800970706859,2,,
Car 21,,,,61,,arrived,,arrived,118.96712856225918,,,
Car 20,,,,,2,switch,,"Charger 2 (fid=36) not available, trying Charger 5 (fid=19)",119.5847753580944,5,,
Car 17,,,,,6,switch,,"Charger 6 (fid=77) not available, trying Charger 2 (fid=36)",119.68635706089431,2,,
Car 18,,,,,5,switch,,"Charger 5 (fid=19) not available, trying Charger 2 (fid=36)",120.07376131273548,2,,
Car 21,,,,,6,switch,,"Charger 6 (fid=77) not available, trying Charger 3 (fid=53)",123.96712856225918,3,,
Car 20,,,,,5,switch,,"Charger 5 (fid=19) not available, trying Charger 6 (fid=77)",125.33763219122666,6,,
Car 16,,,,,2,switch,,"Charger 2 (fid=36) not available, trying Charger 5 (fid=19)",125.68331406762985,5,,
Car 18,,,,,2,switch,,"Charger 2 (fid=36) not available, trying Charger 6 (fid=77)",125.82661814586774,6,,
Car 22,,,,55,,arrived,,arrived,126.04207248410195,,,
Car 17,,,,,2,switch,,"Charger 2 (fid=36) not available, trying Charger 5 (fid=19)",127.24166142145558,5,,
Car 6,94.0,22,0,,,done,,done charging,129.00292236730186,,,110.740228485438
Car 21,,,,,3,switch,,"Charger 3 (fid=53) not available, trying Charger 7 (fid=52)",130.54015243272426,7,,
Car 22,,,,,5,switch,,"Charger 5 (fid=19) not available, trying Charger 2 (fid=36)",131.04207248410194,2,,
Car 16,,,,,5,switch,,"Charger 5 (fid=19) not available, trying Charger 3 (fid=53)",131.4361709007621,3,,
Car 17,,,,,5,switch,,"Charger 5 (fid=19) not available, trying Charger 3 (fid=53)",132.99451825458783,3,,
Car 18,,,,,6,switch,,"Charger 6 (fid=77) not available, trying Charger 7 (fid=52)",133.38192250642902,7,,
Car 20,,,,,6,switch,,"Charger 6 (fid=77) not available, trying Charger 0 (fid=22)",133.59083576107585,0,,
Car 23,,,,21,,arrived,,arrived,135.62953862351756,,,
Car 21,,,,,7,switch,,"Charger 7 (fid=52) not available, trying Charger 2 (fid=36)",136.5600890517561,2,,
Car 22,,,,,2,switch,,"Charger 2 (fid=36) not available, trying Charger 0 (fid=22)",136.7949293172342,0,,
Car 20,,22,0,,,start_charge,,starting to charge at Charger 0 (fid=22),137.9289405725367,,15.0,
Car 22,,22,0,,,start_charge,,starting to charge at Charger 0 (fid=22),138.9379176914243,,9.999999999999986,
Car 18,,,,,7,switch,,"Charger 7 (fid=52) not available, trying Charger 3 (fid=53)",139.9476601226537,3,,
Car 23,,,,,7,switch,,"Charger 7 (fid=52) not available, trying Charger 1 (fid=82)",140.62953862351756,1,,
Car 16,,,,,3,switch,,"Charger 3 (fid=53) not available, trying Charger 7 (fid=52)",140.93968541870936,7,,
Car 7,89.0,36,2,,,done,,done charging,142.0325685369794,,,351.8527932374653
Car 21,,36,2,,,start_charge,,starting to charge at Charger 2 (fid=36),142.0325685369794,,17.44414198818386,
Car 17,,,,,3,switch,,"Charger 3 (fid=53) not available, trying Charger 7 (fid=52)",142.49803277253508,7,,
Car 23,,82,1,,,start_charge,,starting to charge at Charger 1 (fid=82),143.2874563119847,,5.0,
Car 18,,,,,3,switch,,"Charger 3 (fid=53) not available, trying Charger 1 (fid=82)",145.96759674168555,1,,
Car 24,,,,51,,arrived,,arrived,146.05031012722702,,,
Car 4,111.0,52,7,,,done,,done charging,146.16155486536604,,,124.81751060246701
Car 16,,52,7,,,start_charge,,starting to charge at Charger 7 (fid=52),146.16155486536604,,29.20193282762483,
Car 5,116.0,19,5,,,done,,done charging,146.67648328211652,,,16.0105391851831
Car 25,,,,6,,arrived,,arrived,148.3285629271628,,,
Car 17,,,,,7,switch,,"Charger 7 (fid=52) not available, trying Charger 1 (fid=82)",148.51796939156694,1,,
Car 26,,,,82,,arrived,,arrived,148.620586593163,,,
Car 26,,82,1,,,start_charge,,starting to charge at Charger 1 (fid=82),148.620586593163,,0.0,
Car 24,,,,,3,switch,,"Charger 3 (fid=53) not available, trying Charger 6 (fid=77)",151.05031012722702,6,,
Car 25,,,,,2,switch,,"Charger 2 (fid=36) not available, trying Charger 6 (fid=77)",153.3285629271628,6,,
Car 12,77.0,77,6,,,done,,done charging,153.91027066398223,,,0.0
Car 24,,77,6,,,start_charge,,starting to charge at Charger 6 (fid=77),153.91027066398223,,6.286936666290131,
Car 14,64.0,52,7,,,done,,done charging,154.28121134904342,,,119.89765343822337
Car 18,,,,,1,switch,,"Charger 1 (fid=82) not available, trying Charger 4 (fid=86)",154.31181094902698,4,,
Car 18,,86,4,,,start_charge,,starting to charge at Charger 4 (fid=86),154.5942626573411,,35.0,
Car 10,70.0,53,3,,,done,,done charging,155.14930751735886,,,406.29026618045975
Car 17,,,,,1,switch,,"Charger 1 (fid=82) not available, trying Charger 4 (fid=86)",156.17588708003407,4,,
Car 17,,86,4,,,start_charge,,starting to charge at Charger 4 (fid=86),156.4583387883482,,35.0,
Car 27,,,,1,,arrived,,arrived,156.6532184066281,,,
Car 27,,52,7,,,start_charge,,starting to charge at Charger 7 (fid=52),156.6532184066281,,0.0,
Car 25,,,,,6,switch,,"Charger 6 (fid=77) not available, trying Charger 5 (fid=19)",160.88386728772406,5,,
Car 28,,,,9,,arrived,,arrived,161.03903591492647,,,
Car 25,,19,5,,,start_charge,,starting to charge at Charger 5 (fid=19),164.13707085757326,,10.0,
Car 28,,,,,6,switch,,"Charger 6 (fid=77) not available, trying Charger 2 (fid=36)",166.03903591492647,2,,
Car 29,,,,59,,arrived,,arrived,171.91859566629842,,,
Car 29,,53,3,,,start_charge,,starting to charge at Charger 3 (fid=53),171.91859566629842,,0.0,
Car 28,,,,,2,switch,,"Charger 2 (fid=36) not available, trying Charger 3 (fid=53)",173.59434027548775,3,,
Car 30,,,,84,,arrived,,arrived,173.9302972780796,,,
Car 31,,,,37,,arrived,,arrived,174.7806631942739,,,
Car 32,,,,11,,arrived,,arrived,177.99638206624553,,,
Car 30,,,,,1,switch,,"Charger 1 (fid=82) not available, trying Charger 4 (fid=86)",178.9302972780796,4,,
Car 31,,,,,0,switch,,"Charger 0 (fid=22) not available, trying Charger 5 (fid=19)",179.7806631942739,5,,
Car 33,,,,16,,arrived,,arrived,180.0685691588657,,,
Car 34,,,,2,,arrived,,arrived,180.84250200984113,,,
Car 28,,,,,3,switch,,"Charger 3 (fid=53) not available, trying Charger 5 (fid=19)",182.34852596734962,5,,
Car 32,,,,,6,switch,,"Charger 6 (fid=77) not available, trying Charger 2 (fid=36)",182.99638206624553,2,,
Car 11,86.0,77,6,,,done,,done charging,183.26433050052967,,,254.5715737665937
Car 30,,,,,4,switch,,"Charger 4 (fid=86) not available, trying Charger 7 (fid=52)",184.2127489863937,7,,
Car 33,,,,,2,switch,,"Charger 2 (fid=36) not available, trying Charger 5 (fid=19)",185.0685691588657,5,,
Car 34,,,,,4,switch,,"Charger 4 (fid=86) not available, trying Charger 1 (fid=82)",185.84250200984113,1,,
Car 31,,,,,5,switch,,"Charger 5 (fid=19) not available, trying Charger 2 (fid=36)",186.241390347214,2,,
Car 32,,,,,2,switch,,"Charger 2 (fid=36) not available, trying Charger 5 (fid=19)",190.55168642680678,5,,
Car 33,,,,,5,switch,,"Charger 5 (fid=19) not available, trying Charger 0 (fid=22)",190.82142599199796,0,,
Car 34,,,,,1,switch,,"Charger 1 (fid=82) not available, trying Charger 7 (fid=52)",191.12495371815524,7,,
Car 30,,,,,7,switch,,"Charger 7 (fid=52) not available, trying Charger 3 (fid=53)",191.84261638393403,3,,
Car 28,,,,,5,switch,,"Charger 5 (fid=19) not available, trying Charger 7 (fid=52)",191.85204048529687,7,,
Car 20,54.0,22,0,,,done,,done charging,191.9289405725367,,,191.2447522521821
Car 31,,,,,2,switch,,"Charger 2 (fid=36) not available, trying Charger 6 (fid=77)",191.99424718034626,6,,
Car 33,,22,0,,,start_charge,,starting to charge at Charger 0 (fid=22),192.28215314493806,,10.0,
Car 31,,77,6,,,start_charge,,starting to charge at Charger 6 (fid=77),194.54955154090754,,15.0,
Car 35,,,,4,,arrived,,arrived,194.63465261322793,,,
Car 16,49.0,52,7,,,done,,done charging,195.16155486536604,,,421.7341916065185
Car 34,,52,7,,,start_charge,,starting to charge at Charger 7 (fid=52),195.16155486536604,,11.378683458743666,
Car 32,,,,,5,switch,,"Charger 5 (fid=19) not available, trying Charger 0 (fid=22)",196.30454325993904,0,,
Car 30,,,,,3,switch,,"Charger 3 (fid=53) not available, trying Charger 6 (fid=77)",197.86255300296588,6,,
Car 35,,,,,6,switch,,"Charger 6 (fid=77) not available, trying Charger 7 (fid=52)",199.63465261322793,7,,
Car 28,,,,,7,switch,,"Charger 7 (fid=52) not available, trying Charger 0 (fid=22)",200.62979740028194,0,,
Car 15,102.0,19,5,,,done,,done charging,201.53500501757782,,,72.50654966278888
Car 19,85.0,36,2,,,done,,done charging,202.66531109150287,,,96.9772587001706
Car 32,,,,,0,switch,,"Charger 0 (fid=22) not available, trying Charger 7 (fid=52)",202.76527041287915,7,,
Car 18,49.0,86,4,,,done,,done charging,203.5942626573411,,,679.1225665231499
Car 26,55.0,82,1,,,done,,done charging,203.620586593163,,,0.0
Car 36,,,,70,,arrived,,arrived,203.92941253345612,,,
Car 36,,19,5,,,start_charge,,starting to charge at Charger 5 (fid=19),203.92941253345612,,0.0,
Car 30,,,,,6,switch,,"Charger 6 (fid=77) not available, trying Charger 2 (fid=36)",204.43557687343096,2,,
Car 35,,,,,7,switch,,"Charger 7 (fid=52) not available, trying Charger 3 (fid=53)",206.2003902294526,3,,
Car 30,,36,2,,,start_charge,,starting to charge at Charger 2 (fid=36),206.99088123399224,,25.0,
Car 37,,,,21,,arrived,,arrived,209.61467198791948,,,
Car 28,,,,,0,switch,,"Charger 0 (fid=22) not available, trying Charger 1 (fid=82)",210.76250821042777,1,,
Car 35,,,,,3,switch,,"Charger 3 (fid=53) not available, trying Charger 2 (fid=36)",212.22032684848446,2,,
Car 32,,,,,7,switch,,"Charger 7 (fid=52) not available, trying Charger 3 (fid=53)",212.89798122302497,3,,
Car 38,,,,37,,arrived,,arrived,212.92195823013537,,,
Car 37,,,,,7,switch,,"Charger 7 (fid=52) not available, trying Charger 1 (fid=82)",214.61467198791948,1,,
Car 24,62.0,77,6,,,done,,done charging,215.91027066398223,,,91.67281497261143
Car 37,,82,1,,,start_charge,,starting to charge at Charger 1 (fid=82),217.27258967638662,,5.0,
Car 38,,,,,0,switch,,"Charger 0 (fid=22) not available, trying Charger 5 (fid=19)",217.92195823013537,5,,
Car 32,,,,,3,switch,,"Charger 3 (fid=53) not available, trying Charger 1 (fid=82)",218.91791784205682,1,,
Car 39,,,,41,,arrived,,arrived,220.08919207391105,,,
Car 35,,,,,2,switch,,"Charger 2 (fid=36) not available, trying Charger 5 (fid=19)",220.97451254034632,5,,
Car 13,111.0,53,3,,,done,,done charging,221.96341674105014,,,568.3663484100695
Car 28,,,,,1,switch,,"Charger 1 (fid=82) not available, trying Charger 4 (fid=86)",222.37923749497193,4,,
Car 28,,86,4,,,start_charge,,starting to charge at Charger 4 (fid=86),222.66168920328604,,35.0,
Car 40,,,,37,,arrived,,arrived,223.18228118423724,,,
Car 17,67.0,86,4,,,done,,done charging,223.4583387883482,,,629.518171882272
Car 38,,,,,5,switch,,"Charger 5 (fid=19) not available, trying Charger 2 (fid=36)",224.38268538307548,2,,
Car 39,,,,,0,switch,,"Charger 0 (fid=22) not available, trying Charger 5 (fid=19)",225.08919207391105,5,,
Car 35,,,,,5,switch,,"Charger 5 (fid=19) not available, trying Charger 0 (fid=22)",226.72736937347858,0,,
Car 32,,,,,1,switch,,"Charger 1 (fid=82) not available, trying Charger 4 (fid=86)",227.26213204939825,4,,
Car 32,,86,4,,,start_charge,,starting to charge at Charger 4 (fid=86),227.54458375771236,,35.0,
Car 40,,,,,0,switch,,"Charger 0 (fid=22) not available, trying Charger 5 (fid=19)",228.18228118423724,5,,
Car 41,,,,67,,arrived,,arrived,228.30166962078135,,,
Car 42,,,,88,,arrived,,arrived,229.490698628894,,,
Car 38,,,,,2,switch,,"Charger 2 (fid=36) not available, trying Charger 6 (fid=77)",230.13554221620774,6,,
Car 23,87.0,82,1,,,done,,done charging,230.2874563119847,,,169.53451379583464
Car 39,,,,,5,switch,,"Charger 5 (fid=19) not available, trying Charger 2 (fid=36)",231.54991922685116,2,,
Car 43,,,,42,,arrived,,arrived,232.05616652956684,,,
Car 38,,77,6,,,start_charge,,starting to charge at Charger 6 (fid=77),232.690846576769,,15.0,
Car 35,,,,,0,switch,,"Charger 0 (fid=22) not available, trying Charger 1 (fid=82)",233.1880965264187,1,,
Car 41,,,,,0,switch,,"Charger 0 (fid=22) not available, trying Charger 5 (fid=19)",233.30166962078135,5,,
Car 42,,,,,4,switch,,"Charger 4 (fid=86) not available, trying Charger 1 (fid=82)",234.490698628894,1,,
Car 40,,,,,5,switch,,"Charger 5 (fid=19) not available, trying Charger 2 (fid=36)",234.64300833717735,2,,
Car 42,,82,1,,,start_charge,,starting to charge at Charger 1 (fid=82),234.7731503372081,,5.0,
Car 43,,,,,0,switch,,"Charger 0 (fid=22) not available, trying Charger 5 (fid=19)",237.05616652956684,5,,
Car 39,,,,,2,switch,,"Charger 2 (fid=36) not available, trying Charger 6 (fid=77)",237.30277605998342,6,,
Car 33,47.0,22,0,,,done,,done charging,239.28215314493806,,,180.65114136645593
Car 41,,,,,5,switch,,"Charger 5 (fid=19) not available, trying Charger 2 (fid=36)",239.76239677372146,2,,
Car 40,,,,,2,switch,,"Charger 2 (fid=36) not available, trying Charger 6 (fid=77)",240.3958651703096,6,,
Car 22,103.0,22,0,,,done,,done charging,241.9379176914243,,,104.67292603151547
Car 43,,,,,5,switch,,"Charger 5 (fid=19) not available, trying Charger 2 (fid=36)",243.51689368250695,2,,
Car 27,88.0,52,7,,,done,,done charging,244.6532184066281,,,68.28471278401751
Car 35,,,,,1,switch,,"Charger 1 (fid=82) not available, trying Charger 4 (fid=86)",244.80482581096285,4,,
Car 44,,,,47,,arrived,,arrived,244.82674911315212,,,
Car 44,,22,0,,,start_charge,,starting to charge at Charger 0 (fid=22),244.82674911315212,,0.0,
Car 39,,,,,6,switch,,"Charger 6 (fid=77) not available, trying Charger 7 (fid=52)",244.8580804205447,7,,
Car 21,103.0,36,2,,,done,,done charging,245.0325685369794,,,309.8971610066751
Car 41,,36,2,,,start_charge,,starting to charge at Charger 2 (fid=36),245.0325685369794,,14.517314930125679,
Car 39,,52,7,,,start_charge,,starting to charge at Charger 7 (fid=52),246.42381803676938,,20.0,
Car 40,,,,,6,switch,,"Charger 6 (fid=77) not available, trying Charger 7 (fid=52)",247.95116953087086,7,,
Car 43,,,,,2,switch,,"Charger 2 (fid=36) not available, trying Charger 6 (fid=77)",249.2697505156392,6,,
Car 35,,,,,,gave_up,4,"no alternate charger available, gave up",250.08727751927697,,,
Car 45,,,,17,,arrived,,arrived,251.46402549014343,,,
Car 46,,,,7,,arrived,,arrived,254.3169557169132,,,
Car 40,,,,,7,switch,,"Charger 7 (fid=52) not available, trying Charger 3 (fid=53)",254.51690714709554,3,,
Car 40,,53,3,,,start_charge,,starting to charge at Charger 3 (fid=53),255.5368437661274,,25.0,
Car 36,52.0,19,5,,,done,,done charging,255.92941253345612,,,21.36065434390639
Car 34,61.0,52,7,,,done,,done charging,256.16155486536604,,,123.50299368842381
Car 46,,52,7,,,start_charge,,starting to charge at Charger 7 (fid=52),256.16155486536604,,1.8445991484528292,
Car 45,,,,,2,switch,,"Charger 2 (fid=36) not available, trying Charger 5 (fid=19)",256.4640254901434,5,,
Car 43,,,,,6,switch,,"Charger 6 (fid=77) not available, trying Charger 7 (fid=52)",256.82505487620045,7,,
Car 45,,19,5,,,start_charge,,starting to charge at Charger 5 (fid=19),257.2168823232757,,4.999999999999972,
Car 47,,,,10,,arrived,,arrived,259.2032762803527,,,
Car 48,,,,3,,arrived,,arrived,259.5122617648434,,,
Car 29,90.0,53,3,,,done,,done charging,261.9185956662984,,,50.31207397831017
Car 43,,,,,7,switch,,"Charger 7 (fid=52) not available, trying Charger 3 (fid=53)",263.39079249242513,3,,
Car 47,,,,,6,switch,,"Charger 6 (fid=77) not available, trying Charger 2 (fid=36)",264.2032762803527,2,,
Car 43,,53,3,,,start_charge,,starting to charge at Charger 3 (fid=53),264.410729111457,,25.0,
Car 48,,,,,7,switch,,"Charger 7 (fid=52) not available, trying Charger 2 (fid=36)",264.5122617648434,2,,
Car 49,,,,62,,arrived,,arrived,266.8781742861342,,,
Car 50,,,,37,,arrived,,arrived,270.4764385512344,,,
Car 50,,22,0,,,start_charge,,starting to charge at Charger 0 (fid=22),270.4764385512344,,0.0,
Car 47,,,,,2,switch,,"Charger 2 (fid=36) not available, trying Charger 5 (fid=19)",271.758580640914,5,,
Car 49,,,,,6,switch,,"Charger 6 (fid=77) not available, trying Charger 2 (fid=36)",271.8781742861342,2,,
Car 48,,,,,2,switch,,"Charger 2 (fid=36) not available, trying Charger 6 (fid=77)",272.54059926188285,6,,
Car 51,,,,73,,arrived,,arrived,274.0506444372403,,,
Car 47,,,,,5,switch,,"Charger 5 (fid=19) not available, trying Charger 0 (fid=22)",277.51143747404626,0,,
Car 28,55.0,86,4,,,done,,done charging,277.6616892032861,,,537.3140508166455
Car 51,,,,,6,switch,,"Charger 6 (fid=77) not available, trying Charger 2 (fid=36)",279.0506444372403,2,,
Car 49,,,,,2,switch,,"Charger 2 (fid=36) not available, trying Charger 3 (fid=53)",279.43347864669545,3,,
Car 48,,,,,6,switch,,"Charger 6 (fid=77) not available, trying Charger 1 (fid=82)",280.0959036224441,1,,
Car 25,116.0,19,5,,,done,,done charging,280.13707085757324,,,152.07997242569024
Car 47,,,,,0,switch,,"Charger 0 (fid=22) not available, trying Charger 3 (fid=53)",283.9721646269864,3,,
Car 51,,,,,2,switch,,"Charger 2 (fid=36) not available, trying Charger 5 (fid=19)",286.60594879780155,5,,
Car 51,,19,5,,,start_charge,,starting to charge at Charger 5 (fid=19),287.35880563093383,,10.0,
Car 32,60.0,86,4,,,done,,done charging,287.54458375771236,,,452.7897650720218
Car 49,,,,,3,switch,,"Charger 3 (fid=53) not available, trying Charger 7 (fid=52)",288.1876643385573,7,,
Car 52,,,,51,,arrived,,arrived,288.1907681567922,,,
Car 48,,,,,1,switch,,"Charger 1 (fid=82) not available, trying Charger 5 (fid=19)",289.2810816394418,5,,
Car 53,,,,56,,arrived,,arrived,292.22827392651925,,,
Car 44,48.0,22,0,,,done,,done charging,292.8267491131521,,,163.65925470932513
Car 52,,,,,3,switch,,"Charger 3 (fid=53) not available, trying Charger 6 (fid=77)",293.1907681567922,6,,
Car 30,87.0,36,2,,,done,,done charging,293.99088123399224,,,392.36538696090577
Car 49,,,,,7,switch,,"Charger 7 (fid=52) not available, trying Charger 5 (fid=19)",294.20760095758914,5,,
Car 47,,,,,3,switch,,"Charger 3 (fid=53) not available, trying Charger 7 (fid=52)",294.7250623700689,7,,
Car 53,,,,,5,switch,,"Charger 5 (fid=19) not available, trying Charger 0 (fid=22)",297.22827392651925,0,,
Car 54,,,,77,,arrived,,arrived,298.0524150174086,,,
Car 53,,22,0,,,start_charge,,starting to charge at Charger 0 (fid=22),298.6890010794594,,5.0,
Car 38,66.0,77,6,,,done,,done charging,298.690846576769,,,261.5796870573057
Car 52,,77,6,,,start_charge,,starting to charge at Charger 6 (fid=77),298.690846576769,,8.927054549511695,
Car 48,,,,,5,switch,,"Charger 5 (fid=19) not available, trying Charger 3 (fid=53)",299.43992182251753,3,,
Car 39,54.0,52,7,,,done,,done charging,300.4238180367694,,,495.1404796913532
Car 47,,52,7,,,start_charge,,starting to charge at Charger 7 (fid=52),300.4238180367694,,29.67881904766864,
Car 49,,,,,5,switch,,"Charger 5 (fid=19) not available, trying Charger 0 (fid=22)",302.98535787257424,0,,
Car 54,,,,,6,switch,,"Charger 6 (fid=77) not available, trying Charger 7 (fid=52)",303.0524150174086,7,,
Car 31,110.0,77,6,,,done,,done charging,304.54955154090754,,,261.5796870573057
Car 55,,,,4,,arrived,,arrived,305.3894616717356,,,
Car 55,,77,6,,,start_charge,,starting to charge at Charger 6 (fid=77),305.3894616717356,,0.0,
Car 56,,,,8,,arrived,,arrived,306.5434707558662,,,
Car 48,,,,,3,switch,,"Charger 3 (fid=53) not available, trying Charger 4 (fid=86)",308.94343634046476,4,,
Car 49,,,,,0,switch,,"Charger 0 (fid=22) not available, trying Charger 1 (fid=82)",309.4460850255144,1,,
Car 54,,,,,7,switch,,"Charger 7 (fid=52) not available, trying Charger 3 (fid=53)",309.61815263363326,3,,
Car 57,,,,37,,arrived,,arrived,311.20377169533333,,,
Car 37,94.0,82,1,,,done,,done charging,311.2725896763866,,,169.53451379583464
Car 58,,,,50,,arrived,,arrived,311.36347971326137,,,
Car 56,,,,,6,switch,,"Charger 6 (fid=77) not available, trying Charger 2 (fid=36)",311.5434707558662,2,,
Car 48,,86,4,,,start_charge,,starting to charge at Charger 4 (fid=86),312.1864280965404,,30.0,
Car 56,,36,2,,,start_charge,,starting to charge at Charger 2 (fid=36),314.0987751164275,,5.0,
Car 54,,,,,3,switch,,"Charger 3 (fid=53) not available, trying Charger 2 (fid=36)",315.6380892526651,2,,
Car 49,,82,1,,,start_charge,,starting to charge at Charger 1 (fid=82),316.06281431005857,,30.0,
Car 57,,,,,0,switch,,"Charger 0 (fid=22) not available, trying Charger 5 (fid=19)",316.20377169533333,5,,
Car 58,,,,,6,switch,,"Charger 6 (fid=77) not available, trying Charger 3 (fid=53)",316.36347971326137,3,,
Car 50,46.0,22,0,,,done,,done charging,316.4764385512344,,,208.560034719029
Car 59,,,,13,,arrived,,arrived,317.41977014416545,,,
Car 59,,22,0,,,start_charge,,starting to charge at Charger 0 (fid=22),317.41977014416545,,0.0,
Car 41,77.0,36,2,,,done,,done charging,322.0325685369794,,,170.48658027247222
Car 54,,36,2,,,start_charge,,starting to charge at Charger 2 (fid=36),322.0325685369794,,17.64029359245245,
Car 57,,,,,5,switch,,"Charger 5 (fid=19) not available, trying Charger 2 (fid=36)",322.66449884827347,2,,
Car 58,,,,,3,switch,,"Charger 3 (fid=53) not available, trying Charger 7 (fid=52)",322.93650358372645,7,,
Car 60,,,,62,,arrived,,arrived,323.09406875835964,,,
Car 61,,,,31,,arrived,,arrived,326.69934157653097,,,
Car 60,,,,,6,switch,,"Charger 6 (fid=77) not available, trying Charger 2 (fid=36)",328.09406875835964,2,,
Car 57,,,,,2,switch,,"Charger 2 (fid=36) not available, trying Charger 6 (fid=77)",328.41735568140575,6,,
Car 62,,,,38,,arrived,,arrived,328.5918595205628,,,
Car 58,,,,,7,switch,,"Charger 7 (fid=52) not available, trying Charger 2 (fid=36)",328.9564402027583,2,,
Car 61,,,,,0,switch,,"Charger 0 (fid=22) not available, trying Charger 5 (fid=19)",331.69934157653097,5,,
Car 63,,,,28,,arrived,,arrived,332.4170164182194,,,
Car 64,,,,14,,arrived,,arrived,332.8464546797054,,,
Car 65,,,,63,,arrived,,arrived,333.07603476543306,,,
Car 62,,,,,0,switch,,"Charger 0 (fid=22) not available, trying Charger 5 (fid=19)",333.5918595205628,5,,
Car 66,,,,28,,arrived,,arrived,334.5390608498933,,,
Car 45,78.0,19,5,,,done,,done charging,335.2168823232757,,,96.37779535245595
Car 61,,19,5,,,start_charge,,starting to charge at Charger 5 (fid=19),335.2168823232757,,7.056813593804577,
Car 67,,,,28,,arrived,,arrived,335.2570238505262,,,
Car 60,,,,,2,switch,,"Charger 2 (fid=36) not available, trying Charger 3 (fid=53)",335.6493731189209,3,,
Car 68,,,,31,,arrived,,arrived,335.77721169498636,,,
Car 57,,,,,6,switch,,"Charger 6 (fid=77) not available, trying Charger 7 (fid=52)",335.972660041967,7,,
Car 69,,,,4,,arrived,,arrived,336.191137677683,,,
Car 70,,,,63,,arrived,,arrived,336.7663907921164,,,
Car 58,,,,,2,switch,,"Charger 2 (fid=36) not available, trying Charger 5 (fid=19)",336.98477769979775,5,,
Car 63,,,,,0,switch,,"Charger 0 (fid=22) not available, trying Charger 5 (fid=19)",337.4170164182194,5,,
Car 64,,,,,2,switch,,"Charger 2 (fid=36) not available, trying Charger 5 (fid=19)",337.8464546797054,5,,
Car 65,,,,,0,switch,,"Charger 0 (fid=22) not available, trying Charger 6 (fid=77)",338.07603476543306,6,,
Car 71,,,,15,,arrived,,arrived,339.3995633393777,,,
Car 66,,,,,0,switch,,"Charger 0 (fid=22) not available, trying Charger 5 (fid=19)",339.5390608498933,5,,
Car 62,,,,,5,switch,,"Charger 5 (fid=19) not available, trying Charger 2 (fid=36)",340.05258667350296,2,,
Car 67,,,,,0,switch,,"Charger 0 (fid=22) not available, trying Charger 5 (fid=19)",340.2570238505262,5,,
Car 68,,,,,0,switch,,"Charger 0 (fid=22) not available, trying Charger 5 (fid=19)",340.77721169498636,5,,
Car 69,,,,,6,switch,,"Charger 6 (fid=77) not available, trying Charger 7 (fid=52)",341.191137677683,7,,
Car 70,,,,,0,switch,,"Charger 0 (fid=22) not available, trying Charger 6 (fid=77)",341.7663907921164,6,,
Car 72,,,,37,,arrived,,arrived,342.39368459201336,,,
Car 57,,,,,7,switch,,"Charger 7 (fid=52) not available, trying Charger 3 (fid=53)",342.5383976581917,3,,
Car 58,,,,,5,switch,,"Charger 5 (fid=19) not available, trying Charger 4 (fid=86)",342.73763453293003,4,,
Car 64,,,,,5,switch,,"Charger 5 (fid=19) not available, trying Charger 0 (fid=22)",343.5993115128377,0,,
Car 63,,,,,5,switch,,"Charger 5 (fid=19) not available, trying Charger 2 (fid=36)",343.87774357115956,2,,
Car 71,,,,,2,switch,,"Charger 2 (fid=36) not available, trying Charger 5 (fid=19)",344.3995633393777,5,,
Car 60,,,,,3,switch,,"Charger 3 (fid=53) not available, trying Charger 7 (fid=52)",344.4035588107827,7,,
Car 73,,,,4,,arrived,,arrived,345.4562353179862,,,
Car 62,,,,,2,switch,,"Charger 2 (fid=36) not available, trying Charger 6 (fid=77)",345.80544350663524,6,,
Car 66,,,,,5,switch,,"Charger 5 (fid=19) not available, trying Charger 2 (fid=36)",345.99978800283344,2,,
Car 67,,,,,5,switch,,"Charger 5 (fid=19) not available, trying Charger 2 (fid=36)",346.71775100346633,2,,
Car 68,,,,,5,switch,,"Charger 5 (fid=19) not available, trying Charger 2 (fid=36)",347.2379388479265,2,,
Car 72,,,,,0,switch,,"Charger 0 (fid=22) not available, trying Charger 5 (fid=19)",347.39368459201336,5,,
Car 65,,,,,6,switch,,"Charger 6 (fid=77) not available, trying Charger 2 (fid=36)",347.41413957689394,2,,
Car 69,,,,,7,switch,,"Charger 7 (fid=52) not available, trying Charger 3 (fid=53)",347.7568752939077,3,,
Car 58,,86,4,,,start_charge,,starting to charge at Charger 4 (fid=86),348.06823082480537,,25.0,
Car 57,,,,,3,switch,,"Charger 3 (fid=53) not available, trying Charger 1 (fid=82)",348.55833427722354,1,,
Car 74,,,,37,,arrived,,arrived,348.86801179748016,,,
Car 63,,,,,2,switch,,"Charger 2 (fid=36) not available, trying Charger 6 (fid=77)",349.63060040429184,6,,
Car 53,51.0,22,0,,,done,,done charging,349.6890010794594,,,87.31990596652024
Car 64,,22,0,,,start_charge,,starting to charge at Charger 0 (fid=22),349.6890010794594,,14.628962413681563,
Car 71,,,,,5,switch,,"Charger 5 (fid=19) not available, trying Charger 0 (fid=22)",350.15242017251,0,,
Car 46,94.0,52,7,,,done,,done charging,350.16155486536604,,,54.86803450095119
Car 60,,52,7,,,start_charge,,starting to charge at Charger 7 (fid=52),350.16155486536604,,19.738059435551463,
Car 73,,,,,0,switch,,"Charger 0 (fid=22) not available, trying Charger 5 (fid=19)",350.4562353179862,5,,
Car 70,,,,,6,switch,,"Charger 6 (fid=77) not available, trying Charger 2 (fid=36)",351.1044956035773,2,,
Car 66,,,,,2,switch,,"Charger 2 (fid=36) not available, trying Charger 6 (fid=77)",351.7526448359657,6,,
Car 42,117.0,82,1,,,done,,done charging,351.7731503372081,,,28.99257704998455
Car 57,,82,1,,,start_charge,,starting to charge at Charger 1 (fid=82),351.90254848456493,,30.0,
Car 67,,,,,2,switch,,"Charger 2 (fid=36) not available, trying Charger 6 (fid=77)",352.4706078365986,6,,
Car 68,,,,,2,switch,,"Charger 2 (fid=36) not available, trying Charger 6 (fid=77)",352.9907956810588,6,,
Car 62,,,,,6,switch,,"Charger 6 (fid=77) not available, trying Charger 7 (fid=52)",353.3607478671965,7,,
Car 69,,,,,3,switch,,"Charger 3 (fid=53) not available, trying Charger 2 (fid=36)",353.77681191293954,2,,
Car 72,,,,,5,switch,,"Charger 5 (fid=19) not available, trying Charger 2 (fid=36)",353.8544117449535,2,,
Car 74,,,,,0,switch,,"Charger 0 (fid=22) not available, trying Charger 5 (fid=19)",353.86801179748016,5,,
Car 65,,,,,2,switch,,"Charger 2 (fid=36) not available, trying Charger 5 (fid=19)",354.9694439374552,5,,
Car 75,,,,11,,arrived,,arrived,355.9700294536144,,,
Car 40,101.0,53,3,,,done,,done charging,356.5368437661274,,,392.34193475844035
Car 71,,,,,0,switch,,"Charger 0 (fid=22) not available, trying Charger 6 (fid=77)",356.61314732545014,6,,
Car 73,,,,,5,switch,,"Charger 5 (fid=19) not available, trying Charger 2 (fid=36)",356.91696247092636,2,,
Car 63,,,,,6,switch,,"Charger 6 (fid=77) not available, trying Charger 7 (fid=52)",357.1859047648531,7,,
Car 47,57.0,52,7,,,done,,done charging,357.4238180367694,,,371.82423328905236
Car 62,,52,7,,,start_charge,,starting to charge at Charger 7 (fid=52),357.4238180367694,,22.4973325533482,
Car 76,,,,77,,arrived,,arrived,357.8303127584281,,,
Car 70,,,,,2,switch,,"Charger 2 (fid=36) not available, trying Charger 5 (fid=19)",358.65979996413853,5,,
Car 66,,,,,6,switch,,"Charger 6 (fid=77) not available, trying Charger 7 (fid=52)",359.307949196527,7,,
Car 72,,,,,2,switch,,"Charger 2 (fid=36) not available, trying Charger 6 (fid=77)",359.6072685780858,6,,
Car 67,,,,,6,switch,,"Charger 6 (fid=77) not available, trying Charger 7 (fid=52)",360.02591219715987,7,,
Car 74,,,,,5,switch,,"Charger 5 (fid=19) not available, trying Charger 2 (fid=36)",360.3287389504203,2,,
Car 68,,,,,6,switch,,"Charger 6 (fid=77) not available, trying Charger 7 (fid=52)",360.54610004162004,7,,
Car 65,,,,,5,switch,,"Charger 5 (fid=19) not available, trying Charger 3 (fid=53)",360.7223007705875,3,,
Car 75,,,,,6,switch,,"Charger 6 (fid=77) not available, trying Charger 2 (fid=36)",360.9700294536144,2,,
Car 77,,,,25,,arrived,,arrived,361.2981905913014,,,
Car 78,,,,69,,arrived,,arrived,361.6018076797323,,,
Car 79,,,,124,,arrived,,arrived,362.1835222566892,,,
Car 69,,,,,2,switch,,"Charger 2 (fid=36) not available, trying Charger 5 (fid=19)",362.53099760480137,5,,
Car 73,,,,,2,switch,,"Charger 2 (fid=36) not available, trying Charger 6 (fid=77)",362.66981930405865,6,,
Car 80,,,,3,,arrived,,arrived,362.71404407193677,,,
Car 76,,,,,6,switch,,"Charger 6 (fid=77) not available, trying Charger 7 (fid=52)",362.8303127584281,7,,
Car 63,,,,,7,switch,,"Charger 7 (fid=52) not available, trying Charger 3 (fid=53)",363.7516423810778,3,,
Car 70,,,,,5,switch,,"Charger 5 (fid=19) not available, trying Charger 3 (fid=53)",364.4126567972708,3,,
Car 63,,53,3,,,start_charge,,starting to charge at Charger 3 (fid=53),364.7715790001096,,25.0,
Car 81,,,,54,,arrived,,arrived,364.94237929179883,,,
Car 66,,,,,7,switch,,"Charger 7 (fid=52) not available, trying Charger 3 (fid=53)",365.87368681275166,3,,
Car 71,,,,,6,switch,,"Charger 6 (fid=77) not available, trying Charger 7 (fid=52)",365.951252136911,7,,
Car 82,,,,4,,arrived,,arrived,366.03645121296574,,,
Car 74,,,,,2,switch,,"Charger 2 (fid=36) not available, trying Charger 6 (fid=77)",366.0815957835526,6,,
Car 77,,,,,0,switch,,"Charger 0 (fid=22) not available, trying Charger 5 (fid=19)",366.2981905913014,5,,
Car 59,49.0,22,0,,,done,,done charging,366.41977014416545,,,49.94449892629984
Car 67,,,,,7,switch,,"Charger 7 (fid=52) not available, trying Charger 3 (fid=53)",366.59164981338455,3,,
Car 78,,,,,5,switch,,"Charger 5 (fid=19) not available, trying Charger 2 (fid=36)",366.6018076797323,2,,
Car 83,,,,60,,arrived,,arrived,367.02805759251106,,,
Car 68,,,,,7,switch,,"Charger 7 (fid=52) not available, trying Charger 3 (fid=53)",367.1118376578447,3,,
Car 72,,,,,6,switch,,"Charger 6 (fid=77) not available, trying Charger 7 (fid=52)",367.16257293864703,7,,
Car 79,,,,,5,switch,,"Charger 5 (fid=19) not available, trying Charger 2 (fid=36)",367.1835222566892,2,,
Car 43,103.0,53,3,,,done,,done charging,367.410729111457,,,498.15616085821665
Car 65,,53,3,,,start_charge,,starting to charge at Charger 3 (fid=53),367.410729111457,,22.184913822922283,
Car 84,,,,77,,arrived,,arrived,367.4337098654659,,,
Car 80,,,,,7,switch,,"Charger 7 (fid=52) not available, trying Charger 2 (fid=36)",367.71404407193677,2,,
Car 69,,,,,5,switch,,"Charger 5 (fid=19) not available, trying Charger 0 (fid=22)",368.28385443793366,0,,
Car 75,,,,,2,switch,,"Charger 2 (fid=36) not available, trying Charger 5 (fid=19)",368.52533381417567,5,,
Car 85,,,,77,,arrived,,arrived,368.78150933473825,,,
Car 76,,,,,7,switch,,"Charger 7 (fid=52) not available, trying Charger 3 (fid=53)",369.39605037465276,3,,
Car 69,,22,0,,,start_charge,,starting to charge at Charger 0 (fid=22),369.7445815908738,,25.0,
Car 81,,,,,5,switch,,"Charger 5 (fid=19) not available, trying Charger 2 (fid=36)",369.94237929179883,2,,
Car 73,,,,,6,switch,,"Charger 6 (fid=77) not available, trying Charger 7 (fid=52)",370.2251236646199,7,,
Car 82,,,,,6,switch,,"Charger 6 (fid=77) not available, trying Charger 7 (fid=52)",371.03645121296574,7,,
Car 86,,,,45,,arrived,,arrived,371.0983164838463,,,
Car 66,,,,,3,switch,,"Charger 3 (fid=53) not available, trying Charger 1 (fid=82)",371.8936234317835,1,,
Car 83,,,,,6,switch,,"Charger 6 (fid=77) not available, trying Charger 3 (fid=53)",372.02805759251106,3,,
Car 78,,,,,2,switch,,"Charger 2 (fid=36) not available, trying Charger 0 (fid=22)",372.3546645128646,0,,
Car 84,,,,,6,switch,,"Charger 6 (fid=77) not available, trying Charger 7 (fid=52)",372.4337098654659,7,,
Car 71,,,,,7,switch,,"Charger 7 (fid=52) not available, trying Charger 3 (fid=53)",372.5169897531357,3,,
Car 67,,,,,3,switch,,"Charger 3 (fid=53) not available, trying Charger 1 (fid=82)",372.6115864324164,1,,
Car 87,,,,72,,arrived,,arrived,372.63459059319877,,,
Car 77,,,,,5,switch,,"Charger 5 (fid=19) not available, trying Charger 2 (fid=36)",372.75891774424156,2,,
Car 79,,,,,2,switch,,"Charger 2 (fid=36) not available, trying Charger 0 (fid=22)",372.93637908982146,0,,
Car 68,,,,,3,switch,,"Charger 3 (fid=53) not available, trying Charger 1 (fid=82)",373.13177427687657,1,,
Car 88,,,,37,,arrived,,arrived,373.2276322120697,,,
Car 74,,,,,6,switch,,"Charger 6 (fid=77) not available, trying Charger 7 (fid=52)",373.63690014411384,7,,
Car 72,,,,,7,switch,,"Charger 7 (fid=52) not available, trying Charger 3 (fid=53)",373.7283105548717,3,,
Car 85,,,,,6,switch,,"Charger 6 (fid=77) not available, trying Charger 7 (fid=52)",373.78150933473825,7,,
Car 70,,,,,3,switch,,"Charger 3 (fid=53) not available, trying Charger 7 (fid=52)",373.91617131521804,7,,
Car 75,,,,,5,switch,,"Charger 5 (fid=19) not available, trying Charger 0 (fid=22)",374.27819064730795,0,,
Car 89,,,,55,,arrived,,arrived,374.5821373237114,,,
Car 76,,,,,3,switch,,"Charger 3 (fid=53) not available, trying Charger 2 (fid=36)",375.4159869936846,2,,
Car 81,,,,,2,switch,,"Charger 2 (fid=36) not available, trying Charger 0 (fid=22)",375.6952361249311,0,,
Car 80,,,,,2,switch,,"Charger 2 (fid=36) not available, trying Charger 6 (fid=77)",375.7423815689762,6,,
Car 86,,,,,6,switch,,"Charger 6 (fid=77) not available, trying Charger 2 (fid=36)",376.0983164838463,2,,
Car 90,,,,11,,arrived,,arrived,376.5380472787276,,,
Car 73,,,,,7,switch,,"Charger 7 (fid=52) not available, trying Charger 3 (fid=53)",376.7908612808446,3,,
Car 82,,,,,7,switch,,"Charger 7 (fid=52) not available, trying Charger 3 (fid=53)",377.6021888291904,3,,
Car 87,,,,,5,switch,,"Charger 5 (fid=19) not available, trying Charger 2 (fid=36)",377.63459059319877,2,,
Car 88,,,,,0,switch,,"Charger 0 (fid=22) not available, trying Charger 5 (fid=19)",378.2276322120697,5,,
Car 77,,,,,2,switch,,"Charger 2 (fid=36) not available, trying Charger 6 (fid=77)",378.51177457737384,6,,
Car 71,,,,,3,switch,,"Charger 3 (fid=53) not available, trying Charger 1 (fid=82)",378.53692637216756,1,,
Car 83,,,,,3,switch,,"Charger 3 (fid=53) not available, trying Charger 7 (fid=52)",378.60108146297614,7,,
Car 84,,,,,7,switch,,"Charger 7 (fid=52) not available, trying Charger 3 (fid=53)",378.9994474816906,3,,
Car 78,,,,,0,switch,,"Charger 0 (fid=22) not available, trying Charger 6 (fid=77)",379.4976528870547,6,,
Car 89,,,,,5,switch,,"Charger 5 (fid=19) not available, trying Charger 2 (fid=36)",379.5821373237114,2,,
Car 72,,,,,3,switch,,"Charger 3 (fid=53) not available, trying Charger 1 (fid=82)",379.74824717390356,1,,
Car 70,,,,,7,switch,,"Charger 7 (fid=52) not available, trying Charger 1 (fid=82)",379.9361079342499,1,,
Car 91,,,,66,,arrived,,arrived,379.95216895317935,,,
Car 79,,,,,0,switch,,"Charger 0 (fid=22) not available, trying Charger 6 (fid=77)",380.07936746401157,6,,
Car 74,,,,,7,switch,,"Charger 7 (fid=52) not available, trying Charger 3 (fid=53)",380.2026377603385,3,,
Car 66,,,,,1,switch,,"Charger 1 (fid=82) not available, trying Charger 4 (fid=86)",380.2378376391249,4,,
Car 85,,,,,7,switch,,"Charger 7 (fid=52) not available, trying Charger 3 (fid=53)",380.3472469509629,3,,
Car 75,,,,,0,switch,,"Charger 0 (fid=22) not available, trying Charger 7 (fid=52)",380.7389178002481,7,,
Car 67,,,,,1,switch,,"Charger 1 (fid=82) not available, trying Charger 4 (fid=86)",380.9558006397578,4,,
Car 68,,,,,1,switch,,"Charger 1 (fid=82) not available, trying Charger 4 (fid=86)",381.47598848421796,4,,
Car 90,,,,,6,switch,,"Charger 6 (fid=77) not available, trying Charger 2 (fid=36)",381.5380472787276,2,,
Car 92,,,,45,,arrived,,arrived,382.2083964201112,,,
Car 73,,,,,3,switch,,"Charger 3 (fid=53) not available, trying Charger 1 (fid=82)",382.81079789987643,1,,
Car 81,,,,,0,switch,,"Charger 0 (fid=22) not available, trying Charger 6 (fid=77)",382.8382244991212,6,,
Car 80,,,,,6,switch,,"Charger 6 (fid=77) not available, trying Charger 1 (fid=82)",383.29768592953747,1,,
Car 87,,,,,2,switch,,"Charger 2 (fid=36) not available, trying Charger 0 (fid=22)",383.38744742633105,0,,
Car 55,78.0,77,6,,,done,,done charging,383.3894616717356,,,40.44401316634773
Car 91,,77,6,,,start_charge,,starting to charge at Charger 6 (fid=77),383.3894616717356,,3.4372927185562503,
Car 93,,,,26,,arrived,,arrived,383.47256455936963,,,
Car 94,,,,22,,arrived,,arrived,383.4777630140775,,,
Car 82,,,,,3,switch,,"Charger 3 (fid=53) not available, trying Charger 2 (fid=36)",383.6221254482223,2,,
Car 86,,,,,2,switch,,"Charger 2 (fid=36) not available, trying Charger 7 (fid=52)",383.65362084440756,7,,
Car 76,,,,,2,switch,,"Charger 2 (fid=36) not available, trying Charger 5 (fid=19)",384.17017268554645,5,,
Car 83,,,,,7,switch,,"Charger 7 (fid=52) not available, trying Charger 2 (fid=36)",384.621018082008,2,,
Car 88,,,,,5,switch,,"Charger 5 (fid=19) not available, trying Charger 2 (fid=36)",384.68835936500983,2,,
Car 84,,,,,3,switch,,"Charger 3 (fid=53) not available, trying Charger 2 (fid=36)",385.01938410072245,2,,
Car 89,,,,,2,switch,,"Charger 2 (fid=36) not available, trying Charger 0 (fid=22)",385.33499415684366,0,,
Car 66,,,,,,gave_up,4,"no alternate charger available, gave up",385.520289347439,,,
Car 77,,,,,6,switch,,"Charger 6 (fid=77) not available, trying Charger 7 (fid=52)",386.0670789379351,7,,
Car 74,,,,,3,switch,,"Charger 3 (fid=53) not available, trying Charger 1 (fid=82)",386.22257437937037,1,,
Car 67,,,,,,gave_up,4,"no alternate charger available, gave up",386.2382523480719,,,
Car 85,,,,,3,switch,,"Charger 3 (fid=53) not available, trying Charger 2 (fid=36)",386.3671835699948,2,,
Car 68,,,,,,gave_up,4,"no alternate charger available, gave up",386.7584401925321,,,
Car 71,,,,,1,switch,,"Charger 1 (fid=82) not available, trying Charger 4 (fid=86)",386.88114057950895,4,,
Car 95,,,,24,,arrived,,arrived,387.03378639786933,,,
Car 92,,,,,6,switch,,"Charger 6 (fid=77) not available, trying Charger 2 (fid=36)",387.2083964201112,2,,
Car 70,,,,,1,switch,,"Charger 1 (fid=82) not available, trying Charger 4 (fid=86)",387.594025622717,4,,
Car 72,,,,,1,switch,,"Charger 1 (fid=82) not available, trying Charger 4 (fid=86)",388.09246138124496,4,,
Car 93,,,,,2,switch,,"Charger 2 (fid=36) not available, trying Charger 5 (fid=19)",388.47256455936963,5,,
Car 94,,,,,5,switch,,"Charger 5 (fid=19) not available, trying Charger 2 (fid=36)",388.4777630140775,2,,
Car 78,,,,,6,switch,,"Charger 6 (fid=77) not available, trying Charger 7 (fid=52)",388.8357576985156,7,,
Car 90,,,,,2,switch,,"Charger 2 (fid=36) not available, trying Charger 5 (fid=19)",389.09335163928887,5,,
Car 96,,,,40,,arrived,,arrived,389.18665211815,,,
Car 79,,,,,6,switch,,"Charger 6 (fid=77) not available, trying Charger 7 (fid=52)",389.41747227547245,7,,
Car 76,,,,,5,switch,,"Charger 5 (fid=19) not available, trying Charger 4 (fid=86)",389.92302951867873,4,,
Car 88,,,,,2,switch,,"Charger 2 (fid=36) not available, trying Charger 6 (fid=77)",390.4412161981421,6,,
Car 87,,,,,0,switch,,"Charger 0 (fid=22) not available, trying Charger 6 (fid=77)",390.53043580052116,6,,
Car 75,,,,,7,switch,,"Charger 7 (fid=52) not available, trying Charger 3 (fid=53)",390.87162861039394,3,,
Car 73,,,,,1,switch,,"Charger 1 (fid=82) not available, trying Charger 4 (fid=86)",391.15501210721783,4,,
Car 86,,,,,7,switch,,"Charger 7 (fid=52) not available, trying Charger 3 (fid=53)",391.681958341447,3,,
Car 95,,,,,5,switch,,"Charger 5 (fid=19) not available, trying Charger 2 (fid=36)",392.03378639786933,2,,
Car 97,,,,7,,arrived,,arrived,392.0518780956434,,,
Car 71,,,,,,gave_up,4,"no alternate charger available, gave up",392.16359228782306,,,
Car 81,,,,,6,switch,,"Charger 6 (fid=77) not available, trying Charger 7 (fid=52)",392.1763293105821,7,,
Car 82,,,,,2,switch,,"Charger 2 (fid=36) not available, trying Charger 5 (fid=19)",392.3763111400841,5,,
Car 98,,,,124,,arrived,,arrived,392.43599549688327,,,
Car 89,,,,,0,switch,,"Charger 0 (fid=22) not available, trying Charger 6 (fid=77)",392.4779825310338,6,,
Car 80,,,,,1,switch,,"Charger 1 (fid=82) not available, trying Charger 5 (fid=19)",392.4828639465352,5,,
Car 77,,,,,7,switch,,"Charger 7 (fid=52) not available, trying Charger 3 (fid=53)",392.6328165541598,3,,
Car 83,,,,,2,switch,,"Charger 2 (fid=36) not available, trying Charger 5 (fid=19)",392.64935557904744,5,,
Car 70,,,,,,gave_up,4,"no alternate charger available, gave up",392.87647733103114,,,
Car 72,,,,,,gave_up,4,"no alternate charger available, gave up",393.3749130895591,,,
Car 84,,,,,2,switch,,"Charger 2 (fid=36) not available, trying Charger 5 (fid=19)",393.7735697925843,5,,
Car 96,,,,,6,switch,,"Charger 6 (fid=77) not available, trying Charger 3 (fid=53)",394.18665211815,3,,
Car 93,,,,,5,switch,,"Charger 5 (fid=19) not available, trying Charger 0 (fid=22)",394.2254213925019,0,,
Car 94,,,,,2,switch,,"Charger 2 (fid=36) not available, trying Charger 0 (fid=22)",394.23061984720977,0,,
Car 99,,,,38,,arrived,,arrived,394.43196220735,,,
Car 100,,,,61,,arrived,,arrived,394.5571768818925,,,
Car 74,,,,,1,switch,,"Charger 1 (fid=82) not available, trying Charger 4 (fid=86)",394.56678858671177,4,,
Car 92,,,,,2,switch,,"Charger 2 (fid=36) not available, trying Charger 7 (fid=52)",394.7637007806725,7,,
Car 101,,,,4,,arrived,,arrived,394.78170064473636,,,
Car 90,,,,,5,switch,,"Charger 5 (fid=19) not available, trying Charger 0 (fid=22)",394.84620847242115,0,,
Car 85,,,,,2,switch,,"Charger 2 (fid=36) not available, trying Charger 5 (fid=19)",395.1213692618566,5,,
Car 102,,,,4,,arrived,,arrived,395.3880710118696,,,
Car 78,,,,,7,switch,,"Charger 7 (fid=52) not available, trying Charger 3 (fid=53)",395.40149531474026,3,,
Car 79,,,,,7,switch,,"Charger 7 (fid=52) not available, trying Charger 3 (fid=53)",395.98320989169713,3,,
Car 103,,,,3,,arrived,,arrived,396.38030506525314,,,
Car 73,,,,,,gave_up,4,"no alternate charger available, gave up",396.43746381553194,,,
Car 104,,,,32,,arrived,,arrived,396.7669863024427,,,
Car 75,,,,,3,switch,,"Charger 3 (fid=53) not available, trying Charger 1 (fid=82)",396.8915652294258,1,,
Car 97,,,,,7,switch,,"Charger 7 (fid=52) not available, trying Charger 3 (fid=53)",397.0518780956434,3,,
Car 98,,,,,5,switch,,"Charger 5 (fid=19) not available, trying Charger 2 (fid=36)",397.43599549688327,2,,
Car 86,,,,,3,switch,,"Charger 3 (fid=53) not available, trying Charger 5 (fid=19)",397.70189496047885,5,,
Car 95,,,,,2,switch,,"Charger 2 (fid=36) not available, trying Charger 0 (fid=22)",397.7866432310016,0,,
Car 105,,,,55,,arrived,,arrived,397.80884042468836,,,
Car 88,,,,,6,switch,,"Charger 6 (fid=77) not available, trying Charger 7 (fid=52)",397.99652055870337,7,,
Car 106,,,,12,,arrived,,arrived,398.0999945946875,,,
Car 82,,,,,5,switch,,"Charger 5 (fid=19) not available, trying Charger 0 (fid=22)",398.1291679732164,0,,
Car 83,,,,,5,switch,,"Charger 5 (fid=19) not available, trying Charger 0 (fid=22)",398.4022124121797,0,,
Car 77,,,,,3,switch,,"Charger 3 (fid=53) not available, trying Charger 1 (fid=82)",398.6527531731916,1,,
Car 81,,,,,7,switch,,"Charger 7 (fid=52) not available, trying Charger 3 (fid=53)",398.7420669268068,3,,
Car 99,,,,,0,switch,,"Charger 0 (fid=22) not available, trying Charger 5 (fid=19)",399.43196220735,5,,
Car 84,,,,,5,switch,,"Charger 5 (fid=19) not available, trying Charger 4 (fid=86)",399.52642662571657,4,,
Car 100,,,,,6,switch,,"Charger 6 (fid=77) not available, trying Charger 3 (fid=53)",399.5571768818925,3,,
Car 107,,,,4,,arrived,,arrived,399.61472271734334,,,
Car 101,,,,,0,switch,,"Charger 0 (fid=22) not available, trying Charger 5 (fid=19)",399.78170064473636,5,,
Car 74,,,,,,gave_up,4,"no alternate charger available, gave up",399.8492402950259,,,
Car 87,,,,,6,switch,,"Charger 6 (fid=77) not available, trying Charger 7 (fid=52)",399.86854061198204,7,,
Car 76,,,,,4,switch,,"Charger 4 (fid=86) not available, trying Charger 1 (fid=82)",400.25362581055407,1,,
Car 102,,,,,6,switch,,"Charger 6 (fid=77) not available, trying Charger 7 (fid=52)",400.3880710118696,7,,
Car 93,,,,,0,switch,,"Charger 0 (fid=22) not available, trying Charger 6 (fid=77)",400.68614854544205,6,,
Car 96,,,,,3,switch,,"Charger 3 (fid=53) not available, trying Charger 7 (fid=52)",400.7596759886151,7,,
Car 108,,,,73,,arrived,,arrived,400.8353479537354,,,
Car 85,,,,,5,switch,,"Charger 5 (fid=19) not available, trying Charger 4 (fid=86)",400.8742260949889,4,,
Car 48,89.0,86,4,,,done,,done charging,401.1864280965404,,,225.79593940102646
Car 90,,,,,0,switch,,"Charger 0 (fid=22) not available, trying Charger 7 (fid=52)",401.3069356253613,7,,
Car 94,,,,,0,switch,,"Charger 0 (fid=22) not available, trying Charger 6 (fid=77)",401.3736082213999,6,,
Car 103,,,,,3,switch,,"Charger 3 (fid=53) not available, trying Charger 6 (fid=77)",401.38030506525314,6,,
Car 78,,,,,3,switch,,"Charger 3 (fid=53) not available, trying Charger 1 (fid=82)",401.4214319337721,1,,
Car 104,,,,,0,switch,,"Charger 0 (fid=22) not available, trying Charger 5 (fid=19)",401.7669863024427,5,,
Car 89,,,,,6,switch,,"Charger 6 (fid=77) not available, trying Charger 7 (fid=52)",401.81608734249465,7,,
Car 109,,,,45,,arrived,,arrived,401.8602384114743,,,
Car 79,,,,,3,switch,,"Charger 3 (fid=53) not available, trying Charger 1 (fid=82)",402.003146510729,1,,
Car 110,,,,72,,arrived,,arrived,402.31700399126436,,,
Car 51,115.0,19,5,,,done,,done charging,402.35880563093383,,,252.71410599328644
Car 80,,19,5,,,start_charge,,starting to charge at Charger 5 (fid=19),402.35880563093383,,24.71710150132293,
Car 62,45.0,52,7,,,done,,done charging,402.4238180367694,,,488.0883106078088
Car 92,,52,7,,,start_charge,,starting to charge at Charger 7 (fid=52),402.4238180367694,,14.631779759057451,
Car 105,,,,,5,switch,,"Charger 5 (fid=19) not available, trying Charger 2 (fid=36)",402.80884042468836,2,,
Car 97,,,,,3,switch,,"Charger 3 (fid=53) not available, trying Charger 4 (fid=86)",403.07181471467527,4,,
Car 106,,,,,7,switch,,"Charger 7 (fid=52) not available, trying Charger 2 (fid=36)",403.0999945946875,2,,
Car 98,,,,,2,switch,,"Charger 2 (fid=36) not available, trying Charger 0 (fid=22)",403.18885233001555,0,,
Car 111,,,,14,,arrived,,arrived,403.88935324745086,,,
Car 88,,,,,7,switch,,"Charger 7 (fid=52) not available, trying Charger 3 (fid=53)",404.56225817492805,3,,
Car 82,,,,,0,switch,,"Charger 0 (fid=22) not available, trying Charger 1 (fid=82)",404.58989512615653,1,,
Car 107,,,,,6,switch,,"Charger 6 (fid=77) not available, trying Charger 7 (fid=52)",404.61472271734334,7,,
Car 81,,,,,3,switch,,"Charger 3 (fid=53) not available, trying Charger 1 (fid=82)",404.76200354583864,1,,
Car 84,,86,4,,,start_charge,,starting to charge at Charger 4 (fid=86),404.8570229175919,,25.0,
Car 83,,,,,0,switch,,"Charger 0 (fid=22) not available, trying Charger 1 (fid=82)",404.86293956511986,1,,
Car 95,,,,,0,switch,,"Charger 0 (fid=22) not available, trying Charger 6 (fid=77)",404.92963160519173,6,,
Car 58,57.0,86,4,,,done,,done charging,405.06823082480537,,,365.99326986841027
Car 75,,,,,1,switch,,"Charger 1 (fid=82) not available, trying Charger 4 (fid=86)",405.2357794367672,4,,
Car 75,,86,4,,,start_charge,,starting to charge at Charger 4 (fid=86),405.5182311450813,,35.0,
Car 76,,,,,1,switch,,"Charger 1 (fid=82) not available, trying Charger 0 (fid=22)",405.5360775188682,0,,
Car 108,,,,,6,switch,,"Charger 6 (fid=77) not available, trying Charger 2 (fid=36)",405.8353479537354,2,,
Car 99,,,,,5,switch,,"Charger 5 (fid=19) not available, trying Charger 2 (fid=36)",405.89268936029015,2,,
Car 100,,,,,3,switch,,"Charger 3 (fid=53) not available, trying Charger 7 (fid=52)",406.13020075235755,7,,
Car 101,,,,,5,switch,,"Charger 5 (fid=19) not available, trying Charger 2 (fid=36)",406.2424277976765,2,,
Car 87,,,,,7,switch,,"Charger 7 (fid=52) not available, trying Charger 3 (fid=53)",406.4342782282067,3,,
Car 52,108.0,77,6,,,done,,done charging,406.690846576769,,,91.67281497261143
Car 109,,77,6,,,start_charge,,starting to charge at Charger 6 (fid=77),406.690846576769,,4.830608165294677,
Car 96,,,,,7,switch,,"Charger 7 (fid=52) not available, trying Charger 2 (fid=36)",406.7796126076469,2,,
Car 57,55.0,82,1,,,done,,done charging,406.90254848456493,,,567.6598646557562
Car 77,,82,1,,,start_charge,,starting to charge at Charger 1 (fid=82),406.90254848456493,,34.90558110403191,
Car 102,,,,,7,switch,,"Charger 7 (fid=52) not available, trying Charger 3 (fid=53)",406.9538086280943,3,,
Car 86,,,,,5,switch,,"Charger 5 (fid=19) not available, trying Charger 0 (fid=22)",407.2054094784261,0,,
Car 110,,,,,5,switch,,"Charger 5 (fid=19) not available, trying Charger 2 (fid=36)",407.31700399126436,2,,
Car 112,,,,50,,arrived,,arrived,407.59950504781347,,,
Car 113,,,,60,,arrived,,arrived,407.67497830263454,,,
Car 103,,,,,6,switch,,"Charger 6 (fid=77) not available, trying Charger 7 (fid=52)",407.9533289357182,7,,
Car 114,,,,75,,arrived,,arrived,408.04479542125085,,,
Car 104,,,,,5,switch,,"Charger 5 (fid=19) not available, trying Charger 2 (fid=36)",408.22771345538285,2,,
Car 89,,,,,7,switch,,"Charger 7 (fid=52) not available, trying Charger 3 (fid=53)",408.38182495871933,3,,
Car 105,,,,,2,switch,,"Charger 2 (fid=36) not available, trying Charger 0 (fid=22)",408.56169725782064,0,,
Car 115,,,,26,,arrived,,arrived,408.6977225104727,,,
Car 111,,,,,2,switch,,"Charger 2 (fid=36) not available, trying Charger 5 (fid=19)",408.88935324745086,5,,
Car 116,,,,12,,arrived,,arrived,408.95478579201955,,,
Car 78,,,,,1,switch,,"Charger 1 (fid=82) not available, trying Charger 4 (fid=86)",409.7656461411135,4,,
Car 93,,,,,6,switch,,"Charger 6 (fid=77) not available, trying Charger 7 (fid=52)",410.02425335690293,7,,
Car 98,,,,,0,switch,,"Charger 0 (fid=22) not available, trying Charger 6 (fid=77)",410.33184070420566,6,,
Car 79,,,,,1,switch,,"Charger 1 (fid=82) not available, trying Charger 4 (fid=86)",410.3473607180704,4,,
Car 117,,,,76,,arrived,,arrived,410.5476133884109,,,
Car 88,,,,,3,switch,,"Charger 3 (fid=53) not available, trying Charger 1 (fid=82)",410.5821947939599,1,,
Car 118,,,,74,,arrived,,arrived,410.7046545402909,,,
Car 94,,,,,6,switch,,"Charger 6 (fid=77) not available, trying Charger 7 (fid=52)",410.71171303286076,7,,
Car 119,,,,4,,arrived,,arrived,410.96915791118204,,,
Car 106,,,,,2,switch,,"Charger 2 (fid=36) not available, trying Charger 1 (fid=82)",411.1283320917269,1,,
Car 107,,,,,7,switch,,"Charger 7 (fid=52) not available, trying Charger 3 (fid=53)",411.180460333568,3,,
Car 85,,,,,4,switch,,"Charger 4 (fid=86) not available, trying Charger 1 (fid=82)",411.20482238686424,1,,
Car 97,,,,,4,switch,,"Charger 4 (fid=86) not available, trying Charger 1 (fid=82)",411.3148064707509,1,,
Car 90,,,,,7,switch,,"Charger 7 (fid=52) not available, trying Charger 3 (fid=53)",411.43964643550714,3,,
Car 99,,,,,2,switch,,"Charger 2 (fid=36) not available, trying Charger 6 (fid=77)",411.64554619342243,6,,
Car 101,,,,,2,switch,,"Charger 2 (fid=36) not available, trying Charger 6 (fid=77)",411.9952846308088,6,,
Car 49,96.0,82,1,,,done,,done charging,412.06281431005857,,,432.25893540794414
Car 81,,82,1,,,start_charge,,starting to charge at Charger 1 (fid=82),412.06281431005857,,33.95659655687854,
Car 100,,,,,7,switch,,"Charger 7 (fid=52) not available, trying Charger 2 (fid=36)",412.1501373713894,2,,
Car 87,,,,,3,switch,,"Charger 3 (fid=53) not available, trying Charger 1 (fid=82)",412.4542148472386,1,,
Car 112,,,,,6,switch,,"Charger 6 (fid=77) not available, trying Charger 3 (fid=53)",412.59950504781347,3,,
Car 120,,,,16,,arrived,,arrived,412.6062222493665,,,
Car 113,,,,,6,switch,,"Charger 6 (fid=77) not available, trying Charger 3 (fid=53)",412.67497830263454,3,,
Car 64,63.0,22,0,,,done,,done charging,412.6890010794594,,,152.2948566203078
Car 86,,22,0,,,start_charge,,starting to charge at Charger 0 (fid=22),412.6890010794594,,29.022864448093173,
Car 102,,,,,3,switch,,"Charger 3 (fid=53) not available, trying Charger 2 (fid=36)",412.97374524712615,2,,
Car 114,,,,,3,switch,,"Charger 3 (fid=53) not available, trying Charger 7 (fid=52)",413.04479542125085,7,,
Car 110,,,,,2,switch,,"Charger 2 (fid=36) not available, trying Charger 0 (fid=22)",413.06986082439664,0,,
Car 108,,,,,2,switch,,"Charger 2 (fid=36) not available, trying Charger 5 (fid=19)",413.39065231429663,5,,
Car 115,,,,,0,switch,,"Charger 0 (fid=22) not available, trying Charger 5 (fid=19)",413.6977225104727,5,,
Car 121,,,,37,,arrived,,arrived,413.7023380456005,,,
Car 122,,,,63,,arrived,,arrived,413.8903872814727,,,
Car 116,,,,,7,switch,,"Charger 7 (fid=52) not available, trying Charger 2 (fid=36)",413.95478579201955,2,,
Car 104,,,,,2,switch,,"Charger 2 (fid=36) not available, trying Charger 6 (fid=77)",413.98057028851514,6,,
Car 95,,,,,6,switch,,"Charger 6 (fid=77) not available, trying Charger 7 (fid=52)",414.2677364166526,7,,
Car 89,,,,,3,switch,,"Charger 3 (fid=53) not available, trying Charger 1 (fid=82)",414.4017615777512,1,,
Car 103,,,,,7,switch,,"Charger 7 (fid=52) not available, trying Charger 2 (fid=36)",414.5190665519429,2,,
Car 123,,,,57,,arrived,,arrived,414.6009608819424,,,
Car 111,,,,,5,switch,,"Charger 5 (fid=19) not available, trying Charger 0 (fid=22)",414.64221008058314,0,,
Car 96,,,,,2,switch,,"Charger 2 (fid=36) not available, trying Charger 5 (fid=19)",414.80795010468637,5,,
Car 124,,,,68,,arrived,,arrived,415.0164730768474,,,
Car 78,,,,,,gave_up,4,"no alternate charger available, gave up",415.0480978494276,,,
Car 125,,,,38,,arrived,,arrived,415.3849463892106,,,
Car 126,,,,37,,arrived,,arrived,415.40286095677686,,,
Car 117,,,,,1,switch,,"Charger 1 (fid=82) not available, trying Charger 4 (fid=86)",415.5476133884109,4,,
Car 79,,,,,,gave_up,4,"no alternate charger available, gave up",415.6298124263845,,,
Car 118,,,,,7,switch,,"Charger 7 (fid=52) not available, trying Charger 1 (fid=82)",415.7046545402909,1,,
Car 105,,,,,0,switch,,"Charger 0 (fid=22) not available, trying Charger 6 (fid=77)",415.70468563201075,6,,
Car 119,,,,,0,switch,,"Charger 0 (fid=22) not available, trying Charger 5 (fid=19)",415.96915791118204,5,,
Car 82,,,,,1,switch,,"Charger 1 (fid=82) not available, trying Charger 4 (fid=86)",416.2066244107007,4,,
Car 61,81.0,19,5,,,done,,done charging,416.2168823232757,,,197.5679672467404
Car 108,,19,5,,,start_charge,,starting to charge at Charger 5 (fid=19),416.2168823232757,,12.073373175846768,
Car 127,,,,9,,arrived,,arrived,416.21814951867486,,,
Car 83,,,,,1,switch,,"Charger 1 (fid=82) not available, trying Charger 4 (fid=86)",416.47966884966405,4,,
Car 85,,,,,1,switch,,"Charger 1 (fid=82) not available, trying Charger 0 (fid=22)",416.48727409517835,0,,
Car 93,,,,,7,switch,,"Charger 7 (fid=52) not available, trying Charger 3 (fid=53)",416.5899909731276,3,,
Car 97,,,,,1,switch,,"Charger 1 (fid=82) not available, trying Charger 6 (fid=77)",416.597258179065,6,,
Car 128,,,,14,,arrived,,arrived,416.9858923939272,,,
Car 76,,,,,,gave_up,0,"no alternate charger available, gave up",417.1528068034124,,,
Car 107,,,,,3,switch,,"Charger 3 (fid=53) not available, trying Charger 2 (fid=36)",417.2003969525999,2,,
Car 94,,,,,7,switch,,"Charger 7 (fid=52) not available, trying Charger 3 (fid=53)",417.27745064908544,3,,
Car 90,,,,,3,switch,,"Charger 3 (fid=53) not available, trying Charger 1 (fid=82)",417.459583054539,1,,
Car 120,,,,,2,switch,,"Charger 2 (fid=36) not available, trying Charger 5 (fid=19)",417.6062222493665,5,,
Car 129,,,,60,,arrived,,arrived,417.6618768143767,,,
Car 54,96.0,36,2,,,done,,done charging,418.0325685369794,,,212.85685323475343
Car 100,,36,2,,,start_charge,,starting to charge at Charger 2 (fid=36),418.0325685369794,,17.854093668550547,
Car 121,,,,,0,switch,,"Charger 0 (fid=22) not available, trying Charger 5 (fid=19)",418.7023380456005,5,,
Car 130,,,,8,,arrived,,arrived,418.8309990388361,,,
Car 122,,,,,0,switch,,"Charger 0 (fid=22) not available, trying Charger 6 (fid=77)",418.8903872814727,6,,
Car 88,,,,,1,switch,,"Charger 1 (fid=82) not available, trying Charger 4 (fid=86)",418.9264090013013,4,,
Car 114,,,,,7,switch,,"Charger 7 (fid=52) not available, trying Charger 6 (fid=77)",419.0647320402827,6,,
Car 112,,,,,3,switch,,"Charger 3 (fid=53) not available, trying Charger 7 (fid=52)",419.17252891827854,7,,
Car 99,,,,,6,switch,,"Charger 6 (fid=77) not available, trying Charger 7 (fid=52)",419.2008505539837,7,,
Car 113,,,,,3,switch,,"Charger 3 (fid=53) not available, trying Charger 7 (fid=52)",419.2480021730996,7,,
Car 101,,,,,6,switch,,"Charger 6 (fid=77) not available, trying Charger 7 (fid=52)",419.55058899137003,7,,
Car 123,,,,,5,switch,,"Charger 5 (fid=19) not available, trying Charger 2 (fid=36)",419.6009608819424,2,,
Car 98,,,,,6,switch,,"Charger 6 (fid=77) not available, trying Charger 7 (fid=52)",419.66994551566654,7,,
Car 131,,,,77,,arrived,,arrived,419.7754703612144,,,
Car 124,,,,,5,switch,,"Charger 5 (fid=19) not available, trying Charger 2 (fid=36)",420.0164730768474,2,,
Car 132,,,,73,,arrived,,arrived,420.0914533114032,,,
Car 115,,,,,5,switch,,"Charger 5 (fid=19) not available, trying Charger 2 (fid=36)",420.15844966341285,2,,
Car 110,,,,,0,switch,,"Charger 0 (fid=22) not available, trying Charger 6 (fid=77)",420.21284919858675,6,,
Car 125,,,,,0,switch,,"Charger 0 (fid=22) not available, trying Charger 5 (fid=19)",420.3849463892106,5,,
Car 126,,,,,0,switch,,"Charger 0 (fid=22) not available, trying Charger 5 (fid=19)",420.40286095677686,5,,
Car 96,,,,,5,switch,,"Charger 5 (fid=19) not available, trying Charger 0 (fid=22)",420.56080693781865,0,,
Car 106,,,,,1,switch,,"Charger 1 (fid=82) not available, trying Charger 4 (fid=86)",420.6884931315809,4,,
Car 133,,,,15,,arrived,,arrived,420.74617912975884,,,
Car 87,,,,,1,switch,,"Charger 1 (fid=82) not available, trying Charger 4 (fid=86)",420.79842905457997,4,,
Car 117,,,,,4,switch,,"Charger 4 (fid=86) not available, trying Charger 7 (fid=52)",420.83006509672504,7,,
Car 95,,,,,7,switch,,"Charger 7 (fid=52) not available, trying Charger 3 (fid=53)",420.8334740328773,3,,
Car 111,,,,,0,switch,,"Charger 0 (fid=22) not available, trying Charger 6 (fid=77)",421.1029372335233,6,,
Car 127,,,,,6,switch,,"Charger 6 (fid=77) not available, trying Charger 2 (fid=36)",421.21814951867486,2,,
Car 134,,,,14,,arrived,,arrived,421.3669545401195,,,
Car 82,,,,,,gave_up,4,"no alternate charger available, gave up",421.48907611901484,,,
Car 104,,,,,6,switch,,"Charger 6 (fid=77) not available, trying Charger 7 (fid=52)",421.5358746490764,7,,
Car 102,,,,,2,switch,,"Charger 2 (fid=36) not available, trying Charger 5 (fid=19)",421.727930938988,5,,
Car 83,,,,,,gave_up,4,"no alternate charger available, gave up",421.76212055797816,,,
Car 116,,,,,2,switch,,"Charger 2 (fid=36) not available, trying Charger 1 (fid=82)",421.983123289059,1,,
Car 128,,,,,2,switch,,"Charger 2 (fid=36) not available, trying Charger 5 (fid=19)",421.9858923939272,5,,
Car 135,,,,55,,arrived,,arrived,422.36272242508153,,,
Car 119,,,,,5,switch,,"Charger 5 (fid=19) not available, trying Charger 2 (fid=36)",422.4298850641222,2,,
Car 103,,,,,2,switch,,"Charger 2 (fid=36) not available, trying Charger 4 (fid=86)",422.54740404898234,4,,
Car 93,,,,,3,switch,,"Charger 3 (fid=53) not available, trying Charger 1 (fid=82)",422.60992759215947,1,,
Car 129,,,,,6,switch,,"Charger 6 (fid=77) not available, trying Charger 3 (fid=53)",422.6618768143767,3,,
Car 136,,,,37,,arrived,,arrived,422.741789614105,,,
Car 89,,,,,1,switch,,"Charger 1 (fid=82) not available, trying Charger 4 (fid=86)",422.7459757850926,4,,
Car 137,,,,72,,arrived,,arrived,422.8067811574079,,,
Car 94,,,,,3,switch,,"Charger 3 (fid=53) not available, trying Charger 1 (fid=82)",423.2973872681173,1,,
Car 120,,,,,5,switch,,"Charger 5 (fid=19) not available, trying Charger 0 (fid=22)",423.3590790824988,0,,
Car 118,,,,,1,switch,,"Charger 1 (fid=82) not available, trying Charger 4 (fid=86)",423.36257222875804,4,,
Car 138,,,,68,,arrived,,arrived,423.4830566295899,,,
Car 130,,,,,6,switch,,"Charger 6 (fid=77) not available, trying Charger 2 (fid=36)",423.8309990388361,2,,
Car 88,,,,,,gave_up,4,"no alternate charger available, gave up",424.2088607096154,,,
Car 131,,,,,6,switch,,"Charger 6 (fid=77) not available, trying Charger 7 (fid=52)",424.7754703612144,7,,
Car 139,,,,77,,arrived,,arrived,425.00802301054375,,,
Car 105,,,,,6,switch,,"Charger 6 (fid=77) not available, trying Charger 7 (fid=52)",425.04279044347163,7,,
Car 132,,,,,6,switch,,"Charger 6 (fid=77) not available, trying Charger 2 (fid=36)",425.0914533114032,2,,
Car 56,111.0,36,2,,,done,,done charging,425.0987751164275,,,287.56545540277443
Car 123,,36,2,,,start_charge,,starting to charge at Charger 2 (fid=36),425.0987751164275,,9.744957401352792,
Car 121,,,,,5,switch,,"Charger 5 (fid=19) not available, trying Charger 2 (fid=36)",425.16306519854066,2,,
Car 112,,,,,7,switch,,"Charger 7 (fid=52) not available, trying Charger 2 (fid=36)",425.1924655373104,2,,
Car 113,,,,,7,switch,,"Charger 7 (fid=52) not available, trying Charger 2 (fid=36)",425.2679387921315,2,,
Car 114,,,,,6,switch,,"Charger 6 (fid=77) not available, trying Charger 4 (fid=86)",425.6304696565074,4,,
Car 133,,,,,2,switch,,"Charger 2 (fid=36) not available, trying Charger 5 (fid=19)",425.74617912975884,5,,
Car 99,,,,,7,switch,,"Charger 7 (fid=52) not available, trying Charger 3 (fid=53)",425.76658817020837,3,,
Car 124,,,,,2,switch,,"Charger 2 (fid=36) not available, trying Charger 0 (fid=22)",425.76932990997966,0,,
Car 97,,,,,6,switch,,"Charger 6 (fid=77) not available, trying Charger 2 (fid=36)",425.7824361960628,2,,
Car 90,,,,,1,switch,,"Charger 1 (fid=82) not available, trying Charger 4 (fid=86)",425.8037972618804,4,,
Car 115,,,,,2,switch,,"Charger 2 (fid=36) not available, trying Charger 6 (fid=77)",425.91130649654514,6,,
Car 107,,,,,2,switch,,"Charger 2 (fid=36) not available, trying Charger 5 (fid=19)",425.9545826444617,5,,
Car 106,,,,,4,switch,,"Charger 4 (fid=86) not available, trying Charger 6 (fid=77)",425.970944839895,6,,
Car 140,,,,15,,arrived,,arrived,426.055274471338,,,
Car 87,,,,,,gave_up,4,"no alternate charger available, gave up",426.0808807628941,,,
Car 141,,,,63,,arrived,,arrived,426.0900131624502,,,
Car 101,,,,,7,switch,,"Charger 7 (fid=52) not available, trying Charger 3 (fid=53)",426.1163266075947,3,,
Car 98,,,,,7,switch,,"Charger 7 (fid=52) not available, trying Charger 3 (fid=53)",426.2356831318912,3,,
Car 134,,,,,2,switch,,"Charger 2 (fid=36) not available, trying Charger 5 (fid=19)",426.3669545401195,5,,
Car 125,,,,,5,switch,,"Charger 5 (fid=19) not available, trying Charger 2 (fid=36)",426.84567354215073,2,,
Car 95,,,,,3,switch,,"Charger 3 (fid=53) not available, trying Charger 1 (fid=82)",426.85341065190914,1,,
Car 126,,,,,5,switch,,"Charger 5 (fid=19) not available, trying Charger 2 (fid=36)",426.863588109717,2,,
Car 96,,,,,0,switch,,"Charger 0 (fid=22) not available, trying Charger 4 (fid=86)",427.0215340907588,4,,
Car 135,,,,,5,switch,,"Charger 5 (fid=19) not available, trying Charger 2 (fid=36)",427.36272242508153,2,,
Car 102,,,,,5,switch,,"Charger 5 (fid=19) not available, trying Charger 0 (fid=22)",427.48078777212027,0,,
Car 128,,,,,5,switch,,"Charger 5 (fid=19) not available, trying Charger 0 (fid=22)",427.7387492270595,0,,
Car 136,,,,,0,switch,,"Charger 0 (fid=22) not available, trying Charger 5 (fid=19)",427.741789614105,5,,
Car 137,,,,,5,switch,,"Charger 5 (fid=19) not available, trying Charger 2 (fid=36)",427.8067811574079,2,,
Car 89,,,,,,gave_up,4,"no alternate charger available, gave up",428.0284274934067,,,
Car 104,,,,,7,switch,,"Charger 7 (fid=52) not available, trying Charger 3 (fid=53)",428.10161226530107,3,,
Car 85,,,,,,gave_up,0,"no alternate charger available, gave up",428.10400337972254,,,
Car 119,,,,,2,switch,,"Charger 2 (fid=36) not available, trying Charger 6 (fid=77)",428.18274189725446,6,,
Car 122,,,,,6,switch,,"Charger 6 (fid=77) not available, trying Charger 2 (fid=36)",428.2284920929336,2,,
Car 117,,,,,7,switch,,"Charger 7 (fid=52) not available, trying Charger 3 (fid=53)",428.45993249426533,3,,
Car 138,,,,,5,switch,,"Charger 5 (fid=19) not available, trying Charger 2 (fid=36)",428.4830566295899,2,,
Car 118,,,,,4,switch,,"Charger 4 (fid=86) not available, trying Charger 3 (fid=53)",428.64502393707215,3,,
Car 127,,,,,2,switch,,"Charger 2 (fid=36) not available, trying Charger 3 (fid=53)",428.7734538792361,3,,
Car 129,,,,,3,switch,,"Charger 3 (fid=53) not available, trying Charger 7 (fid=52)",429.23490068484176,7,,
Car 142,,,,55,,arrived,,arrived,429.46119432733866,,,
Car 110,,,,,6,switch,,"Charger 6 (fid=77) not available, trying Charger 7 (fid=52)",429.55095401004763,7,,
Car 63,65.0,53,3,,,done,,done charging,429.7715790001096,,,544.11554010705
Car 140,,53,3,,,start_charge,,starting to charge at Charger 3 (fid=53),429.7715790001096,,3.716304528771616,
Car 120,,,,,0,switch,,"Charger 0 (fid=22) not available, trying Charger 6 (fid=77)",429.81980623543893,6,,
Car 139,,,,,6,switch,,"Charger 6 (fid=77) not available, trying Charger 7 (fid=52)",430.00802301054375,7,,
Car 143,,,,21,,arrived,,arrived,430.16547636584806,,,
Car 111,,,,,6,switch,,"Charger 6 (fid=77) not available, trying Charger 7 (fid=52)",430.44104204498416,7,,
Car 144,,,,34,,arrived,,arrived,430.4891690670865,,,
Car 145,,,,37,,arrived,,arrived,430.81907409178126,,,
Car 121,,,,,2,switch,,"Charger 2 (fid=36) not available, trying Charger 6 (fid=77)",430.91592203167295,6,,
Car 93,,,,,1,switch,,"Charger 1 (fid=82) not available, trying Charger 4 (fid=86)",430.95414179950086,4,,
Car 90,,,,,,gave_up,4,"no alternate charger available, gave up",431.0862489701945,,,
Car 141,,,,,0,switch,,"Charger 0 (fid=22) not available, trying Charger 6 (fid=77)",431.0900131624502,6,,
Car 146,,,,54,,arrived,,arrived,431.2800776430497,,,
Car 131,,,,,7,switch,,"Charger 7 (fid=52) not available, trying Charger 3 (fid=53)",431.34120797743907,3,,
Car 130,,,,,2,switch,,"Charger 2 (fid=36) not available, trying Charger 0 (fid=22)",431.3863033993974,0,,
Car 133,,,,,5,switch,,"Charger 5 (fid=19) not available, trying Charger 0 (fid=22)",431.4990359628911,0,,
Car 147,,,,124,,arrived,,arrived,431.53857247468056,,,
Car 116,,,,,1,switch,,"Charger 1 (fid=82) not available, trying Charger 4 (fid=86)",431.543284328913,4,,
Car 105,,,,,7,switch,,"Charger 7 (fid=52) not available, trying Charger 3 (fid=53)",431.6085280596963,3,,
Car 94,,,,,1,switch,,"Charger 1 (fid=82) not available, trying Charger 4 (fid=86)",431.6416014754587,4,,
Car 107,,,,,5,switch,,"Charger 5 (fid=19) not available, trying Charger 0 (fid=22)",431.707439477594,0,,
Car 99,,,,,3,switch,,"Charger 3 (fid=53) not available, trying Charger 1 (fid=82)",431.7865247892402,1,,
Car 148,,,,68,,arrived,,arrived,431.96134742802377,,,
Car 134,,,,,5,switch,,"Charger 5 (fid=19) not available, trying Charger 0 (fid=22)",432.11981137325176,0,,
Car 101,,,,,3,switch,,"Charger 3 (fid=53) not available, trying Charger 1 (fid=82)",432.13626322662657,1,,
Car 98,,,,,3,switch,,"Charger 3 (fid=53) not available, trying Charger 1 (fid=82)",432.2556197509231,1,,
Car 103,,,,,4,switch,,"Charger 4 (fid=86) not available, trying Charger 5 (fid=19)",432.2585343235497,5,,
Car 65,65.0,53,3,,,done,,done charging,432.410729111457,,,421.7176784402122
Car 104,,53,3,,,start_charge,,starting to charge at Charger 3 (fid=53),432.410729111457,,28.289180227124064,
Car 125,,,,,2,switch,,"Charger 2 (fid=36) not available, trying Charger 6 (fid=77)",432.598530375283,6,,
Car 126,,,,,2,switch,,"Charger 2 (fid=36) not available, trying Charger 6 (fid=77)",432.6164449428493,6,,
Car 132,,,,,2,switch,,"Charger 2 (fid=36) not available, trying Charger 5 (fid=19)",432.64675767196445,5,,
Car 124,,,,,0,switch,,"Charger 0 (fid=22) not available, trying Charger 6 (fid=77)",432.91231828416977,6,,
Car 135,,,,,2,switch,,"Charger 2 (fid=36) not available, trying Charger 0 (fid=22)",433.1155792582138,0,,
Car 112,,,,,2,switch,,"Charger 2 (fid=36) not available, trying Charger 5 (fid=19)",433.22080303434984,5,,
Car 149,,,,12,,arrived,,arrived,433.249756278979,,,
Car 113,,,,,2,switch,,"Charger 2 (fid=36) not available, trying Charger 5 (fid=19)",433.2962762891709,5,,
Car 97,,,,,2,switch,,"Charger 2 (fid=36) not available, trying Charger 5 (fid=19)",433.33774055662406,5,,
Car 115,,,,,6,switch,,"Charger 6 (fid=77) not available, trying Charger 7 (fid=52)",433.4666108571064,7,,
Car 137,,,,,2,switch,,"Charger 2 (fid=36) not available, trying Charger 0 (fid=22)",433.5596379905402,0,,
Car 102,,,,,0,switch,,"Charger 0 (fid=22) not available, trying Charger 1 (fid=82)",433.9415149250604,1,,
Car 128,,,,,0,switch,,"Charger 0 (fid=22) not available, trying Charger 6 (fid=77)",434.1994763799996,6,,
Car 136,,,,,5,switch,,"Charger 5 (fid=19) not available, trying Charger 2 (fid=36)",434.20251676704515,2,,
Car 138,,,,,2,switch,,"Charger 2 (fid=36) not available, trying Charger 0 (fid=22)",434.2359134627222,0,,
Car 150,,,,61,,arrived,,arrived,434.36495761115754,,,
Car 151,,,,9,,arrived,,arrived,434.4078244695812,,,
Car 142,,,,,5,switch,,"Charger 5 (fid=19) not available, trying Charger 2 (fid=36)",434.46119432733866,2,,
Car 117,,,,,3,switch,,"Charger 3 (fid=53) not available, trying Charger 6 (fid=77)",434.4798691132972,6,,
Car 114,,,,,4,switch,,"Charger 4 (fid=86) not available, trying Charger 1 (fid=82)",434.8113334769196,1,,
Car 152,,,,61,,arrived,,arrived,435.0412403571067,,,
Car 153,,,,9,,arrived,,arrived,435.0559598893282,,,
Car 106,,,,,6,switch,,"Charger 6 (fid=77) not available, trying Charger 3 (fid=53)",435.1518086603072,3,,
Car 143,,,,,7,switch,,"Charger 7 (fid=52) not available, trying Charger 1 (fid=82)",435.16547636584806,1,,
Car 95,,,,,1,switch,,"Charger 1 (fid=82) not available, trying Charger 4 (fid=86)",435.19762485925054,4,,
Car 129,,,,,7,switch,,"Charger 7 (fid=52) not available, trying Charger 2 (fid=36)",435.2548373038736,2,,
Car 144,,,,,2,switch,,"Charger 2 (fid=36) not available, trying Charger 5 (fid=19)",435.4891690670865,5,,
Car 154,,,,38,,arrived,,arrived,435.5536154068334,,,
Car 155,,,,1,,arrived,,arrived,435.5951933875699,,,
Car 119,,,,,6,switch,,"Charger 6 (fid=77) not available, trying Charger 7 (fid=52)",435.7380462578157,7,,
Car 122,,,,,2,switch,,"Charger 2 (fid=36) not available, trying Charger 5 (fid=19)",435.78379645349486,5,,
Car 145,,,,,0,switch,,"Charger 0 (fid=22) not available, trying Charger 5 (fid=19)",435.81907409178126,5,,
Car 110,,,,,7,switch,,"Charger 7 (fid=52) not available, trying Charger 3 (fid=53)",436.1166916262723,3,,
Car 93,,,,,,gave_up,4,"no alternate charger available, gave up",436.236593507815,,,
Car 146,,,,,5,switch,,"Charger 5 (fid=19) not available, trying Charger 2 (fid=36)",436.2800776430497,2,,
Car 147,,,,,5,switch,,"Charger 5 (fid=19) not available, trying Charger 2 (fid=36)",436.53857247468056,2,,
Car 139,,,,,7,switch,,"Charger 7 (fid=52) not available, trying Charger 3 (fid=53)",436.57376062676843,3,,
Car 116,,,,,4,switch,,"Charger 4 (fid=86) not available, trying Charger 6 (fid=77)",436.8257360372271,6,,
Car 156,,,,81,,arrived,,arrived,436.8529898531009,,,
Car 118,,,,,3,switch,,"Charger 3 (fid=53) not available, trying Charger 6 (fid=77)",436.8880156931478,6,,
Car 94,,,,,,gave_up,4,"no alternate charger available, gave up",436.9240531837728,,,
Car 148,,,,,5,switch,,"Charger 5 (fid=19) not available, trying Charger 2 (fid=36)",436.96134742802377,2,,
Car 111,,,,,7,switch,,"Charger 7 (fid=52) not available, trying Charger 3 (fid=53)",437.00677966120884,3,,
Car 157,,,,36,,arrived,,arrived,437.272674891384,,,
Car 131,,,,,3,switch,,"Charger 3 (fid=53) not available, trying Charger 2 (fid=36)",437.3611445964709,2,,
Car 127,,,,,3,switch,,"Charger 3 (fid=53) not available, trying Charger 5 (fid=19)",437.52763957109795,5,,
Car 105,,,,,3,switch,,"Charger 3 (fid=53) not available, trying Charger 1 (fid=82)",437.62846467872816,1,,
Car 133,,,,,0,switch,,"Charger 0 (fid=22) not available, trying Charger 6 (fid=77)",437.95976311583127,6,,
Car 107,,,,,0,switch,,"Charger 0 (fid=22) not available, trying Charger 1 (fid=82)",438.16816663053413,1,,
Car 149,,,,,7,switch,,"Charger 7 (fid=52) not available, trying Charger 2 (fid=36)",438.249756278979,2,,
Car 132,,,,,5,switch,,"Charger 5 (fid=19) not available, trying Charger 0 (fid=22)",438.39961450509674,0,,
Car 121,,,,,6,switch,,"Charger 6 (fid=77) not available, trying Charger 7 (fid=52)",438.4712263922342,7,,
Car 130,,,,,0,switch,,"Charger 0 (fid=22) not available, trying Charger 5 (fid=19)",438.5292917735875,5,,
Car 134,,,,,0,switch,,"Charger 0 (fid=22) not available, trying Charger 6 (fid=77)",438.5805385261919,6,,
Car 158,,,,37,,arrived,,arrived,438.68676006001243,,,
Car 159,,,,66,,arrived,,arrived,438.72349478501235,,,
Car 96,,,,,4,switch,,"Charger 4 (fid=86) not available, trying Charger 1 (fid=82)",438.8124126875619,1,,
Car 112,,,,,5,switch,,"Charger 5 (fid=19) not available, trying Charger 4 (fid=86)",438.9736598674821,4,,
Car 113,,,,,5,switch,,"Charger 5 (fid=19) not available, trying Charger 0 (fid=22)",439.0491331223032,0,,
Car 97,,,,,5,switch,,"Charger 5 (fid=19) not available, trying Charger 0 (fid=22)",439.09059738975634,0,,
Car 120,,,,,6,switch,,"Charger 6 (fid=77) not available, trying Charger 7 (fid=52)",439.1579110468998,7,,
Car 150,,,,,6,switch,,"Charger 6 (fid=77) not available, trying Charger 3 (fid=53)",439.36495761115754,3,,
Car 151,,,,,6,switch,,"Charger 6 (fid=77) not available, trying Charger 2 (fid=36)",439.4078244695812,2,,
Car 136,,,,,2,switch,,"Charger 2 (fid=36) not available, trying Charger 6 (fid=77)",439.95537360017744,6,,
Car 115,,,,,7,switch,,"Charger 7 (fid=52) not available, trying Charger 3 (fid=53)",440.03234847333107,3,,
Car 152,,,,,6,switch,,"Charger 6 (fid=77) not available, trying Charger 3 (fid=53)",440.0412403571067,3,,
Car 153,,,,,6,switch,,"Charger 6 (fid=77) not available, trying Charger 2 (fid=36)",440.0559598893282,2,,
Car 160,,,,23,,arrived,,arrived,440.0641014397501,,,
Car 114,,,,,1,switch,,"Charger 1 (fid=82) not available, trying Charger 2 (fid=36)",440.0937851852337,2,,
Car 99,,,,,1,switch,,"Charger 1 (fid=82) not available, trying Charger 4 (fid=86)",440.1307389965816,4,,
Car 125,,,,,6,switch,,"Charger 6 (fid=77) not available, trying Charger 7 (fid=52)",440.15383473584427,7,,
Car 161,,,,57,,arrived,,arrived,440.1549932684076,,,
Car 126,,,,,6,switch,,"Charger 6 (fid=77) not available, trying Charger 7 (fid=52)",440.17174930341054,7,,
Car 142,,,,,2,switch,,"Charger 2 (fid=36) not available, trying Charger 0 (fid=22)",440.21405116047094,0,,
Car 135,,,,,0,switch,,"Charger 0 (fid=22) not available, trying Charger 6 (fid=77)",440.2585676324039,6,,
Car 141,,,,,6,switch,,"Charger 6 (fid=77) not available, trying Charger 2 (fid=36)",440.42811797391107,2,,
Car 95,,,,,,gave_up,4,"no alternate charger available, gave up",440.48007656756465,,,
Car 101,,,,,1,switch,,"Charger 1 (fid=82) not available, trying Charger 4 (fid=86)",440.48047743396796,4,,
Car 162,,,,77,,arrived,,arrived,440.53875246471506,,,
Car 154,,,,,0,switch,,"Charger 0 (fid=22) not available, trying Charger 5 (fid=19)",440.5536154068334,5,,
Car 155,,,,,7,switch,,"Charger 7 (fid=52) not available, trying Charger 6 (fid=77)",440.5951933875699,6,,
Car 98,,,,,1,switch,,"Charger 1 (fid=82) not available, trying Charger 4 (fid=86)",440.59983395826447,4,,
Car 137,,,,,0,switch,,"Charger 0 (fid=22) not available, trying Charger 6 (fid=77)",440.7026263647303,6,,
Car 163,,,,23,,arrived,,arrived,441.0176380437919,,,
Car 117,,,,,6,switch,,"Charger 6 (fid=77) not available, trying Charger 2 (fid=36)",441.05289298376226,2,,
Car 164,,,,4,,arrived,,arrived,441.13353369093045,,,
Car 144,,,,,5,switch,,"Charger 5 (fid=19) not available, trying Charger 0 (fid=22)",441.2420259002188,0,,
Car 138,,,,,0,switch,,"Charger 0 (fid=22) not available, trying Charger 6 (fid=77)",441.3789018369123,6,,
Car 165,,,,4,,arrived,,arrived,441.4291009554158,,,
Car 166,,,,41,,arrived,,arrived,441.5133180786961,,,
Car 122,,,,,5,switch,,"Charger 5 (fid=19) not available, trying Charger 3 (fid=53)",441.53665328662714,3,,
Car 167,,,,45,,arrived,,arrived,441.55207183522475,,,
Car 106,,,,,3,switch,,"Charger 3 (fid=53) not available, trying Charger 5 (fid=19)",441.7248325307723,5,,
Car 156,,,,,2,switch,,"Charger 2 (fid=36) not available, trying Charger 5 (fid=19)",441.8529898531009,5,,
Car 146,,,,,2,switch,,"Charger 2 (fid=36) not available, trying Charger 0 (fid=22)",442.032934476182,0,,
Car 110,,,,,3,switch,,"Charger 3 (fid=53) not available, trying Charger 1 (fid=82)",442.13662824530417,1,,
Car 124,,,,,6,switch,,"Charger 6 (fid=77) not available, trying Charger 7 (fid=52)",442.25042309563065,7,,
Car 157,,,,,2,switch,,"Charger 2 (fid=36) not available, trying Charger 5 (fid=19)",442.272674891384,5,,
Car 145,,,,,5,switch,,"Charger 5 (fid=19) not available, trying Charger 2 (fid=36)",442.2798012447214,2,,
Car 147,,,,,2,switch,,"Charger 2 (fid=36) not available, trying Charger 0 (fid=22)",442.29142930781285,0,,
Car 119,,,,,7,switch,,"Charger 7 (fid=52) not available, trying Charger 3 (fid=53)",442.3037838740404,3,,
Car 103,,,,,5,switch,,"Charger 5 (fid=19) not available, trying Charger 1 (fid=82)",442.58913061542506,1,,
Car 139,,,,,3,switch,,"Charger 3 (fid=53) not available, trying Charger 2 (fid=36)",442.5936972458003,2,,
Car 148,,,,,2,switch,,"Charger 2 (fid=36) not available, trying Charger 0 (fid=22)",442.71420426115606,0,,
Car 168,,,,29,,arrived,,arrived,442.71888421938564,,,
Car 143,,,,,1,switch,,"Charger 1 (fid=82) not available, trying Charger 4 (fid=86)",442.8233940543152,4,,
Car 111,,,,,3,switch,,"Charger 3 (fid=53) not available, trying Charger 1 (fid=82)",443.0267162802407,1,,
Car 169,,,,11,,arrived,,arrived,443.2810341187503,,,
Car 129,,,,,2,switch,,"Charger 2 (fid=36) not available, trying Charger 5 (fid=19)",443.28317480091306,5,,
Car 118,,,,,6,switch,,"Charger 6 (fid=77) not available, trying Charger 2 (fid=36)",443.46103956361287,2,,
Car 128,,,,,6,switch,,"Charger 6 (fid=77) not available, trying Charger 7 (fid=52)",443.5375811914605,7,,
Car 158,,,,,0,switch,,"Charger 0 (fid=22) not available, trying Charger 5 (fid=19)",443.68676006001243,5,,
Car 159,,,,,6,switch,,"Charger 6 (fid=77) not available, trying Charger 3 (fid=53)",443.72349478501235,3,,
Car 96,,,,,,gave_up,1,"no alternate charger available, gave up",444.094864395876,,,
Car 170,,,,15,,arrived,,arrived,444.1360245071448,,,
Car 171,,,,58,,arrived,,arrived,444.5943237394533,,,
Car 132,,,,,0,switch,,"Charger 0 (fid=22) not available, trying Charger 7 (fid=52)",444.8603416580369,7,,
Car 172,,,,25,,arrived,,arrived,444.8643838010187,,,
Car 173,,,,64,,arrived,,arrived,444.86507929663486,,,
Car 130,,,,,5,switch,,"Charger 5 (fid=19) not available, trying Charger 3 (fid=53)",444.9900189265276,3,,
Car 121,,,,,7,switch,,"Charger 7 (fid=52) not available, trying Charger 3 (fid=53)",445.0369640084589,3,,
Car 160,,,,,0,switch,,"Charger 0 (fid=22) not available, trying Charger 5 (fid=19)",445.0641014397501,5,,
Car 174,,,,37,,arrived,,arrived,445.093593197548,,,
Car 161,,,,,5,switch,,"Charger 5 (fid=19) not available, trying Charger 2 (fid=36)",445.1549932684076,2,,
Car 99,,,,,,gave_up,4,"no alternate charger available, gave up",445.4131907048957,,,
Car 113,,,,,0,switch,,"Charger 0 (fid=22) not available, trying Charger 1 (fid=82)",445.50986027524334,1,,
Car 175,,,,4,,arrived,,arrived,445.53712991800904,,,
Car 162,,,,,6,switch,,"Charger 6 (fid=77) not available, trying Charger 7 (fid=52)",445.53875246471506,7,,
Car 97,,,,,,gave_up,0,"no alternate charger available, gave up",445.5513245426965,,,
Car 102,,,,,1,switch,,"Charger 1 (fid=82) not available, trying Charger 4 (fid=86)",445.5582442096046,4,,
Car 120,,,,,7,switch,,"Charger 7 (fid=52) not available, trying Charger 3 (fid=53)",445.7236486631245,3,,
Car 101,,,,,,gave_up,4,"no alternate charger available, gave up",445.7629291422821,,,
Car 98,,,,,,gave_up,4,"no alternate charger available, gave up",445.8822856665786,,,
Car 150,,,,,3,switch,,"Charger 3 (fid=53) not available, trying Charger 7 (fid=52)",445.9379814816226,7,,
Car 105,,,,,1,switch,,"Charger 1 (fid=82) not available, trying Charger 4 (fid=86)",445.97267888606956,4,,
Car 116,,,,,6,switch,,"Charger 6 (fid=77) not available, trying Charger 3 (fid=53)",446.0065998576393,3,,
Car 163,,,,,0,switch,,"Charger 0 (fid=22) not available, trying Charger 5 (fid=19)",446.0176380437919,5,,
Car 115,,,,,3,switch,,"Charger 3 (fid=53) not available, trying Charger 1 (fid=82)",446.0522850923629,1,,
Car 131,,,,,2,switch,,"Charger 2 (fid=36) not available, trying Charger 5 (fid=19)",446.11533028833276,5,,
Car 164,,,,,6,switch,,"Charger 6 (fid=77) not available, trying Charger 7 (fid=52)",446.13353369093045,7,,
Car 149,,,,,2,switch,,"Charger 2 (fid=36) not available, trying Charger 1 (fid=82)",446.27809377601847,1,,
Car 165,,,,,0,switch,,"Charger 0 (fid=22) not available, trying Charger 5 (fid=19)",446.4291009554158,5,,
Car 166,,,,,0,switch,,"Charger 0 (fid=22) not available, trying Charger 5 (fid=19)",446.5133180786961,5,,
Car 176,,,,51,,arrived,,arrived,446.53884202194473,,,
Car 167,,,,,6,switch,,"Charger 6 (fid=77) not available, trying Charger 2 (fid=36)",446.55207183522475,2,,
Car 152,,,,,3,switch,,"Charger 3 (fid=53) not available, trying Charger 7 (fid=52)",446.61426422757177,7,,
Car 125,,,,,7,switch,,"Charger 7 (fid=52) not available, trying Charger 3 (fid=53)",446.71957235206895,3,,
Car 177,,,,30,,arrived,,arrived,446.7211313831298,,,
Car 126,,,,,7,switch,,"Charger 7 (fid=52) not available, trying Charger 3 (fid=53)",446.7374869196352,3,,
Car 151,,,,,2,switch,,"Charger 2 (fid=36) not available, trying Charger 3 (fid=53)",446.96312883014247,3,,
Car 154,,,,,5,switch,,"Charger 5 (fid=19) not available, trying Charger 2 (fid=36)",447.0143425597735,2,,
Car 127,,,,,5,switch,,"Charger 5 (fid=19) not available, trying Charger 7 (fid=52)",447.0311540890452,7,,
Car 155,,,,,6,switch,,"Charger 6 (fid=77) not available, trying Charger 3 (fid=53)",447.1609310037946,3,,
Car 133,,,,,6,switch,,"Charger 6 (fid=77) not available, trying Charger 7 (fid=52)",447.29786792729215,7,,
Car 142,,,,,0,switch,,"Charger 0 (fid=22) not available, trying Charger 6 (fid=77)",447.35703953466106,6,,
Car 136,,,,,6,switch,,"Charger 6 (fid=77) not available, trying Charger 7 (fid=52)",447.5106779607387,7,,
Car 156,,,,,5,switch,,"Charger 5 (fid=19) not available, trying Charger 7 (fid=52)",447.6058466862332,7,,
Car 153,,,,,2,switch,,"Charger 2 (fid=36) not available, trying Charger 3 (fid=53)",447.6112642498895,3,,
Car 144,,,,,0,switch,,"Charger 0 (fid=22) not available, trying Charger 6 (fid=77)",447.7027530531589,6,,
Car 168,,,,,2,switch,,"Charger 2 (fid=36) not available, trying Charger 5 (fid=19)",447.71888421938564,5,,
Car 134,,,,,6,switch,,"Charger 6 (fid=77) not available, trying Charger 7 (fid=52)",447.9186433376528,7,,
Car 141,,,,,2,switch,,"Charger 2 (fid=36) not available, trying Charger 5 (fid=19)",447.9834223344723,5,,
Car 178,,,,52,,arrived,,arrived,448.0135341211514,,,
Car 157,,,,,5,switch,,"Charger 5 (fid=19) not available, trying Charger 0 (fid=22)",448.02553172451627,0,,
Car 145,,,,,2,switch,,"Charger 2 (fid=36) not available, trying Charger 6 (fid=77)",448.0326580778537,6,,
Car 143,,,,,4,switch,,"Charger 4 (fid=86) not available, trying Charger 2 (fid=36)",448.1058457626293,2,,
Car 169,,,,,6,switch,,"Charger 6 (fid=77) not available, trying Charger 2 (fid=36)",448.2810341187503,2,,
Car 179,,,,50,,arrived,,arrived,448.29752490577727,,,
Car 119,,,,,3,switch,,"Charger 3 (fid=53) not available, trying Charger 1 (fid=82)",448.32372049307224,1,,
Car 117,,,,,2,switch,,"Charger 2 (fid=36) not available, trying Charger 5 (fid=19)",448.6081973443235,5,,
Car 124,,,,,7,switch,,"Charger 7 (fid=52) not available, trying Charger 3 (fid=53)",448.81616071185533,3,,
Car 129,,,,,5,switch,,"Charger 5 (fid=19) not available, trying Charger 0 (fid=22)",449.03603163404534,0,,
Car 170,,,,,2,switch,,"Charger 2 (fid=36) not available, trying Charger 5 (fid=19)",449.1360245071448,5,,
Car 146,,,,,0,switch,,"Charger 0 (fid=22) not available, trying Charger 6 (fid=77)",449.1759228503721,6,,
Car 180,,,,23,,arrived,,arrived,449.2359360641419,,,
Car 112,,,,,4,switch,,"Charger 4 (fid=86) not available, trying Charger 1 (fid=82)",449.30425615935746,1,,
Car 80,47.0,19,5,,,done,,done charging,449.35880563093383,,,220.05003549647796
Car 158,,19,5,,,start_charge,,starting to charge at Charger 5 (fid=19),449.35880563093383,,9.21131841798126,
Car 147,,,,,0,switch,,"Charger 0 (fid=22) not available, trying Charger 6 (fid=77)",449.43441768200296,6,,
Car 171,,,,,3,switch,,"Charger 3 (fid=53) not available, trying Charger 7 (fid=52)",449.5943237394533,7,,
Car 135,,,,,6,switch,,"Charger 6 (fid=77) not available, trying Charger 7 (fid=52)",449.5966724438648,7,,
Car 114,,,,,2,switch,,"Charger 2 (fid=36) not available, trying Charger 5 (fid=19)",449.6539462250877,5,,
Car 181,,,,14,,arrived,,arrived,449.6749602225172,,,
Car 107,,,,,1,switch,,"Charger 1 (fid=82) not available, trying Charger 4 (fid=86)",449.7848959150783,4,,
Car 148,,,,,0,switch,,"Charger 0 (fid=22) not available, trying Charger 6 (fid=77)",449.85719263534617,6,,
Car 172,,,,,0,switch,,"Charger 0 (fid=22) not available, trying Charger 5 (fid=19)",449.8643838010187,5,,
Car 173,,,,,3,switch,,"Charger 3 (fid=53) not available, trying Charger 4 (fid=86)",449.86507929663486,4,,
Car 137,,,,,6,switch,,"Charger 6 (fid=77) not available, trying Charger 7 (fid=52)",450.0407311761912,7,,
Car 174,,,,,0,switch,,"Charger 0 (fid=22) not available, trying Charger 5 (fid=19)",450.093593197548,5,,
Car 128,,,,,7,switch,,"Charger 7 (fid=52) not available, trying Charger 3 (fid=53)",450.1033188076852,3,,
Car 182,,,,48,,arrived,,arrived,450.2181903125932,,,
Car 159,,,,,3,switch,,"Charger 3 (fid=53) not available, trying Charger 7 (fid=52)",450.2965186554774,7,,
Car 110,,,,,1,switch,,"Charger 1 (fid=82) not available, trying Charger 4 (fid=86)",450.48084245264556,4,,
Car 183,,,,51,,arrived,,arrived,450.516007803758,,,
Car 175,,,,,0,switch,,"Charger 0 (fid=22) not available, trying Charger 5 (fid=19)",450.53712991800904,5,,
Car 138,,,,,6,switch,,"Charger 6 (fid=77) not available, trying Charger 7 (fid=52)",450.7170066483732,7,,
Car 102,,,,,,gave_up,4,"no alternate charger available, gave up",450.8406959179187,,,
Car 161,,,,,2,switch,,"Charger 2 (fid=36) not available, trying Charger 0 (fid=22)",450.9078501015399,0,,
Car 118,,,,,2,switch,,"Charger 2 (fid=36) not available, trying Charger 5 (fid=19)",451.0163439241741,5,,
Car 122,,,,,3,switch,,"Charger 3 (fid=53) not available, trying Charger 7 (fid=52)",451.04016780457437,7,,
Car 121,,,,,3,switch,,"Charger 3 (fid=53) not available, trying Charger 1 (fid=82)",451.05690062749073,1,,
Car 106,,,,,5,switch,,"Charger 5 (fid=19) not available, trying Charger 0 (fid=22)",451.2283470487195,0,,
Car 105,,,,,,gave_up,4,"no alternate charger available, gave up",451.2551305943837,,,
Car 139,,,,,2,switch,,"Charger 2 (fid=36) not available, trying Charger 5 (fid=19)",451.3478829376621,5,,
Car 111,,,,,1,switch,,"Charger 1 (fid=82) not available, trying Charger 4 (fid=86)",451.3709304875821,4,,
Car 160,,,,,5,switch,,"Charger 5 (fid=19) not available, trying Charger 2 (fid=36)",451.52482859269026,2,,
Car 176,,,,,3,switch,,"Charger 3 (fid=53) not available, trying Charger 6 (fid=77)",451.53884202194473,6,,
Car 184,,,,30,,arrived,,arrived,451.6543878100569,,,
Car 177,,,,,2,switch,,"Charger 2 (fid=36) not available, trying Charger 5 (fid=19)",451.7211313831298,5,,
Car 120,,,,,3,switch,,"Charger 3 (fid=53) not available, trying Charger 1 (fid=82)",451.74358528215635,1,,
Car 131,,,,,5,switch,,"Charger 5 (fid=19) not available, trying Charger 4 (fid=86)",451.86818712146504,4,,
Car 150,,,,,7,switch,,"Charger 7 (fid=52) not available, trying Charger 2 (fid=36)",451.95791810065447,2,,
Car 162,,,,,7,switch,,"Charger 7 (fid=52) not available, trying Charger 3 (fid=53)",452.10449008093974,3,,
Car 163,,,,,5,switch,,"Charger 5 (fid=19) not available, trying Charger 2 (fid=36)",452.47836519673206,2,,
Car 116,,,,,3,switch,,"Charger 3 (fid=53) not available, trying Charger 5 (fid=19)",452.57962372810437,5,,
Car 152,,,,,7,switch,,"Charger 7 (fid=52) not available, trying Charger 2 (fid=36)",452.6342008466036,2,,
Car 164,,,,,7,switch,,"Charger 7 (fid=52) not available, trying Charger 3 (fid=53)",452.69927130715513,3,,
Car 125,,,,,3,switch,,"Charger 3 (fid=53) not available, trying Charger 1 (fid=82)",452.7395089711008,1,,
Car 103,,,,,1,switch,,"Charger 1 (fid=82) not available, trying Charger 0 (fid=22)",452.7479707985008,0,,
Car 126,,,,,3,switch,,"Charger 3 (fid=53) not available, trying Charger 1 (fid=82)",452.75742353866707,1,,
Car 154,,,,,2,switch,,"Charger 2 (fid=36) not available, trying Charger 6 (fid=77)",452.7671993929058,6,,
Car 165,,,,,5,switch,,"Charger 5 (fid=19) not available, trying Charger 2 (fid=36)",452.8898281083559,2,,
Car 166,,,,,5,switch,,"Charger 5 (fid=19) not available, trying Charger 2 (fid=36)",452.97404523163624,2,,
Car 178,,,,,7,switch,,"Charger 7 (fid=52) not available, trying Charger 3 (fid=53)",453.0135341211514,3,,
Car 179,,,,,6,switch,,"Charger 6 (fid=77) not available, trying Charger 3 (fid=53)",453.29752490577727,3,,
Car 168,,,,,5,switch,,"Charger 5 (fid=19) not available, trying Charger 0 (fid=22)",453.4717410525179,0,,
Car 185,,,,8,,arrived,,arrived,453.6360131312114,,,
Car 186,,,,22,,arrived,,arrived,453.6842955368656,,,
Car 155,,,,,3,switch,,"Charger 3 (fid=53) not available, trying Charger 2 (fid=36)",453.73395487425967,2,,
Car 141,,,,,5,switch,,"Charger 5 (fid=19) not available, trying Charger 3 (fid=53)",453.7362791676046,3,,
Car 133,,,,,7,switch,,"Charger 7 (fid=52) not available, trying Charger 3 (fid=53)",453.8636055435168,3,,
Car 136,,,,,7,switch,,"Charger 7 (fid=52) not available, trying Charger 3 (fid=53)",454.07641557696337,3,,
Car 187,,,,33,,arrived,,arrived,454.0890852546115,,,
Car 167,,,,,2,switch,,"Charger 2 (fid=36) not available, trying Charger 7 (fid=52)",454.107376195786,7,,
Car 188,,,,80,,arrived,,arrived,454.1467643714568,,,
Car 180,,,,,5,switch,,"Charger 5 (fid=19) not available, trying Charger 2 (fid=36)",454.2359360641419,2,,
Car 117,,,,,5,switch,,"Charger 5 (fid=19) not available, trying Charger 0 (fid=22)",454.3610541774558,0,,
Car 115,,,,,1,switch,,"Charger 1 (fid=82) not available, trying Charger 4 (fid=86)",454.3964992997043,4,,
Car 134,,,,,7,switch,,"Charger 7 (fid=52) not available, trying Charger 3 (fid=53)",454.48438095387746,3,,
Car 157,,,,,0,switch,,"Charger 0 (fid=22) not available, trying Charger 6 (fid=77)",454.4862588774564,6,,
Car 130,,,,,3,switch,,"Charger 3 (fid=53) not available, trying Charger 7 (fid=52)",454.49353344447485,7,,
Car 112,,,,,1,switch,,"Charger 1 (fid=82) not available, trying Charger 0 (fid=22)",454.5867078676716,0,,
Car 181,,,,,2,switch,,"Charger 2 (fid=36) not available, trying Charger 5 (fid=19)",454.6749602225172,5,,
Car 124,,,,,3,switch,,"Charger 3 (fid=53) not available, trying Charger 1 (fid=82)",454.8360973308872,1,,
Car 170,,,,,5,switch,,"Charger 5 (fid=19) not available, trying Charger 0 (fid=22)",454.88888134027707,0,,
Car 132,,,,,7,switch,,"Charger 7 (fid=52) not available, trying Charger 3 (fid=53)",454.9930524681827,3,,
Car 107,,,,,,gave_up,4,"no alternate charger available, gave up",455.06734762339244,,,
Car 182,,,,,0,switch,,"Charger 0 (fid=22) not available, trying Charger 5 (fid=19)",455.2181903125932,5,,
Car 114,,,,,5,switch,,"Charger 5 (fid=19) not available, trying Charger 0 (fid=22)",455.40680305821996,0,,
Car 129,,,,,0,switch,,"Charger 0 (fid=22) not available, trying Charger 1 (fid=82)",455.4967587869855,1,,
Car 183,,,,,3,switch,,"Charger 3 (fid=53) not available, trying Charger 6 (fid=77)",455.516007803758,6,,
Car 145,,,,,6,switch,,"Charger 6 (fid=77) not available, trying Charger 7 (fid=52)",455.58796243841493,7,,
Car 171,,,,,7,switch,,"Charger 7 (fid=52) not available, trying Charger 4 (fid=86)",455.6142603584851,4,,
Car 151,,,,,3,switch,,"Charger 3 (fid=53) not available, trying Charger 5 (fid=19)",455.7173145220043,5,,
Car 110,,,,,,gave_up,4,"no alternate charger available, gave up",455.7632941609597,,,
Car 189,,,,66,,arrived,,arrived,455.80748360816466,,,
Car 127,,,,,7,switch,,"Charger 7 (fid=52) not available, trying Charger 0 (fid=22)",455.8089110040303,0,,
Car 169,,,,,2,switch,,"Charger 2 (fid=36) not available, trying Charger 5 (fid=19)",455.83633847931156,5,,
Car 149,,,,,1,switch,,"Charger 1 (fid=82) not available, trying Charger 4 (fid=86)",455.83825481587246,4,,
Car 128,,,,,3,switch,,"Charger 3 (fid=53) not available, trying Charger 1 (fid=82)",456.12325542671704,1,,
Car 135,,,,,7,switch,,"Charger 7 (fid=52) not available, trying Charger 3 (fid=53)",456.1624100600895,3,,
Car 159,,,,,7,switch,,"Charger 7 (fid=52) not available, trying Charger 2 (fid=36)",456.3164552745093,2,,
Car 172,,,,,5,switch,,"Charger 5 (fid=19) not available, trying Charger 2 (fid=36)",456.3251109539588,2,,
Car 153,,,,,3,switch,,"Charger 3 (fid=53) not available, trying Charger 5 (fid=19)",456.3654499417513,5,,
Car 156,,,,,7,switch,,"Charger 7 (fid=52) not available, trying Charger 6 (fid=77)",456.3836036012183,6,,
Car 174,,,,,5,switch,,"Charger 5 (fid=19) not available, trying Charger 2 (fid=36)",456.5543203504881,2,,
Car 137,,,,,7,switch,,"Charger 7 (fid=52) not available, trying Charger 3 (fid=53)",456.60646879241585,3,,
Car 111,,,,,,gave_up,4,"no alternate charger available, gave up",456.6533821958962,,,
Car 184,,,,,0,switch,,"Charger 0 (fid=22) not available, trying Charger 5 (fid=19)",456.6543878100569,5,,
Car 119,,,,,1,switch,,"Charger 1 (fid=82) not available, trying Charger 4 (fid=86)",456.66793470041364,4,,
Car 142,,,,,6,switch,,"Charger 6 (fid=77) not available, trying Charger 7 (fid=52)",456.69514434612194,7,,
Car 118,,,,,5,switch,,"Charger 5 (fid=19) not available, trying Charger 0 (fid=22)",456.7692007573064,0,,
Car 175,,,,,5,switch,,"Charger 5 (fid=19) not available, trying Charger 2 (fid=36)",456.9978570709492,2,,
Car 144,,,,,6,switch,,"Charger 6 (fid=77) not available, trying Charger 7 (fid=52)",457.0408578646198,7,,
Car 122,,,,,7,switch,,"Charger 7 (fid=52) not available, trying Charger 1 (fid=82)",457.0601044236062,1,,
Car 139,,,,,5,switch,,"Charger 5 (fid=19) not available, trying Charger 4 (fid=86)",457.1007397707944,4,,
Car 113,,,,,1,switch,,"Charger 1 (fid=82) not available, trying Charger 4 (fid=86)",457.12658955978753,4,,
Car 190,,,,82,,arrived,,arrived,457.26461073712005,,,
Car 160,,,,,2,switch,,"Charger 2 (fid=36) not available, trying Charger 6 (fid=77)",457.27768542582254,6,,
Car 138,,,,,7,switch,,"Charger 7 (fid=52) not available, trying Charger 3 (fid=53)",457.28274426459785,3,,
Car 177,,,,,5,switch,,"Charger 5 (fid=19) not available, trying Charger 0 (fid=22)",457.47398821626206,0,,
Car 106,,,,,,gave_up,0,"no alternate charger available, gave up",457.68907420165965,,,
Car 143,,,,,2,switch,,"Charger 2 (fid=36) not available, trying Charger 6 (fid=77)",457.8169760371967,6,,
Car 191,,,,60,,arrived,,arrived,457.985325595098,,,
Car 192,,,,1,,arrived,,arrived,458.02487113495516,,,
Car 161,,,,,0,switch,,"Charger 0 (fid=22) not available, trying Charger 6 (fid=77)",458.05083847573,6,,
Car 173,,,,,4,switch,,"Charger 4 (fid=86) not available, trying Charger 7 (fid=52)",458.1080710527105,7,,
Car 176,,,,,6,switch,,"Charger 6 (fid=77) not available, trying Charger 7 (fid=52)",458.1118658924098,7,,
Car 162,,,,,3,switch,,"Charger 3 (fid=53) not available, trying Charger 2 (fid=36)",458.1244266999716,2,,
Car 163,,,,,2,switch,,"Charger 2 (fid=36) not available, trying Charger 6 (fid=77)",458.23122202986434,6,,
Car 193,,,,57,,arrived,,arrived,458.24396406775804,,,
Car 146,,,,,6,switch,,"Charger 6 (fid=77) not available, trying Charger 7 (fid=52)",458.514027661833,7,,
Car 185,,,,,6,switch,,"Charger 6 (fid=77) not available, trying Charger 2 (fid=36)",458.6360131312114,2,,
Car 165,,,,,2,switch,,"Charger 2 (fid=36) not available, trying Charger 6 (fid=77)",458.6426849414882,6,,
Car 186,,,,,5,switch,,"Charger 5 (fid=19) not available, trying Charger 2 (fid=36)",458.6842955368656,2,,
Car 164,,,,,3,switch,,"Charger 3 (fid=53) not available, trying Charger 2 (fid=36)",458.719207926187,2,,
Car 166,,,,,2,switch,,"Charger 2 (fid=36) not available, trying Charger 6 (fid=77)",458.7269020647685,6,,
Car 147,,,,,6,switch,,"Charger 6 (fid=77) not available, trying Charger 7 (fid=52)",458.77252249346384,7,,
Car 194,,,,72,,arrived,,arrived,458.81554319011934,,,
Car 178,,,,,3,switch,,"Charger 3 (fid=53) not available, trying Charger 6 (fid=77)",459.03347074018325,6,,
Car 195,,,,25,,arrived,,arrived,459.0499717358007,,,
Car 187,,,,,2,switch,,"Charger 2 (fid=36) not available, trying Charger 5 (fid=19)",459.0890852546115,5,,
Car 188,,,,,2,switch,,"Charger 2 (fid=36) not available, trying Charger 5 (fid=19)",459.1467643714568,5,,
Car 148,,,,,6,switch,,"Charger 6 (fid=77) not available, trying Charger 7 (fid=52)",459.19529744680705,7,,
Car 121,,,,,1,switch,,"Charger 1 (fid=82) not available, trying Charger 4 (fid=86)",459.40111483483213,4,,
Car 92,57.0,52,7,,,done,,done charging,459.4238180367694,,,216.94345929756588
Car 130,,52,7,,,start_charge,,starting to charge at Charger 7 (fid=52),459.4238180367694,,28.910347973262674,
Car 115,,,,,,gave_up,4,"no alternate charger available, gave up",459.67895100801843,,,
Car 196,,,,37,,arrived,,arrived,459.73175333842903,,,
Car 179,,,,,3,switch,,"Charger 3 (fid=53) not available, trying Charger 7 (fid=52)",459.87054877624234,7,,
Car 133,,,,,3,switch,,"Charger 3 (fid=53) not available, trying Charger 1 (fid=82)",459.8835421625487,1,,
Car 168,,,,,0,switch,,"Charger 0 (fid=22) not available, trying Charger 6 (fid=77)",459.93246820545806,6,,
Car 150,,,,,2,switch,,"Charger 2 (fid=36) not available, trying Charger 5 (fid=19)",459.9862555976939,5,,
Car 180,,,,,2,switch,,"Charger 2 (fid=36) not available, trying Charger 0 (fid=22)",459.9887928972742,0,,
Car 120,,,,,1,switch,,"Charger 1 (fid=82) not available, trying Charger 4 (fid=86)",460.08779948949774,4,,
Car 136,,,,,3,switch,,"Charger 3 (fid=53) not available, trying Charger 1 (fid=82)",460.0963521959952,1,,
Car 154,,,,,6,switch,,"Charger 6 (fid=77) not available, trying Charger 7 (fid=52)",460.32250375346706,7,,
Car 197,,,,4,,arrived,,arrived,460.35843381438315,,,
Car 181,,,,,5,switch,,"Charger 5 (fid=19) not available, trying Charger 0 (fid=22)",460.4278170556495,0,,
Car 134,,,,,3,switch,,"Charger 3 (fid=53) not available, trying Charger 1 (fid=82)",460.5043175729093,1,,
Car 198,,,,25,,arrived,,arrived,460.5721070579627,,,
Car 152,,,,,2,switch,,"Charger 2 (fid=36) not available, trying Charger 5 (fid=19)",460.66253834364306,5,,
Car 189,,,,,6,switch,,"Charger 6 (fid=77) not available, trying Charger 3 (fid=53)",460.80748360816466,3,,
Car 117,,,,,,gave_up,0,"no alternate charger available, gave up",460.82178133039594,,,
Car 132,,,,,3,switch,,"Charger 3 (fid=53) not available, trying Charger 1 (fid=82)",461.0129890872146,1,,
Car 125,,,,,1,switch,,"Charger 1 (fid=82) not available, trying Charger 4 (fid=86)",461.0837231784422,4,,
Car 126,,,,,1,switch,,"Charger 1 (fid=82) not available, trying Charger 4 (fid=86)",461.10163774600846,4,,
Car 149,,,,,4,switch,,"Charger 4 (fid=86) not available, trying Charger 6 (fid=77)",461.1207065241866,6,,
Car 60,111.0,52,7,,,done,,done charging,461.16155486536604,,,218.45539873393616
Car 167,,52,7,,,start_charge,,starting to charge at Charger 7 (fid=52),461.16155486536604,,14.025841172540595,
Car 170,,,,,0,switch,,"Charger 0 (fid=22) not available, trying Charger 6 (fid=77)",461.3496084932172,6,,
Car 169,,,,,5,switch,,"Charger 5 (fid=19) not available, trying Charger 0 (fid=22)",461.58919531244385,0,,
Car 182,,,,,5,switch,,"Charger 5 (fid=19) not available, trying Charger 2 (fid=36)",461.67891746553335,2,,
Car 114,,,,,,gave_up,0,"no alternate charger available, gave up",461.8675302111601,,,
Car 119,,,,,,gave_up,4,"no alternate charger available, gave up",461.95038640872775,,,
Car 172,,,,,2,switch,,"Charger 2 (fid=36) not available, trying Charger 6 (fid=77)",462.0779677870911,6,,
Car 116,,,,,5,switch,,"Charger 5 (fid=19) not available, trying Charger 0 (fid=22)",462.0831382460516,0,,
Car 183,,,,,6,switch,,"Charger 6 (fid=77) not available, trying Charger 7 (fid=52)",462.08903167422307,7,,
Car 199,,,,86,,arrived,,arrived,462.1097774360205,,,
Car 145,,,,,7,switch,,"Charger 7 (fid=52) not available, trying Charger 3 (fid=53)",462.1537000546396,3,,
Car 135,,,,,3,switch,,"Charger 3 (fid=53) not available, trying Charger 1 (fid=82)",462.18234667912134,1,,
Car 131,,,,,4,switch,,"Charger 4 (fid=86) not available, trying Charger 1 (fid=82)",462.1987834133404,1,,
Car 190,,,,,1,switch,,"Charger 1 (fid=82) not available, trying Charger 4 (fid=86)",462.26461073712005,4,,
Car 174,,,,,2,switch,,"Charger 2 (fid=36) not available, trying Charger 6 (fid=77)",462.3071771836204,6,,
Car 113,,,,,,gave_up,4,"no alternate charger available, gave up",462.40904126810165,,,
Car 155,,,,,2,switch,,"Charger 2 (fid=36) not available, trying Charger 1 (fid=82)",462.4881405661215,1,,
Car 137,,,,,3,switch,,"Charger 3 (fid=53) not available, trying Charger 1 (fid=82)",462.6264054114477,1,,
Car 175,,,,,2,switch,,"Charger 2 (fid=36) not available, trying Charger 6 (fid=77)",462.75071390408146,6,,
Car 200,,,,30,,arrived,,arrived,462.9371610180874,,,
Car 156,,,,,6,switch,,"Charger 6 (fid=77) not available, trying Charger 3 (fid=53)",462.94934121744296,3,,
Car 191,,,,,6,switch,,"Charger 6 (fid=77) not available, trying Charger 3 (fid=53)",462.985325595098,3,,
Car 192,,,,,7,switch,,"Charger 7 (fid=52) not available, trying Charger 6 (fid=77)",463.02487113495516,6,,
Car 184,,,,,5,switch,,"Charger 5 (fid=19) not available, trying Charger 2 (fid=36)",463.11511496299704,2,,
Car 124,,,,,1,switch,,"Charger 1 (fid=82) not available, trying Charger 4 (fid=86)",463.1803115382286,4,,
Car 118,,,,,,gave_up,0,"no alternate charger available, gave up",463.22992791024654,,,
Car 141,,,,,3,switch,,"Charger 3 (fid=53) not available, trying Charger 7 (fid=52)",463.23979368555183,7,,
Car 193,,,,,5,switch,,"Charger 5 (fid=19) not available, trying Charger 2 (fid=36)",463.24396406775804,2,,
Car 171,,,,,4,switch,,"Charger 4 (fid=86) not available, trying Charger 1 (fid=82)",463.2441277560254,1,,
Car 142,,,,,7,switch,,"Charger 7 (fid=52) not available, trying Charger 3 (fid=53)",463.2608819623466,3,,
Car 138,,,,,3,switch,,"Charger 3 (fid=53) not available, trying Charger 1 (fid=82)",463.3026808836297,1,,
Car 144,,,,,7,switch,,"Charger 7 (fid=52) not available, trying Charger 3 (fid=53)",463.6065954808445,3,,
Car 194,,,,,5,switch,,"Charger 5 (fid=19) not available, trying Charger 2 (fid=36)",463.81554319011934,2,,
Car 157,,,,,6,switch,,"Charger 6 (fid=77) not available, trying Charger 7 (fid=52)",463.8243636889173,7,,
Car 201,,,,52,,arrived,,arrived,463.8958983735216,,,
Car 177,,,,,0,switch,,"Charger 0 (fid=22) not available, trying Charger 6 (fid=77)",463.9347153692022,6,,
Car 195,,,,,0,switch,,"Charger 0 (fid=22) not available, trying Charger 5 (fid=19)",464.0499717358007,5,,
Car 159,,,,,2,switch,,"Charger 2 (fid=36) not available, trying Charger 5 (fid=19)",464.3447927715487,5,,
Car 103,,,,,,gave_up,0,"no alternate charger available, gave up",464.36470008304497,,,
Car 186,,,,,2,switch,,"Charger 2 (fid=36) not available, trying Charger 0 (fid=22)",464.4371523699979,0,,
Car 128,,,,,1,switch,,"Charger 1 (fid=82) not available, trying Charger 4 (fid=86)",464.46746963405843,4,,
Car 202,,,,24,,arrived,,arrived,464.49446264463984,,,
Car 176,,,,,7,switch,,"Charger 7 (fid=52) not available, trying Charger 2 (fid=36)",464.6776035086345,2,,
Car 121,,,,,,gave_up,4,"no alternate charger available, gave up",464.68356654314624,,,
Car 122,,,,,1,switch,,"Charger 1 (fid=82) not available, trying Charger 4 (fid=86)",464.71802211207336,4,,
Car 196,,,,,0,switch,,"Charger 0 (fid=22) not available, trying Charger 5 (fid=19)",464.73175333842903,5,,
Car 69,95.0,22,0,,,done,,done charging,464.7445815908738,,,330.8333015795233
Car 197,,22,0,,,start_charge,,starting to charge at Charger 0 (fid=22),464.7445815908738,,4.386147776490645,
Car 160,,,,,6,switch,,"Charger 6 (fid=77) not available, trying Charger 7 (fid=52)",464.8329897863838,7,,
Car 187,,,,,5,switch,,"Charger 5 (fid=19) not available, trying Charger 0 (fid=22)",464.8419420877438,0,,
Car 188,,,,,5,switch,,"Charger 5 (fid=19) not available, trying Charger 6 (fid=77)",464.8996212045891,6,,
Car 100,47.0,36,2,,,done,,done charging,465.0325685369794,,,309.8971610066751
Car 198,,36,2,,,start_charge,,starting to charge at Charger 2 (fid=36),465.0325685369794,,4.460461479016715,
Car 146,,,,,7,switch,,"Charger 7 (fid=52) not available, trying Charger 3 (fid=53)",465.07976527805766,3,,
Car 151,,,,,5,switch,,"Charger 5 (fid=19) not available, trying Charger 7 (fid=52)",465.2208290399515,7,,
Car 203,,,,8,,arrived,,arrived,465.32908603552096,,,
Car 147,,,,,7,switch,,"Charger 7 (fid=52) not available, trying Charger 3 (fid=53)",465.3382601096885,3,,
Car 120,,,,,,gave_up,4,"no alternate charger available, gave up",465.37025119781185,,,
Car 143,,,,,6,switch,,"Charger 6 (fid=77) not available, trying Charger 3 (fid=53)",465.37228039775795,3,,
Car 178,,,,,6,switch,,"Charger 6 (fid=77) not available, trying Charger 4 (fid=86)",465.6064946106483,4,,
Car 173,,,,,7,switch,,"Charger 7 (fid=52) not available, trying Charger 1 (fid=82)",465.7379384502508,1,,
Car 150,,,,,5,switch,,"Charger 5 (fid=19) not available, trying Charger 0 (fid=22)",465.7391124308262,0,,
Car 148,,,,,7,switch,,"Charger 7 (fid=52) not available, trying Charger 3 (fid=53)",465.7610350630317,3,,
Car 163,,,,,6,switch,,"Charger 6 (fid=77) not available, trying Charger 7 (fid=52)",465.7865263904256,7,,
Car 153,,,,,5,switch,,"Charger 5 (fid=19) not available, trying Charger 7 (fid=52)",465.86896445969853,7,,
Car 179,,,,,7,switch,,"Charger 7 (fid=52) not available, trying Charger 2 (fid=36)",465.8904853952742,2,,
Car 127,,,,,0,switch,,"Charger 0 (fid=22) not available, trying Charger 1 (fid=82)",465.94162181417613,1,,
Car 185,,,,,2,switch,,"Charger 2 (fid=36) not available, trying Charger 0 (fid=22)",466.1913174917727,0,,
Car 165,,,,,6,switch,,"Charger 6 (fid=77) not available, trying Charger 7 (fid=52)",466.19798930204945,7,,
Car 112,,,,,,gave_up,0,"no alternate charger available, gave up",466.20343715221577,,,
Car 166,,,,,6,switch,,"Charger 6 (fid=77) not available, trying Charger 7 (fid=52)",466.2822064253298,7,,
Car 125,,,,,,gave_up,4,"no alternate charger available, gave up",466.3661748867563,,,
Car 126,,,,,,gave_up,4,"no alternate charger available, gave up",466.3840894543226,,,
Car 152,,,,,5,switch,,"Charger 5 (fid=19) not available, trying Charger 0 (fid=22)",466.41539517677535,0,,
Car 162,,,,,2,switch,,"Charger 2 (fid=36) not available, trying Charger 5 (fid=19)",466.8786123918334,5,,
Car 154,,,,,7,switch,,"Charger 7 (fid=52) not available, trying Charger 3 (fid=53)",466.88824136969174,3,,
Car 181,,,,,0,switch,,"Charger 0 (fid=22) not available, trying Charger 6 (fid=77)",466.8885442085896,6,,
Car 199,,,,,4,switch,,"Charger 4 (fid=86) not available, trying Charger 1 (fid=82)",467.1097774360205,1,,
Car 129,,,,,1,switch,,"Charger 1 (fid=82) not available, trying Charger 4 (fid=86)",467.1134880715297,4,,
Car 180,,,,,0,switch,,"Charger 0 (fid=22) not available, trying Charger 6 (fid=77)",467.1317812714643,6,,
Car 189,,,,,3,switch,,"Charger 3 (fid=53) not available, trying Charger 7 (fid=52)",467.38050747862974,7,,
Car 161,,,,,6,switch,,"Charger 6 (fid=77) not available, trying Charger 7 (fid=52)",467.3889432871909,7,,
Car 139,,,,,4,switch,,"Charger 4 (fid=86) not available, trying Charger 1 (fid=82)",467.43133606266974,1,,
Car 182,,,,,2,switch,,"Charger 2 (fid=36) not available, trying Charger 6 (fid=77)",467.43177429866563,6,,
Car 164,,,,,2,switch,,"Charger 2 (fid=36) not available, trying Charger 5 (fid=19)",467.4733936180488,5,,
Car 131,,,,,1,switch,,"Charger 1 (fid=82) not available, trying Charger 0 (fid=22)",467.4812351216545,0,,
Car 190,,,,,4,switch,,"Charger 4 (fid=86) not available, trying Charger 7 (fid=52)",467.54706244543416,7,,
Car 84,63.0,86,4,,,done,,done charging,467.8570229175919,,,348.2659562403338
Car 124,,86,4,,,start_charge,,starting to charge at Charger 4 (fid=86),467.8570229175919,,39.39425967104921,
Car 200,,,,,2,switch,,"Charger 2 (fid=36) not available, trying Charger 5 (fid=19)",467.9371610180874,5,,
Car 169,,,,,0,switch,,"Charger 0 (fid=22) not available, trying Charger 7 (fid=52)",468.049922465384,7,,
Car 145,,,,,3,switch,,"Charger 3 (fid=53) not available, trying Charger 1 (fid=82)",468.17363667367147,1,,
Car 133,,,,,1,switch,,"Charger 1 (fid=82) not available, trying Charger 4 (fid=86)",468.2277563698901,4,,
Car 136,,,,,1,switch,,"Charger 1 (fid=82) not available, trying Charger 4 (fid=86)",468.4405664033366,4,,
Car 171,,,,,1,switch,,"Charger 1 (fid=82) not available, trying Charger 6 (fid=77)",468.52657946433953,6,,
Car 204,,,,44,,arrived,,arrived,468.54275144162176,,,
Car 116,,,,,,gave_up,0,"no alternate charger available, gave up",468.5438653989917,,,
Car 183,,,,,7,switch,,"Charger 7 (fid=52) not available, trying Charger 2 (fid=36)",468.65476929044775,2,,
Car 205,,,,32,,arrived,,arrived,468.7448959418256,,,
Car 134,,,,,1,switch,,"Charger 1 (fid=82) not available, trying Charger 4 (fid=86)",468.8485317802507,4,,
Car 184,,,,,2,switch,,"Charger 2 (fid=36) not available, trying Charger 6 (fid=77)",468.8679717961293,6,,
Car 201,,,,,7,switch,,"Charger 7 (fid=52) not available, trying Charger 3 (fid=53)",468.8958983735216,3,,
Car 193,,,,,2,switch,,"Charger 2 (fid=36) not available, trying Charger 0 (fid=22)",468.9968209008903,0,,
Car 141,,,,,7,switch,,"Charger 7 (fid=52) not available, trying Charger 1 (fid=82)",469.2597303045837,1,,
Car 168,,,,,6,switch,,"Charger 6 (fid=77) not available, trying Charger 7 (fid=52)",469.27057301691895,7,,
Car 142,,,,,3,switch,,"Charger 3 (fid=53) not available, trying Charger 1 (fid=82)",469.28081858137847,1,,
Car 132,,,,,1,switch,,"Charger 1 (fid=82) not available, trying Charger 4 (fid=86)",469.357203294556,4,,
Car 202,,,,,0,switch,,"Charger 0 (fid=22) not available, trying Charger 5 (fid=19)",469.49446264463984,5,,
Car 156,,,,,3,switch,,"Charger 3 (fid=53) not available, trying Charger 0 (fid=22)",469.52236508790804,0,,
Car 191,,,,,3,switch,,"Charger 3 (fid=53) not available, trying Charger 7 (fid=52)",469.5583494655631,7,,
Car 194,,,,,2,switch,,"Charger 2 (fid=36) not available, trying Charger 0 (fid=22)",469.5684000232516,0,,
Car 192,,,,,6,switch,,"Charger 6 (fid=77) not available, trying Charger 3 (fid=53)",469.59060875117984,3,,
Car 144,,,,,3,switch,,"Charger 3 (fid=53) not available, trying Charger 1 (fid=82)",469.62653209987633,1,,
Car 172,,,,,6,switch,,"Charger 6 (fid=77) not available, trying Charger 7 (fid=52)",469.63327214765235,7,,
Car 128,,,,,,gave_up,4,"no alternate charger available, gave up",469.74992134237255,,,
Car 174,,,,,6,switch,,"Charger 6 (fid=77) not available, trying Charger 7 (fid=52)",469.86248154418166,7,,
Car 122,,,,,,gave_up,4,"no alternate charger available, gave up",470.00047382038747,,,
Car 159,,,,,5,switch,,"Charger 5 (fid=19) not available, trying Charger 0 (fid=22)",470.097649604681,0,,
Car 206,,,,23,,arrived,,arrived,470.25967046213873,,,
Car 207,,,,73,,arrived,,arrived,470.299593911605,,,
Car 149,,,,,6,switch,,"Charger 6 (fid=77) not available, trying Charger 3 (fid=53)",470.30157034459876,3,,
Car 175,,,,,6,switch,,"Charger 6 (fid=77) not available, trying Charger 7 (fid=52)",470.3060182646427,7,,
Car 203,,,,,6,switch,,"Charger 6 (fid=77) not available, trying Charger 2 (fid=36)",470.32908603552096,2,,
Car 157,,,,,7,switch,,"Charger 7 (fid=52) not available, trying Charger 3 (fid=53)",470.39010130514197,3,,
Car 195,,,,,5,switch,,"Charger 5 (fid=19) not available, trying Charger 2 (fid=36)",470.5106988887408,2,,
Car 135,,,,,1,switch,,"Charger 1 (fid=82) not available, trying Charger 4 (fid=86)",470.52656088646273,4,,
Car 170,,,,,6,switch,,"Charger 6 (fid=77) not available, trying Charger 7 (fid=52)",470.6877133046781,7,,
Car 208,,,,66,,arrived,,arrived,470.72547562209695,,,
Car 137,,,,,1,switch,,"Charger 1 (fid=82) not available, trying Charger 4 (fid=86)",470.9706196187891,4,,
Car 146,,,,,3,switch,,"Charger 3 (fid=53) not available, trying Charger 1 (fid=82)",471.0997018970895,1,,
Car 196,,,,,5,switch,,"Charger 5 (fid=19) not available, trying Charger 2 (fid=36)",471.19248049136917,2,,
Car 187,,,,,0,switch,,"Charger 0 (fid=22) not available, trying Charger 6 (fid=77)",471.30266924068394,6,,
Car 147,,,,,3,switch,,"Charger 3 (fid=53) not available, trying Charger 1 (fid=82)",471.3581967287204,1,,
Car 160,,,,,7,switch,,"Charger 7 (fid=52) not available, trying Charger 3 (fid=53)",471.3987274026085,3,,
Car 186,,,,,0,switch,,"Charger 0 (fid=22) not available, trying Charger 6 (fid=77)",471.580140744188,6,,
Car 138,,,,,1,switch,,"Charger 1 (fid=82) not available, trying Charger 4 (fid=86)",471.6468950909711,4,,
Car 148,,,,,3,switch,,"Charger 3 (fid=53) not available, trying Charger 1 (fid=82)",471.7809716820636,1,,
Car 77,65.0,82,1,,,done,,done charging,471.90254848456493,,,737.5731649328034
Car 155,,82,1,,,start_charge,,starting to charge at Charger 1 (fid=82),471.90254848456493,,24.854246878589436,
Car 143,,,,,3,switch,,"Charger 3 (fid=53) not available, trying Charger 5 (fid=19)",471.945304268223,5,,
Car 150,,,,,0,switch,,"Charger 0 (fid=22) not available, trying Charger 4 (fid=86)",472.19983958376633,4,,
Car 163,,,,,7,switch,,"Charger 7 (fid=52) not available, trying Charger 3 (fid=53)",472.3522640066503,3,,
Car 199,,,,,1,switch,,"Charger 1 (fid=82) not available, trying Charger 7 (fid=52)",472.39222914433464,7,,
Car 129,,,,,,gave_up,4,"no alternate charger available, gave up",472.3959397798438,,,
Car 209,,,,31,,arrived,,arrived,472.5009798888163,,,
Car 210,,,,84,,arrived,,arrived,472.52540350278105,,,
Car 162,,,,,5,switch,,"Charger 5 (fid=19) not available, trying Charger 4 (fid=86)",472.6314692249657,4,,
Car 176,,,,,2,switch,,"Charger 2 (fid=36) not available, trying Charger 4 (fid=86)",472.70594100567394,4,,
Car 139,,,,,1,switch,,"Charger 1 (fid=82) not available, trying Charger 0 (fid=22)",472.71378777098386,0,,
Car 165,,,,,7,switch,,"Charger 7 (fid=52) not available, trying Charger 3 (fid=53)",472.76372691827413,3,,
Car 166,,,,,7,switch,,"Charger 7 (fid=52) not available, trying Charger 3 (fid=53)",472.84794404155446,3,,
Car 152,,,,,0,switch,,"Charger 0 (fid=22) not available, trying Charger 4 (fid=86)",472.8761223297155,4,,
Car 154,,,,,3,switch,,"Charger 3 (fid=53) not available, trying Charger 1 (fid=82)",472.9081779887236,1,,
Car 211,,,,40,,arrived,,arrived,473.03250925492205,,,
Car 188,,,,,6,switch,,"Charger 6 (fid=77) not available, trying Charger 7 (fid=52)",473.1528247744383,7,,
Car 164,,,,,5,switch,,"Charger 5 (fid=19) not available, trying Charger 0 (fid=22)",473.2262504511811,0,,
Car 177,,,,,6,switch,,"Charger 6 (fid=77) not available, trying Charger 7 (fid=52)",473.2728201806631,7,,
Car 185,,,,,0,switch,,"Charger 0 (fid=22) not available, trying Charger 5 (fid=19)",473.3343058659628,5,,
Car 173,,,,,1,switch,,"Charger 1 (fid=82) not available, trying Charger 6 (fid=77)",473.39585613871793,6,,
Car 189,,,,,7,switch,,"Charger 7 (fid=52) not available, trying Charger 2 (fid=36)",473.4004440976616,2,,
Car 133,,,,,,gave_up,4,"no alternate charger available, gave up",473.5102080782042,,,
Car 204,,,,,0,switch,,"Charger 0 (fid=22) not available, trying Charger 5 (fid=19)",473.54275144162176,5,,
Car 200,,,,,5,switch,,"Charger 5 (fid=19) not available, trying Charger 0 (fid=22)",473.6900178512197,0,,
Car 136,,,,,,gave_up,4,"no alternate charger available, gave up",473.72301811165073,,,
Car 205,,,,,0,switch,,"Charger 0 (fid=22) not available, trying Charger 5 (fid=19)",473.7448959418256,5,,
Car 179,,,,,2,switch,,"Charger 2 (fid=36) not available, trying Charger 5 (fid=19)",473.91882289231364,5,,
Car 161,,,,,7,switch,,"Charger 7 (fid=52) not available, trying Charger 3 (fid=53)",473.9546809034156,3,,
Car 151,,,,,7,switch,,"Charger 7 (fid=52) not available, trying Charger 0 (fid=22)",473.99858595493663,0,,
Car 134,,,,,,gave_up,4,"no alternate charger available, gave up",474.1309834885648,,,
Car 132,,,,,,gave_up,4,"no alternate charger available, gave up",474.6396550028701,,,
Car 153,,,,,7,switch,,"Charger 7 (fid=52) not available, trying Charger 0 (fid=22)",474.64672137468364,0,,
Car 178,,,,,4,switch,,"Charger 4 (fid=86) not available, trying Charger 1 (fid=82)",474.7873584310605,1,,
Car 201,,,,,3,switch,,"Charger 3 (fid=53) not available, trying Charger 6 (fid=77)",474.91583499255347,6,,
Car 182,,,,,6,switch,,"Charger 6 (fid=77) not available, trying Charger 7 (fid=52)",474.9870786592269,7,,
Car 212,,,,3,,arrived,,arrived,475.1089237197199,,,
Car 190,,,,,7,switch,,"Charger 7 (fid=52) not available, trying Charger 3 (fid=53)",475.17692984297446,3,,
Car 206,,,,,5,switch,,"Charger 5 (fid=19) not available, trying Charger 2 (fid=36)",475.25967046213873,2,,
Car 207,,,,,6,switch,,"Charger 6 (fid=77) not available, trying Charger 2 (fid=36)",475.299593911605,2,,
Car 191,,,,,7,switch,,"Charger 7 (fid=52) not available, trying Charger 2 (fid=36)",475.57828608459494,2,,
Car 208,,,,,6,switch,,"Charger 6 (fid=77) not available, trying Charger 3 (fid=53)",475.72547562209695,3,,
Car 135,,,,,,gave_up,4,"no alternate charger available, gave up",475.80901259477685,,,
Car 168,,,,,7,switch,,"Charger 7 (fid=52) not available, trying Charger 3 (fid=53)",475.8363106331436,3,,
Car 202,,,,,5,switch,,"Charger 5 (fid=19) not available, trying Charger 2 (fid=36)",475.95518979758,2,,
Car 193,,,,,0,switch,,"Charger 0 (fid=22) not available, trying Charger 6 (fid=77)",476.13980927508044,6,,
Car 192,,,,,3,switch,,"Charger 3 (fid=53) not available, trying Charger 2 (fid=36)",476.1636326216449,2,,
Car 172,,,,,7,switch,,"Charger 7 (fid=52) not available, trying Charger 3 (fid=53)",476.19900976387703,3,,
Car 181,,,,,6,switch,,"Charger 6 (fid=77) not available, trying Charger 7 (fid=52)",476.2266490200505,7,,
Car 137,,,,,,gave_up,4,"no alternate charger available, gave up",476.2530713271032,,,
Car 195,,,,,2,switch,,"Charger 2 (fid=36) not available, trying Charger 6 (fid=77)",476.2635557218731,6,,
Car 157,,,,,3,switch,,"Charger 3 (fid=53) not available, trying Charger 1 (fid=82)",476.4100379241738,1,,
Car 184,,,,,6,switch,,"Charger 6 (fid=77) not available, trying Charger 7 (fid=52)",476.4232761566906,7,,
Car 174,,,,,7,switch,,"Charger 7 (fid=52) not available, trying Charger 3 (fid=53)",476.42821916040634,3,,
Car 180,,,,,6,switch,,"Charger 6 (fid=77) not available, trying Charger 7 (fid=52)",476.4698860829252,7,,
Car 145,,,,,1,switch,,"Charger 1 (fid=82) not available, trying Charger 4 (fid=86)",476.51785088101286,4,,
Car 159,,,,,0,switch,,"Charger 0 (fid=22) not available, trying Charger 4 (fid=86)",476.55837675762115,4,,
Car 183,,,,,2,switch,,"Charger 2 (fid=36) not available, trying Charger 4 (fid=86)",476.6831067874872,4,,
Car 194,,,,,0,switch,,"Charger 0 (fid=22) not available, trying Charger 6 (fid=77)",476.71138839744174,6,,
Car 213,,,,65,,arrived,,arrived,476.81435013947345,,,
Car 175,,,,,7,switch,,"Charger 7 (fid=52) not available, trying Charger 3 (fid=53)",476.8717558808674,3,,
Car 149,,,,,3,switch,,"Charger 3 (fid=53) not available, trying Charger 5 (fid=19)",476.87459421506384,5,,
Car 141,,,,,1,switch,,"Charger 1 (fid=82) not available, trying Charger 4 (fid=86)",476.9176479930508,4,,
Car 138,,,,,,gave_up,4,"no alternate charger available, gave up",476.9293467992852,,,
Car 196,,,,,2,switch,,"Charger 2 (fid=36) not available, trying Charger 6 (fid=77)",476.94533732450145,6,,
Car 214,,,,63,,arrived,,arrived,477.1877603896679,,,
Car 170,,,,,7,switch,,"Charger 7 (fid=52) not available, trying Charger 3 (fid=53)",477.25345092090276,3,,
Car 160,,,,,3,switch,,"Charger 3 (fid=53) not available, trying Charger 1 (fid=82)",477.4186640216403,1,,
Car 209,,,,,2,switch,,"Charger 2 (fid=36) not available, trying Charger 5 (fid=19)",477.5009798888163,5,,
Car 210,,,,,1,switch,,"Charger 1 (fid=82) not available, trying Charger 4 (fid=86)",477.52540350278105,4,,
Car 127,,,,,1,switch,,"Charger 1 (fid=82) not available, trying Charger 4 (fid=86)",477.5583510987203,4,,
Car 142,,,,,1,switch,,"Charger 1 (fid=82) not available, trying Charger 4 (fid=86)",477.62503278871986,4,,
Car 171,,,,,6,switch,,"Charger 6 (fid=77) not available, trying Charger 2 (fid=36)",477.71175748133726,2,,
Car 203,,,,,2,switch,,"Charger 2 (fid=36) not available, trying Charger 0 (fid=22)",477.8843903960822,0,,
Car 144,,,,,1,switch,,"Charger 1 (fid=82) not available, trying Charger 4 (fid=86)",477.9707463072177,4,,
Car 215,,,,45,,arrived,,arrived,477.992934182591,,,
Car 211,,,,,6,switch,,"Charger 6 (fid=77) not available, trying Charger 3 (fid=53)",478.03250925492205,3,,
Car 169,,,,,7,switch,,"Charger 7 (fid=52) not available, trying Charger 3 (fid=53)",478.18263327552984,3,,
Car 163,,,,,3,switch,,"Charger 3 (fid=53) not available, trying Charger 1 (fid=82)",478.3722006256821,1,,
Car 165,,,,,3,switch,,"Charger 3 (fid=53) not available, trying Charger 1 (fid=82)",478.783663537306,1,,
Car 166,,,,,3,switch,,"Charger 3 (fid=53) not available, trying Charger 1 (fid=82)",478.8678806605863,1,,
Car 131,,,,,,gave_up,0,"no alternate charger available, gave up",479.0979644061987,,,
Car 216,,,,34,,arrived,,arrived,479.29410892335005,,,
Car 146,,,,,1,switch,,"Charger 1 (fid=82) not available, trying Charger 4 (fid=86)",479.4439161044309,4,,
Car 179,,,,,5,switch,,"Charger 5 (fid=19) not available, trying Charger 4 (fid=86)",479.6716797254459,4,,
Car 164,,,,,0,switch,,"Charger 0 (fid=22) not available, trying Charger 1 (fid=82)",479.68697760412124,1,,
Car 147,,,,,1,switch,,"Charger 1 (fid=82) not available, trying Charger 4 (fid=86)",479.70241093606177,4,,
Car 188,,,,,7,switch,,"Charger 7 (fid=52) not available, trying Charger 0 (fid=22)",479.71856239066295,0,,
Car 185,,,,,5,switch,,"Charger 5 (fid=19) not available, trying Charger 3 (fid=53)",479.7950330189029,3,,
Car 177,,,,,7,switch,,"Charger 7 (fid=52) not available, trying Charger 3 (fid=53)",479.83855779688776,3,,
Car 217,,,,3,,arrived,,arrived,479.9652215673198,,,
Car 161,,,,,3,switch,,"Charger 3 (fid=53) not available, trying Charger 1 (fid=82)",479.97461752244743,1,,
Car 204,,,,,5,switch,,"Charger 5 (fid=19) not available, trying Charger 2 (fid=36)",480.0034785945619,2,,
Car 199,,,,,7,switch,,"Charger 7 (fid=52) not available, trying Charger 3 (fid=53)",480.0501468328018,3,,
Car 178,,,,,1,switch,,"Charger 1 (fid=82) not available, trying Charger 2 (fid=36)",480.0698101393746,2,,
Car 212,,,,,3,switch,,"Charger 3 (fid=53) not available, trying Charger 6 (fid=77)",480.1089237197199,6,,
Car 148,,,,,1,switch,,"Charger 1 (fid=82) not available, trying Charger 4 (fid=86)",480.125185889405,4,,
Car 218,,,,17,,arrived,,arrived,480.14145388316126,,,
Car 200,,,,,0,switch,,"Charger 0 (fid=22) not available, trying Charger 6 (fid=77)",480.15074500415983,6,,
Car 205,,,,,5,switch,,"Charger 5 (fid=19) not available, trying Charger 2 (fid=36)",480.2056230947657,2,,
Car 156,,,,,0,switch,,"Charger 0 (fid=22) not available, trying Charger 1 (fid=82)",480.2752628309905,1,,
Car 219,,,,46,,arrived,,arrived,480.53382492294475,,,
Car 187,,,,,6,switch,,"Charger 6 (fid=77) not available, trying Charger 7 (fid=52)",480.6407740521448,7,,
Car 186,,,,,6,switch,,"Charger 6 (fid=77) not available, trying Charger 7 (fid=52)",480.91824555564887,7,,
Car 206,,,,,2,switch,,"Charger 2 (fid=36) not available, trying Charger 0 (fid=22)",481.012527295271,0,,
Car 220,,,,25,,arrived,,arrived,481.1144596527357,,,
Car 190,,,,,3,switch,,"Charger 3 (fid=53) not available, trying Charger 6 (fid=77)",481.1968664620063,6,,
Car 154,,,,,1,switch,,"Charger 1 (fid=82) not available, trying Charger 4 (fid=86)",481.252392196065,4,,
Car 189,,,,,2,switch,,"Charger 2 (fid=36) not available, trying Charger 5 (fid=19)",481.42878159470104,5,,
Car 143,,,,,5,switch,,"Charger 5 (fid=19) not available, trying Charger 0 (fid=22)",481.44881878617025,0,,
Car 201,,,,,6,switch,,"Charger 6 (fid=77) not available, trying Charger 4 (fid=86)",481.48885886301855,4,,
Car 182,,,,,7,switch,,"Charger 7 (fid=52) not available, trying Charger 3 (fid=53)",481.55281627545156,3,,
Car 202,,,,,2,switch,,"Charger 2 (fid=36) not available, trying Charger 6 (fid=77)",481.70804663071226,6,,
Car 145,,,,,,gave_up,4,"no alternate charger available, gave up",481.800302589327,,,
Car 213,,,,,0,switch,,"Charger 0 (fid=22) not available, trying Charger 6 (fid=77)",481.81435013947345,6,,
Car 168,,,,,3,switch,,"Charger 3 (fid=53) not available, trying Charger 1 (fid=82)",481.8562472521755,1,,
Car 214,,,,,0,switch,,"Charger 0 (fid=22) not available, trying Charger 6 (fid=77)",482.1877603896679,6,,
Car 141,,,,,,gave_up,4,"no alternate charger available, gave up",482.20009970136493,,,
Car 172,,,,,3,switch,,"Charger 3 (fid=53) not available, trying Charger 1 (fid=82)",482.2189463829089,1,,
Car 208,,,,,3,switch,,"Charger 3 (fid=53) not available, trying Charger 7 (fid=52)",482.29849949256203,7,,
Car 176,,,,,4,switch,,"Charger 4 (fid=86) not available, trying Charger 1 (fid=82)",482.4170712802413,1,,
Car 221,,,,25,,arrived,,arrived,482.4397964205157,,,
Car 174,,,,,3,switch,,"Charger 3 (fid=53) not available, trying Charger 1 (fid=82)",482.4481557794382,1,,
Car 222,,,,53,,arrived,,arrived,482.4721769703726,,,
Car 223,,,,68,,arrived,,arrived,482.52027191804046,,,
Car 173,,,,,6,switch,,"Charger 6 (fid=77) not available, trying Charger 2 (fid=36)",482.58103415571566,2,,
Car 181,,,,,7,switch,,"Charger 7 (fid=52) not available, trying Charger 3 (fid=53)",482.7923866362752,3,,
Car 210,,,,,4,switch,,"Charger 4 (fid=86) not available, trying Charger 7 (fid=52)",482.80785521109516,7,,
Car 127,,,,,,gave_up,4,"no alternate charger available, gave up",482.84080280703444,,,
Car 207,,,,,2,switch,,"Charger 2 (fid=36) not available, trying Charger 5 (fid=19)",482.8548982721662,5,,
Car 175,,,,,3,switch,,"Charger 3 (fid=53) not available, trying Charger 1 (fid=82)",482.89169249989925,1,,
Car 224,,,,50,,arrived,,arrived,482.89538173729767,,,
Car 142,,,,,,gave_up,4,"no alternate charger available, gave up",482.907484497034,,,
Car 162,,,,,4,switch,,"Charger 4 (fid=86) not available, trying Charger 1 (fid=82)",482.96206551684105,1,,
Car 184,,,,,7,switch,,"Charger 7 (fid=52) not available, trying Charger 3 (fid=53)",482.98901377291526,3,,
Car 215,,,,,6,switch,,"Charger 6 (fid=77) not available, trying Charger 2 (fid=36)",482.992934182591,2,,
Car 180,,,,,7,switch,,"Charger 7 (fid=52) not available, trying Charger 3 (fid=53)",483.0356236991499,3,,
Car 144,,,,,,gave_up,4,"no alternate charger available, gave up",483.25319801553184,,,
Car 209,,,,,5,switch,,"Charger 5 (fid=19) not available, trying Charger 0 (fid=22)",483.2538367219486,0,,
Car 170,,,,,3,switch,,"Charger 3 (fid=53) not available, trying Charger 1 (fid=82)",483.2733875399346,1,,
Car 191,,,,,2,switch,,"Charger 2 (fid=36) not available, trying Charger 5 (fid=19)",483.6066235816344,5,,
Car 195,,,,,6,switch,,"Charger 6 (fid=77) not available, trying Charger 7 (fid=52)",483.81886008243436,7,,
Car 150,,,,,4,switch,,"Charger 4 (fid=86) not available, trying Charger 1 (fid=82)",483.99071818056944,1,,
Car 151,,,,,0,switch,,"Charger 0 (fid=22) not available, trying Charger 1 (fid=82)",484.1312967650825,1,,
Car 169,,,,,3,switch,,"Charger 3 (fid=53) not available, trying Charger 1 (fid=82)",484.2025698945617,1,,
Car 225,,,,115,,arrived,,arrived,484.25177304566085,,,
Car 216,,,,,0,switch,,"Charger 0 (fid=22) not available, trying Charger 5 (fid=19)",484.29410892335005,5,,
Car 139,,,,,,gave_up,0,"no alternate charger available, gave up",484.33051705552805,,,
Car 196,,,,,6,switch,,"Charger 6 (fid=77) not available, trying Charger 7 (fid=52)",484.5006416850627,7,,
Car 211,,,,,3,switch,,"Charger 3 (fid=53) not available, trying Charger 7 (fid=52)",484.6055331253871,7,,
Car 152,,,,,4,switch,,"Charger 4 (fid=86) not available, trying Charger 1 (fid=82)",484.6670009265186,1,,
Car 146,,,,,,gave_up,4,"no alternate charger available, gave up",484.726367812745,,,
Car 157,,,,,1,switch,,"Charger 1 (fid=82) not available, trying Charger 4 (fid=86)",484.7542521315152,4,,
Car 153,,,,,0,switch,,"Charger 0 (fid=22) not available, trying Charger 1 (fid=82)",484.7794321848295,1,,
Car 226,,,,83,,arrived,,arrived,484.88072500609405,,,
Car 192,,,,,2,switch,,"Charger 2 (fid=36) not available, trying Charger 1 (fid=82)",484.91781831350676,1,,
Car 217,,,,,3,switch,,"Charger 3 (fid=53) not available, trying Charger 6 (fid=77)",484.9652215673198,6,,
Car 147,,,,,,gave_up,4,"no alternate charger available, gave up",484.9848626443759,,,
Car 203,,,,,0,switch,,"Charger 0 (fid=22) not available, trying Charger 5 (fid=19)",485.0273787702723,5,,
Car 218,,,,,0,switch,,"Charger 0 (fid=22) not available, trying Charger 5 (fid=19)",485.14145388316126,5,,
Car 171,,,,,2,switch,,"Charger 2 (fid=36) not available, trying Charger 5 (fid=19)",485.2670618418985,5,,
Car 148,,,,,,gave_up,4,"no alternate charger available, gave up",485.4076375977191,,,
Car 193,,,,,6,switch,,"Charger 6 (fid=77) not available, trying Charger 7 (fid=52)",485.4779140865413,7,,
Car 219,,,,,0,switch,,"Charger 0 (fid=22) not available, trying Charger 5 (fid=19)",485.53382492294475,5,,
Car 204,,,,,2,switch,,"Charger 2 (fid=36) not available, trying Charger 6 (fid=77)",485.7563354276942,6,,
Car 160,,,,,1,switch,,"Charger 1 (fid=82) not available, trying Charger 4 (fid=86)",485.7628782289817,4,,
Car 177,,,,,3,switch,,"Charger 3 (fid=53) not available, trying Charger 1 (fid=82)",485.8584944159196,1,,
Car 227,,,,67,,arrived,,arrived,485.8670605080396,,,
Car 205,,,,,2,switch,,"Charger 2 (fid=36) not available, trying Charger 6 (fid=77)",485.958479927898,6,,
Car 228,,,,35,,arrived,,arrived,485.96402029432204,,,
Car 229,,,,35,,arrived,,arrived,486.01084134382256,,,
Car 194,,,,,6,switch,,"Charger 6 (fid=77) not available, trying Charger 7 (fid=52)",486.0494932089026,7,,
Car 199,,,,,3,switch,,"Charger 3 (fid=53) not available, trying Charger 6 (fid=77)",486.0700834518336,6,,
Car 220,,,,,0,switch,,"Charger 0 (fid=22) not available, trying Charger 5 (fid=19)",486.1144596527357,5,,
Car 149,,,,,5,switch,,"Charger 5 (fid=19) not available, trying Charger 0 (fid=22)",486.37810873301106,0,,
Car 183,,,,,4,switch,,"Charger 4 (fid=86) not available, trying Charger 1 (fid=82)",486.3942370620546,1,,
Car 154,,,,,,gave_up,4,"no alternate charger available, gave up",486.5348439043791,,,
Car 212,,,,,6,switch,,"Charger 6 (fid=77) not available, trying Charger 7 (fid=52)",486.68194759018496,7,,
Car 163,,,,,1,switch,,"Charger 1 (fid=82) not available, trying Charger 4 (fid=86)",486.7164148330235,4,,
Car 165,,,,,1,switch,,"Charger 1 (fid=82) not available, trying Charger 4 (fid=86)",487.1278777446474,4,,
Car 230,,,,8,,arrived,,arrived,487.13423368708476,,,
Car 189,,,,,5,switch,,"Charger 5 (fid=19) not available, trying Charger 0 (fid=22)",487.1816384278333,0,,
Car 187,,,,,7,switch,,"Charger 7 (fid=52) not available, trying Charger 3 (fid=53)",487.2065116683695,3,,
Car 166,,,,,1,switch,,"Charger 1 (fid=82) not available, trying Charger 4 (fid=86)",487.2120948679277,4,,
Car 221,,,,,0,switch,,"Charger 0 (fid=22) not available, trying Charger 5 (fid=19)",487.4397964205157,5,,
Car 222,,,,,3,switch,,"Charger 3 (fid=53) not available, trying Charger 7 (fid=52)",487.4721769703726,7,,
Car 186,,,,,7,switch,,"Charger 7 (fid=52) not available, trying Charger 3 (fid=53)",487.48398317187355,3,,
Car 223,,,,,5,switch,,"Charger 5 (fid=19) not available, trying Charger 2 (fid=36)",487.52027191804046,2,,
Car 182,,,,,3,switch,,"Charger 3 (fid=53) not available, trying Charger 1 (fid=82)",487.5727528944834,1,,
Car 176,,,,,1,switch,,"Charger 1 (fid=82) not available, trying Charger 5 (fid=19)",487.69952298855543,5,,
Car 190,,,,,6,switch,,"Charger 6 (fid=77) not available, trying Charger 2 (fid=36)",487.7698903324714,2,,
Car 224,,,,,6,switch,,"Charger 6 (fid=77) not available, trying Charger 3 (fid=53)",487.89538173729767,3,,
Car 143,,,,,,gave_up,0,"no alternate charger available, gave up",487.9095459391104,,,
Car 231,,,,40,,arrived,,arrived,488.00523325215295,,,
Car 206,,,,,0,switch,,"Charger 0 (fid=22) not available, trying Charger 6 (fid=77)",488.1555156694611,6,,
Car 162,,,,,1,switch,,"Charger 1 (fid=82) not available, trying Charger 0 (fid=22)",488.24451722515516,0,,
Car 208,,,,,7,switch,,"Charger 7 (fid=52) not available, trying Charger 2 (fid=36)",488.3184361115939,2,,
Car 161,,,,,1,switch,,"Charger 1 (fid=82) not available, trying Charger 4 (fid=86)",488.3188317297888,4,,
Car 159,,,,,4,switch,,"Charger 4 (fid=86) not available, trying Charger 1 (fid=82)",488.34925535442426,1,,
Car 207,,,,,5,switch,,"Charger 5 (fid=19) not available, trying Charger 0 (fid=22)",488.6077551052985,0,,
Car 181,,,,,3,switch,,"Charger 3 (fid=53) not available, trying Charger 1 (fid=82)",488.81232325530704,1,,
Car 184,,,,,3,switch,,"Charger 3 (fid=53) not available, trying Charger 1 (fid=82)",489.0089503919471,1,,
Car 180,,,,,3,switch,,"Charger 3 (fid=53) not available, trying Charger 1 (fid=82)",489.05556031818173,1,,
Car 232,,,,82,,arrived,,arrived,489.06139043183924,,,
Car 225,,,,,5,switch,,"Charger 5 (fid=19) not available, trying Charger 2 (fid=36)",489.25177304566085,2,,
Car 202,,,,,6,switch,,"Charger 6 (fid=77) not available, trying Charger 7 (fid=52)",489.2633509912735,7,,
Car 150,,,,,,gave_up,1,"no alternate charger available, gave up",489.27316988888356,,,
Car 185,,,,,3,switch,,"Charger 3 (fid=53) not available, trying Charger 7 (fid=52)",489.29854753685015,7,,
Car 191,,,,,5,switch,,"Charger 5 (fid=19) not available, trying Charger 0 (fid=22)",489.35948041476667,0,,
Car 200,,,,,6,switch,,"Charger 6 (fid=77) not available, trying Charger 7 (fid=52)",489.4888498156207,7,,
Car 178,,,,,2,switch,,"Charger 2 (fid=36) not available, trying Charger 5 (fid=19)",489.6299711792286,5,,
Car 209,,,,,0,switch,,"Charger 0 (fid=22) not available, trying Charger 6 (fid=77)",489.7145638748887,6,,
Car 233,,,,116,,arrived,,arrived,489.83163274053453,,,
Car 188,,,,,0,switch,,"Charger 0 (fid=22) not available, trying Charger 3 (fid=53)",489.8512732008088,3,,
Car 226,,,,,1,switch,,"Charger 1 (fid=82) not available, trying Charger 4 (fid=86)",489.88072500609405,4,,
Car 152,,,,,,gave_up,1,"no alternate charger available, gave up",489.9494526348327,,,
Car 179,,,,,4,switch,,"Charger 4 (fid=86) not available, trying Charger 1 (fid=82)",490.00227601732126,1,,
Car 157,,,,,,gave_up,4,"no alternate charger available, gave up",490.03670383982933,,,
Car 173,,,,,2,switch,,"Charger 2 (fid=36) not available, trying Charger 5 (fid=19)",490.1363385162769,5,,
Car 168,,,,,1,switch,,"Charger 1 (fid=82) not available, trying Charger 4 (fid=86)",490.2004614595169,4,,
Car 195,,,,,7,switch,,"Charger 7 (fid=52) not available, trying Charger 3 (fid=53)",490.38459769865904,3,,
Car 210,,,,,7,switch,,"Charger 7 (fid=52) not available, trying Charger 3 (fid=53)",490.43772260863545,3,,
Car 215,,,,,2,switch,,"Charger 2 (fid=36) not available, trying Charger 7 (fid=52)",490.54823854315225,7,,
Car 172,,,,,1,switch,,"Charger 1 (fid=82) not available, trying Charger 4 (fid=86)",490.5631605902503,4,,
Car 211,,,,,7,switch,,"Charger 7 (fid=52) not available, trying Charger 2 (fid=36)",490.625469744419,2,,
Car 201,,,,,4,switch,,"Charger 4 (fid=86) not available, trying Charger 1 (fid=82)",490.66972268343073,1,,
Car 216,,,,,5,switch,,"Charger 5 (fid=19) not available, trying Charger 2 (fid=36)",490.7548360762902,2,,
Car 234,,,,77,,arrived,,arrived,490.77521094249335,,,
Car 174,,,,,1,switch,,"Charger 1 (fid=82) not available, trying Charger 4 (fid=86)",490.7923699867796,4,,
Car 227,,,,,0,switch,,"Charger 0 (fid=22) not available, trying Charger 5 (fid=19)",490.8670605080396,5,,
Car 228,,,,,2,switch,,"Charger 2 (fid=36) not available, trying Charger 5 (fid=19)",490.96402029432204,5,,
Car 229,,,,,2,switch,,"Charger 2 (fid=36) not available, trying Charger 5 (fid=19)",491.01084134382256,5,,
Car 171,,,,,5,switch,,"Charger 5 (fid=19) not available, trying Charger 0 (fid=22)",491.0199186750308,0,,
Car 160,,,,,,gave_up,4,"no alternate charger available, gave up",491.04532993729583,,,
Car 196,,,,,7,switch,,"Charger 7 (fid=52) not available, trying Charger 3 (fid=53)",491.0663793012874,3,,
Car 213,,,,,6,switch,,"Charger 6 (fid=77) not available, trying Charger 5 (fid=19)",491.1524549509343,5,,
Car 175,,,,,1,switch,,"Charger 1 (fid=82) not available, trying Charger 4 (fid=86)",491.23590670724064,4,,
Car 164,,,,,1,switch,,"Charger 1 (fid=82) not available, trying Charger 4 (fid=86)",491.30370688866543,4,,
Car 203,,,,,5,switch,,"Charger 5 (fid=19) not available, trying Charger 3 (fid=53)",491.48810592321246,3,,
Car 214,,,,,6,switch,,"Charger 6 (fid=77) not available, trying Charger 2 (fid=36)",491.5258652011288,2,,
Car 217,,,,,6,switch,,"Charger 6 (fid=77) not available, trying Charger 7 (fid=52)",491.5382454377849,7,,
Car 218,,,,,5,switch,,"Charger 5 (fid=19) not available, trying Charger 2 (fid=36)",491.6021810361014,2,,
Car 170,,,,,1,switch,,"Charger 1 (fid=82) not available, trying Charger 4 (fid=86)",491.617601747276,4,,
Car 183,,,,,1,switch,,"Charger 1 (fid=82) not available, trying Charger 5 (fid=19)",491.6766887703687,5,,
Car 156,,,,,1,switch,,"Charger 1 (fid=82) not available, trying Charger 4 (fid=86)",491.8919921155347,4,,
Car 219,,,,,5,switch,,"Charger 5 (fid=19) not available, trying Charger 2 (fid=36)",491.9945520758849,2,,
Car 163,,,,,,gave_up,4,"no alternate charger available, gave up",491.99886654133763,,,
Car 193,,,,,7,switch,,"Charger 7 (fid=52) not available, trying Charger 3 (fid=53)",492.043651702766,3,,
Car 230,,,,,6,switch,,"Charger 6 (fid=77) not available, trying Charger 2 (fid=36)",492.13423368708476,2,,
Car 165,,,,,,gave_up,4,"no alternate charger available, gave up",492.4103294529615,,,
Car 235,,,,8,,arrived,,arrived,492.4706462214495,,,
Car 166,,,,,,gave_up,4,"no alternate charger available, gave up",492.4945465762418,,,
Car 169,,,,,1,switch,,"Charger 1 (fid=82) not available, trying Charger 4 (fid=86)",492.5467841019031,4,,
Car 220,,,,,5,switch,,"Charger 5 (fid=19) not available, trying Charger 2 (fid=36)",492.57518680567586,2,,
Car 194,,,,,7,switch,,"Charger 7 (fid=52) not available, trying Charger 3 (fid=53)",492.6152308251273,3,,
Car 199,,,,,6,switch,,"Charger 6 (fid=77) not available, trying Charger 2 (fid=36)",492.6431073222987,2,,
Car 236,,,,73,,arrived,,arrived,492.81147972388175,,,
Car 149,,,,,,gave_up,0,"no alternate charger available, gave up",492.8388358859512,,,
Car 231,,,,,6,switch,,"Charger 6 (fid=77) not available, trying Charger 3 (fid=53)",493.00523325215295,3,,
Car 187,,,,,3,switch,,"Charger 3 (fid=53) not available, trying Charger 1 (fid=82)",493.22644828740135,1,,
Car 212,,,,,7,switch,,"Charger 7 (fid=52) not available, trying Charger 2 (fid=36)",493.24768520640964,2,,
Car 223,,,,,2,switch,,"Charger 2 (fid=36) not available, trying Charger 0 (fid=22)",493.27312875117275,0,,
Car 204,,,,,6,switch,,"Charger 6 (fid=77) not available, trying Charger 7 (fid=52)",493.31163978825543,7,,
Car 222,,,,,7,switch,,"Charger 7 (fid=52) not available, trying Charger 6 (fid=77)",493.4921135894044,6,,
Car 186,,,,,3,switch,,"Charger 3 (fid=53) not available, trying Charger 1 (fid=82)",493.5039197909054,1,,
Car 205,,,,,6,switch,,"Charger 6 (fid=77) not available, trying Charger 7 (fid=52)",493.51378428845925,7,,
Car 161,,,,,,gave_up,4,"no alternate charger available, gave up",493.60128343810294,,,
Car 159,,,,,,gave_up,1,"no alternate charger available, gave up",493.63170706273837,,,
Car 189,,,,,0,switch,,"Charger 0 (fid=22) not available, trying Charger 4 (fid=86)",493.64236558077346,4,,
Car 221,,,,,5,switch,,"Charger 5 (fid=19) not available, trying Charger 2 (fid=36)",493.9005235734558,2,,
Car 232,,,,,1,switch,,"Charger 1 (fid=82) not available, trying Charger 4 (fid=86)",494.06139043183924,4,,
Car 177,,,,,1,switch,,"Charger 1 (fid=82) not available, trying Charger 4 (fid=86)",494.202708623261,4,,
Car 237,,,,9,,arrived,,arrived,494.38236501831744,,,
Car 224,,,,,3,switch,,"Charger 3 (fid=53) not available, trying Charger 7 (fid=52)",494.46840560776275,7,,
Car 192,,,,,1,switch,,"Charger 1 (fid=82) not available, trying Charger 4 (fid=86)",494.47797935336075,4,,
Car 233,,,,,2,switch,,"Charger 2 (fid=36) not available, trying Charger 5 (fid=19)",494.83163274053453,5,,
Car 225,,,,,2,switch,,"Charger 2 (fid=36) not available, trying Charger 0 (fid=22)",495.00462987879314,0,,
Car 207,,,,,0,switch,,"Charger 0 (fid=22) not available, trying Charger 7 (fid=52)",495.06848225823865,7,,
Car 226,,,,,4,switch,,"Charger 4 (fid=86) not available, trying Charger 7 (fid=52)",495.16317671440817,7,,
Car 179,,,,,1,switch,,"Charger 1 (fid=82) not available, trying Charger 0 (fid=22)",495.2847277256354,0,,
Car 185,,,,,7,switch,,"Charger 7 (fid=52) not available, trying Charger 1 (fid=82)",495.318484155882,1,,
Car 190,,,,,2,switch,,"Charger 2 (fid=36) not available, trying Charger 5 (fid=19)",495.32519469303264,5,,
Car 178,,,,,5,switch,,"Charger 5 (fid=19) not available, trying Charger 0 (fid=22)",495.3828280123609,0,,
Car 168,,,,,,gave_up,4,"no alternate charger available, gave up",495.482913167831,,,
Car 151,,,,,1,switch,,"Charger 1 (fid=82) not available, trying Charger 4 (fid=86)",495.7480260496267,4,,
Car 234,,,,,6,switch,,"Charger 6 (fid=77) not available, trying Charger 7 (fid=52)",495.77521094249335,7,,
Car 191,,,,,0,switch,,"Charger 0 (fid=22) not available, trying Charger 1 (fid=82)",495.8202075677068,1,,
Car 202,,,,,7,switch,,"Charger 7 (fid=52) not available, trying Charger 3 (fid=53)",495.8290886074982,3,,
Car 172,,,,,,gave_up,4,"no alternate charger available, gave up",495.8456122985644,,,
Car 173,,,,,5,switch,,"Charger 5 (fid=19) not available, trying Charger 0 (fid=22)",495.8891953494092,0,,
Car 182,,,,,1,switch,,"Charger 1 (fid=82) not available, trying Charger 4 (fid=86)",495.9169671018248,4,,
Car 201,,,,,1,switch,,"Charger 1 (fid=82) not available, trying Charger 2 (fid=36)",495.95217439174485,2,,
Car 200,,,,,7,switch,,"Charger 7 (fid=52) not available, trying Charger 3 (fid=53)",496.0545874318454,3,,
Car 174,,,,,,gave_up,4,"no alternate charger available, gave up",496.0748216950937,,,
Car 208,,,,,2,switch,,"Charger 2 (fid=36) not available, trying Charger 5 (fid=19)",496.3467736086333,5,,
Car 153,,,,,1,switch,,"Charger 1 (fid=82) not available, trying Charger 4 (fid=86)",496.3961614693737,4,,
Car 195,,,,,3,switch,,"Charger 3 (fid=53) not available, trying Charger 1 (fid=82)",496.4045343176909,1,,
Car 210,,,,,3,switch,,"Charger 3 (fid=53) not available, trying Charger 6 (fid=77)",496.4576592276673,6,,
Car 238,,,,4,,arrived,,arrived,496.48283060515575,,,
Car 216,,,,,2,switch,,"Charger 2 (fid=36) not available, trying Charger 6 (fid=77)",496.5076929094225,6,,
Car 175,,,,,,gave_up,4,"no alternate charger available, gave up",496.51835841555476,,,
Car 164,,,,,,gave_up,4,"no alternate charger available, gave up",496.58615859697954,,,
Car 239,,,,1,,arrived,,arrived,496.70458891298165,,,
Car 228,,,,,5,switch,,"Charger 5 (fid=19) not available, trying Charger 0 (fid=22)",496.7168771274543,0,,
Car 229,,,,,5,switch,,"Charger 5 (fid=19) not available, trying Charger 0 (fid=22)",496.76369817695485,0,,
Car 240,,,,1,,arrived,,arrived,496.79896459961236,,,
Car 170,,,,,,gave_up,4,"no alternate charger available, gave up",496.9000534555901,,,
Car 196,,,,,3,switch,,"Charger 3 (fid=53) not available, trying Charger 1 (fid=82)",497.08631592031924,1,,
Car 181,,,,,1,switch,,"Charger 1 (fid=82) not available, trying Charger 4 (fid=86)",497.15653746264843,4,,
Car 156,,,,,,gave_up,4,"no alternate charger available, gave up",497.17444382384883,,,
Car 227,,,,,5,switch,,"Charger 5 (fid=19) not available, trying Charger 2 (fid=36)",497.3277876609797,2,,
Car 184,,,,,1,switch,,"Charger 1 (fid=82) not available, trying Charger 4 (fid=86)",497.3531645992885,4,,
Car 218,,,,,2,switch,,"Charger 2 (fid=36) not available, trying Charger 6 (fid=77)",497.3550378692337,6,,
Car 241,,,,82,,arrived,,arrived,497.371851218152,,,
Car 180,,,,,1,switch,,"Charger 1 (fid=82) not available, trying Charger 4 (fid=86)",497.3997745255231,4,,
Car 235,,,,,6,switch,,"Charger 6 (fid=77) not available, trying Charger 2 (fid=36)",497.4706462214495,2,,
Car 171,,,,,,gave_up,0,"no alternate charger available, gave up",497.48064582797093,,,
Car 206,,,,,6,switch,,"Charger 6 (fid=77) not available, trying Charger 7 (fid=52)",497.493620480922,7,,
Car 242,,,,8,,arrived,,arrived,497.6044200874402,,,
Car 219,,,,,2,switch,,"Charger 2 (fid=36) not available, trying Charger 6 (fid=77)",497.74740890901717,6,,
Car 236,,,,,6,switch,,"Charger 6 (fid=77) not available, trying Charger 2 (fid=36)",497.81147972388175,2,,
Car 169,,,,,,gave_up,4,"no alternate charger available, gave up",497.8292358102172,,,
Car 176,,,,,5,switch,,"Charger 5 (fid=19) not available, trying Charger 0 (fid=22)",497.85836317163114,0,,
Car 81,86.0,82,1,,,done,,done charging,498.06281431005857,,,486.2626203657775
Car 187,,82,1,,,start_charge,,starting to charge at Charger 1 (fid=82),498.06281431005857,,31.49215181531582,
Car 193,,,,,3,switch,,"Charger 3 (fid=53) not available, trying Charger 1 (fid=82)",498.06358832179785,1,,
Car 217,,,,,7,switch,,"Charger 7 (fid=52) not available, trying Charger 2 (fid=36)",498.1039830540096,2,,
Car 243,,,,18,,arrived,,arrived,498.11418697316134,,,
Car 220,,,,,2,switch,,"Charger 2 (fid=36) not available, trying Charger 6 (fid=77)",498.32804363880814,6,,
Car 215,,,,,7,switch,,"Charger 7 (fid=52) not available, trying Charger 3 (fid=53)",498.5765760401917,3,,
Car 194,,,,,3,switch,,"Charger 3 (fid=53) not available, trying Charger 1 (fid=82)",498.63516744415915,1,,
Car 211,,,,,2,switch,,"Charger 2 (fid=36) not available, trying Charger 5 (fid=19)",498.6538072414584,5,,
Car 244,,,,54,,arrived,,arrived,498.97062823328054,,,
Car 209,,,,,6,switch,,"Charger 6 (fid=77) not available, trying Charger 7 (fid=52)",499.0526686863496,7,,
Car 214,,,,,2,switch,,"Charger 2 (fid=36) not available, trying Charger 5 (fid=19)",499.08116956169005,5,,
Car 232,,,,,4,switch,,"Charger 4 (fid=86) not available, trying Charger 7 (fid=52)",499.34384214015336,7,,
Car 237,,,,,6,switch,,"Charger 6 (fid=77) not available, trying Charger 2 (fid=36)",499.38236501831744,2,,
Car 213,,,,,5,switch,,"Charger 5 (fid=19) not available, trying Charger 2 (fid=36)",499.4056585207835,2,,
Car 177,,,,,,gave_up,4,"no alternate charger available, gave up",499.4851603315751,,,
Car 231,,,,,3,switch,,"Charger 3 (fid=53) not available, trying Charger 7 (fid=52)",499.578257122618,7,,
Car 221,,,,,2,switch,,"Charger 2 (fid=36) not available, trying Charger 6 (fid=77)",499.6533804065881,6,,
Car 230,,,,,2,switch,,"Charger 2 (fid=36) not available, trying Charger 0 (fid=22)",499.689538047646,0,,
Car 245,,,,7,,arrived,,arrived,499.7112426009292,,,
Car 192,,,,,4,switch,,"Charger 4 (fid=86) not available, trying Charger 5 (fid=19)",499.76043106167486,5,,
Car 162,,,,,,gave_up,0,"no alternate charger available, gave up",499.86124650969936,,,
Car 204,,,,,7,switch,,"Charger 7 (fid=52) not available, trying Charger 3 (fid=53)",499.8773774044801,3,,
Car 246,,,,24,,arrived,,arrived,500.004503281792,,,
Car 222,,,,,6,switch,,"Charger 6 (fid=77) not available, trying Charger 4 (fid=86)",500.0578512056291,4,,
Car 205,,,,,7,switch,,"Charger 7 (fid=52) not available, trying Charger 3 (fid=53)",500.07952190468393,3,,
Car 199,,,,,2,switch,,"Charger 2 (fid=36) not available, trying Charger 5 (fid=19)",500.19841168285996,5,,
Car 247,,,,25,,arrived,,arrived,500.2953582016007,,,
Car 91,117.0,77,6,,,done,,done charging,500.3894616717356,,,232.9134199332458
Car 238,,77,6,,,start_charge,,starting to charge at Charger 6 (fid=77),500.3894616717356,,3.9066310665798483,
Car 223,,,,,0,switch,,"Charger 0 (fid=22) not available, trying Charger 6 (fid=77)",500.41611712536286,6,,
Car 224,,,,,7,switch,,"Charger 7 (fid=52) not available, trying Charger 2 (fid=36)",500.4883422267946,2,,
Car 233,,,,,5,switch,,"Charger 5 (fid=19) not available, trying Charger 7 (fid=52)",500.5844895736668,7,,
Car 188,,,,,3,switch,,"Charger 3 (fid=53) not available, trying Charger 1 (fid=82)",500.6041709438913,1,,
Car 248,,,,50,,arrived,,arrived,500.61909561946607,,,
Car 249,,,,45,,arrived,,arrived,500.8231808759761,,,
Car 203,,,,,3,switch,,"Charger 3 (fid=53) not available, trying Charger 7 (fid=52)",500.9916204411597,7,,
Car 151,,,,,,gave_up,4,"no alternate charger available, gave up",501.0304777579408,,,
Car 190,,,,,5,switch,,"Charger 5 (fid=19) not available, trying Charger 0 (fid=22)",501.0780515261649,0,,
Car 182,,,,,,gave_up,4,"no alternate charger available, gave up",501.1994188101389,,,
Car 212,,,,,2,switch,,"Charger 2 (fid=36) not available, trying Charger 4 (fid=86)",501.2760227034491,4,,
Car 153,,,,,,gave_up,4,"no alternate charger available, gave up",501.6786131776878,,,
Car 109,95.0,77,6,,,done,,done charging,501.690846576769,,,91.90098665410476
Car 242,,77,6,,,start_charge,,starting to charge at Charger 6 (fid=77),501.690846576769,,4.086426489328801,
Car 239,,,,,7,switch,,"Charger 7 (fid=52) not available, trying Charger 6 (fid=77)",501.70458891298165,6,,
Car 240,,,,,7,switch,,"Charger 7 (fid=52) not available, trying Charger 6 (fid=77)",501.79896459961236,6,,
Car 183,,,,,5,switch,,"Charger 5 (fid=19) not available, trying Charger 0 (fid=22)",501.8355289534444,0,,
Car 178,,,,,,gave_up,0,"no alternate charger available, gave up",501.84355516530104,,,
Car 186,,,,,1,switch,,"Charger 1 (fid=82) not available, trying Charger 4 (fid=86)",501.8481339982468,4,,
Car 202,,,,,3,switch,,"Charger 3 (fid=53) not available, trying Charger 1 (fid=82)",501.84902522653005,1,,
Car 200,,,,,3,switch,,"Charger 3 (fid=53) not available, trying Charger 1 (fid=82)",502.07452405087724,1,,
Car 208,,,,,5,switch,,"Charger 5 (fid=19) not available, trying Charger 0 (fid=22)",502.0996304417656,0,,
Car 225,,,,,0,switch,,"Charger 0 (fid=22) not available, trying Charger 6 (fid=77)",502.14761825298325,6,,
Car 234,,,,,7,switch,,"Charger 7 (fid=52) not available, trying Charger 3 (fid=53)",502.340948558718,3,,
Car 250,,,,115,,arrived,,arrived,502.34695577833537,,,
Car 173,,,,,,gave_up,0,"no alternate charger available, gave up",502.34992250234933,,,
Car 241,,,,,1,switch,,"Charger 1 (fid=82) not available, trying Charger 4 (fid=86)",502.371851218152,4,,
Car 181,,,,,,gave_up,4,"no alternate charger available, gave up",502.43898917096254,,,
Car 251,,,,62,,arrived,,arrived,502.53428077971273,,,
Car 184,,,,,,gave_up,4,"no alternate charger available, gave up",502.6356163076026,,,
Car 180,,,,,,gave_up,4,"no alternate charger available, gave up",502.68222623383724,,,
Car 226,,,,,7,switch,,"Charger 7 (fid=52) not available, trying Charger 3 (fid=53)",502.79304411194846,3,,
Car 185,,,,,1,switch,,"Charger 1 (fid=82) not available, trying Charger 4 (fid=86)",502.97640184434914,4,,
Car 210,,,,,6,switch,,"Charger 6 (fid=77) not available, trying Charger 2 (fid=36)",503.0306830981324,2,,
Car 227,,,,,2,switch,,"Charger 2 (fid=36) not available, trying Charger 6 (fid=77)",503.080644494112,6,,
Car 243,,,,,5,switch,,"Charger 5 (fid=19) not available, trying Charger 2 (fid=36)",503.11418697316134,2,,
Car 228,,,,,0,switch,,"Charger 0 (fid=22) not available, trying Charger 6 (fid=77)",503.17760428039446,6,,
Car 229,,,,,0,switch,,"Charger 0 (fid=22) not available, trying Charger 6 (fid=77)",503.224425329895,6,,
Car 252,,,,4,,arrived,,arrived,503.68751897929747,,,
Car 253,,,,71,,arrived,,arrived,503.8017706398543,,,
Car 244,,,,,5,switch,,"Charger 5 (fid=19) not available, trying Charger 2 (fid=36)",503.97062823328054,2,,
Car 206,,,,,7,switch,,"Charger 7 (fid=52) not available, trying Charger 3 (fid=53)",504.0593580971467,3,,
Car 216,,,,,6,switch,,"Charger 6 (fid=77) not available, trying Charger 7 (fid=52)",504.0629972699837,7,,
Car 254,,,,67,,arrived,,arrived,504.10900933275263,,,
Car 255,,,,61,,arrived,,arrived,504.1901487867056,,,
Car 176,,,,,,gave_up,0,"no alternate charger available, gave up",504.3190903245713,,,
Car 211,,,,,5,switch,,"Charger 5 (fid=19) not available, trying Charger 0 (fid=22)",504.4066640745907,0,,
Car 215,,,,,3,switch,,"Charger 3 (fid=53) not available, trying Charger 5 (fid=19)",504.59651265922355,5,,
Car 245,,,,,7,switch,,"Charger 7 (fid=52) not available, trying Charger 3 (fid=53)",504.7112426009292,3,,
Car 195,,,,,1,switch,,"Charger 1 (fid=82) not available, trying Charger 4 (fid=86)",504.7487485250323,4,,
Car 214,,,,,5,switch,,"Charger 5 (fid=19) not available, trying Charger 3 (fid=53)",504.83402639482233,3,,
Car 256,,,,27,,arrived,,arrived,504.8832965382866,,,
Car 218,,,,,6,switch,,"Charger 6 (fid=77) not available, trying Charger 7 (fid=52)",504.91034222979494,7,,
Car 246,,,,,0,switch,,"Charger 0 (fid=22) not available, trying Charger 5 (fid=19)",505.004503281792,5,,
Car 235,,,,,2,switch,,"Charger 2 (fid=36) not available, trying Charger 0 (fid=22)",505.02595058201075,0,,
Car 213,,,,,2,switch,,"Charger 2 (fid=36) not available, trying Charger 3 (fid=53)",505.1585153539158,3,,
Car 207,,,,,7,switch,,"Charger 7 (fid=52) not available, trying Charger 3 (fid=53)",505.2011930683845,3,,
Car 247,,,,,0,switch,,"Charger 0 (fid=22) not available, trying Charger 5 (fid=19)",505.2953582016007,5,,
Car 219,,,,,6,switch,,"Charger 6 (fid=77) not available, trying Charger 7 (fid=52)",505.3027132695784,7,,
Car 236,,,,,2,switch,,"Charger 2 (fid=36) not available, trying Charger 5 (fid=19)",505.366784084443,5,,
Car 196,,,,,1,switch,,"Charger 1 (fid=82) not available, trying Charger 4 (fid=86)",505.43053012766063,4,,
Car 189,,,,,4,switch,,"Charger 4 (fid=86) not available, trying Charger 1 (fid=82)",505.43324417757657,1,,
Car 201,,,,,2,switch,,"Charger 2 (fid=36) not available, trying Charger 5 (fid=19)",505.51233543159884,5,,
Car 257,,,,72,,arrived,,arrived,505.5921194126417,,,
Car 231,,,,,7,switch,,"Charger 7 (fid=52) not available, trying Charger 2 (fid=36)",505.5981937416499,2,,
Car 209,,,,,7,switch,,"Charger 7 (fid=52) not available, trying Charger 3 (fid=53)",505.6184063025743,3,,
Car 248,,,,,6,switch,,"Charger 6 (fid=77) not available, trying Charger 3 (fid=53)",505.61909561946607,3,,
Car 249,,,,,6,switch,,"Charger 6 (fid=77) not available, trying Charger 2 (fid=36)",505.8231808759761,2,,
Car 220,,,,,6,switch,,"Charger 6 (fid=77) not available, trying Charger 7 (fid=52)",505.8833479993694,7,,
Car 204,,,,,3,switch,,"Charger 3 (fid=53) not available, trying Charger 1 (fid=82)",505.89731402351197,1,,
Car 199,,,,,5,switch,,"Charger 5 (fid=19) not available, trying Charger 0 (fid=22)",505.95126851599224,0,,
Car 205,,,,,3,switch,,"Charger 3 (fid=53) not available, trying Charger 1 (fid=82)",506.0994585237158,1,,
Car 217,,,,,2,switch,,"Charger 2 (fid=36) not available, trying Charger 4 (fid=86)",506.132320551049,4,,
Car 193,,,,,1,switch,,"Charger 1 (fid=82) not available, trying Charger 4 (fid=86)",506.40780252913925,4,,
Car 230,,,,,0,switch,,"Charger 0 (fid=22) not available, trying Charger 5 (fid=19)",506.8325264218361,5,,
Car 179,,,,,,gave_up,0,"no alternate charger available, gave up",506.90145701017957,,,
Car 237,,,,,2,switch,,"Charger 2 (fid=36) not available, trying Charger 3 (fid=53)",506.9376693788787,3,,
Car 232,,,,,7,switch,,"Charger 7 (fid=52) not available, trying Charger 3 (fid=53)",506.97370953769365,3,,
Car 194,,,,,1,switch,,"Charger 1 (fid=82) not available, trying Charger 4 (fid=86)",506.97938165150055,4,,
Car 203,,,,,7,switch,,"Charger 7 (fid=52) not available, trying Charger 1 (fid=82)",507.01155706019154,1,,
Car 123,82.0,36,2,,,done,,done charging,507.0987751164275,,,96.33093142394121
Car 224,,36,2,,,start_charge,,starting to charge at Charger 2 (fid=36),507.0987751164275,,18.58209539259343,
Car 186,,,,,,gave_up,4,"no alternate charger available, gave up",507.1305857065609,,,
Car 258,,,,3,,arrived,,arrived,507.17869108907485,,,
Car 221,,,,,6,switch,,"Charger 6 (fid=77) not available, trying Charger 7 (fid=52)",507.20868476714935,7,,
Car 250,,,,,5,switch,,"Charger 5 (fid=19) not available, trying Charger 2 (fid=36)",507.34695577833537,2,,
Car 191,,,,,1,switch,,"Charger 1 (fid=82) not available, trying Charger 4 (fid=86)",507.436936852251,4,,
Car 251,,,,,6,switch,,"Charger 6 (fid=77) not available, trying Charger 2 (fid=36)",507.53428077971273,2,,
Car 190,,,,,,gave_up,0,"no alternate charger available, gave up",507.53877867910506,,,
Car 241,,,,,4,switch,,"Charger 4 (fid=86) not available, trying Charger 7 (fid=52)",507.65430292646613,7,,
Car 140,78.0,53,3,,,done,,done charging,507.7715790001096,,,66.74562865837561
Car 234,,53,3,,,start_charge,,starting to charge at Charger 3 (fid=53),507.7715790001096,,14.410693822359747,
Car 185,,,,,,gave_up,4,"no alternate charger available, gave up",508.25885355266325,,,
Car 239,,,,,6,switch,,"Charger 6 (fid=77) not available, trying Charger 3 (fid=53)",508.27032652920633,3,,
Car 183,,,,,,gave_up,0,"no alternate charger available, gave up",508.29625610638453,,,
Car 240,,,,,6,switch,,"Charger 6 (fid=77) not available, trying Charger 3 (fid=53)",508.36470221583704,3,,
Car 259,,,,62,,arrived,,arrived,508.44027906823777,,,
Car 208,,,,,0,switch,,"Charger 0 (fid=22) not available, trying Charger 4 (fid=86)",508.56035759470575,4,,
Car 260,,,,38,,arrived,,arrived,508.6838801490613,,,
Car 252,,,,,6,switch,,"Charger 6 (fid=77) not available, trying Charger 7 (fid=52)",508.68751897929747,7,,
Car 261,,,,115,,arrived,,arrived,508.74519114911914,,,
Car 253,,,,,5,switch,,"Charger 5 (fid=19) not available, trying Charger 2 (fid=36)",508.8017706398543,2,,
Car 226,,,,,3,switch,,"Charger 3 (fid=53) not available, trying Charger 6 (fid=77)",508.8129807309803,6,,
Car 243,,,,,2,switch,,"Charger 2 (fid=36) not available, trying Charger 0 (fid=22)",508.8670438062936,0,,
Car 188,,,,,1,switch,,"Charger 1 (fid=82) not available, trying Charger 4 (fid=86)",508.9483851512327,4,,
Car 254,,,,,0,switch,,"Charger 0 (fid=22) not available, trying Charger 5 (fid=19)",509.10900933275263,5,,
Car 255,,,,,6,switch,,"Charger 6 (fid=77) not available, trying Charger 3 (fid=53)",509.1901487867056,3,,
Car 222,,,,,4,switch,,"Charger 4 (fid=86) not available, trying Charger 1 (fid=82)",509.2387150260413,1,,
Car 233,,,,,7,switch,,"Charger 7 (fid=52) not available, trying Charger 0 (fid=22)",509.3622464886519,0,,
Car 244,,,,,2,switch,,"Charger 2 (fid=36) not available, trying Charger 0 (fid=22)",509.7234850664128,0,,
Car 223,,,,,6,switch,,"Charger 6 (fid=77) not available, trying Charger 7 (fid=52)",509.75422193682374,7,,
Car 256,,,,,2,switch,,"Charger 2 (fid=36) not available, trying Charger 5 (fid=19)",509.8832965382866,5,,
Car 195,,,,,,gave_up,4,"no alternate charger available, gave up",510.0312002333464,,,
Car 198,45.0,36,2,,,done,,done charging,510.0325685369794,,,39.69896817299469
Car 210,,36,2,,,start_charge,,starting to charge at Charger 2 (fid=36),510.0325685369794,,29.44658107828576,
Car 206,,,,,3,switch,,"Charger 3 (fid=53) not available, trying Charger 1 (fid=82)",510.07929471617854,1,,
Car 192,,,,,5,switch,,"Charger 5 (fid=19) not available, trying Charger 0 (fid=22)",510.0910273535502,0,,
Car 202,,,,,1,switch,,"Charger 1 (fid=82) not available, trying Charger 4 (fid=86)",510.19323943387144,4,,
Car 200,,,,,1,switch,,"Charger 1 (fid=82) not available, trying Charger 4 (fid=86)",510.41873825821864,4,,
Car 257,,,,,5,switch,,"Charger 5 (fid=19) not available, trying Charger 2 (fid=36)",510.5921194126417,2,,
Car 216,,,,,7,switch,,"Charger 7 (fid=52) not available, trying Charger 3 (fid=53)",510.6287348862084,3,,
Car 227,,,,,6,switch,,"Charger 6 (fid=77) not available, trying Charger 7 (fid=52)",510.63594885467325,7,,
Car 86,98.0,22,0,,,done,,done charging,510.6890010794594,,,299.9755852148651
Car 211,,22,0,,,start_charge,,starting to charge at Charger 0 (fid=22),510.6890010794594,,29.821609851928542,
Car 196,,,,,,gave_up,4,"no alternate charger available, gave up",510.71298183597474,,,
Car 189,,,,,,gave_up,1,"no alternate charger available, gave up",510.7156958858907,,,
Car 245,,,,,3,switch,,"Charger 3 (fid=53) not available, trying Charger 4 (fid=86)",510.73117921996106,4,,
Car 212,,,,,4,switch,,"Charger 4 (fid=86) not available, trying Charger 5 (fid=19)",510.98715297801647,5,,
Car 236,,,,,5,switch,,"Charger 5 (fid=19) not available, trying Charger 0 (fid=22)",511.1196409175753,0,,
Car 207,,,,,3,switch,,"Charger 3 (fid=53) not available, trying Charger 1 (fid=82)",511.22112968741635,1,,
Car 262,,,,18,,arrived,,arrived,511.2519317048519,,,
Car 201,,,,,5,switch,,"Charger 5 (fid=19) not available, trying Charger 0 (fid=22)",511.2651922647311,0,,
Car 263,,,,53,,arrived,,arrived,511.38301390200587,,,
Car 246,,,,,5,switch,,"Charger 5 (fid=19) not available, trying Charger 2 (fid=36)",511.4652304347321,2,,
Car 218,,,,,7,switch,,"Charger 7 (fid=52) not available, trying Charger 3 (fid=53)",511.4760798460196,3,,
Car 225,,,,,6,switch,,"Charger 6 (fid=77) not available, trying Charger 7 (fid=52)",511.48572306444413,7,,
Car 209,,,,,3,switch,,"Charger 3 (fid=53) not available, trying Charger 1 (fid=82)",511.6383429216061,1,,
Car 193,,,,,,gave_up,4,"no alternate charger available, gave up",511.69025423745336,,,
Car 264,,,,9,,arrived,,arrived,511.70075861158756,,,
Car 247,,,,,5,switch,,"Charger 5 (fid=19) not available, trying Charger 2 (fid=36)",511.75608535454086,2,,
Car 219,,,,,7,switch,,"Charger 7 (fid=52) not available, trying Charger 3 (fid=53)",511.8684508858031,3,,
Car 235,,,,,0,switch,,"Charger 0 (fid=22) not available, trying Charger 5 (fid=19)",512.1689389562009,5,,
Car 258,,,,,7,switch,,"Charger 7 (fid=52) not available, trying Charger 2 (fid=36)",512.1786910890748,2,,
Car 248,,,,,3,switch,,"Charger 3 (fid=53) not available, trying Charger 7 (fid=52)",512.1921194899312,7,,
Car 194,,,,,,gave_up,4,"no alternate charger available, gave up",512.2618333598147,,,
Car 265,,,,10,,arrived,,arrived,512.2757270239092,,,
Car 199,,,,,,gave_up,0,"no alternate charger available, gave up",512.4119956689324,,,
Car 220,,,,,7,switch,,"Charger 7 (fid=52) not available, trying Charger 3 (fid=53)",512.4490856155941,3,,
Car 228,,,,,6,switch,,"Charger 6 (fid=77) not available, trying Charger 7 (fid=52)",512.5157090918553,7,,
Car 229,,,,,6,switch,,"Charger 6 (fid=77) not available, trying Charger 7 (fid=52)",512.5625301413559,7,,
Car 191,,,,,,gave_up,4,"no alternate charger available, gave up",512.7193885605651,,,
Car 266,,,,50,,arrived,,arrived,512.9090577943508,,,
Car 232,,,,,3,switch,,"Charger 3 (fid=53) not available, trying Charger 6 (fid=77)",512.9936461567255,6,,
Car 250,,,,,2,switch,,"Charger 2 (fid=36) not available, trying Charger 0 (fid=22)",513.0998126114677,0,,
Car 230,,,,,5,switch,,"Charger 5 (fid=19) not available, trying Charger 3 (fid=53)",513.2932535747763,3,,
Car 249,,,,,2,switch,,"Charger 2 (fid=36) not available, trying Charger 7 (fid=52)",513.3784852365374,7,,
Car 259,,,,,6,switch,,"Charger 6 (fid=77) not available, trying Charger 2 (fid=36)",513.4402790682377,2,,
Car 267,,,,57,,arrived,,arrived,513.5013441658228,,,
Car 231,,,,,2,switch,,"Charger 2 (fid=36) not available, trying Charger 5 (fid=19)",513.6265312386893,5,,
Car 260,,,,,0,switch,,"Charger 0 (fid=22) not available, trying Charger 5 (fid=19)",513.6838801490612,5,,
Car 261,,,,,5,switch,,"Charger 5 (fid=19) not available, trying Charger 2 (fid=36)",513.7451911491191,2,,
Car 221,,,,,7,switch,,"Charger 7 (fid=52) not available, trying Charger 3 (fid=53)",513.774422383374,3,,
Car 213,,,,,3,switch,,"Charger 3 (fid=53) not available, trying Charger 7 (fid=52)",513.9127010457776,7,,
Car 215,,,,,5,switch,,"Charger 5 (fid=19) not available, trying Charger 0 (fid=22)",514.1000271771708,0,,
Car 108,98.0,19,5,,,done,,done charging,514.2168823232757,,,252.71410599328644
Car 254,,19,5,,,start_charge,,starting to charge at Charger 5 (fid=19),514.2168823232757,,8.647145837582968,
Car 188,,,,,,gave_up,4,"no alternate charger available, gave up",514.2308368595468,,,
Car 204,,,,,1,switch,,"Charger 1 (fid=82) not available, trying Charger 4 (fid=86)",514.2415282308534,4,,
Car 214,,,,,3,switch,,"Charger 3 (fid=53) not available, trying Charger 7 (fid=52)",514.3375409127696,7,,
Car 205,,,,,1,switch,,"Charger 1 (fid=82) not available, trying Charger 4 (fid=86)",514.4436727310572,4,,
Car 222,,,,,1,switch,,"Charger 1 (fid=82) not available, trying Charger 2 (fid=36)",514.5211667343553,2,,
Car 253,,,,,2,switch,,"Charger 2 (fid=36) not available, trying Charger 0 (fid=22)",514.5546274729866,0,,
Car 203,,,,,1,switch,,"Charger 1 (fid=82) not available, trying Charger 4 (fid=86)",514.6694747486587,4,,
Car 239,,,,,3,switch,,"Charger 3 (fid=53) not available, trying Charger 2 (fid=36)",514.8433503996714,2,,
Car 240,,,,,3,switch,,"Charger 3 (fid=53) not available, trying Charger 2 (fid=36)",514.9377260863021,2,,
Car 251,,,,,2,switch,,"Charger 2 (fid=36) not available, trying Charger 3 (fid=53)",515.089585140274,3,,
Car 268,,,,43,,arrived,,arrived,515.2275302817086,,,
Car 252,,,,,7,switch,,"Charger 7 (fid=52) not available, trying Charger 3 (fid=53)",515.2532565955221,3,,
Car 241,,,,,7,switch,,"Charger 7 (fid=52) not available, trying Charger 3 (fid=53)",515.2841703240065,3,,
Car 226,,,,,6,switch,,"Charger 6 (fid=77) not available, trying Charger 2 (fid=36)",515.3860046014454,2,,
Car 202,,,,,,gave_up,4,"no alternate charger available, gave up",515.4756911421855,,,
Car 256,,,,,5,switch,,"Charger 5 (fid=19) not available, trying Charger 0 (fid=22)",515.6361533714189,0,,
Car 237,,,,,3,switch,,"Charger 3 (fid=53) not available, trying Charger 5 (fid=19)",515.6918550707405,5,,
Car 200,,,,,,gave_up,4,"no alternate charger available, gave up",515.7011899665328,,,
Car 255,,,,,3,switch,,"Charger 3 (fid=53) not available, trying Charger 7 (fid=52)",515.7631726571707,7,,
Car 217,,,,,4,switch,,"Charger 4 (fid=86) not available, trying Charger 5 (fid=19)",515.8434508256164,5,,
Car 243,,,,,0,switch,,"Charger 0 (fid=22) not available, trying Charger 6 (fid=77)",516.0100321804837,6,,
Car 262,,,,,5,switch,,"Charger 5 (fid=19) not available, trying Charger 2 (fid=36)",516.2519317048519,2,,
Car 223,,,,,7,switch,,"Charger 7 (fid=52) not available, trying Charger 3 (fid=53)",516.3199595530484,3,,
Car 257,,,,,2,switch,,"Charger 2 (fid=36) not available, trying Charger 0 (fid=22)",516.344976245774,0,,
Car 263,,,,,3,switch,,"Charger 3 (fid=53) not available, trying Charger 7 (fid=52)",516.3830139020058,7,,
Car 192,,,,,,gave_up,0,"no alternate charger available, gave up",516.5517545064904,,,
Car 216,,,,,3,switch,,"Charger 3 (fid=53) not available, trying Charger 1 (fid=82)",516.6486715052403,1,,
Car 264,,,,,6,switch,,"Charger 6 (fid=77) not available, trying Charger 2 (fid=36)",516.7007586115876,2,,
Car 124,49.0,86,4,,,done,,done charging,516.8570229175918,,,445.4363333743568
Car 245,,86,4,,,start_charge,,starting to charge at Charger 4 (fid=86),516.8570229175918,,12.882851941555145,
Car 244,,,,,0,switch,,"Charger 0 (fid=22) not available, trying Charger 6 (fid=77)",516.8664734406029,6,,
Car 227,,,,,7,switch,,"Charger 7 (fid=52) not available, trying Charger 3 (fid=53)",517.2016864708979,3,,
Car 246,,,,,2,switch,,"Charger 2 (fid=36) not available, trying Charger 6 (fid=77)",517.2180872678643,6,,
Car 269,,,,8,,arrived,,arrived,517.2322864989931,,,
Car 265,,,,,6,switch,,"Charger 6 (fid=77) not available, trying Charger 2 (fid=36)",517.2757270239092,2,,
Car 218,,,,,3,switch,,"Charger 3 (fid=53) not available, trying Charger 1 (fid=82)",517.4960164650514,1,,
Car 247,,,,,2,switch,,"Charger 2 (fid=36) not available, trying Charger 6 (fid=77)",517.5089421876731,6,,
Car 236,,,,,0,switch,,"Charger 0 (fid=22) not available, trying Charger 7 (fid=52)",517.5803680705154,7,,
Car 270,,,,37,,arrived,,arrived,517.6045228084121,,,
Car 201,,,,,,gave_up,0,"no alternate charger available, gave up",517.7259194176712,,,
Car 219,,,,,3,switch,,"Charger 3 (fid=53) not available, trying Charger 1 (fid=82)",517.8883875048349,1,,
Car 266,,,,,6,switch,,"Charger 6 (fid=77) not available, trying Charger 3 (fid=53)",517.9090577943508,3,,
Car 225,,,,,7,switch,,"Charger 7 (fid=52) not available, trying Charger 3 (fid=53)",518.0514606806688,3,,
Car 248,,,,,7,switch,,"Charger 7 (fid=52) not available, trying Charger 2 (fid=36)",518.212056108963,2,,
Car 271,,,,47,,arrived,,arrived,518.4084719875934,,,
Car 206,,,,,1,switch,,"Charger 1 (fid=82) not available, trying Charger 4 (fid=86)",518.42350892352,4,,
Car 220,,,,,3,switch,,"Charger 3 (fid=53) not available, trying Charger 1 (fid=82)",518.4690222346259,1,,
Car 267,,,,,5,switch,,"Charger 5 (fid=19) not available, trying Charger 2 (fid=36)",518.5013441658228,2,,
Car 235,,,,,5,switch,,"Charger 5 (fid=19) not available, trying Charger 3 (fid=53)",518.629666109141,3,,
Car 272,,,,51,,arrived,,arrived,518.9559254937692,,,
Car 273,,,,3,,arrived,,arrived,519.0469942889843,,,
Car 228,,,,,7,switch,,"Charger 7 (fid=52) not available, trying Charger 3 (fid=53)",519.0814467080801,3,,
Car 229,,,,,7,switch,,"Charger 7 (fid=52) not available, trying Charger 3 (fid=53)",519.1282677575806,3,,
Car 274,,,,57,,arrived,,arrived,519.3217118804838,,,
Car 231,,,,,5,switch,,"Charger 5 (fid=19) not available, trying Charger 0 (fid=22)",519.3793880718215,0,,
Car 233,,,,,0,switch,,"Charger 0 (fid=22) not available, trying Charger 6 (fid=77)",519.4949572987978,6,,
Car 261,,,,,2,switch,,"Charger 2 (fid=36) not available, trying Charger 0 (fid=22)",519.4980479822514,0,,
Car 204,,,,,,gave_up,4,"no alternate charger available, gave up",519.5239799391676,,,
Car 207,,,,,1,switch,,"Charger 1 (fid=82) not available, trying Charger 4 (fid=86)",519.5653438947578,4,,
Car 232,,,,,6,switch,,"Charger 6 (fid=77) not available, trying Charger 2 (fid=36)",519.5666700271905,2,,
Car 205,,,,,,gave_up,4,"no alternate charger available, gave up",519.7261244393713,,,
Car 221,,,,,3,switch,,"Charger 3 (fid=53) not available, trying Charger 1 (fid=82)",519.7943590024058,1,,
Car 213,,,,,7,switch,,"Charger 7 (fid=52) not available, trying Charger 1 (fid=82)",519.9326376648094,1,,
Car 203,,,,,,gave_up,4,"no alternate charger available, gave up",519.9519264569728,,,
Car 209,,,,,1,switch,,"Charger 1 (fid=82) not available, trying Charger 4 (fid=86)",519.9825571289475,4,,
Car 260,,,,,5,switch,,"Charger 5 (fid=19) not available, trying Charger 2 (fid=36)",520.1446073020013,2,,
Car 258,,,,,2,switch,,"Charger 2 (fid=36) not available, trying Charger 6 (fid=77)",520.2070285861142,6,,
Car 268,,,,,0,switch,,"Charger 0 (fid=22) not available, trying Charger 5 (fid=19)",520.2275302817086,5,,
Car 250,,,,,0,switch,,"Charger 0 (fid=22) not available, trying Charger 6 (fid=77)",520.2428009856577,6,,
Car 208,,,,,4,switch,,"Charger 4 (fid=86) not available, trying Charger 1 (fid=82)",520.3512361915089,1,,
Car 214,,,,,7,switch,,"Charger 7 (fid=52) not available, trying Charger 1 (fid=82)",520.3574775318014,1,,
Car 215,,,,,0,switch,,"Charger 0 (fid=22) not available, trying Charger 1 (fid=82)",520.5607543301109,1,,
Car 275,,,,21,,arrived,,arrived,520.7109003145181,,,
Car 276,,,,27,,arrived,,arrived,520.8598062066746,,,
Car 155,49.0,82,1,,,done,,done charging,520.9025484845649,,,232.01772081459535
Car 216,,82,1,,,start_charge,,starting to charge at Charger 1 (fid=82),520.9025484845649,,30.90966277198322,
Car 259,,,,,2,switch,,"Charger 2 (fid=36) not available, trying Charger 3 (fid=53)",520.995583428799,3,,
Car 252,,,,,3,switch,,"Charger 3 (fid=53) not available, trying Charger 2 (fid=36)",521.2731932145539,2,,
Car 241,,,,,3,switch,,"Charger 3 (fid=53) not available, trying Charger 6 (fid=77)",521.3041069430383,6,,
Car 212,,,,,5,switch,,"Charger 5 (fid=19) not available, trying Charger 1 (fid=82)",521.3177492698918,1,,
Car 249,,,,,7,switch,,"Charger 7 (fid=52) not available, trying Charger 3 (fid=53)",521.4068227335767,3,,
Car 253,,,,,0,switch,,"Charger 0 (fid=22) not available, trying Charger 6 (fid=77)",521.6976158471766,6,,
Car 255,,,,,7,switch,,"Charger 7 (fid=52) not available, trying Charger 2 (fid=36)",521.7831092762025,2,,
Car 277,,,,11,,arrived,,arrived,521.9757174690371,,,
Car 262,,,,,2,switch,,"Charger 2 (fid=36) not available, trying Charger 0 (fid=22)",522.0047885379842,0,,
Car 278,,,,31,,arrived,,arrived,522.0794890556916,,,
Car 256,,,,,0,switch,,"Charger 0 (fid=22) not available, trying Charger 6 (fid=77)",522.096880524359,6,,
Car 269,,,,,6,switch,,"Charger 6 (fid=77) not available, trying Charger 2 (fid=36)",522.2322864989931,2,,
Car 223,,,,,3,switch,,"Charger 3 (fid=53) not available, trying Charger 1 (fid=82)",522.3398961720802,1,,
Car 263,,,,,7,switch,,"Charger 7 (fid=52) not available, trying Charger 6 (fid=77)",522.4029505210376,6,,
Car 75,117.0,86,4,,,done,,done charging,522.5182311450812,,,452.7897650720218
Car 206,,86,4,,,start_charge,,starting to charge at Charger 4 (fid=86),522.5182311450812,,38.812270513247086,
Car 270,,,,,0,switch,,"Charger 0 (fid=22) not available, trying Charger 5 (fid=19)",522.6045228084121,5,,
Car 279,,,,61,,arrived,,arrived,522.7414591509745,,,
Car 230,,,,,3,switch,,"Charger 3 (fid=53) not available, trying Charger 7 (fid=52)",522.7967680927235,7,,
Car 226,,,,,2,switch,,"Charger 2 (fid=36) not available, trying Charger 5 (fid=19)",522.9413089620067,5,,
Car 280,,,,33,,arrived,,arrived,523.0394485986623,,,
Car 281,,,,68,,arrived,,arrived,523.1099653662924,,,
Car 227,,,,,3,switch,,"Charger 3 (fid=53) not available, trying Charger 1 (fid=82)",523.2216230899297,1,,
Car 271,,,,,0,switch,,"Charger 0 (fid=22) not available, trying Charger 5 (fid=19)",523.4084719875934,5,,
Car 257,,,,,0,switch,,"Charger 0 (fid=22) not available, trying Charger 6 (fid=77)",523.487964619964,6,,
Car 282,,,,33,,arrived,,arrived,523.5332613276787,,,
Car 239,,,,,2,switch,,"Charger 2 (fid=36) not available, trying Charger 1 (fid=82)",523.5975360915332,1,,
Car 240,,,,,2,switch,,"Charger 2 (fid=36) not available, trying Charger 1 (fid=82)",523.6919117781639,1,,
Car 251,,,,,3,switch,,"Charger 3 (fid=53) not available, trying Charger 7 (fid=52)",523.8437708321359,7,,
Car 272,,,,,3,switch,,"Charger 3 (fid=53) not available, trying Charger 6 (fid=77)",523.9559254937692,6,,
Car 273,,,,,7,switch,,"Charger 7 (fid=52) not available, trying Charger 2 (fid=36)",524.0469942889843,2,,
Car 225,,,,,3,switch,,"Charger 3 (fid=53) not available, trying Charger 1 (fid=82)",524.0713972997006,1,,
Car 222,,,,,2,switch,,"Charger 2 (fid=36) not available, trying Charger 5 (fid=19)",524.0813277742094,5,,
Car 283,,,,63,,arrived,,arrived,524.0850594731169,,,
Car 267,,,,,2,switch,,"Charger 2 (fid=36) not available, trying Charger 0 (fid=22)",524.2542009989551,0,,
Car 264,,,,,2,switch,,"Charger 2 (fid=36) not available, trying Charger 3 (fid=53)",524.2560629721489,3,,
Car 274,,,,,5,switch,,"Charger 5 (fid=19) not available, trying Charger 2 (fid=36)",524.3217118804838,2,,
Car 266,,,,,3,switch,,"Charger 3 (fid=53) not available, trying Charger 7 (fid=52)",524.4820816648158,7,,
Car 246,,,,,6,switch,,"Charger 6 (fid=77) not available, trying Charger 7 (fid=52)",524.7733916284257,7,,
Car 265,,,,,2,switch,,"Charger 2 (fid=36) not available, trying Charger 5 (fid=19)",524.8310313844705,5,,
Car 207,,,,,,gave_up,4,"no alternate charger available, gave up",524.847795603072,,,
Car 284,,,,28,,arrived,,arrived,524.9480894034518,,,
Car 247,,,,,6,switch,,"Charger 6 (fid=77) not available, trying Charger 7 (fid=52)",525.0642465482345,7,,
Car 228,,,,,3,switch,,"Charger 3 (fid=53) not available, trying Charger 1 (fid=82)",525.1013833271119,1,,
Car 229,,,,,3,switch,,"Charger 3 (fid=53) not available, trying Charger 1 (fid=82)",525.1482043766124,1,,
Car 237,,,,,5,switch,,"Charger 5 (fid=19) not available, trying Charger 7 (fid=52)",525.1953695886878,7,,
Car 209,,,,,,gave_up,4,"no alternate charger available, gave up",525.2650088372617,,,
Car 243,,,,,6,switch,,"Charger 6 (fid=77) not available, trying Charger 7 (fid=52)",525.3481369919446,7,,
Car 208,,,,,,gave_up,1,"no alternate charger available, gave up",525.633687899823,,,
Car 275,,,,,5,switch,,"Charger 5 (fid=19) not available, trying Charger 2 (fid=36)",525.7109003145181,2,,
Car 231,,,,,0,switch,,"Charger 0 (fid=22) not available, trying Charger 4 (fid=86)",525.8401152247616,4,,
Car 218,,,,,1,switch,,"Charger 1 (fid=82) not available, trying Charger 4 (fid=86)",525.8402306723929,4,,
Car 276,,,,,2,switch,,"Charger 2 (fid=36) not available, trying Charger 5 (fid=19)",525.8598062066746,5,,
Car 260,,,,,2,switch,,"Charger 2 (fid=36) not available, trying Charger 6 (fid=77)",525.8974641351335,6,,
Car 217,,,,,5,switch,,"Charger 5 (fid=19) not available, trying Charger 1 (fid=82)",526.1740471174917,1,,
Car 244,,,,,6,switch,,"Charger 6 (fid=77) not available, trying Charger 7 (fid=52)",526.2045782520638,7,,
Car 219,,,,,1,switch,,"Charger 1 (fid=82) not available, trying Charger 4 (fid=86)",526.2326017121763,4,,
Car 248,,,,,2,switch,,"Charger 2 (fid=36) not available, trying Charger 5 (fid=19)",526.2403936060024,5,,
Car 261,,,,,0,switch,,"Charger 0 (fid=22) not available, trying Charger 6 (fid=77)",526.6410363564414,6,,
Car 268,,,,,5,switch,,"Charger 5 (fid=19) not available, trying Charger 2 (fid=36)",526.6882574346487,2,,
Car 220,,,,,1,switch,,"Charger 1 (fid=82) not available, trying Charger 4 (fid=86)",526.8132364419673,4,,
Car 277,,,,,6,switch,,"Charger 6 (fid=77) not available, trying Charger 2 (fid=36)",526.9757174690371,2,,
Car 278,,,,,2,switch,,"Charger 2 (fid=36) not available, trying Charger 5 (fid=19)",527.0794890556916,5,,
Car 232,,,,,2,switch,,"Charger 2 (fid=36) not available, trying Charger 5 (fid=19)",527.1219743877518,5,,
Car 285,,,,37,,arrived,,arrived,527.377389535547,,,
Car 104,95.0,53,3,,,done,,done charging,527.4107291114569,,,572.8219924802129
Car 249,,53,3,,,start_charge,,starting to charge at Charger 3 (fid=53),527.4107291114569,,19.98396975884839,
Car 286,,,,3,,arrived,,arrived,527.5404918711391,,,
Car 213,,,,,1,switch,,"Charger 1 (fid=82) not available, trying Charger 4 (fid=86)",527.5905553532765,4,,
Car 236,,,,,7,switch,,"Charger 7 (fid=52) not available, trying Charger 3 (fid=53)",527.7130788806612,3,,
Car 279,,,,,6,switch,,"Charger 6 (fid=77) not available, trying Charger 3 (fid=53)",527.7414591509745,3,,
Car 258,,,,,6,switch,,"Charger 6 (fid=77) not available, trying Charger 1 (fid=82)",527.7623329466755,1,,
Car 241,,,,,6,switch,,"Charger 6 (fid=77) not available, trying Charger 2 (fid=36)",527.8771308135033,2,,
Car 214,,,,,1,switch,,"Charger 1 (fid=82) not available, trying Charger 4 (fid=86)",528.0153952202685,4,,
Car 280,,,,,0,switch,,"Charger 0 (fid=22) not available, trying Charger 5 (fid=19)",528.0394485986623,5,,
Car 281,,,,,5,switch,,"Charger 5 (fid=19) not available, trying Charger 2 (fid=36)",528.1099653662924,2,,
Car 235,,,,,3,switch,,"Charger 3 (fid=53) not available, trying Charger 7 (fid=52)",528.1331806270882,7,,
Car 221,,,,,1,switch,,"Charger 1 (fid=82) not available, trying Charger 4 (fid=86)",528.1385732097473,4,,
Car 282,,,,,2,switch,,"Charger 2 (fid=36) not available, trying Charger 5 (fid=19)",528.5332613276787,5,,
Car 226,,,,,5,switch,,"Charger 5 (fid=19) not available, trying Charger 0 (fid=22)",528.6941657951389,0,,
Car 230,,,,,7,switch,,"Charger 7 (fid=52) not available, trying Charger 1 (fid=82)",528.8167047117553,1,,
Car 233,,,,,6,switch,,"Charger 6 (fid=77) not available, trying Charger 1 (fid=82)",528.8330621102587,1,,
Car 263,,,,,6,switch,,"Charger 6 (fid=77) not available, trying Charger 4 (fid=86)",528.9686881372623,4,,
Car 270,,,,,5,switch,,"Charger 5 (fid=19) not available, trying Charger 2 (fid=36)",529.0652499613522,2,,
Car 283,,,,,0,switch,,"Charger 0 (fid=22) not available, trying Charger 6 (fid=77)",529.0850594731169,6,,
Car 262,,,,,0,switch,,"Charger 0 (fid=22) not available, trying Charger 6 (fid=77)",529.1477769121742,6,,
Car 287,,,,76,,arrived,,arrived,529.363884631885,,,
Car 250,,,,,6,switch,,"Charger 6 (fid=77) not available, trying Charger 7 (fid=52)",529.5809057971186,7,,
Car 259,,,,,3,switch,,"Charger 3 (fid=53) not available, trying Charger 7 (fid=52)",529.7497691206609,7,,
Car 269,,,,,2,switch,,"Charger 2 (fid=36) not available, trying Charger 0 (fid=22)",529.7875908595544,0,,
Car 255,,,,,2,switch,,"Charger 2 (fid=36) not available, trying Charger 5 (fid=19)",529.8114467732419,5,,
Car 222,,,,,5,switch,,"Charger 5 (fid=19) not available, trying Charger 0 (fid=22)",529.8341846073416,0,,
Car 251,,,,,7,switch,,"Charger 7 (fid=52) not available, trying Charger 5 (fid=19)",529.8637074511677,5,,
Car 271,,,,,5,switch,,"Charger 5 (fid=19) not available, trying Charger 2 (fid=36)",529.8691991405335,2,,
Car 284,,,,,0,switch,,"Charger 0 (fid=22) not available, trying Charger 5 (fid=19)",529.9480894034518,5,,
Car 252,,,,,2,switch,,"Charger 2 (fid=36) not available, trying Charger 5 (fid=19)",530.0273789064157,5,,
Car 274,,,,,2,switch,,"Charger 2 (fid=36) not available, trying Charger 0 (fid=22)",530.074568713616,0,,
Car 288,,,,40,,arrived,,arrived,530.4508999576603,,,
Car 266,,,,,7,switch,,"Charger 7 (fid=52) not available, trying Charger 2 (fid=36)",530.5020182838476,2,,
Car 272,,,,,6,switch,,"Charger 6 (fid=77) not available, trying Charger 7 (fid=52)",530.5289493642342,7,,
Car 265,,,,,5,switch,,"Charger 5 (fid=19) not available, trying Charger 0 (fid=22)",530.5838882176027,0,,
Car 223,,,,,1,switch,,"Charger 1 (fid=82) not available, trying Charger 4 (fid=86)",530.6841103794217,4,,
Car 253,,,,,6,switch,,"Charger 6 (fid=77) not available, trying Charger 7 (fid=52)",531.0357206586375,7,,
Car 218,,,,,,gave_up,4,"no alternate charger available, gave up",531.122682380707,,,
Car 289,,,,42,,arrived,,arrived,531.2362865758403,,,
Car 246,,,,,7,switch,,"Charger 7 (fid=52) not available, trying Charger 3 (fid=53)",531.3391292446504,3,,
Car 267,,,,,0,switch,,"Charger 0 (fid=22) not available, trying Charger 6 (fid=77)",531.3971893731451,6,,
Car 256,,,,,6,switch,,"Charger 6 (fid=77) not available, trying Charger 7 (fid=52)",531.4349853358199,7,,
Car 275,,,,,2,switch,,"Charger 2 (fid=36) not available, trying Charger 0 (fid=22)",531.4637571476503,0,,
Car 212,,,,,1,switch,,"Charger 1 (fid=82) not available, trying Charger 0 (fid=22)",531.4765894529675,0,,
Car 219,,,,,,gave_up,4,"no alternate charger available, gave up",531.5150534204905,,,
Car 227,,,,,1,switch,,"Charger 1 (fid=82) not available, trying Charger 4 (fid=86)",531.5658372972712,4,,
Car 276,,,,,5,switch,,"Charger 5 (fid=19) not available, trying Charger 0 (fid=22)",531.6126630398069,0,,
Car 247,,,,,7,switch,,"Charger 7 (fid=52) not available, trying Charger 3 (fid=53)",531.6299841644592,3,,
Car 290,,,,14,,arrived,,arrived,531.6815942182342,,,
Car 243,,,,,7,switch,,"Charger 7 (fid=52) not available, trying Charger 3 (fid=53)",531.9138746081693,3,,
Car 248,,,,,5,switch,,"Charger 5 (fid=19) not available, trying Charger 4 (fid=86)",531.9932504391346,4,,
Car 273,,,,,2,switch,,"Charger 2 (fid=36) not available, trying Charger 6 (fid=77)",532.0753317860236,6,,
Car 220,,,,,,gave_up,4,"no alternate charger available, gave up",532.0956881502815,,,
Car 167,71.0,52,7,,,done,,done charging,532.161554865366,,,216.94345929756588
Car 244,,52,7,,,start_charge,,starting to charge at Charger 7 (fid=52),532.161554865366,,24.391238997077494,
Car 215,,,,,1,switch,,"Charger 1 (fid=82) not available, trying Charger 4 (fid=86)",532.177483614655,4,,
Car 291,,,,77,,arrived,,arrived,532.3118301426351,,,
Car 285,,,,,0,switch,,"Charger 0 (fid=22) not available, trying Charger 5 (fid=19)",532.377389535547,5,,
Car 225,,,,,1,switch,,"Charger 1 (fid=82) not available, trying Charger 4 (fid=86)",532.4156115070421,4,,
Car 292,,,,5,,arrived,,arrived,532.4192294340205,,,
Car 268,,,,,2,switch,,"Charger 2 (fid=36) not available, trying Charger 6 (fid=77)",532.4411142677809,6,,
Car 286,,,,,3,switch,,"Charger 3 (fid=53) not available, trying Charger 6 (fid=77)",532.5404918711391,6,,
Car 257,,,,,6,switch,,"Charger 6 (fid=77) not available, trying Charger 7 (fid=52)",532.8260694314249,7,,
Car 278,,,,,5,switch,,"Charger 5 (fid=19) not available, trying Charger 0 (fid=22)",532.8323458888239,0,,
Car 213,,,,,,gave_up,4,"no alternate charger available, gave up",532.8730070615907,,,
Car 232,,,,,5,switch,,"Charger 5 (fid=19) not available, trying Charger 0 (fid=22)",532.8748312208841,0,,
Car 264,,,,,3,switch,,"Charger 3 (fid=53) not available, trying Charger 5 (fid=19)",533.0102486640108,5,,
Car 239,,,,,1,switch,,"Charger 1 (fid=82) not available, trying Charger 4 (fid=86)",533.1576971313873,4,,
Car 240,,,,,1,switch,,"Charger 1 (fid=82) not available, trying Charger 4 (fid=86)",533.252072818018,4,,
Car 214,,,,,,gave_up,4,"no alternate charger available, gave up",533.2978469285827,,,
Car 221,,,,,,gave_up,4,"no alternate charger available, gave up",533.4210249180614,,,
Car 228,,,,,1,switch,,"Charger 1 (fid=82) not available, trying Charger 4 (fid=86)",533.4455975344533,4,,
Car 260,,,,,6,switch,,"Charger 6 (fid=77) not available, trying Charger 7 (fid=52)",533.4527684956948,7,,
Car 229,,,,,1,switch,,"Charger 1 (fid=82) not available, trying Charger 4 (fid=86)",533.4924185839538,4,,
Car 293,,,,17,,arrived,,arrived,533.6639866928745,,,
Car 236,,,,,3,switch,,"Charger 3 (fid=53) not available, trying Charger 1 (fid=82)",533.733015499693,1,,
Car 281,,,,,2,switch,,"Charger 2 (fid=36) not available, trying Charger 0 (fid=22)",533.8628221994246,0,,
Car 237,,,,,7,switch,,"Charger 7 (fid=52) not available, trying Charger 0 (fid=22)",533.9731265036728,0,,
Car 235,,,,,7,switch,,"Charger 7 (fid=52) not available, trying Charger 1 (fid=82)",534.15311724612,1,,
Car 294,,,,16,,arrived,,arrived,534.1626090371599,,,
Car 282,,,,,5,switch,,"Charger 5 (fid=19) not available, trying Charger 0 (fid=22)",534.2861181608109,0,,
Car 279,,,,,3,switch,,"Charger 3 (fid=53) not available, trying Charger 7 (fid=52)",534.3144830214395,7,,
Car 287,,,,,1,switch,,"Charger 1 (fid=82) not available, trying Charger 4 (fid=86)",534.363884631885,4,,
Car 280,,,,,5,switch,,"Charger 5 (fid=19) not available, trying Charger 2 (fid=36)",534.5001757516023,2,,
Car 295,,,,72,,arrived,,arrived,534.5194532638068,,,
Car 277,,,,,2,switch,,"Charger 2 (fid=36) not available, trying Charger 5 (fid=19)",534.5310218295984,5,,
Car 296,,,,45,,arrived,,arrived,534.5910706443061,,,
Car 270,,,,,2,switch,,"Charger 2 (fid=36) not available, trying Charger 6 (fid=77)",534.8181067944844,6,,
Car 226,,,,,,gave_up,0,"no alternate charger available, gave up",535.154892948079,,,
Car 297,,,,15,,arrived,,arrived,535.1813306658967,,,
Car 241,,,,,2,switch,,"Charger 2 (fid=36) not available, trying Charger 5 (fid=19)",535.4324351740646,5,,
Car 288,,,,,6,switch,,"Charger 6 (fid=77) not available, trying Charger 3 (fid=53)",535.4508999576603,3,,
Car 255,,,,,5,switch,,"Charger 5 (fid=19) not available, trying Charger 0 (fid=22)",535.5643036063741,0,,
Car 271,,,,,2,switch,,"Charger 2 (fid=36) not available, trying Charger 6 (fid=77)",535.6220559736657,6,,
Car 259,,,,,7,switch,,"Charger 7 (fid=52) not available, trying Charger 5 (fid=19)",535.7697057396927,5,,
Car 252,,,,,5,switch,,"Charger 5 (fid=19) not available, trying Charger 0 (fid=22)",535.780235739548,0,,
Car 223,,,,,,gave_up,4,"no alternate charger available, gave up",535.9665620877358,,,
Car 261,,,,,6,switch,,"Charger 6 (fid=77) not available, trying Charger 7 (fid=52)",535.9791411679023,7,,
Car 250,,,,,7,switch,,"Charger 7 (fid=52) not available, trying Charger 3 (fid=53)",536.1466434133433,3,,
Car 289,,,,,0,switch,,"Charger 0 (fid=22) not available, trying Charger 5 (fid=19)",536.2362865758403,5,,
Car 222,,,,,,gave_up,0,"no alternate charger available, gave up",536.2949117602817,,,
Car 298,,,,25,,arrived,,arrived,536.3063279840951,,,
Car 217,,,,,1,switch,,"Charger 1 (fid=82) not available, trying Charger 0 (fid=22)",536.3328873005673,0,,
Car 284,,,,,5,switch,,"Charger 5 (fid=19) not available, trying Charger 2 (fid=36)",536.4088165563919,2,,
Car 230,,,,,1,switch,,"Charger 1 (fid=82) not available, trying Charger 4 (fid=86)",536.4746224002224,4,,
Car 290,,,,,2,switch,,"Charger 2 (fid=36) not available, trying Charger 5 (fid=19)",536.6815942182342,5,,
Car 299,,,,4,,arrived,,arrived,536.7901532501998,,,
Car 227,,,,,,gave_up,4,"no alternate charger available, gave up",536.8482890055853,,,
Car 269,,,,,0,switch,,"Charger 0 (fid=22) not available, trying Charger 5 (fid=19)",536.9305792337444,5,,
Car 258,,,,,1,switch,,"Charger 1 (fid=82) not available, trying Charger 5 (fid=19)",536.9475109636733,5,,
Car 265,,,,,0,switch,,"Charger 0 (fid=22) not available, trying Charger 3 (fid=53)",537.0446153705428,3,,
Car 272,,,,,7,switch,,"Charger 7 (fid=52) not available, trying Charger 2 (fid=36)",537.094686980459,2,,
Car 274,,,,,0,switch,,"Charger 0 (fid=22) not available, trying Charger 6 (fid=77)",537.2175570878061,6,,
Car 291,,,,,6,switch,,"Charger 6 (fid=77) not available, trying Charger 7 (fid=52)",537.3118301426351,7,,
Car 246,,,,,3,switch,,"Charger 3 (fid=53) not available, trying Charger 1 (fid=82)",537.3590658636822,1,,
Car 292,,,,,0,switch,,"Charger 0 (fid=22) not available, trying Charger 5 (fid=19)",537.4192294340205,5,,
Car 215,,,,,,gave_up,4,"no alternate charger available, gave up",537.4599353229692,,,
Car 253,,,,,7,switch,,"Charger 7 (fid=52) not available, trying Charger 3 (fid=53)",537.6014582748622,3,,
Car 231,,,,,4,switch,,"Charger 4 (fid=86) not available, trying Charger 1 (fid=82)",537.6309938215647,1,,
Car 247,,,,,3,switch,,"Charger 3 (fid=53) not available, trying Charger 1 (fid=82)",537.649920783491,1,,
Car 225,,,,,,gave_up,4,"no alternate charger available, gave up",537.6980632153562,,,
Car 243,,,,,3,switch,,"Charger 3 (fid=53) not available, trying Charger 1 (fid=82)",537.9338112272011,1,,
Car 256,,,,,7,switch,,"Charger 7 (fid=52) not available, trying Charger 3 (fid=53)",538.0007229520446,3,,
Car 233,,,,,1,switch,,"Charger 1 (fid=82) not available, trying Charger 3 (fid=53)",538.0182401272564,3,,
Car 276,,,,,0,switch,,"Charger 0 (fid=22) not available, trying Charger 6 (fid=77)",538.073390192747,6,,
Car 263,,,,,4,switch,,"Charger 4 (fid=86) not available, trying Charger 1 (fid=82)",538.1495519576745,1,,
Car 283,,,,,6,switch,,"Charger 6 (fid=77) not available, trying Charger 2 (fid=36)",538.4231642845778,2,,
Car 239,,,,,4,switch,,"Charger 4 (fid=86) not available, trying Charger 5 (fid=19)",538.4401488397015,5,,
Car 262,,,,,6,switch,,"Charger 6 (fid=77) not available, trying Charger 7 (fid=52)",538.4858817236351,7,,
Car 266,,,,,2,switch,,"Charger 2 (fid=36) not available, trying Charger 5 (fid=19)",538.530355780887,5,,
Car 240,,,,,4,switch,,"Charger 4 (fid=86) not available, trying Charger 5 (fid=19)",538.5345245263321,5,,
Car 300,,,,17,,arrived,,arrived,538.5737674589434,,,
Car 275,,,,,0,switch,,"Charger 0 (fid=22) not available, trying Charger 6 (fid=77)",538.6067455218404,6,,
Car 251,,,,,5,switch,,"Charger 5 (fid=19) not available, trying Charger 0 (fid=22)",538.6414643661527,0,,
Car 293,,,,,2,switch,,"Charger 2 (fid=36) not available, trying Charger 5 (fid=19)",538.6639866928745,5,,
Car 301,,,,57,,arrived,,arrived,538.7109112064039,,,
Car 228,,,,,,gave_up,4,"no alternate charger available, gave up",538.7280492427675,,,
Car 229,,,,,,gave_up,4,"no alternate charger available, gave up",538.774870292268,,,
Car 285,,,,,5,switch,,"Charger 5 (fid=19) not available, trying Charger 2 (fid=36)",538.838116688487,2,,
Car 302,,,,1,,arrived,,arrived,538.9148442075183,,,
Car 286,,,,,6,switch,,"Charger 6 (fid=77) not available, trying Charger 7 (fid=52)",539.1135157416041,7,,
Car 294,,,,,2,switch,,"Charger 2 (fid=36) not available, trying Charger 5 (fid=19)",539.1626090371599,5,,
Car 303,,,,11,,arrived,,arrived,539.2092888123077,,,
Car 278,,,,,0,switch,,"Charger 0 (fid=22) not available, trying Charger 6 (fid=77)",539.2930730417639,6,,
Car 232,,,,,,gave_up,0,"no alternate charger available, gave up",539.3355583738241,,,
Car 257,,,,,7,switch,,"Charger 7 (fid=52) not available, trying Charger 3 (fid=53)",539.3918070476496,3,,
Car 295,,,,,5,switch,,"Charger 5 (fid=19) not available, trying Charger 2 (fid=36)",539.5194532638068,2,,
Car 296,,,,,6,switch,,"Charger 6 (fid=77) not available, trying Charger 2 (fid=36)",539.5910706443061,2,,
Car 273,,,,,6,switch,,"Charger 6 (fid=77) not available, trying Charger 1 (fid=82)",539.630636146585,1,,
Car 287,,,,,4,switch,,"Charger 4 (fid=86) not available, trying Charger 7 (fid=52)",539.6463363401991,7,,
Car 268,,,,,6,switch,,"Charger 6 (fid=77) not available, trying Charger 7 (fid=52)",539.9964186283422,7,,
Car 260,,,,,7,switch,,"Charger 7 (fid=52) not available, trying Charger 3 (fid=53)",540.0185061119196,3,,
Car 297,,,,,3,switch,,"Charger 3 (fid=53) not available, trying Charger 7 (fid=52)",540.1813306658967,7,,
Car 280,,,,,2,switch,,"Charger 2 (fid=36) not available, trying Charger 6 (fid=77)",540.2530325847346,6,,
Car 277,,,,,5,switch,,"Charger 5 (fid=19) not available, trying Charger 0 (fid=22)",540.2838786627307,0,,
Car 279,,,,,7,switch,,"Charger 7 (fid=52) not available, trying Charger 2 (fid=36)",540.3344196404713,2,,
Car 304,,,,4,,arrived,,arrived,540.4710603198752,,,
Car 267,,,,,6,switch,,"Charger 6 (fid=77) not available, trying Charger 7 (fid=52)",540.735294184606,7,,
Car 282,,,,,0,switch,,"Charger 0 (fid=22) not available, trying Charger 6 (fid=77)",540.746845313751,6,,
Car 281,,,,,0,switch,,"Charger 0 (fid=22) not available, trying Charger 6 (fid=77)",541.0058105736147,6,,
Car 241,,,,,5,switch,,"Charger 5 (fid=19) not available, trying Charger 0 (fid=22)",541.1852920071968,0,,
Car 298,,,,,0,switch,,"Charger 0 (fid=22) not available, trying Charger 5 (fid=19)",541.3063279840951,5,,
Car 230,,,,,,gave_up,4,"no alternate charger available, gave up",541.7570741085366,,,
Car 299,,,,,6,switch,,"Charger 6 (fid=77) not available, trying Charger 7 (fid=52)",541.7901532501998,7,,
Car 235,,,,,1,switch,,"Charger 1 (fid=82) not available, trying Charger 4 (fid=86)",541.8110349345872,4,,
Car 288,,,,,3,switch,,"Charger 3 (fid=53) not available, trying Charger 7 (fid=52)",542.0239238281254,7,,
Car 255,,,,,0,switch,,"Charger 0 (fid=22) not available, trying Charger 4 (fid=86)",542.0250307593142,4,,
Car 236,,,,,1,switch,,"Charger 1 (fid=82) not available, trying Charger 4 (fid=86)",542.0772297070345,4,,
Car 305,,,,66,,arrived,,arrived,542.1280957125607,,,
Car 284,,,,,2,switch,,"Charger 2 (fid=36) not available, trying Charger 6 (fid=77)",542.1616733895241,6,,
Car 250,,,,,3,switch,,"Charger 3 (fid=53) not available, trying Charger 1 (fid=82)",542.1665800323751,1,,
Car 252,,,,,0,switch,,"Charger 0 (fid=22) not available, trying Charger 1 (fid=82)",542.240962892488,1,,
Car 248,,,,,4,switch,,"Charger 4 (fid=86) not available, trying Charger 1 (fid=82)",542.3238467310099,1,,
Car 270,,,,,6,switch,,"Charger 6 (fid=77) not available, trying Charger 7 (fid=52)",542.3734111550457,7,,
Car 290,,,,,5,switch,,"Charger 5 (fid=19) not available, trying Charger 0 (fid=22)",542.4344510513664,0,,
Car 264,,,,,5,switch,,"Charger 5 (fid=19) not available, trying Charger 7 (fid=52)",542.513763181958,7,,
Car 306,,,,91,,arrived,,arrived,542.5260856734398,,,
Car 261,,,,,7,switch,,"Charger 7 (fid=52) not available, trying Charger 3 (fid=53)",542.544878784127,3,,
Car 289,,,,,5,switch,,"Charger 5 (fid=19) not available, trying Charger 2 (fid=36)",542.6970137287803,2,,
Car 231,,,,,,gave_up,1,"no alternate charger available, gave up",542.9134455298789,,,
Car 212,,,,,,gave_up,0,"no alternate charger available, gave up",543.0933187375116,,,
Car 271,,,,,6,switch,,"Charger 6 (fid=77) not available, trying Charger 7 (fid=52)",543.177360334227,7,,
Car 269,,,,,5,switch,,"Charger 5 (fid=19) not available, trying Charger 3 (fid=53)",543.3913063866845,3,,
Car 263,,,,,1,switch,,"Charger 1 (fid=82) not available, trying Charger 2 (fid=36)",543.4320036659886,2,,
Car 300,,,,,0,switch,,"Charger 0 (fid=22) not available, trying Charger 5 (fid=19)",543.5737674589434,5,,
Car 253,,,,,3,switch,,"Charger 3 (fid=53) not available, trying Charger 1 (fid=82)",543.621394893894,1,,
Car 307,,,,45,,arrived,,arrived,543.669369392758,,,
Car 301,,,,,5,switch,,"Charger 5 (fid=19) not available, trying Charger 2 (fid=36)",543.7109112064039,2,,
Car 308,,,,5,,arrived,,arrived,543.8314769366298,,,
Car 291,,,,,7,switch,,"Charger 7 (fid=52) not available, trying Charger 3 (fid=53)",543.8775677588599,3,,
Car 292,,,,,5,switch,,"Charger 5 (fid=19) not available, trying Charger 2 (fid=36)",543.8799565869606,2,,
Car 302,,,,,7,switch,,"Charger 7 (fid=52) not available, trying Charger 6 (fid=77)",543.9148442075183,6,,
Car 309,,,,52,,arrived,,arrived,543.9500806366381,,,
Car 256,,,,,3,switch,,"Charger 3 (fid=53) not available, trying Charger 1 (fid=82)",544.0206595710764,1,,
Car 237,,,,,0,switch,,"Charger 0 (fid=22) not available, trying Charger 1 (fid=82)",544.1058373138186,1,,
Car 303,,,,,6,switch,,"Charger 6 (fid=77) not available, trying Charger 2 (fid=36)",544.2092888123077,2,,
Car 266,,,,,5,switch,,"Charger 5 (fid=19) not available, trying Charger 4 (fid=86)",544.2832126140192,4,,
Car 293,,,,,5,switch,,"Charger 5 (fid=19) not available, trying Charger 6 (fid=77)",544.4168435260067,6,,
Car 259,,,,,5,switch,,"Charger 5 (fid=19) not available, trying Charger 0 (fid=22)",544.5474626546777,0,,
Car 285,,,,,2,switch,,"Charger 2 (fid=36) not available, trying Charger 6 (fid=77)",544.5909735216193,6,,
Car 294,,,,,5,switch,,"Charger 5 (fid=19) not available, trying Charger 0 (fid=22)",544.9154658702921,0,,
Car 262,,,,,7,switch,,"Charger 7 (fid=52) not available, trying Charger 3 (fid=53)",545.0516193398598,3,,
Car 310,,,,14,,arrived,,arrived,545.0801741472067,,,
Car 251,,,,,0,switch,,"Charger 0 (fid=22) not available, trying Charger 1 (fid=82)",545.1021915190928,1,,
Car 272,,,,,2,switch,,"Charger 2 (fid=36) not available, trying Charger 4 (fid=86)",545.1230244774983,4,,
Car 295,,,,,2,switch,,"Charger 2 (fid=36) not available, trying Charger 0 (fid=22)",545.272310096939,0,,
Car 257,,,,,3,switch,,"Charger 3 (fid=53) not available, trying Charger 1 (fid=82)",545.4117436666814,1,,
Car 304,,,,,0,switch,,"Charger 0 (fid=22) not available, trying Charger 5 (fid=19)",545.4710603198752,5,,
Car 286,,,,,7,switch,,"Charger 7 (fid=52) not available, trying Charger 2 (fid=36)",545.6792533578289,2,,
Car 246,,,,,1,switch,,"Charger 1 (fid=82) not available, trying Charger 4 (fid=86)",545.7032800710236,4,,
Car 283,,,,,2,switch,,"Charger 2 (fid=36) not available, trying Charger 5 (fid=19)",545.9784686451391,5,,
Car 247,,,,,1,switch,,"Charger 1 (fid=82) not available, trying Charger 4 (fid=86)",545.9941349908324,4,,
Car 260,,,,,3,switch,,"Charger 3 (fid=53) not available, trying Charger 1 (fid=82)",546.0384427309514,1,,
Car 297,,,,,7,switch,,"Charger 7 (fid=52) not available, trying Charger 6 (fid=77)",546.2012672849285,6,,
Car 243,,,,,1,switch,,"Charger 1 (fid=82) not available, trying Charger 4 (fid=86)",546.2780254345425,4,,
Car 233,,,,,3,switch,,"Charger 3 (fid=53) not available, trying Charger 4 (fid=86)",546.3624543345978,4,,
Car 274,,,,,6,switch,,"Charger 6 (fid=77) not available, trying Charger 7 (fid=52)",546.555661899267,7,,
Car 268,,,,,7,switch,,"Charger 7 (fid=52) not available, trying Charger 3 (fid=53)",546.562156244567,3,,
Car 277,,,,,0,switch,,"Charger 0 (fid=22) not available, trying Charger 7 (fid=52)",546.7446058156708,7,,
Car 235,,,,,,gave_up,4,"no alternate charger available, gave up",547.0934866429013,,,
Car 258,,,,,5,switch,,"Charger 5 (fid=19) not available, trying Charger 3 (fid=53)",547.1063511467489,3,,
Car 305,,,,,6,switch,,"Charger 6 (fid=77) not available, trying Charger 3 (fid=53)",547.1280957125607,3,,
Car 311,,,,87,,arrived,,arrived,547.1346171932313,,,
Car 296,,,,,2,switch,,"Charger 2 (fid=36) not available, trying Charger 7 (fid=52)",547.1463750048674,7,,
Car 287,,,,,7,switch,,"Charger 7 (fid=52) not available, trying Charger 3 (fid=53)",547.2762037377395,3,,
Car 267,,,,,7,switch,,"Charger 7 (fid=52) not available, trying Charger 3 (fid=53)",547.3010318008307,3,,
Car 236,,,,,,gave_up,4,"no alternate charger available, gave up",547.3596814153486,,,
Car 276,,,,,6,switch,,"Charger 6 (fid=77) not available, trying Charger 7 (fid=52)",547.4114950042078,7,,
Car 306,,,,,4,switch,,"Charger 4 (fid=86) not available, trying Charger 1 (fid=82)",547.5260856734398,1,,
Car 248,,,,,1,switch,,"Charger 1 (fid=82) not available, trying Charger 0 (fid=22)",547.6062984393241,0,,
Car 241,,,,,,gave_up,0,"no alternate charger available, gave up",547.6460191601369,,,
Car 298,,,,,5,switch,,"Charger 5 (fid=19) not available, trying Charger 2 (fid=36)",547.7670551370352,2,,
Car 265,,,,,3,switch,,"Charger 3 (fid=53) not available, trying Charger 7 (fid=52)",547.7975131136253,7,,
Car 280,,,,,6,switch,,"Charger 6 (fid=77) not available, trying Charger 7 (fid=52)",547.8083369452959,7,,
Car 275,,,,,6,switch,,"Charger 6 (fid=77) not available, trying Charger 7 (fid=52)",547.9448503333012,7,,
Car 217,,,,,,gave_up,0,"no alternate charger available, gave up",547.9496165851115,,,
Car 288,,,,,7,switch,,"Charger 7 (fid=52) not available, trying Charger 2 (fid=36)",548.0438604471572,2,,
Car 299,,,,,7,switch,,"Charger 7 (fid=52) not available, trying Charger 3 (fid=53)",548.3558908664245,3,,
Car 279,,,,,2,switch,,"Charger 2 (fid=36) not available, trying Charger 5 (fid=19)",548.3627571375107,5,,
Car 289,,,,,2,switch,,"Charger 2 (fid=36) not available, trying Charger 6 (fid=77)",548.4498705619126,6,,
Car 261,,,,,3,switch,,"Charger 3 (fid=53) not available, trying Charger 1 (fid=82)",548.5648154031588,1,,
Car 278,,,,,6,switch,,"Charger 6 (fid=77) not available, trying Charger 7 (fid=52)",548.6311778532248,7,,
Car 307,,,,,6,switch,,"Charger 6 (fid=77) not available, trying Charger 2 (fid=36)",548.669369392758,2,,
Car 239,,,,,5,switch,,"Charger 5 (fid=19) not available, trying Charger 0 (fid=22)",548.7707451315767,0,,
Car 312,,,,40,,arrived,,arrived,548.7812693884804,,,
Car 273,,,,,1,switch,,"Charger 1 (fid=82) not available, trying Charger 5 (fid=19)",548.8158141635827,5,,
Car 308,,,,,0,switch,,"Charger 0 (fid=22) not available, trying Charger 5 (fid=19)",548.8314769366298,5,,
Car 240,,,,,5,switch,,"Charger 5 (fid=19) not available, trying Charger 0 (fid=22)",548.8651208182074,0,,
Car 290,,,,,0,switch,,"Charger 0 (fid=22) not available, trying Charger 6 (fid=77)",548.8951782043065,6,,
Car 313,,,,87,,arrived,,arrived,548.9020129477158,,,
Car 314,,,,7,,arrived,,arrived,548.9041210251618,,,
Car 270,,,,,7,switch,,"Charger 7 (fid=52) not available, trying Charger 3 (fid=53)",548.9391487712704,3,,
Car 309,,,,,7,switch,,"Charger 7 (fid=52) not available, trying Charger 3 (fid=53)",548.9500806366381,3,,
Car 315,,,,74,,arrived,,arrived,549.0800621083735,,,
Car 301,,,,,2,switch,,"Charger 2 (fid=36) not available, trying Charger 0 (fid=22)",549.4637680395361,0,,
Car 292,,,,,2,switch,,"Charger 2 (fid=36) not available, trying Charger 6 (fid=77)",549.6328134200928,6,,
Car 284,,,,,6,switch,,"Charger 6 (fid=77) not available, trying Charger 7 (fid=52)",549.7169777500854,7,,
Car 271,,,,,7,switch,,"Charger 7 (fid=52) not available, trying Charger 3 (fid=53)",549.7430979504518,3,,
Car 291,,,,,3,switch,,"Charger 3 (fid=53) not available, trying Charger 2 (fid=36)",549.8975043778917,2,,
Car 300,,,,,5,switch,,"Charger 5 (fid=19) not available, trying Charger 2 (fid=36)",550.0344946118835,2,,
Car 310,,,,,2,switch,,"Charger 2 (fid=36) not available, trying Charger 5 (fid=19)",550.0801741472067,5,,
Car 282,,,,,6,switch,,"Charger 6 (fid=77) not available, trying Charger 7 (fid=52)",550.0849501252119,7,,
Car 281,,,,,6,switch,,"Charger 6 (fid=77) not available, trying Charger 7 (fid=52)",550.3439153850755,7,,
Car 302,,,,,6,switch,,"Charger 6 (fid=77) not available, trying Charger 3 (fid=53)",550.480581823743,3,,
Car 250,,,,,1,switch,,"Charger 1 (fid=82) not available, trying Charger 4 (fid=86)",550.5107942397166,4,,
Car 246,,,,,,gave_up,4,"no alternate charger available, gave up",550.9857317793378,,,
Car 259,,,,,0,switch,,"Charger 0 (fid=22) not available, trying Charger 1 (fid=82)",551.0081898076178,1,,
Car 262,,,,,3,switch,,"Charger 3 (fid=53) not available, trying Charger 1 (fid=82)",551.0715559588916,1,,
Car 247,,,,,,gave_up,4,"no alternate charger available, gave up",551.2765866991466,,,
Car 264,,,,,7,switch,,"Charger 7 (fid=52) not available, trying Charger 0 (fid=22)",551.291520096943,0,,
Car 158,102.0,19,5,,,done,,done charging,551.3588056309338,,,223.61854673751242
Car 283,,19,5,,,start_charge,,starting to charge at Charger 5 (fid=19),551.3588056309338,,19.627480152662542,
Car 294,,,,,0,switch,,"Charger 0 (fid=22) not available, trying Charger 6 (fid=77)",551.3761930232322,6,,
Car 243,,,,,,gave_up,4,"no alternate charger available, gave up",551.5604771428567,,,
Car 303,,,,,2,switch,,"Charger 2 (fid=36) not available, trying Charger 5 (fid=19)",551.764593172869,5,,
Car 316,,,,30,,arrived,,arrived,551.8782026134766,,,
Car 304,,,,,5,switch,,"Charger 5 (fid=19) not available, trying Charger 2 (fid=36)",551.9317874728152,2,,
Car 253,,,,,1,switch,,"Charger 1 (fid=82) not available, trying Charger 4 (fid=86)",551.9656091012355,4,,
Car 317,,,,29,,arrived,,arrived,552.1194785279672,,,
Car 311,,,,,4,switch,,"Charger 4 (fid=86) not available, trying Charger 1 (fid=82)",552.1346171932313,1,,
Car 285,,,,,6,switch,,"Charger 6 (fid=77) not available, trying Charger 7 (fid=52)",552.1462778821806,7,,
Car 256,,,,,1,switch,,"Charger 1 (fid=82) not available, trying Charger 4 (fid=86)",552.3648737784179,4,,
Car 295,,,,,0,switch,,"Charger 0 (fid=22) not available, trying Charger 6 (fid=77)",552.4152984711291,6,,
Car 318,,,,19,,arrived,,arrived,552.433918405025,,,
Car 268,,,,,3,switch,,"Charger 3 (fid=53) not available, trying Charger 1 (fid=82)",552.5820928635987,1,,
Car 293,,,,,6,switch,,"Charger 6 (fid=77) not available, trying Charger 0 (fid=22)",552.6700470958559,0,,
Car 197,88.0,22,0,,,done,,done charging,552.7445815908738,,,273.37743904723334
Car 239,,22,0,,,start_charge,,starting to charge at Charger 0 (fid=22),552.7445815908738,,37.51310930635702,
Car 297,,,,,6,switch,,"Charger 6 (fid=77) not available, trying Charger 4 (fid=86)",552.7670049011532,4,,
Car 306,,,,,1,switch,,"Charger 1 (fid=82) not available, trying Charger 7 (fid=52)",552.8085373817539,7,,
Car 269,,,,,3,switch,,"Charger 3 (fid=53) not available, trying Charger 7 (fid=52)",552.8948209046317,7,,
Car 319,,,,71,,arrived,,arrived,552.9536621079214,,,
Car 263,,,,,2,switch,,"Charger 2 (fid=36) not available, trying Charger 5 (fid=19)",552.9921647058427,5,,
Car 274,,,,,7,switch,,"Charger 7 (fid=52) not available, trying Charger 3 (fid=53)",553.1213995154917,3,,
Car 320,,,,41,,arrived,,arrived,553.1263858123293,,,
Car 287,,,,,3,switch,,"Charger 3 (fid=53) not available, trying Charger 6 (fid=77)",553.2961403567713,6,,
Car 267,,,,,3,switch,,"Charger 3 (fid=53) not available, trying Charger 1 (fid=82)",553.3209684198625,1,,
Car 298,,,,,2,switch,,"Charger 2 (fid=36) not available, trying Charger 6 (fid=77)",553.5199119701674,6,,
Car 305,,,,,3,switch,,"Charger 3 (fid=53) not available, trying Charger 7 (fid=52)",553.7011195830257,7,,
Car 286,,,,,2,switch,,"Charger 2 (fid=36) not available, trying Charger 4 (fid=86)",553.7075908548683,4,,
Car 257,,,,,1,switch,,"Charger 1 (fid=82) not available, trying Charger 4 (fid=86)",553.7559578740229,4,,
Car 312,,,,,6,switch,,"Charger 6 (fid=77) not available, trying Charger 3 (fid=53)",553.7812693884804,3,,
Car 255,,,,,4,switch,,"Charger 4 (fid=86) not available, trying Charger 1 (fid=82)",553.8159093561173,1,,
Car 265,,,,,7,switch,,"Charger 7 (fid=52) not available, trying Charger 1 (fid=82)",553.8174497326571,1,,
Car 252,,,,,1,switch,,"Charger 1 (fid=82) not available, trying Charger 4 (fid=86)",553.8576921770322,4,,
Car 313,,,,,4,switch,,"Charger 4 (fid=86) not available, trying Charger 1 (fid=82)",553.9020129477158,1,,
Car 314,,,,,7,switch,,"Charger 7 (fid=52) not available, trying Charger 3 (fid=53)",553.9041210251618,3,,
Car 276,,,,,7,switch,,"Charger 7 (fid=52) not available, trying Charger 3 (fid=53)",553.9772326204326,3,,
Car 315,,,,,7,switch,,"Charger 7 (fid=52) not available, trying Charger 1 (fid=82)",554.0800621083735,1,,
Car 279,,,,,5,switch,,"Charger 5 (fid=19) not available, trying Charger 0 (fid=22)",554.1156139706429,0,,
Car 280,,,,,7,switch,,"Charger 7 (fid=52) not available, trying Charger 3 (fid=53)",554.3740745615206,3,,
Car 299,,,,,3,switch,,"Charger 3 (fid=53) not available, trying Charger 2 (fid=36)",554.3758274854563,2,,
Car 260,,,,,1,switch,,"Charger 1 (fid=82) not available, trying Charger 4 (fid=86)",554.3826569382928,4,,
Car 275,,,,,7,switch,,"Charger 7 (fid=52) not available, trying Charger 3 (fid=53)",554.510587949526,3,,
Car 233,,,,,,gave_up,4,"no alternate charger available, gave up",554.6054460906735,,,
Car 266,,,,,4,switch,,"Charger 4 (fid=86) not available, trying Charger 1 (fid=82)",554.6138089058945,1,,
Car 272,,,,,4,switch,,"Charger 4 (fid=86) not available, trying Charger 1 (fid=82)",554.8341547520657,1,,
Car 270,,,,,3,switch,,"Charger 3 (fid=53) not available, trying Charger 1 (fid=82)",554.9590853903022,1,,
Car 309,,,,,3,switch,,"Charger 3 (fid=53) not available, trying Charger 6 (fid=77)",554.9700172556699,6,,
Car 296,,,,,7,switch,,"Charger 7 (fid=52) not available, trying Charger 3 (fid=53)",555.1747125019068,3,,
Car 278,,,,,7,switch,,"Charger 7 (fid=52) not available, trying Charger 3 (fid=53)",555.1969154694496,3,,
Car 308,,,,,5,switch,,"Charger 5 (fid=19) not available, trying Charger 2 (fid=36)",555.2922040895699,2,,
Car 240,,,,,,gave_up,0,"no alternate charger available, gave up",555.3258479711475,,,
Car 321,,,,89,,arrived,,arrived,555.4129147243142,,,
Car 322,,,,59,,arrived,,arrived,555.6549921267754,,,
Car 237,,,,,1,switch,,"Charger 1 (fid=82) not available, trying Charger 4 (fid=86)",555.7225665983627,4,,
Car 271,,,,,3,switch,,"Charger 3 (fid=53) not available, trying Charger 1 (fid=82)",555.7630345694836,1,,
Car 300,,,,,2,switch,,"Charger 2 (fid=36) not available, trying Charger 6 (fid=77)",555.7873514450157,6,,
Car 250,,,,,,gave_up,4,"no alternate charger available, gave up",555.7932459480307,,,
Car 310,,,,,5,switch,,"Charger 5 (fid=19) not available, trying Charger 0 (fid=22)",555.8330309803389,0,,
Car 289,,,,,6,switch,,"Charger 6 (fid=77) not available, trying Charger 7 (fid=52)",556.0051749224739,7,,
Car 288,,,,,2,switch,,"Charger 2 (fid=36) not available, trying Charger 5 (fid=19)",556.0721979441965,5,,
Car 307,,,,,2,switch,,"Charger 2 (fid=36) not available, trying Charger 7 (fid=52)",556.2246737533193,7,,
Car 284,,,,,7,switch,,"Charger 7 (fid=52) not available, trying Charger 3 (fid=53)",556.2827153663102,3,,
Car 301,,,,,0,switch,,"Charger 0 (fid=22) not available, trying Charger 6 (fid=77)",556.6067564137262,6,,
Car 258,,,,,3,switch,,"Charger 3 (fid=53) not available, trying Charger 4 (fid=86)",556.6098656646961,4,,
Car 282,,,,,7,switch,,"Charger 7 (fid=52) not available, trying Charger 3 (fid=53)",556.6506877414366,3,,
Car 251,,,,,1,switch,,"Charger 1 (fid=82) not available, trying Charger 4 (fid=86)",556.7189208036369,4,,
Car 277,,,,,7,switch,,"Charger 7 (fid=52) not available, trying Charger 3 (fid=53)",556.8773166258165,3,,
Car 316,,,,,0,switch,,"Charger 0 (fid=22) not available, trying Charger 5 (fid=19)",556.8782026134766,5,,
Car 261,,,,,1,switch,,"Charger 1 (fid=82) not available, trying Charger 4 (fid=86)",556.9090296105003,4,,
Car 281,,,,,7,switch,,"Charger 7 (fid=52) not available, trying Charger 3 (fid=53)",556.9096530013003,3,,
Car 302,,,,,3,switch,,"Charger 3 (fid=53) not available, trying Charger 2 (fid=36)",557.053605694208,2,,
Car 187,59.0,82,1,,,done,,done charging,557.0628143100586,,,404.4619522093612
Car 311,,82,1,,,start_charge,,starting to charge at Charger 1 (fid=82),557.0628143100586,,9.645745408513108,
Car 317,,,,,0,switch,,"Charger 0 (fid=22) not available, trying Charger 5 (fid=19)",557.1194785279672,5,,
Car 292,,,,,6,switch,,"Charger 6 (fid=77) not available, trying Charger 7 (fid=52)",557.1881177806541,7,,
Car 253,,,,,,gave_up,4,"no alternate charger available, gave up",557.2480608095497,,,
Car 318,,,,,5,switch,,"Charger 5 (fid=19) not available, trying Charger 2 (fid=36)",557.433918405025,2,,
Car 303,,,,,5,switch,,"Charger 5 (fid=19) not available, trying Charger 0 (fid=22)",557.5174500060012,0,,
Car 256,,,,,,gave_up,4,"no alternate charger available, gave up",557.647325486732,,,
Car 304,,,,,2,switch,,"Charger 2 (fid=36) not available, trying Charger 6 (fid=77)",557.6846443059475,6,,
Car 319,,,,,5,switch,,"Charger 5 (fid=19) not available, trying Charger 2 (fid=36)",557.9536621079214,2,,
Car 320,,,,,0,switch,,"Charger 0 (fid=22) not available, trying Charger 5 (fid=19)",558.1263858123293,5,,
Car 290,,,,,6,switch,,"Charger 6 (fid=77) not available, trying Charger 7 (fid=52)",558.2332830157674,7,,
Car 291,,,,,2,switch,,"Charger 2 (fid=36) not available, trying Charger 5 (fid=19)",558.6516900697535,5,,
Car 285,,,,,7,switch,,"Charger 7 (fid=52) not available, trying Charger 3 (fid=53)",558.7120154984053,3,,
Car 263,,,,,5,switch,,"Charger 5 (fid=19) not available, trying Charger 0 (fid=22)",558.7450215389749,0,,
Car 269,,,,,7,switch,,"Charger 7 (fid=52) not available, trying Charger 1 (fid=82)",558.9147575236635,1,,
Car 273,,,,,5,switch,,"Charger 5 (fid=19) not available, trying Charger 3 (fid=53)",558.9746543466583,3,,
Car 257,,,,,,gave_up,4,"no alternate charger available, gave up",559.0384095823371,,,
Car 255,,,,,,gave_up,1,"no alternate charger available, gave up",559.0983610644315,,,
Car 252,,,,,,gave_up,4,"no alternate charger available, gave up",559.1401438853463,,,
Car 274,,,,,3,switch,,"Charger 3 (fid=53) not available, trying Charger 1 (fid=82)",559.1413361345235,1,,
Car 313,,,,,1,switch,,"Charger 1 (fid=82) not available, trying Charger 7 (fid=52)",559.18446465603,7,,
Car 248,,,,,,gave_up,0,"no alternate charger available, gave up",559.2230277238682,,,
Car 323,,,,56,,arrived,,arrived,559.3476188928784,,,
Car 262,,,,,1,switch,,"Charger 1 (fid=82) not available, trying Charger 4 (fid=86)",559.4157701662331,4,,
Car 260,,,,,,gave_up,4,"no alternate charger available, gave up",559.665108646607,,,
Car 305,,,,,7,switch,,"Charger 7 (fid=52) not available, trying Charger 2 (fid=36)",559.7210562020575,2,,
Car 287,,,,,6,switch,,"Charger 6 (fid=77) not available, trying Charger 2 (fid=36)",559.8691642272363,2,,
Car 266,,,,,1,switch,,"Charger 1 (fid=82) not available, trying Charger 0 (fid=22)",559.8962606142087,0,,
Car 314,,,,,3,switch,,"Charger 3 (fid=53) not available, trying Charger 4 (fid=86)",559.9240576441936,4,,
Car 276,,,,,3,switch,,"Charger 3 (fid=53) not available, trying Charger 1 (fid=82)",559.9971692394644,1,,
Car 272,,,,,1,switch,,"Charger 1 (fid=82) not available, trying Charger 5 (fid=19)",560.1166064603799,5,,
Car 312,,,,,3,switch,,"Charger 3 (fid=53) not available, trying Charger 7 (fid=52)",560.3542932589454,7,,
Car 280,,,,,3,switch,,"Charger 3 (fid=53) not available, trying Charger 1 (fid=82)",560.3940111805524,1,,
Car 321,,,,,4,switch,,"Charger 4 (fid=86) not available, trying Charger 1 (fid=82)",560.4129147243142,1,,
Car 324,,,,31,,arrived,,arrived,560.4132189030619,,,
Car 306,,,,,7,switch,,"Charger 7 (fid=52) not available, trying Charger 3 (fid=53)",560.4664550702211,3,,
Car 275,,,,,3,switch,,"Charger 3 (fid=53) not available, trying Charger 1 (fid=82)",560.5305245685578,1,,
Car 279,,,,,0,switch,,"Charger 0 (fid=22) not available, trying Charger 4 (fid=86)",560.576341123583,4,,
Car 322,,,,,3,switch,,"Charger 3 (fid=53) not available, trying Charger 7 (fid=52)",560.6549921267754,7,,
Car 294,,,,,6,switch,,"Charger 6 (fid=77) not available, trying Charger 7 (fid=52)",560.7142978346931,7,,
Car 268,,,,,1,switch,,"Charger 1 (fid=82) not available, trying Charger 4 (fid=86)",560.9263070709402,4,,
Car 237,,,,,,gave_up,4,"no alternate charger available, gave up",561.0050183066769,,,
Car 308,,,,,2,switch,,"Charger 2 (fid=36) not available, trying Charger 6 (fid=77)",561.0450609227021,6,,
Car 298,,,,,6,switch,,"Charger 6 (fid=77) not available, trying Charger 7 (fid=52)",561.0752163307287,7,,
Car 296,,,,,3,switch,,"Charger 3 (fid=53) not available, trying Charger 5 (fid=19)",561.1946491209386,5,,
Car 278,,,,,3,switch,,"Charger 3 (fid=53) not available, trying Charger 1 (fid=82)",561.2168520884813,1,,
Car 264,,,,,0,switch,,"Charger 0 (fid=22) not available, trying Charger 1 (fid=82)",561.4242309070888,1,,
Car 265,,,,,1,switch,,"Charger 1 (fid=82) not available, trying Charger 4 (fid=86)",561.4753674211242,4,,
Car 325,,,,55,,arrived,,arrived,561.5112229205723,,,
Car 309,,,,,6,switch,,"Charger 6 (fid=77) not available, trying Charger 4 (fid=86)",561.5430411261349,4,,
Car 267,,,,,1,switch,,"Charger 1 (fid=82) not available, trying Charger 4 (fid=86)",561.665182627204,4,,
Car 315,,,,,1,switch,,"Charger 1 (fid=82) not available, trying Charger 4 (fid=86)",561.7379797968406,4,,
Car 295,,,,,6,switch,,"Charger 6 (fid=77) not available, trying Charger 7 (fid=52)",561.7534032825899,7,,
Car 288,,,,,5,switch,,"Charger 5 (fid=19) not available, trying Charger 0 (fid=22)",561.8250547773288,0,,
Car 297,,,,,4,switch,,"Charger 4 (fid=86) not available, trying Charger 1 (fid=82)",561.9478687215653,1,,
Car 251,,,,,,gave_up,4,"no alternate charger available, gave up",562.0013725119511,,,
Car 293,,,,,0,switch,,"Charger 0 (fid=22) not available, trying Charger 7 (fid=52)",562.0081519073168,7,,
Car 326,,,,35,,arrived,,arrived,562.0998873800655,,,
Car 261,,,,,,gave_up,4,"no alternate charger available, gave up",562.1914813188145,,,
Car 310,,,,,0,switch,,"Charger 0 (fid=22) not available, trying Charger 6 (fid=77)",562.293758133279,6,,
Car 284,,,,,3,switch,,"Charger 3 (fid=53) not available, trying Charger 1 (fid=82)",562.302651985342,1,,
Car 289,,,,,7,switch,,"Charger 7 (fid=52) not available, trying Charger 3 (fid=53)",562.5709125386986,3,,
Car 259,,,,,1,switch,,"Charger 1 (fid=82) not available, trying Charger 4 (fid=86)",562.6249190921619,4,,
Car 282,,,,,3,switch,,"Charger 3 (fid=53) not available, trying Charger 1 (fid=82)",562.6706243604684,1,,
Car 327,,,,56,,arrived,,arrived,562.6819178588579,,,
Car 277,,,,,3,switch,,"Charger 3 (fid=53) not available, trying Charger 1 (fid=82)",562.8972532448483,1,,
Car 281,,,,,3,switch,,"Charger 3 (fid=53) not available, trying Charger 1 (fid=82)",562.9295896203321,1,,
Car 299,,,,,2,switch,,"Charger 2 (fid=36) not available, trying Charger 5 (fid=19)",563.1300131773181,5,,
Car 318,,,,,2,switch,,"Charger 2 (fid=36) not available, trying Charger 0 (fid=22)",563.1867752381572,0,,
Car 270,,,,,1,switch,,"Charger 1 (fid=82) not available, trying Charger 4 (fid=86)",563.3032995976437,4,,
Car 316,,,,,5,switch,,"Charger 5 (fid=19) not available, trying Charger 2 (fid=36)",563.3389297664166,2,,
Car 300,,,,,6,switch,,"Charger 6 (fid=77) not available, trying Charger 7 (fid=52)",563.342655805577,7,,
Car 286,,,,,4,switch,,"Charger 4 (fid=86) not available, trying Charger 5 (fid=19)",563.4187211294357,5,,
Car 130,104.0,52,7,,,done,,done charging,563.4238180367694,,,389.5920736590869
Car 292,,52,7,,,start_charge,,starting to charge at Charger 7 (fid=52),563.4238180367694,,24.669962639890514,
Car 317,,,,,5,switch,,"Charger 5 (fid=19) not available, trying Charger 2 (fid=36)",563.5802056809073,2,,
Car 328,,,,61,,arrived,,arrived,563.6284771069026,,,
Car 319,,,,,2,switch,,"Charger 2 (fid=36) not available, trying Charger 0 (fid=22)",563.7065189410537,0,,
Car 329,,,,73,,arrived,,arrived,563.8772160961388,,,
Car 303,,,,,0,switch,,"Charger 0 (fid=22) not available, trying Charger 7 (fid=52)",563.9781771589413,7,,
Car 271,,,,,1,switch,,"Charger 1 (fid=82) not available, trying Charger 4 (fid=86)",564.107248776825,4,,
Car 307,,,,,7,switch,,"Charger 7 (fid=52) not available, trying Charger 3 (fid=53)",564.2530112503587,3,,
Car 323,,,,,5,switch,,"Charger 5 (fid=19) not available, trying Charger 0 (fid=22)",564.3476188928784,0,,
Car 330,,,,43,,arrived,,arrived,564.354412990077,,,
Car 291,,,,,5,switch,,"Charger 5 (fid=19) not available, trying Charger 4 (fid=86)",564.4045469028857,4,,
Car 320,,,,,5,switch,,"Charger 5 (fid=19) not available, trying Charger 2 (fid=36)",564.5871129652694,2,,
Car 262,,,,,,gave_up,4,"no alternate charger available, gave up",564.6982218745472,,,
Car 285,,,,,3,switch,,"Charger 3 (fid=53) not available, trying Charger 1 (fid=82)",564.7319521174371,1,,
Car 290,,,,,7,switch,,"Charger 7 (fid=52) not available, trying Charger 3 (fid=53)",564.7990206319921,3,,
Car 258,,,,,4,switch,,"Charger 4 (fid=86) not available, trying Charger 0 (fid=22)",564.8528574207718,0,,
Car 263,,,,,,gave_up,0,"no alternate charger available, gave up",565.205748691915,,,
Car 304,,,,,6,switch,,"Charger 6 (fid=77) not available, trying Charger 7 (fid=52)",565.2399486665088,7,,
Car 331,,,,35,,arrived,,arrived,565.3822844104453,,,
Car 324,,,,,0,switch,,"Charger 0 (fid=22) not available, trying Charger 5 (fid=19)",565.4132189030619,5,,
Car 321,,,,,1,switch,,"Charger 1 (fid=82) not available, trying Charger 7 (fid=52)",565.6953664326284,7,,
Car 302,,,,,2,switch,,"Charger 2 (fid=36) not available, trying Charger 1 (fid=82)",565.8077913860699,1,,
Car 332,,,,76,,arrived,,arrived,565.8732614779226,,,
Car 301,,,,,6,switch,,"Charger 6 (fid=77) not available, trying Charger 7 (fid=52)",565.9448612251871,7,,
Car 268,,,,,,gave_up,4,"no alternate charger available, gave up",566.2087587792544,,,
Car 312,,,,,7,switch,,"Charger 7 (fid=52) not available, trying Charger 2 (fid=36)",566.3742298779772,2,,
Car 306,,,,,3,switch,,"Charger 3 (fid=53) not available, trying Charger 6 (fid=77)",566.4863916892529,6,,
Car 325,,,,,5,switch,,"Charger 5 (fid=19) not available, trying Charger 2 (fid=36)",566.5112229205723,2,,
Car 269,,,,,1,switch,,"Charger 1 (fid=82) not available, trying Charger 4 (fid=86)",566.5726752121307,4,,
Car 322,,,,,7,switch,,"Charger 7 (fid=52) not available, trying Charger 6 (fid=77)",566.6749287458072,6,,
Car 265,,,,,,gave_up,4,"no alternate charger available, gave up",566.7578191294384,,,
Car 313,,,,,7,switch,,"Charger 7 (fid=52) not available, trying Charger 3 (fid=53)",566.8423823444971,3,,
Car 333,,,,62,,arrived,,arrived,566.9126571357933,,,
Car 267,,,,,,gave_up,4,"no alternate charger available, gave up",566.9476343355182,,,
Car 315,,,,,4,switch,,"Charger 4 (fid=86) not available, trying Charger 3 (fid=53)",567.0204315051548,3,,
Car 334,,,,60,,arrived,,arrived,567.096707561212,,,
Car 326,,,,,2,switch,,"Charger 2 (fid=36) not available, trying Charger 5 (fid=19)",567.0998873800655,5,,
Car 297,,,,,1,switch,,"Charger 1 (fid=82) not available, trying Charger 2 (fid=36)",567.2303204298795,2,,
Car 294,,,,,7,switch,,"Charger 7 (fid=52) not available, trying Charger 3 (fid=53)",567.2800354509178,3,,
Car 287,,,,,2,switch,,"Charger 2 (fid=36) not available, trying Charger 5 (fid=19)",567.4244685877976,5,,
Car 274,,,,,1,switch,,"Charger 1 (fid=82) not available, trying Charger 4 (fid=86)",567.485550341865,4,,
Car 298,,,,,7,switch,,"Charger 7 (fid=52) not available, trying Charger 3 (fid=53)",567.6409539469535,3,,
Car 327,,,,,5,switch,,"Charger 5 (fid=19) not available, trying Charger 0 (fid=22)",567.6819178588579,0,,
Car 305,,,,,2,switch,,"Charger 2 (fid=36) not available, trying Charger 5 (fid=19)",567.7493936990969,5,,
Car 259,,,,,,gave_up,4,"no alternate charger available, gave up",567.9073708004761,,,
Car 314,,,,,4,switch,,"Charger 4 (fid=86) not available, trying Charger 1 (fid=82)",568.1670494002692,1,,
Car 288,,,,,0,switch,,"Charger 0 (fid=22) not available, trying Charger 4 (fid=86)",568.2857819302689,4,,
Car 295,,,,,7,switch,,"Charger 7 (fid=52) not available, trying Charger 3 (fid=53)",568.3191408988147,3,,
Car 276,,,,,1,switch,,"Charger 1 (fid=82) not available, trying Charger 4 (fid=86)",568.3413834468058,4,,
Car 273,,,,,3,switch,,"Charger 3 (fid=53) not available, trying Charger 4 (fid=86)",568.4781688646055,4,,
Car 270,,,,,,gave_up,4,"no alternate charger available, gave up",568.5857513059578,,,
Car 289,,,,,3,switch,,"Charger 3 (fid=53) not available, trying Charger 1 (fid=82)",568.5908491577304,1,,
Car 308,,,,,6,switch,,"Charger 6 (fid=77) not available, trying Charger 7 (fid=52)",568.6003652832634,7,,
Car 328,,,,,6,switch,,"Charger 6 (fid=77) not available, trying Charger 3 (fid=53)",568.6284771069026,3,,
Car 280,,,,,1,switch,,"Charger 1 (fid=82) not available, trying Charger 4 (fid=86)",568.7382253878939,4,,
Car 275,,,,,1,switch,,"Charger 1 (fid=82) not available, trying Charger 4 (fid=86)",568.8747387758992,4,,
Car 329,,,,,6,switch,,"Charger 6 (fid=77) not available, trying Charger 2 (fid=36)",568.8772160961388,2,,
Car 299,,,,,5,switch,,"Charger 5 (fid=19) not available, trying Charger 0 (fid=22)",568.8828700104503,0,,
Car 316,,,,,2,switch,,"Charger 2 (fid=36) not available, trying Charger 6 (fid=77)",569.0917865995489,6,,
Car 335,,,,37,,arrived,,arrived,569.3171282656292,,,
Car 317,,,,,2,switch,,"Charger 2 (fid=36) not available, trying Charger 6 (fid=77)",569.3330625140395,6,,
Car 330,,,,,0,switch,,"Charger 0 (fid=22) not available, trying Charger 5 (fid=19)",569.354412990077,5,,
Car 271,,,,,,gave_up,4,"no alternate charger available, gave up",569.3897004851392,,,
Car 278,,,,,1,switch,,"Charger 1 (fid=82) not available, trying Charger 4 (fid=86)",569.5610662958228,4,,
Car 336,,,,28,,arrived,,arrived,569.7243554946713,,,
Car 337,,,,46,,arrived,,arrived,569.906453489445,,,
Car 300,,,,,7,switch,,"Charger 7 (fid=52) not available, trying Charger 3 (fid=53)",569.9083934218017,3,,
Car 338,,,,38,,arrived,,arrived,569.9187955119005,,,
Car 307,,,,,3,switch,,"Charger 3 (fid=53) not available, trying Charger 5 (fid=19)",570.2729478693905,5,,
Car 272,,,,,5,switch,,"Charger 5 (fid=19) not available, trying Charger 0 (fid=22)",570.2754466434556,0,,
Car 318,,,,,0,switch,,"Charger 0 (fid=22) not available, trying Charger 6 (fid=77)",570.3297636123473,6,,
Car 320,,,,,2,switch,,"Charger 2 (fid=36) not available, trying Charger 6 (fid=77)",570.3399697984016,6,,
Car 331,,,,,2,switch,,"Charger 2 (fid=36) not available, trying Charger 5 (fid=19)",570.3822844104453,5,,
Car 284,,,,,1,switch,,"Charger 1 (fid=82) not available, trying Charger 4 (fid=86)",570.6468661926834,4,,
Car 211,60.0,22,0,,,done,,done charging,570.6890010794593,,,413.2340053831402
Car 323,,22,0,,,start_charge,,starting to charge at Charger 0 (fid=22),570.6890010794593,,9.880655033640892,
Car 296,,,,,5,switch,,"Charger 5 (fid=19) not available, trying Charger 0 (fid=22)",570.6981636388858,0,,
Car 309,,,,,4,switch,,"Charger 4 (fid=86) not available, trying Charger 1 (fid=82)",570.723904946547,1,,
Car 290,,,,,3,switch,,"Charger 3 (fid=53) not available, trying Charger 1 (fid=82)",570.8189572510239,1,,
Car 319,,,,,0,switch,,"Charger 0 (fid=22) not available, trying Charger 6 (fid=77)",570.8495073152437,6,,
Car 332,,,,,1,switch,,"Charger 1 (fid=82) not available, trying Charger 4 (fid=86)",570.8732614779226,4,,
Car 282,,,,,1,switch,,"Charger 1 (fid=82) not available, trying Charger 4 (fid=86)",571.0148385678099,4,,
Car 210,61.0,36,2,,,done,,done charging,571.0325685369794,,,392.36538696090577
Car 325,,36,2,,,start_charge,,starting to charge at Charger 2 (fid=36),571.0325685369794,,8.768488783274847,
Car 339,,,,24,,arrived,,arrived,571.1402237220798,,,
Car 277,,,,,1,switch,,"Charger 1 (fid=82) not available, trying Charger 4 (fid=86)",571.2414674521898,4,,
Car 281,,,,,1,switch,,"Charger 1 (fid=82) not available, trying Charger 4 (fid=86)",571.2738038276735,4,,
Car 266,,,,,,gave_up,0,"no alternate charger available, gave up",571.5129898987528,,,
Car 310,,,,,6,switch,,"Charger 6 (fid=77) not available, trying Charger 7 (fid=52)",571.6318629447399,7,,
Car 242,70.0,77,6,,,done,,done charging,571.690846576769,,,262.1224711961759
Car 333,,77,6,,,start_charge,,starting to charge at Charger 6 (fid=77),571.690846576769,,4.778189440975666,
Car 304,,,,,7,switch,,"Charger 7 (fid=52) not available, trying Charger 3 (fid=53)",571.8056862827335,3,,
Car 269,,,,,,gave_up,4,"no alternate charger available, gave up",571.8551269204448,,,
Car 324,,,,,5,switch,,"Charger 5 (fid=19) not available, trying Charger 2 (fid=36)",571.873946056002,2,,
Car 334,,,,,6,switch,,"Charger 6 (fid=77) not available, trying Charger 3 (fid=53)",572.096707561212,3,,
Car 293,,,,,7,switch,,"Charger 7 (fid=52) not available, trying Charger 3 (fid=53)",572.1408627174626,3,,
Car 279,,,,,4,switch,,"Charger 4 (fid=86) not available, trying Charger 1 (fid=82)",572.3672197203862,1,,
Car 249,45.0,53,3,,,done,,done charging,572.4107291114569,,,221.69843213021514
Car 313,,53,3,,,start_charge,,starting to charge at Charger 3 (fid=53),572.4107291114569,,19.548410147928053,
Car 301,,,,,7,switch,,"Charger 7 (fid=52) not available, trying Charger 3 (fid=53)",572.5105988414118,3,,
Car 274,,,,,,gave_up,4,"no alternate charger available, gave up",572.7680020501791,,,
Car 340,,,,82,,arrived,,arrived,572.7834757389069,,,
Car 326,,,,,5,switch,,"Charger 5 (fid=19) not available, trying Charger 0 (fid=22)",572.8527442131978,0,,
Car 264,,,,,1,switch,,"Charger 1 (fid=82) not available, trying Charger 4 (fid=86)",573.040960191633,4,,
Car 306,,,,,6,switch,,"Charger 6 (fid=77) not available, trying Charger 2 (fid=36)",573.0594155597179,2,,
Car 285,,,,,1,switch,,"Charger 1 (fid=82) not available, trying Charger 4 (fid=86)",573.0761663247786,4,,
Car 287,,,,,5,switch,,"Charger 5 (fid=19) not available, trying Charger 0 (fid=22)",573.1773254209298,0,,
Car 322,,,,,6,switch,,"Charger 6 (fid=77) not available, trying Charger 4 (fid=86)",573.2406663620319,4,,
Car 294,,,,,3,switch,,"Charger 3 (fid=53) not available, trying Charger 1 (fid=82)",573.2999720699496,1,,
Car 321,,,,,7,switch,,"Charger 7 (fid=52) not available, trying Charger 3 (fid=53)",573.3532841210955,3,,
Car 314,,,,,1,switch,,"Charger 1 (fid=82) not available, trying Charger 6 (fid=77)",573.4495011085834,6,,
Car 305,,,,,5,switch,,"Charger 5 (fid=19) not available, trying Charger 0 (fid=22)",573.5022505322291,0,,
Car 276,,,,,,gave_up,4,"no alternate charger available, gave up",573.62383515512,,,
Car 298,,,,,3,switch,,"Charger 3 (fid=53) not available, trying Charger 1 (fid=82)",573.6608905659853,1,,
Car 286,,,,,5,switch,,"Charger 5 (fid=19) not available, trying Charger 1 (fid=82)",573.7493174213109,1,,
Car 280,,,,,,gave_up,4,"no alternate charger available, gave up",574.020677096208,,,
Car 303,,,,,7,switch,,"Charger 7 (fid=52) not available, trying Charger 3 (fid=53)",574.1108879690871,3,,
Car 327,,,,,0,switch,,"Charger 0 (fid=22) not available, trying Charger 2 (fid=36)",574.142645011798,2,,
Car 275,,,,,,gave_up,4,"no alternate charger available, gave up",574.1571904842134,,,
Car 335,,,,,0,switch,,"Charger 0 (fid=22) not available, trying Charger 5 (fid=19)",574.3171282656292,5,,
Car 295,,,,,3,switch,,"Charger 3 (fid=53) not available, trying Charger 1 (fid=82)",574.3390775178465,1,,
Car 312,,,,,2,switch,,"Charger 2 (fid=36) not available, trying Charger 5 (fid=19)",574.4025673750166,5,,
Car 336,,,,,2,switch,,"Charger 2 (fid=36) not available, trying Charger 5 (fid=19)",574.7243554946713,5,,
Car 291,,,,,4,switch,,"Charger 4 (fid=86) not available, trying Charger 1 (fid=82)",574.735143194761,1,,
Car 278,,,,,,gave_up,4,"no alternate charger available, gave up",574.843518004137,,,
Car 337,,,,,0,switch,,"Charger 0 (fid=22) not available, trying Charger 5 (fid=19)",574.906453489445,5,,
Car 338,,,,,0,switch,,"Charger 0 (fid=22) not available, trying Charger 5 (fid=19)",574.9187955119005,5,,
Car 341,,,,26,,arrived,,arrived,574.9768908147732,,,
Car 342,,,,13,,arrived,,arrived,575.0933221195965,,,
Car 308,,,,,7,switch,,"Charger 7 (fid=52) not available, trying Charger 3 (fid=53)",575.1661028994881,3,,
Car 328,,,,,3,switch,,"Charger 3 (fid=53) not available, trying Charger 7 (fid=52)",575.2015009773676,7,,
Car 315,,,,,3,switch,,"Charger 3 (fid=53) not available, trying Charger 6 (fid=77)",575.2634232612304,6,,
Car 299,,,,,0,switch,,"Charger 0 (fid=22) not available, trying Charger 1 (fid=82)",575.3435971633904,1,,
Car 302,,,,,1,switch,,"Charger 1 (fid=82) not available, trying Charger 4 (fid=86)",575.3679524259239,4,,
Car 330,,,,,5,switch,,"Charger 5 (fid=19) not available, trying Charger 2 (fid=36)",575.8151401430171,2,,
Car 300,,,,,3,switch,,"Charger 3 (fid=53) not available, trying Charger 1 (fid=82)",575.9283300408335,1,,
Car 284,,,,,,gave_up,4,"no alternate charger available, gave up",575.9293179009976,,,
Car 309,,,,,1,switch,,"Charger 1 (fid=82) not available, trying Charger 2 (fid=36)",576.0063566548612,2,,
Car 331,,,,,5,switch,,"Charger 5 (fid=19) not available, trying Charger 0 (fid=22)",576.1351412435776,0,,
Car 339,,,,,0,switch,,"Charger 0 (fid=22) not available, trying Charger 5 (fid=19)",576.1402237220798,5,,
Car 332,,,,,4,switch,,"Charger 4 (fid=86) not available, trying Charger 7 (fid=52)",576.1557131862368,7,,
Car 282,,,,,,gave_up,4,"no alternate charger available, gave up",576.297290276124,,,
Car 329,,,,,2,switch,,"Charger 2 (fid=36) not available, trying Charger 5 (fid=19)",576.4325204567001,5,,
Car 277,,,,,,gave_up,4,"no alternate charger available, gave up",576.523919160504,,,
Car 281,,,,,,gave_up,4,"no alternate charger available, gave up",576.5562555359877,,,
Car 343,,,,58,,arrived,,arrived,576.5862366250068,,,
Car 258,,,,,,gave_up,0,"no alternate charger available, gave up",576.6437360175748,,,
Car 316,,,,,6,switch,,"Charger 6 (fid=77) not available, trying Charger 7 (fid=52)",576.6470909601102,7,,
Car 273,,,,,4,switch,,"Charger 4 (fid=86) not available, trying Charger 0 (fid=22)",576.7211606206812,0,,
Car 272,,,,,,gave_up,0,"no alternate charger available, gave up",576.7361737963956,,,
Car 297,,,,,2,switch,,"Charger 2 (fid=36) not available, trying Charger 5 (fid=19)",576.7904814697335,5,,
Car 317,,,,,6,switch,,"Charger 6 (fid=77) not available, trying Charger 7 (fid=52)",576.8883668746008,7,,
Car 289,,,,,1,switch,,"Charger 1 (fid=82) not available, trying Charger 4 (fid=86)",576.9350633650719,4,,
Car 296,,,,,0,switch,,"Charger 0 (fid=22) not available, trying Charger 1 (fid=82)",577.1588907918259,1,,
Car 244,45.0,52,7,,,done,,done charging,577.161554865366,,,322.75819305633905
Car 310,,52,7,,,start_charge,,starting to charge at Charger 7 (fid=52),577.161554865366,,23.963954304401454,
Car 324,,,,,2,switch,,"Charger 2 (fid=36) not available, trying Charger 6 (fid=77)",577.6268028891342,6,,
Car 279,,,,,,gave_up,1,"no alternate charger available, gave up",577.6496714287003,,,
Car 340,,,,,1,switch,,"Charger 1 (fid=82) not available, trying Charger 4 (fid=86)",577.7834757389069,4,,
Car 304,,,,,3,switch,,"Charger 3 (fid=53) not available, trying Charger 1 (fid=82)",577.8256229017653,1,,
Car 320,,,,,6,switch,,"Charger 6 (fid=77) not available, trying Charger 7 (fid=52)",577.8952741589629,7,,
Car 293,,,,,3,switch,,"Charger 3 (fid=53) not available, trying Charger 1 (fid=82)",578.1607993364944,1,,
Car 264,,,,,,gave_up,4,"no alternate charger available, gave up",578.3234118999471,,,
Car 344,,,,30,,arrived,,arrived,578.3327110500284,,,
Car 285,,,,,,gave_up,4,"no alternate charger available, gave up",578.3586180330927,,,
Car 301,,,,,3,switch,,"Charger 3 (fid=53) not available, trying Charger 1 (fid=82)",578.5305354604436,1,,
Car 334,,,,,3,switch,,"Charger 3 (fid=53) not available, trying Charger 7 (fid=52)",578.6697314316771,7,,
Car 290,,,,,1,switch,,"Charger 1 (fid=82) not available, trying Charger 4 (fid=86)",579.1631714583654,4,,
Car 326,,,,,0,switch,,"Charger 0 (fid=22) not available, trying Charger 6 (fid=77)",579.3134713661378,6,,
Car 321,,,,,3,switch,,"Charger 3 (fid=53) not available, trying Charger 6 (fid=77)",579.3732207401273,6,,
Car 287,,,,,,gave_up,0,"no alternate charger available, gave up",579.6380525738699,,,
Car 318,,,,,6,switch,,"Charger 6 (fid=77) not available, trying Charger 7 (fid=52)",579.6678684238082,7,,
Car 307,,,,,5,switch,,"Charger 5 (fid=19) not available, trying Charger 0 (fid=22)",579.7764623873377,0,,
Car 305,,,,,0,switch,,"Charger 0 (fid=22) not available, trying Charger 4 (fid=86)",579.9629776851692,4,,
Car 341,,,,,0,switch,,"Charger 0 (fid=22) not available, trying Charger 5 (fid=19)",579.9768908147732,5,,
Car 291,,,,,1,switch,,"Charger 1 (fid=82) not available, trying Charger 0 (fid=22)",580.0175949030752,0,,
Car 288,,,,,4,switch,,"Charger 4 (fid=86) not available, trying Charger 1 (fid=82)",580.0766605270719,1,,
Car 342,,,,,0,switch,,"Charger 0 (fid=22) not available, trying Charger 5 (fid=19)",580.0933221195965,5,,
Car 303,,,,,3,switch,,"Charger 3 (fid=53) not available, trying Charger 1 (fid=82)",580.1308245881189,1,,
Car 312,,,,,5,switch,,"Charger 5 (fid=19) not available, trying Charger 0 (fid=22)",580.1554242081488,0,,
Car 319,,,,,6,switch,,"Charger 6 (fid=77) not available, trying Charger 7 (fid=52)",580.1876121267046,7,,
Car 345,,,,51,,arrived,,arrived,580.2040890789176,,,
Car 336,,,,,5,switch,,"Charger 5 (fid=19) not available, trying Charger 0 (fid=22)",580.4772123278035,0,,
Car 306,,,,,2,switch,,"Charger 2 (fid=36) not available, trying Charger 5 (fid=19)",580.6147199202792,5,,
Car 346,,,,39,,arrived,,arrived,580.6152580089962,,,
Car 302,,,,,4,switch,,"Charger 4 (fid=86) not available, trying Charger 5 (fid=19)",580.6504041342381,5,,
Car 347,,,,9,,arrived,,arrived,580.7581540423275,,,
Car 335,,,,,5,switch,,"Charger 5 (fid=19) not available, trying Charger 2 (fid=36)",580.7778554185693,2,,
Car 348,,,,75,,arrived,,arrived,580.7957689866001,,,
Car 308,,,,,3,switch,,"Charger 3 (fid=53) not available, trying Charger 1 (fid=82)",581.1860395185199,1,,
Car 328,,,,,7,switch,,"Charger 7 (fid=52) not available, trying Charger 2 (fid=36)",581.2214375963994,2,,
Car 327,,,,,2,switch,,"Charger 2 (fid=36) not available, trying Charger 6 (fid=77)",581.285633385988,6,,
Car 337,,,,,5,switch,,"Charger 5 (fid=19) not available, trying Charger 2 (fid=36)",581.367180642385,2,,
Car 338,,,,,5,switch,,"Charger 5 (fid=19) not available, trying Charger 2 (fid=36)",581.3795226648406,2,,
Car 330,,,,,2,switch,,"Charger 2 (fid=36) not available, trying Charger 6 (fid=77)",581.5679969761493,6,,
Car 343,,,,,3,switch,,"Charger 3 (fid=53) not available, trying Charger 7 (fid=52)",581.5862366250068,7,,
Car 294,,,,,1,switch,,"Charger 1 (fid=82) not available, trying Charger 4 (fid=86)",581.644186277291,4,,
Car 315,,,,,6,switch,,"Charger 6 (fid=77) not available, trying Charger 2 (fid=36)",581.8364471316954,2,,
Car 298,,,,,1,switch,,"Charger 1 (fid=82) not available, trying Charger 4 (fid=86)",582.0051047733267,4,,
Car 349,,,,10,,arrived,,arrived,582.1202489857162,,,
Car 329,,,,,5,switch,,"Charger 5 (fid=19) not available, trying Charger 0 (fid=22)",582.1853772898323,0,,
Car 289,,,,,,gave_up,4,"no alternate charger available, gave up",582.217515073386,,,
Car 322,,,,,4,switch,,"Charger 4 (fid=86) not available, trying Charger 1 (fid=82)",582.421530182444,1,,
Car 297,,,,,5,switch,,"Charger 5 (fid=19) not available, trying Charger 0 (fid=22)",582.5433383028658,0,,
Car 331,,,,,0,switch,,"Charger 0 (fid=22) not available, trying Charger 6 (fid=77)",582.5958683965176,6,,
Car 339,,,,,5,switch,,"Charger 5 (fid=19) not available, trying Charger 2 (fid=36)",582.6009508750199,2,,
Car 314,,,,,6,switch,,"Charger 6 (fid=77) not available, trying Charger 2 (fid=36)",582.6346791255811,2,,
Car 295,,,,,1,switch,,"Charger 1 (fid=82) not available, trying Charger 4 (fid=86)",582.6832917251879,4,,
Car 340,,,,,4,switch,,"Charger 4 (fid=86) not available, trying Charger 7 (fid=52)",583.065927447221,7,,
Car 350,,,,26,,arrived,,arrived,583.0878991066097,,,
Car 316,,,,,7,switch,,"Charger 7 (fid=52) not available, trying Charger 3 (fid=53)",583.2128285763349,3,,
Car 344,,,,,0,switch,,"Charger 0 (fid=22) not available, trying Charger 5 (fid=19)",583.3327110500284,5,,
Car 317,,,,,7,switch,,"Charger 7 (fid=52) not available, trying Charger 3 (fid=53)",583.4541044908256,3,,
Car 332,,,,,7,switch,,"Charger 7 (fid=52) not available, trying Charger 3 (fid=53)",583.7855805837771,3,,
Car 286,,,,,1,switch,,"Charger 1 (fid=82) not available, trying Charger 0 (fid=22)",583.9081576043866,0,,
Car 300,,,,,1,switch,,"Charger 1 (fid=82) not available, trying Charger 4 (fid=86)",584.272544248175,4,,
Car 290,,,,,,gave_up,4,"no alternate charger available, gave up",584.4456231666795,,,
Car 320,,,,,7,switch,,"Charger 7 (fid=52) not available, trying Charger 3 (fid=53)",584.4610117751877,3,,
Car 334,,,,,7,switch,,"Charger 7 (fid=52) not available, trying Charger 2 (fid=36)",584.6896680507089,2,,
Car 351,,,,29,,arrived,,arrived,584.9921743069851,,,
Car 324,,,,,6,switch,,"Charger 6 (fid=77) not available, trying Charger 7 (fid=52)",585.1821072496955,7,,
Car 345,,,,,3,switch,,"Charger 3 (fid=53) not available, trying Charger 6 (fid=77)",585.2040890789176,6,,
Car 288,,,,,,gave_up,1,"no alternate charger available, gave up",585.3591122353861,,,
Car 206,63.0,86,4,,,done,,done charging,585.5182311450812,,,415.01094253644135
Car 294,,86,4,,,start_charge,,starting to charge at Charger 4 (fid=86),585.5182311450812,,38.59159315947602,
Car 309,,,,,2,switch,,"Charger 2 (fid=36) not available, trying Charger 5 (fid=19)",585.5665176947152,5,,
Car 346,,,,,3,switch,,"Charger 3 (fid=53) not available, trying Charger 6 (fid=77)",585.6152580089962,6,,
Car 347,,,,,6,switch,,"Charger 6 (fid=77) not available, trying Charger 2 (fid=36)",585.7581540423275,2,,
Car 348,,,,,3,switch,,"Charger 3 (fid=53) not available, trying Charger 7 (fid=52)",585.7957689866001,7,,
Car 321,,,,,6,switch,,"Charger 6 (fid=77) not available, trying Charger 2 (fid=36)",585.9462446105923,2,,
Car 304,,,,,1,switch,,"Charger 1 (fid=82) not available, trying Charger 4 (fid=86)",586.1698371091068,4,,
Car 318,,,,,7,switch,,"Charger 7 (fid=52) not available, trying Charger 3 (fid=53)",586.2336060400329,3,,
Car 307,,,,,0,switch,,"Charger 0 (fid=22) not available, trying Charger 1 (fid=82)",586.2371895402778,1,,
Car 306,,,,,5,switch,,"Charger 5 (fid=19) not available, trying Charger 0 (fid=22)",586.3675767534114,0,,
Car 341,,,,,5,switch,,"Charger 5 (fid=19) not available, trying Charger 2 (fid=36)",586.4376179677133,2,,
Car 293,,,,,1,switch,,"Charger 1 (fid=82) not available, trying Charger 4 (fid=86)",586.5050135438358,4,,
Car 335,,,,,2,switch,,"Charger 2 (fid=36) not available, trying Charger 6 (fid=77)",586.5307122517015,6,,
Car 342,,,,,5,switch,,"Charger 5 (fid=19) not available, trying Charger 2 (fid=36)",586.5540492725365,2,,
Car 312,,,,,0,switch,,"Charger 0 (fid=22) not available, trying Charger 4 (fid=86)",586.6161513610889,4,,
Car 352,,,,37,,arrived,,arrived,586.6260092705106,,,
Car 319,,,,,7,switch,,"Charger 7 (fid=52) not available, trying Charger 3 (fid=53)",586.7533497429293,3,,
Car 301,,,,,1,switch,,"Charger 1 (fid=82) not available, trying Charger 4 (fid=86)",586.8747496677851,4,,
Car 336,,,,,0,switch,,"Charger 0 (fid=22) not available, trying Charger 6 (fid=77)",586.9379394807436,6,,
Car 299,,,,,1,switch,,"Charger 1 (fid=82) not available, trying Charger 4 (fid=86)",586.9603264479346,4,,
Car 353,,,,62,,arrived,,arrived,587.0499940913493,,,
Car 337,,,,,2,switch,,"Charger 2 (fid=36) not available, trying Charger 6 (fid=77)",587.1200374755173,6,,
Car 349,,,,,6,switch,,"Charger 6 (fid=77) not available, trying Charger 2 (fid=36)",587.1202489857162,2,,
Car 338,,,,,2,switch,,"Charger 2 (fid=36) not available, trying Charger 6 (fid=77)",587.1323794979728,6,,
Car 298,,,,,,gave_up,4,"no alternate charger available, gave up",587.2875564816409,,,
Car 343,,,,,7,switch,,"Charger 7 (fid=52) not available, trying Charger 4 (fid=86)",587.6061732440386,4,,
Car 322,,,,,1,switch,,"Charger 1 (fid=82) not available, trying Charger 2 (fid=36)",587.7039818907582,2,,
Car 295,,,,,,gave_up,4,"no alternate charger available, gave up",587.9657434335021,,,
Car 350,,,,,2,switch,,"Charger 2 (fid=36) not available, trying Charger 5 (fid=19)",588.0878991066097,5,,
Car 339,,,,,2,switch,,"Charger 2 (fid=36) not available, trying Charger 6 (fid=77)",588.3538077081521,6,,
Car 354,,,,73,,arrived,,arrived,588.4233227985045,,,
Car 303,,,,,1,switch,,"Charger 1 (fid=82) not available, trying Charger 4 (fid=86)",588.4750387954604,4,,
Car 273,,,,,,gave_up,0,"no alternate charger available, gave up",588.5120392174842,,,
Car 329,,,,,0,switch,,"Charger 0 (fid=22) not available, trying Charger 7 (fid=52)",588.6461044427724,7,,
Car 326,,,,,6,switch,,"Charger 6 (fid=77) not available, trying Charger 7 (fid=52)",588.6515761775987,7,,
Car 296,,,,,1,switch,,"Charger 1 (fid=82) not available, trying Charger 4 (fid=86)",588.77562007637,4,,
Car 327,,,,,6,switch,,"Charger 6 (fid=77) not available, trying Charger 7 (fid=52)",588.8409377465493,7,,
Car 297,,,,,,gave_up,0,"no alternate charger available, gave up",589.0040654558059,,,
Car 355,,,,56,,arrived,,arrived,589.0871028550677,,,
Car 330,,,,,6,switch,,"Charger 6 (fid=77) not available, trying Charger 7 (fid=52)",589.1233013367106,7,,
Car 316,,,,,3,switch,,"Charger 3 (fid=53) not available, trying Charger 1 (fid=82)",589.2327651953667,1,,
Car 328,,,,,2,switch,,"Charger 2 (fid=36) not available, trying Charger 5 (fid=19)",589.2497750934388,5,,
Car 315,,,,,2,switch,,"Charger 2 (fid=36) not available, trying Charger 5 (fid=19)",589.3917514922567,5,,
Car 317,,,,,3,switch,,"Charger 3 (fid=53) not available, trying Charger 1 (fid=82)",589.4740411098574,1,,
Car 308,,,,,1,switch,,"Charger 1 (fid=82) not available, trying Charger 4 (fid=86)",589.5302537258614,4,,
Car 300,,,,,,gave_up,4,"no alternate charger available, gave up",589.5549959564892,,,
Car 344,,,,,5,switch,,"Charger 5 (fid=19) not available, trying Charger 2 (fid=36)",589.7934382029684,2,,
Car 332,,,,,3,switch,,"Charger 3 (fid=53) not available, trying Charger 6 (fid=77)",589.8055172028089,6,,
Car 351,,,,,2,switch,,"Charger 2 (fid=36) not available, trying Charger 5 (fid=19)",589.9921743069851,5,,
Car 314,,,,,2,switch,,"Charger 2 (fid=36) not available, trying Charger 5 (fid=19)",590.1899834861424,5,,
Car 320,,,,,3,switch,,"Charger 3 (fid=53) not available, trying Charger 1 (fid=82)",590.4809483942195,1,,
Car 356,,,,54,,arrived,,arrived,590.5399996246421,,,
Car 340,,,,,7,switch,,"Charger 7 (fid=52) not available, trying Charger 3 (fid=53)",590.6957948447614,3,,
Car 302,,,,,5,switch,,"Charger 5 (fid=19) not available, trying Charger 0 (fid=22)",590.9810004261134,0,,
Car 309,,,,,5,switch,,"Charger 5 (fid=19) not available, trying Charger 0 (fid=22)",591.3193745278475,0,,
Car 238,91.0,77,6,,,done,,done charging,591.3894616717356,,,40.44401316634773
Car 345,,77,6,,,start_charge,,starting to charge at Charger 6 (fid=77),591.3894616717356,,9.612348722352976,
Car 304,,,,,,gave_up,4,"no alternate charger available, gave up",591.4522888174209,,,
Car 352,,,,,0,switch,,"Charger 0 (fid=22) not available, trying Charger 5 (fid=19)",591.6260092705106,5,,
Car 291,,,,,,gave_up,0,"no alternate charger available, gave up",591.6343241876193,,,
Car 324,,,,,7,switch,,"Charger 7 (fid=52) not available, trying Charger 3 (fid=53)",591.7478448659202,3,,
Car 305,,,,,4,switch,,"Charger 4 (fid=86) not available, trying Charger 1 (fid=82)",591.7538562819723,1,,
Car 293,,,,,,gave_up,4,"no alternate charger available, gave up",591.78746525215,,,
Car 357,,,,14,,arrived,,arrived,591.8147366581226,,,
Car 348,,,,,7,switch,,"Charger 7 (fid=52) not available, trying Charger 6 (fid=77)",591.8157056056319,6,,
Car 331,,,,,6,switch,,"Charger 6 (fid=77) not available, trying Charger 7 (fid=52)",591.9339732079785,7,,
Car 353,,,,,6,switch,,"Charger 6 (fid=77) not available, trying Charger 2 (fid=36)",592.0499940913493,2,,
Car 301,,,,,,gave_up,4,"no alternate charger available, gave up",592.1572013760992,,,
Car 346,,,,,6,switch,,"Charger 6 (fid=77) not available, trying Charger 7 (fid=52)",592.1882818794612,7,,
Car 341,,,,,2,switch,,"Charger 2 (fid=36) not available, trying Charger 6 (fid=77)",592.1904748008455,6,,
Car 299,,,,,,gave_up,4,"no alternate charger available, gave up",592.2427781562487,,,
Car 318,,,,,3,switch,,"Charger 3 (fid=53) not available, trying Charger 1 (fid=82)",592.2535426590647,1,,
Car 342,,,,,2,switch,,"Charger 2 (fid=36) not available, trying Charger 6 (fid=77)",592.3069061056688,6,,
Car 358,,,,81,,arrived,,arrived,592.6593949740657,,,
Car 334,,,,,2,switch,,"Charger 2 (fid=36) not available, trying Charger 5 (fid=19)",592.7180055477482,5,,
Car 319,,,,,3,switch,,"Charger 3 (fid=53) not available, trying Charger 1 (fid=82)",592.7732863619611,1,,
Car 306,,,,,,gave_up,0,"no alternate charger available, gave up",592.8283039063515,,,
Car 347,,,,,2,switch,,"Charger 2 (fid=36) not available, trying Charger 3 (fid=53)",593.3134584028888,3,,
Car 354,,,,,6,switch,,"Charger 6 (fid=77) not available, trying Charger 2 (fid=36)",593.4233227985045,2,,
Car 321,,,,,2,switch,,"Charger 2 (fid=36) not available, trying Charger 5 (fid=19)",593.5015489711536,5,,
Car 303,,,,,,gave_up,4,"no alternate charger available, gave up",593.7574905037745,,,
Car 350,,,,,5,switch,,"Charger 5 (fid=19) not available, trying Charger 0 (fid=22)",593.8407559397419,0,,
Car 359,,,,37,,arrived,,arrived,593.9404822818605,,,
Car 296,,,,,,gave_up,4,"no alternate charger available, gave up",594.0580717846842,,,
Car 335,,,,,6,switch,,"Charger 6 (fid=77) not available, trying Charger 7 (fid=52)",594.0860166122628,7,,
Car 355,,,,,5,switch,,"Charger 5 (fid=19) not available, trying Charger 0 (fid=22)",594.0871028550677,0,,
Car 360,,,,124,,arrived,,arrived,594.1806424524557,,,
Car 337,,,,,6,switch,,"Charger 6 (fid=77) not available, trying Charger 7 (fid=52)",594.6753418360786,7,,
Car 349,,,,,2,switch,,"Charger 2 (fid=36) not available, trying Charger 5 (fid=19)",594.6755533462775,5,,
Car 338,,,,,6,switch,,"Charger 6 (fid=77) not available, trying Charger 7 (fid=52)",594.6876838585341,7,,
Car 308,,,,,,gave_up,4,"no alternate charger available, gave up",594.8127054341755,,,
Car 328,,,,,5,switch,,"Charger 5 (fid=19) not available, trying Charger 0 (fid=22)",595.002631926571,0,,
Car 361,,,,62,,arrived,,arrived,595.0228003655889,,,
Car 315,,,,,5,switch,,"Charger 5 (fid=19) not available, trying Charger 0 (fid=22)",595.144608325389,0,,
Car 326,,,,,7,switch,,"Charger 7 (fid=52) not available, trying Charger 3 (fid=53)",595.2173137938235,3,,
Car 343,,,,,4,switch,,"Charger 4 (fid=86) not available, trying Charger 1 (fid=82)",595.2360406415789,1,,
Car 327,,,,,7,switch,,"Charger 7 (fid=52) not available, trying Charger 3 (fid=53)",595.4066753627741,3,,
Car 286,,,,,,gave_up,0,"no alternate charger available, gave up",595.5248868889307,,,
Car 356,,,,,5,switch,,"Charger 5 (fid=19) not available, trying Charger 2 (fid=36)",595.5399996246421,2,,
Car 344,,,,,2,switch,,"Charger 2 (fid=36) not available, trying Charger 6 (fid=77)",595.5462950361007,6,,
Car 330,,,,,7,switch,,"Charger 7 (fid=52) not available, trying Charger 3 (fid=53)",595.6890389529353,3,,
Car 351,,,,,5,switch,,"Charger 5 (fid=19) not available, trying Charger 0 (fid=22)",595.7450311401174,0,,
Car 339,,,,,6,switch,,"Charger 6 (fid=77) not available, trying Charger 7 (fid=52)",595.9091120687134,7,,
Car 314,,,,,5,switch,,"Charger 5 (fid=19) not available, trying Charger 0 (fid=22)",595.9428403192746,0,,
Car 336,,,,,6,switch,,"Charger 6 (fid=77) not available, trying Charger 7 (fid=52)",596.2760442922045,7,,
Car 332,,,,,6,switch,,"Charger 6 (fid=77) not available, trying Charger 2 (fid=36)",596.3785410732739,2,,
Car 340,,,,,3,switch,,"Charger 3 (fid=53) not available, trying Charger 6 (fid=77)",596.7157314637932,6,,
Car 357,,,,,2,switch,,"Charger 2 (fid=36) not available, trying Charger 5 (fid=19)",596.8147366581226,5,,
Car 362,,,,30,,arrived,,arrived,596.8776810753792,,,
Car 305,,,,,,gave_up,1,"no alternate charger available, gave up",597.0363079902864,,,
Car 322,,,,,2,switch,,"Charger 2 (fid=36) not available, trying Charger 5 (fid=19)",597.2641429306123,5,,
Car 302,,,,,,gave_up,0,"no alternate charger available, gave up",597.4417275790535,,,
Car 316,,,,,1,switch,,"Charger 1 (fid=82) not available, trying Charger 4 (fid=86)",597.5769794027082,4,,
Car 358,,,,,2,switch,,"Charger 2 (fid=36) not available, trying Charger 5 (fid=19)",597.6593949740657,5,,
Car 363,,,,27,,arrived,,arrived,597.7539877952809,,,
Car 324,,,,,3,switch,,"Charger 3 (fid=53) not available, trying Charger 1 (fid=82)",597.767781484952,1,,
Car 309,,,,,,gave_up,0,"no alternate charger available, gave up",597.7801016807875,,,
Car 317,,,,,1,switch,,"Charger 1 (fid=82) not available, trying Charger 4 (fid=86)",597.8182553171988,4,,
Car 307,,,,,1,switch,,"Charger 1 (fid=82) not available, trying Charger 4 (fid=86)",597.8539188248219,4,,
Car 352,,,,,5,switch,,"Charger 5 (fid=19) not available, trying Charger 2 (fid=36)",598.0867364234507,2,,
Car 348,,,,,6,switch,,"Charger 6 (fid=77) not available, trying Charger 4 (fid=86)",598.3814432218567,4,,
Car 312,,,,,4,switch,,"Charger 4 (fid=86) not available, trying Charger 1 (fid=82)",598.4070299578921,1,,
Car 334,,,,,5,switch,,"Charger 5 (fid=19) not available, trying Charger 0 (fid=22)",598.4708623808805,0,,
Car 364,,,,54,,arrived,,arrived,598.4736312887817,,,
Car 331,,,,,7,switch,,"Charger 7 (fid=52) not available, trying Charger 3 (fid=53)",598.4997108242032,3,,
Car 346,,,,,7,switch,,"Charger 7 (fid=52) not available, trying Charger 2 (fid=36)",598.754019495686,2,,
Car 329,,,,,7,switch,,"Charger 7 (fid=52) not available, trying Charger 3 (fid=53)",598.7788152529182,3,,
Car 320,,,,,1,switch,,"Charger 1 (fid=82) not available, trying Charger 4 (fid=86)",598.8251626015609,4,,
Car 359,,,,,0,switch,,"Charger 0 (fid=22) not available, trying Charger 5 (fid=19)",598.9404822818605,5,,
Car 365,,,,10,,arrived,,arrived,598.9793526327169,,,
Car 360,,,,,5,switch,,"Charger 5 (fid=19) not available, trying Charger 2 (fid=36)",599.1806424524557,2,,
Car 321,,,,,5,switch,,"Charger 5 (fid=19) not available, trying Charger 0 (fid=22)",599.2544058042859,0,,
Car 366,,,,54,,arrived,,arrived,599.3075434859574,,,
Car 367,,,,37,,arrived,,arrived,599.3213933391454,,,
Car 353,,,,,2,switch,,"Charger 2 (fid=36) not available, trying Charger 3 (fid=53)",599.6052984519106,3,,
Car 341,,,,,6,switch,,"Charger 6 (fid=77) not available, trying Charger 7 (fid=52)",599.7457791614069,7,,
Car 342,,,,,6,switch,,"Charger 6 (fid=77) not available, trying Charger 7 (fid=52)",599.8622104662301,7,,
Car 368,,,,85,,arrived,,arrived,600.01444179151,,,
Car 361,,,,,6,switch,,"Charger 6 (fid=77) not available, trying Charger 2 (fid=36)",600.0228003655889,2,,
Car 350,,,,,0,switch,,"Charger 0 (fid=22) not available, trying Charger 6 (fid=77)",600.301483092682,6,,
Car 349,,,,,5,switch,,"Charger 5 (fid=19) not available, trying Charger 0 (fid=22)",600.4284101794098,0,,
Car 343,,,,,1,switch,,"Charger 1 (fid=82) not available, trying Charger 6 (fid=77)",600.5184923498931,6,,
Car 355,,,,,0,switch,,"Charger 0 (fid=22) not available, trying Charger 2 (fid=36)",600.5478300080077,2,,
Car 318,,,,,1,switch,,"Charger 1 (fid=82) not available, trying Charger 4 (fid=86)",600.5977568664061,4,,
Car 335,,,,,7,switch,,"Charger 7 (fid=52) not available, trying Charger 3 (fid=53)",600.6517542284876,3,,
Car 369,,,,124,,arrived,,arrived,600.9171083981836,,,
Car 354,,,,,2,switch,,"Charger 2 (fid=36) not available, trying Charger 5 (fid=19)",600.9786271590658,5,,
Car 224,94.0,36,2,,,done,,done charging,601.0987751164275,,,287.78929767801117
Car 356,,36,2,,,start_charge,,starting to charge at Charger 2 (fid=36),601.0987751164275,,9.80591865865324,
Car 319,,,,,1,switch,,"Charger 1 (fid=82) not available, trying Charger 4 (fid=86)",601.1175005693026,4,,
Car 326,,,,,3,switch,,"Charger 3 (fid=53) not available, trying Charger 1 (fid=82)",601.2372504128552,1,,
Car 337,,,,,7,switch,,"Charger 7 (fid=52) not available, trying Charger 3 (fid=53)",601.2410794523033,3,,
Car 338,,,,,7,switch,,"Charger 7 (fid=52) not available, trying Charger 3 (fid=53)",601.2534214747589,3,,
Car 327,,,,,3,switch,,"Charger 3 (fid=53) not available, trying Charger 1 (fid=82)",601.4266119818059,1,,
Car 328,,,,,0,switch,,"Charger 0 (fid=22) not available, trying Charger 4 (fid=86)",601.4633590795111,4,,
Car 315,,,,,,gave_up,0,"no alternate charger available, gave up",601.605335478329,,,
Car 330,,,,,3,switch,,"Charger 3 (fid=53) not available, trying Charger 1 (fid=82)",601.7089755719671,1,,
Car 362,,,,,0,switch,,"Charger 0 (fid=22) not available, trying Charger 5 (fid=19)",601.8776810753792,5,,
Car 347,,,,,3,switch,,"Charger 3 (fid=53) not available, trying Charger 5 (fid=19)",602.0676440947507,5,,
Car 351,,,,,0,switch,,"Charger 0 (fid=22) not available, trying Charger 6 (fid=77)",602.2057582930574,6,,
Car 254,88.0,19,5,,,done,,done charging,602.2168823232757,,,142.9987274978319
Car 357,,19,5,,,start_charge,,starting to charge at Charger 5 (fid=19),602.2168823232757,,9.649288832020943,
Car 370,,,,40,,arrived,,arrived,602.3649497626817,,,
Car 314,,,,,,gave_up,0,"no alternate charger available, gave up",602.4035674722147,,,
Car 371,,,,37,,arrived,,arrived,602.4379215987541,,,
Car 339,,,,,7,switch,,"Charger 7 (fid=52) not available, trying Charger 3 (fid=53)",602.4748496849381,3,,
Car 239,50.0,22,0,,,done,,done charging,602.7445815908738,,,365.17025019161684
Car 367,,22,0,,,start_charge,,starting to charge at Charger 0 (fid=22),602.7445815908738,,3.4231882517284475,
Car 363,,,,,2,switch,,"Charger 2 (fid=36) not available, trying Charger 5 (fid=19)",602.7539877952809,5,,
Car 336,,,,,7,switch,,"Charger 7 (fid=52) not available, trying Charger 3 (fid=53)",602.8417819084292,3,,
Car 316,,,,,,gave_up,4,"no alternate charger available, gave up",602.8594311110223,,,
Car 322,,,,,5,switch,,"Charger 5 (fid=19) not available, trying Charger 0 (fid=22)",603.0169997637445,0,,
Car 317,,,,,,gave_up,4,"no alternate charger available, gave up",603.100707025513,,,
Car 344,,,,,6,switch,,"Charger 6 (fid=77) not available, trying Charger 7 (fid=52)",603.101599396662,7,,
Car 307,,,,,,gave_up,4,"no alternate charger available, gave up",603.1363705331361,,,
Car 340,,,,,6,switch,,"Charger 6 (fid=77) not available, trying Charger 2 (fid=36)",603.2887553342582,2,,
Car 358,,,,,5,switch,,"Charger 5 (fid=19) not available, trying Charger 7 (fid=52)",603.4122518071979,7,,
Car 364,,,,,5,switch,,"Charger 5 (fid=19) not available, trying Charger 2 (fid=36)",603.4736312887817,2,,
Car 312,,,,,,gave_up,1,"no alternate charger available, gave up",603.6894816662062,,,
Car 352,,,,,2,switch,,"Charger 2 (fid=36) not available, trying Charger 6 (fid=77)",603.8395932565829,6,,
Car 332,,,,,2,switch,,"Charger 2 (fid=36) not available, trying Charger 5 (fid=19)",603.9338454338352,5,,
Car 372,,,,73,,arrived,,arrived,603.9372505963638,,,
Car 365,,,,,6,switch,,"Charger 6 (fid=77) not available, trying Charger 2 (fid=36)",603.9793526327169,2,,
Car 373,,,,34,,arrived,,arrived,603.9815478622671,,,
Car 320,,,,,,gave_up,4,"no alternate charger available, gave up",604.1076143098751,,,
Car 366,,,,,5,switch,,"Charger 5 (fid=19) not available, trying Charger 2 (fid=36)",604.3075434859574,2,,
Car 331,,,,,3,switch,,"Charger 3 (fid=53) not available, trying Charger 1 (fid=82)",604.519647443235,1,,
Car 329,,,,,3,switch,,"Charger 3 (fid=53) not available, trying Charger 1 (fid=82)",604.79875187195,1,,
Car 334,,,,,0,switch,,"Charger 0 (fid=22) not available, trying Charger 1 (fid=82)",604.9315895338206,1,,
Car 360,,,,,2,switch,,"Charger 2 (fid=36) not available, trying Charger 0 (fid=22)",604.9334992855879,0,,
Car 368,,,,,4,switch,,"Charger 4 (fid=86) not available, trying Charger 1 (fid=82)",605.01444179151,1,,
Car 374,,,,89,,arrived,,arrived,605.0785882099842,,,
Car 359,,,,,5,switch,,"Charger 5 (fid=19) not available, trying Charger 2 (fid=36)",605.4012094348005,2,,
Car 321,,,,,,gave_up,0,"no alternate charger available, gave up",605.7151329572259,,,
Car 318,,,,,,gave_up,4,"no alternate charger available, gave up",605.8802085747203,,,
Car 369,,,,,5,switch,,"Charger 5 (fid=19) not available, trying Charger 2 (fid=36)",605.9171083981836,2,,
Car 324,,,,,1,switch,,"Charger 1 (fid=82) not available, trying Charger 4 (fid=86)",606.1119956922935,4,,
Car 341,,,,,7,switch,,"Charger 7 (fid=52) not available, trying Charger 3 (fid=53)",606.3115167776316,3,,
Car 319,,,,,,gave_up,4,"no alternate charger available, gave up",606.3999522776168,,,
Car 342,,,,,7,switch,,"Charger 7 (fid=52) not available, trying Charger 3 (fid=53)",606.4279480824548,3,,
Car 335,,,,,3,switch,,"Charger 3 (fid=53) not available, trying Charger 1 (fid=82)",606.6716908475194,1,,
Car 354,,,,,5,switch,,"Charger 5 (fid=19) not available, trying Charger 0 (fid=22)",606.731483992198,0,,
Car 346,,,,,2,switch,,"Charger 2 (fid=36) not available, trying Charger 4 (fid=86)",606.7823569927253,4,,
Car 349,,,,,0,switch,,"Charger 0 (fid=22) not available, trying Charger 3 (fid=53)",606.8891373323498,3,,
Car 337,,,,,3,switch,,"Charger 3 (fid=53) not available, trying Charger 1 (fid=82)",607.2610160713351,1,,
Car 338,,,,,3,switch,,"Charger 3 (fid=53) not available, trying Charger 1 (fid=82)",607.2733580937906,1,,
Car 370,,,,,6,switch,,"Charger 6 (fid=77) not available, trying Charger 3 (fid=53)",607.3649497626817,3,,
Car 371,,,,,0,switch,,"Charger 0 (fid=22) not available, trying Charger 5 (fid=19)",607.4379215987541,5,,
Car 348,,,,,4,switch,,"Charger 4 (fid=86) not available, trying Charger 1 (fid=82)",607.5623070422688,1,,
Car 361,,,,,2,switch,,"Charger 2 (fid=36) not available, trying Charger 3 (fid=53)",607.5781047261502,3,,
Car 355,,,,,2,switch,,"Charger 2 (fid=36) not available, trying Charger 6 (fid=77)",607.6908183821978,6,,
Car 362,,,,,5,switch,,"Charger 5 (fid=19) not available, trying Charger 2 (fid=36)",608.3384082283193,2,,
Car 353,,,,,3,switch,,"Charger 3 (fid=53) not available, trying Charger 7 (fid=52)",608.3594841437724,7,,
Car 339,,,,,3,switch,,"Charger 3 (fid=53) not available, trying Charger 1 (fid=82)",608.4947863039699,1,,
Car 363,,,,,5,switch,,"Charger 5 (fid=19) not available, trying Charger 0 (fid=22)",608.5068446284131,0,,
Car 336,,,,,3,switch,,"Charger 3 (fid=53) not available, trying Charger 1 (fid=82)",608.861718527461,1,,
Car 375,,,,50,,arrived,,arrived,608.9291694173346,,,
Car 372,,,,,6,switch,,"Charger 6 (fid=77) not available, trying Charger 2 (fid=36)",608.9372505963638,2,,
Car 373,,,,,0,switch,,"Charger 0 (fid=22) not available, trying Charger 5 (fid=19)",608.9815478622671,5,,
Car 364,,,,,2,switch,,"Charger 2 (fid=36) not available, trying Charger 0 (fid=22)",609.2264881219139,0,,
Car 322,,,,,,gave_up,0,"no alternate charger available, gave up",609.4777269166846,,,
Car 326,,,,,1,switch,,"Charger 1 (fid=82) not available, trying Charger 4 (fid=86)",609.5814646201967,4,,
Car 350,,,,,6,switch,,"Charger 6 (fid=77) not available, trying Charger 7 (fid=52)",609.6395879041429,7,,
Car 376,,,,116,,arrived,,arrived,609.6414036157632,,,
Car 344,,,,,7,switch,,"Charger 7 (fid=52) not available, trying Charger 3 (fid=53)",609.6673370128867,3,,
Car 332,,,,,5,switch,,"Charger 5 (fid=19) not available, trying Charger 0 (fid=22)",609.6867022669675,0,,
Car 343,,,,,6,switch,,"Charger 6 (fid=77) not available, trying Charger 2 (fid=36)",609.7036703668908,2,,
Car 327,,,,,1,switch,,"Charger 1 (fid=82) not available, trying Charger 4 (fid=86)",609.7708261891473,4,,
Car 330,,,,,1,switch,,"Charger 1 (fid=82) not available, trying Charger 4 (fid=86)",610.0531897793086,4,,
Car 366,,,,,2,switch,,"Charger 2 (fid=36) not available, trying Charger 0 (fid=22)",610.0604003190896,0,,
Car 374,,,,,4,switch,,"Charger 4 (fid=86) not available, trying Charger 1 (fid=82)",610.0785882099842,1,,
Car 368,,,,,1,switch,,"Charger 1 (fid=82) not available, trying Charger 7 (fid=52)",610.2968934998241,7,,
Car 340,,,,,2,switch,,"Charger 2 (fid=36) not available, trying Charger 5 (fid=19)",610.8440596948195,5,,
Car 216,90.0,82,1,,,done,,done charging,610.9025484845649,,,645.4770975115749
Car 348,,82,1,,,start_charge,,starting to charge at Charger 1 (fid=82),610.9025484845649,,23.057789733981963,
Car 377,,,,58,,arrived,,arrived,610.9181353311726,,,
Car 359,,,,,2,switch,,"Charger 2 (fid=36) not available, trying Charger 6 (fid=77)",611.1540662679328,6,,
Car 324,,,,,,gave_up,4,"no alternate charger available, gave up",611.3944474006076,,,
Car 352,,,,,6,switch,,"Charger 6 (fid=77) not available, trying Charger 7 (fid=52)",611.3948976171442,7,,
Car 365,,,,,2,switch,,"Charger 2 (fid=36) not available, trying Charger 5 (fid=19)",611.5346569932782,5,,
Car 351,,,,,6,switch,,"Charger 6 (fid=77) not available, trying Charger 7 (fid=52)",611.5438631045183,7,,
Car 347,,,,,5,switch,,"Charger 5 (fid=19) not available, trying Charger 7 (fid=52)",611.5711586126979,7,,
Car 369,,,,,2,switch,,"Charger 2 (fid=36) not available, trying Charger 0 (fid=22)",611.6699652313158,0,,
Car 360,,,,,0,switch,,"Charger 0 (fid=22) not available, trying Charger 6 (fid=77)",612.076487659778,6,,
Car 358,,,,,7,switch,,"Charger 7 (fid=52) not available, trying Charger 6 (fid=77)",612.1900087221829,6,,
Car 341,,,,,3,switch,,"Charger 3 (fid=53) not available, trying Charger 1 (fid=82)",612.3314533966634,1,,
Car 378,,,,8,,arrived,,arrived,612.366289923935,,,
Car 342,,,,,3,switch,,"Charger 3 (fid=53) not available, trying Charger 1 (fid=82)",612.4478847014866,1,,
Car 331,,,,,1,switch,,"Charger 1 (fid=82) not available, trying Charger 4 (fid=86)",612.8638616505765,4,,
Car 329,,,,,1,switch,,"Charger 1 (fid=82) not available, trying Charger 4 (fid=86)",613.1429660792915,4,,
Car 354,,,,,0,switch,,"Charger 0 (fid=22) not available, trying Charger 7 (fid=52)",613.1922111451381,7,,
Car 328,,,,,4,switch,,"Charger 4 (fid=86) not available, trying Charger 1 (fid=82)",613.2542376763142,1,,
Car 379,,,,35,,arrived,,arrived,613.5054392205898,,,
Car 371,,,,,5,switch,,"Charger 5 (fid=19) not available, trying Charger 2 (fid=36)",613.8986487516942,2,,
Car 375,,,,,6,switch,,"Charger 6 (fid=77) not available, trying Charger 3 (fid=53)",613.9291694173346,3,,
Car 370,,,,,3,switch,,"Charger 3 (fid=53) not available, trying Charger 7 (fid=52)",613.9379736331467,7,,
Car 362,,,,,2,switch,,"Charger 2 (fid=36) not available, trying Charger 6 (fid=77)",614.0912650614515,6,,
Car 353,,,,,7,switch,,"Charger 7 (fid=52) not available, trying Charger 5 (fid=19)",614.3794207628042,5,,
Car 376,,,,,2,switch,,"Charger 2 (fid=36) not available, trying Charger 5 (fid=19)",614.6414036157632,5,,
Car 245,98.0,86,4,,,done,,done charging,614.8570229175918,,,167.636868552237
Car 326,,86,4,,,start_charge,,starting to charge at Charger 4 (fid=86),614.8570229175918,,39.99310658908098,
Car 363,,,,,0,switch,,"Charger 0 (fid=22) not available, trying Charger 6 (fid=77)",614.9675717813532,6,,
Car 335,,,,,1,switch,,"Charger 1 (fid=82) not available, trying Charger 4 (fid=86)",615.0159050548608,4,,
Car 327,,,,,,gave_up,4,"no alternate charger available, gave up",615.0532778974615,,,
Car 355,,,,,6,switch,,"Charger 6 (fid=77) not available, trying Charger 7 (fid=52)",615.2461227427591,7,,
Car 380,,,,4,,arrived,,arrived,615.2675639090028,,,
Car 330,,,,,,gave_up,4,"no alternate charger available, gave up",615.3356414876228,,,
Car 374,,,,,1,switch,,"Charger 1 (fid=82) not available, trying Charger 7 (fid=52)",615.3610399182984,7,,
Car 373,,,,,5,switch,,"Charger 5 (fid=19) not available, trying Charger 2 (fid=36)",615.4422750152072,2,,
Car 337,,,,,1,switch,,"Charger 1 (fid=82) not available, trying Charger 4 (fid=86)",615.6052302786766,4,,
Car 338,,,,,1,switch,,"Charger 1 (fid=82) not available, trying Charger 4 (fid=86)",615.6175723011321,4,,
Car 344,,,,,3,switch,,"Charger 3 (fid=53) not available, trying Charger 1 (fid=82)",615.6872736319185,1,,
Car 377,,,,,3,switch,,"Charger 3 (fid=53) not available, trying Charger 7 (fid=52)",615.9181353311726,7,,
Car 332,,,,,,gave_up,0,"no alternate charger available, gave up",616.1474294199076,,,
Car 350,,,,,7,switch,,"Charger 7 (fid=52) not available, trying Charger 3 (fid=53)",616.2053255203676,3,,
Car 361,,,,,3,switch,,"Charger 3 (fid=53) not available, trying Charger 7 (fid=52)",616.332290418012,7,,
Car 364,,,,,0,switch,,"Charger 0 (fid=22) not available, trying Charger 6 (fid=77)",616.369476496104,6,,
Car 372,,,,,2,switch,,"Charger 2 (fid=36) not available, trying Charger 5 (fid=19)",616.4925549569251,5,,
Car 346,,,,,4,switch,,"Charger 4 (fid=86) not available, trying Charger 5 (fid=19)",616.4934872672927,5,,
Car 334,,,,,1,switch,,"Charger 1 (fid=82) not available, trying Charger 4 (fid=86)",616.5483188183647,4,,
Car 340,,,,,5,switch,,"Charger 5 (fid=19) not available, trying Charger 0 (fid=22)",616.5969165279517,0,,
Car 339,,,,,1,switch,,"Charger 1 (fid=82) not available, trying Charger 4 (fid=86)",616.8390005113114,4,,
Car 366,,,,,0,switch,,"Charger 0 (fid=22) not available, trying Charger 6 (fid=77)",617.2033886932796,6,,
Car 336,,,,,1,switch,,"Charger 1 (fid=82) not available, trying Charger 4 (fid=86)",617.2059327348024,4,,
Car 343,,,,,2,switch,,"Charger 2 (fid=36) not available, trying Charger 5 (fid=19)",617.2589747274521,5,,
Car 365,,,,,5,switch,,"Charger 5 (fid=19) not available, trying Charger 0 (fid=22)",617.2875138264104,0,,
Car 378,,,,,6,switch,,"Charger 6 (fid=77) not available, trying Charger 2 (fid=36)",617.366289923935,2,,
Car 349,,,,,3,switch,,"Charger 3 (fid=53) not available, trying Charger 7 (fid=52)",617.6420350754323,7,,
Car 368,,,,,7,switch,,"Charger 7 (fid=52) not available, trying Charger 3 (fid=53)",617.9548111882913,3,,
Car 352,,,,,7,switch,,"Charger 7 (fid=52) not available, trying Charger 3 (fid=53)",617.960635233369,3,,
Car 351,,,,,7,switch,,"Charger 7 (fid=52) not available, trying Charger 3 (fid=53)",618.1096007207431,3,,
Car 331,,,,,,gave_up,4,"no alternate charger available, gave up",618.1463133588907,,,
Car 381,,,,32,,arrived,,arrived,618.1682926889421,,,
Car 329,,,,,,gave_up,4,"no alternate charger available, gave up",618.4254177876056,,,
Car 379,,,,,2,switch,,"Charger 2 (fid=36) not available, trying Charger 5 (fid=19)",618.5054392205898,5,,
Car 328,,,,,,gave_up,1,"no alternate charger available, gave up",618.5366893846284,,,
Car 359,,,,,6,switch,,"Charger 6 (fid=77) not available, trying Charger 7 (fid=52)",618.7093706284941,7,,
Car 358,,,,,6,switch,,"Charger 6 (fid=77) not available, trying Charger 3 (fid=53)",618.7557463384077,3,,
Car 369,,,,,0,switch,,"Charger 0 (fid=22) not available, trying Charger 6 (fid=77)",618.8129536055059,6,,
Car 371,,,,,2,switch,,"Charger 2 (fid=36) not available, trying Charger 6 (fid=77)",619.6515055848264,6,,
Car 382,,,,14,,arrived,,arrived,619.8356620350048,,,
Car 370,,,,,7,switch,,"Charger 7 (fid=52) not available, trying Charger 2 (fid=36)",619.9579102521785,2,,
Car 380,,,,,6,switch,,"Charger 6 (fid=77) not available, trying Charger 7 (fid=52)",620.2675639090028,7,,
Car 335,,,,,,gave_up,4,"no alternate charger available, gave up",620.298356763175,,,
Car 347,,,,,7,switch,,"Charger 7 (fid=52) not available, trying Charger 0 (fid=22)",620.348915527683,0,,
Car 376,,,,,5,switch,,"Charger 5 (fid=19) not available, trying Charger 7 (fid=52)",620.3942604488955,7,,
Car 375,,,,,3,switch,,"Charger 3 (fid=53) not available, trying Charger 7 (fid=52)",620.5021932877996,7,,
Car 341,,,,,1,switch,,"Charger 1 (fid=82) not available, trying Charger 4 (fid=86)",620.6756676040048,4,,
Car 342,,,,,1,switch,,"Charger 1 (fid=82) not available, trying Charger 4 (fid=86)",620.792098908828,4,,
Car 337,,,,,,gave_up,4,"no alternate charger available, gave up",620.8876819869907,,,
Car 338,,,,,,gave_up,4,"no alternate charger available, gave up",620.9000240094463,,,
Car 373,,,,,2,switch,,"Charger 2 (fid=36) not available, trying Charger 6 (fid=77)",621.1951318483394,6,,
Car 360,,,,,6,switch,,"Charger 6 (fid=77) not available, trying Charger 7 (fid=52)",621.4145924712388,7,,
Car 362,,,,,6,switch,,"Charger 6 (fid=77) not available, trying Charger 7 (fid=52)",621.6465694220128,7,,
Car 355,,,,,7,switch,,"Charger 7 (fid=52) not available, trying Charger 3 (fid=53)",621.8118603589838,3,,
Car 334,,,,,,gave_up,4,"no alternate charger available, gave up",621.8307705266789,,,
Car 377,,,,,7,switch,,"Charger 7 (fid=52) not available, trying Charger 4 (fid=86)",621.9380719502044,4,,
Car 339,,,,,,gave_up,4,"no alternate charger available, gave up",622.1214522196256,,,
Car 350,,,,,3,switch,,"Charger 3 (fid=53) not available, trying Charger 1 (fid=82)",622.2252621393994,1,,
Car 372,,,,,5,switch,,"Charger 5 (fid=19) not available, trying Charger 0 (fid=22)",622.2454117900573,0,,
Car 361,,,,,7,switch,,"Charger 7 (fid=52) not available, trying Charger 5 (fid=19)",622.3522270370438,5,,
Car 336,,,,,,gave_up,4,"no alternate charger available, gave up",622.4883844431166,,,
Car 343,,,,,5,switch,,"Charger 5 (fid=19) not available, trying Charger 0 (fid=22)",623.0118315605844,0,,
Car 374,,,,,7,switch,,"Charger 7 (fid=52) not available, trying Charger 3 (fid=53)",623.0189576067655,3,,
Car 340,,,,,,gave_up,0,"no alternate charger available, gave up",623.0576436808918,,,
Car 353,,,,,5,switch,,"Charger 5 (fid=19) not available, trying Charger 0 (fid=22)",623.1571776777893,0,,
Car 381,,,,,2,switch,,"Charger 2 (fid=36) not available, trying Charger 5 (fid=19)",623.1682926889421,5,,
Car 383,,,,115,,arrived,,arrived,623.3141334090069,,,
Car 354,,,,,7,switch,,"Charger 7 (fid=52) not available, trying Charger 3 (fid=53)",623.3249219552839,3,,
Car 349,,,,,7,switch,,"Charger 7 (fid=52) not available, trying Charger 1 (fid=82)",623.6619716944641,1,,
Car 365,,,,,0,switch,,"Charger 0 (fid=22) not available, trying Charger 3 (fid=53)",623.7482409793505,3,,
Car 368,,,,,3,switch,,"Charger 3 (fid=53) not available, trying Charger 6 (fid=77)",623.9747478073231,6,,
Car 352,,,,,3,switch,,"Charger 3 (fid=53) not available, trying Charger 1 (fid=82)",623.9805718524008,1,,
Car 344,,,,,1,switch,,"Charger 1 (fid=82) not available, trying Charger 4 (fid=86)",624.03148783926,4,,
Car 351,,,,,3,switch,,"Charger 3 (fid=53) not available, trying Charger 1 (fid=82)",624.1295373397749,1,,
Car 379,,,,,5,switch,,"Charger 5 (fid=19) not available, trying Charger 0 (fid=22)",624.258296053722,0,,
Car 363,,,,,6,switch,,"Charger 6 (fid=77) not available, trying Charger 7 (fid=52)",624.305676592814,7,,
Car 384,,,,57,,arrived,,arrived,624.4843900430916,,,
Car 382,,,,,2,switch,,"Charger 2 (fid=36) not available, trying Charger 5 (fid=19)",624.8356620350048,5,,
Car 378,,,,,2,switch,,"Charger 2 (fid=36) not available, trying Charger 0 (fid=22)",624.9215942844963,0,,
Car 359,,,,,7,switch,,"Charger 7 (fid=52) not available, trying Charger 3 (fid=53)",625.2751082447188,3,,
Car 358,,,,,3,switch,,"Charger 3 (fid=53) not available, trying Charger 0 (fid=22)",625.3287702088727,0,,
Car 364,,,,,6,switch,,"Charger 6 (fid=77) not available, trying Charger 7 (fid=52)",625.7075813075649,7,,
Car 234,118.0,53,3,,,done,,done charging,625.7715790001096,,,131.03288840974025
Car 355,,53,3,,,start_charge,,starting to charge at Charger 3 (fid=53),625.7715790001096,,27.939782022093937,
Car 341,,,,,,gave_up,4,"no alternate charger available, gave up",625.958119312319,,,
Car 342,,,,,,gave_up,4,"no alternate charger available, gave up",626.0745506171422,,,
Car 375,,,,,7,switch,,"Charger 7 (fid=52) not available, trying Charger 2 (fid=36)",626.5221299068314,2,,
Car 366,,,,,6,switch,,"Charger 6 (fid=77) not available, trying Charger 7 (fid=52)",626.5414935047405,7,,
Car 346,,,,,5,switch,,"Charger 5 (fid=19) not available, trying Charger 1 (fid=82)",626.824083559168,1,,
Car 380,,,,,7,switch,,"Charger 7 (fid=52) not available, trying Charger 3 (fid=53)",626.8333015252275,3,,
Car 371,,,,,6,switch,,"Charger 6 (fid=77) not available, trying Charger 7 (fid=52)",627.2068099453877,7,,
Car 360,,,,,7,switch,,"Charger 7 (fid=52) not available, trying Charger 3 (fid=53)",627.9803300874636,3,,
Car 370,,,,,2,switch,,"Charger 2 (fid=36) not available, trying Charger 5 (fid=19)",627.9862477492179,5,,
Car 369,,,,,6,switch,,"Charger 6 (fid=77) not available, trying Charger 7 (fid=52)",628.1510584169667,7,,
Car 362,,,,,7,switch,,"Charger 7 (fid=52) not available, trying Charger 3 (fid=53)",628.2123070382376,3,,
Car 383,,,,,5,switch,,"Charger 5 (fid=19) not available, trying Charger 2 (fid=36)",628.3141334090069,2,,
Car 372,,,,,0,switch,,"Charger 0 (fid=22) not available, trying Charger 7 (fid=52)",628.7061389429974,7,,
Car 373,,,,,6,switch,,"Charger 6 (fid=77) not available, trying Charger 7 (fid=52)",628.7504362089007,7,,
Car 381,,,,,5,switch,,"Charger 5 (fid=19) not available, trying Charger 0 (fid=22)",628.9211495220743,0,,
Car 385,,,,8,,arrived,,arrived,628.932813783955,,,
Car 374,,,,,3,switch,,"Charger 3 (fid=53) not available, trying Charger 6 (fid=77)",629.0388942257973,6,,
Car 376,,,,,7,switch,,"Charger 7 (fid=52) not available, trying Charger 0 (fid=22)",629.1720173638805,0,,
Car 344,,,,,,gave_up,4,"no alternate charger available, gave up",629.3139395475741,,,
Car 354,,,,,3,switch,,"Charger 3 (fid=53) not available, trying Charger 1 (fid=82)",629.3448585743157,1,,
Car 343,,,,,,gave_up,0,"no alternate charger available, gave up",629.4725587135244,,,
Car 384,,,,,5,switch,,"Charger 5 (fid=19) not available, trying Charger 2 (fid=36)",629.4843900430916,2,,
Car 377,,,,,4,switch,,"Charger 4 (fid=86) not available, trying Charger 1 (fid=82)",629.5679393477448,1,,
Car 353,,,,,0,switch,,"Charger 0 (fid=22) not available, trying Charger 1 (fid=82)",629.6179048307293,1,,
Car 386,,,,55,,arrived,,arrived,630.1457159371456,,,
Car 387,,,,10,,arrived,,arrived,630.2999815563408,,,
Car 388,,,,115,,arrived,,arrived,630.4114672110677,,,
Car 347,,,,,0,switch,,"Charger 0 (fid=22) not available, trying Charger 1 (fid=82)",630.4816263378287,1,,
Car 368,,,,,6,switch,,"Charger 6 (fid=77) not available, trying Charger 2 (fid=36)",630.5477716777881,2,,
Car 350,,,,,1,switch,,"Charger 1 (fid=82) not available, trying Charger 4 (fid=86)",630.5694763467409,4,,
Car 382,,,,,5,switch,,"Charger 5 (fid=19) not available, trying Charger 0 (fid=22)",630.588518868137,0,,
Car 379,,,,,0,switch,,"Charger 0 (fid=22) not available, trying Charger 6 (fid=77)",630.7190232066621,6,,
Car 363,,,,,7,switch,,"Charger 7 (fid=52) not available, trying Charger 3 (fid=53)",630.8714142090388,3,,
Car 361,,,,,5,switch,,"Charger 5 (fid=19) not available, trying Charger 0 (fid=22)",631.1299839520289,0,,
Car 359,,,,,3,switch,,"Charger 3 (fid=53) not available, trying Charger 1 (fid=82)",631.2950448637506,1,,
Car 349,,,,,1,switch,,"Charger 1 (fid=82) not available, trying Charger 4 (fid=86)",631.3198893829313,4,,
Car 378,,,,,0,switch,,"Charger 0 (fid=22) not available, trying Charger 5 (fid=19)",632.0645826586864,5,,
Car 389,,,,15,,arrived,,arrived,632.1249782597149,,,
Car 364,,,,,7,switch,,"Charger 7 (fid=52) not available, trying Charger 3 (fid=53)",632.2733189237896,3,,
Car 352,,,,,1,switch,,"Charger 1 (fid=82) not available, trying Charger 4 (fid=86)",632.3247860597422,4,,
Car 351,,,,,1,switch,,"Charger 1 (fid=82) not available, trying Charger 4 (fid=86)",632.4737515471163,4,,
Car 380,,,,,3,switch,,"Charger 3 (fid=53) not available, trying Charger 2 (fid=36)",632.8532381442593,2,,
Car 325,62.0,36,2,,,done,,done charging,633.0325685369794,,,93.913541781802
Car 383,,36,2,,,start_charge,,starting to charge at Charger 2 (fid=36),633.0325685369794,,8.96557829484027,
Car 366,,,,,7,switch,,"Charger 7 (fid=52) not available, trying Charger 3 (fid=53)",633.1072311209653,3,,
Car 370,,,,,5,switch,,"Charger 5 (fid=19) not available, trying Charger 0 (fid=22)",633.7391045823501,0,,
Car 371,,,,,7,switch,,"Charger 7 (fid=52) not available, trying Charger 3 (fid=53)",633.7725475616124,3,,
Car 385,,,,,6,switch,,"Charger 6 (fid=77) not available, trying Charger 2 (fid=36)",633.932813783955,2,,
Car 360,,,,,3,switch,,"Charger 3 (fid=53) not available, trying Charger 1 (fid=82)",634.0002667064954,1,,
Car 362,,,,,3,switch,,"Charger 3 (fid=53) not available, trying Charger 1 (fid=82)",634.2322436572694,1,,
Car 390,,,,63,,arrived,,arrived,634.432348649493,,,
Car 365,,,,,3,switch,,"Charger 3 (fid=53) not available, trying Charger 7 (fid=52)",634.501138722433,7,,
Car 375,,,,,2,switch,,"Charger 2 (fid=36) not available, trying Charger 5 (fid=19)",634.5504674038708,5,,
Car 369,,,,,7,switch,,"Charger 7 (fid=52) not available, trying Charger 3 (fid=53)",634.7167960331915,3,,
Car 377,,,,,1,switch,,"Charger 1 (fid=82) not available, trying Charger 6 (fid=77)",634.8503910560589,6,,
Car 386,,,,,5,switch,,"Charger 5 (fid=19) not available, trying Charger 2 (fid=36)",635.1457159371456,2,,
Car 391,,,,4,,arrived,,arrived,635.183307334887,,,
Car 384,,,,,2,switch,,"Charger 2 (fid=36) not available, trying Charger 0 (fid=22)",635.2372468762238,0,,
Car 387,,,,,6,switch,,"Charger 6 (fid=77) not available, trying Charger 2 (fid=36)",635.2999815563408,2,,
Car 373,,,,,7,switch,,"Charger 7 (fid=52) not available, trying Charger 3 (fid=53)",635.3161738251255,3,,
Car 381,,,,,0,switch,,"Charger 0 (fid=22) not available, trying Charger 6 (fid=77)",635.3818766750144,6,,
Car 388,,,,,5,switch,,"Charger 5 (fid=19) not available, trying Charger 2 (fid=36)",635.4114672110677,2,,
Car 374,,,,,6,switch,,"Charger 6 (fid=77) not available, trying Charger 2 (fid=36)",635.6119180962623,2,,
Car 350,,,,,,gave_up,4,"no alternate charger available, gave up",635.851928055055,,,
Car 392,,,,63,,arrived,,arrived,635.9168558200481,,,
Car 358,,,,,0,switch,,"Charger 0 (fid=22) not available, trying Charger 1 (fid=82)",636.0816679519552,1,,
Car 349,,,,,,gave_up,4,"no alternate charger available, gave up",636.6023410912454,,,
Car 363,,,,,3,switch,,"Charger 3 (fid=53) not available, trying Charger 1 (fid=82)",636.8913508280706,1,,
Car 346,,,,,1,switch,,"Charger 1 (fid=82) not available, trying Charger 0 (fid=22)",636.9829237422437,0,,
Car 382,,,,,0,switch,,"Charger 0 (fid=22) not available, trying Charger 6 (fid=77)",637.0492460210771,6,,
Car 389,,,,,2,switch,,"Charger 2 (fid=36) not available, trying Charger 5 (fid=19)",637.1249782597149,5,,
Car 361,,,,,0,switch,,"Charger 0 (fid=22) not available, trying Charger 1 (fid=82)",637.5907111049689,1,,
Car 352,,,,,,gave_up,4,"no alternate charger available, gave up",637.6072377680564,,,
Car 354,,,,,1,switch,,"Charger 1 (fid=82) not available, trying Charger 4 (fid=86)",637.6890727816572,4,,
Car 351,,,,,,gave_up,4,"no alternate charger available, gave up",637.7562032554305,,,
Car 368,,,,,2,switch,,"Charger 2 (fid=36) not available, trying Charger 5 (fid=19)",638.1030760383494,5,,
Car 364,,,,,3,switch,,"Charger 3 (fid=53) not available, trying Charger 1 (fid=82)",638.2932555428214,1,,
Car 378,,,,,5,switch,,"Charger 5 (fid=19) not available, trying Charger 3 (fid=53)",638.5253098116265,3,,
Car 372,,,,,7,switch,,"Charger 7 (fid=52) not available, trying Charger 3 (fid=53)",638.8388497531432,3,,
Car 366,,,,,3,switch,,"Charger 3 (fid=53) not available, trying Charger 1 (fid=82)",639.127167739997,1,,
Car 376,,,,,0,switch,,"Charger 0 (fid=22) not available, trying Charger 6 (fid=77)",639.3047281740263,6,,
Car 393,,,,8,,arrived,,arrived,639.3650197062202,,,
Car 394,,,,36,,arrived,,arrived,639.419073113168,,,
Car 390,,,,,0,switch,,"Charger 0 (fid=22) not available, trying Charger 6 (fid=77)",639.432348649493,6,,
Car 359,,,,,1,switch,,"Charger 1 (fid=82) not available, trying Charger 4 (fid=86)",639.639259071092,4,,
Car 371,,,,,3,switch,,"Charger 3 (fid=53) not available, trying Charger 1 (fid=82)",639.7924841806442,1,,
Car 379,,,,,6,switch,,"Charger 6 (fid=77) not available, trying Charger 7 (fid=52)",640.057128018123,7,,
Car 391,,,,,6,switch,,"Charger 6 (fid=77) not available, trying Charger 7 (fid=52)",640.183307334887,7,,
Car 370,,,,,0,switch,,"Charger 0 (fid=22) not available, trying Charger 4 (fid=86)",640.1998317352902,4,,
Car 375,,,,,5,switch,,"Charger 5 (fid=19) not available, trying Charger 4 (fid=86)",640.303324237003,4,,
Car 365,,,,,7,switch,,"Charger 7 (fid=52) not available, trying Charger 1 (fid=82)",640.5210753414648,1,,
Car 395,,,,65,,arrived,,arrived,640.7142814073616,,,
Car 369,,,,,3,switch,,"Charger 3 (fid=53) not available, trying Charger 1 (fid=82)",640.7367326522233,1,,
Car 386,,,,,2,switch,,"Charger 2 (fid=36) not available, trying Charger 0 (fid=22)",640.8985727702778,0,,
Car 392,,,,,0,switch,,"Charger 0 (fid=22) not available, trying Charger 6 (fid=77)",640.9168558200481,6,,
Car 388,,,,,2,switch,,"Charger 2 (fid=36) not available, trying Charger 0 (fid=22)",641.1643240441999,0,,
Car 353,,,,,1,switch,,"Charger 1 (fid=82) not available, trying Charger 4 (fid=86)",641.2346341152735,4,,
Car 373,,,,,3,switch,,"Charger 3 (fid=53) not available, trying Charger 1 (fid=82)",641.3361104441573,1,,
Car 385,,,,,2,switch,,"Charger 2 (fid=36) not available, trying Charger 0 (fid=22)",641.4881181445163,0,,
Car 380,,,,,2,switch,,"Charger 2 (fid=36) not available, trying Charger 5 (fid=19)",641.6074238361211,5,,
Car 347,,,,,1,switch,,"Charger 1 (fid=82) not available, trying Charger 4 (fid=86)",642.0983556223729,4,,
Car 360,,,,,1,switch,,"Charger 1 (fid=82) not available, trying Charger 4 (fid=86)",642.3444809138368,4,,
Car 384,,,,,0,switch,,"Charger 0 (fid=22) not available, trying Charger 6 (fid=77)",642.3802352504139,6,,
Car 362,,,,,1,switch,,"Charger 1 (fid=82) not available, trying Charger 4 (fid=86)",642.5764578646108,4,,
Car 387,,,,,2,switch,,"Charger 2 (fid=36) not available, trying Charger 5 (fid=19)",642.8552859169021,5,,
Car 389,,,,,5,switch,,"Charger 5 (fid=19) not available, trying Charger 0 (fid=22)",642.8778350928471,0,,
Car 354,,,,,,gave_up,4,"no alternate charger available, gave up",642.9715244899713,,,
Car 374,,,,,2,switch,,"Charger 2 (fid=36) not available, trying Charger 5 (fid=19)",643.1672224568237,5,,
Car 368,,,,,5,switch,,"Charger 5 (fid=19) not available, trying Charger 0 (fid=22)",643.8559328714816,0,,
Car 377,,,,,6,switch,,"Charger 6 (fid=77) not available, trying Charger 2 (fid=36)",644.0355690730566,2,,
Car 393,,,,,6,switch,,"Charger 6 (fid=77) not available, trying Charger 2 (fid=36)",644.3650197062202,2,,
Car 394,,,,,2,switch,,"Charger 2 (fid=36) not available, trying Charger 5 (fid=19)",644.419073113168,5,,
Car 381,,,,,6,switch,,"Charger 6 (fid=77) not available, trying Charger 7 (fid=52)",644.7199814864753,7,,
Car 396,,,,4,,arrived,,arrived,644.817923349008,,,
Car 372,,,,,3,switch,,"Charger 3 (fid=53) not available, trying Charger 1 (fid=82)",644.858786372175,1,,
Car 359,,,,,,gave_up,4,"no alternate charger available, gave up",644.9217107794062,,,
Car 363,,,,,1,switch,,"Charger 1 (fid=82) not available, trying Charger 4 (fid=86)",645.235565035412,4,,
Car 397,,,,88,,arrived,,arrived,645.4707829356829,,,
Car 395,,,,,0,switch,,"Charger 0 (fid=22) not available, trying Charger 6 (fid=77)",645.7142814073616,6,,
Car 310,69.0,52,7,,,done,,done charging,646.161554865366,,,279.8027981453943
Car 379,,52,7,,,start_charge,,starting to charge at Charger 7 (fid=52),646.161554865366,,24.53868923101834,
Car 382,,,,,6,switch,,"Charger 6 (fid=77) not available, trying Charger 7 (fid=52)",646.387350832538,7,,
Car 353,,,,,,gave_up,4,"no alternate charger available, gave up",646.5170858235876,,,
Car 364,,,,,1,switch,,"Charger 1 (fid=82) not available, trying Charger 4 (fid=86)",646.6374697501628,4,,
Car 333,75.0,77,6,,,done,,done charging,646.690846576769,,,89.40588072381003
Car 376,,77,6,,,start_charge,,starting to charge at Charger 6 (fid=77),646.690846576769,,23.0480135912818,
Car 391,,,,,7,switch,,"Charger 7 (fid=52) not available, trying Charger 3 (fid=53)",646.7490449511117,3,,
Car 380,,,,,5,switch,,"Charger 5 (fid=19) not available, trying Charger 0 (fid=22)",647.3602806692534,0,,
Car 347,,,,,,gave_up,4,"no alternate charger available, gave up",647.380807330687,,,
Car 398,,,,11,,arrived,,arrived,647.4624127025457,,,
Car 366,,,,,1,switch,,"Charger 1 (fid=82) not available, trying Charger 4 (fid=86)",647.4713819473385,4,,
Car 360,,,,,,gave_up,4,"no alternate charger available, gave up",647.626932622151,,,
Car 358,,,,,1,switch,,"Charger 1 (fid=82) not available, trying Charger 4 (fid=86)",647.6983972364993,4,,
Car 362,,,,,,gave_up,4,"no alternate charger available, gave up",647.858909572925,,,
Car 399,,,,77,,arrived,,arrived,647.8835682662495,,,
Car 378,,,,,3,switch,,"Charger 3 (fid=53) not available, trying Charger 7 (fid=52)",648.0288243295737,7,,
Car 386,,,,,0,switch,,"Charger 0 (fid=22) not available, trying Charger 6 (fid=77)",648.0415611444679,6,,
Car 371,,,,,1,switch,,"Charger 1 (fid=82) not available, trying Charger 4 (fid=86)",648.1366983879857,4,,
Car 365,,,,,1,switch,,"Charger 1 (fid=82) not available, trying Charger 4 (fid=86)",648.1789930299319,4,,
Car 357,46.0,19,5,,,done,,done charging,648.2168823232757,,,76.72486091220223
Car 387,,19,5,,,start_charge,,starting to charge at Charger 5 (fid=19),648.2168823232757,,14.60873957324145,
Car 400,,,,31,,arrived,,arrived,648.3065993419282,,,
Car 388,,,,,0,switch,,"Charger 0 (fid=22) not available, trying Charger 6 (fid=77)",648.30731241839,6,,
Car 346,,,,,,gave_up,0,"no alternate charger available, gave up",648.5996530267878,,,
Car 401,,,,27,,arrived,,arrived,648.6022520290372,,,
Car 385,,,,,0,switch,,"Charger 0 (fid=22) not available, trying Charger 5 (fid=19)",648.6311065187064,5,,
Car 390,,,,,6,switch,,"Charger 6 (fid=77) not available, trying Charger 2 (fid=36)",648.7704534609538,2,,
Car 374,,,,,5,switch,,"Charger 5 (fid=19) not available, trying Charger 0 (fid=22)",648.9200792899559,0,,
Car 369,,,,,1,switch,,"Charger 1 (fid=82) not available, trying Charger 4 (fid=86)",649.0809468595647,4,,
Car 361,,,,,1,switch,,"Charger 1 (fid=82) not available, trying Charger 4 (fid=86)",649.2074403895131,4,,
Car 389,,,,,0,switch,,"Charger 0 (fid=22) not available, trying Charger 6 (fid=77)",649.3385622457872,6,,
Car 402,,,,21,,arrived,,arrived,649.5417970296212,,,
Car 373,,,,,1,switch,,"Charger 1 (fid=82) not available, trying Charger 4 (fid=86)",649.6803246514987,4,,
Car 396,,,,,6,switch,,"Charger 6 (fid=77) not available, trying Charger 7 (fid=52)",649.817923349008,7,,
Car 394,,,,,5,switch,,"Charger 5 (fid=19) not available, trying Charger 0 (fid=22)",650.1719299463002,0,,
Car 392,,,,,6,switch,,"Charger 6 (fid=77) not available, trying Charger 2 (fid=36)",650.254960631509,2,,
Car 368,,,,,,gave_up,0,"no alternate charger available, gave up",650.3166600244217,,,
Car 397,,,,,4,switch,,"Charger 4 (fid=86) not available, trying Charger 1 (fid=82)",650.4707829356829,1,,
Car 363,,,,,,gave_up,4,"no alternate charger available, gave up",650.5180167437262,,,
Car 375,,,,,4,switch,,"Charger 4 (fid=86) not available, trying Charger 1 (fid=82)",650.6339205288783,1,,
Car 403,,,,52,,arrived,,arrived,650.6372811415445,,,
Car 404,,,,71,,arrived,,arrived,651.078996448864,,,
Car 381,,,,,7,switch,,"Charger 7 (fid=52) not available, trying Charger 3 (fid=53)",651.2857191027,3,,
Car 292,88.0,52,7,,,done,,done charging,651.4238180367694,,,484.8456999138934
Car 382,,52,7,,,start_charge,,starting to charge at Charger 7 (fid=52),651.4238180367694,,23.470729588006634,
Car 377,,,,,2,switch,,"Charger 2 (fid=36) not available, trying Charger 5 (fid=19)",651.590873433618,5,,
Car 405,,,,38,,arrived,,arrived,651.5930053272878,,,
Car 384,,,,,6,switch,,"Charger 6 (fid=77) not available, trying Charger 7 (fid=52)",651.7183400618748,7,,
Car 364,,,,,,gave_up,4,"no alternate charger available, gave up",651.919921458477,,,
Car 393,,,,,2,switch,,"Charger 2 (fid=36) not available, trying Charger 0 (fid=22)",651.9203240667815,0,,
Car 370,,,,,4,switch,,"Charger 4 (fid=86) not available, trying Charger 1 (fid=82)",651.9907103320934,1,,
Car 406,,,,5,,arrived,,arrived,652.1337188402628,,,
Car 398,,,,,6,switch,,"Charger 6 (fid=77) not available, trying Charger 2 (fid=36)",652.4624127025457,2,,
Car 366,,,,,,gave_up,4,"no alternate charger available, gave up",652.7538336556527,,,
Car 391,,,,,3,switch,,"Charger 3 (fid=53) not available, trying Charger 2 (fid=36)",652.7689815701435,2,,
Car 399,,,,,6,switch,,"Charger 6 (fid=77) not available, trying Charger 7 (fid=52)",652.8835682662495,7,,
Car 358,,,,,,gave_up,4,"no alternate charger available, gave up",652.9808489448135,,,
Car 372,,,,,1,switch,,"Charger 1 (fid=82) not available, trying Charger 4 (fid=86)",653.2030005795165,4,,
Car 400,,,,,2,switch,,"Charger 2 (fid=36) not available, trying Charger 5 (fid=19)",653.3065993419282,5,,
Car 371,,,,,,gave_up,4,"no alternate charger available, gave up",653.4191500962999,,,
Car 365,,,,,,gave_up,4,"no alternate charger available, gave up",653.4614447382461,,,
Car 401,,,,,2,switch,,"Charger 2 (fid=36) not available, trying Charger 5 (fid=19)",653.6022520290372,5,,
Car 380,,,,,0,switch,,"Charger 0 (fid=22) not available, trying Charger 1 (fid=82)",653.8210078221935,1,,
Car 378,,,,,7,switch,,"Charger 7 (fid=52) not available, trying Charger 1 (fid=82)",654.0487609486055,1,,
Car 407,,,,39,,arrived,,arrived,654.0654286130402,,,
Car 408,,,,8,,arrived,,arrived,654.346843401172,,,
Car 369,,,,,,gave_up,4,"no alternate charger available, gave up",654.3633985678789,,,
Car 361,,,,,,gave_up,4,"no alternate charger available, gave up",654.4898920978272,,,
Car 402,,,,,7,switch,,"Charger 7 (fid=52) not available, trying Charger 1 (fid=82)",654.5417970296212,1,,
Car 373,,,,,,gave_up,4,"no alternate charger available, gave up",654.9627763598129,,,
Car 395,,,,,6,switch,,"Charger 6 (fid=77) not available, trying Charger 5 (fid=19)",655.0523862188224,5,,
Car 385,,,,,5,switch,,"Charger 5 (fid=19) not available, trying Charger 3 (fid=53)",655.0918336716464,3,,
Car 374,,,,,,gave_up,0,"no alternate charger available, gave up",655.380806442896,,,
Car 403,,,,,7,switch,,"Charger 7 (fid=52) not available, trying Charger 3 (fid=53)",655.6372811415445,3,,
Car 397,,,,,1,switch,,"Charger 1 (fid=82) not available, trying Charger 7 (fid=52)",655.7532346439971,7,,
Car 375,,,,,1,switch,,"Charger 1 (fid=82) not available, trying Charger 0 (fid=22)",655.9163722371925,0,,
Car 404,,,,,5,switch,,"Charger 5 (fid=19) not available, trying Charger 2 (fid=36)",656.078996448864,2,,
Car 390,,,,,2,switch,,"Charger 2 (fid=36) not available, trying Charger 5 (fid=19)",656.3257578215151,5,,
Car 396,,,,,7,switch,,"Charger 7 (fid=52) not available, trying Charger 3 (fid=53)",656.3836609652327,3,,
Car 409,,,,82,,arrived,,arrived,656.5768212787898,,,
Car 405,,,,,0,switch,,"Charger 0 (fid=22) not available, trying Charger 5 (fid=19)",656.5930053272878,5,,
Car 394,,,,,0,switch,,"Charger 0 (fid=22) not available, trying Charger 6 (fid=77)",656.6326570992403,6,,
Car 406,,,,,3,switch,,"Charger 3 (fid=53) not available, trying Charger 4 (fid=86)",657.1337188402628,4,,
Car 370,,,,,,gave_up,1,"no alternate charger available, gave up",657.2731620404076,,,
Car 381,,,,,3,switch,,"Charger 3 (fid=53) not available, trying Charger 1 (fid=82)",657.3056557217318,1,,
Car 377,,,,,5,switch,,"Charger 5 (fid=19) not available, trying Charger 0 (fid=22)",657.3437302667502,0,,
Car 386,,,,,6,switch,,"Charger 6 (fid=77) not available, trying Charger 7 (fid=52)",657.3796659559288,7,,
Car 313,85.0,53,3,,,done,,done charging,657.4107291114569,,,263.0850060075468
Car 407,,53,3,,,start_charge,,starting to charge at Charger 3 (fid=53),657.4107291114569,,3.345300498416691,
Car 388,,,,,6,switch,,"Charger 6 (fid=77) not available, trying Charger 7 (fid=52)",657.6454172298509,7,,
Car 392,,,,,2,switch,,"Charger 2 (fid=36) not available, trying Charger 5 (fid=19)",657.8102649920703,5,,
Car 410,,,,31,,arrived,,arrived,658.1158963015624,,,
Car 384,,,,,7,switch,,"Charger 7 (fid=52) not available, trying Charger 3 (fid=53)",658.2840776780995,3,,
Car 372,,,,,,gave_up,4,"no alternate charger available, gave up",658.4854522878306,,,
Car 389,,,,,6,switch,,"Charger 6 (fid=77) not available, trying Charger 7 (fid=52)",658.6766670572481,7,,
Car 400,,,,,5,switch,,"Charger 5 (fid=19) not available, trying Charger 0 (fid=22)",659.0594561750604,0,,
Car 393,,,,,0,switch,,"Charger 0 (fid=22) not available, trying Charger 5 (fid=19)",659.0633124409716,5,,
Car 408,,,,,6,switch,,"Charger 6 (fid=77) not available, trying Charger 2 (fid=36)",659.346843401172,2,,
Car 401,,,,,5,switch,,"Charger 5 (fid=19) not available, trying Charger 0 (fid=22)",659.3551088621695,0,,
Car 411,,,,5,,arrived,,arrived,659.4319537623337,,,
Car 399,,,,,7,switch,,"Charger 7 (fid=52) not available, trying Charger 3 (fid=53)",659.4493058824743,3,,
Car 398,,,,,2,switch,,"Charger 2 (fid=36) not available, trying Charger 5 (fid=19)",660.017717063107,5,,
Car 391,,,,,2,switch,,"Charger 2 (fid=36) not available, trying Charger 5 (fid=19)",661.5231672620054,5,,
Car 409,,,,,1,switch,,"Charger 1 (fid=82) not available, trying Charger 4 (fid=86)",661.5768212787898,4,,
Car 403,,,,,3,switch,,"Charger 3 (fid=53) not available, trying Charger 6 (fid=77)",661.6572177605763,6,,
Car 378,,,,,1,switch,,"Charger 1 (fid=82) not available, trying Charger 4 (fid=86)",661.7066786370726,4,,
Car 404,,,,,2,switch,,"Charger 2 (fid=36) not available, trying Charger 0 (fid=22)",661.8318532819962,0,,
Car 412,,,,55,,arrived,,arrived,661.9479277424366,,,
Car 390,,,,,5,switch,,"Charger 5 (fid=19) not available, trying Charger 3 (fid=53)",662.0786146546474,3,,
Car 413,,,,55,,arrived,,arrived,662.1560300058113,,,
Car 402,,,,,1,switch,,"Charger 1 (fid=82) not available, trying Charger 4 (fid=86)",662.1997147180883,4,,
Car 283,111.0,19,5,,,done,,done charging,662.3588056309338,,,303.8880747545195
Car 405,,19,5,,,start_charge,,starting to charge at Charger 5 (fid=19),662.3588056309338,,9.305073150705994,
Car 396,,,,,3,switch,,"Charger 3 (fid=53) not available, trying Charger 2 (fid=36)",662.4035975842645,2,,
Car 414,,,,31,,arrived,,arrived,662.8219749487105,,,
Car 410,,,,,0,switch,,"Charger 0 (fid=22) not available, trying Charger 5 (fid=19)",663.1158963015624,5,,
Car 395,,,,,5,switch,,"Charger 5 (fid=19) not available, trying Charger 2 (fid=36)",663.3055897886717,2,,
Car 415,,,,45,,arrived,,arrived,663.3316227533796,,,
Car 397,,,,,7,switch,,"Charger 7 (fid=52) not available, trying Charger 3 (fid=53)",663.4111523324642,3,,
Car 392,,,,,5,switch,,"Charger 5 (fid=19) not available, trying Charger 3 (fid=53)",663.5631218252025,3,,
Car 416,,,,14,,arrived,,arrived,663.7355255322734,,,
Car 377,,,,,,gave_up,0,"no alternate charger available, gave up",663.8044574196903,,,
Car 386,,,,,7,switch,,"Charger 7 (fid=52) not available, trying Charger 3 (fid=53)",663.9454035721535,3,,
Car 388,,,,,7,switch,,"Charger 7 (fid=52) not available, trying Charger 3 (fid=53)",664.2111548460756,3,,
Car 384,,,,,3,switch,,"Charger 3 (fid=53) not available, trying Charger 1 (fid=82)",664.3040142971313,1,,
Car 411,,,,,0,switch,,"Charger 0 (fid=22) not available, trying Charger 5 (fid=19)",664.4319537623337,5,,
Car 385,,,,,3,switch,,"Charger 3 (fid=53) not available, trying Charger 7 (fid=52)",664.5953481895937,7,,
Car 389,,,,,7,switch,,"Charger 7 (fid=52) not available, trying Charger 3 (fid=53)",665.2424046734728,3,,
Car 406,,,,,4,switch,,"Charger 4 (fid=86) not available, trying Charger 7 (fid=52)",665.3767105963384,7,,
Car 380,,,,,1,switch,,"Charger 1 (fid=82) not available, trying Charger 4 (fid=86)",665.4377371067376,4,,
Car 399,,,,,3,switch,,"Charger 3 (fid=53) not available, trying Charger 2 (fid=36)",665.4692425015061,2,,
Car 400,,,,,0,switch,,"Charger 0 (fid=22) not available, trying Charger 6 (fid=77)",665.5201833280005,6,,
Car 393,,,,,5,switch,,"Charger 5 (fid=19) not available, trying Charger 3 (fid=53)",665.5240395939117,3,,
Car 381,,,,,1,switch,,"Charger 1 (fid=82) not available, trying Charger 4 (fid=86)",665.6498699290732,4,,
Car 398,,,,,5,switch,,"Charger 5 (fid=19) not available, trying Charger 0 (fid=22)",665.7705738962393,0,,
Car 401,,,,,0,switch,,"Charger 0 (fid=22) not available, trying Charger 6 (fid=77)",665.8158360151095,6,,
Car 394,,,,,6,switch,,"Charger 6 (fid=77) not available, trying Charger 7 (fid=52)",665.9707619107012,7,,
Car 417,,,,37,,arrived,,arrived,666.3175694793819,,,
Car 409,,,,,4,switch,,"Charger 4 (fid=86) not available, trying Charger 7 (fid=52)",666.859272987104,7,,
Car 408,,,,,2,switch,,"Charger 2 (fid=36) not available, trying Charger 0 (fid=22)",666.9021477617333,0,,
Car 412,,,,,5,switch,,"Charger 5 (fid=19) not available, trying Charger 2 (fid=36)",666.9479277424366,2,,
Car 378,,,,,,gave_up,4,"no alternate charger available, gave up",666.9891303453868,,,
Car 413,,,,,5,switch,,"Charger 5 (fid=19) not available, trying Charger 2 (fid=36)",667.1560300058113,2,,
Car 391,,,,,5,switch,,"Charger 5 (fid=19) not available, trying Charger 0 (fid=22)",667.2760240951376,0,,
Car 418,,,,13,,arrived,,arrived,667.4594275516952,,,
Car 402,,,,,4,switch,,"Charger 4 (fid=86) not available, trying Charger 2 (fid=36)",667.4821664264025,2,,
Car 375,,,,,,gave_up,0,"no alternate charger available, gave up",667.5331015217366,,,
Car 419,,,,77,,arrived,,arrived,667.6265474968266,,,
Car 420,,,,57,,arrived,,arrived,667.6392487759672,,,
Car 323,97.0,22,0,,,done,,done charging,667.6890010794593,,,87.31990596652024
Car 404,,22,0,,,start_charge,,starting to charge at Charger 0 (fid=22),667.6890010794593,,13.714159423273031,
Car 414,,,,,2,switch,,"Charger 2 (fid=36) not available, trying Charger 5 (fid=19)",667.8219749487105,5,,
Car 403,,,,,6,switch,,"Charger 6 (fid=77) not available, trying Charger 4 (fid=86)",668.2302416310413,4,,
Car 415,,,,,6,switch,,"Charger 6 (fid=77) not available, trying Charger 2 (fid=36)",668.3316227533796,2,,
Car 416,,,,,2,switch,,"Charger 2 (fid=36) not available, trying Charger 5 (fid=19)",668.7355255322734,5,,
Car 395,,,,,2,switch,,"Charger 2 (fid=36) not available, trying Charger 3 (fid=53)",669.0584466218039,3,,
Car 421,,,,56,,arrived,,arrived,669.0820652336902,,,
Car 422,,,,23,,arrived,,arrived,669.0824263439872,,,
Car 397,,,,,3,switch,,"Charger 3 (fid=53) not available, trying Charger 6 (fid=77)",669.431088951496,6,,
Car 410,,,,,5,switch,,"Charger 5 (fid=19) not available, trying Charger 2 (fid=36)",669.5766234545025,2,,
Car 386,,,,,3,switch,,"Charger 3 (fid=53) not available, trying Charger 1 (fid=82)",669.9653401911853,1,,
Car 388,,,,,3,switch,,"Charger 3 (fid=53) not available, trying Charger 1 (fid=82)",670.2310914651074,1,,
Car 385,,,,,7,switch,,"Charger 7 (fid=52) not available, trying Charger 1 (fid=82)",670.6152848086255,1,,
Car 380,,,,,,gave_up,4,"no alternate charger available, gave up",670.7201888150518,,,
Car 411,,,,,5,switch,,"Charger 5 (fid=19) not available, trying Charger 2 (fid=36)",670.8926809152738,2,,
Car 381,,,,,,gave_up,4,"no alternate charger available, gave up",670.9323216373874,,,
Car 396,,,,,2,switch,,"Charger 2 (fid=36) not available, trying Charger 5 (fid=19)",671.1577832761263,5,,
Car 389,,,,,3,switch,,"Charger 3 (fid=53) not available, trying Charger 1 (fid=82)",671.2623412925046,1,,
Car 417,,,,,0,switch,,"Charger 0 (fid=22) not available, trying Charger 5 (fid=19)",671.3175694793819,5,,
Car 294,86.0,86,4,,,done,,done charging,671.5182311450812,,,429.04805446474325
Car 390,,,,,3,switch,,"Charger 3 (fid=53) not available, trying Charger 7 (fid=52)",671.5821291725946,7,,
Car 398,,,,,0,switch,,"Charger 0 (fid=22) not available, trying Charger 7 (fid=52)",672.2313010491794,7,,
Car 403,,86,4,,,start_charge,,starting to charge at Charger 4 (fid=86),672.4111054514534,,15.0,
Car 418,,,,,0,switch,,"Charger 0 (fid=22) not available, trying Charger 5 (fid=19)",672.4594275516952,5,,
Car 394,,,,,7,switch,,"Charger 7 (fid=52) not available, trying Charger 3 (fid=53)",672.5364995269259,3,,
Car 419,,,,,6,switch,,"Charger 6 (fid=77) not available, trying Charger 7 (fid=52)",672.6265474968266,7,,
Car 420,,,,,5,switch,,"Charger 5 (fid=19) not available, trying Charger 2 (fid=36)",672.6392487759672,2,,
Car 384,,,,,1,switch,,"Charger 1 (fid=82) not available, trying Charger 4 (fid=86)",672.6482285044727,4,,
Car 412,,,,,2,switch,,"Charger 2 (fid=36) not available, trying Charger 0 (fid=22)",672.7007845755688,0,,
Car 348,62.0,82,1,,,done,,done charging,672.9025484845649,,,262.254457001198
Car 413,,,,,2,switch,,"Charger 2 (fid=36) not available, trying Charger 0 (fid=22)",672.9088868389435,0,,
Car 406,,,,,7,switch,,"Charger 7 (fid=52) not available, trying Charger 1 (fid=82)",673.0065779938788,1,,
Car 311,116.0,82,1,,,done,,done charging,673.0628143100586,,,34.547022577935635
Car 392,,,,,3,switch,,"Charger 3 (fid=53) not available, trying Charger 7 (fid=52)",673.0666363431498,7,,
Car 385,,82,1,,,start_charge,,starting to charge at Charger 1 (fid=82),673.2732024970926,,30.0,
Car 386,,82,1,,,start_charge,,starting to charge at Charger 1 (fid=82),673.3095543985268,,30.0,
Car 414,,,,,5,switch,,"Charger 5 (fid=19) not available, trying Charger 0 (fid=22)",673.5748317818427,0,,
Car 391,,,,,0,switch,,"Charger 0 (fid=22) not available, trying Charger 1 (fid=82)",673.7367512480777,1,,
Car 408,,,,,0,switch,,"Charger 0 (fid=22) not available, trying Charger 5 (fid=19)",674.0451361359234,5,,
Car 421,,,,,5,switch,,"Charger 5 (fid=19) not available, trying Charger 0 (fid=22)",674.0820652336902,0,,
Car 422,,,,,5,switch,,"Charger 5 (fid=19) not available, trying Charger 2 (fid=36)",674.0824263439872,2,,
Car 399,,,,,2,switch,,"Charger 2 (fid=36) not available, trying Charger 5 (fid=19)",674.2234281933679,5,,
Car 416,,,,,5,switch,,"Charger 5 (fid=19) not available, trying Charger 0 (fid=22)",674.4883823654056,0,,
Car 409,,,,,7,switch,,"Charger 7 (fid=52) not available, trying Charger 3 (fid=53)",674.4891403846443,3,,
Car 400,,,,,6,switch,,"Charger 6 (fid=77) not available, trying Charger 7 (fid=52)",674.8582881394614,7,,
Car 393,,,,,3,switch,,"Charger 3 (fid=53) not available, trying Charger 7 (fid=52)",675.0275541118589,7,,
Car 401,,,,,6,switch,,"Charger 6 (fid=77) not available, trying Charger 7 (fid=52)",675.1539408265704,7,,
Car 410,,,,,2,switch,,"Charger 2 (fid=36) not available, trying Charger 6 (fid=77)",675.3294802876347,6,,
Car 367,73.0,22,0,,,done,,done charging,675.7445815908738,,,208.560034719029
Car 412,,22,0,,,start_charge,,starting to charge at Charger 0 (fid=22),675.7445815908738,,10.900808641114963,
Car 415,,,,,2,switch,,"Charger 2 (fid=36) not available, trying Charger 7 (fid=52)",675.8869271139409,7,,
Car 397,,,,,6,switch,,"Charger 6 (fid=77) not available, trying Charger 2 (fid=36)",676.004112821961,2,,
Car 411,,,,,2,switch,,"Charger 2 (fid=36) not available, trying Charger 6 (fid=77)",676.645537748406,6,,
Car 396,,,,,5,switch,,"Charger 5 (fid=19) not available, trying Charger 0 (fid=22)",676.9106401092586,0,,
Car 402,,,,,2,switch,,"Charger 2 (fid=36) not available, trying Charger 6 (fid=77)",677.1932967009699,6,,
Car 423,,,,24,,arrived,,arrived,677.2253003997135,,,
Car 390,,,,,7,switch,,"Charger 7 (fid=52) not available, trying Charger 1 (fid=82)",677.6020657916264,1,,
Car 417,,,,,5,switch,,"Charger 5 (fid=19) not available, trying Charger 2 (fid=36)",677.7782966323219,2,,
Car 395,,,,,3,switch,,"Charger 3 (fid=53) not available, trying Charger 7 (fid=52)",677.8126323136657,7,,
Car 384,,,,,,gave_up,4,"no alternate charger available, gave up",677.9306802127869,,,
Car 420,,,,,2,switch,,"Charger 2 (fid=36) not available, trying Charger 0 (fid=22)",678.3921056090994,0,,
Car 394,,,,,3,switch,,"Charger 3 (fid=53) not available, trying Charger 1 (fid=82)",678.5564361459577,1,,
Car 388,,,,,1,switch,,"Charger 1 (fid=82) not available, trying Charger 4 (fid=86)",678.5753056724488,4,,
Car 418,,,,,5,switch,,"Charger 5 (fid=19) not available, trying Charger 2 (fid=36)",678.9201547046353,2,,
Car 392,,,,,7,switch,,"Charger 7 (fid=52) not available, trying Charger 1 (fid=82)",679.0865729621815,1,,
Car 419,,,,,7,switch,,"Charger 7 (fid=52) not available, trying Charger 3 (fid=53)",679.1922851130513,3,,
Car 389,,,,,1,switch,,"Charger 1 (fid=82) not available, trying Charger 4 (fid=86)",679.6065554998461,4,,
Car 422,,,,,2,switch,,"Charger 2 (fid=36) not available, trying Charger 0 (fid=22)",679.8352831771194,0,,
Car 399,,,,,5,switch,,"Charger 5 (fid=19) not available, trying Charger 4 (fid=86)",679.9762850265001,4,,
Car 414,,,,,0,switch,,"Charger 0 (fid=22) not available, trying Charger 6 (fid=77)",680.0355589347828,6,,
Car 413,,,,,0,switch,,"Charger 0 (fid=22) not available, trying Charger 6 (fid=77)",680.0518752131336,6,,
Car 424,,,,25,,arrived,,arrived,680.2719227897252,,,
Car 408,,,,,5,switch,,"Charger 5 (fid=19) not available, trying Charger 3 (fid=53)",680.5058632888635,3,,
Car 409,,,,,3,switch,,"Charger 3 (fid=53) not available, trying Charger 6 (fid=77)",680.5090770036761,6,,
Car 421,,,,,0,switch,,"Charger 0 (fid=22) not available, trying Charger 2 (fid=36)",680.5427923866303,2,,
Car 406,,,,,1,switch,,"Charger 1 (fid=82) not available, trying Charger 6 (fid=77)",680.6644956823459,6,,
Car 425,,,,11,,arrived,,arrived,680.800078598398,,,
Car 416,,,,,0,switch,,"Charger 0 (fid=22) not available, trying Charger 6 (fid=77)",680.9491095183457,6,,
Car 393,,,,,7,switch,,"Charger 7 (fid=52) not available, trying Charger 1 (fid=82)",681.0474907308907,1,,
Car 400,,,,,7,switch,,"Charger 7 (fid=52) not available, trying Charger 3 (fid=53)",681.4240257556861,3,,
Car 401,,,,,7,switch,,"Charger 7 (fid=52) not available, trying Charger 3 (fid=53)",681.7196784427952,3,,
Car 423,,,,,0,switch,,"Charger 0 (fid=22) not available, trying Charger 5 (fid=19)",682.2253003997135,5,,
Car 398,,,,,7,switch,,"Charger 7 (fid=52) not available, trying Charger 3 (fid=53)",682.3640118593252,3,,
Car 410,,,,,6,switch,,"Charger 6 (fid=77) not available, trying Charger 7 (fid=52)",682.884784648196,7,,
Car 426,,,,68,,arrived,,arrived,683.0048443898933,,,
Car 427,,,,55,,arrived,,arrived,683.2009803319942,,,
Car 396,,,,,0,switch,,"Charger 0 (fid=22) not available, trying Charger 1 (fid=82)",683.3713672621986,1,,
Car 417,,,,,2,switch,,"Charger 2 (fid=36) not available, trying Charger 6 (fid=77)",683.5311534654542,6,,
Car 397,,,,,2,switch,,"Charger 2 (fid=36) not available, trying Charger 5 (fid=19)",683.5594171825223,5,,
Car 395,,,,,7,switch,,"Charger 7 (fid=52) not available, trying Charger 1 (fid=82)",683.8325689326975,1,,
Car 388,,,,,,gave_up,4,"no alternate charger available, gave up",683.857757380763,,,
Car 415,,,,,7,switch,,"Charger 7 (fid=52) not available, trying Charger 3 (fid=53)",683.9152646109803,3,,
Car 411,,,,,6,switch,,"Charger 6 (fid=77) not available, trying Charger 7 (fid=52)",684.2008421089673,7,,
Car 428,,,,77,,arrived,,arrived,684.6684117772489,,,
Car 418,,,,,2,switch,,"Charger 2 (fid=36) not available, trying Charger 6 (fid=77)",684.6730115377675,6,,
Car 402,,,,,6,switch,,"Charger 6 (fid=77) not available, trying Charger 3 (fid=53)",684.7486010615312,3,,
Car 389,,,,,,gave_up,4,"no alternate charger available, gave up",684.8890072081603,,,
Car 429,,,,73,,arrived,,arrived,685.0719626877776,,,
Car 419,,,,,3,switch,,"Charger 3 (fid=53) not available, trying Charger 2 (fid=36)",685.2122217320831,2,,
Car 390,,,,,1,switch,,"Charger 1 (fid=82) not available, trying Charger 4 (fid=86)",685.2599834800935,4,,
Car 424,,,,,2,switch,,"Charger 2 (fid=36) not available, trying Charger 5 (fid=19)",685.2719227897252,5,,
Car 391,,,,,1,switch,,"Charger 1 (fid=82) not available, trying Charger 4 (fid=86)",685.3534805326218,4,,
Car 420,,,,,0,switch,,"Charger 0 (fid=22) not available, trying Charger 6 (fid=77)",685.5350939832895,6,,
Car 425,,,,,6,switch,,"Charger 6 (fid=77) not available, trying Charger 2 (fid=36)",685.800078598398,2,,
Car 392,,,,,1,switch,,"Charger 1 (fid=82) not available, trying Charger 4 (fid=86)",686.7444906506487,4,,
Car 394,,,,,1,switch,,"Charger 1 (fid=82) not available, trying Charger 4 (fid=86)",686.9006503532992,4,,
Car 422,,,,,0,switch,,"Charger 0 (fid=22) not available, trying Charger 6 (fid=77)",686.9782715513095,6,,
Car 409,,,,,6,switch,,"Charger 6 (fid=77) not available, trying Charger 2 (fid=36)",687.0821008741411,2,,
Car 400,,,,,3,switch,,"Charger 3 (fid=53) not available, trying Charger 1 (fid=82)",687.4439623747179,1,,
Car 421,,,,,2,switch,,"Charger 2 (fid=36) not available, trying Charger 6 (fid=77)",687.6857807608203,6,,
Car 401,,,,,3,switch,,"Charger 3 (fid=53) not available, trying Charger 1 (fid=82)",687.739615061827,1,,
Car 426,,,,,5,switch,,"Charger 5 (fid=19) not available, trying Charger 2 (fid=36)",688.0048443898933,2,,
Car 430,,,,6,,arrived,,arrived,688.0313049022842,,,
Car 427,,,,,5,switch,,"Charger 5 (fid=19) not available, trying Charger 2 (fid=36)",688.2009803319942,2,,
Car 431,,,,38,,arrived,,arrived,688.2533525428839,,,
Car 398,,,,,3,switch,,"Charger 3 (fid=53) not available, trying Charger 1 (fid=82)",688.383948478357,1,,
Car 423,,,,,5,switch,,"Charger 5 (fid=19) not available, trying Charger 2 (fid=36)",688.6860275526536,2,,
Car 393,,,,,1,switch,,"Charger 1 (fid=82) not available, trying Charger 4 (fid=86)",688.7054084193578,4,,
Car 356,88.0,36,2,,,done,,done charging,689.0987751164275,,,118.34457276953366
Car 430,,36,2,,,start_charge,,starting to charge at Charger 2 (fid=36),689.0987751164275,,1.0674702141433272,
Car 397,,,,,5,switch,,"Charger 5 (fid=19) not available, trying Charger 0 (fid=22)",689.3122740156546,0,,
Car 414,,,,,6,switch,,"Charger 6 (fid=77) not available, trying Charger 7 (fid=52)",689.3736637462437,7,,
Car 413,,,,,6,switch,,"Charger 6 (fid=77) not available, trying Charger 7 (fid=52)",689.3899800245945,7,,
Car 432,,,,20,,arrived,,arrived,689.4191806514548,,,
Car 410,,,,,7,switch,,"Charger 7 (fid=52) not available, trying Charger 3 (fid=53)",689.4505222644208,3,,
Car 433,,,,55,,arrived,,arrived,689.5098575457758,,,
Car 428,,,,,6,switch,,"Charger 6 (fid=77) not available, trying Charger 7 (fid=52)",689.6684117772489,7,,
Car 406,,,,,6,switch,,"Charger 6 (fid=77) not available, trying Charger 2 (fid=36)",689.8496736993436,2,,
Car 415,,,,,3,switch,,"Charger 3 (fid=53) not available, trying Charger 5 (fid=19)",689.9352012300121,5,,
Car 408,,,,,3,switch,,"Charger 3 (fid=53) not available, trying Charger 7 (fid=52)",690.0093778068107,7,,
Car 429,,,,,6,switch,,"Charger 6 (fid=77) not available, trying Charger 2 (fid=36)",690.0719626877776,2,,
Car 416,,,,,6,switch,,"Charger 6 (fid=77) not available, trying Charger 7 (fid=52)",690.2872143298066,7,,
Car 399,,,,,4,switch,,"Charger 4 (fid=86) not available, trying Charger 1 (fid=82)",690.3068813183754,1,,
Car 390,,,,,,gave_up,4,"no alternate charger available, gave up",690.5424351884077,,,
Car 391,,,,,,gave_up,4,"no alternate charger available, gave up",690.635932240936,,,
Car 411,,,,,7,switch,,"Charger 7 (fid=52) not available, trying Charger 3 (fid=53)",690.7665797251921,3,,
Car 424,,,,,5,switch,,"Charger 5 (fid=19) not available, trying Charger 0 (fid=22)",691.0247796228574,0,,
Car 417,,,,,6,switch,,"Charger 6 (fid=77) not available, trying Charger 7 (fid=52)",691.0864578260155,7,,
Car 402,,,,,3,switch,,"Charger 3 (fid=53) not available, trying Charger 5 (fid=19)",691.3216249319962,5,,
Car 395,,,,,1,switch,,"Charger 1 (fid=82) not available, trying Charger 4 (fid=86)",691.4904866211647,4,,
Car 392,,,,,,gave_up,4,"no alternate charger available, gave up",692.0269423589629,,,
Car 394,,,,,,gave_up,4,"no alternate charger available, gave up",692.1831020616133,,,
Car 418,,,,,6,switch,,"Charger 6 (fid=77) not available, trying Charger 7 (fid=52)",692.2283158983288,7,,
Car 434,,,,10,,arrived,,arrived,692.9486259739066,,,
Car 431,,,,,0,switch,,"Charger 0 (fid=22) not available, trying Charger 5 (fid=19)",693.2533525428839,5,,
Car 425,,,,,2,switch,,"Charger 2 (fid=36) not available, trying Charger 5 (fid=19)",693.3553829589594,5,,
Car 426,,,,,2,switch,,"Charger 2 (fid=36) not available, trying Charger 0 (fid=22)",693.7577012230255,0,,
Car 427,,,,,2,switch,,"Charger 2 (fid=36) not available, trying Charger 0 (fid=22)",693.9538371651264,0,,
Car 419,,,,,2,switch,,"Charger 2 (fid=36) not available, trying Charger 5 (fid=19)",693.9664074239449,5,,
Car 393,,,,,,gave_up,4,"no alternate charger available, gave up",693.987860127672,,,
Car 432,,,,,5,switch,,"Charger 5 (fid=19) not available, trying Charger 2 (fid=36)",694.4191806514548,2,,
Car 423,,,,,2,switch,,"Charger 2 (fid=36) not available, trying Charger 6 (fid=77)",694.4388843857859,6,,
Car 433,,,,,5,switch,,"Charger 5 (fid=19) not available, trying Charger 2 (fid=36)",694.5098575457758,2,,
Car 409,,,,,2,switch,,"Charger 2 (fid=36) not available, trying Charger 5 (fid=19)",694.6374052347024,5,,
Car 420,,,,,6,switch,,"Charger 6 (fid=77) not available, trying Charger 7 (fid=52)",694.8731987947504,7,,
Car 396,,,,,1,switch,,"Charger 1 (fid=82) not available, trying Charger 4 (fid=86)",694.9880965467428,4,,
Car 421,,,,,6,switch,,"Charger 6 (fid=77) not available, trying Charger 7 (fid=52)",695.2410851213816,7,,
Car 410,,,,,3,switch,,"Charger 3 (fid=53) not available, trying Charger 1 (fid=82)",695.4704588834526,1,,
Car 399,,,,,1,switch,,"Charger 1 (fid=82) not available, trying Charger 0 (fid=22)",695.5893330266896,0,,
Car 397,,,,,,gave_up,0,"no alternate charger available, gave up",695.7730011685946,,,
Car 400,,,,,1,switch,,"Charger 1 (fid=82) not available, trying Charger 4 (fid=86)",695.7881765820594,4,,
Car 414,,,,,7,switch,,"Charger 7 (fid=52) not available, trying Charger 3 (fid=53)",695.9394013624684,3,,
Car 413,,,,,7,switch,,"Charger 7 (fid=52) not available, trying Charger 3 (fid=53)",695.9557176408192,3,,
Car 408,,,,,7,switch,,"Charger 7 (fid=52) not available, trying Charger 1 (fid=82)",696.0293144258425,1,,
Car 401,,,,,1,switch,,"Charger 1 (fid=82) not available, trying Charger 4 (fid=86)",696.0838292691684,4,,
Car 428,,,,,7,switch,,"Charger 7 (fid=52) not available, trying Charger 3 (fid=53)",696.2341493934737,3,,
Car 422,,,,,6,switch,,"Charger 6 (fid=77) not available, trying Charger 7 (fid=52)",696.3163763627704,7,,
Car 435,,,,55,,arrived,,arrived,696.6071845743734,,,
Car 436,,,,1,,arrived,,arrived,696.7062518594915,,,
Car 398,,,,,1,switch,,"Charger 1 (fid=82) not available, trying Charger 4 (fid=86)",696.7281626856984,4,,
Car 395,,,,,,gave_up,4,"no alternate charger available, gave up",696.7729383294788,,,
Car 411,,,,,3,switch,,"Charger 3 (fid=53) not available, trying Charger 1 (fid=82)",696.7865163442239,1,,
Car 416,,,,,7,switch,,"Charger 7 (fid=52) not available, trying Charger 3 (fid=53)",696.8529519460313,3,,
Car 437,,,,73,,arrived,,arrived,697.0440254208603,,,
Car 438,,,,67,,arrived,,arrived,697.3222465647995,,,
Car 406,,,,,2,switch,,"Charger 2 (fid=36) not available, trying Charger 5 (fid=19)",697.4049780599049,5,,
Car 424,,,,,0,switch,,"Charger 0 (fid=22) not available, trying Charger 6 (fid=77)",697.4855067757975,6,,
Car 429,,,,,2,switch,,"Charger 2 (fid=36) not available, trying Charger 5 (fid=19)",697.6272670483389,5,,
Car 417,,,,,7,switch,,"Charger 7 (fid=52) not available, trying Charger 3 (fid=53)",697.6521954422402,3,,
Car 439,,,,34,,arrived,,arrived,697.7979774731001,,,
Car 440,,,,28,,arrived,,arrived,697.938758403323,,,
Car 434,,,,,6,switch,,"Charger 6 (fid=77) not available, trying Charger 2 (fid=36)",697.9486259739066,2,,
Car 441,,,,5,,arrived,,arrived,698.459091753747,,,
Car 418,,,,,7,switch,,"Charger 7 (fid=52) not available, trying Charger 3 (fid=53)",698.7940535145535,3,,
Car 425,,,,,5,switch,,"Charger 5 (fid=19) not available, trying Charger 0 (fid=22)",699.1082397920916,0,,
Car 415,,,,,5,switch,,"Charger 5 (fid=19) not available, trying Charger 0 (fid=22)",699.4387157479593,0,,
Car 431,,,,,5,switch,,"Charger 5 (fid=19) not available, trying Charger 2 (fid=36)",699.714079695824,2,,
Car 419,,,,,5,switch,,"Charger 5 (fid=19) not available, trying Charger 4 (fid=86)",699.7192642570772,4,,
Car 432,,,,,2,switch,,"Charger 2 (fid=36) not available, trying Charger 0 (fid=22)",700.172037484587,0,,
Car 433,,,,,2,switch,,"Charger 2 (fid=36) not available, trying Charger 0 (fid=22)",700.2627143789081,0,,
Car 396,,,,,,gave_up,4,"no alternate charger available, gave up",700.270548255057,,,
Car 409,,,,,5,switch,,"Charger 5 (fid=19) not available, trying Charger 0 (fid=22)",700.3902620678347,0,,
Car 442,,,,60,,arrived,,arrived,700.4126285159721,,,
Car 402,,,,,5,switch,,"Charger 5 (fid=19) not available, trying Charger 0 (fid=22)",700.8251394499434,0,,
Car 443,,,,90,,arrived,,arrived,700.8603867814235,,,
Car 426,,,,,0,switch,,"Charger 0 (fid=22) not available, trying Charger 6 (fid=77)",700.9006895972155,6,,
Car 444,,,,54,,arrived,,arrived,700.9517771215515,,,
Car 400,,,,,,gave_up,4,"no alternate charger available, gave up",701.0706282903735,,,
Car 427,,,,,0,switch,,"Charger 0 (fid=22) not available, trying Charger 6 (fid=77)",701.0968255393165,6,,
Car 401,,,,,,gave_up,4,"no alternate charger available, gave up",701.3662809774826,,,
Car 420,,,,,7,switch,,"Charger 7 (fid=52) not available, trying Charger 3 (fid=53)",701.4389364109751,3,,
Car 435,,,,,5,switch,,"Charger 5 (fid=19) not available, trying Charger 2 (fid=36)",701.6071845743734,2,,
Car 436,,,,,7,switch,,"Charger 7 (fid=52) not available, trying Charger 6 (fid=77)",701.7062518594915,6,,
Car 421,,,,,7,switch,,"Charger 7 (fid=52) not available, trying Charger 3 (fid=53)",701.8068227376064,3,,
Car 414,,,,,3,switch,,"Charger 3 (fid=53) not available, trying Charger 1 (fid=82)",701.9593379815002,1,,
Car 413,,,,,3,switch,,"Charger 3 (fid=53) not available, trying Charger 1 (fid=82)",701.975654259851,1,,
Car 423,,,,,6,switch,,"Charger 6 (fid=77) not available, trying Charger 7 (fid=52)",701.9941887463472,7,,
Car 398,,,,,,gave_up,4,"no alternate charger available, gave up",702.0106143940126,,,
Car 437,,,,,6,switch,,"Charger 6 (fid=77) not available, trying Charger 2 (fid=36)",702.0440254208603,2,,
Car 428,,,,,3,switch,,"Charger 3 (fid=53) not available, trying Charger 2 (fid=36)",702.2540860125055,2,,
Car 438,,,,,0,switch,,"Charger 0 (fid=22) not available, trying Charger 5 (fid=19)",702.3222465647995,5,,
Car 439,,,,,0,switch,,"Charger 0 (fid=22) not available, trying Charger 5 (fid=19)",702.7979774731001,5,,
Car 416,,,,,3,switch,,"Charger 3 (fid=53) not available, trying Charger 1 (fid=82)",702.8728885650631,1,,
Car 422,,,,,7,switch,,"Charger 7 (fid=52) not available, trying Charger 3 (fid=53)",702.8821139789951,3,,
Car 440,,,,,2,switch,,"Charger 2 (fid=36) not available, trying Charger 5 (fid=19)",702.938758403323,5,,
Car 445,,,,69,,arrived,,arrived,703.0313247807113,,,
Car 406,,,,,5,switch,,"Charger 5 (fid=19) not available, trying Charger 0 (fid=22)",703.1578348930371,0,,
Car 429,,,,,5,switch,,"Charger 5 (fid=19) not available, trying Charger 0 (fid=22)",703.3801238814711,0,,
Car 345,112.0,77,6,,,done,,done charging,703.3894616717356,,,91.67281497261143
Car 442,,77,6,,,start_charge,,starting to charge at Charger 6 (fid=77),703.3894616717356,,2.9768331557635292,
Car 441,,,,,0,switch,,"Charger 0 (fid=22) not available, trying Charger 5 (fid=19)",703.459091753747,5,,
Car 417,,,,,3,switch,,"Charger 3 (fid=53) not available, trying Charger 1 (fid=82)",703.672132061272,1,,
Car 408,,,,,1,switch,,"Charger 1 (fid=82) not available, trying Charger 4 (fid=86)",703.6872321143096,4,,
Car 410,,,,,1,switch,,"Charger 1 (fid=82) not available, trying Charger 4 (fid=86)",703.814673090794,4,,
Car 418,,,,,3,switch,,"Charger 3 (fid=53) not available, trying Charger 1 (fid=82)",704.8139901335853,1,,
Car 411,,,,,1,switch,,"Charger 1 (fid=82) not available, trying Charger 4 (fid=86)",705.1307305515653,4,,
Car 431,,,,,2,switch,,"Charger 2 (fid=36) not available, trying Charger 6 (fid=77)",705.4669365289562,6,,
Car 434,,,,,2,switch,,"Charger 2 (fid=36) not available, trying Charger 5 (fid=19)",705.5039303344679,5,,
Car 425,,,,,0,switch,,"Charger 0 (fid=22) not available, trying Charger 7 (fid=52)",705.5689669450317,7,,
Car 443,,,,,4,switch,,"Charger 4 (fid=86) not available, trying Charger 1 (fid=82)",705.8603867814235,1,,
Car 415,,,,,0,switch,,"Charger 0 (fid=22) not available, trying Charger 1 (fid=82)",705.8994429008994,1,,
Car 444,,,,,5,switch,,"Charger 5 (fid=19) not available, trying Charger 2 (fid=36)",705.9517771215515,2,,
Car 446,,,,47,,arrived,,arrived,706.5851939219807,,,
Car 424,,,,,6,switch,,"Charger 6 (fid=77) not available, trying Charger 7 (fid=52)",706.8236115872584,7,,
Car 409,,,,,,gave_up,0,"no alternate charger available, gave up",706.8509892207747,,,
Car 399,,,,,,gave_up,0,"no alternate charger available, gave up",707.2060623112337,,,
Car 402,,,,,,gave_up,0,"no alternate charger available, gave up",707.2858666028835,,,
Car 447,,,,61,,arrived,,arrived,707.3139894824318,,,
Car 432,,,,,0,switch,,"Charger 0 (fid=22) not available, trying Charger 6 (fid=77)",707.3150258587771,6,,
Car 435,,,,,2,switch,,"Charger 2 (fid=36) not available, trying Charger 0 (fid=22)",707.3600414075056,0,,
Car 433,,,,,0,switch,,"Charger 0 (fid=22) not available, trying Charger 6 (fid=77)",707.4057027530981,6,,
Car 420,,,,,3,switch,,"Charger 3 (fid=53) not available, trying Charger 1 (fid=82)",707.4588730300069,1,,
Car 421,,,,,3,switch,,"Charger 3 (fid=53) not available, trying Charger 1 (fid=82)",707.8267593566381,1,,
Car 448,,,,32,,arrived,,arrived,707.9604726853088,,,
Car 445,,,,,5,switch,,"Charger 5 (fid=19) not available, trying Charger 2 (fid=36)",708.0313247807113,2,,
Car 436,,,,,6,switch,,"Charger 6 (fid=77) not available, trying Charger 3 (fid=53)",708.2719894757163,3,,
Car 423,,,,,7,switch,,"Charger 7 (fid=52) not available, trying Charger 3 (fid=53)",708.5599263625719,3,,
Car 440,,,,,5,switch,,"Charger 5 (fid=19) not available, trying Charger 0 (fid=22)",708.6916152364553,0,,
Car 438,,,,,5,switch,,"Charger 5 (fid=19) not available, trying Charger 2 (fid=36)",708.7829737177395,2,,
Car 422,,,,,3,switch,,"Charger 3 (fid=53) not available, trying Charger 1 (fid=82)",708.9020505980269,1,,
Car 408,,,,,,gave_up,4,"no alternate charger available, gave up",708.9696838226238,,,
Car 410,,,,,,gave_up,4,"no alternate charger available, gave up",709.0971247991082,,,
Car 439,,,,,5,switch,,"Charger 5 (fid=19) not available, trying Charger 2 (fid=36)",709.2587046260402,2,,
Car 437,,,,,2,switch,,"Charger 2 (fid=36) not available, trying Charger 5 (fid=19)",709.5993297814216,5,,
Car 406,,,,,,gave_up,0,"no alternate charger available, gave up",709.6185620459772,,,
Car 449,,,,37,,arrived,,arrived,709.7964411977043,,,
Car 429,,,,,0,switch,,"Charger 0 (fid=22) not available, trying Charger 7 (fid=52)",709.8408510344112,7,,
Car 441,,,,,5,switch,,"Charger 5 (fid=19) not available, trying Charger 2 (fid=36)",709.919818906687,2,,
Car 419,,,,,4,switch,,"Charger 4 (fid=86) not available, trying Charger 1 (fid=82)",710.0498605489524,1,,
Car 426,,,,,6,switch,,"Charger 6 (fid=77) not available, trying Charger 7 (fid=52)",710.2387944086764,7,,
Car 414,,,,,1,switch,,"Charger 1 (fid=82) not available, trying Charger 4 (fid=86)",710.3035521888416,4,,
Car 413,,,,,1,switch,,"Charger 1 (fid=82) not available, trying Charger 4 (fid=86)",710.3198684671925,4,,
Car 411,,,,,,gave_up,4,"no alternate charger available, gave up",710.4131822598795,,,
Car 382,59.0,52,7,,,done,,done charging,710.4238180367694,,,279.8027981453943
Car 424,,52,7,,,start_charge,,starting to charge at Charger 7 (fid=52),710.4238180367694,,22.03446883328627,
Car 427,,,,,6,switch,,"Charger 6 (fid=77) not available, trying Charger 7 (fid=52)",710.4349303507773,7,,
Car 428,,,,,2,switch,,"Charger 2 (fid=36) not available, trying Charger 5 (fid=19)",711.0082717043673,5,,
Car 443,,,,,1,switch,,"Charger 1 (fid=82) not available, trying Charger 7 (fid=52)",711.1428384897376,7,,
Car 416,,,,,1,switch,,"Charger 1 (fid=82) not available, trying Charger 4 (fid=86)",711.2171027724046,4,,
Car 434,,,,,5,switch,,"Charger 5 (fid=19) not available, trying Charger 0 (fid=22)",711.2567871676001,0,,
Car 446,,,,,0,switch,,"Charger 0 (fid=22) not available, trying Charger 5 (fid=19)",711.5851939219807,5,,
Car 444,,,,,2,switch,,"Charger 2 (fid=36) not available, trying Charger 0 (fid=22)",711.7046339546837,0,,
Car 450,,,,37,,arrived,,arrived,711.799510986492,,,
Car 417,,,,,1,switch,,"Charger 1 (fid=82) not available, trying Charger 4 (fid=86)",712.0163462686135,4,,
Car 447,,,,,6,switch,,"Charger 6 (fid=77) not available, trying Charger 3 (fid=53)",712.3139894824318,3,,
Car 451,,,,53,,arrived,,arrived,712.352083306408,,,
Car 452,,,,11,,arrived,,arrived,712.8765969247345,,,
Car 448,,,,,2,switch,,"Charger 2 (fid=36) not available, trying Charger 5 (fid=19)",712.9604726853088,5,,
Car 431,,,,,6,switch,,"Charger 6 (fid=77) not available, trying Charger 7 (fid=52)",713.0222408895175,7,,
Car 383,80.0,36,2,,,done,,done charging,713.0325685369794,,,65.38500172055247
Car 445,,36,2,,,start_charge,,starting to charge at Charger 2 (fid=36),713.0325685369794,,9.248386923135854,
Car 418,,,,,1,switch,,"Charger 1 (fid=82) not available, trying Charger 4 (fid=86)",713.1582043409268,4,,
Car 435,,,,,0,switch,,"Charger 0 (fid=22) not available, trying Charger 6 (fid=77)",714.5030297816957,6,,
Car 438,,,,,2,switch,,"Charger 2 (fid=36) not available, trying Charger 6 (fid=77)",714.5358305508718,6,,
Car 423,,,,,3,switch,,"Charger 3 (fid=53) not available, trying Charger 1 (fid=82)",714.5798629816037,1,,
Car 453,,,,79,,arrived,,arrived,714.7069990877714,,,
Car 449,,,,,0,switch,,"Charger 0 (fid=22) not available, trying Charger 5 (fid=19)",714.7964411977043,5,,
Car 436,,,,,3,switch,,"Charger 3 (fid=53) not available, trying Charger 2 (fid=36)",714.8450133461813,2,,
Car 439,,,,,2,switch,,"Charger 2 (fid=36) not available, trying Charger 6 (fid=77)",715.0115614591724,6,,
Car 454,,,,61,,arrived,,arrived,715.0132444854605,,,
Car 440,,,,,0,switch,,"Charger 0 (fid=22) not available, trying Charger 6 (fid=77)",715.1523423893954,6,,
Car 419,,,,,1,switch,,"Charger 1 (fid=82) not available, trying Charger 0 (fid=22)",715.3323122572666,0,,
Car 437,,,,,5,switch,,"Charger 5 (fid=19) not available, trying Charger 0 (fid=22)",715.3521866145538,0,,
Car 414,,,,,,gave_up,4,"no alternate charger available, gave up",715.5860038971558,,,
Car 413,,,,,,gave_up,4,"no alternate charger available, gave up",715.6023201755066,,,
Car 441,,,,,2,switch,,"Charger 2 (fid=36) not available, trying Charger 6 (fid=77)",715.6726757398193,6,,
Car 425,,,,,7,switch,,"Charger 7 (fid=52) not available, trying Charger 3 (fid=53)",715.7016777551775,3,,
Car 420,,,,,1,switch,,"Charger 1 (fid=82) not available, trying Charger 4 (fid=86)",715.8030872373483,4,,
Car 421,,,,,1,switch,,"Charger 1 (fid=82) not available, trying Charger 4 (fid=86)",716.1709735639796,4,,
Car 416,,,,,,gave_up,4,"no alternate charger available, gave up",716.4995544807188,,,
Car 432,,,,,6,switch,,"Charger 6 (fid=77) not available, trying Charger 7 (fid=52)",716.6531306702379,7,,
Car 433,,,,,6,switch,,"Charger 6 (fid=77) not available, trying Charger 7 (fid=52)",716.743807564559,7,,
Car 428,,,,,5,switch,,"Charger 5 (fid=19) not available, trying Charger 4 (fid=86)",716.7611285374995,4,,
Car 450,,,,,0,switch,,"Charger 0 (fid=22) not available, trying Charger 5 (fid=19)",716.799510986492,5,,
Car 426,,,,,7,switch,,"Charger 7 (fid=52) not available, trying Charger 3 (fid=53)",716.8045320249012,3,,
Car 427,,,,,7,switch,,"Charger 7 (fid=52) not available, trying Charger 3 (fid=53)",717.0006679670021,3,,
Car 422,,,,,1,switch,,"Charger 1 (fid=82) not available, trying Charger 4 (fid=86)",717.2462648053684,4,,
Car 417,,,,,,gave_up,4,"no alternate charger available, gave up",717.2987979769276,,,
Car 451,,,,,3,switch,,"Charger 3 (fid=53) not available, trying Charger 7 (fid=52)",717.352083306408,7,,
Car 415,,,,,1,switch,,"Charger 1 (fid=82) not available, trying Charger 4 (fid=86)",717.5161721854436,4,,
Car 434,,,,,0,switch,,"Charger 0 (fid=22) not available, trying Charger 3 (fid=53)",717.7175143205402,3,,
Car 452,,,,,6,switch,,"Charger 6 (fid=77) not available, trying Charger 2 (fid=36)",717.8765969247345,2,,
Car 446,,,,,5,switch,,"Charger 5 (fid=19) not available, trying Charger 2 (fid=36)",718.0459210749208,2,,
Car 418,,,,,,gave_up,4,"no alternate charger available, gave up",718.4406560492409,,,
Car 448,,,,,5,switch,,"Charger 5 (fid=19) not available, trying Charger 0 (fid=22)",718.713329518441,0,,
Car 443,,,,,7,switch,,"Charger 7 (fid=52) not available, trying Charger 3 (fid=53)",718.8007561782048,3,,
Car 444,,,,,0,switch,,"Charger 0 (fid=22) not available, trying Charger 6 (fid=77)",718.8476223288737,6,,
Car 447,,,,,3,switch,,"Charger 3 (fid=53) not available, trying Charger 7 (fid=52)",718.8870133528968,7,,
Car 455,,,,50,,arrived,,arrived,719.202355453121,,,
Car 431,,,,,7,switch,,"Charger 7 (fid=52) not available, trying Charger 3 (fid=53)",719.5879785057423,3,,
Car 453,,,,,2,switch,,"Charger 2 (fid=36) not available, trying Charger 5 (fid=19)",719.7069990877714,5,,
Car 429,,,,,7,switch,,"Charger 7 (fid=52) not available, trying Charger 3 (fid=53)",719.973561844557,3,,
Car 454,,,,,6,switch,,"Charger 6 (fid=77) not available, trying Charger 3 (fid=53)",720.0132444854605,3,,
Car 456,,,,11,,arrived,,arrived,720.4310740351362,,,
Car 457,,,,26,,arrived,,arrived,720.597854478778,,,
Car 420,,,,,,gave_up,4,"no alternate charger available, gave up",721.0855389456625,,,
Car 449,,,,,5,switch,,"Charger 5 (fid=19) not available, trying Charger 2 (fid=36)",721.2571683506444,2,,
Car 421,,,,,,gave_up,4,"no alternate charger available, gave up",721.4534252722938,,,
Car 458,,,,37,,arrived,,arrived,721.4790008661694,,,
Car 425,,,,,3,switch,,"Charger 3 (fid=53) not available, trying Charger 1 (fid=82)",721.7216143742093,1,,
Car 459,,,,40,,arrived,,arrived,721.7626504654191,,,
Car 460,,,,70,,arrived,,arrived,721.8080540731362,,,
Car 437,,,,,0,switch,,"Charger 0 (fid=22) not available, trying Charger 7 (fid=52)",721.8129137674939,7,,
Car 461,,,,33,,arrived,,arrived,721.8420507571144,,,
Car 326,107.0,86,4,,,done,,done charging,721.8570229175918,,,405.8563199027474
Car 422,,86,4,,,start_charge,,starting to charge at Charger 4 (fid=86),721.8570229175918,,39.32830640390932,
Car 438,,,,,6,switch,,"Charger 6 (fid=77) not available, trying Charger 7 (fid=52)",722.0911349114331,7,,
Car 439,,,,,6,switch,,"Charger 6 (fid=77) not available, trying Charger 7 (fid=52)",722.5668658197337,7,,
Car 462,,,,87,,arrived,,arrived,722.6784543254647,,,
Car 415,,,,,,gave_up,4,"no alternate charger available, gave up",722.7986238937577,,,
Car 426,,,,,3,switch,,"Charger 3 (fid=53) not available, trying Charger 1 (fid=82)",722.824468643933,1,,
Car 423,,,,,1,switch,,"Charger 1 (fid=82) not available, trying Charger 4 (fid=86)",722.9240771889451,4,,
Car 427,,,,,3,switch,,"Charger 3 (fid=53) not available, trying Charger 1 (fid=82)",723.0206045860339,1,,
Car 432,,,,,7,switch,,"Charger 7 (fid=52) not available, trying Charger 3 (fid=53)",723.2188682864627,3,,
Car 441,,,,,6,switch,,"Charger 6 (fid=77) not available, trying Charger 7 (fid=52)",723.2279801003806,7,,
Car 450,,,,,5,switch,,"Charger 5 (fid=19) not available, trying Charger 2 (fid=36)",723.2602381394321,2,,
Car 433,,,,,7,switch,,"Charger 7 (fid=52) not available, trying Charger 3 (fid=53)",723.3095451807837,3,,
Car 451,,,,,7,switch,,"Charger 7 (fid=52) not available, trying Charger 6 (fid=77)",723.3720199254398,6,,
Car 436,,,,,2,switch,,"Charger 2 (fid=36) not available, trying Charger 1 (fid=82)",723.5991990380431,1,,
Car 446,,,,,2,switch,,"Charger 2 (fid=36) not available, trying Charger 6 (fid=77)",723.798777908053,6,,
Car 435,,,,,6,switch,,"Charger 6 (fid=77) not available, trying Charger 7 (fid=52)",723.8411345931565,7,,
Car 455,,,,,6,switch,,"Charger 6 (fid=77) not available, trying Charger 3 (fid=53)",724.202355453121,3,,
Car 463,,,,45,,arrived,,arrived,724.2197679525814,,,
Car 464,,,,54,,arrived,,arrived,724.2310566886913,,,
Car 440,,,,,6,switch,,"Charger 6 (fid=77) not available, trying Charger 7 (fid=52)",724.4904472008562,7,,
Car 465,,,,11,,arrived,,arrived,724.5203751131136,,,
Car 466,,,,74,,arrived,,arrived,724.7123123791082,,,
Car 443,,,,,3,switch,,"Charger 3 (fid=53) not available, trying Charger 6 (fid=77)",724.8206927972366,6,,
Car 447,,,,,7,switch,,"Charger 7 (fid=52) not available, trying Charger 2 (fid=36)",724.9069499719286,2,,
Car 448,,,,,0,switch,,"Charger 0 (fid=22) not available, trying Charger 6 (fid=77)",725.1740566713811,6,,
Car 456,,,,,6,switch,,"Charger 6 (fid=77) not available, trying Charger 2 (fid=36)",725.4310740351362,2,,
Car 452,,,,,2,switch,,"Charger 2 (fid=36) not available, trying Charger 5 (fid=19)",725.4319012852958,5,,
Car 453,,,,,5,switch,,"Charger 5 (fid=19) not available, trying Charger 7 (fid=52)",725.4598559209036,7,,
Car 457,,,,,0,switch,,"Charger 0 (fid=22) not available, trying Charger 5 (fid=19)",725.597854478778,5,,
Car 431,,,,,3,switch,,"Charger 3 (fid=53) not available, trying Charger 1 (fid=82)",725.6079151247741,1,,
Car 467,,,,77,,arrived,,arrived,725.6085731579404,,,
Car 468,,,,85,,arrived,,arrived,725.9526592858857,,,
Car 429,,,,,3,switch,,"Charger 3 (fid=53) not available, trying Charger 1 (fid=82)",725.9934984635888,1,,
Car 458,,,,,0,switch,,"Charger 0 (fid=22) not available, trying Charger 5 (fid=19)",726.4790008661694,5,,
Car 454,,,,,3,switch,,"Charger 3 (fid=53) not available, trying Charger 7 (fid=52)",726.5862683559255,7,,
Car 469,,,,22,,arrived,,arrived,726.7434621498111,,,
Car 459,,,,,6,switch,,"Charger 6 (fid=77) not available, trying Charger 3 (fid=53)",726.7626504654191,3,,
Car 470,,,,45,,arrived,,arrived,726.8066937382625,,,
Car 460,,,,,5,switch,,"Charger 5 (fid=19) not available, trying Charger 2 (fid=36)",726.8080540731362,2,,
Car 461,,,,,2,switch,,"Charger 2 (fid=36) not available, trying Charger 5 (fid=19)",726.8420507571144,5,,
Car 419,,,,,,gave_up,0,"no alternate charger available, gave up",726.9490415418107,,,
Car 449,,,,,2,switch,,"Charger 2 (fid=36) not available, trying Charger 6 (fid=77)",727.0100251837766,6,,
Car 428,,,,,4,switch,,"Charger 4 (fid=86) not available, trying Charger 1 (fid=82)",727.0917248293748,1,,
Car 471,,,,17,,arrived,,arrived,727.3912872737542,,,
Car 462,,,,,4,switch,,"Charger 4 (fid=86) not available, trying Charger 1 (fid=82)",727.6784543254647,1,,
Car 444,,,,,6,switch,,"Charger 6 (fid=77) not available, trying Charger 7 (fid=52)",728.1857271403346,7,,
Car 423,,,,,,gave_up,4,"no alternate charger available, gave up",728.2065288972593,,,
Car 434,,,,,3,switch,,"Charger 3 (fid=53) not available, trying Charger 7 (fid=52)",728.4704120636227,7,,
Car 438,,,,,7,switch,,"Charger 7 (fid=52) not available, trying Charger 3 (fid=53)",728.6568725276578,3,,
Car 450,,,,,2,switch,,"Charger 2 (fid=36) not available, trying Charger 6 (fid=77)",729.0130949725643,6,,
Car 439,,,,,7,switch,,"Charger 7 (fid=52) not available, trying Charger 3 (fid=53)",729.1326034359585,3,,
Car 463,,,,,6,switch,,"Charger 6 (fid=77) not available, trying Charger 2 (fid=36)",729.2197679525814,2,,
Car 464,,,,,5,switch,,"Charger 5 (fid=19) not available, trying Charger 2 (fid=36)",729.2310566886913,2,,
Car 432,,,,,3,switch,,"Charger 3 (fid=53) not available, trying Charger 1 (fid=82)",729.2388049054945,1,,
Car 433,,,,,3,switch,,"Charger 3 (fid=53) not available, trying Charger 1 (fid=82)",729.3294817998155,1,,
Car 465,,,,,6,switch,,"Charger 6 (fid=77) not available, trying Charger 2 (fid=36)",729.5203751131136,2,,
Car 466,,,,,7,switch,,"Charger 7 (fid=52) not available, trying Charger 1 (fid=82)",729.7123123791082,1,,
Car 441,,,,,7,switch,,"Charger 7 (fid=52) not available, trying Charger 3 (fid=53)",729.7937177166053,3,,
Car 451,,,,,6,switch,,"Charger 6 (fid=77) not available, trying Charger 4 (fid=86)",729.9377575416645,4,,
Car 425,,,,,1,switch,,"Charger 1 (fid=82) not available, trying Charger 4 (fid=86)",730.0658285815507,4,,
Car 435,,,,,7,switch,,"Charger 7 (fid=52) not available, trying Charger 3 (fid=53)",730.4068722093813,3,,
Car 467,,,,,6,switch,,"Charger 6 (fid=77) not available, trying Charger 7 (fid=52)",730.6085731579404,7,,
Car 455,,,,,3,switch,,"Charger 3 (fid=53) not available, trying Charger 7 (fid=52)",730.775379323586,7,,
Car 468,,,,,4,switch,,"Charger 4 (fid=86) not available, trying Charger 1 (fid=82)",730.9526592858857,1,,
Car 440,,,,,7,switch,,"Charger 7 (fid=52) not available, trying Charger 3 (fid=53)",731.056184817081,3,,
Car 426,,,,,1,switch,,"Charger 1 (fid=82) not available, trying Charger 4 (fid=86)",731.1686828512744,4,,
Car 452,,,,,5,switch,,"Charger 5 (fid=19) not available, trying Charger 0 (fid=22)",731.184758118428,0,,
Car 472,,,,5,,arrived,,arrived,731.2195021453715,,,
Car 473,,,,33,,arrived,,arrived,731.3476480714311,,,
Car 446,,,,,6,switch,,"Charger 6 (fid=77) not available, trying Charger 7 (fid=52)",731.3540822686143,7,,
Car 427,,,,,1,switch,,"Charger 1 (fid=82) not available, trying Charger 4 (fid=86)",731.3648187933753,4,,
Car 443,,,,,6,switch,,"Charger 6 (fid=77) not available, trying Charger 2 (fid=36)",731.3937166677016,2,,
Car 376,85.0,77,6,,,done,,done charging,731.690846576769,,,251.2340037196381
Car 470,,77,6,,,start_charge,,starting to charge at Charger 6 (fid=77),731.690846576769,,4.884152838506452,
Car 469,,,,,0,switch,,"Charger 0 (fid=22) not available, trying Charger 5 (fid=19)",731.7434621498111,5,,
Car 437,,,,,7,switch,,"Charger 7 (fid=52) not available, trying Charger 3 (fid=53)",731.9456245776397,3,,
Car 457,,,,,5,switch,,"Charger 5 (fid=19) not available, trying Charger 2 (fid=36)",732.0585816317181,2,,
Car 379,86.0,52,7,,,done,,done charging,732.161554865366,,,262.299078993787
Car 454,,52,7,,,start_charge,,starting to charge at Charger 7 (fid=52),732.161554865366,,14.555349890408706,
Car 474,,,,69,,arrived,,arrived,732.287447896161,,,
Car 428,,,,,1,switch,,"Charger 1 (fid=82) not available, trying Charger 0 (fid=22)",732.374176537689,0,,
Car 471,,,,,0,switch,,"Charger 0 (fid=22) not available, trying Charger 5 (fid=19)",732.3912872737542,5,,
Car 475,,,,18,,arrived,,arrived,732.4786824002409,,,
Car 460,,,,,2,switch,,"Charger 2 (fid=36) not available, trying Charger 0 (fid=22)",732.5609109062684,0,,
Car 461,,,,,5,switch,,"Charger 5 (fid=19) not available, trying Charger 0 (fid=22)",732.5949075902466,0,,
Car 447,,,,,2,switch,,"Charger 2 (fid=36) not available, trying Charger 5 (fid=19)",732.935287468968,5,,
Car 458,,,,,5,switch,,"Charger 5 (fid=19) not available, trying Charger 2 (fid=36)",732.9397280191095,2,,
Car 476,,,,89,,arrived,,arrived,732.9587630464085,,,
Car 462,,,,,1,switch,,"Charger 1 (fid=82) not available, trying Charger 7 (fid=52)",732.9609060337789,7,,
Car 456,,,,,2,switch,,"Charger 2 (fid=36) not available, trying Charger 5 (fid=19)",732.9863783956976,5,,
Car 436,,,,,1,switch,,"Charger 1 (fid=82) not available, trying Charger 4 (fid=86)",733.1593600778972,4,,
Car 459,,,,,3,switch,,"Charger 3 (fid=53) not available, trying Charger 7 (fid=52)",733.3356743358842,7,,
Car 431,,,,,1,switch,,"Charger 1 (fid=82) not available, trying Charger 4 (fid=86)",733.9521293321155,4,,
Car 453,,,,,7,switch,,"Charger 7 (fid=52) not available, trying Charger 6 (fid=77)",734.2376128358886,6,,
Car 429,,,,,1,switch,,"Charger 1 (fid=82) not available, trying Charger 4 (fid=86)",734.3377126709303,4,,
Car 434,,,,,7,switch,,"Charger 7 (fid=52) not available, trying Charger 1 (fid=82)",734.4903486826545,1,,
Car 448,,,,,6,switch,,"Charger 6 (fid=77) not available, trying Charger 7 (fid=52)",734.512161482842,7,,
Car 449,,,,,6,switch,,"Charger 6 (fid=77) not available, trying Charger 7 (fid=52)",734.5653295443379,7,,
Car 438,,,,,3,switch,,"Charger 3 (fid=53) not available, trying Charger 1 (fid=82)",734.6768091466896,1,,
Car 444,,,,,7,switch,,"Charger 7 (fid=52) not available, trying Charger 3 (fid=53)",734.7514647565594,3,,
Car 464,,,,,2,switch,,"Charger 2 (fid=36) not available, trying Charger 0 (fid=22)",734.9839135218235,0,,
Car 439,,,,,3,switch,,"Charger 3 (fid=53) not available, trying Charger 1 (fid=82)",735.1525400549903,1,,
Car 425,,,,,,gave_up,4,"no alternate charger available, gave up",735.3482802898649,,,
Car 441,,,,,3,switch,,"Charger 3 (fid=53) not available, trying Charger 1 (fid=82)",735.8136543356371,1,,
Car 472,,,,,3,switch,,"Charger 3 (fid=53) not available, trying Charger 4 (fid=86)",736.2195021453715,4,,
Car 468,,,,,1,switch,,"Charger 1 (fid=82) not available, trying Charger 7 (fid=52)",736.2351109941999,7,,
Car 473,,,,,0,switch,,"Charger 0 (fid=22) not available, trying Charger 5 (fid=19)",736.3476480714311,5,,
Car 435,,,,,3,switch,,"Charger 3 (fid=53) not available, trying Charger 1 (fid=82)",736.4268088284131,1,,
Car 426,,,,,,gave_up,4,"no alternate charger available, gave up",736.4511345595886,,,
Car 450,,,,,6,switch,,"Charger 6 (fid=77) not available, trying Charger 7 (fid=52)",736.5683993331256,7,,
Car 427,,,,,,gave_up,4,"no alternate charger available, gave up",736.6472705016895,,,
Car 463,,,,,2,switch,,"Charger 2 (fid=36) not available, trying Charger 7 (fid=52)",736.7750723131427,7,,
Car 455,,,,,7,switch,,"Charger 7 (fid=52) not available, trying Charger 2 (fid=36)",736.7953159426178,2,,
Car 465,,,,,2,switch,,"Charger 2 (fid=36) not available, trying Charger 5 (fid=19)",737.0756794736749,5,,
Car 440,,,,,3,switch,,"Charger 3 (fid=53) not available, trying Charger 1 (fid=82)",737.0761214361128,1,,
Car 467,,,,,7,switch,,"Charger 7 (fid=52) not available, trying Charger 3 (fid=53)",737.1743107741652,3,,
Car 474,,,,,5,switch,,"Charger 5 (fid=19) not available, trying Charger 2 (fid=36)",737.287447896161,2,,
Car 466,,,,,1,switch,,"Charger 1 (fid=82) not available, trying Charger 4 (fid=86)",737.3702300675753,4,,
Car 475,,,,,5,switch,,"Charger 5 (fid=19) not available, trying Charger 2 (fid=36)",737.4786824002409,2,,
Car 432,,,,,1,switch,,"Charger 1 (fid=82) not available, trying Charger 4 (fid=86)",737.5830191128359,4,,
Car 452,,,,,0,switch,,"Charger 0 (fid=22) not available, trying Charger 7 (fid=52)",737.6454852713681,7,,
Car 433,,,,,1,switch,,"Charger 1 (fid=82) not available, trying Charger 4 (fid=86)",737.673696007157,4,,
Car 457,,,,,2,switch,,"Charger 2 (fid=36) not available, trying Charger 6 (fid=77)",737.8114384648503,6,,
Car 446,,,,,7,switch,,"Charger 7 (fid=52) not available, trying Charger 3 (fid=53)",737.9198198848391,3,,
Car 476,,,,,4,switch,,"Charger 4 (fid=86) not available, trying Charger 1 (fid=82)",737.9587630464085,1,,
Car 437,,,,,3,switch,,"Charger 3 (fid=53) not available, trying Charger 1 (fid=82)",737.9655611966715,1,,
Car 469,,,,,5,switch,,"Charger 5 (fid=19) not available, trying Charger 2 (fid=36)",738.2041893027512,2,,
Car 477,,,,83,,arrived,,arrived,738.3186954016173,,,
Car 436,,,,,4,switch,,"Charger 4 (fid=86) not available, trying Charger 5 (fid=19)",738.4418117862114,5,,
Car 447,,,,,5,switch,,"Charger 5 (fid=19) not available, trying Charger 0 (fid=22)",738.6881443021002,0,,
Car 458,,,,,2,switch,,"Charger 2 (fid=36) not available, trying Charger 6 (fid=77)",738.6925848522417,6,,
Car 456,,,,,5,switch,,"Charger 5 (fid=19) not available, trying Charger 0 (fid=22)",738.7392352288298,0,,
Car 471,,,,,5,switch,,"Charger 5 (fid=19) not available, trying Charger 2 (fid=36)",738.8520144266943,2,,
Car 443,,,,,2,switch,,"Charger 2 (fid=36) not available, trying Charger 5 (fid=19)",738.9490210282629,5,,
Car 461,,,,,0,switch,,"Charger 0 (fid=22) not available, trying Charger 6 (fid=77)",739.0556347431867,6,,
Car 451,,,,,4,switch,,"Charger 4 (fid=86) not available, trying Charger 1 (fid=82)",739.1186213620766,1,,
Car 431,,,,,,gave_up,4,"no alternate charger available, gave up",739.2345810404297,,,
Car 459,,,,,7,switch,,"Charger 7 (fid=52) not available, trying Charger 2 (fid=36)",739.355610954916,2,,
Car 429,,,,,,gave_up,4,"no alternate charger available, gave up",739.6201643792444,,,
Car 460,,,,,0,switch,,"Charger 0 (fid=22) not available, trying Charger 6 (fid=77)",739.7038992804585,6,,
Car 355,114.0,53,3,,,done,,done charging,739.7715790001096,,,393.18894787364536
Car 444,,53,3,,,start_charge,,starting to charge at Charger 3 (fid=53),739.7715790001096,,29.000177624518415,
Car 462,,,,,7,switch,,"Charger 7 (fid=52) not available, trying Charger 3 (fid=53)",740.618823722246,3,,
Car 478,,,,27,,arrived,,arrived,740.6669764403166,,,
Car 453,,,,,6,switch,,"Charger 6 (fid=77) not available, trying Charger 0 (fid=22)",740.8033504521134,0,,
Car 479,,,,62,,arrived,,arrived,740.8726636370603,,,
Car 448,,,,,7,switch,,"Charger 7 (fid=52) not available, trying Charger 3 (fid=53)",741.0778990990667,3,,
Car 449,,,,,7,switch,,"Charger 7 (fid=52) not available, trying Charger 3 (fid=53)",741.1310671605627,3,,
Car 480,,,,61,,arrived,,arrived,741.5551988892743,,,
Car 464,,,,,0,switch,,"Charger 0 (fid=22) not available, trying Charger 6 (fid=77)",742.1269018960136,6,,
Car 481,,,,1,,arrived,,arrived,742.1478088302015,,,
Car 434,,,,,1,switch,,"Charger 1 (fid=82) not available, trying Charger 4 (fid=86)",742.1482663711216,4,,
Car 466,,,,,4,switch,,"Charger 4 (fid=86) not available, trying Charger 3 (fid=53)",742.6526817758895,3,,
Car 473,,,,,5,switch,,"Charger 5 (fid=19) not available, trying Charger 2 (fid=36)",742.8083752243712,2,,
Car 465,,,,,5,switch,,"Charger 5 (fid=19) not available, trying Charger 0 (fid=22)",742.8285363068071,0,,
Car 432,,,,,,gave_up,4,"no alternate charger available, gave up",742.8654708211501,,,
Car 433,,,,,,gave_up,4,"no alternate charger available, gave up",742.9561477154712,,,
Car 438,,,,,1,switch,,"Charger 1 (fid=82) not available, trying Charger 4 (fid=86)",743.0210233540311,4,,
Car 474,,,,,2,switch,,"Charger 2 (fid=36) not available, trying Charger 0 (fid=22)",743.0403047292932,0,,
Car 450,,,,,7,switch,,"Charger 7 (fid=52) not available, trying Charger 3 (fid=53)",743.1341369493504,3,,
Car 467,,,,,3,switch,,"Charger 3 (fid=53) not available, trying Charger 2 (fid=36)",743.194247393197,2,,
Car 475,,,,,2,switch,,"Charger 2 (fid=36) not available, trying Charger 0 (fid=22)",743.2315392333732,0,,
Car 476,,,,,1,switch,,"Charger 1 (fid=82) not available, trying Charger 7 (fid=52)",743.2412147547227,7,,
Car 477,,,,,1,switch,,"Charger 1 (fid=82) not available, trying Charger 4 (fid=86)",743.3186954016173,4,,
Car 439,,,,,1,switch,,"Charger 1 (fid=82) not available, trying Charger 4 (fid=86)",743.4967542623317,4,,
Car 468,,,,,7,switch,,"Charger 7 (fid=52) not available, trying Charger 3 (fid=53)",743.893028682667,3,,
Car 446,,,,,3,switch,,"Charger 3 (fid=53) not available, trying Charger 1 (fid=82)",743.9397565038709,1,,
Car 469,,,,,2,switch,,"Charger 2 (fid=36) not available, trying Charger 6 (fid=77)",743.9570461358834,6,,
Car 428,,,,,,gave_up,0,"no alternate charger available, gave up",743.9909058222331,,,
Car 441,,,,,1,switch,,"Charger 1 (fid=82) not available, trying Charger 4 (fid=86)",744.1578685429786,4,,
Car 451,,,,,1,switch,,"Charger 1 (fid=82) not available, trying Charger 2 (fid=36)",744.4010730703908,2,,
Car 472,,,,,4,switch,,"Charger 4 (fid=86) not available, trying Charger 7 (fid=52)",744.4624939014471,7,,
Car 471,,,,,2,switch,,"Charger 2 (fid=36) not available, trying Charger 6 (fid=77)",744.6048712598265,6,,
Car 443,,,,,5,switch,,"Charger 5 (fid=19) not available, trying Charger 0 (fid=22)",744.7018778613951,0,,
Car 435,,,,,1,switch,,"Charger 1 (fid=82) not available, trying Charger 4 (fid=86)",744.7710230357545,4,,
Car 463,,,,,7,switch,,"Charger 7 (fid=52) not available, trying Charger 3 (fid=53)",744.8034098101821,3,,
Car 455,,,,,2,switch,,"Charger 2 (fid=36) not available, trying Charger 5 (fid=19)",744.8236534396572,5,,
Car 482,,,,3,,arrived,,arrived,744.9384717924548,,,
Car 447,,,,,0,switch,,"Charger 0 (fid=22) not available, trying Charger 4 (fid=86)",745.1488714550403,4,,
Car 456,,,,,0,switch,,"Charger 0 (fid=22) not available, trying Charger 7 (fid=52)",745.1999623817699,7,,
Car 483,,,,84,,arrived,,arrived,745.2066669644893,,,
Car 387,97.0,19,5,,,done,,done charging,745.2168823232757,,,328.1353746992267
Car 436,,19,5,,,start_charge,,starting to charge at Charger 5 (fid=19),745.2168823232757,,31.4444742451891,
Car 457,,,,,6,switch,,"Charger 6 (fid=77) not available, trying Charger 7 (fid=52)",745.3667428254116,7,,
Car 440,,,,,1,switch,,"Charger 1 (fid=82) not available, trying Charger 4 (fid=86)",745.4203356434542,4,,
Car 484,,,,32,,arrived,,arrived,745.5582148843298,,,
Car 478,,,,,0,switch,,"Charger 0 (fid=22) not available, trying Charger 5 (fid=19)",745.6669764403166,5,,
Car 479,,,,,6,switch,,"Charger 6 (fid=77) not available, trying Charger 2 (fid=36)",745.8726636370603,2,,
Car 458,,,,,6,switch,,"Charger 6 (fid=77) not available, trying Charger 7 (fid=52)",746.247889212803,7,,
Car 437,,,,,1,switch,,"Charger 1 (fid=82) not available, trying Charger 4 (fid=86)",746.309775404013,4,,
Car 480,,,,,6,switch,,"Charger 6 (fid=77) not available, trying Charger 3 (fid=53)",746.5551988892743,3,,
Car 462,,,,,3,switch,,"Charger 3 (fid=53) not available, trying Charger 6 (fid=77)",746.6387603412778,6,,
Car 485,,,,40,,arrived,,arrived,746.6747762433804,,,
Car 486,,,,73,,arrived,,arrived,746.8031159480302,,,
Car 448,,,,,3,switch,,"Charger 3 (fid=53) not available, trying Charger 1 (fid=82)",747.0978357180985,1,,
Car 481,,,,,7,switch,,"Charger 7 (fid=52) not available, trying Charger 6 (fid=77)",747.1478088302015,6,,
Car 449,,,,,3,switch,,"Charger 3 (fid=53) not available, trying Charger 1 (fid=82)",747.1510037795945,1,,
Car 487,,,,8,,arrived,,arrived,747.3282142087313,,,
Car 459,,,,,2,switch,,"Charger 2 (fid=36) not available, trying Charger 5 (fid=19)",747.3839484519553,5,,
Car 434,,,,,,gave_up,4,"no alternate charger available, gave up",747.4307180794358,,,
Car 452,,,,,7,switch,,"Charger 7 (fid=52) not available, trying Charger 3 (fid=53)",747.7781960815139,3,,
Car 438,,,,,,gave_up,4,"no alternate charger available, gave up",748.3034750623452,,,
Car 461,,,,,6,switch,,"Charger 6 (fid=77) not available, trying Charger 7 (fid=52)",748.3937395546476,7,,
Car 473,,,,,2,switch,,"Charger 2 (fid=36) not available, trying Charger 6 (fid=77)",748.5612320575034,6,,
Car 477,,,,,4,switch,,"Charger 4 (fid=86) not available, trying Charger 7 (fid=52)",748.6011471099315,7,,
Car 439,,,,,,gave_up,4,"no alternate charger available, gave up",748.7792059706459,,,
Car 460,,,,,6,switch,,"Charger 6 (fid=77) not available, trying Charger 7 (fid=52)",749.0420040919194,7,,
Car 450,,,,,3,switch,,"Charger 3 (fid=53) not available, trying Charger 1 (fid=82)",749.1540735683822,1,,
Car 488,,,,77,,arrived,,arrived,749.1699060449241,,,
Car 465,,,,,0,switch,,"Charger 0 (fid=22) not available, trying Charger 7 (fid=52)",749.2892634597472,7,,
Car 441,,,,,,gave_up,4,"no alternate charger available, gave up",749.4403202512927,,,
Car 468,,,,,3,switch,,"Charger 3 (fid=53) not available, trying Charger 6 (fid=77)",749.9129653016988,6,,
Car 482,,,,,7,switch,,"Charger 7 (fid=52) not available, trying Charger 2 (fid=36)",749.9384717924548,2,,
Car 435,,,,,,gave_up,4,"no alternate charger available, gave up",750.0534747440687,,,
Car 453,,,,,0,switch,,"Charger 0 (fid=22) not available, trying Charger 3 (fid=53)",750.1414552635742,3,,
Car 474,,,,,0,switch,,"Charger 0 (fid=22) not available, trying Charger 6 (fid=77)",750.1832931034833,6,,
Car 483,,,,,1,switch,,"Charger 1 (fid=82) not available, trying Charger 4 (fid=86)",750.2066669644893,4,,
Car 475,,,,,0,switch,,"Charger 0 (fid=22) not available, trying Charger 6 (fid=77)",750.3745276075632,6,,
Car 484,,,,,0,switch,,"Charger 0 (fid=22) not available, trying Charger 5 (fid=19)",750.5582148843298,5,,
Car 455,,,,,5,switch,,"Charger 5 (fid=19) not available, trying Charger 4 (fid=86)",750.5765102727894,4,,
Car 440,,,,,,gave_up,4,"no alternate charger available, gave up",750.7027873517684,,,
Car 463,,,,,3,switch,,"Charger 3 (fid=53) not available, trying Charger 5 (fid=19)",750.8233464292139,5,,
Car 466,,,,,3,switch,,"Charger 3 (fid=53) not available, trying Charger 6 (fid=77)",750.8956735319651,6,,
Car 476,,,,,7,switch,,"Charger 7 (fid=52) not available, trying Charger 3 (fid=53)",750.8991324431898,3,,
Car 489,,,,76,,arrived,,arrived,751.1404385538841,,,
Car 443,,,,,,gave_up,0,"no alternate charger available, gave up",751.1626050143352,,,
Car 464,,,,,6,switch,,"Charger 6 (fid=77) not available, trying Charger 7 (fid=52)",751.4650067074745,7,,
Car 469,,,,,6,switch,,"Charger 6 (fid=77) not available, trying Charger 7 (fid=52)",751.5123504964447,7,,
Car 437,,,,,,gave_up,4,"no alternate charger available, gave up",751.5922271123271,,,
Car 485,,,,,6,switch,,"Charger 6 (fid=77) not available, trying Charger 3 (fid=53)",751.6747762433804,3,,
Car 486,,,,,6,switch,,"Charger 6 (fid=77) not available, trying Charger 2 (fid=36)",751.8031159480302,2,,
Car 457,,,,,7,switch,,"Charger 7 (fid=52) not available, trying Charger 3 (fid=53)",751.9324804416364,3,,
Car 467,,,,,2,switch,,"Charger 2 (fid=36) not available, trying Charger 5 (fid=19)",751.9484330850588,5,,
Car 472,,,,,7,switch,,"Charger 7 (fid=52) not available, trying Charger 1 (fid=82)",752.0923612989875,1,,
Car 478,,,,,5,switch,,"Charger 5 (fid=19) not available, trying Charger 2 (fid=36)",752.1277035932567,2,,
Car 471,,,,,6,switch,,"Charger 6 (fid=77) not available, trying Charger 7 (fid=52)",752.1601756203878,7,,
Car 446,,,,,1,switch,,"Charger 1 (fid=82) not available, trying Charger 4 (fid=86)",752.2839707112123,4,,
Car 487,,,,,6,switch,,"Charger 6 (fid=77) not available, trying Charger 2 (fid=36)",752.3282142087313,2,,
Car 458,,,,,7,switch,,"Charger 7 (fid=52) not available, trying Charger 3 (fid=53)",752.8136268290277,3,,
Car 480,,,,,3,switch,,"Charger 3 (fid=53) not available, trying Charger 7 (fid=52)",753.1282227597393,7,,
Car 459,,,,,5,switch,,"Charger 5 (fid=19) not available, trying Charger 0 (fid=22)",753.1368052850876,0,,
Car 462,,,,,6,switch,,"Charger 6 (fid=77) not available, trying Charger 2 (fid=36)",753.2117842117428,2,,
Car 479,,,,,2,switch,,"Charger 2 (fid=36) not available, trying Charger 3 (fid=53)",753.4279679976216,3,,
Car 481,,,,,6,switch,,"Charger 6 (fid=77) not available, trying Charger 3 (fid=53)",753.7135464464262,3,,
Car 452,,,,,3,switch,,"Charger 3 (fid=53) not available, trying Charger 1 (fid=82)",753.7981327005457,1,,
Car 490,,,,61,,arrived,,arrived,753.9607784548655,,,
Car 451,,,,,2,switch,,"Charger 2 (fid=36) not available, trying Charger 5 (fid=19)",753.9612341102448,5,,
Car 488,,,,,6,switch,,"Charger 6 (fid=77) not available, trying Charger 7 (fid=52)",754.1699060449241,7,,
Car 491,,,,37,,arrived,,arrived,754.3078095656085,,,
Car 461,,,,,7,switch,,"Charger 7 (fid=52) not available, trying Charger 3 (fid=53)",754.9594771708723,3,,
Car 456,,,,,7,switch,,"Charger 7 (fid=52) not available, trying Charger 3 (fid=53)",755.3326731919157,3,,
Car 448,,,,,1,switch,,"Charger 1 (fid=82) not available, trying Charger 4 (fid=86)",755.44204992544,4,,
Car 483,,,,,4,switch,,"Charger 4 (fid=86) not available, trying Charger 7 (fid=52)",755.4891186728034,7,,
Car 449,,,,,1,switch,,"Charger 1 (fid=82) not available, trying Charger 4 (fid=86)",755.4952179869359,4,,
Car 460,,,,,7,switch,,"Charger 7 (fid=52) not available, trying Charger 3 (fid=53)",755.6077417081441,3,,
Car 473,,,,,6,switch,,"Charger 6 (fid=77) not available, trying Charger 7 (fid=52)",756.1165364180647,7,,
Car 489,,,,,1,switch,,"Charger 1 (fid=82) not available, trying Charger 4 (fid=86)",756.1404385538841,4,,
Car 477,,,,,7,switch,,"Charger 7 (fid=52) not available, trying Charger 3 (fid=53)",756.2310145074719,3,,
Car 492,,,,3,,arrived,,arrived,756.2908942548319,,,
Car 468,,,,,6,switch,,"Charger 6 (fid=77) not available, trying Charger 2 (fid=36)",756.4859891721638,2,,
Car 476,,,,,3,switch,,"Charger 3 (fid=53) not available, trying Charger 6 (fid=77)",756.9190690622216,6,,
Car 447,,,,,4,switch,,"Charger 4 (fid=86) not available, trying Charger 1 (fid=82)",756.9397500518435,1,,
Car 484,,,,,5,switch,,"Charger 5 (fid=19) not available, trying Charger 2 (fid=36)",757.0189420372699,2,,
Car 466,,,,,6,switch,,"Charger 6 (fid=77) not available, trying Charger 2 (fid=36)",757.4686974024302,2,,
Car 450,,,,,1,switch,,"Charger 1 (fid=82) not available, trying Charger 4 (fid=86)",757.4982877757236,4,,
Car 446,,,,,,gave_up,4,"no alternate charger available, gave up",757.5664224195265,,,
Car 467,,,,,5,switch,,"Charger 5 (fid=19) not available, trying Charger 4 (fid=86)",757.701289918191,4,,
Car 478,,,,,2,switch,,"Charger 2 (fid=36) not available, trying Charger 6 (fid=77)",757.8805604263889,6,,
Car 457,,,,,3,switch,,"Charger 3 (fid=53) not available, trying Charger 1 (fid=82)",757.9524170606682,1,,
Car 482,,,,,2,switch,,"Charger 2 (fid=36) not available, trying Charger 6 (fid=77)",757.9668092894942,6,,
Car 464,,,,,7,switch,,"Charger 7 (fid=52) not available, trying Charger 3 (fid=53)",758.0307443236992,3,,
Car 469,,,,,7,switch,,"Charger 7 (fid=52) not available, trying Charger 3 (fid=53)",758.0780881126694,3,,
Car 485,,,,,3,switch,,"Charger 3 (fid=53) not available, trying Charger 7 (fid=52)",758.2478001138454,7,,
Car 471,,,,,7,switch,,"Charger 7 (fid=52) not available, trying Charger 3 (fid=53)",758.7259132366125,3,,
Car 458,,,,,3,switch,,"Charger 3 (fid=53) not available, trying Charger 1 (fid=82)",758.8335634480595,1,,
Car 490,,,,,6,switch,,"Charger 6 (fid=77) not available, trying Charger 3 (fid=53)",758.9607784548655,3,,
Car 430,70.0,36,2,,,done,,done charging,759.0987751164275,,,90.34501231390826
Car 486,,36,2,,,start_charge,,starting to charge at Charger 2 (fid=36),759.0987751164275,,9.74035480783607,
Car 480,,,,,7,switch,,"Charger 7 (fid=52) not available, trying Charger 2 (fid=36)",759.1481593787711,2,,
Car 491,,,,,0,switch,,"Charger 0 (fid=22) not available, trying Charger 5 (fid=19)",759.3078095656085,5,,
Car 465,,,,,7,switch,,"Charger 7 (fid=52) not available, trying Charger 3 (fid=53)",759.421974269893,3,,
Car 474,,,,,6,switch,,"Charger 6 (fid=77) not available, trying Charger 7 (fid=52)",759.5213979149441,7,,
Car 459,,,,,0,switch,,"Charger 0 (fid=22) not available, trying Charger 4 (fid=86)",759.5975324380277,4,,
Car 475,,,,,6,switch,,"Charger 6 (fid=77) not available, trying Charger 7 (fid=52)",759.7126324190241,7,,
Car 451,,,,,5,switch,,"Charger 5 (fid=19) not available, trying Charger 0 (fid=22)",759.7140909433771,0,,
Car 472,,,,,1,switch,,"Charger 1 (fid=82) not available, trying Charger 6 (fid=77)",759.7502789874546,6,,
Car 487,,,,,2,switch,,"Charger 2 (fid=36) not available, trying Charger 0 (fid=22)",759.8835185692926,0,,
Car 493,,,,18,,arrived,,arrived,759.990669147338,,,
Car 481,,,,,3,switch,,"Charger 3 (fid=53) not available, trying Charger 2 (fid=36)",760.2865703168912,2,,
Car 463,,,,,5,switch,,"Charger 5 (fid=19) not available, trying Charger 0 (fid=22)",760.3268609471611,0,,
Car 494,,,,77,,arrived,,arrived,760.42554873173,,,
Car 448,,,,,,gave_up,4,"no alternate charger available, gave up",760.7245016337541,,,
Car 488,,,,,7,switch,,"Charger 7 (fid=52) not available, trying Charger 3 (fid=53)",760.7356436611489,3,,
Car 462,,,,,2,switch,,"Charger 2 (fid=36) not available, trying Charger 5 (fid=19)",760.7670885723041,5,,
Car 449,,,,,,gave_up,4,"no alternate charger available, gave up",760.7776696952501,,,
Car 453,,,,,3,switch,,"Charger 3 (fid=53) not available, trying Charger 1 (fid=82)",760.8943530066567,1,,
Car 455,,,,,4,switch,,"Charger 4 (fid=86) not available, trying Charger 1 (fid=82)",760.9071065646647,1,,
Car 461,,,,,3,switch,,"Charger 3 (fid=53) not available, trying Charger 1 (fid=82)",760.9794137899041,1,,
Car 495,,,,66,,arrived,,arrived,761.1850862579134,,,
Car 492,,,,,3,switch,,"Charger 3 (fid=53) not available, trying Charger 6 (fid=77)",761.2908942548319,6,,
Car 456,,,,,3,switch,,"Charger 3 (fid=53) not available, trying Charger 1 (fid=82)",761.3526098109475,1,,
Car 405,99.0,19,5,,,done,,done charging,761.3588056309338,,,294.96962745339545
Car 493,,19,5,,,start_charge,,starting to charge at Charger 5 (fid=19),761.3588056309338,,1.3681364835957766,
Car 489,,,,,4,switch,,"Charger 4 (fid=86) not available, trying Charger 7 (fid=52)",761.4228902621983,7,,
Car 460,,,,,3,switch,,"Charger 3 (fid=53) not available, trying Charger 1 (fid=82)",761.6276783271759,1,,
Car 496,,,,54,,arrived,,arrived,761.9101459638975,,,
Car 452,,,,,1,switch,,"Charger 1 (fid=82) not available, trying Charger 4 (fid=86)",762.1423469078871,4,,
Car 479,,,,,3,switch,,"Charger 3 (fid=53) not available, trying Charger 7 (fid=52)",762.1821536894835,7,,
Car 447,,,,,,gave_up,1,"no alternate charger available, gave up",762.2222017601576,,,
Car 477,,,,,3,switch,,"Charger 3 (fid=53) not available, trying Charger 6 (fid=77)",762.2509511265037,6,,
Car 473,,,,,7,switch,,"Charger 7 (fid=52) not available, trying Charger 3 (fid=53)",762.6822740342894,3,,
Car 484,,,,,2,switch,,"Charger 2 (fid=36) not available, trying Charger 6 (fid=77)",762.7717988704021,6,,
Car 450,,,,,,gave_up,4,"no alternate charger available, gave up",762.7807394840378,,,
Car 483,,,,,7,switch,,"Charger 7 (fid=52) not available, trying Charger 3 (fid=53)",763.1189860703438,3,,
Car 497,,,,62,,arrived,,arrived,763.3525663253304,,,
Car 407,106.0,53,3,,,done,,done charging,763.4107291114569,,,111.63138055223467
Car 464,,53,3,,,start_charge,,starting to charge at Charger 3 (fid=53),763.4107291114569,,29.36004816872594,
Car 476,,,,,6,switch,,"Charger 6 (fid=77) not available, trying Charger 2 (fid=36)",763.4920929326867,2,,
Car 468,,,,,2,switch,,"Charger 2 (fid=36) not available, trying Charger 5 (fid=19)",764.0412935327251,5,,
Car 498,,,,17,,arrived,,arrived,764.0567604994269,,,
Car 469,,,,,3,switch,,"Charger 3 (fid=53) not available, trying Charger 1 (fid=82)",764.0980247317012,1,,
Car 485,,,,,7,switch,,"Charger 7 (fid=52) not available, trying Charger 2 (fid=36)",764.2677367328772,2,,
Car 471,,,,,3,switch,,"Charger 3 (fid=53) not available, trying Charger 1 (fid=82)",764.7458498556443,1,,
Car 466,,,,,2,switch,,"Charger 2 (fid=36) not available, trying Charger 5 (fid=19)",765.0240017629915,5,,
Car 499,,,,45,,arrived,,arrived,765.3969732778419,,,
Car 494,,,,,6,switch,,"Charger 6 (fid=77) not available, trying Charger 7 (fid=52)",765.42554873173,7,,
Car 478,,,,,6,switch,,"Charger 6 (fid=77) not available, trying Charger 7 (fid=52)",765.4358647869502,7,,
Car 465,,,,,3,switch,,"Charger 3 (fid=53) not available, trying Charger 1 (fid=82)",765.4419108889248,1,,
Car 482,,,,,6,switch,,"Charger 6 (fid=77) not available, trying Charger 1 (fid=82)",765.5221136500555,1,,
Car 490,,,,,3,switch,,"Charger 3 (fid=53) not available, trying Charger 7 (fid=52)",765.5338023253305,7,,
Car 491,,,,,5,switch,,"Charger 5 (fid=19) not available, trying Charger 2 (fid=36)",765.7685367185486,2,,
Car 445,53.0,36,2,,,done,,done charging,766.0325685369794,,,56.42623462541497
Car 480,,36,2,,,start_charge,,starting to charge at Charger 2 (fid=36),766.0325685369794,,18.856071661168926,
Car 474,,,,,7,switch,,"Charger 7 (fid=52) not available, trying Charger 3 (fid=53)",766.0871355311689,3,,
Car 451,,,,,,gave_up,0,"no alternate charger available, gave up",766.1748180963172,,,
Car 495,,,,,6,switch,,"Charger 6 (fid=77) not available, trying Charger 3 (fid=53)",766.1850862579134,3,,
Car 455,,,,,1,switch,,"Charger 1 (fid=82) not available, trying Charger 0 (fid=22)",766.1895582729788,0,,
Car 475,,,,,7,switch,,"Charger 7 (fid=52) not available, trying Charger 3 (fid=53)",766.2783700352488,3,,
Car 457,,,,,1,switch,,"Charger 1 (fid=82) not available, trying Charger 4 (fid=86)",766.2966312680096,4,,
Car 500,,,,64,,arrived,,arrived,766.4291239482866,,,
Car 462,,,,,5,switch,,"Charger 5 (fid=19) not available, trying Charger 0 (fid=22)",766.5199454054364,0,,
Car 412,91.0,22,0,,,done,,done charging,766.7445815908738,,,104.67292603151547
Car 463,,22,0,,,start_charge,,starting to charge at Charger 0 (fid=22),766.7445815908738,,29.956993490772675,
Car 488,,,,,3,switch,,"Charger 3 (fid=53) not available, trying Charger 2 (fid=36)",766.7555802801807,2,,
Car 501,,,,54,,arrived,,arrived,766.7637426416932,,,
Car 496,,,,,5,switch,,"Charger 5 (fid=19) not available, trying Charger 2 (fid=36)",766.9101459638975,2,,
Car 502,,,,35,,arrived,,arrived,766.9268463814376,,,
Car 487,,,,,0,switch,,"Charger 0 (fid=22) not available, trying Charger 5 (fid=19)",767.0265069434827,5,,
Car 503,,,,72,,arrived,,arrived,767.12934896164,,,
Car 458,,,,,1,switch,,"Charger 1 (fid=82) not available, trying Charger 4 (fid=86)",767.177777655401,4,,
Car 504,,,,34,,arrived,,arrived,767.373523696667,,,
Car 452,,,,,,gave_up,4,"no alternate charger available, gave up",767.4247986162013,,,
Car 492,,,,,6,switch,,"Charger 6 (fid=77) not available, trying Charger 7 (fid=52)",767.8639181252969,7,,
Car 467,,,,,4,switch,,"Charger 4 (fid=86) not available, trying Charger 1 (fid=82)",768.0318862100663,1,,
Car 479,,,,,7,switch,,"Charger 7 (fid=52) not available, trying Charger 5 (fid=19)",768.2020903085153,5,,
Car 497,,,,,6,switch,,"Charger 6 (fid=77) not available, trying Charger 2 (fid=36)",768.3525663253304,2,,
Car 442,65.0,77,6,,,done,,done charging,768.3894616717356,,,43.698525833242314
Car 477,,77,6,,,start_charge,,starting to charge at Charger 6 (fid=77),768.3894616717356,,24.56548667476693,
Car 505,,,,115,,arrived,,arrived,768.6150509662415,,,
Car 473,,,,,3,switch,,"Charger 3 (fid=53) not available, trying Charger 1 (fid=82)",768.7022106533212,1,,
Car 472,,,,,6,switch,,"Charger 6 (fid=77) not available, trying Charger 2 (fid=36)",768.9354570044524,2,,
Car 481,,,,,2,switch,,"Charger 2 (fid=36) not available, trying Charger 1 (fid=82)",769.0407560087531,1,,
Car 489,,,,,7,switch,,"Charger 7 (fid=52) not available, trying Charger 3 (fid=53)",769.0527576597386,3,,
Car 498,,,,,0,switch,,"Charger 0 (fid=22) not available, trying Charger 5 (fid=19)",769.0567604994269,5,,
Car 483,,,,,3,switch,,"Charger 3 (fid=53) not available, trying Charger 6 (fid=77)",769.1389226893756,6,,
Car 506,,,,52,,arrived,,arrived,769.1404019441318,,,
Car 507,,,,61,,arrived,,arrived,769.1636529049364,,,
Car 453,,,,,1,switch,,"Charger 1 (fid=82) not available, trying Charger 4 (fid=86)",769.2385672139982,4,,
Car 461,,,,,1,switch,,"Charger 1 (fid=82) not available, trying Charger 4 (fid=86)",769.3236279972456,4,,
Car 404,102.0,22,0,,,done,,done charging,769.6890010794593,,,125.88424475288407
Car 504,,22,0,,,start_charge,,starting to charge at Charger 0 (fid=22),769.6890010794593,,2.3154773827923236,
Car 456,,,,,1,switch,,"Charger 1 (fid=82) not available, trying Charger 4 (fid=86)",769.6968240182889,4,,
Car 468,,,,,5,switch,,"Charger 5 (fid=19) not available, trying Charger 0 (fid=22)",769.7941503658574,0,,
Car 460,,,,,1,switch,,"Charger 1 (fid=82) not available, trying Charger 4 (fid=86)",769.9718925345173,4,,
Car 484,,,,,6,switch,,"Charger 6 (fid=77) not available, trying Charger 7 (fid=52)",770.3271032309634,7,,
Car 499,,,,,6,switch,,"Charger 6 (fid=77) not available, trying Charger 2 (fid=36)",770.3969732778419,2,,
Car 466,,,,,5,switch,,"Charger 5 (fid=19) not available, trying Charger 0 (fid=22)",770.7768585961237,0,,
Car 476,,,,,2,switch,,"Charger 2 (fid=36) not available, trying Charger 5 (fid=19)",771.047397293248,5,,
Car 459,,,,,4,switch,,"Charger 4 (fid=86) not available, trying Charger 1 (fid=82)",771.3884110348308,1,,
Car 500,,,,,3,switch,,"Charger 3 (fid=53) not available, trying Charger 4 (fid=86)",771.4291239482866,4,,
Car 491,,,,,2,switch,,"Charger 2 (fid=36) not available, trying Charger 6 (fid=77)",771.5213935516808,6,,
Car 508,,,,30,,arrived,,arrived,771.5505365171525,,,
Car 490,,,,,7,switch,,"Charger 7 (fid=52) not available, trying Charger 2 (fid=36)",771.5537389443623,2,,
Car 457,,,,,,gave_up,4,"no alternate charger available, gave up",771.5790829763238,,,
Car 501,,,,,5,switch,,"Charger 5 (fid=19) not available, trying Charger 2 (fid=36)",771.7637426416932,2,,
Car 502,,,,,2,switch,,"Charger 2 (fid=36) not available, trying Charger 5 (fid=19)",771.9268463814376,5,,
Car 494,,,,,7,switch,,"Charger 7 (fid=52) not available, trying Charger 3 (fid=53)",771.9912863479548,3,,
Car 478,,,,,7,switch,,"Charger 7 (fid=52) not available, trying Charger 3 (fid=53)",772.001602403175,3,,
Car 474,,,,,3,switch,,"Charger 3 (fid=53) not available, trying Charger 1 (fid=82)",772.1070721502007,1,,
Car 503,,,,,5,switch,,"Charger 5 (fid=19) not available, trying Charger 2 (fid=36)",772.12934896164,2,,
Car 485,,,,,2,switch,,"Charger 2 (fid=36) not available, trying Charger 5 (fid=19)",772.2960742299166,5,,
Car 475,,,,,3,switch,,"Charger 3 (fid=53) not available, trying Charger 1 (fid=82)",772.2983066542806,1,,
Car 469,,,,,1,switch,,"Charger 1 (fid=82) not available, trying Charger 4 (fid=86)",772.4422389390427,4,,
Car 458,,,,,,gave_up,4,"no alternate charger available, gave up",772.4602293637151,,,
Car 496,,,,,2,switch,,"Charger 2 (fid=36) not available, trying Charger 0 (fid=22)",772.6630027970298,0,,
Car 495,,,,,3,switch,,"Charger 3 (fid=53) not available, trying Charger 7 (fid=52)",772.7581101283785,7,,
Car 462,,,,,,gave_up,0,"no alternate charger available, gave up",772.9806725583765,,,
Car 471,,,,,1,switch,,"Charger 1 (fid=82) not available, trying Charger 4 (fid=86)",773.0900640629858,4,,
Car 467,,,,,1,switch,,"Charger 1 (fid=82) not available, trying Charger 0 (fid=22)",773.3143379183805,0,,
Car 509,,,,48,,arrived,,arrived,773.3263240579192,,,
Car 487,,,,,5,switch,,"Charger 5 (fid=19) not available, trying Charger 3 (fid=53)",773.4872340964228,3,,
Car 510,,,,5,,arrived,,arrived,773.6061055108717,,,
Car 505,,,,,5,switch,,"Charger 5 (fid=19) not available, trying Charger 2 (fid=36)",773.6150509662415,2,,
Car 465,,,,,1,switch,,"Charger 1 (fid=82) not available, trying Charger 4 (fid=86)",773.7861250962662,4,,
Car 511,,,,28,,arrived,,arrived,774.0642839789343,,,
Car 506,,,,,7,switch,,"Charger 7 (fid=52) not available, trying Charger 3 (fid=53)",774.1404019441318,3,,
Car 507,,,,,6,switch,,"Charger 6 (fid=77) not available, trying Charger 3 (fid=53)",774.1636529049364,3,,
Car 492,,,,,7,switch,,"Charger 7 (fid=52) not available, trying Charger 2 (fid=36)",774.4296557415216,2,,
Car 453,,,,,,gave_up,4,"no alternate charger available, gave up",774.5210189223124,,,
Car 461,,,,,,gave_up,4,"no alternate charger available, gave up",774.6060797055598,,,
Car 482,,,,,1,switch,,"Charger 1 (fid=82) not available, trying Charger 5 (fid=19)",774.7072916670533,5,,
Car 456,,,,,,gave_up,4,"no alternate charger available, gave up",774.9792757266031,,,
Car 489,,,,,3,switch,,"Charger 3 (fid=53) not available, trying Charger 6 (fid=77)",775.0726942787704,6,,
Car 512,,,,61,,arrived,,arrived,775.1569412040968,,,
Car 460,,,,,,gave_up,4,"no alternate charger available, gave up",775.2543442428315,,,
Car 385,102.0,82,1,,,done,,done charging,775.2732024970926,,,596.516922028187
Car 459,,82,1,,,start_charge,,starting to charge at Charger 1 (fid=82),775.2732024970926,,38.602339753947604,
Car 513,,,,67,,arrived,,arrived,775.3728349882507,,,
Car 424,65.0,52,7,,,done,,done charging,775.4238180367694,,,276.54536912592334
Car 484,,52,7,,,start_charge,,starting to charge at Charger 7 (fid=52),775.4238180367694,,23.530977189581222,
Car 488,,,,,2,switch,,"Charger 2 (fid=36) not available, trying Charger 5 (fid=19)",775.5097659720425,5,,
Car 498,,,,,5,switch,,"Charger 5 (fid=19) not available, trying Charger 2 (fid=36)",775.517487652367,2,,
Car 483,,,,,6,switch,,"Charger 6 (fid=77) not available, trying Charger 2 (fid=36)",775.7119465598406,2,,
Car 497,,,,,2,switch,,"Charger 2 (fid=36) not available, trying Charger 3 (fid=53)",775.9078706858917,3,,
Car 514,,,,76,,arrived,,arrived,776.057374942294,,,
Car 515,,,,60,,arrived,,arrived,776.1452861598572,,,
Car 468,,,,,,gave_up,0,"no alternate charger available, gave up",776.2548775187975,,,
Car 516,,,,86,,arrived,,arrived,776.2957360897528,,,
Car 472,,,,,2,switch,,"Charger 2 (fid=36) not available, trying Charger 5 (fid=19)",776.4907613650137,5,,
Car 508,,,,,2,switch,,"Charger 2 (fid=36) not available, trying Charger 5 (fid=19)",776.5505365171525,5,,
Car 517,,,,33,,arrived,,arrived,776.6869951129243,,,
Car 476,,,,,5,switch,,"Charger 5 (fid=19) not available, trying Charger 0 (fid=22)",776.8002541263802,0,,
Car 479,,,,,5,switch,,"Charger 5 (fid=19) not available, trying Charger 0 (fid=22)",776.9798472235003,0,,
Car 473,,,,,1,switch,,"Charger 1 (fid=82) not available, trying Charger 4 (fid=86)",777.0464248606627,4,,
Car 466,,,,,,gave_up,0,"no alternate charger available, gave up",777.2375857490638,,,
Car 501,,,,,2,switch,,"Charger 2 (fid=36) not available, trying Charger 0 (fid=22)",777.5165994748254,0,,
Car 502,,,,,5,switch,,"Charger 5 (fid=19) not available, trying Charger 0 (fid=22)",777.6797032145698,0,,
Car 469,,,,,,gave_up,4,"no alternate charger available, gave up",777.7246906473569,,,
Car 518,,,,68,,arrived,,arrived,777.7345491906251,,,
Car 455,,,,,,gave_up,0,"no alternate charger available, gave up",777.806287557523,,,
Car 503,,,,,2,switch,,"Charger 2 (fid=36) not available, trying Charger 0 (fid=22)",777.8822057947722,0,,
Car 499,,,,,2,switch,,"Charger 2 (fid=36) not available, trying Charger 7 (fid=52)",777.9522776384032,7,,
Car 494,,,,,3,switch,,"Charger 3 (fid=53) not available, trying Charger 2 (fid=36)",778.0112229669866,2,,
Car 478,,,,,3,switch,,"Charger 3 (fid=53) not available, trying Charger 1 (fid=82)",778.0215390222068,1,,
Car 485,,,,,5,switch,,"Charger 5 (fid=19) not available, trying Charger 0 (fid=22)",778.0489310630488,0,,
Car 509,,,,,0,switch,,"Charger 0 (fid=22) not available, trying Charger 5 (fid=19)",778.3263240579192,5,,
Car 471,,,,,,gave_up,4,"no alternate charger available, gave up",778.3725157713,,,
Car 519,,,,29,,arrived,,arrived,778.459410770458,,,
Car 481,,,,,1,switch,,"Charger 1 (fid=82) not available, trying Charger 4 (fid=86)",778.6009170486071,4,,
Car 510,,,,,0,switch,,"Charger 0 (fid=22) not available, trying Charger 5 (fid=19)",778.6061055108717,5,,
Car 495,,,,,7,switch,,"Charger 7 (fid=52) not available, trying Charger 2 (fid=36)",778.7780467474103,2,,
Car 511,,,,,2,switch,,"Charger 2 (fid=36) not available, trying Charger 5 (fid=19)",779.0642839789343,5,,
Car 465,,,,,,gave_up,4,"no alternate charger available, gave up",779.0685768045804,,,
Car 491,,,,,6,switch,,"Charger 6 (fid=77) not available, trying Charger 7 (fid=52)",779.0766979122421,7,,
Car 505,,,,,2,switch,,"Charger 2 (fid=36) not available, trying Charger 0 (fid=22)",779.3679077993737,0,,
Car 490,,,,,2,switch,,"Charger 2 (fid=36) not available, trying Charger 5 (fid=19)",779.5820764414017,5,,
Car 500,,,,,4,switch,,"Charger 4 (fid=86) not available, trying Charger 7 (fid=52)",779.6721157043622,7,,
Car 496,,,,,0,switch,,"Charger 0 (fid=22) not available, trying Charger 6 (fid=77)",779.8059911712198,6,,
Car 520,,,,63,,arrived,,arrived,780.11058963694,,,
Car 512,,,,,6,switch,,"Charger 6 (fid=77) not available, trying Charger 3 (fid=53)",780.1569412040968,3,,
Car 506,,,,,3,switch,,"Charger 3 (fid=53) not available, trying Charger 6 (fid=77)",780.1603385631636,6,,
Car 513,,,,,0,switch,,"Charger 0 (fid=22) not available, trying Charger 5 (fid=19)",780.3728349882507,5,,
Car 474,,,,,1,switch,,"Charger 1 (fid=82) not available, trying Charger 4 (fid=86)",780.4512863575421,4,,
Car 475,,,,,1,switch,,"Charger 1 (fid=82) not available, trying Charger 4 (fid=86)",780.6425208616221,4,,
Car 507,,,,,3,switch,,"Charger 3 (fid=53) not available, trying Charger 7 (fid=52)",780.7366767754014,7,,
Car 514,,,,,1,switch,,"Charger 1 (fid=82) not available, trying Charger 4 (fid=86)",781.057374942294,4,,
Car 515,,,,,6,switch,,"Charger 6 (fid=77) not available, trying Charger 3 (fid=53)",781.1452861598572,3,,
Car 521,,,,83,,arrived,,arrived,781.2329772385066,,,
Car 488,,,,,5,switch,,"Charger 5 (fid=19) not available, trying Charger 4 (fid=86)",781.2626228051747,4,,
Car 498,,,,,2,switch,,"Charger 2 (fid=36) not available, trying Charger 6 (fid=77)",781.2703444854992,6,,
Car 516,,,,,4,switch,,"Charger 4 (fid=86) not available, trying Charger 1 (fid=82)",781.2957360897528,1,,
Car 489,,,,,6,switch,,"Charger 6 (fid=77) not available, trying Charger 2 (fid=36)",781.6457181492354,2,,
Car 517,,,,,2,switch,,"Charger 2 (fid=36) not available, trying Charger 5 (fid=19)",781.6869951129243,5,,
Car 472,,,,,5,switch,,"Charger 5 (fid=19) not available, trying Charger 0 (fid=22)",782.2436181981459,0,,
Car 508,,,,,5,switch,,"Charger 5 (fid=19) not available, trying Charger 0 (fid=22)",782.3033933502848,0,,
Car 386,109.0,82,1,,,done,,done charging,782.3095543985268,,,473.0814384490186
Car 521,,82,1,,,start_charge,,starting to charge at Charger 1 (fid=82),782.3095543985268,,1.0765771600201788,
Car 473,,,,,,gave_up,4,"no alternate charger available, gave up",782.3288765689769,,,
Car 492,,,,,2,switch,,"Charger 2 (fid=36) not available, trying Charger 4 (fid=86)",782.457993238561,4,,
Car 518,,,,,5,switch,,"Charger 5 (fid=19) not available, trying Charger 2 (fid=36)",782.7345491906251,2,,
Car 522,,,,1,,arrived,,arrived,782.7753406141585,,,
Car 487,,,,,3,switch,,"Charger 3 (fid=53) not available, trying Charger 7 (fid=52)",782.99074861437,7,,
Car 476,,,,,,gave_up,0,"no alternate charger available, gave up",783.2609812793203,,,
Car 483,,,,,2,switch,,"Charger 2 (fid=36) not available, trying Charger 5 (fid=19)",783.2672509204019,5,,
Car 479,,,,,0,switch,,"Charger 0 (fid=22) not available, trying Charger 1 (fid=82)",783.4405743764404,1,,
Car 519,,,,,2,switch,,"Charger 2 (fid=36) not available, trying Charger 5 (fid=19)",783.459410770458,5,,
Car 523,,,,34,,arrived,,arrived,783.471426834061,,,
Car 481,,,,,4,switch,,"Charger 4 (fid=86) not available, trying Charger 5 (fid=19)",783.8833687569213,5,,
Car 502,,,,,0,switch,,"Charger 0 (fid=22) not available, trying Charger 6 (fid=77)",784.1404303675099,6,,
Car 524,,,,5,,arrived,,arrived,784.3926689618917,,,
Car 485,,,,,0,switch,,"Charger 0 (fid=22) not available, trying Charger 4 (fid=86)",784.5096582159889,4,,
Car 501,,,,,0,switch,,"Charger 0 (fid=22) not available, trying Charger 6 (fid=77)",784.6595878490155,6,,
Car 497,,,,,3,switch,,"Charger 3 (fid=53) not available, trying Charger 7 (fid=52)",784.6620563777535,7,,
Car 525,,,,39,,arrived,,arrived,784.6752672056122,,,
Car 509,,,,,5,switch,,"Charger 5 (fid=19) not available, trying Charger 2 (fid=36)",784.7870512108593,2,,
Car 511,,,,,5,switch,,"Charger 5 (fid=19) not available, trying Charger 0 (fid=22)",784.8171408120666,0,,
Car 482,,,,,5,switch,,"Charger 5 (fid=19) not available, trying Charger 3 (fid=53)",784.8661318501289,3,,
Car 467,,,,,,gave_up,0,"no alternate charger available, gave up",784.9310672029246,,,
Car 503,,,,,0,switch,,"Charger 0 (fid=22) not available, trying Charger 6 (fid=77)",785.0251941689622,6,,
Car 510,,,,,5,switch,,"Charger 5 (fid=19) not available, trying Charger 2 (fid=36)",785.0668326638117,2,,
Car 526,,,,5,,arrived,,arrived,785.073341689136,,,
Car 520,,,,,0,switch,,"Charger 0 (fid=22) not available, trying Charger 6 (fid=77)",785.11058963694,6,,
Car 490,,,,,5,switch,,"Charger 5 (fid=19) not available, trying Charger 0 (fid=22)",785.3349332745339,0,,
Car 403,113.0,86,4,,,done,,done charging,785.4111054514534,,,219.06795421510833
Car 474,,86,4,,,start_charge,,starting to charge at Charger 4 (fid=86),785.4111054514534,,39.67736738559711,
Car 491,,,,,7,switch,,"Charger 7 (fid=52) not available, trying Charger 3 (fid=53)",785.6424355284669,3,,
Car 475,,,,,,gave_up,4,"no alternate charger available, gave up",785.9249725699362,,,
Car 499,,,,,7,switch,,"Charger 7 (fid=52) not available, trying Charger 3 (fid=53)",785.9806151354426,3,,
Car 527,,,,63,,arrived,,arrived,786.1548263728147,,,
Car 514,,,,,4,switch,,"Charger 4 (fid=86) not available, trying Charger 7 (fid=52)",786.3398266506082,7,,
Car 478,,,,,1,switch,,"Charger 1 (fid=82) not available, trying Charger 4 (fid=86)",786.3657532295482,4,,
Car 505,,,,,0,switch,,"Charger 0 (fid=22) not available, trying Charger 6 (fid=77)",786.5108961735638,6,,
Car 516,,,,,1,switch,,"Charger 1 (fid=82) not available, trying Charger 7 (fid=52)",786.578187798067,7,,
Car 512,,,,,3,switch,,"Charger 3 (fid=53) not available, trying Charger 7 (fid=52)",786.7299650745618,7,,
Car 506,,,,,6,switch,,"Charger 6 (fid=77) not available, trying Charger 4 (fid=86)",786.7333624336286,4,,
Car 507,,,,,7,switch,,"Charger 7 (fid=52) not available, trying Charger 2 (fid=36)",786.7566133944332,2,,
Car 494,,,,,2,switch,,"Charger 2 (fid=36) not available, trying Charger 5 (fid=19)",786.7654086588484,5,,
Car 495,,,,,2,switch,,"Charger 2 (fid=36) not available, trying Charger 5 (fid=19)",786.8063842444496,5,,
Car 513,,,,,5,switch,,"Charger 5 (fid=19) not available, trying Charger 2 (fid=36)",786.8335621411908,2,,
Car 500,,,,,7,switch,,"Charger 7 (fid=52) not available, trying Charger 1 (fid=82)",787.3019831019026,1,,
Car 517,,,,,5,switch,,"Charger 5 (fid=19) not available, trying Charger 0 (fid=22)",787.4398519460565,0,,
Car 515,,,,,3,switch,,"Charger 3 (fid=53) not available, trying Charger 7 (fid=52)",787.7183100303222,7,,
Car 522,,,,,7,switch,,"Charger 7 (fid=52) not available, trying Charger 6 (fid=77)",787.7753406141585,6,,
Car 528,,,,8,,arrived,,arrived,787.8094616657211,,,
Car 529,,,,64,,arrived,,arrived,787.9340286260284,,,
Car 523,,,,,0,switch,,"Charger 0 (fid=22) not available, trying Charger 5 (fid=19)",788.471426834061,5,,
Car 518,,,,,2,switch,,"Charger 2 (fid=36) not available, trying Charger 0 (fid=22)",788.4874060237573,0,,
Car 530,,,,4,,arrived,,arrived,788.5370084305449,,,
Car 531,,,,22,,arrived,,arrived,788.5540492931161,,,
Car 472,,,,,,gave_up,0,"no alternate charger available, gave up",788.704345351086,,,
Car 508,,,,,0,switch,,"Charger 0 (fid=22) not available, trying Charger 6 (fid=77)",788.7641205032248,6,,
Car 498,,,,,6,switch,,"Charger 6 (fid=77) not available, trying Charger 7 (fid=52)",788.8256488460605,7,,
Car 487,,,,,7,switch,,"Charger 7 (fid=52) not available, trying Charger 1 (fid=82)",789.0106852334018,1,,
Car 483,,,,,5,switch,,"Charger 5 (fid=19) not available, trying Charger 0 (fid=22)",789.0201077535341,0,,
Car 496,,,,,6,switch,,"Charger 6 (fid=77) not available, trying Charger 7 (fid=52)",789.1440959826807,7,,
Car 489,,,,,2,switch,,"Charger 2 (fid=36) not available, trying Charger 5 (fid=19)",789.2010225097968,5,,
Car 519,,,,,5,switch,,"Charger 5 (fid=19) not available, trying Charger 0 (fid=22)",789.2122676035902,0,,
Car 532,,,,4,,arrived,,arrived,789.3841836049805,,,
Car 524,,,,,0,switch,,"Charger 0 (fid=22) not available, trying Charger 5 (fid=19)",789.3926689618917,5,,
Car 525,,,,,3,switch,,"Charger 3 (fid=53) not available, trying Charger 6 (fid=77)",789.6752672056122,6,,
Car 422,68.0,86,4,,,done,,done charging,789.8570229175918,,,415.01094253644135
Car 488,,86,4,,,start_charge,,starting to charge at Charger 4 (fid=86),789.8570229175918,,28.263803820541852,
Car 526,,,,,0,switch,,"Charger 0 (fid=22) not available, trying Charger 5 (fid=19)",790.073341689136,5,,
Car 509,,,,,2,switch,,"Charger 2 (fid=36) not available, trying Charger 6 (fid=77)",790.5399080439915,6,,
Car 497,,,,,7,switch,,"Charger 7 (fid=52) not available, trying Charger 5 (fid=19)",790.6819929967853,5,,
Car 444,51.0,53,3,,,done,,done charging,790.7715790001096,,,360.4703590948803
Car 491,,53,3,,,start_charge,,starting to charge at Charger 3 (fid=53),790.7715790001096,,29.109206852610896,
Car 510,,,,,2,switch,,"Charger 2 (fid=36) not available, trying Charger 6 (fid=77)",790.819689496944,6,,
Car 533,,,,11,,arrived,,arrived,791.0427330105093,,,
Car 527,,,,,0,switch,,"Charger 0 (fid=22) not available, trying Charger 6 (fid=77)",791.1548263728147,6,,
Car 511,,,,,0,switch,,"Charger 0 (fid=22) not available, trying Charger 6 (fid=77)",791.2778679650066,6,,
Car 478,,,,,,gave_up,4,"no alternate charger available, gave up",791.6482049378624,,,
Car 490,,,,,0,switch,,"Charger 0 (fid=22) not available, trying Charger 4 (fid=86)",791.795660427474,4,,
Car 499,,,,,3,switch,,"Charger 3 (fid=53) not available, trying Charger 5 (fid=19)",792.0005517544744,5,,
Car 492,,,,,4,switch,,"Charger 4 (fid=86) not available, trying Charger 5 (fid=19)",792.1691235131284,5,,
Car 534,,,,41,,arrived,,arrived,792.2183942622222,,,
Car 535,,,,5,,arrived,,arrived,792.239416556774,,,
Car 494,,,,,5,switch,,"Charger 5 (fid=19) not available, trying Charger 4 (fid=86)",792.5182654919806,4,,
Car 495,,,,,5,switch,,"Charger 5 (fid=19) not available, trying Charger 0 (fid=22)",792.5592410775819,0,,
Car 513,,,,,2,switch,,"Charger 2 (fid=36) not available, trying Charger 6 (fid=77)",792.586418974323,6,,
Car 512,,,,,7,switch,,"Charger 7 (fid=52) not available, trying Charger 2 (fid=36)",792.7499016935936,2,,
Car 528,,,,,6,switch,,"Charger 6 (fid=77) not available, trying Charger 2 (fid=36)",792.8094616657211,2,,
Car 529,,,,,3,switch,,"Charger 3 (fid=53) not available, trying Charger 4 (fid=86)",792.9340286260284,4,,
Car 502,,,,,6,switch,,"Charger 6 (fid=77) not available, trying Charger 7 (fid=52)",793.4785351789708,7,,
Car 530,,,,,6,switch,,"Charger 6 (fid=77) not available, trying Charger 7 (fid=52)",793.5370084305449,7,,
Car 531,,,,,0,switch,,"Charger 0 (fid=22) not available, trying Charger 5 (fid=19)",793.5540492931161,5,,
Car 515,,,,,7,switch,,"Charger 7 (fid=52) not available, trying Charger 2 (fid=36)",793.738246649354,2,,
Car 517,,,,,0,switch,,"Charger 0 (fid=22) not available, trying Charger 6 (fid=77)",793.9005790989966,6,,
Car 514,,,,,7,switch,,"Charger 7 (fid=52) not available, trying Charger 3 (fid=53)",793.9696940481485,3,,
Car 501,,,,,6,switch,,"Charger 6 (fid=77) not available, trying Charger 7 (fid=52)",793.9976926604763,7,,
Car 481,,,,,5,switch,,"Charger 5 (fid=19) not available, trying Charger 0 (fid=22)",794.2139650487966,0,,
Car 516,,,,,7,switch,,"Charger 7 (fid=52) not available, trying Charger 3 (fid=53)",794.2361054865341,3,,
Car 522,,,,,6,switch,,"Charger 6 (fid=77) not available, trying Charger 3 (fid=53)",794.3410782303832,3,,
Car 503,,,,,6,switch,,"Charger 6 (fid=77) not available, trying Charger 7 (fid=52)",794.3632989804231,7,,
Car 482,,,,,3,switch,,"Charger 3 (fid=53) not available, trying Charger 4 (fid=86)",794.3696463680761,4,,
Car 532,,,,,6,switch,,"Charger 6 (fid=77) not available, trying Charger 7 (fid=52)",794.3841836049805,7,,
Car 520,,,,,6,switch,,"Charger 6 (fid=77) not available, trying Charger 2 (fid=36)",794.4486944484008,2,,
Car 536,,,,4,,arrived,,arrived,794.5703213974791,,,
Car 507,,,,,2,switch,,"Charger 2 (fid=36) not available, trying Charger 5 (fid=19)",794.7849508914726,5,,
Car 537,,,,58,,arrived,,arrived,794.8774601338203,,,
Car 523,,,,,5,switch,,"Charger 5 (fid=19) not available, trying Charger 2 (fid=36)",794.9321539870011,2,,
Car 489,,,,,5,switch,,"Charger 5 (fid=19) not available, trying Charger 0 (fid=22)",794.953879342929,0,,
Car 500,,,,,1,switch,,"Charger 1 (fid=82) not available, trying Charger 6 (fid=77)",794.9599007903697,6,,
Car 479,,,,,1,switch,,"Charger 1 (fid=82) not available, trying Charger 4 (fid=86)",795.0573036609845,4,,
Car 498,,,,,7,switch,,"Charger 7 (fid=52) not available, trying Charger 3 (fid=53)",795.3913864622853,3,,
Car 483,,,,,,gave_up,0,"no alternate charger available, gave up",795.4808349064742,,,
Car 518,,,,,0,switch,,"Charger 0 (fid=22) not available, trying Charger 6 (fid=77)",795.6303943979474,6,,
Car 519,,,,,0,switch,,"Charger 0 (fid=22) not available, trying Charger 6 (fid=77)",795.6729947565303,6,,
Car 496,,,,,7,switch,,"Charger 7 (fid=52) not available, trying Charger 3 (fid=53)",795.7098335989054,3,,
Car 505,,,,,6,switch,,"Charger 6 (fid=77) not available, trying Charger 7 (fid=52)",795.8490009850246,7,,
Car 524,,,,,5,switch,,"Charger 5 (fid=19) not available, trying Charger 2 (fid=36)",795.8533961148318,2,,
Car 506,,,,,4,switch,,"Charger 4 (fid=86) not available, trying Charger 1 (fid=82)",795.9142262540407,1,,
Car 533,,,,,6,switch,,"Charger 6 (fid=77) not available, trying Charger 2 (fid=36)",796.0427330105093,2,,
Car 525,,,,,6,switch,,"Charger 6 (fid=77) not available, trying Charger 7 (fid=52)",796.2482910760772,7,,
Car 485,,,,,4,switch,,"Charger 4 (fid=86) not available, trying Charger 1 (fid=82)",796.300536812792,1,,
Car 526,,,,,5,switch,,"Charger 5 (fid=19) not available, trying Charger 2 (fid=36)",796.5340688420761,2,,
Car 538,,,,64,,arrived,,arrived,796.6182147467846,,,
Car 487,,,,,1,switch,,"Charger 1 (fid=82) not available, trying Charger 4 (fid=86)",796.6686029218689,4,,
Car 534,,,,,0,switch,,"Charger 0 (fid=22) not available, trying Charger 5 (fid=19)",797.2183942622222,5,,
Car 535,,,,,3,switch,,"Charger 3 (fid=53) not available, trying Charger 4 (fid=86)",797.239416556774,4,,
Car 539,,,,30,,arrived,,arrived,797.4635711487213,,,
Car 540,,,,60,,arrived,,arrived,797.5579191578984,,,
Car 541,,,,30,,arrived,,arrived,797.5986993099783,,,
Car 509,,,,,6,switch,,"Charger 6 (fid=77) not available, trying Charger 7 (fid=52)",798.0952124045529,7,,
Car 508,,,,,6,switch,,"Charger 6 (fid=77) not available, trying Charger 7 (fid=52)",798.1022253146857,7,,
Car 510,,,,,6,switch,,"Charger 6 (fid=77) not available, trying Charger 7 (fid=52)",798.3749938575053,7,,
Car 542,,,,40,,arrived,,arrived,798.9534851200874,,,
Car 495,,,,,0,switch,,"Charger 0 (fid=22) not available, trying Charger 4 (fid=86)",799.019968230522,4,,
Car 543,,,,3,,arrived,,arrived,799.2402601724702,,,
Car 497,,,,,5,switch,,"Charger 5 (fid=19) not available, trying Charger 0 (fid=22)",799.4597499117704,0,,
Car 536,,,,,0,switch,,"Charger 0 (fid=22) not available, trying Charger 5 (fid=19)",799.5703213974791,5,,
Car 537,,,,,3,switch,,"Charger 3 (fid=53) not available, trying Charger 7 (fid=52)",799.8774601338203,7,,
Car 514,,,,,3,switch,,"Charger 3 (fid=53) not available, trying Charger 6 (fid=77)",799.9896306671803,6,,
Car 531,,,,,5,switch,,"Charger 5 (fid=19) not available, trying Charger 2 (fid=36)",800.0147764460562,2,,
Car 502,,,,,7,switch,,"Charger 7 (fid=52) not available, trying Charger 3 (fid=53)",800.0442727951955,3,,
Car 530,,,,,7,switch,,"Charger 7 (fid=52) not available, trying Charger 3 (fid=53)",800.1027460467697,3,,
Car 513,,,,,6,switch,,"Charger 6 (fid=77) not available, trying Charger 7 (fid=52)",800.1417233348843,7,,
Car 436,55.0,19,5,,,done,,done charging,800.2168823232757,,,249.33818873169642
Car 507,,19,5,,,start_charge,,starting to charge at Charger 5 (fid=19),800.2168823232757,,24.679074598670923,
Car 516,,,,,3,switch,,"Charger 3 (fid=53) not available, trying Charger 6 (fid=77)",800.2560421055659,6,,
Car 479,,,,,,gave_up,4,"no alternate charger available, gave up",800.3397553692987,,,
Car 528,,,,,2,switch,,"Charger 2 (fid=36) not available, trying Charger 0 (fid=22)",800.3647660262824,0,,
Car 527,,,,,6,switch,,"Charger 6 (fid=77) not available, trying Charger 2 (fid=36)",800.4929311842756,2,,
Car 501,,,,,7,switch,,"Charger 7 (fid=52) not available, trying Charger 3 (fid=53)",800.5634302767011,3,,
Car 511,,,,,6,switch,,"Charger 6 (fid=77) not available, trying Charger 7 (fid=52)",800.6159727764675,7,,
Car 481,,,,,,gave_up,0,"no alternate charger available, gave up",800.6746922017367,,,
Car 523,,,,,2,switch,,"Charger 2 (fid=36) not available, trying Charger 6 (fid=77)",800.6850108201334,6,,
Car 512,,,,,2,switch,,"Charger 2 (fid=36) not available, trying Charger 5 (fid=19)",800.778239190633,5,,
Car 522,,,,,3,switch,,"Charger 3 (fid=53) not available, trying Charger 2 (fid=36)",800.9141021008483,2,,
Car 503,,,,,7,switch,,"Charger 7 (fid=52) not available, trying Charger 3 (fid=53)",800.9290365966478,3,,
Car 532,,,,,7,switch,,"Charger 7 (fid=52) not available, trying Charger 3 (fid=53)",800.9499212212053,3,,
Car 529,,,,,4,switch,,"Charger 4 (fid=86) not available, trying Charger 7 (fid=52)",801.177020382104,7,,
Car 506,,,,,1,switch,,"Charger 1 (fid=82) not available, trying Charger 2 (fid=36)",801.1966779623549,2,,
Car 498,,,,,3,switch,,"Charger 3 (fid=53) not available, trying Charger 1 (fid=82)",801.411323081317,1,,
Car 489,,,,,,gave_up,0,"no alternate charger available, gave up",801.4146064958691,,,
Car 499,,,,,5,switch,,"Charger 5 (fid=19) not available, trying Charger 0 (fid=22)",801.5040662724216,0,,
Car 485,,,,,,gave_up,1,"no alternate charger available, gave up",801.5829885211061,,,
Car 524,,,,,2,switch,,"Charger 2 (fid=36) not available, trying Charger 6 (fid=77)",801.606252947964,6,,
Car 538,,,,,3,switch,,"Charger 3 (fid=53) not available, trying Charger 4 (fid=86)",801.6182147467846,4,,
Car 496,,,,,3,switch,,"Charger 3 (fid=53) not available, trying Charger 1 (fid=82)",801.7297702179372,1,,
Car 544,,,,55,,arrived,,arrived,801.7343921966909,,,
Car 515,,,,,2,switch,,"Charger 2 (fid=36) not available, trying Charger 5 (fid=19)",801.7665841463934,5,,
Car 487,,,,,,gave_up,4,"no alternate charger available, gave up",801.9510546301831,,,
Car 520,,,,,2,switch,,"Charger 2 (fid=36) not available, trying Charger 5 (fid=19)",802.0039988089621,5,,
Car 545,,,,4,,arrived,,arrived,802.1553623543879,,,
Car 454,70.0,52,7,,,done,,done charging,802.161554865366,,,254.980868162674
Car 505,,52,7,,,start_charge,,starting to charge at Charger 7 (fid=52),802.161554865366,,24.74681626411666,
Car 526,,,,,2,switch,,"Charger 2 (fid=36) not available, trying Charger 6 (fid=77)",802.2869256752083,6,,
Car 539,,,,,0,switch,,"Charger 0 (fid=22) not available, trying Charger 5 (fid=19)",802.4635711487213,5,,
Car 492,,,,,5,switch,,"Charger 5 (fid=19) not available, trying Charger 1 (fid=82)",802.4997198050037,1,,
Car 540,,,,,6,switch,,"Charger 6 (fid=77) not available, trying Charger 3 (fid=53)",802.5579191578984,3,,
Car 541,,,,,2,switch,,"Charger 2 (fid=36) not available, trying Charger 5 (fid=19)",802.5986993099783,5,,
Car 482,,,,,4,switch,,"Charger 4 (fid=86) not available, trying Charger 0 (fid=22)",802.6126381241518,0,,
Car 525,,,,,7,switch,,"Charger 7 (fid=52) not available, trying Charger 2 (fid=36)",802.8140286923019,2,,
Car 494,,,,,4,switch,,"Charger 4 (fid=86) not available, trying Charger 1 (fid=82)",802.8488617838559,1,,
Car 517,,,,,6,switch,,"Charger 6 (fid=77) not available, trying Charger 7 (fid=52)",803.2386839104574,7,,
Car 490,,,,,4,switch,,"Charger 4 (fid=86) not available, trying Charger 1 (fid=82)",803.586539024277,1,,
Car 533,,,,,2,switch,,"Charger 2 (fid=36) not available, trying Charger 5 (fid=19)",803.5980373710706,5,,
Car 534,,,,,5,switch,,"Charger 5 (fid=19) not available, trying Charger 2 (fid=36)",803.6791214151623,2,,
Car 546,,,,13,,arrived,,arrived,803.9266143077823,,,
Car 542,,,,,6,switch,,"Charger 6 (fid=77) not available, trying Charger 3 (fid=53)",803.9534851200874,3,,
Car 500,,,,,6,switch,,"Charger 6 (fid=77) not available, trying Charger 2 (fid=36)",804.1450788073674,2,,
Car 543,,,,,3,switch,,"Charger 3 (fid=53) not available, trying Charger 6 (fid=77)",804.2402601724702,6,,
Car 547,,,,84,,arrived,,arrived,804.5175732709889,,,
Car 509,,,,,7,switch,,"Charger 7 (fid=52) not available, trying Charger 3 (fid=53)",804.6609500207776,3,,
Car 508,,,,,7,switch,,"Charger 7 (fid=52) not available, trying Charger 3 (fid=53)",804.6679629309104,3,,
Car 510,,,,,7,switch,,"Charger 7 (fid=52) not available, trying Charger 3 (fid=53)",804.94073147373,3,,
Car 518,,,,,6,switch,,"Charger 6 (fid=77) not available, trying Charger 7 (fid=52)",804.9684992094083,7,,
Car 519,,,,,6,switch,,"Charger 6 (fid=77) not available, trying Charger 7 (fid=52)",805.0110995679912,7,,
Car 548,,,,11,,arrived,,arrived,805.0335287877723,,,
Car 549,,,,30,,arrived,,arrived,805.1871226712445,,,
Car 550,,,,73,,arrived,,arrived,805.2139021304488,,,
Car 551,,,,85,,arrived,,arrived,805.3313247701651,,,
Car 535,,,,,4,switch,,"Charger 4 (fid=86) not available, trying Charger 7 (fid=52)",805.4824083128497,7,,
Car 531,,,,,2,switch,,"Charger 2 (fid=36) not available, trying Charger 6 (fid=77)",805.7676332791884,6,,
Car 537,,,,,7,switch,,"Charger 7 (fid=52) not available, trying Charger 4 (fid=86)",805.897396752852,4,,
Car 552,,,,60,,arrived,,arrived,805.9029897338468,,,
Car 497,,,,,0,switch,,"Charger 0 (fid=22) not available, trying Charger 1 (fid=82)",805.9204770647104,1,,
Car 536,,,,,5,switch,,"Charger 5 (fid=19) not available, trying Charger 2 (fid=36)",806.0310485504192,2,,
Car 502,,,,,3,switch,,"Charger 3 (fid=53) not available, trying Charger 1 (fid=82)",806.0642094142273,1,,
Car 530,,,,,3,switch,,"Charger 3 (fid=53) not available, trying Charger 2 (fid=36)",806.1226826658014,2,,
Car 512,,,,,5,switch,,"Charger 5 (fid=19) not available, trying Charger 0 (fid=22)",806.5310960237653,0,,
Car 514,,,,,6,switch,,"Charger 6 (fid=77) not available, trying Charger 2 (fid=36)",806.5626545376454,2,,
Car 501,,,,,3,switch,,"Charger 3 (fid=53) not available, trying Charger 1 (fid=82)",806.5833668957329,1,,
Car 553,,,,8,,arrived,,arrived,806.6886693087722,,,
Car 513,,,,,7,switch,,"Charger 7 (fid=52) not available, trying Charger 3 (fid=53)",806.707460951109,3,,
Car 544,,,,,5,switch,,"Charger 5 (fid=19) not available, trying Charger 2 (fid=36)",806.7343921966909,2,,
Car 554,,,,27,,arrived,,arrived,806.7698630369908,,,
Car 516,,,,,6,switch,,"Charger 6 (fid=77) not available, trying Charger 2 (fid=36)",806.829065976031,2,,
Car 503,,,,,3,switch,,"Charger 3 (fid=53) not available, trying Charger 1 (fid=82)",806.9489732156796,1,,
Car 532,,,,,3,switch,,"Charger 3 (fid=53) not available, trying Charger 2 (fid=36)",806.9698578402371,2,,
Car 545,,,,,0,switch,,"Charger 0 (fid=22) not available, trying Charger 5 (fid=19)",807.1553623543879,5,,
Car 511,,,,,7,switch,,"Charger 7 (fid=52) not available, trying Charger 3 (fid=53)",807.1817103926923,3,,
Car 555,,,,68,,arrived,,arrived,807.2068218918389,,,
Car 528,,,,,0,switch,,"Charger 0 (fid=22) not available, trying Charger 5 (fid=19)",807.5077544004724,5,,
Car 515,,,,,5,switch,,"Charger 5 (fid=19) not available, trying Charger 0 (fid=22)",807.5194409795256,0,,
Car 556,,,,56,,arrived,,arrived,807.7461212716328,,,
Car 520,,,,,5,switch,,"Charger 5 (fid=19) not available, trying Charger 3 (fid=53)",807.7568556420944,3,,
Car 499,,,,,0,switch,,"Charger 0 (fid=22) not available, trying Charger 1 (fid=82)",807.9647934253617,1,,
Car 527,,,,,2,switch,,"Charger 2 (fid=36) not available, trying Charger 5 (fid=19)",808.0482355448369,5,,
Car 494,,,,,1,switch,,"Charger 1 (fid=82) not available, trying Charger 0 (fid=22)",808.1313134921701,0,,
Car 523,,,,,6,switch,,"Charger 6 (fid=77) not available, trying Charger 7 (fid=52)",808.2403151806947,7,,
Car 557,,,,8,,arrived,,arrived,808.2532525469616,,,
Car 541,,,,,5,switch,,"Charger 5 (fid=19) not available, trying Charger 0 (fid=22)",808.3515561431105,0,,
Car 558,,,,39,,arrived,,arrived,808.4022241656066,,,
Car 529,,,,,7,switch,,"Charger 7 (fid=52) not available, trying Charger 1 (fid=82)",808.8068877796444,1,,
Car 490,,,,,,gave_up,1,"no alternate charger available, gave up",808.8689907325912,,,
Car 539,,,,,5,switch,,"Charger 5 (fid=19) not available, trying Charger 2 (fid=36)",808.9242983016613,2,,
Car 546,,,,,0,switch,,"Charger 0 (fid=22) not available, trying Charger 5 (fid=19)",808.9266143077823,5,,
Car 559,,,,56,,arrived,,arrived,808.997279296086,,,
Car 540,,,,,3,switch,,"Charger 3 (fid=53) not available, trying Charger 7 (fid=52)",809.1309430283634,7,,
Car 524,,,,,6,switch,,"Charger 6 (fid=77) not available, trying Charger 7 (fid=52)",809.1615573085253,7,,
Car 533,,,,,5,switch,,"Charger 5 (fid=19) not available, trying Charger 0 (fid=22)",809.3508942042029,0,,
Car 534,,,,,2,switch,,"Charger 2 (fid=36) not available, trying Charger 6 (fid=77)",809.4319782482945,6,,
Car 547,,,,,1,switch,,"Charger 1 (fid=82) not available, trying Charger 4 (fid=86)",809.5175732709889,4,,
Car 522,,,,,2,switch,,"Charger 2 (fid=36) not available, trying Charger 1 (fid=82)",809.6682877927101,1,,
Car 470,78.0,77,6,,,done,,done charging,809.690846576769,,,91.90098665410476
Car 526,,77,6,,,start_charge,,starting to charge at Charger 6 (fid=77),809.690846576769,,19.848616540999387,
Car 498,,,,,1,switch,,"Charger 1 (fid=82) not available, trying Charger 4 (fid=86)",809.7555372886585,4,,
Car 517,,,,,7,switch,,"Charger 7 (fid=52) not available, trying Charger 3 (fid=53)",809.8044215266822,3,,
Car 538,,,,,4,switch,,"Charger 4 (fid=86) not available, trying Charger 7 (fid=52)",809.8612065028602,7,,
Car 548,,,,,6,switch,,"Charger 6 (fid=77) not available, trying Charger 2 (fid=36)",810.0335287877723,2,,
Car 496,,,,,1,switch,,"Charger 1 (fid=82) not available, trying Charger 4 (fid=86)",810.0739844252787,4,,
Car 549,,,,,0,switch,,"Charger 0 (fid=22) not available, trying Charger 5 (fid=19)",810.1871226712445,5,,
Car 550,,,,,6,switch,,"Charger 6 (fid=77) not available, trying Charger 2 (fid=36)",810.2139021304488,2,,
Car 551,,,,,4,switch,,"Charger 4 (fid=86) not available, trying Charger 1 (fid=82)",810.3313247701651,1,,
Car 542,,,,,3,switch,,"Charger 3 (fid=53) not available, trying Charger 7 (fid=52)",810.5265089905524,7,,
Car 509,,,,,3,switch,,"Charger 3 (fid=53) not available, trying Charger 1 (fid=82)",810.6808866398094,1,,
Car 508,,,,,3,switch,,"Charger 3 (fid=53) not available, trying Charger 1 (fid=82)",810.6878995499422,1,,
Car 506,,,,,2,switch,,"Charger 2 (fid=36) not available, trying Charger 5 (fid=19)",810.756839002209,5,,
Car 495,,,,,4,switch,,"Charger 4 (fid=86) not available, trying Charger 1 (fid=82)",810.8108468273251,1,,
Car 543,,,,,6,switch,,"Charger 6 (fid=77) not available, trying Charger 7 (fid=52)",810.8132840429353,7,,
Car 525,,,,,2,switch,,"Charger 2 (fid=36) not available, trying Charger 4 (fid=86)",810.8423661893413,4,,
Car 552,,,,,6,switch,,"Charger 6 (fid=77) not available, trying Charger 3 (fid=53)",810.9029897338468,3,,
Car 510,,,,,3,switch,,"Charger 3 (fid=53) not available, trying Charger 1 (fid=82)",810.9606680927618,1,,
Car 518,,,,,7,switch,,"Charger 7 (fid=52) not available, trying Charger 3 (fid=53)",811.534236825633,3,,
Car 519,,,,,7,switch,,"Charger 7 (fid=52) not available, trying Charger 3 (fid=53)",811.576837184216,3,,
Car 553,,,,,6,switch,,"Charger 6 (fid=77) not available, trying Charger 2 (fid=36)",811.6886693087722,2,,
Car 500,,,,,2,switch,,"Charger 2 (fid=36) not available, trying Charger 5 (fid=19)",811.7003831679287,5,,
Car 554,,,,,2,switch,,"Charger 2 (fid=36) not available, trying Charger 5 (fid=19)",811.7698630369908,5,,
Car 536,,,,,2,switch,,"Charger 2 (fid=36) not available, trying Charger 6 (fid=77)",811.7839053835514,6,,
Car 555,,,,,5,switch,,"Charger 5 (fid=19) not available, trying Charger 2 (fid=36)",812.2068218918389,2,,
Car 544,,,,,2,switch,,"Charger 2 (fid=36) not available, trying Charger 0 (fid=22)",812.4872490298231,0,,
Car 492,,,,,1,switch,,"Charger 1 (fid=82) not available, trying Charger 0 (fid=22)",812.6585599880793,0,,
Car 513,,,,,3,switch,,"Charger 3 (fid=53) not available, trying Charger 1 (fid=82)",812.7273975701409,1,,
Car 556,,,,,5,switch,,"Charger 5 (fid=19) not available, trying Charger 0 (fid=22)",812.7461212716328,0,,
Car 512,,,,,0,switch,,"Charger 0 (fid=22) not available, trying Charger 4 (fid=86)",812.9918231767053,4,,
Car 560,,,,45,,arrived,,arrived,813.0466306582463,,,
Car 535,,,,,7,switch,,"Charger 7 (fid=52) not available, trying Charger 1 (fid=82)",813.11227571039,1,,
Car 511,,,,,3,switch,,"Charger 3 (fid=53) not available, trying Charger 1 (fid=82)",813.201647011724,1,,
Car 557,,,,,6,switch,,"Charger 6 (fid=77) not available, trying Charger 2 (fid=36)",813.2532525469616,2,,
Car 531,,,,,6,switch,,"Charger 6 (fid=77) not available, trying Charger 7 (fid=52)",813.3229376397497,7,,
Car 477,45.0,77,6,,,done,,done charging,813.3894616717356,,,330.9539673882128
Car 534,,77,6,,,start_charge,,starting to charge at Charger 6 (fid=77),813.3894616717356,,16.40217906287978,
Car 558,,,,,3,switch,,"Charger 3 (fid=53) not available, trying Charger 6 (fid=77)",813.4022241656066,6,,
Car 561,,,,17,,arrived,,arrived,813.4908953035828,,,
Car 537,,,,,4,switch,,"Charger 4 (fid=86) not available, trying Charger 1 (fid=82)",813.5272641503924,1,,
Car 545,,,,,5,switch,,"Charger 5 (fid=19) not available, trying Charger 2 (fid=36)",813.616089507328,2,,
Car 527,,,,,5,switch,,"Charger 5 (fid=19) not available, trying Charger 3 (fid=53)",813.8010923779691,3,,
Car 528,,,,,5,switch,,"Charger 5 (fid=19) not available, trying Charger 3 (fid=53)",813.9684815534125,3,,
Car 515,,,,,0,switch,,"Charger 0 (fid=22) not available, trying Charger 1 (fid=82)",813.9801681324657,1,,
Car 559,,,,,5,switch,,"Charger 5 (fid=19) not available, trying Charger 0 (fid=22)",813.997279296086,0,,
Car 514,,,,,2,switch,,"Charger 2 (fid=36) not available, trying Charger 5 (fid=19)",814.1179588982067,5,,
Car 516,,,,,2,switch,,"Charger 2 (fid=36) not available, trying Charger 5 (fid=19)",814.3843703365923,5,,
Car 482,,,,,,gave_up,0,"no alternate charger available, gave up",814.4035167209549,,,
Car 502,,,,,1,switch,,"Charger 1 (fid=82) not available, trying Charger 4 (fid=86)",814.4084236215688,4,,
Car 539,,,,,2,switch,,"Charger 2 (fid=36) not available, trying Charger 6 (fid=77)",814.6771551347936,6,,
Car 547,,,,,4,switch,,"Charger 4 (fid=86) not available, trying Charger 7 (fid=52)",814.8000249793031,7,,
Car 523,,,,,7,switch,,"Charger 7 (fid=52) not available, trying Charger 3 (fid=53)",814.8060527969194,3,,
Car 541,,,,,0,switch,,"Charger 0 (fid=22) not available, trying Charger 6 (fid=77)",814.8122832960506,6,,
Car 562,,,,64,,arrived,,arrived,814.8509628956448,,,
Car 530,,,,,2,switch,,"Charger 2 (fid=36) not available, trying Charger 5 (fid=19)",814.8768683576633,5,,
Car 501,,,,,1,switch,,"Charger 1 (fid=82) not available, trying Charger 4 (fid=86)",814.9275811030743,4,,
Car 498,,,,,,gave_up,4,"no alternate charger available, gave up",815.0379889969727,,,
Car 540,,,,,7,switch,,"Charger 7 (fid=52) not available, trying Charger 2 (fid=36)",815.1508796473952,2,,
Car 503,,,,,1,switch,,"Charger 1 (fid=82) not available, trying Charger 4 (fid=86)",815.2931874230211,4,,
Car 496,,,,,,gave_up,4,"no alternate charger available, gave up",815.3564361335929,,,
Car 546,,,,,5,switch,,"Charger 5 (fid=19) not available, trying Charger 2 (fid=36)",815.3873414607224,2,,
Car 551,,,,,1,switch,,"Charger 1 (fid=82) not available, trying Charger 7 (fid=52)",815.6137764784793,7,,
Car 532,,,,,2,switch,,"Charger 2 (fid=36) not available, trying Charger 5 (fid=19)",815.7240435320989,5,,
Car 524,,,,,7,switch,,"Charger 7 (fid=52) not available, trying Charger 3 (fid=53)",815.72729492475,3,,
Car 533,,,,,0,switch,,"Charger 0 (fid=22) not available, trying Charger 7 (fid=52)",815.8116213571429,7,,
Car 517,,,,,3,switch,,"Charger 3 (fid=53) not available, trying Charger 1 (fid=82)",815.824358145714,1,,
Car 495,,,,,,gave_up,1,"no alternate charger available, gave up",816.0932985356393,,,
Car 529,,,,,1,switch,,"Charger 1 (fid=82) not available, trying Charger 6 (fid=77)",816.4648054681115,6,,
Car 506,,,,,5,switch,,"Charger 5 (fid=19) not available, trying Charger 0 (fid=22)",816.5096958353412,0,,
Car 542,,,,,7,switch,,"Charger 7 (fid=52) not available, trying Charger 2 (fid=36)",816.5464456095842,2,,
Car 549,,,,,5,switch,,"Charger 5 (fid=19) not available, trying Charger 2 (fid=36)",816.6478498241846,2,,
Car 520,,,,,3,switch,,"Charger 3 (fid=53) not available, trying Charger 7 (fid=52)",817.2603701600416,7,,
Car 543,,,,,7,switch,,"Charger 7 (fid=52) not available, trying Charger 2 (fid=36)",817.37902165916,2,,
Car 500,,,,,5,switch,,"Charger 5 (fid=19) not available, trying Charger 0 (fid=22)",817.453240001061,0,,
Car 552,,,,,3,switch,,"Charger 3 (fid=53) not available, trying Charger 7 (fid=52)",817.4760136043118,7,,
Car 538,,,,,7,switch,,"Charger 7 (fid=52) not available, trying Charger 1 (fid=82)",817.4910739004006,1,,
Car 554,,,,,5,switch,,"Charger 5 (fid=19) not available, trying Charger 0 (fid=22)",817.5227198701231,0,,
Car 497,,,,,1,switch,,"Charger 1 (fid=82) not available, trying Charger 4 (fid=86)",817.5372063492546,4,,
Car 518,,,,,3,switch,,"Charger 3 (fid=53) not available, trying Charger 1 (fid=82)",817.5541734446648,1,,
Car 548,,,,,2,switch,,"Charger 2 (fid=36) not available, trying Charger 5 (fid=19)",817.5888331483336,5,,
Car 519,,,,,3,switch,,"Charger 3 (fid=53) not available, trying Charger 1 (fid=82)",817.5967738032477,1,,
Car 550,,,,,2,switch,,"Charger 2 (fid=36) not available, trying Charger 5 (fid=19)",817.7692064910101,5,,
Car 555,,,,,2,switch,,"Charger 2 (fid=36) not available, trying Charger 0 (fid=22)",817.9596787249711,0,,
Car 560,,,,,6,switch,,"Charger 6 (fid=77) not available, trying Charger 2 (fid=36)",818.0466306582463,2,,
Car 563,,,,35,,arrived,,arrived,818.1549423904646,,,
Car 564,,,,12,,arrived,,arrived,818.2179622447032,,,
Car 565,,,,39,,arrived,,arrived,818.2382114618268,,,
Car 561,,,,,0,switch,,"Charger 0 (fid=22) not available, trying Charger 5 (fid=19)",818.4908953035828,5,,
Car 537,,,,,1,switch,,"Charger 1 (fid=82) not available, trying Charger 6 (fid=77)",818.8097158587066,6,,
Car 509,,,,,1,switch,,"Charger 1 (fid=82) not available, trying Charger 4 (fid=86)",819.0251008471508,4,,
Car 508,,,,,1,switch,,"Charger 1 (fid=82) not available, trying Charger 4 (fid=86)",819.0321137572837,4,,
Car 556,,,,,0,switch,,"Charger 0 (fid=22) not available, trying Charger 2 (fid=36)",819.2068484245729,2,,
Car 522,,,,,1,switch,,"Charger 1 (fid=82) not available, trying Charger 4 (fid=86)",819.2284488325641,4,,
Car 553,,,,,2,switch,,"Charger 2 (fid=36) not available, trying Charger 0 (fid=22)",819.2439736693335,0,,
Car 510,,,,,1,switch,,"Charger 1 (fid=82) not available, trying Charger 4 (fid=86)",819.3048823001033,4,,
Car 536,,,,,6,switch,,"Charger 6 (fid=77) not available, trying Charger 7 (fid=52)",819.3392097441127,7,,
Car 545,,,,,2,switch,,"Charger 2 (fid=36) not available, trying Charger 6 (fid=77)",819.3689463404602,6,,
Car 499,,,,,1,switch,,"Charger 1 (fid=82) not available, trying Charger 4 (fid=86)",819.5815227099058,4,,
Car 544,,,,,0,switch,,"Charger 0 (fid=22) not available, trying Charger 6 (fid=77)",819.6302374040132,6,,
Car 502,,,,,,gave_up,4,"no alternate charger available, gave up",819.6908753298829,,,
Car 494,,,,,,gave_up,0,"no alternate charger available, gave up",819.7480427767142,,,
Car 562,,,,,3,switch,,"Charger 3 (fid=53) not available, trying Charger 4 (fid=86)",819.8509628956448,4,,
Car 514,,,,,5,switch,,"Charger 5 (fid=19) not available, trying Charger 0 (fid=22)",819.8708157313389,0,,
Car 531,,,,,7,switch,,"Charger 7 (fid=52) not available, trying Charger 3 (fid=53)",819.8886752559745,3,,
Car 558,,,,,6,switch,,"Charger 6 (fid=77) not available, trying Charger 7 (fid=52)",819.9752480360717,7,,
Car 516,,,,,5,switch,,"Charger 5 (fid=19) not available, trying Charger 0 (fid=22)",820.1372271697245,0,,
Car 501,,,,,,gave_up,4,"no alternate charger available, gave up",820.2100328113885,,,
Car 559,,,,,0,switch,,"Charger 0 (fid=22) not available, trying Charger 2 (fid=36)",820.4580064490261,2,,
Car 525,,,,,4,switch,,"Charger 4 (fid=86) not available, trying Charger 5 (fid=19)",820.5534964639087,5,,
Car 503,,,,,,gave_up,4,"no alternate charger available, gave up",820.5756391313353,,,
Car 530,,,,,5,switch,,"Charger 5 (fid=19) not available, trying Charger 0 (fid=22)",820.6297251907955,0,,
Car 535,,,,,1,switch,,"Charger 1 (fid=82) not available, trying Charger 6 (fid=77)",820.7701933988571,6,,
Car 557,,,,,2,switch,,"Charger 2 (fid=36) not available, trying Charger 0 (fid=22)",820.8085569075229,0,,
Car 523,,,,,3,switch,,"Charger 3 (fid=53) not available, trying Charger 1 (fid=82)",820.8259894159512,1,,
Car 513,,,,,1,switch,,"Charger 1 (fid=82) not available, trying Charger 4 (fid=86)",821.0716117774823,4,,
Car 546,,,,,2,switch,,"Charger 2 (fid=36) not available, trying Charger 6 (fid=77)",821.1401982938546,6,,
Car 566,,,,9,,arrived,,arrived,821.292018214112,,,
Car 532,,,,,5,switch,,"Charger 5 (fid=19) not available, trying Charger 0 (fid=22)",821.4769003652311,0,,
Car 511,,,,,1,switch,,"Charger 1 (fid=82) not available, trying Charger 4 (fid=86)",821.5458612190655,4,,
Car 524,,,,,3,switch,,"Charger 3 (fid=53) not available, trying Charger 1 (fid=82)",821.7472315437818,1,,
Car 539,,,,,6,switch,,"Charger 6 (fid=77) not available, trying Charger 7 (fid=52)",822.2324594953549,7,,
Car 549,,,,,2,switch,,"Charger 2 (fid=36) not available, trying Charger 6 (fid=77)",822.4007066573168,6,,
Car 547,,,,,7,switch,,"Charger 7 (fid=52) not available, trying Charger 3 (fid=53)",822.4298923768434,3,,
Car 497,,,,,,gave_up,4,"no alternate charger available, gave up",822.8196580575687,,,
Car 506,,,,,,gave_up,0,"no alternate charger available, gave up",822.9704229882813,,,
Car 563,,,,,2,switch,,"Charger 2 (fid=36) not available, trying Charger 5 (fid=19)",823.1549423904646,5,,
Car 540,,,,,2,switch,,"Charger 2 (fid=36) not available, trying Charger 5 (fid=19)",823.1792171444346,5,,
Car 564,,,,,7,switch,,"Charger 7 (fid=52) not available, trying Charger 2 (fid=36)",823.2179622447032,2,,
Car 565,,,,,3,switch,,"Charger 3 (fid=53) not available, trying Charger 6 (fid=77)",823.2382114618268,6,,
Car 551,,,,,7,switch,,"Charger 7 (fid=52) not available, trying Charger 3 (fid=53)",823.2716941669464,3,,
Car 520,,,,,7,switch,,"Charger 7 (fid=52) not available, trying Charger 1 (fid=82)",823.2803067790734,1,,
Car 527,,,,,3,switch,,"Charger 3 (fid=53) not available, trying Charger 7 (fid=52)",823.3046068959163,7,,
Car 548,,,,,5,switch,,"Charger 5 (fid=19) not available, trying Charger 0 (fid=22)",823.3416899814658,0,,
Car 528,,,,,3,switch,,"Charger 3 (fid=53) not available, trying Charger 7 (fid=52)",823.4719960713597,7,,
Car 552,,,,,7,switch,,"Charger 7 (fid=52) not available, trying Charger 2 (fid=36)",823.4959502233436,2,,
Car 550,,,,,5,switch,,"Charger 5 (fid=19) not available, trying Charger 0 (fid=22)",823.5220633241423,0,,
Car 567,,,,55,,arrived,,arrived,823.6908302759807,,,
Car 500,,,,,,gave_up,0,"no alternate charger available, gave up",823.913967154001,,,
Car 554,,,,,0,switch,,"Charger 0 (fid=22) not available, trying Charger 6 (fid=77)",823.9834470230631,6,,
Car 541,,,,,6,switch,,"Charger 6 (fid=77) not available, trying Charger 7 (fid=52)",824.1503881075115,7,,
Car 517,,,,,1,switch,,"Charger 1 (fid=82) not available, trying Charger 4 (fid=86)",824.1685723530554,4,,
Car 492,,,,,,gave_up,0,"no alternate charger available, gave up",824.2752892726235,,,
Car 509,,,,,,gave_up,4,"no alternate charger available, gave up",824.307552555465,,,
Car 508,,,,,,gave_up,4,"no alternate charger available, gave up",824.3145654655979,,,
Car 568,,,,34,,arrived,,arrived,824.4527291922553,,,
Car 522,,,,,4,switch,,"Charger 4 (fid=86) not available, trying Charger 5 (fid=19)",824.5109005408783,5,,
Car 542,,,,,2,switch,,"Charger 2 (fid=36) not available, trying Charger 5 (fid=19)",824.5747831066236,5,,
Car 510,,,,,,gave_up,4,"no alternate charger available, gave up",824.5873340084174,,,
Car 512,,,,,4,switch,,"Charger 4 (fid=86) not available, trying Charger 1 (fid=82)",824.7827017735085,1,,
Car 499,,,,,,gave_up,4,"no alternate charger available, gave up",824.86397441822,,,
Car 561,,,,,5,switch,,"Charger 5 (fid=19) not available, trying Charger 2 (fid=36)",824.9516224565228,2,,
Car 555,,,,,0,switch,,"Charger 0 (fid=22) not available, trying Charger 6 (fid=77)",825.1026670991612,6,,
Car 538,,,,,1,switch,,"Charger 1 (fid=82) not available, trying Charger 6 (fid=77)",825.1489915888677,6,,
Car 569,,,,40,,arrived,,arrived,825.2915047931423,,,
Car 543,,,,,2,switch,,"Charger 2 (fid=36) not available, trying Charger 4 (fid=86)",825.4073591561994,4,,
Car 515,,,,,1,switch,,"Charger 1 (fid=82) not available, trying Charger 4 (fid=86)",825.5968974170098,4,,
Car 560,,,,,2,switch,,"Charger 2 (fid=36) not available, trying Charger 7 (fid=52)",825.6019350188076,7,,
Car 529,,,,,6,switch,,"Charger 6 (fid=77) not available, trying Charger 2 (fid=36)",825.6499834851093,2,,
Car 518,,,,,1,switch,,"Charger 1 (fid=82) not available, trying Charger 4 (fid=86)",825.8983876520062,4,,
Car 536,,,,,7,switch,,"Charger 7 (fid=52) not available, trying Charger 3 (fid=53)",825.9049473603375,3,,
Car 531,,,,,3,switch,,"Charger 3 (fid=53) not available, trying Charger 1 (fid=82)",825.9086118750063,1,,
Car 519,,,,,1,switch,,"Charger 1 (fid=82) not available, trying Charger 4 (fid=86)",825.9409880105892,4,,
Car 533,,,,,7,switch,,"Charger 7 (fid=52) not available, trying Charger 3 (fid=53)",825.9443321672887,3,,
Car 570,,,,73,,arrived,,arrived,826.0584445692767,,,
Car 566,,,,,6,switch,,"Charger 6 (fid=77) not available, trying Charger 2 (fid=36)",826.292018214112,2,,
Car 514,,,,,,gave_up,0,"no alternate charger available, gave up",826.331542884279,,,
Car 556,,,,,2,switch,,"Charger 2 (fid=36) not available, trying Charger 6 (fid=77)",826.3498367987629,6,,
Car 513,,,,,,gave_up,4,"no alternate charger available, gave up",826.3540634857965,,,
Car 553,,,,,0,switch,,"Charger 0 (fid=22) not available, trying Charger 5 (fid=19)",826.3869620435236,5,,
Car 558,,,,,7,switch,,"Charger 7 (fid=52) not available, trying Charger 2 (fid=36)",826.5409856522964,2,,
Car 516,,,,,,gave_up,0,"no alternate charger available, gave up",826.5979543226646,,,
Car 511,,,,,,gave_up,4,"no alternate charger available, gave up",826.8283129273797,,,
Car 545,,,,,6,switch,,"Charger 6 (fid=77) not available, trying Charger 7 (fid=52)",826.9242507010215,7,,
Car 530,,,,,0,switch,,"Charger 0 (fid=22) not available, trying Charger 1 (fid=82)",827.0904523437356,1,,
Car 559,,,,,2,switch,,"Charger 2 (fid=36) not available, trying Charger 6 (fid=77)",827.6009948232162,6,,
Car 571,,,,54,,arrived,,arrived,827.7394293409279,,,
Car 572,,,,77,,arrived,,arrived,827.7910213657984,,,
Car 532,,,,,0,switch,,"Charger 0 (fid=22) not available, trying Charger 1 (fid=82)",827.9376275181712,1,,
Car 557,,,,,0,switch,,"Charger 0 (fid=22) not available, trying Charger 5 (fid=19)",827.9515452817129,5,,
Car 537,,,,,6,switch,,"Charger 6 (fid=77) not available, trying Charger 2 (fid=36)",827.9948938757043,2,,
Car 562,,,,,4,switch,,"Charger 4 (fid=86) not available, trying Charger 7 (fid=52)",828.0939546517204,7,,
Car 573,,,,73,,arrived,,arrived,828.2634178800065,,,
Car 547,,,,,3,switch,,"Charger 3 (fid=53) not available, trying Charger 6 (fid=77)",828.4498289958752,6,,
Car 567,,,,,5,switch,,"Charger 5 (fid=19) not available, trying Charger 2 (fid=36)",828.6908302759807,2,,
Car 546,,,,,6,switch,,"Charger 6 (fid=77) not available, trying Charger 7 (fid=52)",828.6955026544159,7,,
Car 539,,,,,7,switch,,"Charger 7 (fid=52) not available, trying Charger 3 (fid=53)",828.7981971115796,3,,
Car 563,,,,,5,switch,,"Charger 5 (fid=19) not available, trying Charger 0 (fid=22)",828.9077992235968,0,,
Car 540,,,,,5,switch,,"Charger 5 (fid=19) not available, trying Charger 0 (fid=22)",828.9320739775668,0,,
Car 544,,,,,6,switch,,"Charger 6 (fid=77) not available, trying Charger 7 (fid=52)",828.9683422154741,7,,
Car 523,,,,,1,switch,,"Charger 1 (fid=82) not available, trying Charger 4 (fid=86)",829.1702036232927,4,,
Car 551,,,,,3,switch,,"Charger 3 (fid=53) not available, trying Charger 6 (fid=77)",829.2916307859782,6,,
Car 527,,,,,7,switch,,"Charger 7 (fid=52) not available, trying Charger 1 (fid=82)",829.3245435149481,1,,
Car 517,,,,,,gave_up,4,"no alternate charger available, gave up",829.4510240613696,,,
Car 568,,,,,2,switch,,"Charger 2 (fid=36) not available, trying Charger 5 (fid=19)",829.4527291922553,5,,
Car 528,,,,,7,switch,,"Charger 7 (fid=52) not available, trying Charger 1 (fid=82)",829.4919326903915,1,,
Car 548,,,,,0,switch,,"Charger 0 (fid=22) not available, trying Charger 7 (fid=52)",829.8024171344059,7,,
Car 565,,,,,6,switch,,"Charger 6 (fid=77) not available, trying Charger 7 (fid=52)",829.8112353322919,7,,
Car 535,,,,,6,switch,,"Charger 6 (fid=77) not available, trying Charger 2 (fid=36)",829.9553714158549,2,,
Car 549,,,,,6,switch,,"Charger 6 (fid=77) not available, trying Charger 7 (fid=52)",829.9560110178782,7,,
Car 550,,,,,0,switch,,"Charger 0 (fid=22) not available, trying Charger 7 (fid=52)",829.9827904770824,7,,
Car 512,,,,,,gave_up,1,"no alternate charger available, gave up",830.0651534818227,,,
Car 524,,,,,1,switch,,"Charger 1 (fid=82) not available, trying Charger 4 (fid=86)",830.0914457511233,4,,
Car 569,,,,,6,switch,,"Charger 6 (fid=77) not available, trying Charger 3 (fid=53)",830.2915047931423,3,,
Car 542,,,,,5,switch,,"Charger 5 (fid=19) not available, trying Charger 0 (fid=22)",830.3276399397558,0,,
Car 561,,,,,2,switch,,"Charger 2 (fid=36) not available, trying Charger 6 (fid=77)",830.7044792896551,6,,
Car 541,,,,,7,switch,,"Charger 7 (fid=52) not available, trying Charger 3 (fid=53)",830.7161257237362,3,,
Car 515,,,,,,gave_up,4,"no alternate charger available, gave up",830.879349125324,,,
Car 525,,,,,5,switch,,"Charger 5 (fid=19) not available, trying Charger 1 (fid=82)",830.884092755784,1,,
Car 520,,,,,1,switch,,"Charger 1 (fid=82) not available, trying Charger 4 (fid=86)",830.9382244675405,4,,
Car 570,,,,,6,switch,,"Charger 6 (fid=77) not available, trying Charger 2 (fid=36)",831.0584445692767,2,,
Car 518,,,,,,gave_up,4,"no alternate charger available, gave up",831.1808393603204,,,
Car 519,,,,,,gave_up,4,"no alternate charger available, gave up",831.2234397189034,,,
Car 564,,,,,2,switch,,"Charger 2 (fid=36) not available, trying Charger 1 (fid=82)",831.2462997417426,1,,
Car 552,,,,,2,switch,,"Charger 2 (fid=36) not available, trying Charger 5 (fid=19)",831.524287720383,5,,
Car 536,,,,,3,switch,,"Charger 3 (fid=53) not available, trying Charger 1 (fid=82)",831.9248839793693,1,,
Car 533,,,,,3,switch,,"Charger 3 (fid=53) not available, trying Charger 1 (fid=82)",831.9642687863205,1,,
Car 571,,,,,5,switch,,"Charger 5 (fid=19) not available, trying Charger 2 (fid=36)",832.7394293409279,2,,
Car 572,,,,,6,switch,,"Charger 6 (fid=77) not available, trying Charger 7 (fid=52)",832.7910213657984,7,,
Car 553,,,,,5,switch,,"Charger 5 (fid=19) not available, trying Charger 3 (fid=53)",832.8476891964636,3,,
Car 529,,,,,2,switch,,"Charger 2 (fid=36) not available, trying Charger 5 (fid=19)",833.2052878456706,5,,
Car 573,,,,,6,switch,,"Charger 6 (fid=77) not available, trying Charger 2 (fid=36)",833.2634178800065,2,,
Car 554,,,,,6,switch,,"Charger 6 (fid=77) not available, trying Charger 7 (fid=52)",833.321551834524,7,,
Car 545,,,,,7,switch,,"Charger 7 (fid=52) not available, trying Charger 3 (fid=53)",833.4899883172462,3,,
Car 560,,,,,7,switch,,"Charger 7 (fid=52) not available, trying Charger 3 (fid=53)",833.630272515847,3,,
Car 566,,,,,2,switch,,"Charger 2 (fid=36) not available, trying Charger 3 (fid=53)",833.8473225746733,3,,
Car 574,,,,37,,arrived,,arrived,833.8605188490124,,,
Car 556,,,,,6,switch,,"Charger 6 (fid=77) not available, trying Charger 7 (fid=52)",833.9051411593242,7,,
Car 531,,,,,1,switch,,"Charger 1 (fid=82) not available, trying Charger 4 (fid=86)",834.2528260823477,4,,
Car 538,,,,,6,switch,,"Charger 6 (fid=77) not available, trying Charger 2 (fid=36)",834.3341696058654,2,,
Car 557,,,,,5,switch,,"Charger 5 (fid=19) not available, trying Charger 3 (fid=53)",834.412272434653,3,,
Car 555,,,,,6,switch,,"Charger 6 (fid=77) not available, trying Charger 7 (fid=52)",834.4407719106221,7,,
Car 567,,,,,2,switch,,"Charger 2 (fid=36) not available, trying Charger 0 (fid=22)",834.443687109113,0,,
Car 523,,,,,,gave_up,4,"no alternate charger available, gave up",834.4526553316068,,,
Car 558,,,,,2,switch,,"Charger 2 (fid=36) not available, trying Charger 4 (fid=86)",834.5693231493358,4,,
Car 539,,,,,3,switch,,"Charger 3 (fid=53) not available, trying Charger 1 (fid=82)",834.8181337306114,1,,
Car 522,,,,,5,switch,,"Charger 5 (fid=19) not available, trying Charger 0 (fid=22)",834.8414968327536,0,,
Car 547,,,,,6,switch,,"Charger 6 (fid=77) not available, trying Charger 2 (fid=36)",835.0228528663403,2,,
Car 543,,,,,4,switch,,"Charger 4 (fid=86) not available, trying Charger 5 (fid=19)",835.1184894307668,5,,
Car 559,,,,,6,switch,,"Charger 6 (fid=77) not available, trying Charger 7 (fid=52)",835.1562991837775,7,,
Car 568,,,,,5,switch,,"Charger 5 (fid=19) not available, trying Charger 0 (fid=22)",835.2055860253876,0,,
Car 546,,,,,7,switch,,"Charger 7 (fid=52) not available, trying Charger 3 (fid=53)",835.2612402706407,3,,
Car 563,,,,,0,switch,,"Charger 0 (fid=22) not available, trying Charger 6 (fid=77)",835.3685263765369,6,,
Car 524,,,,,,gave_up,4,"no alternate charger available, gave up",835.3738974594374,,,
Car 540,,,,,0,switch,,"Charger 0 (fid=22) not available, trying Charger 1 (fid=82)",835.3928011305069,1,,
Car 544,,,,,7,switch,,"Charger 7 (fid=52) not available, trying Charger 3 (fid=53)",835.5340798316988,3,,
Car 537,,,,,2,switch,,"Charger 2 (fid=36) not available, trying Charger 5 (fid=19)",835.5501982362656,5,,
Car 562,,,,,7,switch,,"Charger 7 (fid=52) not available, trying Charger 1 (fid=82)",835.7238220492608,1,,
Car 463,69.0,22,0,,,done,,done charging,835.7445815908738,,,299.9755852148651
Car 542,,22,0,,,start_charge,,starting to charge at Charger 0 (fid=22),835.7445815908738,,28.95621449817793,
Car 551,,,,,6,switch,,"Charger 6 (fid=77) not available, trying Charger 2 (fid=36)",835.8646546564432,2,,
Car 520,,,,,,gave_up,4,"no alternate charger available, gave up",836.2206761758547,,,
Car 575,,,,1,,arrived,,arrived,836.2262787774274,,,
Car 576,,,,8,,arrived,,arrived,836.2276106529282,,,
Car 565,,,,,7,switch,,"Charger 7 (fid=52) not available, trying Charger 2 (fid=36)",836.3769729485166,2,,
Car 549,,,,,7,switch,,"Charger 7 (fid=52) not available, trying Charger 3 (fid=53)",836.5217486341029,3,,
Car 541,,,,,3,switch,,"Charger 3 (fid=53) not available, trying Charger 1 (fid=82)",836.736062342768,1,,
Car 577,,,,37,,arrived,,arrived,836.7407034897369,,,
Car 569,,,,,3,switch,,"Charger 3 (fid=53) not available, trying Charger 7 (fid=52)",836.8645286636073,7,,
Car 578,,,,57,,arrived,,arrived,836.9359157364997,,,
Car 527,,,,,1,switch,,"Charger 1 (fid=82) not available, trying Charger 4 (fid=86)",836.9824612034153,4,,
Car 579,,,,54,,arrived,,arrived,837.0160997742972,,,
Car 528,,,,,1,switch,,"Charger 1 (fid=82) not available, trying Charger 4 (fid=86)",837.1498503788587,4,,
Car 552,,,,,5,switch,,"Charger 5 (fid=19) not available, trying Charger 0 (fid=22)",837.2771445535152,0,,
Car 580,,,,59,,arrived,,arrived,837.4888736992499,,,
Car 535,,,,,2,switch,,"Charger 2 (fid=36) not available, trying Charger 5 (fid=19)",837.5106757764162,5,,
Car 581,,,,27,,arrived,,arrived,837.5502912364389,,,
Car 582,,,,37,,arrived,,arrived,837.9911556280197,,,
Car 561,,,,,6,switch,,"Charger 6 (fid=77) not available, trying Charger 7 (fid=52)",838.2597836502164,7,,
Car 571,,,,,2,switch,,"Charger 2 (fid=36) not available, trying Charger 0 (fid=22)",838.4922861740602,0,,
Car 570,,,,,2,switch,,"Charger 2 (fid=36) not available, trying Charger 5 (fid=19)",838.613748929838,5,,
Car 530,,,,,1,switch,,"Charger 1 (fid=82) not available, trying Charger 4 (fid=86)",838.7071816282797,4,,
Car 574,,,,,0,switch,,"Charger 0 (fid=22) not available, trying Charger 5 (fid=19)",838.8605188490124,5,,
Car 529,,,,,5,switch,,"Charger 5 (fid=19) not available, trying Charger 0 (fid=22)",838.9581446788028,0,,
Car 572,,,,,7,switch,,"Charger 7 (fid=52) not available, trying Charger 3 (fid=53)",839.3567589820232,3,,
Car 545,,,,,3,switch,,"Charger 3 (fid=53) not available, trying Charger 1 (fid=82)",839.509924936278,1,,
Car 531,,,,,,gave_up,4,"no alternate charger available, gave up",839.5352777906619,,,
Car 532,,,,,1,switch,,"Charger 1 (fid=82) not available, trying Charger 4 (fid=86)",839.5543568027153,4,,
Car 583,,,,51,,arrived,,arrived,839.5771073166172,,,
Car 560,,,,,3,switch,,"Charger 3 (fid=53) not available, trying Charger 5 (fid=19)",839.6502091348788,5,,
Car 554,,,,,7,switch,,"Charger 7 (fid=52) not available, trying Charger 3 (fid=53)",839.8872894507488,3,,
Car 548,,,,,7,switch,,"Charger 7 (fid=52) not available, trying Charger 3 (fid=53)",839.9351279445517,3,,
Car 550,,,,,7,switch,,"Charger 7 (fid=52) not available, trying Charger 3 (fid=53)",840.1155012872282,3,,
Car 536,,,,,1,switch,,"Charger 1 (fid=82) not available, trying Charger 4 (fid=86)",840.2690981867107,4,,
Car 533,,,,,1,switch,,"Charger 1 (fid=82) not available, trying Charger 4 (fid=86)",840.308482993662,4,,
Car 584,,,,1,,arrived,,arrived,840.4665989661519,,,
Car 556,,,,,7,switch,,"Charger 7 (fid=52) not available, trying Charger 3 (fid=53)",840.470878775549,3,,
Car 564,,,,,1,switch,,"Charger 1 (fid=82) not available, trying Charger 4 (fid=86)",840.8064607815967,4,,
Car 573,,,,,2,switch,,"Charger 2 (fid=36) not available, trying Charger 5 (fid=19)",840.8187222405678,5,,
Car 555,,,,,7,switch,,"Charger 7 (fid=52) not available, trying Charger 3 (fid=53)",841.0065095268468,3,,
Car 525,,,,,1,switch,,"Charger 1 (fid=82) not available, trying Charger 0 (fid=22)",841.0429329388596,0,,
Car 575,,,,,7,switch,,"Charger 7 (fid=52) not available, trying Charger 6 (fid=77)",841.2262787774274,6,,
Car 576,,,,,6,switch,,"Charger 6 (fid=77) not available, trying Charger 2 (fid=36)",841.2276106529282,2,,
Car 546,,,,,3,switch,,"Charger 3 (fid=53) not available, trying Charger 1 (fid=82)",841.2811768896725,1,,
Car 522,,,,,,gave_up,0,"no alternate charger available, gave up",841.3022239856937,,,
Car 537,,,,,5,switch,,"Charger 5 (fid=19) not available, trying Charger 0 (fid=22)",841.3030550693978,0,,
Car 464,78.0,53,3,,,done,,done charging,841.4107291114569,,,360.4703590948803
Car 544,,53,3,,,start_charge,,starting to charge at Charger 3 (fid=53),841.4107291114569,,29.856712660726316,
Car 567,,,,,0,switch,,"Charger 0 (fid=22) not available, trying Charger 6 (fid=77)",841.586675483303,6,,
Car 568,,,,,0,switch,,"Charger 0 (fid=22) not available, trying Charger 6 (fid=77)",841.6663131783276,6,,
Car 559,,,,,7,switch,,"Charger 7 (fid=52) not available, trying Charger 3 (fid=53)",841.7220368000022,3,,
Car 577,,,,,0,switch,,"Charger 0 (fid=22) not available, trying Charger 5 (fid=19)",841.7407034897369,5,,
Car 538,,,,,2,switch,,"Charger 2 (fid=36) not available, trying Charger 5 (fid=19)",841.8894739664267,5,,
Car 578,,,,,5,switch,,"Charger 5 (fid=19) not available, trying Charger 2 (fid=36)",841.9359157364997,2,,
Car 579,,,,,5,switch,,"Charger 5 (fid=19) not available, trying Charger 2 (fid=36)",842.0160997742972,2,,
Car 585,,,,65,,arrived,,arrived,842.1270579414617,,,
Car 527,,,,,,gave_up,4,"no alternate charger available, gave up",842.2649129117294,,,
Car 553,,,,,3,switch,,"Charger 3 (fid=53) not available, trying Charger 7 (fid=52)",842.3512037144109,7,,
Car 528,,,,,,gave_up,4,"no alternate charger available, gave up",842.4323020871728,,,
Car 586,,,,73,,arrived,,arrived,842.4328275026023,,,
Car 580,,,,,3,switch,,"Charger 3 (fid=53) not available, trying Charger 7 (fid=52)",842.4888736992499,7,,
Car 549,,,,,3,switch,,"Charger 3 (fid=53) not available, trying Charger 1 (fid=82)",842.5416852531347,1,,
Car 581,,,,,0,switch,,"Charger 0 (fid=22) not available, trying Charger 5 (fid=19)",842.5502912364389,5,,
Car 547,,,,,2,switch,,"Charger 2 (fid=36) not available, trying Charger 5 (fid=19)",842.5781572269016,5,,
Car 566,,,,,3,switch,,"Charger 3 (fid=53) not available, trying Charger 5 (fid=19)",842.6015082665351,5,,
Car 569,,,,,7,switch,,"Charger 7 (fid=52) not available, trying Charger 2 (fid=36)",842.8844652826391,2,,
Car 582,,,,,0,switch,,"Charger 0 (fid=22) not available, trying Charger 5 (fid=19)",842.9911556280197,5,,
Car 539,,,,,1,switch,,"Charger 1 (fid=82) not available, trying Charger 4 (fid=86)",843.1623479379529,4,,
Car 535,,,,,5,switch,,"Charger 5 (fid=19) not available, trying Charger 0 (fid=22)",843.2635326095484,0,,
Car 562,,,,,1,switch,,"Charger 1 (fid=82) not available, trying Charger 6 (fid=77)",843.3817397377279,6,,
Car 551,,,,,2,switch,,"Charger 2 (fid=36) not available, trying Charger 5 (fid=19)",843.4199590170045,5,,
Car 552,,,,,0,switch,,"Charger 0 (fid=22) not available, trying Charger 1 (fid=82)",843.7378717064553,1,,
Car 557,,,,,3,switch,,"Charger 3 (fid=53) not available, trying Charger 7 (fid=52)",843.9157869526002,7,,
Car 530,,,,,,gave_up,4,"no alternate charger available, gave up",843.9896333365939,,,
Car 558,,,,,4,switch,,"Charger 4 (fid=86) not available, trying Charger 5 (fid=19)",844.2804534239032,5,,
Car 570,,,,,5,switch,,"Charger 5 (fid=19) not available, trying Charger 0 (fid=22)",844.3666057629703,0,,
Car 565,,,,,2,switch,,"Charger 2 (fid=36) not available, trying Charger 4 (fid=86)",844.405310445556,4,,
Car 583,,,,,3,switch,,"Charger 3 (fid=53) not available, trying Charger 6 (fid=77)",844.5771073166172,6,,
Car 563,,,,,6,switch,,"Charger 6 (fid=77) not available, trying Charger 7 (fid=52)",844.7066311879978,7,,
Car 561,,,,,7,switch,,"Charger 7 (fid=52) not available, trying Charger 3 (fid=53)",844.8255212664411,3,,
Car 532,,,,,,gave_up,4,"no alternate charger available, gave up",844.8368085110295,,,
Car 541,,,,,1,switch,,"Charger 1 (fid=82) not available, trying Charger 4 (fid=86)",845.0802765501095,4,,
Car 574,,,,,5,switch,,"Charger 5 (fid=19) not available, trying Charger 2 (fid=36)",845.3212460019524,2,,
Car 572,,,,,3,switch,,"Charger 3 (fid=53) not available, trying Charger 2 (fid=36)",845.376695601055,2,,
Car 529,,,,,,gave_up,0,"no alternate charger available, gave up",845.4188718317429,,,
Car 543,,,,,5,switch,,"Charger 5 (fid=19) not available, trying Charger 1 (fid=82)",845.449085722642,1,,
Car 584,,,,,7,switch,,"Charger 7 (fid=52) not available, trying Charger 6 (fid=77)",845.4665989661519,6,,
Car 536,,,,,,gave_up,4,"no alternate charger available, gave up",845.5515498950249,,,
Car 533,,,,,,gave_up,4,"no alternate charger available, gave up",845.5909347019762,,,
Car 571,,,,,0,switch,,"Charger 0 (fid=22) not available, trying Charger 6 (fid=77)",845.6352745482502,6,,
Car 554,,,,,3,switch,,"Charger 3 (fid=53) not available, trying Charger 1 (fid=82)",845.9072260697806,1,,
Car 548,,,,,3,switch,,"Charger 3 (fid=53) not available, trying Charger 1 (fid=82)",845.9550645635835,1,,
Car 564,,,,,4,switch,,"Charger 4 (fid=86) not available, trying Charger 6 (fid=77)",846.0889124899109,6,,
Car 587,,,,68,,arrived,,arrived,846.1219036936243,,,
Car 550,,,,,3,switch,,"Charger 3 (fid=53) not available, trying Charger 1 (fid=82)",846.13543790626,1,,
Car 556,,,,,3,switch,,"Charger 3 (fid=53) not available, trying Charger 1 (fid=82)",846.4908153945807,1,,
Car 573,,,,,5,switch,,"Charger 5 (fid=19) not available, trying Charger 0 (fid=22)",846.5715790737,0,,
Car 540,,,,,1,switch,,"Charger 1 (fid=82) not available, trying Charger 4 (fid=86)",847.009530415051,4,,
Car 555,,,,,3,switch,,"Charger 3 (fid=53) not available, trying Charger 1 (fid=82)",847.0264461458786,1,,
Car 585,,,,,0,switch,,"Charger 0 (fid=22) not available, trying Charger 6 (fid=77)",847.1270579414617,6,,
Car 588,,,,23,,arrived,,arrived,847.2498966470711,,,
Car 586,,,,,6,switch,,"Charger 6 (fid=77) not available, trying Charger 2 (fid=36)",847.4328275026023,2,,
Car 538,,,,,5,switch,,"Charger 5 (fid=19) not available, trying Charger 0 (fid=22)",847.642330799559,0,,
Car 578,,,,,2,switch,,"Charger 2 (fid=36) not available, trying Charger 0 (fid=22)",847.688772569632,0,,
Car 559,,,,,3,switch,,"Charger 3 (fid=53) not available, trying Charger 1 (fid=82)",847.741973419034,1,,
Car 537,,,,,,gave_up,0,"no alternate charger available, gave up",847.7637822223379,,,
Car 579,,,,,2,switch,,"Charger 2 (fid=36) not available, trying Charger 0 (fid=22)",847.7689566074295,0,,
Car 575,,,,,6,switch,,"Charger 6 (fid=77) not available, trying Charger 3 (fid=53)",847.7920163936521,3,,
Car 545,,,,,1,switch,,"Charger 1 (fid=82) not available, trying Charger 4 (fid=86)",847.8541391436195,4,,
Car 577,,,,,5,switch,,"Charger 5 (fid=19) not available, trying Charger 2 (fid=36)",848.201430642677,2,,
Car 547,,,,,5,switch,,"Charger 5 (fid=19) not available, trying Charger 0 (fid=22)",848.3310140600338,0,,
Car 553,,,,,7,switch,,"Charger 7 (fid=52) not available, trying Charger 1 (fid=82)",848.3711403334427,1,,
Car 539,,,,,,gave_up,4,"no alternate charger available, gave up",848.444799646267,,,
Car 580,,,,,7,switch,,"Charger 7 (fid=52) not available, trying Charger 6 (fid=77)",848.5088103182817,6,,
Car 576,,,,,2,switch,,"Charger 2 (fid=36) not available, trying Charger 0 (fid=22)",848.7829150134895,0,,
Car 581,,,,,5,switch,,"Charger 5 (fid=19) not available, trying Charger 2 (fid=36)",849.0110183893789,2,,
Car 560,,,,,5,switch,,"Charger 5 (fid=19) not available, trying Charger 0 (fid=22)",849.153723652826,0,,
Car 551,,,,,5,switch,,"Charger 5 (fid=19) not available, trying Charger 0 (fid=22)",849.1728158501368,0,,
Car 589,,,,55,,arrived,,arrived,849.373266588543,,,
Car 582,,,,,5,switch,,"Charger 5 (fid=19) not available, trying Charger 2 (fid=36)",849.4518827809597,2,,
Car 546,,,,,1,switch,,"Charger 1 (fid=82) not available, trying Charger 4 (fid=86)",849.6253910970139,4,,
Car 535,,,,,,gave_up,0,"no alternate charger available, gave up",849.7242597624885,,,
Car 590,,,,84,,arrived,,arrived,849.8132855004487,,,
Car 557,,,,,7,switch,,"Charger 7 (fid=52) not available, trying Charger 1 (fid=82)",849.935723571632,1,,
Car 541,,,,,,gave_up,4,"no alternate charger available, gave up",850.3627282584237,,,
Car 570,,,,,0,switch,,"Charger 0 (fid=22) not available, trying Charger 7 (fid=52)",850.8273329159103,7,,
Car 561,,,,,3,switch,,"Charger 3 (fid=53) not available, trying Charger 1 (fid=82)",850.8454578854729,1,,
Car 549,,,,,1,switch,,"Charger 1 (fid=82) not available, trying Charger 4 (fid=86)",850.8858994604761,4,,
Car 569,,,,,2,switch,,"Charger 2 (fid=36) not available, trying Charger 5 (fid=19)",850.9128027796785,5,,
Car 567,,,,,6,switch,,"Charger 6 (fid=77) not available, trying Charger 7 (fid=52)",850.9247802947639,7,,
Car 568,,,,,6,switch,,"Charger 6 (fid=77) not available, trying Charger 7 (fid=52)",851.0044179897885,7,,
Car 574,,,,,2,switch,,"Charger 2 (fid=36) not available, trying Charger 6 (fid=77)",851.0741028350847,6,,
Car 587,,,,,5,switch,,"Charger 5 (fid=19) not available, trying Charger 2 (fid=36)",851.1219036936243,2,,
Car 583,,,,,6,switch,,"Charger 6 (fid=77) not available, trying Charger 7 (fid=52)",851.1501311870823,7,,
Car 563,,,,,7,switch,,"Charger 7 (fid=52) not available, trying Charger 3 (fid=53)",851.2723688042225,3,,
Car 584,,,,,6,switch,,"Charger 6 (fid=77) not available, trying Charger 3 (fid=53)",852.0323365823766,3,,
Car 566,,,,,5,switch,,"Charger 5 (fid=19) not available, trying Charger 7 (fid=52)",852.1050227844823,7,,
Car 588,,,,,0,switch,,"Charger 0 (fid=22) not available, trying Charger 5 (fid=19)",852.2498966470711,5,,
Car 540,,,,,,gave_up,4,"no alternate charger available, gave up",852.2919821233652,,,
Car 562,,,,,6,switch,,"Charger 6 (fid=77) not available, trying Charger 2 (fid=36)",852.5669177547256,2,,
Car 525,,,,,,gave_up,0,"no alternate charger available, gave up",852.6596622234038,,,
Car 573,,,,,0,switch,,"Charger 0 (fid=22) not available, trying Charger 7 (fid=52)",853.0323062266401,7,,
Car 545,,,,,,gave_up,4,"no alternate charger available, gave up",853.1365908519336,,,
Car 591,,,,68,,arrived,,arrived,853.9417632864747,,,
Car 577,,,,,2,switch,,"Charger 2 (fid=36) not available, trying Charger 6 (fid=77)",853.9542874758092,6,,
Car 538,,,,,,gave_up,0,"no alternate charger available, gave up",854.1030579524991,,,
Car 565,,,,,4,switch,,"Charger 4 (fid=86) not available, trying Charger 5 (fid=19)",854.1164407201234,5,,
Car 572,,,,,2,switch,,"Charger 2 (fid=36) not available, trying Charger 5 (fid=19)",854.1308812929168,5,,
Car 554,,,,,1,switch,,"Charger 1 (fid=82) not available, trying Charger 4 (fid=86)",854.251440277122,4,,
Car 548,,,,,1,switch,,"Charger 1 (fid=82) not available, trying Charger 4 (fid=86)",854.299278770925,4,,
Car 575,,,,,3,switch,,"Charger 3 (fid=53) not available, trying Charger 2 (fid=36)",854.3650402641172,2,,
Car 589,,,,,5,switch,,"Charger 5 (fid=19) not available, trying Charger 2 (fid=36)",854.373266588543,2,,
Car 550,,,,,1,switch,,"Charger 1 (fid=82) not available, trying Charger 4 (fid=86)",854.4796521136014,4,,
Car 558,,,,,5,switch,,"Charger 5 (fid=19) not available, trying Charger 1 (fid=82)",854.6110497157784,1,,
Car 581,,,,,2,switch,,"Charger 2 (fid=36) not available, trying Charger 6 (fid=77)",854.7638752225112,6,,
Car 547,,,,,,gave_up,0,"no alternate charger available, gave up",854.7917412129739,,,
Car 590,,,,,1,switch,,"Charger 1 (fid=82) not available, trying Charger 4 (fid=86)",854.8132855004487,4,,
Car 578,,,,,0,switch,,"Charger 0 (fid=22) not available, trying Charger 6 (fid=77)",854.831760943822,6,,
Car 556,,,,,1,switch,,"Charger 1 (fid=82) not available, trying Charger 4 (fid=86)",854.8350296019222,4,,
Car 546,,,,,,gave_up,4,"no alternate charger available, gave up",854.9078428053281,,,
Car 579,,,,,0,switch,,"Charger 0 (fid=22) not available, trying Charger 6 (fid=77)",854.9119449816195,6,,
Car 592,,,,51,,arrived,,arrived,854.9428228545333,,,
Car 571,,,,,6,switch,,"Charger 6 (fid=77) not available, trying Charger 7 (fid=52)",854.9733793597111,7,,
Car 586,,,,,2,switch,,"Charger 2 (fid=36) not available, trying Charger 5 (fid=19)",854.9881318631636,5,,
Car 580,,,,,6,switch,,"Charger 6 (fid=77) not available, trying Charger 4 (fid=86)",855.0745479345064,4,,
Car 593,,,,71,,arrived,,arrived,855.1564851494828,,,
Car 582,,,,,2,switch,,"Charger 2 (fid=36) not available, trying Charger 6 (fid=77)",855.204739614092,6,,
Car 564,,,,,6,switch,,"Charger 6 (fid=77) not available, trying Charger 3 (fid=53)",855.269776310323,3,,
Car 552,,,,,1,switch,,"Charger 1 (fid=82) not available, trying Charger 4 (fid=86)",855.3546009909994,4,,
Car 493,94.0,19,5,,,done,,done charging,855.3588056309338,,,45.003292524013496
Car 569,,19,5,,,start_charge,,starting to charge at Charger 5 (fid=19),855.3588056309338,,23.693146018123116,
Car 555,,,,,1,switch,,"Charger 1 (fid=82) not available, trying Charger 4 (fid=86)",855.37066035322,4,,
Car 594,,,,61,,arrived,,arrived,855.3945491008886,,,
Car 543,,,,,1,switch,,"Charger 1 (fid=82) not available, trying Charger 0 (fid=22)",855.6079259057177,0,,
Car 560,,,,,0,switch,,"Charger 0 (fid=22) not available, trying Charger 1 (fid=82)",855.6144508057661,1,,
Car 551,,,,,,gave_up,0,"no alternate charger available, gave up",855.6335430030769,,,
Car 576,,,,,0,switch,,"Charger 0 (fid=22) not available, trying Charger 5 (fid=19)",855.9259033876796,5,,
Car 553,,,,,1,switch,,"Charger 1 (fid=82) not available, trying Charger 4 (fid=86)",856.0290580219098,4,,
Car 559,,,,,1,switch,,"Charger 1 (fid=82) not available, trying Charger 4 (fid=86)",856.0861876263755,4,,
Car 549,,,,,,gave_up,4,"no alternate charger available, gave up",856.1683511687903,,,
Car 585,,,,,6,switch,,"Charger 6 (fid=77) not available, trying Charger 5 (fid=19)",856.4651627529225,5,,
Car 595,,,,60,,arrived,,arrived,856.8053030813034,,,
Car 587,,,,,2,switch,,"Charger 2 (fid=36) not available, trying Charger 0 (fid=22)",856.8747605267565,0,,
Car 596,,,,59,,arrived,,arrived,857.0037902316293,,,
Car 480,91.0,36,2,,,done,,done charging,857.0325685369794,,,309.8971610066751
Car 562,,36,2,,,start_charge,,starting to charge at Charger 2 (fid=36),857.0325685369794,,26.910346421692452,
Car 563,,,,,3,switch,,"Charger 3 (fid=53) not available, trying Charger 1 (fid=82)",857.2923054232543,1,,
Car 597,,,,54,,arrived,,arrived,857.3815169704324,,,
Car 567,,,,,7,switch,,"Charger 7 (fid=52) not available, trying Charger 3 (fid=53)",857.4905179109886,3,,
Car 568,,,,,7,switch,,"Charger 7 (fid=52) not available, trying Charger 3 (fid=53)",857.5701556060133,3,,
Car 557,,,,,1,switch,,"Charger 1 (fid=82) not available, trying Charger 4 (fid=86)",857.5936412600992,4,,
Car 504,88.0,22,0,,,done,,done charging,857.6890010794593,,,105.57071641795041
Car 583,,,,,7,switch,,"Charger 7 (fid=52) not available, trying Charger 2 (fid=36)",857.715868803307,2,,
Car 598,,,,24,,arrived,,arrived,857.9136072610872,,,
Car 599,,,,33,,arrived,,arrived,858.3362359703953,,,
Car 584,,,,,3,switch,,"Charger 3 (fid=53) not available, trying Charger 2 (fid=36)",858.6053604528416,2,,
Car 574,,,,,6,switch,,"Charger 6 (fid=77) not available, trying Charger 7 (fid=52)",858.629407195646,7,,
Car 588,,,,,5,switch,,"Charger 5 (fid=19) not available, trying Charger 2 (fid=36)",858.7106238000111,2,,
Car 591,,,,,5,switch,,"Charger 5 (fid=19) not available, trying Charger 2 (fid=36)",858.9417632864747,2,,
Car 587,,22,0,,,start_charge,,starting to charge at Charger 0 (fid=22),859.0177489009466,,10.0,
Car 561,,,,,1,switch,,"Charger 1 (fid=82) not available, trying Charger 4 (fid=86)",859.1896720928144,4,,
Car 484,84.0,52,7,,,done,,done charging,859.4238180367694,,,538.9147843175218
Car 566,,52,7,,,start_charge,,starting to charge at Charger 7 (fid=52),859.4238180367694,,23.541038337301984,
Car 554,,,,,,gave_up,4,"no alternate charger available, gave up",859.5338919854362,,,
Car 548,,,,,,gave_up,4,"no alternate charger available, gave up",859.5817304792391,,,
Car 550,,,,,,gave_up,4,"no alternate charger available, gave up",859.7621038219156,,,
Car 572,,,,,5,switch,,"Charger 5 (fid=19) not available, trying Charger 4 (fid=86)",859.883738126049,4,,
Car 592,,,,,3,switch,,"Charger 3 (fid=53) not available, trying Charger 6 (fid=77)",859.9428228545333,6,,
Car 590,,,,,4,switch,,"Charger 4 (fid=86) not available, trying Charger 7 (fid=52)",860.0957372087629,7,,
Car 556,,,,,,gave_up,4,"no alternate charger available, gave up",860.1174813102364,,,
Car 589,,,,,2,switch,,"Charger 2 (fid=36) not available, trying Charger 0 (fid=22)",860.1261234216752,0,,
Car 593,,,,,5,switch,,"Charger 5 (fid=19) not available, trying Charger 2 (fid=36)",860.1564851494828,2,,
Car 600,,,,27,,arrived,,arrived,860.3934243849747,,,
Car 594,,,,,6,switch,,"Charger 6 (fid=77) not available, trying Charger 3 (fid=53)",860.3945491008886,3,,
Car 552,,,,,,gave_up,4,"no alternate charger available, gave up",860.6370526993136,,,
Car 555,,,,,,gave_up,4,"no alternate charger available, gave up",860.6531120615342,,,
Car 586,,,,,5,switch,,"Charger 5 (fid=19) not available, trying Charger 0 (fid=22)",860.7409886962959,0,,
Car 570,,,,,7,switch,,"Charger 7 (fid=52) not available, trying Charger 3 (fid=53)",860.9600437260561,3,,
Car 553,,,,,,gave_up,4,"no alternate charger available, gave up",861.311509730224,,,
Car 559,,,,,,gave_up,4,"no alternate charger available, gave up",861.3686393346896,,,
Car 577,,,,,6,switch,,"Charger 6 (fid=77) not available, trying Charger 7 (fid=52)",861.5095918363705,7,,
Car 571,,,,,7,switch,,"Charger 7 (fid=52) not available, trying Charger 3 (fid=53)",861.5391169759358,3,,
Car 595,,,,,6,switch,,"Charger 6 (fid=77) not available, trying Charger 3 (fid=53)",861.8053030813034,3,,
Car 564,,,,,3,switch,,"Charger 3 (fid=53) not available, trying Charger 5 (fid=19)",861.842800180788,5,,
Car 596,,,,,3,switch,,"Charger 3 (fid=53) not available, trying Charger 7 (fid=52)",862.0037902316293,7,,
Car 581,,,,,6,switch,,"Charger 6 (fid=77) not available, trying Charger 7 (fid=52)",862.3191795830725,7,,
Car 597,,,,,5,switch,,"Charger 5 (fid=19) not available, trying Charger 2 (fid=36)",862.3815169704324,2,,
Car 576,,,,,5,switch,,"Charger 5 (fid=19) not available, trying Charger 3 (fid=53)",862.3866305406196,3,,
Car 582,,,,,6,switch,,"Charger 6 (fid=77) not available, trying Charger 7 (fid=52)",862.7600439746533,7,,
Car 557,,,,,,gave_up,4,"no alternate charger available, gave up",862.8760929684133,,,
Car 598,,,,,5,switch,,"Charger 5 (fid=19) not available, trying Charger 2 (fid=36)",862.9136072610872,2,,
Car 575,,,,,2,switch,,"Charger 2 (fid=36) not available, trying Charger 1 (fid=82)",863.119225955979,1,,
Car 573,,,,,7,switch,,"Charger 7 (fid=52) not available, trying Charger 3 (fid=53)",863.1650170367859,3,,
Car 599,,,,,2,switch,,"Charger 2 (fid=36) not available, trying Charger 5 (fid=19)",863.3362359703953,5,,
Car 567,,,,,3,switch,,"Charger 3 (fid=53) not available, trying Charger 1 (fid=82)",863.5104545300204,1,,
Car 568,,,,,3,switch,,"Charger 3 (fid=53) not available, trying Charger 1 (fid=82)",863.590092225045,1,,
Car 601,,,,56,,arrived,,arrived,863.7740991016856,,,
Car 578,,,,,6,switch,,"Charger 6 (fid=77) not available, trying Charger 7 (fid=52)",864.1698657552829,7,,
Car 579,,,,,6,switch,,"Charger 6 (fid=77) not available, trying Charger 7 (fid=52)",864.2500497930804,7,,
Car 580,,,,,4,switch,,"Charger 4 (fid=86) not available, trying Charger 1 (fid=82)",864.2554117549186,1,,
Car 565,,,,,5,switch,,"Charger 5 (fid=19) not available, trying Charger 1 (fid=82)",864.4470370119986,1,,
Car 588,,,,,2,switch,,"Charger 2 (fid=36) not available, trying Charger 6 (fid=77)",864.4634806331434,6,,
Car 561,,,,,,gave_up,4,"no alternate charger available, gave up",864.4721238011285,,,
Car 602,,,,27,,arrived,,arrived,864.648270140136,,,
Car 591,,,,,2,switch,,"Charger 2 (fid=36) not available, trying Charger 0 (fid=22)",864.694620119607,0,,
Car 585,,,,,5,switch,,"Charger 5 (fid=19) not available, trying Charger 2 (fid=36)",864.7183663227718,2,,
Car 558,,,,,1,switch,,"Charger 1 (fid=82) not available, trying Charger 0 (fid=22)",864.7698898988541,0,,
Car 603,,,,61,,arrived,,arrived,864.889824030224,,,
Car 574,,,,,7,switch,,"Charger 7 (fid=52) not available, trying Charger 3 (fid=53)",865.1951448118707,3,,
Car 600,,,,,2,switch,,"Charger 2 (fid=36) not available, trying Charger 5 (fid=19)",865.3934243849747,5,,
Car 563,,,,,1,switch,,"Charger 1 (fid=82) not available, trying Charger 4 (fid=86)",865.6365196305958,4,,
Car 583,,,,,2,switch,,"Charger 2 (fid=36) not available, trying Charger 4 (fid=86)",865.7442063003464,4,,
Car 593,,,,,2,switch,,"Charger 2 (fid=36) not available, trying Charger 0 (fid=22)",865.909341982615,0,,
Car 592,,,,,6,switch,,"Charger 6 (fid=77) not available, trying Charger 7 (fid=52)",866.5158467249984,7,,
Car 594,,,,,3,switch,,"Charger 3 (fid=53) not available, trying Charger 7 (fid=52)",866.9675729713537,7,,
Car 570,,,,,3,switch,,"Charger 3 (fid=53) not available, trying Charger 1 (fid=82)",866.9799803450879,1,,
Car 486,108.0,36,2,,,done,,done charging,867.0987751164275,,,240.76881696971395
Car 584,,36,2,,,start_charge,,starting to charge at Charger 2 (fid=36),867.0987751164275,,19.73922897172406,
Car 586,,,,,0,switch,,"Charger 0 (fid=22) not available, trying Charger 7 (fid=52)",867.2017158492359,7,,
Car 543,,,,,,gave_up,0,"no alternate charger available, gave up",867.2246551902618,,,
Car 560,,,,,1,switch,,"Charger 1 (fid=82) not available, trying Charger 4 (fid=86)",867.2311800903102,4,,
Car 589,,,,,0,switch,,"Charger 0 (fid=22) not available, trying Charger 6 (fid=77)",867.2691117958652,6,,
Car 571,,,,,3,switch,,"Charger 3 (fid=53) not available, trying Charger 1 (fid=82)",867.5590535949676,1,,
Car 590,,,,,7,switch,,"Charger 7 (fid=52) not available, trying Charger 3 (fid=53)",867.7256046063032,3,,
Car 596,,,,,7,switch,,"Charger 7 (fid=52) not available, trying Charger 6 (fid=77)",868.0237268506611,6,,
Car 577,,,,,7,switch,,"Charger 7 (fid=52) not available, trying Charger 3 (fid=53)",868.0753294525953,3,,
Car 597,,,,,2,switch,,"Charger 2 (fid=36) not available, trying Charger 0 (fid=22)",868.1343738035646,0,,
Car 459,93.0,82,1,,,done,,done charging,868.2732024970926,,,419.4152995826273
Car 580,,82,1,,,start_charge,,starting to charge at Charger 1 (fid=82),868.2732024970926,,23.735339033859873,
Car 604,,,,37,,arrived,,arrived,868.2860953029482,,,
Car 595,,,,,3,switch,,"Charger 3 (fid=53) not available, trying Charger 7 (fid=52)",868.3783269517684,7,,
Car 598,,,,,2,switch,,"Charger 2 (fid=36) not available, trying Charger 0 (fid=22)",868.6664640942195,0,,
Car 601,,,,,5,switch,,"Charger 5 (fid=19) not available, trying Charger 0 (fid=22)",868.7740991016856,0,,
Car 581,,,,,7,switch,,"Charger 7 (fid=52) not available, trying Charger 3 (fid=53)",868.8849171992972,3,,
Car 599,,,,,5,switch,,"Charger 5 (fid=19) not available, trying Charger 0 (fid=22)",869.0890928035275,0,,
Car 573,,,,,3,switch,,"Charger 3 (fid=53) not available, trying Charger 1 (fid=82)",869.1849536558177,1,,
Car 582,,,,,7,switch,,"Charger 7 (fid=52) not available, trying Charger 3 (fid=53)",869.325781590878,3,,
Car 602,,,,,0,switch,,"Charger 0 (fid=22) not available, trying Charger 5 (fid=19)",869.648270140136,5,,
Car 491,79.0,53,3,,,done,,done charging,869.7715790001096,,,392.34193475844035
Car 574,,53,3,,,start_charge,,starting to charge at Charger 3 (fid=53),869.7715790001096,,28.556497569207067,
Car 603,,,,,6,switch,,"Charger 6 (fid=77) not available, trying Charger 3 (fid=53)",869.889824030224,3,,
Car 572,,,,,4,switch,,"Charger 4 (fid=86) not available, trying Charger 1 (fid=82)",870.2143344179243,1,,
Car 585,,,,,2,switch,,"Charger 2 (fid=36) not available, trying Charger 3 (fid=53)",870.471223155904,3,,
Car 578,,,,,7,switch,,"Charger 7 (fid=52) not available, trying Charger 3 (fid=53)",870.7356033715076,3,,
Car 579,,,,,7,switch,,"Charger 7 (fid=52) not available, trying Charger 3 (fid=53)",870.8157874093051,3,,
Car 563,,,,,,gave_up,4,"no alternate charger available, gave up",870.91897133891,,,
Car 600,,,,,5,switch,,"Charger 5 (fid=19) not available, trying Charger 0 (fid=22)",871.1462812181069,0,,
Car 605,,,,87,,arrived,,arrived,871.1900461320969,,,
Car 564,,,,,5,switch,,"Charger 5 (fid=19) not available, trying Charger 0 (fid=22)",871.3463146987352,0,,
Car 606,,,,57,,arrived,,arrived,871.5661145257482,,,
Car 607,,,,71,,arrived,,arrived,871.8111262587249,,,
Car 591,,,,,0,switch,,"Charger 0 (fid=22) not available, trying Charger 6 (fid=77)",871.837608493797,6,,
Car 567,,,,,1,switch,,"Charger 1 (fid=82) not available, trying Charger 4 (fid=86)",871.8546687373619,4,,
Car 608,,,,5,,arrived,,arrived,871.8825482302784,,,
Car 576,,,,,3,switch,,"Charger 3 (fid=53) not available, trying Charger 7 (fid=52)",871.8901450585669,7,,
Car 568,,,,,1,switch,,"Charger 1 (fid=82) not available, trying Charger 4 (fid=86)",871.9343064323865,4,,
Car 588,,,,,6,switch,,"Charger 6 (fid=77) not available, trying Charger 7 (fid=52)",872.0187849937047,7,,
Car 560,,,,,,gave_up,4,"no alternate charger available, gave up",872.5136317986244,,,
Car 575,,,,,1,switch,,"Charger 1 (fid=82) not available, trying Charger 4 (fid=86)",872.679386995833,4,,
Car 609,,,,51,,arrived,,arrived,872.7124869566384,,,
Car 594,,,,,7,switch,,"Charger 7 (fid=52) not available, trying Charger 2 (fid=36)",872.9875095903855,2,,
Car 593,,,,,0,switch,,"Charger 0 (fid=22) not available, trying Charger 6 (fid=77)",873.0523303568051,6,,
Car 592,,,,,7,switch,,"Charger 7 (fid=52) not available, trying Charger 2 (fid=36)",873.0815843412231,2,,
Car 604,,,,,0,switch,,"Charger 0 (fid=22) not available, trying Charger 5 (fid=19)",873.2860953029482,5,,
Car 590,,,,,3,switch,,"Charger 3 (fid=53) not available, trying Charger 6 (fid=77)",873.745541225335,6,,
Car 577,,,,,3,switch,,"Charger 3 (fid=53) not available, trying Charger 1 (fid=82)",874.0952660716271,1,,
Car 595,,,,,7,switch,,"Charger 7 (fid=52) not available, trying Charger 2 (fid=36)",874.3982635708002,2,,
Car 610,,,,61,,arrived,,arrived,874.4389081849426,,,
Car 596,,,,,6,switch,,"Charger 6 (fid=77) not available, trying Charger 4 (fid=86)",874.5894644668858,4,,
Car 565,,,,,1,switch,,"Charger 1 (fid=82) not available, trying Charger 0 (fid=22)",874.6058771950743,0,,
Car 611,,,,71,,arrived,,arrived,874.8969710066757,,,
Car 581,,,,,3,switch,,"Charger 3 (fid=53) not available, trying Charger 1 (fid=82)",874.904853818329,1,,
Car 601,,,,,0,switch,,"Charger 0 (fid=22) not available, trying Charger 2 (fid=36)",875.2348262546257,2,,
Car 597,,,,,0,switch,,"Charger 0 (fid=22) not available, trying Charger 6 (fid=77)",875.2773621777546,6,,
Car 570,,,,,1,switch,,"Charger 1 (fid=82) not available, trying Charger 4 (fid=86)",875.3241945524294,4,,
Car 582,,,,,3,switch,,"Charger 3 (fid=53) not available, trying Charger 1 (fid=82)",875.3457182099098,1,,
Car 583,,,,,4,switch,,"Charger 4 (fid=86) not available, trying Charger 1 (fid=82)",875.4553365749138,1,,
Car 572,,,,,1,switch,,"Charger 1 (fid=82) not available, trying Charger 0 (fid=22)",875.4967861262385,0,,
Car 599,,,,,0,switch,,"Charger 0 (fid=22) not available, trying Charger 6 (fid=77)",875.5498199564676,6,,
Car 612,,,,56,,arrived,,arrived,875.7245949291852,,,
Car 598,,,,,0,switch,,"Charger 0 (fid=22) not available, trying Charger 6 (fid=77)",875.8094524684095,6,,
Car 571,,,,,1,switch,,"Charger 1 (fid=82) not available, trying Charger 4 (fid=86)",875.9032678023091,4,,
Car 602,,,,,5,switch,,"Charger 5 (fid=19) not available, trying Charger 2 (fid=36)",876.1089972930761,2,,
Car 605,,,,,4,switch,,"Charger 4 (fid=86) not available, trying Charger 1 (fid=82)",876.1900461320969,1,,
Car 558,,,,,,gave_up,0,"no alternate charger available, gave up",876.3866191833982,,,
Car 603,,,,,3,switch,,"Charger 3 (fid=53) not available, trying Charger 7 (fid=52)",876.462847900689,7,,
Car 606,,,,,5,switch,,"Charger 5 (fid=19) not available, trying Charger 2 (fid=36)",876.5661145257482,2,,
Car 589,,,,,6,switch,,"Charger 6 (fid=77) not available, trying Charger 7 (fid=52)",876.6072166073261,7,,
Car 578,,,,,3,switch,,"Charger 3 (fid=53) not available, trying Charger 1 (fid=82)",876.7555399905394,1,,
Car 607,,,,,5,switch,,"Charger 5 (fid=19) not available, trying Charger 2 (fid=36)",876.8111262587249,2,,
Car 579,,,,,3,switch,,"Charger 3 (fid=53) not available, trying Charger 1 (fid=82)",876.8357240283369,1,,
Car 608,,,,,0,switch,,"Charger 0 (fid=22) not available, trying Charger 5 (fid=19)",876.8825482302784,5,,
Car 613,,,,33,,arrived,,arrived,877.1241310814072,,,
Car 567,,,,,,gave_up,4,"no alternate charger available, gave up",877.137120445676,,,
Car 568,,,,,,gave_up,4,"no alternate charger available, gave up",877.2167581407007,,,
Car 586,,,,,7,switch,,"Charger 7 (fid=52) not available, trying Charger 3 (fid=53)",877.3344266593817,3,,
Car 573,,,,,1,switch,,"Charger 1 (fid=82) not available, trying Charger 4 (fid=86)",877.5291678631592,4,,
Car 600,,,,,0,switch,,"Charger 0 (fid=22) not available, trying Charger 6 (fid=77)",877.607008371047,6,,
Car 614,,,,54,,arrived,,arrived,877.6283813462906,,,
Car 609,,,,,3,switch,,"Charger 3 (fid=53) not available, trying Charger 6 (fid=77)",877.7124869566384,6,,
Car 615,,,,87,,arrived,,arrived,877.7352227126772,,,
Car 564,,,,,,gave_up,0,"no alternate charger available, gave up",877.8070418516753,,,
Car 576,,,,,7,switch,,"Charger 7 (fid=52) not available, trying Charger 1 (fid=82)",877.9100816775987,1,,
Car 575,,,,,4,switch,,"Charger 4 (fid=86) not available, trying Charger 5 (fid=19)",877.9618387041472,5,,
Car 588,,,,,7,switch,,"Charger 7 (fid=52) not available, trying Charger 3 (fid=53)",878.5845226099294,3,,
Car 585,,,,,3,switch,,"Charger 3 (fid=53) not available, trying Charger 7 (fid=52)",879.2254088477658,7,,
Car 610,,,,,6,switch,,"Charger 6 (fid=77) not available, trying Charger 3 (fid=53)",879.4389081849426,3,,
Car 604,,,,,5,switch,,"Charger 5 (fid=19) not available, trying Charger 2 (fid=36)",879.7468224558883,2,,
Car 611,,,,,5,switch,,"Charger 5 (fid=19) not available, trying Charger 2 (fid=36)",879.8969710066757,2,,
Car 590,,,,,6,switch,,"Charger 6 (fid=77) not available, trying Charger 2 (fid=36)",880.3185650958001,2,,
Car 570,,,,,,gave_up,4,"no alternate charger available, gave up",880.6066462607436,,,
Car 616,,,,73,,arrived,,arrived,880.6907247741578,,,
Car 612,,,,,5,switch,,"Charger 5 (fid=19) not available, trying Charger 0 (fid=22)",880.7245949291852,0,,
Car 583,,,,,1,switch,,"Charger 1 (fid=82) not available, trying Charger 5 (fid=19)",880.7377882832279,5,,
Car 594,,,,,2,switch,,"Charger 2 (fid=36) not available, trying Charger 5 (fid=19)",881.0158470874248,5,,
Car 592,,,,,2,switch,,"Charger 2 (fid=36) not available, trying Charger 4 (fid=86)",881.1099218382625,4,,
Car 591,,,,,6,switch,,"Charger 6 (fid=77) not available, trying Charger 7 (fid=52)",881.1757133052579,7,,
Car 571,,,,,,gave_up,4,"no alternate charger available, gave up",881.1857195106232,,,
Car 605,,,,,1,switch,,"Charger 1 (fid=82) not available, trying Charger 7 (fid=52)",881.472497840411,7,,
Car 602,,,,,2,switch,,"Charger 2 (fid=36) not available, trying Charger 6 (fid=77)",881.8618541262083,6,,
Car 617,,,,17,,arrived,,arrived,881.9395027082063,,,
Car 613,,,,,2,switch,,"Charger 2 (fid=36) not available, trying Charger 5 (fid=19)",882.1241310814072,5,,
Car 606,,,,,2,switch,,"Charger 2 (fid=36) not available, trying Charger 0 (fid=22)",882.3189713588804,0,,
Car 618,,,,61,,arrived,,arrived,882.3776425799813,,,
Car 601,,,,,2,switch,,"Charger 2 (fid=36) not available, trying Charger 6 (fid=77)",882.3778146288157,6,,
Car 593,,,,,6,switch,,"Charger 6 (fid=77) not available, trying Charger 7 (fid=52)",882.390435168266,7,,
Car 595,,,,,2,switch,,"Charger 2 (fid=36) not available, trying Charger 5 (fid=19)",882.4266010678396,5,,
Car 577,,,,,1,switch,,"Charger 1 (fid=82) not available, trying Charger 4 (fid=86)",882.4394802789685,4,,
Car 603,,,,,7,switch,,"Charger 7 (fid=52) not available, trying Charger 2 (fid=36)",882.4827845197208,2,,
Car 607,,,,,2,switch,,"Charger 2 (fid=36) not available, trying Charger 0 (fid=22)",882.5639830918572,0,,
Car 614,,,,,5,switch,,"Charger 5 (fid=19) not available, trying Charger 2 (fid=36)",882.6283813462906,2,,
Car 615,,,,,4,switch,,"Charger 4 (fid=86) not available, trying Charger 1 (fid=82)",882.7352227126772,1,,
Car 573,,,,,,gave_up,4,"no alternate charger available, gave up",882.8116195714733,,,
Car 589,,,,,7,switch,,"Charger 7 (fid=52) not available, trying Charger 3 (fid=53)",883.1729542235508,3,,
Car 581,,,,,1,switch,,"Charger 1 (fid=82) not available, trying Charger 4 (fid=86)",883.2490680256705,4,,
Car 608,,,,,5,switch,,"Charger 5 (fid=19) not available, trying Charger 2 (fid=36)",883.3432753832185,2,,
Car 586,,,,,3,switch,,"Charger 3 (fid=53) not available, trying Charger 1 (fid=82)",883.3543632784135,1,,
Car 582,,,,,1,switch,,"Charger 1 (fid=82) not available, trying Charger 4 (fid=86)",883.6899324172513,4,,
Car 596,,,,,4,switch,,"Charger 4 (fid=86) not available, trying Charger 1 (fid=82)",883.770328287298,1,,
Car 609,,,,,6,switch,,"Charger 6 (fid=77) not available, trying Charger 7 (fid=52)",884.2855108271034,7,,
Car 588,,,,,3,switch,,"Charger 3 (fid=53) not available, trying Charger 1 (fid=82)",884.6044592289612,1,,
Car 597,,,,,6,switch,,"Charger 6 (fid=77) not available, trying Charger 7 (fid=52)",884.6154669892155,7,,
Car 599,,,,,6,switch,,"Charger 6 (fid=77) not available, trying Charger 7 (fid=52)",884.8879247679284,7,,
Car 578,,,,,1,switch,,"Charger 1 (fid=82) not available, trying Charger 4 (fid=86)",885.0997541978809,4,,
Car 598,,,,,6,switch,,"Charger 6 (fid=77) not available, trying Charger 7 (fid=52)",885.1475572798704,7,,
Car 579,,,,,1,switch,,"Charger 1 (fid=82) not available, trying Charger 4 (fid=86)",885.1799382356784,4,,
Car 585,,,,,7,switch,,"Charger 7 (fid=52) not available, trying Charger 1 (fid=82)",885.2453454667976,1,,
Car 619,,,,87,,arrived,,arrived,885.3133712735239,,,
Car 604,,,,,2,switch,,"Charger 2 (fid=36) not available, trying Charger 6 (fid=77)",885.4996792890205,6,,
Car 576,,,,,1,switch,,"Charger 1 (fid=82) not available, trying Charger 4 (fid=86)",885.5679993660658,4,,
Car 620,,,,8,,arrived,,arrived,885.6053902034096,,,
Car 611,,,,,2,switch,,"Charger 2 (fid=36) not available, trying Charger 0 (fid=22)",885.6498278398079,0,,
Car 616,,,,,6,switch,,"Charger 6 (fid=77) not available, trying Charger 2 (fid=36)",885.6907247741578,2,,
Car 621,,,,32,,arrived,,arrived,885.7197007858626,,,
Car 610,,,,,3,switch,,"Charger 3 (fid=53) not available, trying Charger 7 (fid=52)",886.0119320554077,7,,
Car 622,,,,43,,arrived,,arrived,886.1180555725705,,,
Car 565,,,,,,gave_up,0,"no alternate charger available, gave up",886.2226064796184,,,
Car 594,,,,,5,switch,,"Charger 5 (fid=19) not available, trying Charger 0 (fid=22)",886.7687039205571,0,,
Car 617,,,,,2,switch,,"Charger 2 (fid=36) not available, trying Charger 5 (fid=19)",886.9395027082063,5,,
Car 600,,,,,6,switch,,"Charger 6 (fid=77) not available, trying Charger 7 (fid=52)",886.9451131825078,7,,
Car 572,,,,,,gave_up,0,"no alternate charger available, gave up",887.1135154107826,,,
Car 505,85.0,52,7,,,done,,done charging,887.161554865366,,,309.56469207095427
Car 591,,52,7,,,start_charge,,starting to charge at Charger 7 (fid=52),887.161554865366,,24.42010394388342,
Car 612,,,,,0,switch,,"Charger 0 (fid=22) not available, trying Charger 2 (fid=36)",887.1853220821253,2,,
Car 618,,,,,6,switch,,"Charger 6 (fid=77) not available, trying Charger 3 (fid=53)",887.3776425799813,3,,
Car 623,,,,88,,arrived,,arrived,887.5341882985026,,,
Car 577,,,,,,gave_up,4,"no alternate charger available, gave up",887.7219319872827,,,
Car 590,,,,,2,switch,,"Charger 2 (fid=36) not available, trying Charger 5 (fid=19)",887.8738694563614,5,,
Car 613,,,,,5,switch,,"Charger 5 (fid=19) not available, trying Charger 0 (fid=22)",887.8769879145394,0,,
Car 615,,,,,1,switch,,"Charger 1 (fid=82) not available, trying Charger 7 (fid=52)",888.0176744209914,7,,
Car 595,,,,,5,switch,,"Charger 5 (fid=19) not available, trying Charger 0 (fid=22)",888.1794579009718,0,,
Car 575,,,,,5,switch,,"Charger 5 (fid=19) not available, trying Charger 0 (fid=22)",888.2924349960225,0,,
Car 614,,,,,2,switch,,"Charger 2 (fid=36) not available, trying Charger 0 (fid=22)",888.3812381794228,0,,
Car 474,103.0,86,4,,,done,,done charging,888.4111054514534,,,444.94632307842807
Car 581,,86,4,,,start_charge,,starting to charge at Charger 4 (fid=86),888.4111054514534,,39.879585717468785,
Car 593,,,,,7,switch,,"Charger 7 (fid=52) not available, trying Charger 3 (fid=53)",888.9561727844907,3,,
Car 582,,,,,,gave_up,4,"no alternate charger available, gave up",888.9723841255654,,,
Car 596,,,,,1,switch,,"Charger 1 (fid=82) not available, trying Charger 2 (fid=36)",889.0527799956121,2,,
Car 608,,,,,2,switch,,"Charger 2 (fid=36) not available, trying Charger 6 (fid=77)",889.0961322163507,6,,
Car 605,,,,,7,switch,,"Charger 7 (fid=52) not available, trying Charger 3 (fid=53)",889.1304155288782,3,,
Car 589,,,,,3,switch,,"Charger 3 (fid=53) not available, trying Charger 1 (fid=82)",889.1928908425826,1,,
Car 602,,,,,6,switch,,"Charger 6 (fid=77) not available, trying Charger 7 (fid=52)",889.4171584867696,7,,
Car 606,,,,,0,switch,,"Charger 0 (fid=22) not available, trying Charger 6 (fid=77)",889.4619597330704,6,,
Car 607,,,,,0,switch,,"Charger 0 (fid=22) not available, trying Charger 6 (fid=77)",889.7069714660472,6,,
Car 488,100.0,86,4,,,done,,done charging,889.8570229175918,,,348.2659562403338
Car 619,,86,4,,,start_charge,,starting to charge at Charger 4 (fid=86),889.8570229175918,,4.54365164406795,
Car 601,,,,,6,switch,,"Charger 6 (fid=77) not available, trying Charger 7 (fid=52)",889.933118989377,7,,
Car 578,,,,,,gave_up,4,"no alternate charger available, gave up",890.382205906195,,,
Car 579,,,,,,gave_up,4,"no alternate charger available, gave up",890.4623899439925,,,
Car 603,,,,,2,switch,,"Charger 2 (fid=36) not available, trying Charger 5 (fid=19)",890.5111220167602,5,,
Car 620,,,,,6,switch,,"Charger 6 (fid=77) not available, trying Charger 2 (fid=36)",890.6053902034096,2,,
Car 621,,,,,2,switch,,"Charger 2 (fid=36) not available, trying Charger 5 (fid=19)",890.7197007858626,5,,
Car 592,,,,,4,switch,,"Charger 4 (fid=86) not available, trying Charger 1 (fid=82)",890.8210521128299,1,,
Car 576,,,,,,gave_up,4,"no alternate charger available, gave up",890.85045107438,,,
Car 609,,,,,7,switch,,"Charger 7 (fid=52) not available, trying Charger 2 (fid=36)",890.8512484433281,2,,
Car 583,,,,,5,switch,,"Charger 5 (fid=19) not available, trying Charger 0 (fid=22)",890.8966284663036,0,,
Car 622,,,,,0,switch,,"Charger 0 (fid=22) not available, trying Charger 5 (fid=19)",891.1180555725705,5,,
Car 597,,,,,7,switch,,"Charger 7 (fid=52) not available, trying Charger 3 (fid=53)",891.1812046054403,3,,
Car 599,,,,,7,switch,,"Charger 7 (fid=52) not available, trying Charger 3 (fid=53)",891.4536623841532,3,,
Car 586,,,,,1,switch,,"Charger 1 (fid=82) not available, trying Charger 4 (fid=86)",891.698577485755,4,,
Car 598,,,,,7,switch,,"Charger 7 (fid=52) not available, trying Charger 3 (fid=53)",891.7132948960951,3,,
Car 610,,,,,7,switch,,"Charger 7 (fid=52) not available, trying Charger 2 (fid=36)",892.0318686744395,2,,
Car 521,110.0,82,1,,,done,,done charging,892.3095543985268,,,54.864408444796936
Car 585,,82,1,,,start_charge,,starting to charge at Charger 1 (fid=82),892.3095543985268,,34.40629124326199,
Car 544,51.0,53,3,,,done,,done charging,892.4107291114569,,,375.7272592985464
Car 618,,53,3,,,start_charge,,starting to charge at Charger 3 (fid=53),892.4107291114569,,8.460062661010625,
Car 623,,,,,4,switch,,"Charger 4 (fid=86) not available, trying Charger 1 (fid=82)",892.5341882985026,1,,
Car 617,,,,,5,switch,,"Charger 5 (fid=19) not available, trying Charger 6 (fid=77)",892.6923595413385,6,,
Car 611,,,,,0,switch,,"Charger 0 (fid=22) not available, trying Charger 6 (fid=77)",892.792816213998,6,,
Car 588,,,,,1,switch,,"Charger 1 (fid=82) not available, trying Charger 4 (fid=86)",892.9486734363027,4,,
Car 624,,,,5,,arrived,,arrived,893.0230811246433,,,
Car 604,,,,,6,switch,,"Charger 6 (fid=77) not available, trying Charger 7 (fid=52)",893.0549836495818,7,,
Car 594,,,,,0,switch,,"Charger 0 (fid=22) not available, trying Charger 4 (fid=86)",893.2294310734972,4,,
Car 616,,,,,2,switch,,"Charger 2 (fid=36) not available, trying Charger 5 (fid=19)",893.2460291347192,5,,
Car 600,,,,,7,switch,,"Charger 7 (fid=52) not available, trying Charger 3 (fid=53)",893.5108507987326,3,,
Car 590,,,,,5,switch,,"Charger 5 (fid=19) not available, trying Charger 0 (fid=22)",893.6267262894936,0,,
Car 612,,,,,2,switch,,"Charger 2 (fid=36) not available, trying Charger 6 (fid=77)",894.3283104563153,6,,
Car 613,,,,,0,switch,,"Charger 0 (fid=22) not available, trying Charger 6 (fid=77)",894.3377150674795,6,,
Car 625,,,,5,,arrived,,arrived,894.5264595133204,,,
Car 595,,,,,0,switch,,"Charger 0 (fid=22) not available, trying Charger 1 (fid=82)",894.6401850539119,1,,
Car 575,,,,,,gave_up,0,"no alternate charger available, gave up",894.7531621489626,,,
Car 593,,,,,3,switch,,"Charger 3 (fid=53) not available, trying Charger 1 (fid=82)",894.9761094035225,1,,
Car 605,,,,,3,switch,,"Charger 3 (fid=53) not available, trying Charger 6 (fid=77)",895.15035214791,6,,
Car 626,,,,116,,arrived,,arrived,895.1986852714422,,,
Car 614,,,,,0,switch,,"Charger 0 (fid=22) not available, trying Charger 6 (fid=77)",895.5242265536128,6,,
Car 615,,,,,7,switch,,"Charger 7 (fid=52) not available, trying Charger 3 (fid=53)",895.6755921094585,3,,
Car 602,,,,,7,switch,,"Charger 7 (fid=52) not available, trying Charger 3 (fid=53)",895.9828961029943,3,,
Car 592,,,,,1,switch,,"Charger 1 (fid=82) not available, trying Charger 5 (fid=19)",896.103503821144,5,,
Car 603,,,,,5,switch,,"Charger 5 (fid=19) not available, trying Charger 0 (fid=22)",896.2639788498924,0,,
Car 534,83.0,77,6,,,done,,done charging,896.3894616717356,,,400.1073472219606
Car 608,,77,6,,,start_charge,,starting to charge at Charger 6 (fid=77),896.3894616717356,,19.73802509482357,
Car 621,,,,,5,switch,,"Charger 5 (fid=19) not available, trying Charger 0 (fid=22)",896.4725576189949,0,,
Car 601,,,,,7,switch,,"Charger 7 (fid=52) not available, trying Charger 3 (fid=53)",896.4988566056018,3,,
Car 586,,,,,,gave_up,4,"no alternate charger available, gave up",896.9810291940692,,,
Car 597,,,,,3,switch,,"Charger 3 (fid=53) not available, trying Charger 1 (fid=82)",897.201141224472,1,,
Car 583,,,,,,gave_up,0,"no alternate charger available, gave up",897.3573556192437,,,
Car 599,,,,,3,switch,,"Charger 3 (fid=53) not available, trying Charger 1 (fid=82)",897.473599003185,1,,
Car 589,,,,,1,switch,,"Charger 1 (fid=82) not available, trying Charger 4 (fid=86)",897.5371050499241,4,,
Car 622,,,,,5,switch,,"Charger 5 (fid=19) not available, trying Charger 2 (fid=36)",897.5787827255106,2,,
Car 598,,,,,3,switch,,"Charger 3 (fid=53) not available, trying Charger 1 (fid=82)",897.7332315151269,1,,
Car 623,,,,,1,switch,,"Charger 1 (fid=82) not available, trying Charger 7 (fid=52)",897.8166400068168,7,,
Car 624,,,,,3,switch,,"Charger 3 (fid=53) not available, trying Charger 4 (fid=86)",898.0230811246433,4,,
Car 620,,,,,2,switch,,"Charger 2 (fid=36) not available, trying Charger 0 (fid=22)",898.1606945639709,0,,
Car 588,,,,,,gave_up,4,"no alternate charger available, gave up",898.2311251446168,,,
Car 596,,,,,2,switch,,"Charger 2 (fid=36) not available, trying Charger 5 (fid=19)",898.6129410354662,5,,
Car 606,,,,,6,switch,,"Charger 6 (fid=77) not available, trying Charger 7 (fid=52)",898.8000645445313,7,,
Car 609,,,,,2,switch,,"Charger 2 (fid=36) not available, trying Charger 4 (fid=86)",898.8795859403675,4,,
Car 616,,,,,5,switch,,"Charger 5 (fid=19) not available, trying Charger 0 (fid=22)",898.9988859678514,0,,
Car 627,,,,62,,arrived,,arrived,899.0409082270947,,,
Car 607,,,,,6,switch,,"Charger 6 (fid=77) not available, trying Charger 7 (fid=52)",899.0450762775081,7,,
Car 625,,,,,0,switch,,"Charger 0 (fid=22) not available, trying Charger 5 (fid=19)",899.5264595133204,5,,
Car 600,,,,,3,switch,,"Charger 3 (fid=53) not available, trying Charger 1 (fid=82)",899.5307874177644,1,,
Car 604,,,,,7,switch,,"Charger 7 (fid=52) not available, trying Charger 3 (fid=53)",899.6207212658065,3,,
Car 610,,,,,2,switch,,"Charger 2 (fid=36) not available, trying Charger 5 (fid=19)",900.0602061714789,5,,
Car 590,,,,,,gave_up,0,"no alternate charger available, gave up",900.0874534424337,,,
Car 626,,,,,2,switch,,"Charger 2 (fid=36) not available, trying Charger 5 (fid=19)",900.1986852714422,5,,
Car 628,,,,45,,arrived,,arrived,900.3854072218887,,,
Car 629,,,,15,,arrived,,arrived,900.6066056398562,,,
Car 617,,,,,6,switch,,"Charger 6 (fid=77) not available, trying Charger 0 (fid=22)",900.9455631111878,0,,
Car 630,,,,38,,arrived,,arrived,901.5328079560703,,,
Car 615,,,,,3,switch,,"Charger 3 (fid=53) not available, trying Charger 6 (fid=77)",901.6955287284903,6,,
Car 605,,,,,6,switch,,"Charger 6 (fid=77) not available, trying Charger 2 (fid=36)",901.723376018375,2,,
Car 612,,,,,6,switch,,"Charger 6 (fid=77) not available, trying Charger 7 (fid=52)",901.8836148168766,7,,
Car 602,,,,,3,switch,,"Charger 3 (fid=53) not available, trying Charger 1 (fid=82)",902.0028327220261,1,,
Car 611,,,,,6,switch,,"Charger 6 (fid=77) not available, trying Charger 7 (fid=52)",902.1309210254589,7,,
Car 631,,,,73,,arrived,,arrived,902.470671735474,,,
Car 601,,,,,3,switch,,"Charger 3 (fid=53) not available, trying Charger 1 (fid=82)",902.5187932246336,1,,
Car 603,,,,,0,switch,,"Charger 0 (fid=22) not available, trying Charger 4 (fid=86)",902.7247060028325,4,,
Car 589,,,,,,gave_up,4,"no alternate charger available, gave up",902.8195567582383,,,
Car 621,,,,,0,switch,,"Charger 0 (fid=22) not available, trying Charger 6 (fid=77)",902.933284771935,6,,
Car 632,,,,54,,arrived,,arrived,903.1443526837238,,,
Car 593,,,,,1,switch,,"Charger 1 (fid=82) not available, trying Charger 4 (fid=86)",903.320323610864,4,,
Car 622,,,,,2,switch,,"Charger 2 (fid=36) not available, trying Charger 6 (fid=77)",903.3316395586428,6,,
Car 633,,,,89,,arrived,,arrived,903.6133264499821,,,
Car 613,,,,,6,switch,,"Charger 6 (fid=77) not available, trying Charger 7 (fid=52)",903.6758198789404,7,,
Car 634,,,,54,,arrived,,arrived,903.9874097795317,,,
Car 627,,,,,6,switch,,"Charger 6 (fid=77) not available, trying Charger 2 (fid=36)",904.0409082270947,2,,
Car 596,,,,,5,switch,,"Charger 5 (fid=19) not available, trying Charger 0 (fid=22)",904.3657978685984,0,,
Car 614,,,,,6,switch,,"Charger 6 (fid=77) not available, trying Charger 7 (fid=52)",904.8623313650737,7,,
Car 594,,,,,4,switch,,"Charger 4 (fid=86) not available, trying Charger 1 (fid=82)",905.0203096703003,1,,
Car 620,,,,,0,switch,,"Charger 0 (fid=22) not available, trying Charger 5 (fid=19)",905.3036829381609,5,,
Car 606,,,,,7,switch,,"Charger 7 (fid=52) not available, trying Charger 3 (fid=53)",905.3658021607561,3,,
Car 628,,,,,6,switch,,"Charger 6 (fid=77) not available, trying Charger 2 (fid=36)",905.3854072218887,2,,
Car 616,,,,,0,switch,,"Charger 0 (fid=22) not available, trying Charger 7 (fid=52)",905.4596131207915,7,,
Car 623,,,,,7,switch,,"Charger 7 (fid=52) not available, trying Charger 3 (fid=53)",905.4745576952839,3,,
Car 597,,,,,1,switch,,"Charger 1 (fid=82) not available, trying Charger 4 (fid=86)",905.5453554318135,4,,
Car 629,,,,,3,switch,,"Charger 3 (fid=53) not available, trying Charger 7 (fid=52)",905.6066056398562,7,,
Car 607,,,,,7,switch,,"Charger 7 (fid=52) not available, trying Charger 3 (fid=53)",905.6108138937328,3,,
Car 604,,,,,3,switch,,"Charger 3 (fid=53) not available, trying Charger 1 (fid=82)",905.6406578848383,1,,
Car 610,,,,,5,switch,,"Charger 5 (fid=19) not available, trying Charger 0 (fid=22)",905.8130630046111,0,,
Car 599,,,,,1,switch,,"Charger 1 (fid=82) not available, trying Charger 4 (fid=86)",905.8178132105264,4,,
Car 626,,,,,5,switch,,"Charger 5 (fid=19) not available, trying Charger 7 (fid=52)",905.9515421045744,7,,
Car 625,,,,,5,switch,,"Charger 5 (fid=19) not available, trying Charger 2 (fid=36)",905.9871866662605,2,,
Car 598,,,,,1,switch,,"Charger 1 (fid=82) not available, trying Charger 4 (fid=86)",906.0774457224684,4,,
Car 507,106.0,19,5,,,done,,done charging,906.2168823232757,,,355.9001712011227
Car 592,,19,5,,,start_charge,,starting to charge at Charger 5 (fid=19),906.2168823232757,,34.95453831905604,
Car 595,,,,,1,switch,,"Charger 1 (fid=82) not available, trying Charger 4 (fid=86)",906.256914338456,4,,
Car 624,,,,,4,switch,,"Charger 4 (fid=86) not available, trying Charger 7 (fid=52)",906.266072880719,7,,
Car 630,,,,,0,switch,,"Charger 0 (fid=22) not available, trying Charger 5 (fid=19)",906.5328079560703,5,,
Car 631,,,,,6,switch,,"Charger 6 (fid=77) not available, trying Charger 2 (fid=36)",907.470671735474,2,,
Car 542,72.0,22,0,,,done,,done charging,907.7445815908738,,,413.2340053831402
Car 617,,22,0,,,start_charge,,starting to charge at Charger 0 (fid=22),907.7445815908738,,17.460913668225203,
Car 600,,,,,1,switch,,"Charger 1 (fid=82) not available, trying Charger 4 (fid=86)",907.8750016251058,4,,
Car 632,,,,,5,switch,,"Charger 5 (fid=19) not available, trying Charger 2 (fid=36)",908.1443526837238,2,,
Car 615,,,,,6,switch,,"Charger 6 (fid=77) not available, trying Charger 2 (fid=36)",908.2685525989554,2,,
Car 635,,,,15,,arrived,,arrived,908.3719859538733,,,
Car 612,,,,,7,switch,,"Charger 7 (fid=52) not available, trying Charger 3 (fid=53)",908.4493524331014,3,,
Car 609,,,,,4,switch,,"Charger 4 (fid=86) not available, trying Charger 1 (fid=82)",908.5907162149349,1,,
Car 593,,,,,,gave_up,4,"no alternate charger available, gave up",908.6027753191781,,,
Car 633,,,,,4,switch,,"Charger 4 (fid=86) not available, trying Charger 1 (fid=82)",908.6133264499821,1,,
Car 611,,,,,7,switch,,"Charger 7 (fid=52) not available, trying Charger 3 (fid=53)",908.6966586416836,3,,
Car 634,,,,,5,switch,,"Charger 5 (fid=19) not available, trying Charger 2 (fid=36)",908.9874097795317,2,,
Car 605,,,,,2,switch,,"Charger 2 (fid=36) not available, trying Charger 5 (fid=19)",909.2786803789363,5,,
Car 636,,,,3,,arrived,,arrived,909.4241980269394,,,
Car 613,,,,,7,switch,,"Charger 7 (fid=52) not available, trying Charger 3 (fid=53)",910.2415574951651,3,,
Car 594,,,,,,gave_up,1,"no alternate charger available, gave up",910.3027613786145,,,
Car 602,,,,,1,switch,,"Charger 1 (fid=82) not available, trying Charger 4 (fid=86)",910.3470469293676,4,,
Car 596,,,,,,gave_up,0,"no alternate charger available, gave up",910.8265250215385,,,
Car 597,,,,,,gave_up,4,"no alternate charger available, gave up",910.8278071401277,,,
Car 601,,,,,1,switch,,"Charger 1 (fid=82) not available, trying Charger 4 (fid=86)",910.863007431975,4,,
Car 622,,,,,6,switch,,"Charger 6 (fid=77) not available, trying Charger 7 (fid=52)",910.8869439192041,7,,
Car 599,,,,,,gave_up,4,"no alternate charger available, gave up",911.1002649188406,,,
Car 598,,,,,,gave_up,4,"no alternate charger available, gave up",911.3598974307826,,,
Car 606,,,,,3,switch,,"Charger 3 (fid=53) not available, trying Charger 1 (fid=82)",911.3857387797879,1,,
Car 614,,,,,7,switch,,"Charger 7 (fid=52) not available, trying Charger 3 (fid=53)",911.4280689812985,3,,
Car 623,,,,,3,switch,,"Charger 3 (fid=53) not available, trying Charger 6 (fid=77)",911.4944943143157,6,,
Car 595,,,,,,gave_up,4,"no alternate charger available, gave up",911.5393660467702,,,
Car 627,,,,,2,switch,,"Charger 2 (fid=36) not available, trying Charger 3 (fid=53)",911.596212587656,3,,
Car 629,,,,,7,switch,,"Charger 7 (fid=52) not available, trying Charger 6 (fid=77)",911.626542258888,6,,
Car 607,,,,,3,switch,,"Charger 3 (fid=53) not available, trying Charger 1 (fid=82)",911.6307505127646,1,,
Car 625,,,,,2,switch,,"Charger 2 (fid=36) not available, trying Charger 6 (fid=77)",911.7400434993928,6,,
Car 620,,,,,5,switch,,"Charger 5 (fid=19) not available, trying Charger 3 (fid=53)",911.764410091101,3,,
Car 621,,,,,6,switch,,"Charger 6 (fid=77) not available, trying Charger 7 (fid=52)",912.2713895833958,7,,
Car 610,,,,,0,switch,,"Charger 0 (fid=22) not available, trying Charger 4 (fid=86)",912.2737901575512,4,,
Car 628,,,,,2,switch,,"Charger 2 (fid=36) not available, trying Charger 7 (fid=52)",912.94071158245,7,,
Car 630,,,,,5,switch,,"Charger 5 (fid=19) not available, trying Charger 2 (fid=36)",912.9935351090104,2,,
Car 600,,,,,,gave_up,4,"no alternate charger available, gave up",913.15745333342,,,
Car 635,,,,,3,switch,,"Charger 3 (fid=53) not available, trying Charger 7 (fid=52)",913.3719859538733,7,,
Car 637,,,,82,,arrived,,arrived,913.6012213560997,,,
Car 609,,,,,1,switch,,"Charger 1 (fid=82) not available, trying Charger 5 (fid=19)",913.8731679232491,5,,
Car 633,,,,,1,switch,,"Charger 1 (fid=82) not available, trying Charger 7 (fid=52)",913.8957781582963,7,,
Car 624,,,,,7,switch,,"Charger 7 (fid=52) not available, trying Charger 1 (fid=82)",913.8959402782593,1,,
Car 632,,,,,2,switch,,"Charger 2 (fid=36) not available, trying Charger 0 (fid=22)",913.897209516856,0,,
Car 604,,,,,1,switch,,"Charger 1 (fid=82) not available, trying Charger 4 (fid=86)",913.9848720921798,4,,
Car 636,,,,,7,switch,,"Charger 7 (fid=52) not available, trying Charger 2 (fid=36)",914.4241980269394,2,,
Car 612,,,,,3,switch,,"Charger 3 (fid=53) not available, trying Charger 1 (fid=82)",914.4692890521331,1,,
Car 603,,,,,4,switch,,"Charger 4 (fid=86) not available, trying Charger 1 (fid=82)",914.5155845996355,1,,
Car 611,,,,,3,switch,,"Charger 3 (fid=53) not available, trying Charger 1 (fid=82)",914.7165952607154,1,,
Car 626,,,,,7,switch,,"Charger 7 (fid=52) not available, trying Charger 0 (fid=22)",914.7292990195594,0,,
Car 634,,,,,2,switch,,"Charger 2 (fid=36) not available, trying Charger 0 (fid=22)",914.740266612664,0,,
Car 631,,,,,2,switch,,"Charger 2 (fid=36) not available, trying Charger 5 (fid=19)",915.0259760960353,5,,
Car 605,,,,,5,switch,,"Charger 5 (fid=19) not available, trying Charger 0 (fid=22)",915.0315372120685,0,,
Car 616,,,,,7,switch,,"Charger 7 (fid=52) not available, trying Charger 3 (fid=53)",915.5923239309373,3,,
Car 602,,,,,,gave_up,4,"no alternate charger available, gave up",915.6294986376818,,,
Car 526,106.0,77,6,,,done,,done charging,915.690846576769,,,368.4168263326122
Car 623,,77,6,,,start_charge,,starting to charge at Charger 6 (fid=77),915.690846576769,,22.623328391988252,
Car 615,,,,,2,switch,,"Charger 2 (fid=36) not available, trying Charger 5 (fid=19)",915.8238569595167,5,,
Car 601,,,,,,gave_up,4,"no alternate charger available, gave up",916.1454591402892,,,
Car 613,,,,,3,switch,,"Charger 3 (fid=53) not available, trying Charger 1 (fid=82)",916.2614941141969,1,,
Car 614,,,,,3,switch,,"Charger 3 (fid=53) not available, trying Charger 1 (fid=82)",917.4480056003302,1,,
Car 622,,,,,7,switch,,"Charger 7 (fid=52) not available, trying Charger 3 (fid=53)",917.4526815354288,3,,
Car 638,,,,8,,arrived,,arrived,917.5352500866493,,,
Car 639,,,,3,,arrived,,arrived,918.0111091477326,,,
Car 629,,,,,6,switch,,"Charger 6 (fid=77) not available, trying Charger 4 (fid=86)",918.1922798751127,4,,
Car 580,50.0,82,1,,,done,,done charging,918.2732024970926,,,238.71761096535616
Car 637,,82,1,,,start_charge,,starting to charge at Charger 1 (fid=82),918.2732024970926,,4.671981140992898,
Car 630,,,,,2,switch,,"Charger 2 (fid=36) not available, trying Charger 6 (fid=77)",918.7463919421426,6,,
Car 621,,,,,7,switch,,"Charger 7 (fid=52) not available, trying Charger 3 (fid=53)",918.8371271996206,3,,
Car 640,,,,77,,arrived,,arrived,919.0944106099247,,,
Car 604,,,,,,gave_up,4,"no alternate charger available, gave up",919.267323800494,,,
Car 625,,,,,6,switch,,"Charger 6 (fid=77) not available, trying Charger 7 (fid=52)",919.2953478599541,7,,
Car 635,,,,,7,switch,,"Charger 7 (fid=52) not available, trying Charger 6 (fid=77)",919.3919225729051,6,,
Car 606,,,,,1,switch,,"Charger 1 (fid=82) not available, trying Charger 4 (fid=86)",919.7299529871293,4,,
Car 603,,,,,,gave_up,1,"no alternate charger available, gave up",919.7980363079497,,,
Car 607,,,,,1,switch,,"Charger 1 (fid=82) not available, trying Charger 4 (fid=86)",919.9749647201061,4,,
Car 562,63.0,36,2,,,done,,done charging,920.0325685369794,,,419.6251936109026
Car 636,,36,2,,,start_charge,,starting to charge at Charger 2 (fid=36),920.0325685369794,,7.580033013000616,
Car 627,,,,,3,switch,,"Charger 3 (fid=53) not available, trying Charger 7 (fid=52)",920.3503982795179,7,,
Car 631,,,,,5,switch,,"Charger 5 (fid=19) not available, trying Charger 0 (fid=22)",920.7788329291675,0,,
Car 628,,,,,7,switch,,"Charger 7 (fid=52) not available, trying Charger 3 (fid=53)",920.9690490794894,3,,
Car 632,,,,,0,switch,,"Charger 0 (fid=22) not available, trying Charger 6 (fid=77)",921.0401978910461,6,,
Car 641,,,,27,,arrived,,arrived,921.2434716368219,,,
Car 620,,,,,3,switch,,"Charger 3 (fid=53) not available, trying Charger 7 (fid=52)",921.2679246090482,7,,
Car 605,,,,,,gave_up,0,"no alternate charger available, gave up",921.4922643650086,,,
Car 633,,,,,7,switch,,"Charger 7 (fid=52) not available, trying Charger 3 (fid=53)",921.5536958467634,3,,
Car 624,,,,,1,switch,,"Charger 1 (fid=82) not available, trying Charger 6 (fid=77)",921.5538579667265,6,,
Car 615,,,,,5,switch,,"Charger 5 (fid=19) not available, trying Charger 0 (fid=22)",921.5767137926489,0,,
Car 616,,,,,3,switch,,"Charger 3 (fid=53) not available, trying Charger 1 (fid=82)",921.612260549969,1,,
Car 634,,,,,0,switch,,"Charger 0 (fid=22) not available, trying Charger 6 (fid=77)",921.883254986854,6,,
Car 642,,,,31,,arrived,,arrived,922.3082594133465,,,
Car 638,,,,,6,switch,,"Charger 6 (fid=77) not available, trying Charger 2 (fid=36)",922.5352500866493,2,,
Car 612,,,,,1,switch,,"Charger 1 (fid=82) not available, trying Charger 4 (fid=86)",922.8135032594746,4,,
Car 643,,,,31,,arrived,,arrived,922.8856651788428,,,
Car 639,,,,,3,switch,,"Charger 3 (fid=53) not available, trying Charger 6 (fid=77)",923.0111091477326,6,,
Car 611,,,,,1,switch,,"Charger 1 (fid=82) not available, trying Charger 4 (fid=86)",923.0608094680568,4,,
Car 622,,,,,3,switch,,"Charger 3 (fid=53) not available, trying Charger 1 (fid=82)",923.4726181544606,1,,
Car 609,,,,,5,switch,,"Charger 5 (fid=19) not available, trying Charger 0 (fid=22)",924.0320081063247,0,,
Car 610,,,,,4,switch,,"Charger 4 (fid=86) not available, trying Charger 1 (fid=82)",924.0646687543542,1,,
Car 640,,,,,6,switch,,"Charger 6 (fid=77) not available, trying Charger 7 (fid=52)",924.0944106099247,7,,
Car 644,,,,21,,arrived,,arrived,924.2047725952091,,,
Car 613,,,,,1,switch,,"Charger 1 (fid=82) not available, trying Charger 4 (fid=86)",924.6057083215384,4,,
Car 621,,,,,3,switch,,"Charger 3 (fid=53) not available, trying Charger 1 (fid=82)",924.8570638186524,1,,
Car 626,,,,,0,switch,,"Charger 0 (fid=22) not available, trying Charger 6 (fid=77)",924.8620098297052,6,,
Car 645,,,,29,,arrived,,arrived,924.9064440509721,,,
Car 606,,,,,,gave_up,4,"no alternate charger available, gave up",925.0124046954435,,,
Car 607,,,,,,gave_up,4,"no alternate charger available, gave up",925.2574164284202,,,
Car 614,,,,,1,switch,,"Charger 1 (fid=82) not available, trying Charger 4 (fid=86)",925.7922198076717,4,,
Car 625,,,,,7,switch,,"Charger 7 (fid=52) not available, trying Charger 3 (fid=53)",925.8610854761788,3,,
Car 635,,,,,6,switch,,"Charger 6 (fid=77) not available, trying Charger 4 (fid=86)",925.9576601891298,4,,
Car 641,,,,,0,switch,,"Charger 0 (fid=22) not available, trying Charger 5 (fid=19)",926.2434716368219,5,,
Car 630,,,,,6,switch,,"Charger 6 (fid=77) not available, trying Charger 7 (fid=52)",926.3016963027039,7,,
Car 627,,,,,7,switch,,"Charger 7 (fid=52) not available, trying Charger 5 (fid=19)",926.3703348985497,5,,
Car 628,,,,,3,switch,,"Charger 3 (fid=53) not available, trying Charger 5 (fid=19)",926.9889856985212,5,,
Car 631,,,,,0,switch,,"Charger 0 (fid=22) not available, trying Charger 7 (fid=52)",927.2395600821076,7,,
Car 620,,,,,7,switch,,"Charger 7 (fid=52) not available, trying Charger 1 (fid=82)",927.28786122808,1,,
Car 642,,,,,0,switch,,"Charger 0 (fid=22) not available, trying Charger 5 (fid=19)",927.3082594133465,5,,
Car 629,,,,,4,switch,,"Charger 4 (fid=86) not available, trying Charger 1 (fid=82)",927.3731436955248,1,,
Car 633,,,,,3,switch,,"Charger 3 (fid=53) not available, trying Charger 6 (fid=77)",927.5736324657952,6,,
Car 643,,,,,2,switch,,"Charger 2 (fid=36) not available, trying Charger 5 (fid=19)",927.8856651788428,5,,
Car 615,,,,,,gave_up,0,"no alternate charger available, gave up",928.037440945589,,,
Car 612,,,,,,gave_up,4,"no alternate charger available, gave up",928.0959549677888,,,
Car 646,,,,11,,arrived,,arrived,928.291732098594,,,
Car 611,,,,,,gave_up,4,"no alternate charger available, gave up",928.343261176371,,,
Car 647,,,,28,,arrived,,arrived,928.3599345724339,,,
Car 648,,,,12,,arrived,,arrived,928.6029148797056,,,
Car 644,,,,,7,switch,,"Charger 7 (fid=52) not available, trying Charger 1 (fid=82)",929.2047725952091,1,,
Car 610,,,,,,gave_up,1,"no alternate charger available, gave up",929.3471204626684,,,
Car 639,,,,,6,switch,,"Charger 6 (fid=77) not available, trying Charger 7 (fid=52)",929.5841330181976,7,,
Car 613,,,,,,gave_up,4,"no alternate charger available, gave up",929.8881600298525,,,
Car 645,,,,,0,switch,,"Charger 0 (fid=22) not available, trying Charger 5 (fid=19)",929.9064440509721,5,,
Car 616,,,,,1,switch,,"Charger 1 (fid=82) not available, trying Charger 4 (fid=86)",929.9564747573105,4,,
Car 638,,,,,2,switch,,"Charger 2 (fid=36) not available, trying Charger 0 (fid=22)",930.0905544472106,0,,
Car 632,,,,,6,switch,,"Charger 6 (fid=77) not available, trying Charger 7 (fid=52)",930.378302702507,7,,
Car 609,,,,,,gave_up,0,"no alternate charger available, gave up",930.4927352592648,,,
Car 640,,,,,7,switch,,"Charger 7 (fid=52) not available, trying Charger 3 (fid=53)",930.6601482261494,3,,
Car 624,,,,,6,switch,,"Charger 6 (fid=77) not available, trying Charger 2 (fid=36)",930.7390359837242,2,,
Car 614,,,,,,gave_up,4,"no alternate charger available, gave up",931.0746715159859,,,
Car 634,,,,,6,switch,,"Charger 6 (fid=77) not available, trying Charger 7 (fid=52)",931.2213597983149,7,,
Car 649,,,,18,,arrived,,arrived,931.6096812392353,,,
Car 622,,,,,1,switch,,"Charger 1 (fid=82) not available, trying Charger 4 (fid=86)",931.8168323618021,4,,
Car 625,,,,,3,switch,,"Charger 3 (fid=53) not available, trying Charger 1 (fid=82)",931.8810220952106,1,,
Car 629,,,,,1,switch,,"Charger 1 (fid=82) not available, trying Charger 2 (fid=36)",932.655595403839,2,,
Car 641,,,,,5,switch,,"Charger 5 (fid=19) not available, trying Charger 2 (fid=36)",932.704198789762,2,,
Car 630,,,,,7,switch,,"Charger 7 (fid=52) not available, trying Charger 3 (fid=53)",932.8674339189287,3,,
Car 621,,,,,1,switch,,"Charger 1 (fid=82) not available, trying Charger 4 (fid=86)",933.2012780259938,4,,
Car 646,,,,,6,switch,,"Charger 6 (fid=77) not available, trying Charger 2 (fid=36)",933.291732098594,2,,
Car 647,,,,,2,switch,,"Charger 2 (fid=36) not available, trying Charger 5 (fid=19)",933.3599345724339,5,,
Car 648,,,,,7,switch,,"Charger 7 (fid=52) not available, trying Charger 2 (fid=36)",933.6029148797056,2,,
Car 643,,,,,5,switch,,"Charger 5 (fid=19) not available, trying Charger 0 (fid=22)",933.638522011975,0,,
Car 642,,,,,5,switch,,"Charger 5 (fid=19) not available, trying Charger 2 (fid=36)",933.7689865662866,2,,
Car 633,,,,,6,switch,,"Charger 6 (fid=77) not available, trying Charger 2 (fid=36)",934.1466563362602,2,,
Car 626,,,,,6,switch,,"Charger 6 (fid=77) not available, trying Charger 1 (fid=82)",934.2001146411661,1,,
Car 620,,,,,1,switch,,"Charger 1 (fid=82) not available, trying Charger 4 (fid=86)",934.9457789165472,4,,
Car 635,,,,,4,switch,,"Charger 4 (fid=86) not available, trying Charger 1 (fid=82)",935.1385240095419,1,,
Car 627,,,,,5,switch,,"Charger 5 (fid=19) not available, trying Charger 0 (fid=22)",935.1480918135347,0,,
Car 616,,,,,,gave_up,4,"no alternate charger available, gave up",935.2389264656247,,,
Car 650,,,,5,,arrived,,arrived,935.4637484854204,,,
Car 639,,,,,7,switch,,"Charger 7 (fid=52) not available, trying Charger 2 (fid=36)",936.1498706344223,2,,
Car 645,,,,,5,switch,,"Charger 5 (fid=19) not available, trying Charger 2 (fid=36)",936.3671712039122,2,,
Car 628,,,,,5,switch,,"Charger 5 (fid=19) not available, trying Charger 0 (fid=22)",936.4925002164684,0,,
Car 649,,,,,5,switch,,"Charger 5 (fid=19) not available, trying Charger 2 (fid=36)",936.6096812392353,2,,
Car 640,,,,,3,switch,,"Charger 3 (fid=53) not available, trying Charger 2 (fid=36)",936.6800848451812,2,,
Car 644,,,,,1,switch,,"Charger 1 (fid=82) not available, trying Charger 4 (fid=86)",936.8626902836762,4,,
Car 632,,,,,7,switch,,"Charger 7 (fid=52) not available, trying Charger 3 (fid=53)",936.9440403187317,3,,
Car 622,,,,,,gave_up,4,"no alternate charger available, gave up",937.0992840701163,,,
Car 638,,,,,0,switch,,"Charger 0 (fid=22) not available, trying Charger 5 (fid=19)",937.2335428214006,5,,
Car 651,,,,34,,arrived,,arrived,937.2526082413228,,,
Car 652,,,,18,,arrived,,arrived,937.2685317169341,,,
Car 631,,,,,7,switch,,"Charger 7 (fid=52) not available, trying Charger 3 (fid=53)",937.3722708922534,3,,
Car 653,,,,2,,arrived,,arrived,937.7286543568132,,,
Car 634,,,,,7,switch,,"Charger 7 (fid=52) not available, trying Charger 3 (fid=53)",937.7870974145396,3,,
Car 654,,,,66,,arrived,,arrived,938.075640742588,,,
Car 624,,,,,2,switch,,"Charger 2 (fid=36) not available, trying Charger 5 (fid=19)",938.2943403442855,5,,
Car 581,50.0,86,4,,,done,,done charging,938.4111054514534,,,690.0659958945988
Car 621,,86,4,,,start_charge,,starting to charge at Charger 4 (fid=86),938.4111054514534,,39.92737571714542,
Car 641,,,,,2,switch,,"Charger 2 (fid=36) not available, trying Charger 6 (fid=77)",938.4570556228942,6,,
Car 630,,,,,3,switch,,"Charger 3 (fid=53) not available, trying Charger 1 (fid=82)",938.8873705379605,1,,
Car 647,,,,,5,switch,,"Charger 5 (fid=19) not available, trying Charger 0 (fid=22)",939.1127914055661,0,,
Car 655,,,,74,,arrived,,arrived,939.1232688539129,,,
Car 642,,,,,2,switch,,"Charger 2 (fid=36) not available, trying Charger 6 (fid=77)",939.5218433994188,6,,
Car 656,,,,8,,arrived,,arrived,940.0955031658536,,,
Car 643,,,,,0,switch,,"Charger 0 (fid=22) not available, trying Charger 6 (fid=77)",940.0992491649151,6,,
Car 657,,,,77,,arrived,,arrived,940.1404547967533,,,
Car 625,,,,,1,switch,,"Charger 1 (fid=82) not available, trying Charger 4 (fid=86)",940.225236302552,4,,
Car 620,,,,,,gave_up,4,"no alternate charger available, gave up",940.2282306248613,,,
Car 635,,,,,1,switch,,"Charger 1 (fid=82) not available, trying Charger 2 (fid=36)",940.4209757178561,2,,
Car 650,,,,,0,switch,,"Charger 0 (fid=22) not available, trying Charger 5 (fid=19)",940.4637484854204,5,,
Car 646,,,,,2,switch,,"Charger 2 (fid=36) not available, trying Charger 5 (fid=19)",940.8470364591553,5,,
Car 658,,,,1,,arrived,,arrived,941.1777913343799,,,
Car 627,,,,,0,switch,,"Charger 0 (fid=22) not available, trying Charger 1 (fid=82)",941.6088189664748,1,,
Car 648,,,,,2,switch,,"Charger 2 (fid=36) not available, trying Charger 1 (fid=82)",941.631252376745,1,,
Car 659,,,,82,,arrived,,arrived,941.6817379749866,,,
Car 633,,,,,2,switch,,"Charger 2 (fid=36) not available, trying Charger 5 (fid=19)",941.7019606968215,5,,
Car 660,,,,67,,arrived,,arrived,941.8219158592156,,,
Car 661,,,,10,,arrived,,arrived,941.9811484035223,,,
Car 645,,,,,2,switch,,"Charger 2 (fid=36) not available, trying Charger 6 (fid=77)",942.1200280370444,6,,
Car 644,,,,,4,switch,,"Charger 4 (fid=86) not available, trying Charger 2 (fid=36)",942.1451419919904,2,,
Car 629,,,,,2,switch,,"Charger 2 (fid=36) not available, trying Charger 5 (fid=19)",942.2157564436931,5,,
Car 651,,,,,0,switch,,"Charger 0 (fid=22) not available, trying Charger 5 (fid=19)",942.2526082413228,5,,
Car 652,,,,,5,switch,,"Charger 5 (fid=19) not available, trying Charger 2 (fid=36)",942.2685317169341,2,,
Car 649,,,,,2,switch,,"Charger 2 (fid=36) not available, trying Charger 0 (fid=22)",942.3625380723676,0,,
Car 653,,,,,4,switch,,"Charger 4 (fid=86) not available, trying Charger 1 (fid=82)",942.7286543568132,1,,
Car 628,,,,,0,switch,,"Charger 0 (fid=22) not available, trying Charger 1 (fid=82)",942.9532273694085,1,,
Car 632,,,,,3,switch,,"Charger 3 (fid=53) not available, trying Charger 1 (fid=82)",942.9639769377635,1,,
Car 654,,,,,6,switch,,"Charger 6 (fid=77) not available, trying Charger 3 (fid=53)",943.075640742588,3,,
Car 626,,,,,1,switch,,"Charger 1 (fid=82) not available, trying Charger 3 (fid=53)",943.3852926581638,3,,
Car 631,,,,,3,switch,,"Charger 3 (fid=53) not available, trying Charger 1 (fid=82)",943.3922075112852,1,,
Car 662,,,,56,,arrived,,arrived,943.6259972605374,,,
Car 638,,,,,5,switch,,"Charger 5 (fid=19) not available, trying Charger 3 (fid=53)",943.6942699743407,3,,
Car 634,,,,,3,switch,,"Charger 3 (fid=53) not available, trying Charger 1 (fid=82)",943.8070340335714,1,,
Car 624,,,,,5,switch,,"Charger 5 (fid=19) not available, trying Charger 0 (fid=22)",944.0471971774177,0,,
Car 655,,,,,7,switch,,"Charger 7 (fid=52) not available, trying Charger 1 (fid=82)",944.1232688539129,1,,
Car 639,,,,,2,switch,,"Charger 2 (fid=36) not available, trying Charger 4 (fid=86)",944.1782081314617,4,,
Car 663,,,,36,,arrived,,arrived,944.5172314008857,,,
Car 664,,,,67,,arrived,,arrived,944.7125814090027,,,
Car 656,,,,,6,switch,,"Charger 6 (fid=77) not available, trying Charger 2 (fid=36)",945.0955031658536,2,,
Car 665,,,,36,,arrived,,arrived,945.0968360481487,,,
Car 657,,,,,6,switch,,"Charger 6 (fid=77) not available, trying Charger 7 (fid=52)",945.1404547967533,7,,
Car 640,,,,,2,switch,,"Charger 2 (fid=36) not available, trying Charger 5 (fid=19)",945.4342705370431,5,,
Car 625,,,,,,gave_up,4,"no alternate charger available, gave up",945.5076880108662,,,
Car 647,,,,,0,switch,,"Charger 0 (fid=22) not available, trying Charger 6 (fid=77)",945.5735185585062,6,,
Car 641,,,,,6,switch,,"Charger 6 (fid=77) not available, trying Charger 7 (fid=52)",946.0123599834556,7,,
Car 658,,,,,7,switch,,"Charger 7 (fid=52) not available, trying Charger 6 (fid=77)",946.1777913343799,6,,
Car 646,,,,,5,switch,,"Charger 5 (fid=19) not available, trying Charger 0 (fid=22)",946.5998932922876,0,,
Car 659,,,,,1,switch,,"Charger 1 (fid=82) not available, trying Charger 4 (fid=86)",946.6817379749866,4,,
Car 666,,,,23,,arrived,,arrived,946.7130155432428,,,
Car 660,,,,,0,switch,,"Charger 0 (fid=22) not available, trying Charger 5 (fid=19)",946.8219158592156,5,,
Car 650,,,,,5,switch,,"Charger 5 (fid=19) not available, trying Charger 2 (fid=36)",946.9244756383605,2,,
Car 661,,,,,6,switch,,"Charger 6 (fid=77) not available, trying Charger 2 (fid=36)",946.9811484035223,2,,
Car 642,,,,,6,switch,,"Charger 6 (fid=77) not available, trying Charger 7 (fid=52)",947.0771477599801,7,,
Car 630,,,,,1,switch,,"Charger 1 (fid=82) not available, trying Charger 4 (fid=86)",947.2315847453019,4,,
Car 667,,,,67,,arrived,,arrived,947.2906455152994,,,
Car 633,,,,,5,switch,,"Charger 5 (fid=19) not available, trying Charger 0 (fid=22)",947.4548175299537,0,,
Car 629,,,,,5,switch,,"Charger 5 (fid=19) not available, trying Charger 0 (fid=22)",947.9686132768253,0,,
Car 653,,,,,1,switch,,"Charger 1 (fid=82) not available, trying Charger 7 (fid=52)",948.0111060651274,7,,
Car 587,89.0,22,0,,,done,,done charging,948.0177489009466,,,121.18731858161077
Car 649,,22,0,,,start_charge,,starting to charge at Charger 0 (fid=22),948.0177489009466,,13.512222454388962,
Car 652,,,,,2,switch,,"Charger 2 (fid=36) not available, trying Charger 0 (fid=22)",948.0213885500664,0,,
Car 662,,,,,5,switch,,"Charger 5 (fid=19) not available, trying Charger 0 (fid=22)",948.6259972605374,0,,
Car 651,,,,,5,switch,,"Charger 5 (fid=19) not available, trying Charger 2 (fid=36)",948.7133353942629,2,,
Car 643,,,,,6,switch,,"Charger 6 (fid=77) not available, trying Charger 7 (fid=52)",949.437353976376,7,,
Car 663,,,,,2,switch,,"Charger 2 (fid=36) not available, trying Charger 5 (fid=19)",949.5172314008857,5,,
Car 654,,,,,3,switch,,"Charger 3 (fid=53) not available, trying Charger 7 (fid=52)",949.648664613053,7,,
Car 645,,,,,6,switch,,"Charger 6 (fid=77) not available, trying Charger 7 (fid=52)",949.6753323976058,7,,
Car 664,,,,,0,switch,,"Charger 0 (fid=22) not available, trying Charger 5 (fid=19)",949.7125814090027,5,,
Car 635,,,,,2,switch,,"Charger 2 (fid=36) not available, trying Charger 5 (fid=19)",949.9811367577101,5,,
Car 665,,,,,2,switch,,"Charger 2 (fid=36) not available, trying Charger 5 (fid=19)",950.0968360481487,5,,
Car 624,,,,,,gave_up,0,"no alternate charger available, gave up",950.5079243303578,,,
Car 640,,,,,5,switch,,"Charger 5 (fid=19) not available, trying Charger 4 (fid=86)",951.1871273701753,4,,
Car 648,,,,,1,switch,,"Charger 1 (fid=82) not available, trying Charger 4 (fid=86)",951.1914134165991,4,,
Car 632,,,,,1,switch,,"Charger 1 (fid=82) not available, trying Charger 4 (fid=86)",951.308191145105,4,,
Car 657,,,,,7,switch,,"Charger 7 (fid=52) not available, trying Charger 3 (fid=53)",951.706192412978,3,,
Car 666,,,,,5,switch,,"Charger 5 (fid=19) not available, trying Charger 2 (fid=36)",951.7130155432428,2,,
Car 626,,,,,3,switch,,"Charger 3 (fid=53) not available, trying Charger 4 (fid=86)",951.7295068655053,4,,
Car 631,,,,,1,switch,,"Charger 1 (fid=82) not available, trying Charger 4 (fid=86)",951.7364217186266,4,,
Car 655,,,,,1,switch,,"Charger 1 (fid=82) not available, trying Charger 4 (fid=86)",951.78118654238,4,,
Car 644,,,,,2,switch,,"Charger 2 (fid=36) not available, trying Charger 6 (fid=77)",951.8562722665578,6,,
Car 659,,,,,4,switch,,"Charger 4 (fid=86) not available, trying Charger 7 (fid=52)",951.9641896833008,7,,
Car 668,,,,8,,arrived,,arrived,952.0265865689693,,,
Car 634,,,,,1,switch,,"Charger 1 (fid=82) not available, trying Charger 4 (fid=86)",952.1512482409129,4,,
Car 667,,,,,0,switch,,"Charger 0 (fid=22) not available, trying Charger 5 (fid=19)",952.2906455152994,5,,
Car 669,,,,30,,arrived,,arrived,952.3888343455076,,,
Car 630,,,,,,gave_up,4,"no alternate charger available, gave up",952.5140364536161,,,
Car 641,,,,,7,switch,,"Charger 7 (fid=52) not available, trying Charger 3 (fid=53)",952.5780975996803,3,,
Car 656,,,,,2,switch,,"Charger 2 (fid=36) not available, trying Charger 0 (fid=22)",952.650807526415,0,,
Car 650,,,,,2,switch,,"Charger 2 (fid=36) not available, trying Charger 6 (fid=77)",952.6773324714927,6,,
Car 658,,,,,6,switch,,"Charger 6 (fid=77) not available, trying Charger 3 (fid=53)",952.7435289506046,3,,
Car 646,,,,,0,switch,,"Charger 0 (fid=22) not available, trying Charger 7 (fid=52)",953.0606204452276,7,,
Car 638,,,,,3,switch,,"Charger 3 (fid=53) not available, trying Charger 7 (fid=52)",953.197784492288,7,,
Car 627,,,,,1,switch,,"Charger 1 (fid=82) not available, trying Charger 4 (fid=86)",953.225548251019,4,,
Car 660,,,,,5,switch,,"Charger 5 (fid=19) not available, trying Charger 2 (fid=36)",953.2826430121556,2,,
Car 670,,,,60,,arrived,,arrived,953.3127026228086,,,
Car 642,,,,,7,switch,,"Charger 7 (fid=52) not available, trying Charger 3 (fid=53)",953.6428853762048,3,,
Car 639,,,,,4,switch,,"Charger 4 (fid=86) not available, trying Charger 5 (fid=19)",953.8893384060291,5,,
Car 633,,,,,,gave_up,0,"no alternate charger available, gave up",953.9155446828938,,,
Car 629,,,,,,gave_up,0,"no alternate charger available, gave up",954.4293404297654,,,
Car 651,,,,,2,switch,,"Charger 2 (fid=36) not available, trying Charger 6 (fid=77)",954.4661922273951,6,,
Car 661,,,,,2,switch,,"Charger 2 (fid=36) not available, trying Charger 5 (fid=19)",954.5364527640836,5,,
Car 628,,,,,1,switch,,"Charger 1 (fid=82) not available, trying Charger 4 (fid=86)",954.5699566539527,4,,
Car 619,65.0,86,4,,,done,,done charging,954.8570229175918,,,11.49467898636246
Car 648,,86,4,,,start_charge,,starting to charge at Charger 4 (fid=86),954.8570229175918,,18.383157792678617,
Car 647,,,,,6,switch,,"Charger 6 (fid=77) not available, trying Charger 7 (fid=52)",954.9116233699671,7,,
Car 662,,,,,0,switch,,"Charger 0 (fid=22) not available, trying Charger 2 (fid=36)",955.0867244134774,2,,
Car 652,,,,,0,switch,,"Charger 0 (fid=22) not available, trying Charger 6 (fid=77)",955.1643769242564,6,,
Car 663,,,,,5,switch,,"Charger 5 (fid=19) not available, trying Charger 0 (fid=22)",955.270088234018,0,,
Car 608,59.0,77,6,,,done,,done charging,955.3894616717356,,,368.4168263326122
Car 668,,77,6,,,start_charge,,starting to charge at Charger 6 (fid=77),955.3894616717356,,3.3628751027663384,
Car 654,,,,,7,switch,,"Charger 7 (fid=52) not available, trying Charger 2 (fid=36)",955.6686012320848,2,,
Car 653,,,,,7,switch,,"Charger 7 (fid=52) not available, trying Charger 3 (fid=53)",955.6690237535945,3,,
Car 635,,,,,5,switch,,"Charger 5 (fid=19) not available, trying Charger 0 (fid=22)",955.7339935908424,0,,
Car 665,,,,,5,switch,,"Charger 5 (fid=19) not available, trying Charger 0 (fid=22)",955.8496928812809,0,,
Car 643,,,,,7,switch,,"Charger 7 (fid=52) not available, trying Charger 3 (fid=53)",956.0030915926008,3,,
Car 664,,,,,5,switch,,"Charger 5 (fid=19) not available, trying Charger 2 (fid=36)",956.1733085619428,2,,
Car 645,,,,,7,switch,,"Charger 7 (fid=52) not available, trying Charger 3 (fid=53)",956.2410700138305,3,,
Car 632,,,,,,gave_up,4,"no alternate charger available, gave up",956.5906428534191,,,
Car 631,,,,,,gave_up,4,"no alternate charger available, gave up",957.0188734269408,,,
Car 655,,,,,4,switch,,"Charger 4 (fid=86) not available, trying Charger 3 (fid=53)",957.0636382506942,3,,
Car 669,,,,,2,switch,,"Charger 2 (fid=36) not available, trying Charger 5 (fid=19)",957.3888343455076,5,,
Car 634,,,,,,gave_up,4,"no alternate charger available, gave up",957.433699949227,,,
Car 666,,,,,2,switch,,"Charger 2 (fid=36) not available, trying Charger 0 (fid=22)",957.465872376375,0,,
Car 657,,,,,3,switch,,"Charger 3 (fid=53) not available, trying Charger 2 (fid=36)",957.7261290320098,2,,
Car 617,50.0,22,0,,,done,,done charging,957.7445815908738,,,191.2447522521821
Car 656,,22,0,,,start_charge,,starting to charge at Charger 0 (fid=22),957.7445815908738,,12.950785690268845,
Car 670,,,,,6,switch,,"Charger 6 (fid=77) not available, trying Charger 3 (fid=53)",958.3127026228086,3,,
Car 627,,,,,,gave_up,4,"no alternate charger available, gave up",958.5079999593331,,,
Car 641,,,,,3,switch,,"Charger 3 (fid=53) not available, trying Charger 1 (fid=82)",958.5980342187121,1,,
Car 667,,,,,5,switch,,"Charger 5 (fid=19) not available, trying Charger 2 (fid=36)",958.7513726682395,2,,
Car 660,,,,,2,switch,,"Charger 2 (fid=36) not available, trying Charger 6 (fid=77)",959.0354998452879,6,,
Car 638,,,,,7,switch,,"Charger 7 (fid=52) not available, trying Charger 1 (fid=82)",959.2177211113197,1,,
Car 658,,,,,3,switch,,"Charger 3 (fid=53) not available, trying Charger 2 (fid=36)",959.3165528210696,2,,
Car 644,,,,,6,switch,,"Charger 6 (fid=77) not available, trying Charger 3 (fid=53)",959.4115766271191,3,,
Car 659,,,,,7,switch,,"Charger 7 (fid=52) not available, trying Charger 3 (fid=53)",959.5940570808411,3,,
Car 642,,,,,3,switch,,"Charger 3 (fid=53) not available, trying Charger 1 (fid=82)",959.6628219952366,1,,
Car 628,,,,,,gave_up,4,"no alternate charger available, gave up",959.8524083622668,,,
Car 626,,,,,,gave_up,4,"no alternate charger available, gave up",959.9724986215809,,,
Car 671,,,,20,,arrived,,arrived,959.9811075346147,,,
Car 672,,,,40,,arrived,,arrived,960.2324729963286,,,
Car 650,,,,,6,switch,,"Charger 6 (fid=77) not available, trying Charger 7 (fid=52)",960.232636832054,7,,
Car 661,,,,,5,switch,,"Charger 5 (fid=19) not available, trying Charger 0 (fid=22)",960.2893095972158,0,,
Car 574,91.0,53,3,,,done,,done charging,960.7715790001096,,,392.34193475844035
Car 653,,53,3,,,start_charge,,starting to charge at Charger 3 (fid=53),960.7715790001096,,19.08261862748327,
Car 569,106.0,19,5,,,done,,done charging,961.3588056309338,,,339.9420056421134
Car 669,,19,5,,,start_charge,,starting to charge at Charger 5 (fid=19),961.3588056309338,,8.217114452294027,
Car 647,,,,,7,switch,,"Charger 7 (fid=52) not available, trying Charger 3 (fid=53)",961.4773609861918,3,,
Car 640,,,,,4,switch,,"Charger 4 (fid=86) not available, trying Charger 1 (fid=82)",961.5177236620506,1,,
Car 663,,,,,0,switch,,"Charger 0 (fid=22) not available, trying Charger 6 (fid=77)",961.730815386958,6,,
Car 664,,,,,2,switch,,"Charger 2 (fid=36) not available, trying Charger 6 (fid=77)",961.926165395075,6,,
Car 651,,,,,6,switch,,"Charger 6 (fid=77) not available, trying Charger 7 (fid=52)",962.0214965879564,7,,
Car 643,,,,,3,switch,,"Charger 3 (fid=53) not available, trying Charger 1 (fid=82)",962.0230282116325,1,,
Car 635,,,,,,gave_up,0,"no alternate charger available, gave up",962.1947207437825,,,
Car 662,,,,,2,switch,,"Charger 2 (fid=36) not available, trying Charger 6 (fid=77)",962.2297127876675,6,,
Car 645,,,,,3,switch,,"Charger 3 (fid=53) not available, trying Charger 1 (fid=82)",962.2610066328623,1,,
Car 665,,,,,0,switch,,"Charger 0 (fid=22) not available, trying Charger 6 (fid=77)",962.310420034221,6,,
Car 618,70.0,53,3,,,done,,done charging,962.4107291114569,,,215.73259218299094
Car 670,,53,3,,,start_charge,,starting to charge at Charger 3 (fid=53),962.4107291114569,,7.525002618183294,
Car 673,,,,38,,arrived,,arrived,962.6284352179855,,,
Car 674,,,,21,,arrived,,arrived,962.9875959034958,,,
Car 646,,,,,7,switch,,"Charger 7 (fid=52) not available, trying Charger 3 (fid=53)",963.1933312553734,3,,
Car 675,,,,54,,arrived,,arrived,963.4194287999702,,,
Car 654,,,,,2,switch,,"Charger 2 (fid=36) not available, trying Charger 5 (fid=19)",963.6969387291242,5,,
Car 639,,,,,5,switch,,"Charger 5 (fid=19) not available, trying Charger 1 (fid=82)",964.2199346979044,1,,
Car 652,,,,,6,switch,,"Charger 6 (fid=77) not available, trying Charger 7 (fid=52)",964.5024817357173,7,,
Car 667,,,,,2,switch,,"Charger 2 (fid=36) not available, trying Charger 6 (fid=77)",964.5042295013717,6,,
Car 666,,,,,0,switch,,"Charger 0 (fid=22) not available, trying Charger 6 (fid=77)",964.6088607505651,6,,
Car 671,,,,,5,switch,,"Charger 5 (fid=19) not available, trying Charger 2 (fid=36)",964.9811075346147,2,,
Car 676,,,,72,,arrived,,arrived,965.0794238765579,,,
Car 584,98.0,36,2,,,done,,done charging,965.0987751164275,,,187.64360018130802
Car 657,,36,2,,,start_charge,,starting to charge at Charger 2 (fid=36),965.0987751164275,,18.618460392555903,
Car 672,,,,,6,switch,,"Charger 6 (fid=77) not available, trying Charger 3 (fid=53)",965.2324729963286,3,,
Car 655,,,,,3,switch,,"Charger 3 (fid=53) not available, trying Charger 6 (fid=77)",965.3066300067699,6,,
Car 659,,,,,3,switch,,"Charger 3 (fid=53) not available, trying Charger 6 (fid=77)",965.6139936998729,6,,
Car 644,,,,,3,switch,,"Charger 3 (fid=53) not available, trying Charger 5 (fid=19)",965.9846004975841,5,,
Car 677,,,,12,,arrived,,arrived,966.3276160213436,,,
Car 660,,,,,6,switch,,"Charger 6 (fid=77) not available, trying Charger 7 (fid=52)",966.5908042058492,7,,
Car 661,,,,,0,switch,,"Charger 0 (fid=22) not available, trying Charger 3 (fid=53)",966.7500367501559,3,,
Car 650,,,,,7,switch,,"Charger 7 (fid=52) not available, trying Charger 3 (fid=53)",966.7983744482788,3,,
Car 640,,,,,1,switch,,"Charger 1 (fid=82) not available, trying Charger 0 (fid=22)",966.8001753703647,0,,
Car 638,,,,,1,switch,,"Charger 1 (fid=82) not available, trying Charger 4 (fid=86)",966.8756387997869,4,,
Car 641,,,,,1,switch,,"Charger 1 (fid=82) not available, trying Charger 4 (fid=86)",966.9422484260535,4,,
Car 585,75.0,82,1,,,done,,done charging,967.3095543985268,,,670.9778346927772
Car 642,,82,1,,,start_charge,,starting to charge at Charger 1 (fid=82),967.3095543985268,,34.302518195948664,
Car 647,,,,,3,switch,,"Charger 3 (fid=53) not available, trying Charger 1 (fid=82)",967.4972976052236,1,,
Car 673,,,,,0,switch,,"Charger 0 (fid=22) not available, trying Charger 5 (fid=19)",967.6284352179855,5,,
Car 678,,,,5,,arrived,,arrived,967.7533821205196,,,
Car 674,,,,,7,switch,,"Charger 7 (fid=52) not available, trying Charger 1 (fid=82)",967.9875959034958,1,,
Car 658,,,,,2,switch,,"Charger 2 (fid=36) not available, trying Charger 1 (fid=82)",968.0707385129315,1,,
Car 591,81.0,52,7,,,done,,done charging,968.161554865366,,,311.0500561677917
Car 651,,52,7,,,start_charge,,starting to charge at Charger 7 (fid=52),968.161554865366,,24.574320661184856,
Car 675,,,,,5,switch,,"Charger 5 (fid=19) not available, trying Charger 2 (fid=36)",968.4194287999702,2,,
Car 679,,,,18,,arrived,,arrived,968.4244193421409,,,
Car 646,,,,,3,switch,,"Charger 3 (fid=53) not available, trying Charger 1 (fid=82)",969.2132678744052,1,,
Car 654,,,,,5,switch,,"Charger 5 (fid=19) not available, trying Charger 0 (fid=22)",969.4497955622564,0,,
Car 664,,,,,6,switch,,"Charger 6 (fid=77) not available, trying Charger 7 (fid=52)",969.4814697556363,7,,
Car 680,,,,73,,arrived,,arrived,969.7714525534818,,,
Car 662,,,,,6,switch,,"Charger 6 (fid=77) not available, trying Charger 7 (fid=52)",969.7850171482288,7,,
Car 676,,,,,5,switch,,"Charger 5 (fid=19) not available, trying Charger 2 (fid=36)",970.0794238765579,2,,
Car 681,,,,45,,arrived,,arrived,970.0953239190708,,,
Car 643,,,,,1,switch,,"Charger 1 (fid=82) not available, trying Charger 4 (fid=86)",970.367242418974,4,,
Car 682,,,,38,,arrived,,arrived,970.4024318902482,,,
Car 645,,,,,1,switch,,"Charger 1 (fid=82) not available, trying Charger 4 (fid=86)",970.6052208402037,4,,
Car 671,,,,,2,switch,,"Charger 2 (fid=36) not available, trying Charger 0 (fid=22)",970.7339643677469,0,,
Car 652,,,,,7,switch,,"Charger 7 (fid=52) not available, trying Charger 3 (fid=53)",971.068219351942,3,,
Car 663,,,,,6,switch,,"Charger 6 (fid=77) not available, trying Charger 7 (fid=52)",971.0689201984189,7,,
Car 683,,,,37,,arrived,,arrived,971.2053521112845,,,
Car 677,,,,,7,switch,,"Charger 7 (fid=52) not available, trying Charger 2 (fid=36)",971.3276160213436,2,,
Car 665,,,,,6,switch,,"Charger 6 (fid=77) not available, trying Charger 7 (fid=52)",971.6485248456819,7,,
Car 684,,,,73,,arrived,,arrived,971.7716800150001,,,
Car 672,,,,,3,switch,,"Charger 3 (fid=53) not available, trying Charger 7 (fid=52)",971.8054968667936,7,,
Car 655,,,,,6,switch,,"Charger 6 (fid=77) not available, trying Charger 2 (fid=36)",971.8796538772349,2,,
Car 667,,,,,6,switch,,"Charger 6 (fid=77) not available, trying Charger 7 (fid=52)",972.059533861933,7,,
Car 638,,,,,,gave_up,4,"no alternate charger available, gave up",972.158090508101,,,
Car 659,,,,,6,switch,,"Charger 6 (fid=77) not available, trying Charger 2 (fid=36)",972.187017570338,2,,
Car 641,,,,,,gave_up,4,"no alternate charger available, gave up",972.2247001343677,,,
Car 678,,,,,0,switch,,"Charger 0 (fid=22) not available, trying Charger 5 (fid=19)",972.7533821205196,5,,
Car 650,,,,,3,switch,,"Charger 3 (fid=53) not available, trying Charger 1 (fid=82)",972.8183110673106,1,,
Car 685,,,,57,,arrived,,arrived,972.9251755791281,,,
Car 660,,,,,7,switch,,"Charger 7 (fid=52) not available, trying Charger 3 (fid=53)",973.1565418220739,3,,
Car 686,,,,59,,arrived,,arrived,973.2095712999627,,,
Car 679,,,,,5,switch,,"Charger 5 (fid=19) not available, trying Charger 2 (fid=36)",973.4244193421409,2,,
Car 666,,,,,6,switch,,"Charger 6 (fid=77) not available, trying Charger 7 (fid=52)",973.946965562026,7,,
Car 687,,,,34,,arrived,,arrived,974.0417556314957,,,
Car 673,,,,,5,switch,,"Charger 5 (fid=19) not available, trying Charger 2 (fid=36)",974.0891623709256,2,,
Car 675,,,,,2,switch,,"Charger 2 (fid=36) not available, trying Charger 0 (fid=22)",974.1722856331024,0,,
Car 639,,,,,1,switch,,"Charger 1 (fid=82) not available, trying Charger 0 (fid=22)",974.37877488098,0,,
Car 680,,,,,6,switch,,"Charger 6 (fid=77) not available, trying Charger 2 (fid=36)",974.7714525534818,2,,
Car 681,,,,,6,switch,,"Charger 6 (fid=77) not available, trying Charger 2 (fid=36)",975.0953239190708,2,,
Car 637,57.0,82,1,,,done,,done charging,975.2732024970926,,,0.0
Car 674,,82,1,,,start_charge,,starting to charge at Charger 1 (fid=82),975.2732024970926,,9.627688905129617,
Car 682,,,,,0,switch,,"Charger 0 (fid=22) not available, trying Charger 5 (fid=19)",975.4024318902482,5,,
Car 644,,,,,5,switch,,"Charger 5 (fid=19) not available, trying Charger 0 (fid=22)",975.4881150155313,0,,
Car 643,,,,,,gave_up,4,"no alternate charger available, gave up",975.6496941272882,,,
Car 676,,,,,2,switch,,"Charger 2 (fid=36) not available, trying Charger 0 (fid=22)",975.8322807096902,0,,
Car 647,,,,,1,switch,,"Charger 1 (fid=82) not available, trying Charger 4 (fid=86)",975.841511812565,4,,
Car 645,,,,,,gave_up,4,"no alternate charger available, gave up",975.8876725485179,,,
Car 654,,,,,0,switch,,"Charger 0 (fid=22) not available, trying Charger 4 (fid=86)",975.9105227151965,4,,
Car 688,,,,54,,arrived,,arrived,975.9523223529317,,,
Car 664,,,,,7,switch,,"Charger 7 (fid=52) not available, trying Charger 3 (fid=53)",976.0472073718611,3,,
Car 683,,,,,0,switch,,"Charger 0 (fid=22) not available, trying Charger 5 (fid=19)",976.2053521112845,5,,
Car 662,,,,,7,switch,,"Charger 7 (fid=52) not available, trying Charger 3 (fid=53)",976.3507547644535,3,,
Car 566,117.0,52,7,,,done,,done charging,976.4238180367694,,,320.21895115842676
Car 663,,52,7,,,start_charge,,starting to charge at Charger 7 (fid=52),976.4238180367694,,23.7891602221257,
Car 684,,,,,6,switch,,"Charger 6 (fid=77) not available, trying Charger 2 (fid=36)",976.7716800150001,2,,
Car 689,,,,117,,arrived,,arrived,977.0654394200878,,,
Car 652,,,,,3,switch,,"Charger 3 (fid=53) not available, trying Charger 1 (fid=82)",977.0881559709738,1,,
Car 690,,,,50,,arrived,,arrived,977.2754462918062,,,
Car 661,,,,,3,switch,,"Charger 3 (fid=53) not available, trying Charger 7 (fid=52)",977.5029344932384,7,,
Car 646,,,,,1,switch,,"Charger 1 (fid=82) not available, trying Charger 4 (fid=86)",977.5574820817467,4,,
Car 658,,,,,1,switch,,"Charger 1 (fid=82) not available, trying Charger 4 (fid=86)",977.6308995527855,4,,
Car 672,,,,,7,switch,,"Charger 7 (fid=52) not available, trying Charger 2 (fid=36)",977.8254334858254,2,,
Car 671,,,,,0,switch,,"Charger 0 (fid=22) not available, trying Charger 6 (fid=77)",977.876952741937,6,,
Car 685,,,,,5,switch,,"Charger 5 (fid=19) not available, trying Charger 2 (fid=36)",977.9251755791281,2,,
Car 686,,,,,3,switch,,"Charger 3 (fid=53) not available, trying Charger 7 (fid=52)",978.2095712999627,7,,
Car 665,,,,,7,switch,,"Charger 7 (fid=52) not available, trying Charger 3 (fid=53)",978.2142624619066,3,,
Car 640,,,,,,gave_up,0,"no alternate charger available, gave up",978.4169046549089,,,
Car 667,,,,,7,switch,,"Charger 7 (fid=52) not available, trying Charger 3 (fid=53)",978.6252714781577,3,,
Car 687,,,,,2,switch,,"Charger 2 (fid=36) not available, trying Charger 5 (fid=19)",979.0417556314957,5,,
Car 660,,,,,3,switch,,"Charger 3 (fid=53) not available, trying Charger 1 (fid=82)",979.1764784411057,1,,
Car 679,,,,,2,switch,,"Charger 2 (fid=36) not available, trying Charger 0 (fid=22)",979.1772761752732,0,,
Car 678,,,,,5,switch,,"Charger 5 (fid=19) not available, trying Charger 2 (fid=36)",979.2141092734597,2,,
Car 677,,,,,2,switch,,"Charger 2 (fid=36) not available, trying Charger 1 (fid=82)",979.355953518383,1,,
Car 655,,,,,2,switch,,"Charger 2 (fid=36) not available, trying Charger 5 (fid=19)",979.4349582377962,5,,
Car 659,,,,,2,switch,,"Charger 2 (fid=36) not available, trying Charger 5 (fid=19)",979.7423219308993,5,,
Car 691,,,,118,,arrived,,arrived,979.8117463517771,,,
Car 673,,,,,2,switch,,"Charger 2 (fid=36) not available, trying Charger 6 (fid=77)",979.8420192040578,6,,
Car 666,,,,,7,switch,,"Charger 7 (fid=52) not available, trying Charger 3 (fid=53)",980.5127031782507,3,,
Car 688,,,,,5,switch,,"Charger 5 (fid=19) not available, trying Charger 2 (fid=36)",980.9523223529317,2,,
Car 647,,,,,,gave_up,4,"no alternate charger available, gave up",981.1239635208792,,,
Car 650,,,,,1,switch,,"Charger 1 (fid=82) not available, trying Charger 4 (fid=86)",981.162525274652,4,,
Car 692,,,,56,,arrived,,arrived,981.1842649034108,,,
Car 675,,,,,0,switch,,"Charger 0 (fid=22) not available, trying Charger 6 (fid=77)",981.3152740072925,6,,
Car 682,,,,,5,switch,,"Charger 5 (fid=19) not available, trying Charger 2 (fid=36)",981.8631590431883,2,,
Car 644,,,,,,gave_up,0,"no alternate charger available, gave up",981.9488421684714,,,
Car 689,,,,,1,switch,,"Charger 1 (fid=82) not available, trying Charger 7 (fid=52)",982.0654394200878,7,,
Car 664,,,,,3,switch,,"Charger 3 (fid=53) not available, trying Charger 1 (fid=82)",982.0671439908929,1,,
Car 690,,,,,6,switch,,"Charger 6 (fid=77) not available, trying Charger 3 (fid=53)",982.2754462918062,3,,
Car 680,,,,,2,switch,,"Charger 2 (fid=36) not available, trying Charger 5 (fid=19)",982.3267569140431,5,,
Car 662,,,,,3,switch,,"Charger 3 (fid=53) not available, trying Charger 1 (fid=82)",982.3706913834853,1,,
Car 681,,,,,2,switch,,"Charger 2 (fid=36) not available, trying Charger 7 (fid=52)",982.6506282796321,7,,
Car 683,,,,,5,switch,,"Charger 5 (fid=19) not available, trying Charger 2 (fid=36)",982.6660792642245,2,,
Car 646,,,,,,gave_up,4,"no alternate charger available, gave up",982.8399337900609,,,
Car 658,,,,,4,switch,,"Charger 4 (fid=86) not available, trying Charger 5 (fid=19)",982.9133512610997,5,,
Car 676,,,,,0,switch,,"Charger 0 (fid=22) not available, trying Charger 6 (fid=77)",982.9752690838802,6,,
Car 693,,,,54,,arrived,,arrived,983.3008557706829,,,
Car 694,,,,73,,arrived,,arrived,983.3325078013346,,,
Car 695,,,,4,,arrived,,arrived,983.3721849604472,,,
Car 661,,,,,7,switch,,"Charger 7 (fid=52) not available, trying Charger 1 (fid=82)",983.5228711122702,1,,
Car 685,,,,,2,switch,,"Charger 2 (fid=36) not available, trying Charger 0 (fid=22)",983.6780324122603,0,,
Car 686,,,,,7,switch,,"Charger 7 (fid=52) not available, trying Charger 6 (fid=77)",984.2295079189945,6,,
Car 665,,,,,3,switch,,"Charger 3 (fid=53) not available, trying Charger 1 (fid=82)",984.2341990809384,1,,
Car 684,,,,,2,switch,,"Charger 2 (fid=36) not available, trying Charger 5 (fid=19)",984.3269843755614,5,,
Car 667,,,,,3,switch,,"Charger 3 (fid=53) not available, trying Charger 1 (fid=82)",984.6452080971895,1,,
Car 687,,,,,5,switch,,"Charger 5 (fid=19) not available, trying Charger 0 (fid=22)",984.7946124646279,0,,
Car 691,,,,,1,switch,,"Charger 1 (fid=82) not available, trying Charger 4 (fid=86)",984.8117463517771,4,,
Car 678,,,,,2,switch,,"Charger 2 (fid=36) not available, trying Charger 6 (fid=77)",984.9669661065919,6,,
Car 655,,,,,5,switch,,"Charger 5 (fid=19) not available, trying Charger 0 (fid=22)",985.1878150709284,0,,
Car 696,,,,25,,arrived,,arrived,985.3025935506843,,,
Car 652,,,,,1,switch,,"Charger 1 (fid=82) not available, trying Charger 4 (fid=86)",985.4323701783153,4,,
Car 659,,,,,5,switch,,"Charger 5 (fid=19) not available, trying Charger 0 (fid=22)",985.4951787640315,0,,
Car 672,,,,,2,switch,,"Charger 2 (fid=36) not available, trying Charger 5 (fid=19)",985.8537709828648,5,,
Car 639,,,,,,gave_up,0,"no alternate charger available, gave up",985.9955041655242,,,
Car 697,,,,41,,arrived,,arrived,986.1162163978902,,,
Car 692,,,,,5,switch,,"Charger 5 (fid=19) not available, trying Charger 0 (fid=22)",986.1842649034108,0,,
Car 679,,,,,0,switch,,"Charger 0 (fid=22) not available, trying Charger 6 (fid=77)",986.3202645494632,6,,
Car 650,,,,,,gave_up,4,"no alternate charger available, gave up",986.4449769829662,,,
Car 666,,,,,3,switch,,"Charger 3 (fid=53) not available, trying Charger 1 (fid=82)",986.5326397972825,1,,
Car 698,,,,20,,arrived,,arrived,986.6474601697179,,,
Car 688,,,,,2,switch,,"Charger 2 (fid=36) not available, trying Charger 0 (fid=22)",986.7051791860639,0,,
Car 699,,,,21,,arrived,,arrived,986.8375137149835,,,
Car 671,,,,,6,switch,,"Charger 6 (fid=77) not available, trying Charger 7 (fid=52)",987.2150575533979,7,,
Car 673,,,,,6,switch,,"Charger 6 (fid=77) not available, trying Charger 7 (fid=52)",987.3973235646191,7,,
Car 700,,,,17,,arrived,,arrived,987.4976594987244,,,
Car 660,,,,,1,switch,,"Charger 1 (fid=82) not available, trying Charger 4 (fid=86)",987.5206926484472,4,,
Car 682,,,,,2,switch,,"Charger 2 (fid=36) not available, trying Charger 6 (fid=77)",987.6160158763205,6,,
Car 701,,,,54,,arrived,,arrived,987.6536937280055,,,
Car 654,,,,,4,switch,,"Charger 4 (fid=86) not available, trying Charger 1 (fid=82)",987.7014013119997,1,,
Car 680,,,,,5,switch,,"Charger 5 (fid=19) not available, trying Charger 0 (fid=22)",988.0796137471754,0,,
Car 693,,,,,5,switch,,"Charger 5 (fid=19) not available, trying Charger 2 (fid=36)",988.3008557706829,2,,
Car 694,,,,,6,switch,,"Charger 6 (fid=77) not available, trying Charger 2 (fid=36)",988.3325078013346,2,,
Car 695,,,,,6,switch,,"Charger 6 (fid=77) not available, trying Charger 7 (fid=52)",988.3721849604472,7,,
Car 683,,,,,2,switch,,"Charger 2 (fid=36) not available, trying Charger 6 (fid=77)",988.4189360973568,6,,
Car 690,,,,,3,switch,,"Charger 3 (fid=53) not available, trying Charger 7 (fid=52)",988.8484701622713,7,,
Car 677,,,,,1,switch,,"Charger 1 (fid=82) not available, trying Charger 4 (fid=86)",988.916114558237,4,,
Car 702,,,,57,,arrived,,arrived,989.4121238238001,,,
Car 689,,,,,7,switch,,"Charger 7 (fid=52) not available, trying Charger 2 (fid=36)",989.723357108555,2,,
Car 684,,,,,5,switch,,"Charger 5 (fid=19) not available, trying Charger 0 (fid=22)",990.0798412086937,0,,
Car 691,,,,,4,switch,,"Charger 4 (fid=86) not available, trying Charger 7 (fid=52)",990.0941980600912,7,,
Car 696,,,,,2,switch,,"Charger 2 (fid=36) not available, trying Charger 5 (fid=19)",990.3025935506843,5,,
Car 664,,,,,1,switch,,"Charger 1 (fid=82) not available, trying Charger 4 (fid=86)",990.4113581982343,4,,
Car 675,,,,,6,switch,,"Charger 6 (fid=77) not available, trying Charger 7 (fid=52)",990.6533788187534,7,,
Car 681,,,,,7,switch,,"Charger 7 (fid=52) not available, trying Charger 3 (fid=53)",990.6789657766715,3,,
Car 652,,,,,,gave_up,4,"no alternate charger available, gave up",990.7148218866295,,,
Car 662,,,,,1,switch,,"Charger 1 (fid=82) not available, trying Charger 4 (fid=86)",990.7149055908268,4,,
Car 703,,,,63,,arrived,,arrived,990.7271190366858,,,
Car 686,,,,,6,switch,,"Charger 6 (fid=77) not available, trying Charger 4 (fid=86)",990.7952455352192,4,,
Car 685,,,,,0,switch,,"Charger 0 (fid=22) not available, trying Charger 6 (fid=77)",990.8210207864504,6,,
Car 704,,,,61,,arrived,,arrived,990.967457890047,,,
Car 697,,,,,0,switch,,"Charger 0 (fid=22) not available, trying Charger 5 (fid=19)",991.1162163978902,5,,
Car 661,,,,,1,switch,,"Charger 1 (fid=82) not available, trying Charger 4 (fid=86)",991.1807888007373,4,,
Car 687,,,,,0,switch,,"Charger 0 (fid=22) not available, trying Charger 6 (fid=77)",991.255339617568,6,,
Car 705,,,,67,,arrived,,arrived,991.4497122091375,,,
Car 672,,,,,5,switch,,"Charger 5 (fid=19) not available, trying Charger 0 (fid=22)",991.6066278159971,0,,
Car 698,,,,,5,switch,,"Charger 5 (fid=19) not available, trying Charger 2 (fid=36)",991.6474601697179,2,,
Car 655,,,,,,gave_up,0,"no alternate charger available, gave up",991.6485422238685,,,
Car 699,,,,,5,switch,,"Charger 5 (fid=19) not available, trying Charger 2 (fid=36)",991.8375137149835,2,,
Car 659,,,,,,gave_up,0,"no alternate charger available, gave up",991.9559059169716,,,
Car 676,,,,,6,switch,,"Charger 6 (fid=77) not available, trying Charger 7 (fid=52)",992.3133738953411,7,,
Car 700,,,,,2,switch,,"Charger 2 (fid=36) not available, trying Charger 5 (fid=19)",992.4976594987244,5,,
Car 678,,,,,6,switch,,"Charger 6 (fid=77) not available, trying Charger 7 (fid=52)",992.5222704671532,7,,
Car 665,,,,,1,switch,,"Charger 1 (fid=82) not available, trying Charger 4 (fid=86)",992.5784132882799,4,,
Car 692,,,,,0,switch,,"Charger 0 (fid=22) not available, trying Charger 2 (fid=36)",992.6449920563509,2,,
Car 701,,,,,5,switch,,"Charger 5 (fid=19) not available, trying Charger 2 (fid=36)",992.6536937280055,2,,
Car 660,,,,,,gave_up,4,"no alternate charger available, gave up",992.8031443567613,,,
Car 654,,,,,,gave_up,1,"no alternate charger available, gave up",992.9838530203139,,,
Car 667,,,,,1,switch,,"Charger 1 (fid=82) not available, trying Charger 4 (fid=86)",992.989422304531,4,,
Car 658,,,,,5,switch,,"Charger 5 (fid=19) not available, trying Charger 0 (fid=22)",993.243947552975,0,,
Car 671,,,,,7,switch,,"Charger 7 (fid=52) not available, trying Charger 3 (fid=53)",993.7807951696226,3,,
Car 688,,,,,0,switch,,"Charger 0 (fid=22) not available, trying Charger 6 (fid=77)",993.848167560254,6,,
Car 673,,,,,7,switch,,"Charger 7 (fid=52) not available, trying Charger 3 (fid=53)",993.9630611808439,3,,
Car 693,,,,,2,switch,,"Charger 2 (fid=36) not available, trying Charger 0 (fid=22)",994.0537126038151,0,,
Car 677,,,,,4,switch,,"Charger 4 (fid=86) not available, trying Charger 6 (fid=77)",994.1985662665512,6,,
Car 702,,,,,5,switch,,"Charger 5 (fid=19) not available, trying Charger 2 (fid=36)",994.4121238238001,2,,
Car 680,,,,,0,switch,,"Charger 0 (fid=22) not available, trying Charger 7 (fid=52)",994.5403409001154,7,,
Car 706,,,,63,,arrived,,arrived,994.8576081341217,,,
Car 690,,,,,7,switch,,"Charger 7 (fid=52) not available, trying Charger 2 (fid=36)",994.8684067813031,2,,
Car 666,,,,,1,switch,,"Charger 1 (fid=82) not available, trying Charger 4 (fid=86)",994.876854004624,4,,
Car 695,,,,,7,switch,,"Charger 7 (fid=52) not available, trying Charger 3 (fid=53)",994.9379225766719,3,,
Car 636,75.0,36,2,,,done,,done charging,995.0325685369794,,,166.64449089303918
Car 694,,36,2,,,start_charge,,starting to charge at Charger 2 (fid=36),995.0325685369794,,9.144756375083489,
Car 682,,,,,6,switch,,"Charger 6 (fid=77) not available, trying Charger 7 (fid=52)",995.1713202368818,7,,
Car 707,,,,37,,arrived,,arrived,995.1918155148612,,,
Car 679,,,,,6,switch,,"Charger 6 (fid=77) not available, trying Charger 7 (fid=52)",995.6583693609241,7,,
Car 664,,,,,,gave_up,4,"no alternate charger available, gave up",995.6938099065485,,,
Car 703,,,,,0,switch,,"Charger 0 (fid=22) not available, trying Charger 6 (fid=77)",995.7271190366858,6,,
Car 704,,,,,6,switch,,"Charger 6 (fid=77) not available, trying Charger 3 (fid=53)",995.967457890047,3,,
Car 683,,,,,6,switch,,"Charger 6 (fid=77) not available, trying Charger 7 (fid=52)",995.9742404579181,7,,
Car 662,,,,,,gave_up,4,"no alternate charger available, gave up",995.997357299141,,,
Car 696,,,,,5,switch,,"Charger 5 (fid=19) not available, trying Charger 0 (fid=22)",996.0554503838165,0,,
Car 705,,,,,0,switch,,"Charger 0 (fid=22) not available, trying Charger 5 (fid=19)",996.4497122091375,5,,
Car 661,,,,,,gave_up,4,"no alternate charger available, gave up",996.4632405090515,,,
Car 684,,,,,0,switch,,"Charger 0 (fid=22) not available, trying Charger 7 (fid=52)",996.5405683616337,7,,
Car 708,,,,70,,arrived,,arrived,996.6467925746115,,,
Car 681,,,,,3,switch,,"Charger 3 (fid=53) not available, trying Charger 5 (fid=19)",996.6989023957033,5,,
Car 709,,,,34,,arrived,,arrived,996.7504048734738,,,
Car 675,,,,,7,switch,,"Charger 7 (fid=52) not available, trying Charger 3 (fid=53)",997.2191164349781,3,,
Car 698,,,,,2,switch,,"Charger 2 (fid=36) not available, trying Charger 0 (fid=22)",997.4003170028501,0,,
Car 697,,,,,5,switch,,"Charger 5 (fid=19) not available, trying Charger 2 (fid=36)",997.5769435508303,2,,
Car 699,,,,,2,switch,,"Charger 2 (fid=36) not available, trying Charger 0 (fid=22)",997.5903705481157,0,,
Car 691,,,,,7,switch,,"Charger 7 (fid=52) not available, trying Charger 2 (fid=36)",997.7240654576316,2,,
Car 689,,,,,2,switch,,"Charger 2 (fid=36) not available, trying Charger 4 (fid=86)",997.7516946055944,4,,
Car 665,,,,,,gave_up,4,"no alternate charger available, gave up",997.860864996594,,,
Car 710,,,,20,,arrived,,arrived,997.9127659038328,,,
Car 672,,,,,0,switch,,"Charger 0 (fid=22) not available, trying Charger 4 (fid=86)",998.0673549689371,4,,
Car 700,,,,,5,switch,,"Charger 5 (fid=19) not available, trying Charger 6 (fid=77)",998.2505163318566,6,,
Car 667,,,,,,gave_up,4,"no alternate charger available, gave up",998.2718740128452,,,
Car 711,,,,83,,arrived,,arrived,998.2844176936861,,,
Car 701,,,,,2,switch,,"Charger 2 (fid=36) not available, trying Charger 0 (fid=22)",998.4065505611377,0,,
Car 676,,,,,7,switch,,"Charger 7 (fid=52) not available, trying Charger 3 (fid=53)",998.8791115115658,3,,
Car 678,,,,,7,switch,,"Charger 7 (fid=52) not available, trying Charger 3 (fid=53)",999.088008083378,3,,
Car 712,,,,24,,arrived,,arrived,999.2776545914098,,,
Car 658,,,,,,gave_up,0,"no alternate charger available, gave up",999.7046747059151,,,
Car 692,,,,,2,switch,,"Charger 2 (fid=36) not available, trying Charger 6 (fid=77)",999.787980430541,6,,
Car 671,,,,,3,switch,,"Charger 3 (fid=53) not available, trying Charger 1 (fid=82)",999.8007317886544,1,,
Car 706,,,,,0,switch,,"Charger 0 (fid=22) not available, trying Charger 6 (fid=77)",999.8576081341217,6,,
Car 686,,,,,4,switch,,"Charger 4 (fid=86) not available, trying Charger 1 (fid=82)",999.9761093556314,1,,
Car 673,,,,,3,switch,,"Charger 3 (fid=53) not available, trying Charger 1 (fid=82)",999.9829977998756,1,,
Car 685,,,,,6,switch,,"Charger 6 (fid=77) not available, trying Charger 7 (fid=52)",1000.1591255979113,7,,
Car 666,,,,,,gave_up,4,"no alternate charger available, gave up",1000.1593057129381,,,
Car 702,,,,,2,switch,,"Charger 2 (fid=36) not available, trying Charger 0 (fid=22)",1000.1649806569324,0,,
Car 707,,,,,0,switch,,"Charger 0 (fid=22) not available, trying Charger 5 (fid=19)",1000.1918155148612,5,,
Car 687,,,,,6,switch,,"Charger 6 (fid=77) not available, trying Charger 7 (fid=52)",1000.5934444290289,7,,
Car 623,85.0,77,6,,,done,,done charging,1000.690846576769,,,346.4289126964022
Car 688,,77,6,,,start_charge,,starting to charge at Charger 6 (fid=77),1000.690846576769,,17.504574205054155,
Car 695,,,,,3,switch,,"Charger 3 (fid=53) not available, trying Charger 2 (fid=36)",1000.9578591957037,2,,
Car 693,,,,,0,switch,,"Charger 0 (fid=22) not available, trying Charger 6 (fid=77)",1001.1967009780052,6,,
Car 708,,,,,5,switch,,"Charger 5 (fid=19) not available, trying Charger 2 (fid=36)",1001.6467925746115,2,,
Car 682,,,,,7,switch,,"Charger 7 (fid=52) not available, trying Charger 3 (fid=53)",1001.7370578531065,3,,
Car 709,,,,,0,switch,,"Charger 0 (fid=22) not available, trying Charger 5 (fid=19)",1001.7504048734738,5,,
Car 679,,,,,7,switch,,"Charger 7 (fid=52) not available, trying Charger 3 (fid=53)",1002.2241069771488,3,,
Car 713,,,,8,,arrived,,arrived,1002.2470090429422,,,
Car 714,,,,85,,arrived,,arrived,1002.2954226443962,,,
Car 696,,,,,0,switch,,"Charger 0 (fid=22) not available, trying Charger 6 (fid=77)",1002.5161775367566,6,,
Car 715,,,,40,,arrived,,arrived,1002.5296654466542,,,
Car 683,,,,,7,switch,,"Charger 7 (fid=52) not available, trying Charger 3 (fid=53)",1002.5399780741428,3,,
Car 704,,,,,3,switch,,"Charger 3 (fid=53) not available, trying Charger 7 (fid=52)",1002.540481760512,7,,
Car 690,,,,,2,switch,,"Charger 2 (fid=36) not available, trying Charger 5 (fid=19)",1002.8967442783425,5,,
Car 705,,,,,5,switch,,"Charger 5 (fid=19) not available, trying Charger 2 (fid=36)",1002.9104393620776,2,,
Car 710,,,,,5,switch,,"Charger 5 (fid=19) not available, trying Charger 2 (fid=36)",1002.9127659038328,2,,
Car 675,,,,,3,switch,,"Charger 3 (fid=53) not available, trying Charger 1 (fid=82)",1003.2390530540099,1,,
Car 711,,,,,1,switch,,"Charger 1 (fid=82) not available, trying Charger 4 (fid=86)",1003.2844176936861,4,,
Car 697,,,,,2,switch,,"Charger 2 (fid=36) not available, trying Charger 6 (fid=77)",1003.3298003839625,6,,
Car 677,,,,,6,switch,,"Charger 6 (fid=77) not available, trying Charger 3 (fid=53)",1003.3794300869633,3,,
Car 712,,,,,5,switch,,"Charger 5 (fid=19) not available, trying Charger 2 (fid=36)",1004.2776545914098,2,,
Car 698,,,,,0,switch,,"Charger 0 (fid=22) not available, trying Charger 6 (fid=77)",1004.5433053770402,6,,
Car 680,,,,,7,switch,,"Charger 7 (fid=52) not available, trying Charger 3 (fid=53)",1004.6730517102612,3,,
Car 699,,,,,0,switch,,"Charger 0 (fid=22) not available, trying Charger 6 (fid=77)",1004.7333589223058,6,,
Car 676,,,,,3,switch,,"Charger 3 (fid=53) not available, trying Charger 1 (fid=82)",1004.8990481305976,1,,
Car 703,,,,,6,switch,,"Charger 6 (fid=77) not available, trying Charger 2 (fid=36)",1005.0652238481467,2,,
Car 678,,,,,3,switch,,"Charger 3 (fid=53) not available, trying Charger 1 (fid=82)",1005.1079447024098,1,,
Car 686,,,,,1,switch,,"Charger 1 (fid=82) not available, trying Charger 2 (fid=36)",1005.2585610639455,2,,
Car 701,,,,,0,switch,,"Charger 0 (fid=22) not available, trying Charger 6 (fid=77)",1005.5495389353277,6,,
Car 691,,,,,2,switch,,"Charger 2 (fid=36) not available, trying Charger 3 (fid=53)",1005.752402954671,3,,
Car 681,,,,,5,switch,,"Charger 5 (fid=19) not available, trying Charger 0 (fid=22)",1006.2024169136505,0,,
Car 700,,,,,6,switch,,"Charger 6 (fid=77) not available, trying Charger 0 (fid=22)",1006.5037199017058,0,,
Car 707,,,,,5,switch,,"Charger 5 (fid=19) not available, trying Charger 2 (fid=36)",1006.6525426678013,2,,
Car 684,,,,,7,switch,,"Charger 7 (fid=52) not available, trying Charger 3 (fid=53)",1006.6732791717795,3,,
Car 685,,,,,7,switch,,"Charger 7 (fid=52) not available, trying Charger 3 (fid=53)",1006.724863214136,3,,
Car 687,,,,,7,switch,,"Charger 7 (fid=52) not available, trying Charger 3 (fid=53)",1007.1591820452536,3,,
Car 716,,,,4,,arrived,,arrived,1007.2007607345631,,,
Car 713,,,,,6,switch,,"Charger 6 (fid=77) not available, trying Charger 2 (fid=36)",1007.2470090429422,2,,
Car 714,,,,,4,switch,,"Charger 4 (fid=86) not available, trying Charger 1 (fid=82)",1007.2954226443962,1,,
Car 702,,,,,0,switch,,"Charger 0 (fid=22) not available, trying Charger 6 (fid=77)",1007.3079690311224,6,,
Car 692,,,,,6,switch,,"Charger 6 (fid=77) not available, trying Charger 7 (fid=52)",1007.3432847911023,7,,
Car 717,,,,62,,arrived,,arrived,1007.3602643535215,,,
Car 708,,,,,2,switch,,"Charger 2 (fid=36) not available, trying Charger 0 (fid=22)",1007.3996494077437,0,,
Car 689,,,,,4,switch,,"Charger 4 (fid=86) not available, trying Charger 5 (fid=19)",1007.4628248801617,5,,
Car 715,,,,,6,switch,,"Charger 6 (fid=77) not available, trying Charger 3 (fid=53)",1007.5296654466542,3,,
Car 682,,,,,3,switch,,"Charger 3 (fid=53) not available, trying Charger 1 (fid=82)",1007.7569944721383,1,,
Car 671,,,,,1,switch,,"Charger 1 (fid=82) not available, trying Charger 4 (fid=86)",1008.1449459959958,4,,
Car 709,,,,,5,switch,,"Charger 5 (fid=19) not available, trying Charger 2 (fid=36)",1008.2111320264139,2,,
Car 679,,,,,3,switch,,"Charger 3 (fid=53) not available, trying Charger 1 (fid=82)",1008.2440435961806,1,,
Car 673,,,,,1,switch,,"Charger 1 (fid=82) not available, trying Charger 4 (fid=86)",1008.3272120072171,4,,
Car 718,,,,38,,arrived,,arrived,1008.4107611292416,,,
Car 683,,,,,3,switch,,"Charger 3 (fid=53) not available, trying Charger 1 (fid=82)",1008.5599146931746,1,,
Car 704,,,,,7,switch,,"Charger 7 (fid=52) not available, trying Charger 2 (fid=36)",1008.5604183795438,2,,
Car 711,,,,,4,switch,,"Charger 4 (fid=86) not available, trying Charger 7 (fid=52)",1008.5668694020003,7,,
Car 690,,,,,5,switch,,"Charger 5 (fid=19) not available, trying Charger 4 (fid=86)",1008.6496011114747,4,,
Car 705,,,,,2,switch,,"Charger 2 (fid=36) not available, trying Charger 6 (fid=77)",1008.6632961952098,6,,
Car 710,,,,,2,switch,,"Charger 2 (fid=36) not available, trying Charger 0 (fid=22)",1008.665622736965,0,,
Car 706,,,,,6,switch,,"Charger 6 (fid=77) not available, trying Charger 2 (fid=36)",1009.1957129455826,2,,
Car 695,,,,,2,switch,,"Charger 2 (fid=36) not available, trying Charger 5 (fid=19)",1009.7120448875655,5,,
Car 672,,,,,4,switch,,"Charger 4 (fid=86) not available, trying Charger 1 (fid=82)",1009.8582335657402,1,,
Car 677,,,,,3,switch,,"Charger 3 (fid=53) not available, trying Charger 5 (fid=19)",1009.9524539574284,5,,
Car 712,,,,,2,switch,,"Charger 2 (fid=36) not available, trying Charger 0 (fid=22)",1010.030511424542,0,,
Car 693,,,,,6,switch,,"Charger 6 (fid=77) not available, trying Charger 7 (fid=52)",1010.5348057894661,7,,
Car 680,,,,,3,switch,,"Charger 3 (fid=53) not available, trying Charger 1 (fid=82)",1010.692988329293,1,,
Car 697,,,,,6,switch,,"Charger 6 (fid=77) not available, trying Charger 7 (fid=52)",1010.8851047445238,7,,
Car 675,,,,,1,switch,,"Charger 1 (fid=82) not available, trying Charger 4 (fid=86)",1011.5832672613514,4,,
Car 696,,,,,6,switch,,"Charger 6 (fid=77) not available, trying Charger 7 (fid=52)",1011.8542823482175,7,,
Car 716,,,,,0,switch,,"Charger 0 (fid=22) not available, trying Charger 5 (fid=19)",1012.2007607345631,5,,
Car 717,,,,,6,switch,,"Charger 6 (fid=77) not available, trying Charger 2 (fid=36)",1012.3602643535215,2,,
Car 707,,,,,2,switch,,"Charger 2 (fid=36) not available, trying Charger 6 (fid=77)",1012.4053995009335,6,,
Car 714,,,,,1,switch,,"Charger 1 (fid=82) not available, trying Charger 7 (fid=52)",1012.5778743527104,7,,
Car 703,,,,,2,switch,,"Charger 2 (fid=36) not available, trying Charger 5 (fid=19)",1012.620528208708,5,,
Car 719,,,,23,,arrived,,arrived,1012.6474472357116,,,
Car 681,,,,,0,switch,,"Charger 0 (fid=22) not available, trying Charger 1 (fid=82)",1012.6631440665906,1,,
Car 684,,,,,3,switch,,"Charger 3 (fid=53) not available, trying Charger 1 (fid=82)",1012.6932157908113,1,,
Car 685,,,,,3,switch,,"Charger 3 (fid=53) not available, trying Charger 1 (fid=82)",1012.7447998331678,1,,
Car 687,,,,,3,switch,,"Charger 3 (fid=53) not available, trying Charger 1 (fid=82)",1013.1791186642854,1,,
Car 676,,,,,1,switch,,"Charger 1 (fid=82) not available, trying Charger 4 (fid=86)",1013.2432623379391,4,,
Car 718,,,,,0,switch,,"Charger 0 (fid=22) not available, trying Charger 5 (fid=19)",1013.4107611292416,5,,
Car 671,,,,,,gave_up,4,"no alternate charger available, gave up",1013.42739770431,,,
Car 678,,,,,1,switch,,"Charger 1 (fid=82) not available, trying Charger 4 (fid=86)",1013.4521589097512,4,,
Car 673,,,,,,gave_up,4,"no alternate charger available, gave up",1013.6096637155313,,,
Car 720,,,,41,,arrived,,arrived,1013.8320586178326,,,
Car 698,,,,,6,switch,,"Charger 6 (fid=77) not available, trying Charger 7 (fid=52)",1013.881410188501,7,,
Car 692,,,,,7,switch,,"Charger 7 (fid=52) not available, trying Charger 3 (fid=53)",1013.909022407327,3,,
Car 709,,,,,2,switch,,"Charger 2 (fid=36) not available, trying Charger 6 (fid=77)",1013.9639888595461,6,,
Car 699,,,,,6,switch,,"Charger 6 (fid=77) not available, trying Charger 7 (fid=52)",1014.0714637337667,7,,
Car 715,,,,,3,switch,,"Charger 3 (fid=53) not available, trying Charger 7 (fid=52)",1014.1026893171193,7,,
Car 691,,,,,3,switch,,"Charger 3 (fid=53) not available, trying Charger 6 (fid=77)",1014.5065886465328,6,,
Car 708,,,,,0,switch,,"Charger 0 (fid=22) not available, trying Charger 6 (fid=77)",1014.5426377819338,6,,
Car 721,,,,90,,arrived,,arrived,1014.6235438526382,,,
Car 713,,,,,2,switch,,"Charger 2 (fid=36) not available, trying Charger 0 (fid=22)",1014.8023134035035,0,,
Car 686,,,,,2,switch,,"Charger 2 (fid=36) not available, trying Charger 5 (fid=19)",1014.8187221037996,5,,
Car 701,,,,,6,switch,,"Charger 6 (fid=77) not available, trying Charger 7 (fid=52)",1014.8876437467886,7,,
Car 672,,,,,,gave_up,1,"no alternate charger available, gave up",1015.1406852740544,,,
Car 695,,,,,5,switch,,"Charger 5 (fid=19) not available, trying Charger 0 (fid=22)",1015.4649017206978,0,,
Car 722,,,,31,,arrived,,arrived,1015.7855910365656,,,
Car 710,,,,,0,switch,,"Charger 0 (fid=22) not available, trying Charger 6 (fid=77)",1015.8086111111551,6,,
Car 700,,,,,0,switch,,"Charger 0 (fid=22) not available, trying Charger 7 (fid=52)",1015.8418247131667,7,,
Car 723,,,,87,,arrived,,arrived,1016.0445809799155,,,
Car 682,,,,,1,switch,,"Charger 1 (fid=82) not available, trying Charger 4 (fid=86)",1016.1012086794798,4,,
Car 711,,,,,7,switch,,"Charger 7 (fid=52) not available, trying Charger 3 (fid=53)",1016.1967367995406,3,,
Car 705,,,,,6,switch,,"Charger 6 (fid=77) not available, trying Charger 7 (fid=52)",1016.2186005557711,7,,
Car 724,,,,73,,arrived,,arrived,1016.4020786602506,,,
Car 679,,,,,1,switch,,"Charger 1 (fid=82) not available, trying Charger 4 (fid=86)",1016.5882578035221,4,,
Car 704,,,,,2,switch,,"Charger 2 (fid=36) not available, trying Charger 5 (fid=19)",1016.5887558765831,5,,
Car 702,,,,,6,switch,,"Charger 6 (fid=77) not available, trying Charger 7 (fid=52)",1016.6460738425833,7,,
Car 706,,,,,2,switch,,"Charger 2 (fid=36) not available, trying Charger 5 (fid=19)",1016.7510173061439,5,,
Car 675,,,,,,gave_up,4,"no alternate charger available, gave up",1016.8657189696655,,,
Car 683,,,,,1,switch,,"Charger 1 (fid=82) not available, trying Charger 4 (fid=86)",1016.9041289005161,4,,
Car 693,,,,,7,switch,,"Charger 7 (fid=52) not available, trying Charger 3 (fid=53)",1017.1005434056908,3,,
Car 712,,,,,0,switch,,"Charger 0 (fid=22) not available, trying Charger 6 (fid=77)",1017.1734997987321,6,,
Car 725,,,,9,,arrived,,arrived,1017.2830606462874,,,
Car 726,,,,36,,arrived,,arrived,1017.388100913992,,,
Car 697,,,,,7,switch,,"Charger 7 (fid=52) not available, trying Charger 3 (fid=53)",1017.4508423607485,3,,
Car 719,,,,,5,switch,,"Charger 5 (fid=19) not available, trying Charger 2 (fid=36)",1017.6474472357116,2,,
Car 689,,,,,5,switch,,"Charger 5 (fid=19) not available, trying Charger 6 (fid=77)",1017.793421172037,6,,
Car 703,,,,,5,switch,,"Charger 5 (fid=19) not available, trying Charger 3 (fid=53)",1018.3733850418403,3,,
Car 696,,,,,7,switch,,"Charger 7 (fid=52) not available, trying Charger 3 (fid=53)",1018.4200199644422,3,,
Car 676,,,,,,gave_up,4,"no alternate charger available, gave up",1018.5257140462533,,,
Car 716,,,,,5,switch,,"Charger 5 (fid=19) not available, trying Charger 2 (fid=36)",1018.6614878875032,2,,
Car 678,,,,,,gave_up,4,"no alternate charger available, gave up",1018.7346106180654,,,
Car 720,,,,,0,switch,,"Charger 0 (fid=22) not available, trying Charger 5 (fid=19)",1018.8320586178326,5,,
Car 690,,,,,4,switch,,"Charger 4 (fid=86) not available, trying Charger 1 (fid=82)",1018.98019740335,1,,
Car 680,,,,,1,switch,,"Charger 1 (fid=82) not available, trying Charger 4 (fid=86)",1019.0372025366345,4,,
Car 677,,,,,5,switch,,"Charger 5 (fid=19) not available, trying Charger 0 (fid=22)",1019.4559684753756,0,,
Car 721,,,,,4,switch,,"Charger 4 (fid=86) not available, trying Charger 1 (fid=82)",1019.6235438526382,1,,
Car 718,,,,,5,switch,,"Charger 5 (fid=19) not available, trying Charger 2 (fid=36)",1019.8714882821816,2,,
Car 717,,,,,2,switch,,"Charger 2 (fid=36) not available, trying Charger 3 (fid=53)",1019.9155687140828,3,,
Car 692,,,,,3,switch,,"Charger 3 (fid=53) not available, trying Charger 1 (fid=82)",1019.9289590263588,1,,
Car 707,,,,,6,switch,,"Charger 6 (fid=77) not available, trying Charger 7 (fid=52)",1019.9607038614948,7,,
Car 715,,,,,7,switch,,"Charger 7 (fid=52) not available, trying Charger 2 (fid=36)",1020.122625936151,2,,
Car 714,,,,,7,switch,,"Charger 7 (fid=52) not available, trying Charger 3 (fid=53)",1020.2357920411775,3,,
Car 698,,,,,7,switch,,"Charger 7 (fid=52) not available, trying Charger 3 (fid=53)",1020.4471478047258,3,,
Car 686,,,,,5,switch,,"Charger 5 (fid=19) not available, trying Charger 0 (fid=22)",1020.5715789369318,0,,
Car 699,,,,,7,switch,,"Charger 7 (fid=52) not available, trying Charger 3 (fid=53)",1020.6372013499914,3,,
Car 722,,,,,2,switch,,"Charger 2 (fid=36) not available, trying Charger 5 (fid=19)",1020.7855910365656,5,,
Car 684,,,,,1,switch,,"Charger 1 (fid=82) not available, trying Charger 4 (fid=86)",1021.0374299981528,4,,
Car 723,,,,,4,switch,,"Charger 4 (fid=86) not available, trying Charger 1 (fid=82)",1021.0445809799155,1,,
Car 691,,,,,6,switch,,"Charger 6 (fid=77) not available, trying Charger 5 (fid=19)",1021.0796125169978,5,,
Car 685,,,,,1,switch,,"Charger 1 (fid=82) not available, trying Charger 4 (fid=86)",1021.0890140405093,4,,
Car 682,,,,,,gave_up,4,"no alternate charger available, gave up",1021.383660387794,,,
Car 724,,,,,6,switch,,"Charger 6 (fid=77) not available, trying Charger 2 (fid=36)",1021.4020786602506,2,,
Car 701,,,,,7,switch,,"Charger 7 (fid=52) not available, trying Charger 3 (fid=53)",1021.4533813630134,3,,
Car 709,,,,,6,switch,,"Charger 6 (fid=77) not available, trying Charger 7 (fid=52)",1021.5192932201074,7,,
Car 687,,,,,1,switch,,"Charger 1 (fid=82) not available, trying Charger 4 (fid=86)",1021.5233328716268,4,,
Car 727,,,,37,,arrived,,arrived,1021.7297469922856,,,
Car 679,,,,,,gave_up,4,"no alternate charger available, gave up",1021.8707095118363,,,
Car 695,,,,,0,switch,,"Charger 0 (fid=22) not available, trying Charger 1 (fid=82)",1021.9256288736378,1,,
Car 713,,,,,0,switch,,"Charger 0 (fid=22) not available, trying Charger 5 (fid=19)",1021.9453017776935,5,,
Car 683,,,,,,gave_up,4,"no alternate charger available, gave up",1022.1865806088302,,,
Car 711,,,,,3,switch,,"Charger 3 (fid=53) not available, trying Charger 6 (fid=77)",1022.2166734185724,6,,
Car 725,,,,,6,switch,,"Charger 6 (fid=77) not available, trying Charger 2 (fid=36)",1022.2830606462874,2,,
Car 704,,,,,5,switch,,"Charger 5 (fid=19) not available, trying Charger 0 (fid=22)",1022.3416127097154,0,,
Car 728,,,,18,,arrived,,arrived,1022.3611011917515,,,
Car 726,,,,,2,switch,,"Charger 2 (fid=36) not available, trying Charger 5 (fid=19)",1022.388100913992,5,,
Car 706,,,,,5,switch,,"Charger 5 (fid=19) not available, trying Charger 3 (fid=53)",1022.5038741392761,3,,
Car 729,,,,54,,arrived,,arrived,1022.6611515239471,,,
Car 730,,,,65,,arrived,,arrived,1022.6701740797525,,,
Car 705,,,,,7,switch,,"Charger 7 (fid=52) not available, trying Charger 3 (fid=53)",1022.7843381719958,3,,
Car 731,,,,40,,arrived,,arrived,1022.8481120990879,,,
Car 693,,,,,3,switch,,"Charger 3 (fid=53) not available, trying Charger 1 (fid=82)",1023.1204800247226,1,,
Car 702,,,,,7,switch,,"Charger 7 (fid=52) not available, trying Charger 3 (fid=53)",1023.211811458808,3,,
Car 719,,,,,2,switch,,"Charger 2 (fid=36) not available, trying Charger 0 (fid=22)",1023.4003040688439,0,,
Car 697,,,,,3,switch,,"Charger 3 (fid=53) not available, trying Charger 1 (fid=82)",1023.4707789797803,1,,
Car 708,,,,,6,switch,,"Charger 6 (fid=77) not available, trying Charger 7 (fid=52)",1023.8807425933946,7,,
Car 690,,,,,1,switch,,"Charger 1 (fid=82) not available, trying Charger 0 (fid=22)",1024.2626491116641,0,,
Car 681,,,,,1,switch,,"Charger 1 (fid=82) not available, trying Charger 4 (fid=86)",1024.2798733511347,4,,
Car 680,,,,,,gave_up,4,"no alternate charger available, gave up",1024.3196542449487,,,
Car 732,,,,45,,arrived,,arrived,1024.3402639072576,,,
Car 668,69.0,77,6,,,done,,done charging,1024.3894616717357,,,262.1224711961759
Car 710,,77,6,,,start_charge,,starting to charge at Charger 6 (fid=77),1024.3894616717357,,19.242745749119763,
Car 716,,,,,2,switch,,"Charger 2 (fid=36) not available, trying Charger 6 (fid=77)",1024.4143447206354,6,,
Car 696,,,,,3,switch,,"Charger 3 (fid=53) not available, trying Charger 1 (fid=82)",1024.439956583474,1,,
Car 733,,,,63,,arrived,,arrived,1024.6285986086764,,,
Car 734,,,,55,,arrived,,arrived,1024.8886197393288,,,
Car 721,,,,,1,switch,,"Charger 1 (fid=82) not available, trying Charger 7 (fid=52)",1024.9059955609523,7,,
Car 592,119.0,19,5,,,done,,done charging,1025.2168823232757,,,355.0883850550512
Car 720,,19,5,,,start_charge,,starting to charge at Charger 5 (fid=19),1025.2168823232757,,9.924096552503102,
Car 718,,,,,2,switch,,"Charger 2 (fid=36) not available, trying Charger 6 (fid=77)",1025.6243451153139,6,,
Car 677,,,,,,gave_up,0,"no alternate charger available, gave up",1025.9166956283157,,,
Car 735,,,,37,,arrived,,arrived,1025.923826169788,,,
Car 736,,,,13,,arrived,,arrived,1025.934045987983,,,
Car 700,,,,,7,switch,,"Charger 7 (fid=52) not available, trying Charger 3 (fid=53)",1025.9745355233126,3,,
Car 689,,,,,6,switch,,"Charger 6 (fid=77) not available, trying Charger 3 (fid=53)",1026.0466247418863,3,,
Car 737,,,,45,,arrived,,arrived,1026.1403321950231,,,
Car 714,,,,,3,switch,,"Charger 3 (fid=53) not available, trying Charger 6 (fid=77)",1026.2557286602093,6,,
Car 684,,,,,,gave_up,4,"no alternate charger available, gave up",1026.319881706467,,,
Car 723,,,,,1,switch,,"Charger 1 (fid=82) not available, trying Charger 7 (fid=52)",1026.3270326882298,7,,
Car 685,,,,,,gave_up,4,"no alternate charger available, gave up",1026.3714657488235,,,
Car 698,,,,,3,switch,,"Charger 3 (fid=53) not available, trying Charger 1 (fid=82)",1026.4670844237576,1,,
Car 712,,,,,6,switch,,"Charger 6 (fid=77) not available, trying Charger 7 (fid=52)",1026.511604610193,7,,
Car 707,,,,,7,switch,,"Charger 7 (fid=52) not available, trying Charger 3 (fid=53)",1026.5264414777196,3,,
Car 722,,,,,5,switch,,"Charger 5 (fid=19) not available, trying Charger 0 (fid=22)",1026.5384478696978,0,,
Car 699,,,,,3,switch,,"Charger 3 (fid=53) not available, trying Charger 1 (fid=82)",1026.657137969023,1,,
Car 727,,,,,0,switch,,"Charger 0 (fid=22) not available, trying Charger 5 (fid=19)",1026.7297469922855,5,,
Car 687,,,,,,gave_up,4,"no alternate charger available, gave up",1026.805784579941,,,
Car 649,79.0,22,0,,,done,,done charging,1027.0177489009466,,,133.7074795103155
Car 686,,22,0,,,start_charge,,starting to charge at Charger 0 (fid=22),1027.0177489009466,,39.98544281107468,
Car 738,,,,9,,arrived,,arrived,1027.087418177254,,,
Car 739,,,,11,,arrived,,arrived,1027.0946587493193,,,
Car 740,,,,44,,arrived,,arrived,1027.1238142020427,,,
Car 741,,,,86,,arrived,,arrived,1027.3076334825282,,,
Car 728,,,,,5,switch,,"Charger 5 (fid=19) not available, trying Charger 2 (fid=36)",1027.3611011917515,2,,
Car 701,,,,,3,switch,,"Charger 3 (fid=53) not available, trying Charger 1 (fid=82)",1027.473317982045,1,,
Car 729,,,,,5,switch,,"Charger 5 (fid=19) not available, trying Charger 2 (fid=36)",1027.661151523947,2,,
Car 730,,,,,0,switch,,"Charger 0 (fid=22) not available, trying Charger 6 (fid=77)",1027.6701740797525,6,,
Car 742,,,,73,,arrived,,arrived,1027.6851286770966,,,
Car 731,,,,,6,switch,,"Charger 6 (fid=77) not available, trying Charger 3 (fid=53)",1027.8481120990878,3,,
Car 703,,,,,3,switch,,"Charger 3 (fid=53) not available, trying Charger 7 (fid=52)",1027.8768995597875,7,,
Car 709,,,,,7,switch,,"Charger 7 (fid=52) not available, trying Charger 3 (fid=53)",1028.0850308363322,3,,
Car 726,,,,,5,switch,,"Charger 5 (fid=19) not available, trying Charger 0 (fid=22)",1028.1409577471243,0,,
Car 715,,,,,2,switch,,"Charger 2 (fid=36) not available, trying Charger 5 (fid=19)",1028.1509634331906,5,,
Car 692,,,,,1,switch,,"Charger 1 (fid=82) not available, trying Charger 4 (fid=86)",1028.2731732337002,4,,
Car 713,,,,,5,switch,,"Charger 5 (fid=19) not available, trying Charger 3 (fid=53)",1028.4060289306335,3,,
Car 717,,,,,3,switch,,"Charger 3 (fid=53) not available, trying Charger 7 (fid=52)",1028.6697544059448,7,,
Car 711,,,,,6,switch,,"Charger 6 (fid=77) not available, trying Charger 2 (fid=36)",1028.7896972890376,2,,
Car 704,,,,,0,switch,,"Charger 0 (fid=22) not available, trying Charger 4 (fid=86)",1028.8023398626556,4,,
Car 705,,,,,3,switch,,"Charger 3 (fid=53) not available, trying Charger 1 (fid=82)",1028.8042747910276,1,,
Car 724,,,,,2,switch,,"Charger 2 (fid=36) not available, trying Charger 5 (fid=19)",1028.957383020812,5,,
Car 702,,,,,3,switch,,"Charger 3 (fid=53) not available, trying Charger 1 (fid=82)",1029.23174807784,1,,
Car 691,,,,,5,switch,,"Charger 5 (fid=19) not available, trying Charger 0 (fid=22)",1029.332816086847,0,,
Car 732,,,,,6,switch,,"Charger 6 (fid=77) not available, trying Charger 2 (fid=36)",1029.3402639072576,2,,
Car 681,,,,,,gave_up,4,"no alternate charger available, gave up",1029.5623250594488,,,
Car 733,,,,,0,switch,,"Charger 0 (fid=22) not available, trying Charger 6 (fid=77)",1029.6285986086764,6,,
Car 725,,,,,2,switch,,"Charger 2 (fid=36) not available, trying Charger 3 (fid=53)",1029.8383650068486,3,,
Car 734,,,,,5,switch,,"Charger 5 (fid=19) not available, trying Charger 2 (fid=36)",1029.8886197393288,2,,
Car 743,,,,8,,arrived,,arrived,1030.2829425650632,,,
Car 708,,,,,7,switch,,"Charger 7 (fid=52) not available, trying Charger 3 (fid=53)",1030.4464802096193,3,,
Car 719,,,,,0,switch,,"Charger 0 (fid=22) not available, trying Charger 6 (fid=77)",1030.543292443034,6,,
Car 744,,,,64,,arrived,,arrived,1030.8233634753801,,,
Car 735,,,,,0,switch,,"Charger 0 (fid=22) not available, trying Charger 5 (fid=19)",1030.923826169788,5,,
Car 736,,,,,0,switch,,"Charger 0 (fid=22) not available, trying Charger 5 (fid=19)",1030.934045987983,5,,
Car 737,,,,,6,switch,,"Charger 6 (fid=77) not available, trying Charger 2 (fid=36)",1031.1403321950231,2,,
Car 745,,,,8,,arrived,,arrived,1031.2671021389772,,,
Car 693,,,,,1,switch,,"Charger 1 (fid=82) not available, trying Charger 4 (fid=86)",1031.464694232064,4,,
Car 697,,,,,1,switch,,"Charger 1 (fid=82) not available, trying Charger 4 (fid=86)",1031.8149931871217,4,,
Car 716,,,,,6,switch,,"Charger 6 (fid=77) not available, trying Charger 7 (fid=52)",1031.9696490811966,7,,
Car 700,,,,,3,switch,,"Charger 3 (fid=53) not available, trying Charger 1 (fid=82)",1031.9944721423444,1,,
Car 706,,,,,3,switch,,"Charger 3 (fid=53) not available, trying Charger 7 (fid=52)",1032.0073886572234,7,,
Car 746,,,,54,,arrived,,arrived,1032.071102728427,,,
Car 738,,,,,6,switch,,"Charger 6 (fid=77) not available, trying Charger 2 (fid=36)",1032.087418177254,2,,
Car 739,,,,,6,switch,,"Charger 6 (fid=77) not available, trying Charger 2 (fid=36)",1032.0946587493193,2,,
Car 747,,,,91,,arrived,,arrived,1032.0972951879846,,,
Car 740,,,,,0,switch,,"Charger 0 (fid=22) not available, trying Charger 5 (fid=19)",1032.1238142020427,5,,
Car 741,,,,,4,switch,,"Charger 4 (fid=86) not available, trying Charger 1 (fid=82)",1032.3076334825282,1,,
Car 707,,,,,3,switch,,"Charger 3 (fid=53) not available, trying Charger 1 (fid=82)",1032.5463780967514,1,,
Car 721,,,,,7,switch,,"Charger 7 (fid=52) not available, trying Charger 3 (fid=53)",1032.5639132494196,3,,
Car 748,,,,8,,arrived,,arrived,1032.575479687727,,,
Car 689,,,,,3,switch,,"Charger 3 (fid=53) not available, trying Charger 0 (fid=22)",1032.6196486123513,0,,
Car 742,,,,,6,switch,,"Charger 6 (fid=77) not available, trying Charger 2 (fid=36)",1032.6851286770966,2,,
Car 696,,,,,1,switch,,"Charger 1 (fid=82) not available, trying Charger 4 (fid=86)",1032.7841707908153,4,,
Car 714,,,,,6,switch,,"Charger 6 (fid=77) not available, trying Charger 2 (fid=36)",1032.8287525306744,2,,
Car 722,,,,,0,switch,,"Charger 0 (fid=22) not available, trying Charger 6 (fid=77)",1032.999175022638,6,,
Car 712,,,,,7,switch,,"Charger 7 (fid=52) not available, trying Charger 3 (fid=53)",1033.0773422264176,3,,
Car 728,,,,,2,switch,,"Charger 2 (fid=36) not available, trying Charger 0 (fid=22)",1033.1139580248837,0,,
Car 718,,,,,6,switch,,"Charger 6 (fid=77) not available, trying Charger 7 (fid=52)",1033.179649475875,7,,
Car 727,,,,,5,switch,,"Charger 5 (fid=19) not available, trying Charger 2 (fid=36)",1033.1904741452256,2,,
Car 749,,,,73,,arrived,,arrived,1033.2934788196696,,,
Car 729,,,,,2,switch,,"Charger 2 (fid=36) not available, trying Charger 0 (fid=22)",1033.4140083570792,0,,
Car 695,,,,,1,switch,,"Charger 1 (fid=82) not available, trying Charger 4 (fid=86)",1033.542358158182,4,,
Car 692,,,,,,gave_up,4,"no alternate charger available, gave up",1033.5556249420142,,,
Car 703,,,,,7,switch,,"Charger 7 (fid=52) not available, trying Charger 1 (fid=82)",1033.8968361788193,1,,
Car 715,,,,,5,switch,,"Charger 5 (fid=19) not available, trying Charger 0 (fid=22)",1033.9038202663228,0,,
Car 750,,,,71,,arrived,,arrived,1033.9072725250833,,,
Car 723,,,,,7,switch,,"Charger 7 (fid=52) not available, trying Charger 3 (fid=53)",1033.984950376697,3,,
Car 751,,,,14,,arrived,,arrived,1034.0161904870854,,,
Car 709,,,,,3,switch,,"Charger 3 (fid=53) not available, trying Charger 1 (fid=82)",1034.104967455364,1,,
Car 752,,,,68,,arrived,,arrived,1034.408165245408,,,
Car 731,,,,,3,switch,,"Charger 3 (fid=53) not available, trying Charger 7 (fid=52)",1034.4211359695528,7,,
Car 726,,,,,0,switch,,"Charger 0 (fid=22) not available, trying Charger 6 (fid=77)",1034.6016849000644,6,,
Car 717,,,,,7,switch,,"Charger 7 (fid=52) not available, trying Charger 5 (fid=19)",1034.6896910249766,5,,
Car 724,,,,,5,switch,,"Charger 5 (fid=19) not available, trying Charger 0 (fid=22)",1034.7102398539441,0,,
Car 698,,,,,1,switch,,"Charger 1 (fid=82) not available, trying Charger 4 (fid=86)",1034.811298631099,4,,
Car 753,,,,29,,arrived,,arrived,1034.926421739786,,,
Car 699,,,,,1,switch,,"Charger 1 (fid=82) not available, trying Charger 4 (fid=86)",1035.0013521763644,4,,
Car 754,,,,14,,arrived,,arrived,1035.2783504793426,,,
Car 743,,,,,6,switch,,"Charger 6 (fid=77) not available, trying Charger 2 (fid=36)",1035.2829425650632,2,,
Car 734,,,,,2,switch,,"Charger 2 (fid=36) not available, trying Charger 0 (fid=22)",1035.641476572461,0,,
Car 755,,,,65,,arrived,,arrived,1035.6592786040364,,,
Car 691,,,,,,gave_up,0,"no alternate charger available, gave up",1035.7935432397871,,,
Car 701,,,,,1,switch,,"Charger 1 (fid=82) not available, trying Charger 4 (fid=86)",1035.8175321893864,4,,
Car 744,,,,,3,switch,,"Charger 3 (fid=53) not available, trying Charger 4 (fid=86)",1035.8233634753801,4,,
Car 690,,,,,,gave_up,0,"no alternate charger available, gave up",1035.8793783962083,,,
Car 745,,,,,6,switch,,"Charger 6 (fid=77) not available, trying Charger 2 (fid=36)",1036.2671021389772,2,,
Car 711,,,,,2,switch,,"Charger 2 (fid=36) not available, trying Charger 5 (fid=19)",1036.3450016495988,5,,
Car 708,,,,,3,switch,,"Charger 3 (fid=53) not available, trying Charger 1 (fid=82)",1036.466416828651,1,,
Car 656,79.0,22,0,,,done,,done charging,1036.7445815908738,,,292.5946298704231
Car 753,,22,0,,,start_charge,,starting to charge at Charger 0 (fid=22),1036.7445815908738,,1.8181598510877848,
Car 693,,,,,,gave_up,4,"no alternate charger available, gave up",1036.747145940378,,,
Car 732,,,,,2,switch,,"Charger 2 (fid=36) not available, trying Charger 7 (fid=52)",1036.8955682678188,7,,
Car 730,,,,,6,switch,,"Charger 6 (fid=77) not available, trying Charger 5 (fid=19)",1037.0082788912134,5,,
Car 746,,,,,5,switch,,"Charger 5 (fid=19) not available, trying Charger 2 (fid=36)",1037.071102728427,2,,
Car 756,,,,2,,arrived,,arrived,1037.073419040347,,,
Car 747,,,,,4,switch,,"Charger 4 (fid=86) not available, trying Charger 1 (fid=82)",1037.0972951879846,1,,
Car 697,,,,,,gave_up,4,"no alternate charger available, gave up",1037.0974448954357,,,
Car 757,,,,71,,arrived,,arrived,1037.1303474650153,,,
Car 705,,,,,1,switch,,"Charger 1 (fid=82) not available, trying Charger 4 (fid=86)",1037.148488998369,4,,
Car 758,,,,91,,arrived,,arrived,1037.2098628798396,,,
Car 735,,,,,5,switch,,"Charger 5 (fid=19) not available, trying Charger 2 (fid=36)",1037.3845533227282,2,,
Car 736,,,,,5,switch,,"Charger 5 (fid=19) not available, trying Charger 2 (fid=36)",1037.394773140923,2,,
Car 748,,,,,6,switch,,"Charger 6 (fid=77) not available, trying Charger 2 (fid=36)",1037.575479687727,2,,
Car 702,,,,,1,switch,,"Charger 1 (fid=82) not available, trying Charger 4 (fid=86)",1037.5759622851813,4,,
Car 741,,,,,1,switch,,"Charger 1 (fid=82) not available, trying Charger 7 (fid=52)",1037.5900851908423,7,,
Car 759,,,,88,,arrived,,arrived,1037.7984750766147,,,
Car 648,83.0,86,4,,,done,,done charging,1037.8570229175918,,,206.30770253432183
Car 696,,86,4,,,start_charge,,starting to charge at Charger 4 (fid=86),1037.8570229175918,,39.79040041846247,
Car 713,,,,,3,switch,,"Charger 3 (fid=53) not available, trying Charger 7 (fid=52)",1037.9095434485807,7,,
Car 706,,,,,7,switch,,"Charger 7 (fid=52) not available, trying Charger 1 (fid=82)",1038.0273252762552,1,,
Car 749,,,,,6,switch,,"Charger 6 (fid=77) not available, trying Charger 2 (fid=36)",1038.2934788196696,2,,
Car 716,,,,,7,switch,,"Charger 7 (fid=52) not available, trying Charger 3 (fid=53)",1038.5353866974212,3,,
Car 721,,,,,3,switch,,"Charger 3 (fid=53) not available, trying Charger 6 (fid=77)",1038.5838498684514,6,,
Car 740,,,,,5,switch,,"Charger 5 (fid=19) not available, trying Charger 2 (fid=36)",1038.5845413549828,2,,
Car 725,,,,,3,switch,,"Charger 3 (fid=53) not available, trying Charger 5 (fid=19)",1038.5925506987105,5,,
Car 737,,,,,2,switch,,"Charger 2 (fid=36) not available, trying Charger 7 (fid=52)",1038.6956365555843,7,,
Car 760,,,,62,,arrived,,arrived,1038.7339257524463,,,
Car 695,,,,,,gave_up,4,"no alternate charger available, gave up",1038.824809866496,,,
Car 750,,,,,5,switch,,"Charger 5 (fid=19) not available, trying Charger 2 (fid=36)",1038.9072725250833,2,,
Car 727,,,,,2,switch,,"Charger 2 (fid=36) not available, trying Charger 6 (fid=77)",1038.9433309783578,6,,
Car 733,,,,,6,switch,,"Charger 6 (fid=77) not available, trying Charger 2 (fid=36)",1038.9667034201373,2,,
Car 751,,,,,2,switch,,"Charger 2 (fid=36) not available, trying Charger 5 (fid=19)",1039.0161904870854,5,,
Car 712,,,,,3,switch,,"Charger 3 (fid=53) not available, trying Charger 1 (fid=82)",1039.0972788454494,1,,
Car 761,,,,9,,arrived,,arrived,1039.175819901229,,,
Car 762,,,,30,,arrived,,arrived,1039.3757385921037,,,
Car 752,,,,,5,switch,,"Charger 5 (fid=19) not available, trying Charger 2 (fid=36)",1039.408165245408,2,,
Car 763,,,,60,,arrived,,arrived,1039.5086079487949,,,
Car 738,,,,,2,switch,,"Charger 2 (fid=36) not available, trying Charger 3 (fid=53)",1039.6427225378152,3,,
Car 739,,,,,2,switch,,"Charger 2 (fid=36) not available, trying Charger 5 (fid=19)",1039.6499631098804,5,,
Car 764,,,,60,,arrived,,arrived,1039.6730823965313,,,
Car 718,,,,,7,switch,,"Charger 7 (fid=52) not available, trying Charger 3 (fid=53)",1039.7453870920997,3,,
Car 719,,,,,6,switch,,"Charger 6 (fid=77) not available, trying Charger 7 (fid=52)",1039.881397254495,7,,
Car 723,,,,,3,switch,,"Charger 3 (fid=53) not available, trying Charger 6 (fid=77)",1040.0048869957288,6,,
Car 698,,,,,,gave_up,4,"no alternate charger available, gave up",1040.093750339413,,,
Car 742,,,,,2,switch,,"Charger 2 (fid=36) not available, trying Charger 5 (fid=19)",1040.2404330376578,5,,
Car 728,,,,,0,switch,,"Charger 0 (fid=22) not available, trying Charger 6 (fid=77)",1040.2569463990737,6,,
Car 754,,,,,2,switch,,"Charger 2 (fid=36) not available, trying Charger 5 (fid=19)",1040.2783504793426,5,,
Car 699,,,,,,gave_up,4,"no alternate charger available, gave up",1040.2838038846785,,,
Car 700,,,,,1,switch,,"Charger 1 (fid=82) not available, trying Charger 4 (fid=86)",1040.3386863496858,4,,
Car 715,,,,,0,switch,,"Charger 0 (fid=22) not available, trying Charger 4 (fid=86)",1040.3645474192629,4,,
Car 765,,,,71,,arrived,,arrived,1040.3702243901723,,,
Car 714,,,,,2,switch,,"Charger 2 (fid=36) not available, trying Charger 5 (fid=19)",1040.3840568912356,5,,
Car 731,,,,,7,switch,,"Charger 7 (fid=52) not available, trying Charger 2 (fid=36)",1040.4410725885846,2,,
Car 729,,,,,0,switch,,"Charger 0 (fid=22) not available, trying Charger 6 (fid=77)",1040.5569967312692,6,,
Car 704,,,,,4,switch,,"Charger 4 (fid=86) not available, trying Charger 1 (fid=82)",1040.5932184594587,1,,
Car 766,,,,83,,arrived,,arrived,1040.6364225768934,,,
Car 755,,,,,0,switch,,"Charger 0 (fid=22) not available, trying Charger 6 (fid=77)",1040.6592786040364,6,,
Car 707,,,,,1,switch,,"Charger 1 (fid=82) not available, trying Charger 4 (fid=86)",1040.8905923040927,4,,
Car 701,,,,,,gave_up,4,"no alternate charger available, gave up",1041.0999838977004,,,
Car 724,,,,,0,switch,,"Charger 0 (fid=22) not available, trying Charger 7 (fid=52)",1041.1709670068842,7,,
Car 767,,,,6,,arrived,,arrived,1041.5342796875073,,,
Car 703,,,,,1,switch,,"Charger 1 (fid=82) not available, trying Charger 4 (fid=86)",1041.5547538672865,4,,
Car 756,,,,,4,switch,,"Charger 4 (fid=86) not available, trying Charger 1 (fid=82)",1042.073419040347,1,,
Car 711,,,,,5,switch,,"Charger 5 (fid=19) not available, trying Charger 0 (fid=22)",1042.097858482731,0,,
Car 768,,,,27,,arrived,,arrived,1042.1222475529235,,,
Car 757,,,,,5,switch,,"Charger 5 (fid=19) not available, trying Charger 2 (fid=36)",1042.1303474650153,2,,
Car 758,,,,,4,switch,,"Charger 4 (fid=86) not available, trying Charger 1 (fid=82)",1042.2098628798396,1,,
Car 722,,,,,6,switch,,"Charger 6 (fid=77) not available, trying Charger 7 (fid=52)",1042.3372798340988,7,,
Car 747,,,,,1,switch,,"Charger 1 (fid=82) not available, trying Charger 7 (fid=52)",1042.3797468962987,7,,
Car 705,,,,,,gave_up,4,"no alternate charger available, gave up",1042.430940706683,,,
Car 709,,,,,1,switch,,"Charger 1 (fid=82) not available, trying Charger 4 (fid=86)",1042.4491816627053,4,,
Car 734,,,,,0,switch,,"Charger 0 (fid=22) not available, trying Charger 6 (fid=77)",1042.784464946651,6,,
Car 759,,,,,4,switch,,"Charger 4 (fid=86) not available, trying Charger 1 (fid=82)",1042.7984750766147,1,,
Car 746,,,,,2,switch,,"Charger 2 (fid=36) not available, trying Charger 0 (fid=22)",1042.8239595615591,0,,
Car 743,,,,,2,switch,,"Charger 2 (fid=36) not available, trying Charger 0 (fid=22)",1042.8382469256244,0,,
Car 702,,,,,,gave_up,4,"no alternate charger available, gave up",1042.8584139934953,,,
Car 735,,,,,2,switch,,"Charger 2 (fid=36) not available, trying Charger 6 (fid=77)",1043.1374101558604,6,,
Car 736,,,,,2,switch,,"Charger 2 (fid=36) not available, trying Charger 6 (fid=77)",1043.1476299740552,6,,
Car 689,,,,,,gave_up,0,"no alternate charger available, gave up",1043.3725463554338,,,
Car 717,,,,,5,switch,,"Charger 5 (fid=19) not available, trying Charger 0 (fid=22)",1043.4674479399616,0,,
Car 760,,,,,6,switch,,"Charger 6 (fid=77) not available, trying Charger 2 (fid=36)",1043.7339257524463,2,,
Car 769,,,,40,,arrived,,arrived,1043.7908692171134,,,
Car 745,,,,,2,switch,,"Charger 2 (fid=36) not available, trying Charger 0 (fid=22)",1043.8224064995384,0,,
Car 713,,,,,7,switch,,"Charger 7 (fid=52) not available, trying Charger 1 (fid=82)",1043.9294800676125,1,,
Car 726,,,,,6,switch,,"Charger 6 (fid=77) not available, trying Charger 7 (fid=52)",1043.9397897115252,7,,
Car 744,,,,,4,switch,,"Charger 4 (fid=86) not available, trying Charger 7 (fid=52)",1044.0663552314559,7,,
Car 761,,,,,6,switch,,"Charger 6 (fid=77) not available, trying Charger 2 (fid=36)",1044.175819901229,2,,
Car 740,,,,,2,switch,,"Charger 2 (fid=36) not available, trying Charger 6 (fid=77)",1044.337398188115,6,,
Car 762,,,,,2,switch,,"Charger 2 (fid=36) not available, trying Charger 5 (fid=19)",1044.3757385921037,5,,
Car 763,,,,,6,switch,,"Charger 6 (fid=77) not available, trying Charger 3 (fid=53)",1044.5086079487949,3,,
Car 716,,,,,3,switch,,"Charger 3 (fid=53) not available, trying Charger 1 (fid=82)",1044.555323316453,1,,
Car 750,,,,,2,switch,,"Charger 2 (fid=36) not available, trying Charger 0 (fid=22)",1044.6601293582155,0,,
Car 764,,,,,6,switch,,"Charger 6 (fid=77) not available, trying Charger 3 (fid=53)",1044.6730823965313,3,,
Car 751,,,,,5,switch,,"Charger 5 (fid=19) not available, trying Charger 0 (fid=22)",1044.7690473202176,0,,
Car 708,,,,,1,switch,,"Charger 1 (fid=82) not available, trying Charger 4 (fid=86)",1044.8106310359924,4,,
Car 770,,,,116,,arrived,,arrived,1044.8407709081112,,,
Car 732,,,,,7,switch,,"Charger 7 (fid=52) not available, trying Charger 3 (fid=53)",1044.9239057648583,3,,
Car 657,80.0,36,2,,,done,,done charging,1045.0987751164275,,,212.85685323475343
Car 748,,36,2,,,start_charge,,starting to charge at Charger 2 (fid=36),1045.0987751164275,,9.967991068139327,
Car 721,,,,,6,switch,,"Charger 6 (fid=77) not available, trying Charger 2 (fid=36)",1045.1568737389164,2,,
Car 752,,,,,2,switch,,"Charger 2 (fid=36) not available, trying Charger 0 (fid=22)",1045.1610220785403,0,,
Car 741,,,,,7,switch,,"Charger 7 (fid=52) not available, trying Charger 3 (fid=53)",1045.2480028793095,3,,
Car 730,,,,,5,switch,,"Charger 5 (fid=19) not available, trying Charger 2 (fid=36)",1045.2614824610625,2,,
Car 765,,,,,5,switch,,"Charger 5 (fid=19) not available, trying Charger 2 (fid=36)",1045.3702243901723,2,,
Car 739,,,,,5,switch,,"Charger 5 (fid=19) not available, trying Charger 0 (fid=22)",1045.4028199430127,0,,
Car 771,,,,20,,arrived,,arrived,1045.61613525108,,,
Car 700,,,,,,gave_up,4,"no alternate charger available, gave up",1045.6211380579998,,,
Car 766,,,,,1,switch,,"Charger 1 (fid=82) not available, trying Charger 4 (fid=86)",1045.6364225768934,4,,
Car 706,,,,,1,switch,,"Charger 1 (fid=82) not available, trying Charger 4 (fid=86)",1045.6852429647224,4,,
Car 718,,,,,3,switch,,"Charger 3 (fid=53) not available, trying Charger 1 (fid=82)",1045.7653237111315,1,,
Car 749,,,,,2,switch,,"Charger 2 (fid=36) not available, trying Charger 5 (fid=19)",1045.8487831802308,5,,
Car 704,,,,,,gave_up,1,"no alternate charger available, gave up",1045.8756701677728,,,
Car 742,,,,,5,switch,,"Charger 5 (fid=19) not available, trying Charger 0 (fid=22)",1045.99328987079,0,,
Car 754,,,,,5,switch,,"Charger 5 (fid=19) not available, trying Charger 0 (fid=22)",1046.0312073124749,0,,
Car 772,,,,61,,arrived,,arrived,1046.0906209531213,,,
Car 714,,,,,5,switch,,"Charger 5 (fid=19) not available, trying Charger 0 (fid=22)",1046.1369137243678,0,,
Car 707,,,,,,gave_up,4,"no alternate charger available, gave up",1046.1730440124068,,,
Car 773,,,,26,,arrived,,arrived,1046.4383865651891,,,
Car 719,,,,,7,switch,,"Charger 7 (fid=52) not available, trying Charger 3 (fid=53)",1046.4471348707195,3,,
Car 727,,,,,6,switch,,"Charger 6 (fid=77) not available, trying Charger 7 (fid=52)",1046.498635338919,7,,
Car 774,,,,20,,arrived,,arrived,1046.5070179912607,,,
Car 733,,,,,2,switch,,"Charger 2 (fid=36) not available, trying Charger 5 (fid=19)",1046.5220077806985,5,,
Car 767,,,,,2,switch,,"Charger 2 (fid=36) not available, trying Charger 6 (fid=77)",1046.5342796875073,6,,
Car 723,,,,,6,switch,,"Charger 6 (fid=77) not available, trying Charger 2 (fid=36)",1046.5779108661939,2,,
Car 737,,,,,7,switch,,"Charger 7 (fid=52) not available, trying Charger 3 (fid=53)",1046.7239740526238,3,,
Car 703,,,,,,gave_up,4,"no alternate charger available, gave up",1046.8372055756006,,,
Car 768,,,,,2,switch,,"Charger 2 (fid=36) not available, trying Charger 5 (fid=19)",1047.1222475529235,5,,
Car 775,,,,34,,arrived,,arrived,1047.222250339172,,,
Car 776,,,,75,,arrived,,arrived,1047.3446630955377,,,
Car 756,,,,,1,switch,,"Charger 1 (fid=82) not available, trying Charger 7 (fid=52)",1047.3558707486611,7,,
Car 621,109.0,86,4,,,done,,done charging,1047.4111054514533,,,422.10899897181866
Car 709,,86,4,,,start_charge,,starting to charge at Charger 4 (fid=86),1047.4111054514533,,39.679472080433925,
Car 712,,,,,1,switch,,"Charger 1 (fid=82) not available, trying Charger 4 (fid=86)",1047.4414930527907,4,,
Car 758,,,,,1,switch,,"Charger 1 (fid=82) not available, trying Charger 7 (fid=52)",1047.4923145881537,7,,
Car 777,,,,60,,arrived,,arrived,1047.6307003677377,,,
Car 778,,,,115,,arrived,,arrived,1047.6558635362835,,,
Car 757,,,,,2,switch,,"Charger 2 (fid=36) not available, trying Charger 0 (fid=22)",1047.8832042981476,0,,
Car 759,,,,,1,switch,,"Charger 1 (fid=82) not available, trying Charger 7 (fid=52)",1048.0809267849288,7,,
Car 725,,,,,5,switch,,"Charger 5 (fid=19) not available, trying Charger 7 (fid=52)",1048.0960652166577,7,,
Car 738,,,,,3,switch,,"Charger 3 (fid=53) not available, trying Charger 5 (fid=19)",1048.3969082296771,5,,
Car 731,,,,,2,switch,,"Charger 2 (fid=36) not available, trying Charger 5 (fid=19)",1048.469410085624,5,,
Car 711,,,,,,gave_up,0,"no alternate charger available, gave up",1048.558585635671,,,
Car 769,,,,,6,switch,,"Charger 6 (fid=77) not available, trying Charger 3 (fid=53)",1048.7908692171134,3,,
Car 722,,,,,7,switch,,"Charger 7 (fid=52) not available, trying Charger 3 (fid=53)",1048.9030174503234,3,,
Car 779,,,,72,,arrived,,arrived,1049.4008071214187,,,
Car 728,,,,,6,switch,,"Charger 6 (fid=77) not available, trying Charger 7 (fid=52)",1049.5950512105346,7,,
Car 770,,,,,2,switch,,"Charger 2 (fid=36) not available, trying Charger 5 (fid=19)",1049.8407709081112,5,,
Car 729,,,,,6,switch,,"Charger 6 (fid=77) not available, trying Charger 7 (fid=52)",1049.8951015427301,7,,
Car 717,,,,,0,switch,,"Charger 0 (fid=22) not available, trying Charger 1 (fid=82)",1049.9281750929017,1,,
Car 746,,,,,0,switch,,"Charger 0 (fid=22) not available, trying Charger 6 (fid=77)",1049.9669479357492,6,,
Car 743,,,,,0,switch,,"Charger 0 (fid=22) not available, trying Charger 5 (fid=19)",1049.9812352998144,5,,
Car 755,,,,,6,switch,,"Charger 6 (fid=77) not available, trying Charger 5 (fid=19)",1049.9973834154973,5,,
Car 747,,,,,7,switch,,"Charger 7 (fid=52) not available, trying Charger 3 (fid=53)",1050.037664584766,3,,
Car 708,,,,,,gave_up,4,"no alternate charger available, gave up",1050.0930827443065,,,
Car 762,,,,,5,switch,,"Charger 5 (fid=19) not available, trying Charger 0 (fid=22)",1050.128595425236,0,,
Car 726,,,,,7,switch,,"Charger 7 (fid=52) not available, trying Charger 3 (fid=53)",1050.5055273277499,3,,
Car 771,,,,,5,switch,,"Charger 5 (fid=19) not available, trying Charger 2 (fid=36)",1050.61613525108,2,,
Car 735,,,,,6,switch,,"Charger 6 (fid=77) not available, trying Charger 7 (fid=52)",1050.6927145164216,7,,
Car 736,,,,,6,switch,,"Charger 6 (fid=77) not available, trying Charger 7 (fid=52)",1050.7029343346164,7,,
Car 780,,,,117,,arrived,,arrived,1050.9169835276616,,,
Car 766,,,,,4,switch,,"Charger 4 (fid=86) not available, trying Charger 7 (fid=52)",1050.9188742852075,7,,
Car 732,,,,,3,switch,,"Charger 3 (fid=53) not available, trying Charger 5 (fid=19)",1050.9438423838901,5,,
Car 745,,,,,0,switch,,"Charger 0 (fid=22) not available, trying Charger 5 (fid=19)",1050.9653948737284,5,,
Car 706,,,,,,gave_up,4,"no alternate charger available, gave up",1050.9676946730365,,,
Car 730,,,,,2,switch,,"Charger 2 (fid=36) not available, trying Charger 3 (fid=53)",1051.0143392941948,3,,
Car 763,,,,,3,switch,,"Charger 3 (fid=53) not available, trying Charger 7 (fid=52)",1051.0816318192599,7,,
Car 781,,,,33,,arrived,,arrived,1051.0891978327268,,,
Car 772,,,,,6,switch,,"Charger 6 (fid=77) not available, trying Charger 3 (fid=53)",1051.0906209531213,3,,
Car 765,,,,,2,switch,,"Charger 2 (fid=36) not available, trying Charger 0 (fid=22)",1051.1230812233046,0,,
Car 751,,,,,0,switch,,"Charger 0 (fid=22) not available, trying Charger 6 (fid=77)",1051.2297744731577,6,,
Car 764,,,,,3,switch,,"Charger 3 (fid=53) not available, trying Charger 7 (fid=52)",1051.2461062669963,7,,
Car 741,,,,,3,switch,,"Charger 3 (fid=53) not available, trying Charger 6 (fid=77)",1051.2679394983413,6,,
Car 760,,,,,2,switch,,"Charger 2 (fid=36) not available, trying Charger 3 (fid=53)",1051.2892301130075,3,,
Car 724,,,,,7,switch,,"Charger 7 (fid=52) not available, trying Charger 3 (fid=53)",1051.3036778170301,3,,
Car 773,,,,,2,switch,,"Charger 2 (fid=36) not available, trying Charger 5 (fid=19)",1051.4383865651891,5,,
Car 782,,,,64,,arrived,,arrived,1051.4708761926356,,,
Car 774,,,,,5,switch,,"Charger 5 (fid=19) not available, trying Charger 2 (fid=36)",1051.5070179912607,2,,
Car 713,,,,,1,switch,,"Charger 1 (fid=82) not available, trying Charger 4 (fid=86)",1051.5873977560798,4,,
Car 749,,,,,5,switch,,"Charger 5 (fid=19) not available, trying Charger 0 (fid=22)",1051.601640013363,0,,
Car 744,,,,,7,switch,,"Charger 7 (fid=52) not available, trying Charger 1 (fid=82)",1051.696222628996,1,,
Car 761,,,,,2,switch,,"Charger 2 (fid=36) not available, trying Charger 3 (fid=53)",1051.7311242617902,3,,
Car 750,,,,,0,switch,,"Charger 0 (fid=22) not available, trying Charger 6 (fid=77)",1051.8031177324056,6,,
Car 739,,,,,0,switch,,"Charger 0 (fid=22) not available, trying Charger 7 (fid=52)",1051.8635470959528,7,,
Car 740,,,,,6,switch,,"Charger 6 (fid=77) not available, trying Charger 7 (fid=52)",1051.8927025486762,7,,
Car 734,,,,,6,switch,,"Charger 6 (fid=77) not available, trying Charger 7 (fid=52)",1052.122569758112,7,,
Car 715,,,,,4,switch,,"Charger 4 (fid=86) not available, trying Charger 1 (fid=82)",1052.155426016066,1,,
Car 783,,,,24,,arrived,,arrived,1052.1699015651745,,,
Car 775,,,,,0,switch,,"Charger 0 (fid=22) not available, trying Charger 5 (fid=19)",1052.222250339172,5,,
Car 733,,,,,5,switch,,"Charger 5 (fid=19) not available, trying Charger 3 (fid=53)",1052.2748646138307,3,,
Car 752,,,,,0,switch,,"Charger 0 (fid=22) not available, trying Charger 6 (fid=77)",1052.3040104527304,6,,
Car 776,,,,,3,switch,,"Charger 3 (fid=53) not available, trying Charger 7 (fid=52)",1052.3446630955377,7,,
Car 742,,,,,0,switch,,"Charger 0 (fid=22) not available, trying Charger 7 (fid=52)",1052.45401702373,7,,
Car 784,,,,17,,arrived,,arrived,1052.4645418475736,,,
Car 719,,,,,3,switch,,"Charger 3 (fid=53) not available, trying Charger 1 (fid=82)",1052.4670714897513,1,,
Car 754,,,,,0,switch,,"Charger 0 (fid=22) not available, trying Charger 6 (fid=77)",1052.491934465415,6,,
Car 714,,,,,,gave_up,0,"no alternate charger available, gave up",1052.5976408773079,,,
Car 777,,,,,6,switch,,"Charger 6 (fid=77) not available, trying Charger 3 (fid=53)",1052.6307003677377,3,,
Car 778,,,,,5,switch,,"Charger 5 (fid=19) not available, trying Charger 2 (fid=36)",1052.6558635362835,2,,
Car 721,,,,,2,switch,,"Charger 2 (fid=36) not available, trying Charger 5 (fid=19)",1052.7121780994776,5,,
Car 712,,,,,,gave_up,4,"no alternate charger available, gave up",1052.7239447611048,,,
Car 737,,,,,3,switch,,"Charger 3 (fid=53) not available, trying Charger 5 (fid=19)",1052.7439106716556,5,,
Car 768,,,,,5,switch,,"Charger 5 (fid=19) not available, trying Charger 0 (fid=22)",1052.8751043860557,0,,
Car 716,,,,,1,switch,,"Charger 1 (fid=82) not available, trying Charger 4 (fid=86)",1052.8995375237944,4,,
Car 727,,,,,7,switch,,"Charger 7 (fid=52) not available, trying Charger 3 (fid=53)",1053.0643729551437,3,,
Car 785,,,,8,,arrived,,arrived,1053.1873662046416,,,
Car 786,,,,47,,arrived,,arrived,1053.4232438652034,,,
Car 767,,,,,6,switch,,"Charger 6 (fid=77) not available, trying Charger 5 (fid=19)",1054.0895840480684,5,,
Car 718,,,,,1,switch,,"Charger 1 (fid=82) not available, trying Charger 4 (fid=86)",1054.1095379184728,4,,
Car 723,,,,,2,switch,,"Charger 2 (fid=36) not available, trying Charger 5 (fid=19)",1054.133215226755,5,,
Car 731,,,,,5,switch,,"Charger 5 (fid=19) not available, trying Charger 0 (fid=22)",1054.2222669187563,0,,
Car 779,,,,,5,switch,,"Charger 5 (fid=19) not available, trying Charger 2 (fid=36)",1054.4008071214187,2,,
Car 722,,,,,3,switch,,"Charger 3 (fid=53) not available, trying Charger 1 (fid=82)",1054.9229540693552,1,,
Car 756,,,,,7,switch,,"Charger 7 (fid=52) not available, trying Charger 3 (fid=53)",1055.0137884371284,3,,
Car 757,,,,,0,switch,,"Charger 0 (fid=22) not available, trying Charger 6 (fid=77)",1055.0261926723376,6,,
Car 787,,,,32,,arrived,,arrived,1055.1258568323324,,,
Car 758,,,,,7,switch,,"Charger 7 (fid=52) not available, trying Charger 3 (fid=53)",1055.150232276621,3,,
Car 769,,,,,3,switch,,"Charger 3 (fid=53) not available, trying Charger 7 (fid=52)",1055.3638930875784,7,,
Car 770,,,,,5,switch,,"Charger 5 (fid=19) not available, trying Charger 7 (fid=52)",1055.5936277412434,7,,
Car 759,,,,,7,switch,,"Charger 7 (fid=52) not available, trying Charger 3 (fid=53)",1055.738844473396,3,,
Car 780,,,,,1,switch,,"Charger 1 (fid=82) not available, trying Charger 7 (fid=52)",1055.9169835276616,7,,
Car 747,,,,,3,switch,,"Charger 3 (fid=53) not available, trying Charger 6 (fid=77)",1056.0576012037977,6,,
Car 781,,,,,2,switch,,"Charger 2 (fid=36) not available, trying Charger 5 (fid=19)",1056.0891978327268,5,,
Car 728,,,,,7,switch,,"Charger 7 (fid=52) not available, trying Charger 3 (fid=53)",1056.1607888267592,3,,
Car 788,,,,5,,arrived,,arrived,1056.2801941314685,,,
Car 771,,,,,2,switch,,"Charger 2 (fid=36) not available, trying Charger 0 (fid=22)",1056.3689920842123,0,,
Car 743,,,,,5,switch,,"Charger 5 (fid=19) not available, trying Charger 3 (fid=53)",1056.4419624527545,3,,
Car 729,,,,,7,switch,,"Charger 7 (fid=52) not available, trying Charger 3 (fid=53)",1056.4608391589547,3,,
Car 782,,,,,3,switch,,"Charger 3 (fid=53) not available, trying Charger 4 (fid=86)",1056.4708761926356,4,,
Car 726,,,,,3,switch,,"Charger 3 (fid=53) not available, trying Charger 1 (fid=82)",1056.5254639467817,1,,
Car 762,,,,,0,switch,,"Charger 0 (fid=22) not available, trying Charger 6 (fid=77)",1056.589322578176,6,,
Car 713,,,,,,gave_up,4,"no alternate charger available, gave up",1056.8698494643938,,,
Car 725,,,,,7,switch,,"Charger 7 (fid=52) not available, trying Charger 0 (fid=22)",1056.8738221316428,0,,
Car 763,,,,,7,switch,,"Charger 7 (fid=52) not available, trying Charger 2 (fid=36)",1057.1015684382917,2,,
Car 783,,,,,5,switch,,"Charger 5 (fid=19) not available, trying Charger 2 (fid=36)",1057.1699015651745,2,,
Car 773,,,,,5,switch,,"Charger 5 (fid=19) not available, trying Charger 0 (fid=22)",1057.1912433983214,0,,
Car 735,,,,,7,switch,,"Charger 7 (fid=52) not available, trying Charger 3 (fid=53)",1057.2584521326462,3,,
Car 774,,,,,2,switch,,"Charger 2 (fid=36) not available, trying Charger 0 (fid=22)",1057.259874824393,0,,
Car 764,,,,,7,switch,,"Charger 7 (fid=52) not available, trying Charger 2 (fid=36)",1057.2660428860281,2,,
Car 736,,,,,7,switch,,"Charger 7 (fid=52) not available, trying Charger 3 (fid=53)",1057.268671950841,3,,
Car 724,,,,,3,switch,,"Charger 3 (fid=53) not available, trying Charger 1 (fid=82)",1057.323614436062,1,,
Car 745,,,,,5,switch,,"Charger 5 (fid=19) not available, trying Charger 3 (fid=53)",1057.4261220266685,3,,
Car 715,,,,,,gave_up,1,"no alternate charger available, gave up",1057.43787772438,,,
Car 784,,,,,0,switch,,"Charger 0 (fid=22) not available, trying Charger 5 (fid=19)",1057.4645418475736,5,,
Car 772,,,,,3,switch,,"Charger 3 (fid=53) not available, trying Charger 7 (fid=52)",1057.6636448235863,7,,
Car 789,,,,54,,arrived,,arrived,1057.7107033790364,,,
Car 741,,,,,6,switch,,"Charger 6 (fid=77) not available, trying Charger 2 (fid=36)",1057.8409633688063,2,,
Car 738,,,,,5,switch,,"Charger 5 (fid=19) not available, trying Charger 7 (fid=52)",1057.9004227476244,7,,
Car 749,,,,,0,switch,,"Charger 0 (fid=22) not available, trying Charger 7 (fid=52)",1058.0623671663031,7,,
Car 716,,,,,,gave_up,4,"no alternate charger available, gave up",1058.1819892321084,,,
Car 785,,,,,6,switch,,"Charger 6 (fid=77) not available, trying Charger 2 (fid=36)",1058.1873662046416,2,,
Car 755,,,,,5,switch,,"Charger 5 (fid=19) not available, trying Charger 2 (fid=36)",1058.2505869853464,2,,
Car 765,,,,,0,switch,,"Charger 0 (fid=22) not available, trying Charger 6 (fid=77)",1058.2660695974946,6,,
Car 776,,,,,7,switch,,"Charger 7 (fid=52) not available, trying Charger 6 (fid=77)",1058.3645997145695,6,,
Car 778,,,,,2,switch,,"Charger 2 (fid=36) not available, trying Charger 0 (fid=22)",1058.4087203694157,0,,
Car 786,,,,,0,switch,,"Charger 0 (fid=22) not available, trying Charger 5 (fid=19)",1058.4232438652034,5,,
Car 740,,,,,7,switch,,"Charger 7 (fid=52) not available, trying Charger 3 (fid=53)",1058.4584401649008,3,,
Car 721,,,,,5,switch,,"Charger 5 (fid=19) not available, trying Charger 0 (fid=22)",1058.4650349326098,0,,
Car 766,,,,,7,switch,,"Charger 7 (fid=52) not available, trying Charger 3 (fid=53)",1058.5487416827477,3,,
Car 775,,,,,5,switch,,"Charger 5 (fid=19) not available, trying Charger 2 (fid=36)",1058.682977492112,2,,
Car 734,,,,,7,switch,,"Charger 7 (fid=52) not available, trying Charger 3 (fid=53)",1058.6883073743365,3,,
Car 790,,,,50,,arrived,,arrived,1058.7118176843903,,,
Car 727,,,,,3,switch,,"Charger 3 (fid=53) not available, trying Charger 1 (fid=82)",1059.0843095741754,1,,
Car 777,,,,,3,switch,,"Charger 3 (fid=53) not available, trying Charger 7 (fid=52)",1059.2037242382028,7,,
Car 746,,,,,6,switch,,"Charger 6 (fid=77) not available, trying Charger 7 (fid=52)",1059.30505274721,7,,
Car 768,,,,,0,switch,,"Charger 0 (fid=22) not available, trying Charger 6 (fid=77)",1059.3358315389958,6,,
Car 744,,,,,1,switch,,"Charger 1 (fid=82) not available, trying Charger 6 (fid=77)",1059.3541403174634,6,,
Car 718,,,,,,gave_up,4,"no alternate charger available, gave up",1059.3919896267869,,,
Car 791,,,,73,,arrived,,arrived,1059.5772475032982,,,
Car 792,,,,14,,arrived,,arrived,1059.6365074584635,,,
Car 730,,,,,3,switch,,"Charger 3 (fid=53) not available, trying Charger 7 (fid=52)",1059.7685249860567,7,,
Car 723,,,,,5,switch,,"Charger 5 (fid=19) not available, trying Charger 0 (fid=22)",1059.8860720598873,0,,
Car 760,,,,,3,switch,,"Charger 3 (fid=53) not available, trying Charger 7 (fid=52)",1060.0434158048695,7,,
Car 787,,,,,0,switch,,"Charger 0 (fid=22) not available, trying Charger 5 (fid=19)",1060.1258568323324,5,,
Car 779,,,,,2,switch,,"Charger 2 (fid=36) not available, trying Charger 0 (fid=22)",1060.153663954551,0,,
Car 793,,,,30,,arrived,,arrived,1060.3600728790577,,,
Car 732,,,,,5,switch,,"Charger 5 (fid=19) not available, trying Charger 0 (fid=22)",1060.4473569018373,0,,
Car 794,,,,71,,arrived,,arrived,1060.478745249201,,,
Car 761,,,,,3,switch,,"Charger 3 (fid=53) not available, trying Charger 5 (fid=19)",1060.4853099536522,5,,
Car 795,,,,52,,arrived,,arrived,1060.4929262622666,,,
Car 751,,,,,6,switch,,"Charger 6 (fid=77) not available, trying Charger 7 (fid=52)",1060.5678792846186,7,,
Car 731,,,,,0,switch,,"Charger 0 (fid=22) not available, trying Charger 4 (fid=86)",1060.6829940716964,4,,
Car 719,,,,,1,switch,,"Charger 1 (fid=82) not available, trying Charger 4 (fid=86)",1060.8112856970927,4,,
Car 796,,,,29,,arrived,,arrived,1060.8302397529035,,,
Car 756,,,,,3,switch,,"Charger 3 (fid=53) not available, trying Charger 6 (fid=77)",1061.0337250561602,6,,
Car 750,,,,,6,switch,,"Charger 6 (fid=77) not available, trying Charger 7 (fid=52)",1061.1412225438664,7,,
Car 758,,,,,3,switch,,"Charger 3 (fid=53) not available, trying Charger 6 (fid=77)",1061.1701688956528,6,,
Car 788,,,,,3,switch,,"Charger 3 (fid=53) not available, trying Charger 4 (fid=86)",1061.2801941314685,4,,
Car 769,,,,,7,switch,,"Charger 7 (fid=52) not available, trying Charger 2 (fid=36)",1061.3838297066102,2,,
Car 717,,,,,1,switch,,"Charger 1 (fid=82) not available, trying Charger 4 (fid=86)",1061.5449043774458,4,,
Car 752,,,,,6,switch,,"Charger 6 (fid=77) not available, trying Charger 7 (fid=52)",1061.6421152641913,7,,
Car 759,,,,,3,switch,,"Charger 3 (fid=53) not available, trying Charger 6 (fid=77)",1061.7587810924279,6,,
Car 733,,,,,3,switch,,"Charger 3 (fid=53) not available, trying Charger 7 (fid=52)",1061.778379131778,7,,
Car 754,,,,,6,switch,,"Charger 6 (fid=77) not available, trying Charger 7 (fid=52)",1061.8300392768758,7,,
Car 781,,,,,5,switch,,"Charger 5 (fid=19) not available, trying Charger 0 (fid=22)",1061.842054665859,0,,
Car 739,,,,,7,switch,,"Charger 7 (fid=52) not available, trying Charger 3 (fid=53)",1061.9962579060987,3,,
Car 728,,,,,3,switch,,"Charger 3 (fid=53) not available, trying Charger 1 (fid=82)",1062.180725445791,1,,
Car 797,,,,11,,arrived,,arrived,1062.209034806477,,,
Car 737,,,,,5,switch,,"Charger 5 (fid=19) not available, trying Charger 0 (fid=22)",1062.2474251896028,0,,
Car 767,,,,,5,switch,,"Charger 5 (fid=19) not available, trying Charger 7 (fid=52)",1062.3427876179176,7,,
Car 729,,,,,3,switch,,"Charger 3 (fid=53) not available, trying Charger 1 (fid=82)",1062.4807757779865,1,,
Car 742,,,,,7,switch,,"Charger 7 (fid=52) not available, trying Charger 3 (fid=53)",1062.586727833876,3,,
Car 747,,,,,6,switch,,"Charger 6 (fid=77) not available, trying Charger 2 (fid=36)",1062.6306250742628,2,,
Car 789,,,,,5,switch,,"Charger 5 (fid=19) not available, trying Charger 2 (fid=36)",1062.7107033790364,2,,
Car 798,,,,30,,arrived,,arrived,1062.7488234221764,,,
Car 783,,,,,2,switch,,"Charger 2 (fid=36) not available, trying Charger 0 (fid=22)",1062.9227583983068,0,,
Car 722,,,,,1,switch,,"Charger 1 (fid=82) not available, trying Charger 4 (fid=86)",1063.2671682766966,4,,
Car 735,,,,,3,switch,,"Charger 3 (fid=53) not available, trying Charger 1 (fid=82)",1063.278388751678,1,,
Car 736,,,,,3,switch,,"Charger 3 (fid=53) not available, trying Charger 1 (fid=82)",1063.2886085698728,1,,
Car 799,,,,70,,arrived,,arrived,1063.4762895576055,,,
Car 771,,,,,0,switch,,"Charger 0 (fid=22) not available, trying Charger 6 (fid=77)",1063.5119804584024,6,,
Car 780,,,,,7,switch,,"Charger 7 (fid=52) not available, trying Charger 2 (fid=36)",1063.5749012161289,2,,
Car 773,,,,,0,switch,,"Charger 0 (fid=22) not available, trying Charger 6 (fid=77)",1063.6519705512615,6,,
Car 772,,,,,7,switch,,"Charger 7 (fid=52) not available, trying Charger 2 (fid=36)",1063.683581442618,2,,
Car 790,,,,,6,switch,,"Charger 6 (fid=77) not available, trying Charger 3 (fid=53)",1063.7118176843903,3,,
Car 784,,,,,5,switch,,"Charger 5 (fid=19) not available, trying Charger 2 (fid=36)",1063.9252690005137,2,,
Car 800,,,,37,,arrived,,arrived,1063.9731003707616,,,
Car 755,,,,,2,switch,,"Charger 2 (fid=36) not available, trying Charger 3 (fid=53)",1064.0034438184787,3,,
Car 801,,,,66,,arrived,,arrived,1064.136159405703,,,
Car 802,,,,35,,arrived,,arrived,1064.165005980648,,,
Car 803,,,,37,,arrived,,arrived,1064.2370020887256,,,
Car 757,,,,,6,switch,,"Charger 6 (fid=77) not available, trying Charger 7 (fid=52)",1064.3642974837985,7,,
Car 770,,,,,7,switch,,"Charger 7 (fid=52) not available, trying Charger 0 (fid=22)",1064.3713846562284,0,,
Car 774,,,,,0,switch,,"Charger 0 (fid=22) not available, trying Charger 6 (fid=77)",1064.402863198583,6,,
Car 775,,,,,2,switch,,"Charger 2 (fid=36) not available, trying Charger 6 (fid=77)",1064.4358343252443,6,,
Car 740,,,,,3,switch,,"Charger 3 (fid=53) not available, trying Charger 1 (fid=82)",1064.4783767839326,1,,
Car 804,,,,32,,arrived,,arrived,1064.5152933309334,,,
Car 766,,,,,3,switch,,"Charger 3 (fid=53) not available, trying Charger 6 (fid=77)",1064.5686783017795,6,,
Car 791,,,,,6,switch,,"Charger 6 (fid=77) not available, trying Charger 2 (fid=36)",1064.5772475032982,2,,
Car 792,,,,,2,switch,,"Charger 2 (fid=36) not available, trying Charger 5 (fid=19)",1064.6365074584635,5,,
Car 734,,,,,3,switch,,"Charger 3 (fid=53) not available, trying Charger 1 (fid=82)",1064.7082439933683,1,,
Car 782,,,,,4,switch,,"Charger 4 (fid=86) not available, trying Charger 7 (fid=52)",1064.7138679487114,7,,
Car 726,,,,,1,switch,,"Charger 1 (fid=82) not available, trying Charger 4 (fid=86)",1064.869678154123,4,,
Car 786,,,,,5,switch,,"Charger 5 (fid=19) not available, trying Charger 2 (fid=36)",1064.8839710181435,2,,
Car 721,,,,,,gave_up,0,"no alternate charger available, gave up",1064.9257620855499,,,
Car 776,,,,,6,switch,,"Charger 6 (fid=77) not available, trying Charger 4 (fid=86)",1064.9303373307941,4,,
Car 763,,,,,2,switch,,"Charger 2 (fid=36) not available, trying Charger 5 (fid=19)",1065.1299059353312,5,,
Car 651,97.0,52,7,,,done,,done charging,1065.161554865366,,,500.89000102614756
Car 777,,52,7,,,start_charge,,starting to charge at Charger 7 (fid=52),1065.161554865366,,14.93789400813148,
Car 805,,,,26,,arrived,,arrived,1065.2896736055334,,,
Car 764,,,,,2,switch,,"Charger 2 (fid=36) not available, trying Charger 5 (fid=19)",1065.2943803830676,5,,
Car 793,,,,,2,switch,,"Charger 2 (fid=36) not available, trying Charger 5 (fid=19)",1065.3600728790577,5,,
Car 741,,,,,2,switch,,"Charger 2 (fid=36) not available, trying Charger 5 (fid=19)",1065.3962677293675,5,,
Car 794,,,,,5,switch,,"Charger 5 (fid=19) not available, trying Charger 2 (fid=36)",1065.478745249201,2,,
Car 795,,,,,7,switch,,"Charger 7 (fid=52) not available, trying Charger 3 (fid=53)",1065.4929262622666,3,,
Car 778,,,,,0,switch,,"Charger 0 (fid=22) not available, trying Charger 6 (fid=77)",1065.5517087436058,6,,
Car 724,,,,,1,switch,,"Charger 1 (fid=82) not available, trying Charger 4 (fid=86)",1065.6678286434033,4,,
Car 785,,,,,2,switch,,"Charger 2 (fid=36) not available, trying Charger 0 (fid=22)",1065.7426705652028,0,,
Car 730,,,,,7,switch,,"Charger 7 (fid=52) not available, trying Charger 1 (fid=82)",1065.7884616050885,1,,
Car 796,,,,,2,switch,,"Charger 2 (fid=36) not available, trying Charger 5 (fid=19)",1065.8302397529035,5,,
Car 746,,,,,7,switch,,"Charger 7 (fid=52) not available, trying Charger 3 (fid=53)",1065.8707903634347,3,,
Car 806,,,,46,,arrived,,arrived,1065.9264824481886,,,
Car 762,,,,,6,switch,,"Charger 6 (fid=77) not available, trying Charger 7 (fid=52)",1065.927427389637,7,,
Car 743,,,,,3,switch,,"Charger 3 (fid=53) not available, trying Charger 7 (fid=52)",1065.9454769707017,7,,
Car 760,,,,,7,switch,,"Charger 7 (fid=52) not available, trying Charger 5 (fid=19)",1066.0633524239013,5,,
Car 719,,,,,,gave_up,4,"no alternate charger available, gave up",1066.0937374054067,,,
Car 723,,,,,,gave_up,0,"no alternate charger available, gave up",1066.3467992128274,,,
Car 787,,,,,5,switch,,"Charger 5 (fid=19) not available, trying Charger 2 (fid=36)",1066.5865839852725,2,,
Car 738,,,,,7,switch,,"Charger 7 (fid=52) not available, trying Charger 0 (fid=22)",1066.6781796626094,0,,
Car 717,,,,,,gave_up,4,"no alternate charger available, gave up",1066.82735608576,,,
Car 732,,,,,0,switch,,"Charger 0 (fid=22) not available, trying Charger 1 (fid=82)",1066.9080840547774,1,,
Car 745,,,,,3,switch,,"Charger 3 (fid=53) not available, trying Charger 7 (fid=52)",1066.9296365446157,7,,
Car 725,,,,,0,switch,,"Charger 0 (fid=22) not available, trying Charger 1 (fid=82)",1067.0065329417887,1,,
Car 807,,,,45,,arrived,,arrived,1067.0096181535303,,,
Car 751,,,,,7,switch,,"Charger 7 (fid=52) not available, trying Charger 3 (fid=53)",1067.1336169008432,3,,
Car 797,,,,,6,switch,,"Charger 6 (fid=77) not available, trying Charger 2 (fid=36)",1067.209034806477,2,,
Car 779,,,,,0,switch,,"Charger 0 (fid=22) not available, trying Charger 6 (fid=77)",1067.296652328741,6,,
Car 727,,,,,1,switch,,"Charger 1 (fid=82) not available, trying Charger 4 (fid=86)",1067.4285237815168,4,,
Car 765,,,,,6,switch,,"Charger 6 (fid=77) not available, trying Charger 7 (fid=52)",1067.6041744089555,7,,
Car 756,,,,,6,switch,,"Charger 6 (fid=77) not available, trying Charger 2 (fid=36)",1067.6067489266252,2,,
Car 808,,,,41,,arrived,,arrived,1067.6874095137553,,,
Car 750,,,,,7,switch,,"Charger 7 (fid=52) not available, trying Charger 3 (fid=53)",1067.706960160091,3,,
Car 758,,,,,6,switch,,"Charger 6 (fid=77) not available, trying Charger 2 (fid=36)",1067.7431927661178,2,,
Car 798,,,,,2,switch,,"Charger 2 (fid=36) not available, trying Charger 5 (fid=19)",1067.7488234221764,5,,
Car 733,,,,,7,switch,,"Charger 7 (fid=52) not available, trying Charger 1 (fid=82)",1067.7983157508097,1,,
Car 739,,,,,3,switch,,"Charger 3 (fid=53) not available, trying Charger 1 (fid=82)",1068.0161945251305,1,,
Car 749,,,,,7,switch,,"Charger 7 (fid=52) not available, trying Charger 3 (fid=53)",1068.195077976449,3,,
Car 752,,,,,7,switch,,"Charger 7 (fid=52) not available, trying Charger 3 (fid=53)",1068.2078528804159,3,,
Car 781,,,,,0,switch,,"Charger 0 (fid=22) not available, trying Charger 6 (fid=77)",1068.302781818799,6,,
Car 759,,,,,6,switch,,"Charger 6 (fid=77) not available, trying Charger 2 (fid=36)",1068.3318049628929,2,,
Car 669,107.0,19,5,,,done,,done charging,1068.3588056309338,,,48.247209463362665
Car 799,,19,5,,,start_charge,,starting to charge at Charger 5 (fid=19),1068.3588056309338,,4.882516073328361,
Car 754,,,,,7,switch,,"Charger 7 (fid=52) not available, trying Charger 3 (fid=53)",1068.3957768931004,3,,
Car 789,,,,,2,switch,,"Charger 2 (fid=36) not available, trying Charger 0 (fid=22)",1068.4635602121687,0,,
Car 744,,,,,6,switch,,"Charger 6 (fid=77) not available, trying Charger 2 (fid=36)",1068.539318334461,2,,
Car 809,,,,9,,arrived,,arrived,1068.5401611382306,,,
Car 722,,,,,,gave_up,4,"no alternate charger available, gave up",1068.5496199850106,,,
Car 810,,,,57,,arrived,,arrived,1068.5849297115947,,,
Car 742,,,,,3,switch,,"Charger 3 (fid=53) not available, trying Charger 1 (fid=82)",1068.6066644529078,1,,
Car 768,,,,,6,switch,,"Charger 6 (fid=77) not available, trying Charger 7 (fid=52)",1068.6739363504566,7,,
Car 737,,,,,0,switch,,"Charger 0 (fid=22) not available, trying Charger 1 (fid=82)",1068.708152342543,1,,
Car 800,,,,,0,switch,,"Charger 0 (fid=22) not available, trying Charger 5 (fid=19)",1068.9731003707616,5,,
Car 801,,,,,6,switch,,"Charger 6 (fid=77) not available, trying Charger 3 (fid=53)",1069.136159405703,3,,
Car 802,,,,,2,switch,,"Charger 2 (fid=36) not available, trying Charger 5 (fid=19)",1069.165005980648,5,,
Car 803,,,,,0,switch,,"Charger 0 (fid=22) not available, trying Charger 5 (fid=19)",1069.2370020887256,5,,
Car 769,,,,,2,switch,,"Charger 2 (fid=36) not available, trying Charger 5 (fid=19)",1069.4121672036497,5,,
Car 804,,,,,0,switch,,"Charger 0 (fid=22) not available, trying Charger 5 (fid=19)",1069.5152933309334,5,,
Car 788,,,,,4,switch,,"Charger 4 (fid=86) not available, trying Charger 7 (fid=52)",1069.5231858875443,7,,
Car 784,,,,,2,switch,,"Charger 2 (fid=36) not available, trying Charger 6 (fid=77)",1069.678125833646,6,,
Car 811,,,,11,,arrived,,arrived,1069.7603056108078,,,
Car 812,,,,29,,arrived,,arrived,1069.9079931832412,,,
Car 761,,,,,5,switch,,"Charger 5 (fid=19) not available, trying Charger 7 (fid=52)",1069.9888244715994,7,,
Car 783,,,,,0,switch,,"Charger 0 (fid=22) not available, trying Charger 6 (fid=77)",1070.0657467724968,6,,
Car 726,,,,,,gave_up,4,"no alternate charger available, gave up",1070.152129862437,,,
Car 747,,,,,2,switch,,"Charger 2 (fid=36) not available, trying Charger 5 (fid=19)",1070.185929434824,5,,
Car 790,,,,,3,switch,,"Charger 3 (fid=53) not available, trying Charger 7 (fid=52)",1070.2848415548553,7,,
Car 805,,,,,2,switch,,"Charger 2 (fid=36) not available, trying Charger 5 (fid=19)",1070.2896736055334,5,,
Car 792,,,,,5,switch,,"Charger 5 (fid=19) not available, trying Charger 0 (fid=22)",1070.3893642915957,0,,
Car 728,,,,,1,switch,,"Charger 1 (fid=82) not available, trying Charger 4 (fid=86)",1070.5249396531324,4,,
Car 786,,,,,2,switch,,"Charger 2 (fid=36) not available, trying Charger 6 (fid=77)",1070.6368278512757,6,,
Car 729,,,,,1,switch,,"Charger 1 (fid=82) not available, trying Charger 4 (fid=86)",1070.8249899853279,4,,
Car 763,,,,,5,switch,,"Charger 5 (fid=19) not available, trying Charger 0 (fid=22)",1070.8827627684634,0,,
Car 806,,,,,0,switch,,"Charger 0 (fid=22) not available, trying Charger 5 (fid=19)",1070.9264824481886,5,,
Car 757,,,,,7,switch,,"Charger 7 (fid=52) not available, trying Charger 3 (fid=53)",1070.9300351000231,3,,
Car 724,,,,,,gave_up,4,"no alternate charger available, gave up",1070.9502803517173,,,
Car 764,,,,,5,switch,,"Charger 5 (fid=19) not available, trying Charger 0 (fid=22)",1071.0472372161998,0,,
Car 793,,,,,5,switch,,"Charger 5 (fid=19) not available, trying Charger 0 (fid=22)",1071.11292971219,0,,
Car 767,,,,,7,switch,,"Charger 7 (fid=52) not available, trying Charger 3 (fid=53)",1071.1205445329026,3,,
Car 766,,,,,6,switch,,"Charger 6 (fid=77) not available, trying Charger 2 (fid=36)",1071.1417021722445,2,,
Car 741,,,,,5,switch,,"Charger 5 (fid=19) not available, trying Charger 0 (fid=22)",1071.1491245624998,0,,
Car 794,,,,,2,switch,,"Charger 2 (fid=36) not available, trying Charger 0 (fid=22)",1071.2316020823332,0,,
Car 795,,,,,3,switch,,"Charger 3 (fid=53) not available, trying Charger 6 (fid=77)",1071.5128628812984,6,,
Car 813,,,,90,,arrived,,arrived,1071.5457491799161,,,
Car 796,,,,,5,switch,,"Charger 5 (fid=19) not available, trying Charger 0 (fid=22)",1071.5830965860357,0,,
Car 814,,,,65,,arrived,,arrived,1071.5996639660023,,,
Car 780,,,,,2,switch,,"Charger 2 (fid=36) not available, trying Charger 4 (fid=86)",1071.6032387131684,4,,
Car 735,,,,,1,switch,,"Charger 1 (fid=82) not available, trying Charger 4 (fid=86)",1071.6226029590193,4,,
Car 736,,,,,1,switch,,"Charger 1 (fid=82) not available, trying Charger 4 (fid=86)",1071.6328227772142,4,,
Car 772,,,,,2,switch,,"Charger 2 (fid=36) not available, trying Charger 5 (fid=19)",1071.7119189396576,5,,
Car 746,,,,,3,switch,,"Charger 3 (fid=53) not available, trying Charger 1 (fid=82)",1071.8907269824665,1,,
Car 743,,,,,7,switch,,"Charger 7 (fid=52) not available, trying Charger 1 (fid=82)",1071.9654135897335,1,,
Car 775,,,,,6,switch,,"Charger 6 (fid=77) not available, trying Charger 7 (fid=52)",1071.9911386858055,7,,
Car 807,,,,,6,switch,,"Charger 6 (fid=77) not available, trying Charger 2 (fid=36)",1072.0096181535303,2,,
Car 791,,,,,2,switch,,"Charger 2 (fid=36) not available, trying Charger 5 (fid=19)",1072.1325518638594,5,,
Car 815,,,,40,,arrived,,arrived,1072.2655585165303,,,
Car 787,,,,,2,switch,,"Charger 2 (fid=36) not available, trying Charger 6 (fid=77)",1072.3394408184047,6,,
Car 782,,,,,7,switch,,"Charger 7 (fid=52) not available, trying Charger 1 (fid=82)",1072.3437353462516,1,,
Car 731,,,,,4,switch,,"Charger 4 (fid=86) not available, trying Charger 1 (fid=82)",1072.4738726684996,1,,
Car 762,,,,,7,switch,,"Charger 7 (fid=52) not available, trying Charger 3 (fid=53)",1072.4931650058616,3,,
Car 808,,,,,0,switch,,"Charger 0 (fid=22) not available, trying Charger 5 (fid=19)",1072.6874095137553,5,,
Car 727,,,,,,gave_up,4,"no alternate charger available, gave up",1072.7109754898308,,,
Car 755,,,,,3,switch,,"Charger 3 (fid=53) not available, trying Charger 7 (fid=52)",1072.7576295103406,7,,
Car 740,,,,,1,switch,,"Charger 1 (fid=82) not available, trying Charger 4 (fid=86)",1072.822590991274,4,,
Car 771,,,,,6,switch,,"Charger 6 (fid=77) not available, trying Charger 7 (fid=52)",1072.8500852698633,7,,
Car 785,,,,,0,switch,,"Charger 0 (fid=22) not available, trying Charger 5 (fid=19)",1072.885658939393,5,,
Car 745,,,,,7,switch,,"Charger 7 (fid=52) not available, trying Charger 1 (fid=82)",1072.9495731636475,1,,
Car 816,,,,44,,arrived,,arrived,1072.9699311043116,,,
Car 773,,,,,6,switch,,"Charger 6 (fid=77) not available, trying Charger 7 (fid=52)",1072.9900753627223,7,,
Car 734,,,,,1,switch,,"Charger 1 (fid=82) not available, trying Charger 4 (fid=86)",1073.0524582007097,4,,
Car 751,,,,,3,switch,,"Charger 3 (fid=53) not available, trying Charger 1 (fid=82)",1073.153553519875,1,,
Car 730,,,,,1,switch,,"Charger 1 (fid=82) not available, trying Charger 4 (fid=86)",1073.4463792935558,4,,
Car 798,,,,,5,switch,,"Charger 5 (fid=19) not available, trying Charger 0 (fid=22)",1073.5016802553087,0,,
Car 809,,,,,6,switch,,"Charger 6 (fid=77) not available, trying Charger 2 (fid=36)",1073.5401611382306,2,,
Car 810,,,,,5,switch,,"Charger 5 (fid=19) not available, trying Charger 2 (fid=36)",1073.5849297115947,2,,
Car 750,,,,,3,switch,,"Charger 3 (fid=53) not available, trying Charger 1 (fid=82)",1073.7268967791229,1,,
Car 774,,,,,6,switch,,"Charger 6 (fid=77) not available, trying Charger 7 (fid=52)",1073.7409680100438,7,,
Car 776,,,,,4,switch,,"Charger 4 (fid=86) not available, trying Charger 1 (fid=82)",1074.1112011512064,1,,
Car 765,,,,,7,switch,,"Charger 7 (fid=52) not available, trying Charger 3 (fid=53)",1074.16991202518,3,,
Car 749,,,,,3,switch,,"Charger 3 (fid=53) not available, trying Charger 1 (fid=82)",1074.2150145954809,1,,
Car 752,,,,,3,switch,,"Charger 3 (fid=53) not available, trying Charger 1 (fid=82)",1074.2277894994477,1,,
Car 754,,,,,3,switch,,"Charger 3 (fid=53) not available, trying Charger 1 (fid=82)",1074.4157135121322,1,,
Car 770,,,,,0,switch,,"Charger 0 (fid=22) not available, trying Charger 6 (fid=77)",1074.5040954663743,6,,
Car 811,,,,,6,switch,,"Charger 6 (fid=77) not available, trying Charger 2 (fid=36)",1074.7603056108078,2,,
Car 797,,,,,2,switch,,"Charger 2 (fid=36) not available, trying Charger 5 (fid=19)",1074.764339167038,5,,
Car 760,,,,,5,switch,,"Charger 5 (fid=19) not available, trying Charger 0 (fid=22)",1074.8411093388863,0,,
Car 778,,,,,6,switch,,"Charger 6 (fid=77) not available, trying Charger 7 (fid=52)",1074.8898135550667,7,,
Car 812,,,,,0,switch,,"Charger 0 (fid=22) not available, trying Charger 5 (fid=19)",1074.9079931832412,5,,
Car 802,,,,,5,switch,,"Charger 5 (fid=19) not available, trying Charger 0 (fid=22)",1074.9178628137802,0,,
Car 817,,,,61,,arrived,,arrived,1075.1540494919418,,,
Car 756,,,,,2,switch,,"Charger 2 (fid=36) not available, trying Charger 5 (fid=19)",1075.1620532871864,5,,
Car 769,,,,,5,switch,,"Charger 5 (fid=19) not available, trying Charger 0 (fid=22)",1075.165024036782,0,,
Car 768,,,,,7,switch,,"Charger 7 (fid=52) not available, trying Charger 3 (fid=53)",1075.2396739666813,3,,
Car 818,,,,31,,arrived,,arrived,1075.283514807063,,,
Car 758,,,,,2,switch,,"Charger 2 (fid=36) not available, trying Charger 5 (fid=19)",1075.298497126679,5,,
Car 670,113.0,53,3,,,done,,done charging,1075.410729111457,,,172.42968487181525
Car 801,,53,3,,,start_charge,,starting to charge at Charger 3 (fid=53),1075.410729111457,,9.701545835288925,
Car 800,,,,,5,switch,,"Charger 5 (fid=19) not available, trying Charger 2 (fid=36)",1075.4338275237017,2,,
Car 733,,,,,1,switch,,"Charger 1 (fid=82) not available, trying Charger 4 (fid=86)",1075.456233439277,4,,
Car 789,,,,,0,switch,,"Charger 0 (fid=22) not available, trying Charger 6 (fid=77)",1075.6065485863587,6,,
Car 803,,,,,5,switch,,"Charger 5 (fid=19) not available, trying Charger 2 (fid=36)",1075.6977292416657,2,,
Car 728,,,,,,gave_up,4,"no alternate charger available, gave up",1075.8073913614464,,,
Car 759,,,,,2,switch,,"Charger 2 (fid=36) not available, trying Charger 5 (fid=19)",1075.887109323454,5,,
Car 747,,,,,5,switch,,"Charger 5 (fid=19) not available, trying Charger 0 (fid=22)",1075.9387862679562,0,,
Car 804,,,,,5,switch,,"Charger 5 (fid=19) not available, trying Charger 2 (fid=36)",1075.9760204838735,2,,
Car 805,,,,,5,switch,,"Charger 5 (fid=19) not available, trying Charger 0 (fid=22)",1076.0425304386656,0,,
Car 819,,,,57,,arrived,,arrived,1076.0510076069716,,,
Car 820,,,,1,,arrived,,arrived,1076.067653306769,,,
Car 744,,,,,2,switch,,"Charger 2 (fid=36) not available, trying Charger 5 (fid=19)",1076.0946226950223,5,,
Car 729,,,,,,gave_up,4,"no alternate charger available, gave up",1076.107441693642,,,
Car 790,,,,,7,switch,,"Charger 7 (fid=52) not available, trying Charger 2 (fid=36)",1076.3047781738871,2,,
Car 739,,,,,1,switch,,"Charger 1 (fid=82) not available, trying Charger 4 (fid=86)",1076.3604087324718,4,,
Car 813,,,,,4,switch,,"Charger 4 (fid=86) not available, trying Charger 1 (fid=82)",1076.5457491799161,1,,
Car 814,,,,,0,switch,,"Charger 0 (fid=22) not available, trying Charger 6 (fid=77)",1076.5996639660023,6,,
Car 779,,,,,6,switch,,"Charger 6 (fid=77) not available, trying Charger 7 (fid=52)",1076.6347571402018,7,,
Car 738,,,,,0,switch,,"Charger 0 (fid=22) not available, trying Charger 1 (fid=82)",1076.8108904727553,1,,
Car 792,,,,,0,switch,,"Charger 0 (fid=22) not available, trying Charger 6 (fid=77)",1076.8500914445358,6,,
Car 735,,,,,,gave_up,4,"no alternate charger available, gave up",1076.9050546673334,,,
Car 736,,,,,,gave_up,4,"no alternate charger available, gave up",1076.9152744855282,,,
Car 757,,,,,3,switch,,"Charger 3 (fid=53) not available, trying Charger 1 (fid=82)",1076.949971719055,1,,
Car 742,,,,,1,switch,,"Charger 1 (fid=82) not available, trying Charger 4 (fid=86)",1076.9508786602491,4,,
Car 767,,,,,3,switch,,"Charger 3 (fid=53) not available, trying Charger 0 (fid=22)",1077.1404811519344,0,,
Car 788,,,,,7,switch,,"Charger 7 (fid=52) not available, trying Charger 1 (fid=82)",1077.1530532850845,1,,
Car 784,,,,,6,switch,,"Charger 6 (fid=77) not available, trying Charger 7 (fid=52)",1077.2334301942071,7,,
Car 815,,,,,6,switch,,"Charger 6 (fid=77) not available, trying Charger 3 (fid=53)",1077.2655585165303,3,,
Car 763,,,,,0,switch,,"Charger 0 (fid=22) not available, trying Charger 1 (fid=82)",1077.3434899214035,1,,
Car 806,,,,,5,switch,,"Charger 5 (fid=19) not available, trying Charger 2 (fid=36)",1077.3872096011287,2,,
Car 772,,,,,5,switch,,"Charger 5 (fid=19) not available, trying Charger 0 (fid=22)",1077.4647757727898,0,,
Car 764,,,,,0,switch,,"Charger 0 (fid=22) not available, trying Charger 1 (fid=82)",1077.50796436914,1,,
Car 793,,,,,0,switch,,"Charger 0 (fid=22) not available, trying Charger 6 (fid=77)",1077.57365686513,6,,
Car 741,,,,,,gave_up,0,"no alternate charger available, gave up",1077.6098517154398,,,
Car 781,,,,,6,switch,,"Charger 6 (fid=77) not available, trying Charger 7 (fid=52)",1077.64088663026,7,,
Car 731,,,,,,gave_up,1,"no alternate charger available, gave up",1077.7563243768136,,,
Car 791,,,,,5,switch,,"Charger 5 (fid=19) not available, trying Charger 0 (fid=22)",1077.8854086969916,0,,
Car 816,,,,,0,switch,,"Charger 0 (fid=22) not available, trying Charger 5 (fid=19)",1077.9699311043116,5,,
Car 796,,,,,0,switch,,"Charger 0 (fid=22) not available, trying Charger 6 (fid=77)",1078.0438237389758,6,,
Car 795,,,,,6,switch,,"Charger 6 (fid=77) not available, trying Charger 4 (fid=86)",1078.0858867517634,4,,
Car 740,,,,,,gave_up,4,"no alternate charger available, gave up",1078.105042699588,,,
Car 786,,,,,6,switch,,"Charger 6 (fid=77) not available, trying Charger 7 (fid=52)",1078.192132211837,7,,
Car 821,,,,1,,arrived,,arrived,1078.2405476012698,,,
Car 734,,,,,,gave_up,4,"no alternate charger available, gave up",1078.3349099090237,,,
Car 794,,,,,0,switch,,"Charger 0 (fid=22) not available, trying Charger 6 (fid=77)",1078.3745904565233,6,,
Car 762,,,,,3,switch,,"Charger 3 (fid=53) not available, trying Charger 1 (fid=82)",1078.5131016248934,1,,
Car 732,,,,,1,switch,,"Charger 1 (fid=82) not available, trying Charger 4 (fid=86)",1078.5248133393216,4,,
Car 775,,,,,7,switch,,"Charger 7 (fid=52) not available, trying Charger 3 (fid=53)",1078.55687630203,3,,
Car 725,,,,,1,switch,,"Charger 1 (fid=82) not available, trying Charger 4 (fid=86)",1078.6232622263328,4,,
Car 766,,,,,2,switch,,"Charger 2 (fid=36) not available, trying Charger 5 (fid=19)",1078.6970065328057,5,,
Car 730,,,,,,gave_up,4,"no alternate charger available, gave up",1078.7288310018698,,,
Car 822,,,,74,,arrived,,arrived,1078.733600598685,,,
Car 761,,,,,7,switch,,"Charger 7 (fid=52) not available, trying Charger 0 (fid=22)",1078.7665813865844,0,,
Car 755,,,,,7,switch,,"Charger 7 (fid=52) not available, trying Charger 1 (fid=82)",1078.7775661293724,1,,
Car 808,,,,,5,switch,,"Charger 5 (fid=19) not available, trying Charger 2 (fid=36)",1079.1481366666953,2,,
Car 642,112.0,82,1,,,done,,done charging,1079.3095543985269,,,624.9230540554638
Car 776,,82,1,,,start_charge,,starting to charge at Charger 1 (fid=82),1079.3095543985269,,24.915901539006427,
Car 810,,,,,2,switch,,"Charger 2 (fid=36) not available, trying Charger 0 (fid=22)",1079.337786544727,0,,
Car 785,,,,,5,switch,,"Charger 5 (fid=19) not available, trying Charger 3 (fid=53)",1079.346386092333,3,,
Car 783,,,,,6,switch,,"Charger 6 (fid=77) not available, trying Charger 7 (fid=52)",1079.4038515839577,7,,
Car 771,,,,,7,switch,,"Charger 7 (fid=52) not available, trying Charger 3 (fid=53)",1079.4158228860879,3,,
Car 773,,,,,7,switch,,"Charger 7 (fid=52) not available, trying Charger 3 (fid=53)",1079.555812978947,3,,
Car 807,,,,,2,switch,,"Charger 2 (fid=36) not available, trying Charger 7 (fid=52)",1079.5649225140914,7,,
Car 743,,,,,1,switch,,"Charger 1 (fid=82) not available, trying Charger 4 (fid=86)",1079.6233312782008,4,,
Car 787,,,,,6,switch,,"Charger 6 (fid=77) not available, trying Charger 7 (fid=52)",1079.8947451789659,7,,
Car 798,,,,,0,switch,,"Charger 0 (fid=22) not available, trying Charger 6 (fid=77)",1079.9624074082487,6,,
Car 782,,,,,1,switch,,"Charger 1 (fid=82) not available, trying Charger 6 (fid=77)",1080.0016530347189,6,,
Car 817,,,,,6,switch,,"Charger 6 (fid=77) not available, trying Charger 3 (fid=53)",1080.1540494919418,3,,
Car 823,,,,87,,arrived,,arrived,1080.1866068693494,,,
Car 765,,,,,3,switch,,"Charger 3 (fid=53) not available, trying Charger 1 (fid=82)",1080.189848644212,1,,
Car 746,,,,,1,switch,,"Charger 1 (fid=82) not available, trying Charger 4 (fid=86)",1080.2349411898078,4,,
Car 818,,,,,2,switch,,"Charger 2 (fid=36) not available, trying Charger 5 (fid=19)",1080.283514807063,5,,
Car 774,,,,,7,switch,,"Charger 7 (fid=52) not available, trying Charger 3 (fid=53)",1080.3067056262685,3,,
Car 737,,,,,1,switch,,"Charger 1 (fid=82) not available, trying Charger 4 (fid=86)",1080.324881627087,4,,
Car 797,,,,,5,switch,,"Charger 5 (fid=19) not available, trying Charger 0 (fid=22)",1080.5171960001703,0,,
Car 745,,,,,1,switch,,"Charger 1 (fid=82) not available, trying Charger 4 (fid=86)",1080.6074908521148,4,,
Car 733,,,,,,gave_up,4,"no alternate charger available, gave up",1080.738685147591,,,
Car 824,,,,38,,arrived,,arrived,1080.7581299358444,,,
Car 653,120.0,53,3,,,done,,done charging,1080.7715790001096,,,167.61793038037612
Car 768,,53,3,,,start_charge,,starting to charge at Charger 3 (fid=53),1080.7715790001096,,29.511968414396506,
Car 756,,,,,5,switch,,"Charger 5 (fid=19) not available, trying Charger 0 (fid=22)",1080.9149101203186,0,,
Car 819,,,,,5,switch,,"Charger 5 (fid=19) not available, trying Charger 2 (fid=36)",1081.0510076069716,2,,
Car 758,,,,,5,switch,,"Charger 5 (fid=19) not available, trying Charger 0 (fid=22)",1081.0513539598112,0,,
Car 820,,,,,7,switch,,"Charger 7 (fid=52) not available, trying Charger 6 (fid=77)",1081.067653306769,6,,
Car 809,,,,,2,switch,,"Charger 2 (fid=36) not available, trying Charger 3 (fid=53)",1081.0954654987918,3,,
Car 800,,,,,2,switch,,"Charger 2 (fid=36) not available, trying Charger 6 (fid=77)",1081.186684356834,6,,
Car 760,,,,,0,switch,,"Charger 0 (fid=22) not available, trying Charger 1 (fid=82)",1081.3018364918264,1,,
Car 780,,,,,4,switch,,"Charger 4 (fid=86) not available, trying Charger 5 (fid=19)",1081.3143689877359,5,,
Car 825,,,,49,,arrived,,arrived,1081.3185184999843,,,
Car 826,,,,15,,arrived,,arrived,1081.3192326535764,,,
Car 812,,,,,5,switch,,"Charger 5 (fid=19) not available, trying Charger 2 (fid=36)",1081.3687203361812,2,,
Car 802,,,,,0,switch,,"Charger 0 (fid=22) not available, trying Charger 6 (fid=77)",1081.3785899667203,6,,
Car 803,,,,,2,switch,,"Charger 2 (fid=36) not available, trying Charger 6 (fid=77)",1081.450586074798,6,,
Car 778,,,,,7,switch,,"Charger 7 (fid=52) not available, trying Charger 3 (fid=53)",1081.4555511712913,3,,
Car 827,,,,40,,arrived,,arrived,1081.47388066715,,,
Car 751,,,,,1,switch,,"Charger 1 (fid=82) not available, trying Charger 4 (fid=86)",1081.4977677272163,4,,
Car 828,,,,1,,arrived,,arrived,1081.5171838456372,,,
Car 769,,,,,0,switch,,"Charger 0 (fid=22) not available, trying Charger 4 (fid=86)",1081.625751189722,4,,
Car 759,,,,,5,switch,,"Charger 5 (fid=19) not available, trying Charger 0 (fid=22)",1081.6399661565863,0,,
Car 739,,,,,,gave_up,4,"no alternate charger available, gave up",1081.6428604407859,,,
Car 804,,,,,2,switch,,"Charger 2 (fid=36) not available, trying Charger 6 (fid=77)",1081.7288773170058,6,,
Car 813,,,,,1,switch,,"Charger 1 (fid=82) not available, trying Charger 7 (fid=52)",1081.8282008882302,7,,
Car 744,,,,,5,switch,,"Charger 5 (fid=19) not available, trying Charger 0 (fid=22)",1081.8474795281545,0,,
Car 750,,,,,1,switch,,"Charger 1 (fid=82) not available, trying Charger 4 (fid=86)",1082.0711109864642,4,,
Car 742,,,,,,gave_up,4,"no alternate charger available, gave up",1082.2333303685632,,,
Car 829,,,,73,,arrived,,arrived,1082.2972719290065,,,
Car 811,,,,,2,switch,,"Charger 2 (fid=36) not available, trying Charger 5 (fid=19)",1082.315609971369,5,,
Car 747,,,,,,gave_up,0,"no alternate charger available, gave up",1082.3995134208963,,,
Car 805,,,,,0,switch,,"Charger 0 (fid=22) not available, trying Charger 6 (fid=77)",1082.5032575916057,6,,
Car 830,,,,57,,arrived,,arrived,1082.5163428029693,,,
Car 749,,,,,1,switch,,"Charger 1 (fid=82) not available, trying Charger 4 (fid=86)",1082.5592288028222,4,,
Car 752,,,,,1,switch,,"Charger 1 (fid=82) not available, trying Charger 4 (fid=86)",1082.572003706789,4,,
Car 831,,,,77,,arrived,,arrived,1082.69779444297,,,
Car 754,,,,,1,switch,,"Charger 1 (fid=82) not available, trying Charger 4 (fid=86)",1082.7599277194736,4,,
Car 806,,,,,2,switch,,"Charger 2 (fid=36) not available, trying Charger 6 (fid=77)",1083.140066434261,6,,
Car 779,,,,,7,switch,,"Charger 7 (fid=52) not available, trying Charger 3 (fid=53)",1083.2004947564265,3,,
Car 821,,,,,7,switch,,"Charger 7 (fid=52) not available, trying Charger 6 (fid=77)",1083.2405476012698,6,,
Car 832,,,,8,,arrived,,arrived,1083.5508183577642,,,
Car 822,,,,,7,switch,,"Charger 7 (fid=52) not available, trying Charger 1 (fid=82)",1083.733600598685,1,,
Car 833,,,,73,,arrived,,arrived,1083.7443460575917,,,
Car 784,,,,,7,switch,,"Charger 7 (fid=52) not available, trying Charger 3 (fid=53)",1083.7991678104318,3,,
Car 732,,,,,,gave_up,4,"no alternate charger available, gave up",1083.8072650476356,,,
Car 815,,,,,3,switch,,"Charger 3 (fid=53) not available, trying Charger 7 (fid=52)",1083.8385823869953,7,,
Car 770,,,,,6,switch,,"Charger 6 (fid=77) not available, trying Charger 1 (fid=82)",1083.8422002778352,1,,
Car 725,,,,,,gave_up,4,"no alternate charger available, gave up",1083.9057139346469,,,
Car 772,,,,,0,switch,,"Charger 0 (fid=22) not available, trying Charger 4 (fid=86)",1083.92550292573,4,,
Car 834,,,,23,,arrived,,arrived,1083.9927058611618,,,
Car 781,,,,,7,switch,,"Charger 7 (fid=52) not available, trying Charger 3 (fid=53)",1084.2066242464846,3,,
Car 790,,,,,2,switch,,"Charger 2 (fid=36) not available, trying Charger 5 (fid=19)",1084.3331156709266,5,,
Car 791,,,,,0,switch,,"Charger 0 (fid=22) not available, trying Charger 7 (fid=52)",1084.3461358499317,7,,
Car 816,,,,,5,switch,,"Charger 5 (fid=19) not available, trying Charger 2 (fid=36)",1084.4306582572517,2,,
Car 766,,,,,5,switch,,"Charger 5 (fid=19) not available, trying Charger 0 (fid=22)",1084.449863365938,0,,
Car 775,,,,,3,switch,,"Charger 3 (fid=53) not available, trying Charger 1 (fid=82)",1084.576812921062,1,,
Car 835,,,,68,,arrived,,arrived,1084.5873723040138,,,
Car 786,,,,,7,switch,,"Charger 7 (fid=52) not available, trying Charger 3 (fid=53)",1084.7578698280615,3,,
Car 788,,,,,1,switch,,"Charger 1 (fid=82) not available, trying Charger 6 (fid=77)",1084.8109709735518,6,,
Car 808,,,,,2,switch,,"Charger 2 (fid=36) not available, trying Charger 6 (fid=77)",1084.9009934998276,6,,
Car 743,,,,,,gave_up,4,"no alternate charger available, gave up",1084.9057829865149,,,
Car 789,,,,,6,switch,,"Charger 6 (fid=77) not available, trying Charger 7 (fid=52)",1084.9446533978196,7,,
Car 823,,,,,4,switch,,"Charger 4 (fid=86) not available, trying Charger 1 (fid=82)",1085.1866068693494,1,,
Car 757,,,,,1,switch,,"Charger 1 (fid=82) not available, trying Charger 4 (fid=86)",1085.2941859263963,4,,
Car 663,109.0,52,7,,,done,,done charging,1085.4238180367693,,,252.2605135033848
Car 783,,52,7,,,start_charge,,starting to charge at Charger 7 (fid=52),1085.4238180367693,,24.454228836586935,
Car 771,,,,,3,switch,,"Charger 3 (fid=53) not available, trying Charger 1 (fid=82)",1085.4357595051197,1,,
Car 746,,,,,,gave_up,4,"no alternate charger available, gave up",1085.517392898122,,,
Car 773,,,,,3,switch,,"Charger 3 (fid=53) not available, trying Charger 1 (fid=82)",1085.5757495979788,1,,
Car 737,,,,,,gave_up,4,"no alternate charger available, gave up",1085.607333335401,,,
Car 824,,,,,0,switch,,"Charger 0 (fid=22) not available, trying Charger 5 (fid=19)",1085.7581299358444,5,,
Car 745,,,,,,gave_up,4,"no alternate charger available, gave up",1085.8899425604288,,,
Car 814,,,,,6,switch,,"Charger 6 (fid=77) not available, trying Charger 5 (fid=19)",1085.9377687774631,5,,
Car 818,,,,,5,switch,,"Charger 5 (fid=19) not available, trying Charger 0 (fid=22)",1086.0363716401953,0,,
Car 792,,,,,6,switch,,"Charger 6 (fid=77) not available, trying Charger 7 (fid=52)",1086.1881962559967,7,,
Car 825,,,,,0,switch,,"Charger 0 (fid=22) not available, trying Charger 5 (fid=19)",1086.3185184999843,5,,
Car 826,,,,,2,switch,,"Charger 2 (fid=36) not available, trying Charger 5 (fid=19)",1086.3192326535764,5,,
Car 774,,,,,3,switch,,"Charger 3 (fid=53) not available, trying Charger 1 (fid=82)",1086.3266422453003,1,,
Car 755,,,,,1,switch,,"Charger 1 (fid=82) not available, trying Charger 4 (fid=86)",1086.4354838178397,4,,
Car 787,,,,,7,switch,,"Charger 7 (fid=52) not available, trying Charger 3 (fid=53)",1086.4604827951905,3,,
Car 827,,,,,6,switch,,"Charger 6 (fid=77) not available, trying Charger 3 (fid=53)",1086.47388066715,3,,
Car 810,,,,,0,switch,,"Charger 0 (fid=22) not available, trying Charger 6 (fid=77)",1086.480774918917,6,,
Car 836,,,,14,,arrived,,arrived,1086.4808337164,,,
Car 828,,,,,7,switch,,"Charger 7 (fid=52) not available, trying Charger 6 (fid=77)",1086.5171838456372,6,,
Car 817,,,,,3,switch,,"Charger 3 (fid=53) not available, trying Charger 7 (fid=52)",1086.7270733624068,7,,
Car 751,,,,,,gave_up,4,"no alternate charger available, gave up",1086.7802194355304,,,
Car 819,,,,,2,switch,,"Charger 2 (fid=36) not available, trying Charger 0 (fid=22)",1086.8038644401038,0,,
Car 762,,,,,1,switch,,"Charger 1 (fid=82) not available, trying Charger 4 (fid=86)",1086.8573158322347,4,,
Car 793,,,,,6,switch,,"Charger 6 (fid=77) not available, trying Charger 7 (fid=52)",1086.911761676591,7,,
Car 797,,,,,0,switch,,"Charger 0 (fid=22) not available, trying Charger 7 (fid=52)",1086.9779231531104,7,,
Car 812,,,,,2,switch,,"Charger 2 (fid=36) not available, trying Charger 6 (fid=77)",1087.1215771693135,6,,
Car 720,62.0,19,5,,,done,,done charging,1087.2168823232757,,,230.61599235307727
Car 830,,19,5,,,start_charge,,starting to charge at Charger 5 (fid=19),1087.2168823232757,,4.700539520306393,
Car 795,,,,,4,switch,,"Charger 4 (fid=86) not available, trying Charger 1 (fid=82)",1087.2667505721756,1,,
Car 829,,,,,6,switch,,"Charger 6 (fid=77) not available, trying Charger 2 (fid=36)",1087.2972719290065,2,,
Car 750,,,,,,gave_up,4,"no alternate charger available, gave up",1087.3535626947782,,,
Car 756,,,,,,gave_up,0,"no alternate charger available, gave up",1087.3756372732587,,,
Car 796,,,,,6,switch,,"Charger 6 (fid=77) not available, trying Charger 7 (fid=52)",1087.3819285504367,7,,
Car 778,,,,,3,switch,,"Charger 3 (fid=53) not available, trying Charger 1 (fid=82)",1087.475487790323,1,,
Car 758,,,,,,gave_up,0,"no alternate charger available, gave up",1087.5120811127513,,,
Car 807,,,,,7,switch,,"Charger 7 (fid=52) not available, trying Charger 3 (fid=53)",1087.593260011131,3,,
Car 820,,,,,6,switch,,"Charger 6 (fid=77) not available, trying Charger 3 (fid=53)",1087.6333909229936,3,,
Car 831,,,,,6,switch,,"Charger 6 (fid=77) not available, trying Charger 7 (fid=52)",1087.69779444297,7,,
Car 794,,,,,6,switch,,"Charger 6 (fid=77) not available, trying Charger 7 (fid=52)",1087.7126952679841,7,,
Car 837,,,,28,,arrived,,arrived,1087.7893714056197,,,
Car 749,,,,,,gave_up,4,"no alternate charger available, gave up",1087.8416805111362,,,
Car 752,,,,,,gave_up,4,"no alternate charger available, gave up",1087.854455415103,,,
Car 767,,,,,0,switch,,"Charger 0 (fid=22) not available, trying Charger 1 (fid=82)",1087.893378895017,1,,
Car 754,,,,,,gave_up,4,"no alternate charger available, gave up",1088.0423794277876,,,
Car 811,,,,,5,switch,,"Charger 5 (fid=19) not available, trying Charger 0 (fid=22)",1088.0684668045012,0,,
Car 759,,,,,,gave_up,0,"no alternate charger available, gave up",1088.1006933095264,,,
Car 838,,,,45,,arrived,,arrived,1088.2936328449148,,,
Car 744,,,,,,gave_up,0,"no alternate charger available, gave up",1088.3082066810946,,,
Car 738,,,,,1,switch,,"Charger 1 (fid=82) not available, trying Charger 4 (fid=86)",1088.4276197572995,4,,
Car 765,,,,,1,switch,,"Charger 1 (fid=82) not available, trying Charger 4 (fid=86)",1088.5340628515532,4,,
Car 832,,,,,6,switch,,"Charger 6 (fid=77) not available, trying Charger 2 (fid=36)",1088.5508183577642,2,,
Car 800,,,,,6,switch,,"Charger 6 (fid=77) not available, trying Charger 7 (fid=52)",1088.741988717395,7,,
Car 833,,,,,6,switch,,"Charger 6 (fid=77) not available, trying Charger 2 (fid=36)",1088.7443460575917,2,,
Car 785,,,,,3,switch,,"Charger 3 (fid=53) not available, trying Charger 7 (fid=52)",1088.8499006102802,7,,
Car 839,,,,4,,arrived,,arrived,1088.8900731860015,,,
Car 761,,,,,0,switch,,"Charger 0 (fid=22) not available, trying Charger 1 (fid=82)",1088.8992921967304,1,,
Car 763,,,,,1,switch,,"Charger 1 (fid=82) not available, trying Charger 4 (fid=86)",1088.9602192059476,4,,
Car 834,,,,,0,switch,,"Charger 0 (fid=22) not available, trying Charger 5 (fid=19)",1088.9927058611618,5,,
Car 803,,,,,6,switch,,"Charger 6 (fid=77) not available, trying Charger 7 (fid=52)",1089.005890435359,7,,
Car 840,,,,2,,arrived,,arrived,1089.0729726940779,,,
Car 764,,,,,1,switch,,"Charger 1 (fid=82) not available, trying Charger 4 (fid=86)",1089.124693653684,4,,
Car 782,,,,,6,switch,,"Charger 6 (fid=77) not available, trying Charger 2 (fid=36)",1089.1868310517166,2,,
Car 779,,,,,3,switch,,"Charger 3 (fid=53) not available, trying Charger 1 (fid=82)",1089.2204313754582,1,,
Car 804,,,,,6,switch,,"Charger 6 (fid=77) not available, trying Charger 7 (fid=52)",1089.284181677567,7,,
Car 798,,,,,6,switch,,"Charger 6 (fid=77) not available, trying Charger 7 (fid=52)",1089.3005122197096,7,,
Car 813,,,,,7,switch,,"Charger 7 (fid=52) not available, trying Charger 3 (fid=53)",1089.4861185766974,3,,
Car 835,,,,,5,switch,,"Charger 5 (fid=19) not available, trying Charger 2 (fid=36)",1089.5873723040138,2,,
Car 821,,,,,6,switch,,"Charger 6 (fid=77) not available, trying Charger 3 (fid=53)",1089.8062852174944,3,,
Car 784,,,,,3,switch,,"Charger 3 (fid=53) not available, trying Charger 1 (fid=82)",1089.8191044294636,1,,
Car 809,,,,,3,switch,,"Charger 3 (fid=53) not available, trying Charger 5 (fid=19)",1089.8496511906537,5,,
Car 815,,,,,7,switch,,"Charger 7 (fid=52) not available, trying Charger 2 (fid=36)",1089.858519006027,2,,
Car 790,,,,,5,switch,,"Charger 5 (fid=19) not available, trying Charger 4 (fid=86)",1090.0859725040589,4,,
Car 841,,,,8,,arrived,,arrived,1090.1306403023652,,,
Car 816,,,,,2,switch,,"Charger 2 (fid=36) not available, trying Charger 6 (fid=77)",1090.183515090384,6,,
Car 781,,,,,3,switch,,"Charger 3 (fid=53) not available, trying Charger 1 (fid=82)",1090.2265608655164,1,,
Car 823,,,,,1,switch,,"Charger 1 (fid=82) not available, trying Charger 7 (fid=52)",1090.4690585776634,7,,
Car 757,,,,,,gave_up,4,"no alternate charger available, gave up",1090.5766376347103,,,
Car 842,,,,63,,arrived,,arrived,1090.6161321620982,,,
Car 806,,,,,6,switch,,"Charger 6 (fid=77) not available, trying Charger 7 (fid=52)",1090.695370794822,7,,
Car 802,,,,,6,switch,,"Charger 6 (fid=77) not available, trying Charger 7 (fid=52)",1090.7166947781811,7,,
Car 786,,,,,3,switch,,"Charger 3 (fid=53) not available, trying Charger 1 (fid=82)",1090.7778064470933,1,,
Car 766,,,,,,gave_up,0,"no alternate charger available, gave up",1090.910590518878,,,
Car 822,,,,,1,switch,,"Charger 1 (fid=82) not available, trying Charger 4 (fid=86)",1091.3915182871522,4,,
Car 836,,,,,2,switch,,"Charger 2 (fid=36) not available, trying Charger 5 (fid=19)",1091.4808337164,5,,
Car 789,,,,,7,switch,,"Charger 7 (fid=52) not available, trying Charger 3 (fid=53)",1091.5103910140442,3,,
Car 780,,,,,5,switch,,"Charger 5 (fid=19) not available, trying Charger 6 (fid=77)",1091.6449652796111,6,,
Car 755,,,,,,gave_up,4,"no alternate charger available, gave up",1091.7179355261537,,,
Car 805,,,,,6,switch,,"Charger 6 (fid=77) not available, trying Charger 7 (fid=52)",1091.8413624030666,7,,
Car 826,,,,,5,switch,,"Charger 5 (fid=19) not available, trying Charger 0 (fid=22)",1092.0720894867086,0,,
Car 762,,,,,,gave_up,4,"no alternate charger available, gave up",1092.1397675405487,,,
Car 824,,,,,5,switch,,"Charger 5 (fid=19) not available, trying Charger 2 (fid=36)",1092.2188570887845,2,,
Car 808,,,,,6,switch,,"Charger 6 (fid=77) not available, trying Charger 7 (fid=52)",1092.4562978603888,7,,
Car 787,,,,,3,switch,,"Charger 3 (fid=53) not available, trying Charger 1 (fid=82)",1092.4804194142223,1,,
Car 818,,,,,0,switch,,"Charger 0 (fid=22) not available, trying Charger 6 (fid=77)",1092.4970987931354,6,,
Car 795,,,,,1,switch,,"Charger 1 (fid=82) not available, trying Charger 2 (fid=36)",1092.5492022804897,2,,
Car 817,,,,,7,switch,,"Charger 7 (fid=52) not available, trying Charger 2 (fid=36)",1092.7470099814386,2,,
Car 792,,,,,7,switch,,"Charger 7 (fid=52) not available, trying Charger 3 (fid=53)",1092.7539338722213,3,,
Car 825,,,,,5,switch,,"Charger 5 (fid=19) not available, trying Charger 2 (fid=36)",1092.7792456529244,2,,
Car 837,,,,,2,switch,,"Charger 2 (fid=36) not available, trying Charger 5 (fid=19)",1092.7893714056197,5,,
Car 843,,,,19,,arrived,,arrived,1092.807476178698,,,
Car 760,,,,,1,switch,,"Charger 1 (fid=82) not available, trying Charger 4 (fid=86)",1092.9185657763705,4,,
Car 775,,,,,1,switch,,"Charger 1 (fid=82) not available, trying Charger 4 (fid=86)",1092.9210271284032,4,,
Car 844,,,,22,,arrived,,arrived,1092.991457037166,,,
Car 770,,,,,1,switch,,"Charger 1 (fid=82) not available, trying Charger 3 (fid=53)",1093.027378294833,3,,
Car 827,,,,,3,switch,,"Charger 3 (fid=53) not available, trying Charger 7 (fid=52)",1093.046904537615,7,,
Car 828,,,,,6,switch,,"Charger 6 (fid=77) not available, trying Charger 3 (fid=53)",1093.0829214618618,3,,
Car 845,,,,58,,arrived,,arrived,1093.2044155398858,,,
Car 838,,,,,6,switch,,"Charger 6 (fid=77) not available, trying Charger 2 (fid=36)",1093.2936328449148,2,,
Car 769,,,,,4,switch,,"Charger 4 (fid=86) not available, trying Charger 1 (fid=82)",1093.4166297865252,1,,
Car 793,,,,,7,switch,,"Charger 7 (fid=52) not available, trying Charger 3 (fid=53)",1093.4774992928155,3,,
Car 846,,,,17,,arrived,,arrived,1093.546534603328,,,
Car 807,,,,,3,switch,,"Charger 3 (fid=53) not available, trying Charger 5 (fid=19)",1093.6131966301627,5,,
Car 738,,,,,,gave_up,4,"no alternate charger available, gave up",1093.7100714656135,,,
Car 771,,,,,1,switch,,"Charger 1 (fid=82) not available, trying Charger 4 (fid=86)",1093.779973712461,4,,
Car 765,,,,,,gave_up,4,"no alternate charger available, gave up",1093.8165145598673,,,
Car 839,,,,,6,switch,,"Charger 6 (fid=77) not available, trying Charger 7 (fid=52)",1093.8900731860015,7,,
Car 773,,,,,1,switch,,"Charger 1 (fid=82) not available, trying Charger 4 (fid=86)",1093.91996380532,4,,
Car 819,,,,,0,switch,,"Charger 0 (fid=22) not available, trying Charger 6 (fid=77)",1093.9468528142938,6,,
Car 796,,,,,7,switch,,"Charger 7 (fid=52) not available, trying Charger 3 (fid=53)",1093.9476661666613,3,,
Car 788,,,,,6,switch,,"Charger 6 (fid=77) not available, trying Charger 2 (fid=36)",1093.9961489905495,2,,
Car 840,,,,,4,switch,,"Charger 4 (fid=86) not available, trying Charger 1 (fid=82)",1094.0729726940779,1,,
Car 814,,,,,5,switch,,"Charger 5 (fid=19) not available, trying Charger 2 (fid=36)",1094.1909723473123,2,,
Car 820,,,,,3,switch,,"Charger 3 (fid=53) not available, trying Charger 2 (fid=36)",1094.2064147934586,2,,
Car 763,,,,,,gave_up,4,"no alternate charger available, gave up",1094.2426709142617,,,
Car 831,,,,,7,switch,,"Charger 7 (fid=52) not available, trying Charger 3 (fid=53)",1094.2635320591946,3,,
Car 794,,,,,7,switch,,"Charger 7 (fid=52) not available, trying Charger 3 (fid=53)",1094.2784328842088,3,,
Car 764,,,,,,gave_up,4,"no alternate charger available, gave up",1094.4071453619981,,,
Car 791,,,,,7,switch,,"Charger 7 (fid=52) not available, trying Charger 3 (fid=53)",1094.4788466600776,3,,
Car 811,,,,,0,switch,,"Charger 0 (fid=22) not available, trying Charger 7 (fid=52)",1094.5291939574413,7,,
Car 774,,,,,1,switch,,"Charger 1 (fid=82) not available, trying Charger 4 (fid=86)",1094.6708564526416,4,,
Car 812,,,,,6,switch,,"Charger 6 (fid=77) not available, trying Charger 7 (fid=52)",1094.6768815298747,7,,
Car 847,,,,60,,arrived,,arrived,1094.8076560851744,,,
Car 829,,,,,2,switch,,"Charger 2 (fid=36) not available, trying Charger 5 (fid=19)",1094.8525762895677,5,,
Car 785,,,,,7,switch,,"Charger 7 (fid=52) not available, trying Charger 1 (fid=82)",1094.869837229312,1,,
Car 841,,,,,6,switch,,"Charger 6 (fid=77) not available, trying Charger 2 (fid=36)",1095.1306403023652,2,,
Car 674,120.0,82,1,,,done,,done charging,1095.2732024970926,,,169.53451379583464
Car 778,,82,1,,,start_charge,,starting to charge at Charger 1 (fid=82),1095.2732024970926,,34.45350049942817,
Car 800,,,,,7,switch,,"Charger 7 (fid=52) not available, trying Charger 3 (fid=53)",1095.3077263336197,3,,
Car 835,,,,,2,switch,,"Charger 2 (fid=36) not available, trying Charger 0 (fid=22)",1095.340229137146,0,,
Car 834,,,,,5,switch,,"Charger 5 (fid=19) not available, trying Charger 2 (fid=36)",1095.4534330141018,2,,
Car 813,,,,,3,switch,,"Charger 3 (fid=53) not available, trying Charger 6 (fid=77)",1095.5060551957292,6,,
Car 848,,,,31,,arrived,,arrived,1095.5494979638356,,,
Car 803,,,,,7,switch,,"Charger 7 (fid=52) not available, trying Charger 3 (fid=53)",1095.5716280515837,3,,
Car 849,,,,35,,arrived,,arrived,1095.6063953090481,,,
Car 842,,,,,0,switch,,"Charger 0 (fid=22) not available, trying Charger 6 (fid=77)",1095.6161321620982,6,,
Car 772,,,,,4,switch,,"Charger 4 (fid=86) not available, trying Charger 1 (fid=82)",1095.716381522533,1,,
Car 810,,,,,6,switch,,"Charger 6 (fid=77) not available, trying Charger 7 (fid=52)",1095.8188797303778,7,,
Car 850,,,,4,,arrived,,arrived,1095.824454069304,,,
Car 804,,,,,7,switch,,"Charger 7 (fid=52) not available, trying Charger 3 (fid=53)",1095.8499192937916,3,,
Car 798,,,,,7,switch,,"Charger 7 (fid=52) not available, trying Charger 3 (fid=53)",1095.8662498359342,3,,
Car 832,,,,,2,switch,,"Charger 2 (fid=36) not available, trying Charger 0 (fid=22)",1096.1061227183254,0,,
Car 833,,,,,2,switch,,"Charger 2 (fid=36) not available, trying Charger 5 (fid=19)",1096.2996504181529,5,,
Car 821,,,,,3,switch,,"Charger 3 (fid=53) not available, trying Charger 2 (fid=36)",1096.3793090879594,2,,
Car 709,49.0,86,4,,,done,,done charging,1096.4111054514533,,,658.4346210247234
Car 822,,86,4,,,start_charge,,starting to charge at Charger 4 (fid=86),1096.4111054514533,,14.737135455987072,
Car 782,,,,,2,switch,,"Charger 2 (fid=36) not available, trying Charger 5 (fid=19)",1096.7421354122778,5,,
Car 797,,,,,7,switch,,"Charger 7 (fid=52) not available, trying Charger 3 (fid=53)",1097.1106339632563,3,,
Car 836,,,,,5,switch,,"Charger 5 (fid=19) not available, trying Charger 0 (fid=22)",1097.2336905495322,0,,
Car 806,,,,,7,switch,,"Charger 7 (fid=52) not available, trying Charger 3 (fid=53)",1097.2611084110467,3,,
Car 802,,,,,7,switch,,"Charger 7 (fid=52) not available, trying Charger 3 (fid=53)",1097.2824323944058,3,,
Car 789,,,,,3,switch,,"Charger 3 (fid=53) not available, trying Charger 1 (fid=82)",1097.530327633076,1,,
Car 779,,,,,1,switch,,"Charger 1 (fid=82) not available, trying Charger 4 (fid=86)",1097.5646455827996,4,,
Car 816,,,,,6,switch,,"Charger 6 (fid=77) not available, trying Charger 7 (fid=52)",1097.7388194509451,7,,
Car 843,,,,,5,switch,,"Charger 5 (fid=19) not available, trying Charger 2 (fid=36)",1097.807476178698,2,,
Car 815,,,,,2,switch,,"Charger 2 (fid=36) not available, trying Charger 5 (fid=19)",1097.8868565030666,5,,
Car 824,,,,,2,switch,,"Charger 2 (fid=36) not available, trying Charger 6 (fid=77)",1097.9717139219167,6,,
Car 844,,,,,5,switch,,"Charger 5 (fid=19) not available, trying Charger 2 (fid=36)",1097.991457037166,2,,
Car 823,,,,,7,switch,,"Charger 7 (fid=52) not available, trying Charger 3 (fid=53)",1098.1269762661307,3,,
Car 784,,,,,1,switch,,"Charger 1 (fid=82) not available, trying Charger 4 (fid=86)",1098.163318636805,4,,
Car 760,,,,,,gave_up,4,"no alternate charger available, gave up",1098.2010174846846,,,
Car 775,,,,,,gave_up,4,"no alternate charger available, gave up",1098.2034788367173,,,
Car 845,,,,,3,switch,,"Charger 3 (fid=53) not available, trying Charger 7 (fid=52)",1098.2044155398858,7,,
Car 851,,,,37,,arrived,,arrived,1098.294145174463,,,
Car 805,,,,,7,switch,,"Charger 7 (fid=52) not available, trying Charger 3 (fid=53)",1098.4071000192912,3,,
Car 825,,,,,2,switch,,"Charger 2 (fid=36) not available, trying Charger 6 (fid=77)",1098.5321024860566,6,,
Car 826,,,,,0,switch,,"Charger 0 (fid=22) not available, trying Charger 6 (fid=77)",1098.5328166396487,6,,
Car 837,,,,,5,switch,,"Charger 5 (fid=19) not available, trying Charger 0 (fid=22)",1098.542228238752,0,,
Car 846,,,,,2,switch,,"Charger 2 (fid=36) not available, trying Charger 5 (fid=19)",1098.546534603328,5,,
Car 781,,,,,1,switch,,"Charger 1 (fid=82) not available, trying Charger 4 (fid=86)",1098.5707750728577,4,,
Car 769,,,,,,gave_up,1,"no alternate charger available, gave up",1098.6990814948392,,,
Car 792,,,,,3,switch,,"Charger 3 (fid=53) not available, trying Charger 1 (fid=82)",1098.773870491253,1,,
Car 852,,,,16,,arrived,,arrived,1098.8366195727397,,,
Car 808,,,,,7,switch,,"Charger 7 (fid=52) not available, trying Charger 3 (fid=53)",1099.0220354766134,3,,
Car 694,104.0,36,2,,,done,,done charging,1099.0325685369794,,,240.76881696971395
Car 814,,36,2,,,start_charge,,starting to charge at Charger 2 (fid=36),1099.0325685369794,,19.088739356534916,
Car 771,,,,,,gave_up,4,"no alternate charger available, gave up",1099.062425420775,,,
Car 827,,,,,7,switch,,"Charger 7 (fid=52) not available, trying Charger 2 (fid=36)",1099.066841156647,2,,
Car 786,,,,,1,switch,,"Charger 1 (fid=82) not available, trying Charger 4 (fid=86)",1099.1220206544347,4,,
Car 773,,,,,,gave_up,4,"no alternate charger available, gave up",1099.2024155136342,,,
Car 809,,,,,5,switch,,"Charger 5 (fid=19) not available, trying Charger 7 (fid=52)",1099.353165708601,7,,
Car 840,,,,,1,switch,,"Charger 1 (fid=82) not available, trying Charger 7 (fid=52)",1099.355424402392,7,,
Car 793,,,,,3,switch,,"Charger 3 (fid=53) not available, trying Charger 1 (fid=82)",1099.4974359118473,1,,
Car 767,,,,,1,switch,,"Charger 1 (fid=82) not available, trying Charger 4 (fid=86)",1099.510108179561,4,,
Car 828,,,,,3,switch,,"Charger 3 (fid=53) not available, trying Charger 2 (fid=36)",1099.6559453323268,2,,
Car 853,,,,15,,arrived,,arrived,1099.728791145115,,,
Car 854,,,,63,,arrived,,arrived,1099.803060399315,,,
Car 847,,,,,6,switch,,"Charger 6 (fid=77) not available, trying Charger 3 (fid=53)",1099.8076560851744,3,,
Car 780,,,,,6,switch,,"Charger 6 (fid=77) not available, trying Charger 3 (fid=53)",1099.8981688494603,3,,
Car 774,,,,,,gave_up,4,"no alternate charger available, gave up",1099.9533081609557,,,
Car 796,,,,,3,switch,,"Charger 3 (fid=53) not available, trying Charger 1 (fid=82)",1099.967602785693,1,,
Car 831,,,,,3,switch,,"Charger 3 (fid=53) not available, trying Charger 2 (fid=36)",1100.2834686782264,2,,
Car 794,,,,,3,switch,,"Charger 3 (fid=53) not available, trying Charger 1 (fid=82)",1100.2983695032406,1,,
Car 790,,,,,4,switch,,"Charger 4 (fid=86) not available, trying Charger 1 (fid=82)",1100.4165687959342,1,,
Car 839,,,,,7,switch,,"Charger 7 (fid=52) not available, trying Charger 3 (fid=53)",1100.455810802226,3,,
Car 791,,,,,3,switch,,"Charger 3 (fid=53) not available, trying Charger 1 (fid=82)",1100.4987832791094,1,,
Car 761,,,,,1,switch,,"Charger 1 (fid=82) not available, trying Charger 4 (fid=86)",1100.5160214812745,4,,
Car 848,,,,,2,switch,,"Charger 2 (fid=36) not available, trying Charger 5 (fid=19)",1100.5494979638356,5,,
Car 855,,,,50,,arrived,,arrived,1100.5899224562777,,,
Car 829,,,,,5,switch,,"Charger 5 (fid=19) not available, trying Charger 0 (fid=22)",1100.6054331226999,0,,
Car 849,,,,,2,switch,,"Charger 2 (fid=36) not available, trying Charger 5 (fid=19)",1100.6063953090481,5,,
Car 817,,,,,2,switch,,"Charger 2 (fid=36) not available, trying Charger 5 (fid=19)",1100.7753474784781,5,,
Car 850,,,,,0,switch,,"Charger 0 (fid=22) not available, trying Charger 5 (fid=19)",1100.824454069304,5,,
Car 787,,,,,1,switch,,"Charger 1 (fid=82) not available, trying Charger 4 (fid=86)",1100.8246336215636,4,,
Car 838,,,,,2,switch,,"Charger 2 (fid=36) not available, trying Charger 7 (fid=52)",1100.848937205476,7,,
Car 772,,,,,,gave_up,1,"no alternate charger available, gave up",1100.9988332308471,,,
Car 834,,,,,2,switch,,"Charger 2 (fid=36) not available, trying Charger 6 (fid=77)",1101.206289847234,6,,
Car 856,,,,67,,arrived,,arrived,1101.2077441551533,,,
Car 812,,,,,7,switch,,"Charger 7 (fid=52) not available, trying Charger 3 (fid=53)",1101.2426191460993,3,,
Car 800,,,,,3,switch,,"Charger 3 (fid=53) not available, trying Charger 1 (fid=82)",1101.3276629526515,1,,
Car 770,,,,,3,switch,,"Charger 3 (fid=53) not available, trying Charger 4 (fid=86)",1101.3715925021743,4,,
Car 857,,,,116,,arrived,,arrived,1101.3814743937223,,,
Car 858,,,,73,,arrived,,arrived,1101.4821080767892,,,
Car 859,,,,18,,arrived,,arrived,1101.5168472331163,,,
Car 788,,,,,2,switch,,"Charger 2 (fid=36) not available, trying Charger 5 (fid=19)",1101.5514533511107,5,,
Car 803,,,,,3,switch,,"Charger 3 (fid=53) not available, trying Charger 1 (fid=82)",1101.5915646706155,1,,
Car 688,101.0,77,6,,,done,,done charging,1101.690846576769,,,234.84005968530548
Car 818,,77,6,,,start_charge,,starting to charge at Charger 6 (fid=77),1101.690846576769,,19.855642972172745,
Car 804,,,,,3,switch,,"Charger 3 (fid=53) not available, trying Charger 1 (fid=82)",1101.8698559128234,1,,
Car 798,,,,,3,switch,,"Charger 3 (fid=53) not available, trying Charger 1 (fid=82)",1101.886186454966,1,,
Car 833,,,,,5,switch,,"Charger 5 (fid=19) not available, trying Charger 0 (fid=22)",1102.052507251285,0,,
Car 813,,,,,6,switch,,"Charger 6 (fid=77) not available, trying Charger 2 (fid=36)",1102.0790790661943,2,,
Car 795,,,,,2,switch,,"Charger 2 (fid=36) not available, trying Charger 5 (fid=19)",1102.1093633203436,5,,
Car 810,,,,,7,switch,,"Charger 7 (fid=52) not available, trying Charger 3 (fid=53)",1102.3846173466025,3,,
Car 835,,,,,0,switch,,"Charger 0 (fid=22) not available, trying Charger 6 (fid=77)",1102.483217511336,6,,
Car 782,,,,,5,switch,,"Charger 5 (fid=19) not available, trying Charger 0 (fid=22)",1102.49499224541,0,,
Car 785,,,,,1,switch,,"Charger 1 (fid=82) not available, trying Charger 4 (fid=86)",1102.5277549177792,4,,
Car 841,,,,,2,switch,,"Charger 2 (fid=36) not available, trying Charger 0 (fid=22)",1102.6859446629264,0,,
Car 779,,,,,,gave_up,4,"no alternate charger available, gave up",1102.8470972911136,,,
Car 860,,,,29,,arrived,,arrived,1102.9600967509896,,,
Car 820,,,,,2,switch,,"Charger 2 (fid=36) not available, trying Charger 1 (fid=82)",1102.9606004853206,1,,
Car 861,,,,57,,arrived,,arrived,1103.0455398308227,,,
Car 807,,,,,5,switch,,"Charger 5 (fid=19) not available, trying Charger 0 (fid=22)",1103.11671114811,0,,
Car 797,,,,,3,switch,,"Charger 3 (fid=53) not available, trying Charger 1 (fid=82)",1103.130570582288,1,,
Car 832,,,,,0,switch,,"Charger 0 (fid=22) not available, trying Charger 5 (fid=19)",1103.2491110925155,5,,
Car 806,,,,,3,switch,,"Charger 3 (fid=53) not available, trying Charger 1 (fid=82)",1103.2810450300785,1,,
Car 819,,,,,6,switch,,"Charger 6 (fid=77) not available, trying Charger 7 (fid=52)",1103.2849576257547,7,,
Car 851,,,,,0,switch,,"Charger 0 (fid=22) not available, trying Charger 5 (fid=19)",1103.294145174463,5,,
Car 802,,,,,3,switch,,"Charger 3 (fid=53) not available, trying Charger 1 (fid=82)",1103.3023690134376,1,,
Car 862,,,,52,,arrived,,arrived,1103.4179320207159,,,
Car 784,,,,,,gave_up,4,"no alternate charger available, gave up",1103.445770345119,,,
Car 843,,,,,2,switch,,"Charger 2 (fid=36) not available, trying Charger 0 (fid=22)",1103.5603330118302,0,,
Car 815,,,,,5,switch,,"Charger 5 (fid=19) not available, trying Charger 0 (fid=22)",1103.6397133361988,0,,
Car 836,,,,,0,switch,,"Charger 0 (fid=22) not available, trying Charger 6 (fid=77)",1103.6944177024723,6,,
Car 863,,,,77,,arrived,,arrived,1103.7348511018945,,,
Car 844,,,,,2,switch,,"Charger 2 (fid=36) not available, trying Charger 0 (fid=22)",1103.7443138702981,0,,
Car 852,,,,,2,switch,,"Charger 2 (fid=36) not available, trying Charger 5 (fid=19)",1103.8366195727397,5,,
Car 781,,,,,,gave_up,4,"no alternate charger available, gave up",1103.8532267811718,,,
Car 823,,,,,3,switch,,"Charger 3 (fid=53) not available, trying Charger 6 (fid=77)",1104.1469128851625,6,,
Car 845,,,,,7,switch,,"Charger 7 (fid=52) not available, trying Charger 4 (fid=86)",1104.2243521589176,4,,
Car 846,,,,,5,switch,,"Charger 5 (fid=19) not available, trying Charger 6 (fid=77)",1104.2993914364602,6,,
Car 816,,,,,7,switch,,"Charger 7 (fid=52) not available, trying Charger 3 (fid=53)",1104.3045570671698,3,,
Car 786,,,,,,gave_up,4,"no alternate charger available, gave up",1104.4044723627487,,,
Car 805,,,,,3,switch,,"Charger 3 (fid=53) not available, trying Charger 1 (fid=82)",1104.427036638323,1,,
Car 864,,,,37,,arrived,,arrived,1104.536028185764,,,
Car 865,,,,59,,arrived,,arrived,1104.557066063996,,,
Car 811,,,,,7,switch,,"Charger 7 (fid=52) not available, trying Charger 3 (fid=53)",1104.6619047675872,3,,
Car 853,,,,,3,switch,,"Charger 3 (fid=53) not available, trying Charger 7 (fid=52)",1104.728791145115,7,,
Car 767,,,,,,gave_up,4,"no alternate charger available, gave up",1104.792559887875,,,
Car 854,,,,,0,switch,,"Charger 0 (fid=22) not available, trying Charger 6 (fid=77)",1104.803060399315,6,,
Car 842,,,,,6,switch,,"Charger 6 (fid=77) not available, trying Charger 2 (fid=36)",1104.954236973559,2,,
Car 837,,,,,0,switch,,"Charger 0 (fid=22) not available, trying Charger 6 (fid=77)",1105.002955391692,6,,
Car 808,,,,,3,switch,,"Charger 3 (fid=53) not available, trying Charger 1 (fid=82)",1105.0419720956452,1,,
Car 821,,,,,2,switch,,"Charger 2 (fid=36) not available, trying Charger 1 (fid=82)",1105.1334947798214,1,,
Car 866,,,,52,,arrived,,arrived,1105.359173626833,,,
Car 824,,,,,6,switch,,"Charger 6 (fid=77) not available, trying Charger 7 (fid=52)",1105.527018282478,7,,
Car 855,,,,,6,switch,,"Charger 6 (fid=77) not available, trying Charger 3 (fid=53)",1105.5899224562777,3,,
Car 790,,,,,1,switch,,"Charger 1 (fid=82) not available, trying Charger 0 (fid=22)",1105.6990205042482,0,,
Car 761,,,,,,gave_up,4,"no alternate charger available, gave up",1105.7984731895885,,,
Car 789,,,,,1,switch,,"Charger 1 (fid=82) not available, trying Charger 4 (fid=86)",1105.8745418404174,4,,
Car 825,,,,,6,switch,,"Charger 6 (fid=77) not available, trying Charger 7 (fid=52)",1106.0874068466178,7,,
Car 787,,,,,,gave_up,4,"no alternate charger available, gave up",1106.1070853298777,,,
Car 867,,,,66,,arrived,,arrived,1106.112790767277,,,
Car 856,,,,,0,switch,,"Charger 0 (fid=22) not available, trying Charger 5 (fid=19)",1106.2077441551533,5,,
Car 848,,,,,5,switch,,"Charger 5 (fid=19) not available, trying Charger 0 (fid=22)",1106.3023547969678,0,,
Car 849,,,,,5,switch,,"Charger 5 (fid=19) not available, trying Charger 0 (fid=22)",1106.3592521421804,0,,
Car 847,,,,,3,switch,,"Charger 3 (fid=53) not available, trying Charger 7 (fid=52)",1106.3806799556394,7,,
Car 857,,,,,2,switch,,"Charger 2 (fid=36) not available, trying Charger 5 (fid=19)",1106.3814743937223,5,,
Car 780,,,,,3,switch,,"Charger 3 (fid=53) not available, trying Charger 0 (fid=22)",1106.4711927199253,0,,
Car 868,,,,69,,arrived,,arrived,1106.4717058845308,,,
Car 839,,,,,3,switch,,"Charger 3 (fid=53) not available, trying Charger 2 (fid=36)",1106.475747421258,2,,
Car 858,,,,,6,switch,,"Charger 6 (fid=77) not available, trying Charger 2 (fid=36)",1106.4821080767892,2,,
Car 859,,,,,5,switch,,"Charger 5 (fid=19) not available, trying Charger 2 (fid=36)",1106.5168472331163,2,,
Car 817,,,,,5,switch,,"Charger 5 (fid=19) not available, trying Charger 0 (fid=22)",1106.5282043116104,0,,
Car 840,,,,,7,switch,,"Charger 7 (fid=52) not available, trying Charger 3 (fid=53)",1107.0133420908592,3,,
Car 829,,,,,0,switch,,"Charger 0 (fid=22) not available, trying Charger 7 (fid=52)",1107.06616027564,7,,
Car 827,,,,,2,switch,,"Charger 2 (fid=36) not available, trying Charger 5 (fid=19)",1107.0951786536864,5,,
Car 792,,,,,1,switch,,"Charger 1 (fid=82) not available, trying Charger 4 (fid=86)",1107.1180846985944,4,,
Car 812,,,,,3,switch,,"Charger 3 (fid=53) not available, trying Charger 1 (fid=82)",1107.262555765131,1,,
Car 850,,,,,5,switch,,"Charger 5 (fid=19) not available, trying Charger 2 (fid=36)",1107.285181222244,2,,
Car 788,,,,,5,switch,,"Charger 5 (fid=19) not available, trying Charger 0 (fid=22)",1107.304310184243,0,,
Car 869,,,,40,,arrived,,arrived,1107.336174089625,,,
Car 870,,,,19,,arrived,,arrived,1107.7589901204792,,,
Car 785,,,,,,gave_up,4,"no alternate charger available, gave up",1107.8102066260933,,,
Car 793,,,,,1,switch,,"Charger 1 (fid=82) not available, trying Charger 4 (fid=86)",1107.8416501191887,4,,
Car 795,,,,,5,switch,,"Charger 5 (fid=19) not available, trying Charger 0 (fid=22)",1107.8622201534758,0,,
Car 826,,,,,6,switch,,"Charger 6 (fid=77) not available, trying Charger 7 (fid=52)",1107.8709214511096,7,,
Car 860,,,,,0,switch,,"Charger 0 (fid=22) not available, trying Charger 5 (fid=19)",1107.9600967509896,5,,
Car 861,,,,,5,switch,,"Charger 5 (fid=19) not available, trying Charger 2 (fid=36)",1108.0455398308227,2,,
Car 809,,,,,7,switch,,"Charger 7 (fid=52) not available, trying Charger 0 (fid=22)",1108.130922623586,0,,
Car 796,,,,,1,switch,,"Charger 1 (fid=82) not available, trying Charger 4 (fid=86)",1108.3118169930344,4,,
Car 810,,,,,3,switch,,"Charger 3 (fid=53) not available, trying Charger 1 (fid=82)",1108.4045539656342,1,,
Car 828,,,,,2,switch,,"Charger 2 (fid=36) not available, trying Charger 1 (fid=82)",1108.4101310241888,1,,
Car 862,,,,,7,switch,,"Charger 7 (fid=52) not available, trying Charger 3 (fid=53)",1108.4179320207159,3,,
Car 833,,,,,0,switch,,"Charger 0 (fid=22) not available, trying Charger 7 (fid=52)",1108.5132344042252,7,,
Car 794,,,,,1,switch,,"Charger 1 (fid=82) not available, trying Charger 4 (fid=86)",1108.642583710582,4,,
Car 863,,,,,6,switch,,"Charger 6 (fid=77) not available, trying Charger 7 (fid=52)",1108.7348511018945,7,,
Car 834,,,,,6,switch,,"Charger 6 (fid=77) not available, trying Charger 7 (fid=52)",1108.7615942077953,7,,
Car 791,,,,,1,switch,,"Charger 1 (fid=82) not available, trying Charger 4 (fid=86)",1108.8429974864507,4,,
Car 871,,,,3,,arrived,,arrived,1108.8549053129682,,,
Car 838,,,,,7,switch,,"Charger 7 (fid=52) not available, trying Charger 3 (fid=53)",1108.8772747025155,3,,
Car 782,,,,,,gave_up,0,"no alternate charger available, gave up",1108.95571939835,,,
Car 831,,,,,2,switch,,"Charger 2 (fid=36) not available, trying Charger 5 (fid=19)",1109.0376543700884,5,,
Car 864,,,,,0,switch,,"Charger 0 (fid=22) not available, trying Charger 5 (fid=19)",1109.536028185764,5,,
Car 865,,,,,3,switch,,"Charger 3 (fid=53) not available, trying Charger 7 (fid=52)",1109.557066063996,7,,
Car 807,,,,,0,switch,,"Charger 0 (fid=22) not available, trying Charger 1 (fid=82)",1109.57743830105,1,,
Car 852,,,,,5,switch,,"Charger 5 (fid=19) not available, trying Charger 0 (fid=22)",1109.589476405872,0,,
Car 770,,,,,,gave_up,4,"no alternate charger available, gave up",1109.61458425825,,,
Car 813,,,,,2,switch,,"Charger 2 (fid=36) not available, trying Charger 5 (fid=19)",1109.6343834267554,5,,
Car 800,,,,,1,switch,,"Charger 1 (fid=82) not available, trying Charger 4 (fid=86)",1109.6718771599928,4,,
Car 872,,,,72,,arrived,,arrived,1109.6819364171788,,,
Car 832,,,,,5,switch,,"Charger 5 (fid=19) not available, trying Charger 3 (fid=53)",1109.7098382454556,3,,
Car 851,,,,,5,switch,,"Charger 5 (fid=19) not available, trying Charger 2 (fid=36)",1109.754872327403,2,,
Car 841,,,,,0,switch,,"Charger 0 (fid=22) not available, trying Charger 5 (fid=19)",1109.8289330371165,5,,
Car 819,,,,,7,switch,,"Charger 7 (fid=52) not available, trying Charger 3 (fid=53)",1109.8506952419793,3,,
Car 803,,,,,1,switch,,"Charger 1 (fid=82) not available, trying Charger 4 (fid=86)",1109.9357788779569,4,,
Car 815,,,,,0,switch,,"Charger 0 (fid=22) not available, trying Charger 4 (fid=86)",1110.100440489139,4,,
Car 804,,,,,1,switch,,"Charger 1 (fid=82) not available, trying Charger 4 (fid=86)",1110.2140701201647,4,,
Car 798,,,,,1,switch,,"Charger 1 (fid=82) not available, trying Charger 4 (fid=86)",1110.2304006623074,4,,
Car 816,,,,,3,switch,,"Charger 3 (fid=53) not available, trying Charger 1 (fid=82)",1110.3244936862015,1,,
Car 866,,,,,7,switch,,"Charger 7 (fid=52) not available, trying Charger 3 (fid=53)",1110.359173626833,3,,
Car 873,,,,73,,arrived,,arrived,1110.6284710725674,,,
Car 811,,,,,3,switch,,"Charger 3 (fid=53) not available, trying Charger 1 (fid=82)",1110.681841386619,1,,
Car 843,,,,,0,switch,,"Charger 0 (fid=22) not available, trying Charger 6 (fid=77)",1110.7033213860202,6,,
Car 823,,,,,6,switch,,"Charger 6 (fid=77) not available, trying Charger 2 (fid=36)",1110.7199367556275,2,,
Car 853,,,,,7,switch,,"Charger 7 (fid=52) not available, trying Charger 6 (fid=77)",1110.748727764147,6,,
Car 874,,,,18,,arrived,,arrived,1110.836075770878,,,
Car 844,,,,,0,switch,,"Charger 0 (fid=22) not available, trying Charger 6 (fid=77)",1110.8873022444882,6,,
Car 867,,,,,6,switch,,"Charger 6 (fid=77) not available, trying Charger 3 (fid=53)",1111.112790767277,3,,
Car 789,,,,,,gave_up,4,"no alternate charger available, gave up",1111.1569935487314,,,
Car 868,,,,,5,switch,,"Charger 5 (fid=19) not available, trying Charger 2 (fid=36)",1111.4717058845308,2,,
Car 797,,,,,1,switch,,"Charger 1 (fid=82) not available, trying Charger 4 (fid=86)",1111.4747847896294,4,,
Car 875,,,,84,,arrived,,arrived,1111.5861335081424,,,
Car 806,,,,,1,switch,,"Charger 1 (fid=82) not available, trying Charger 4 (fid=86)",1111.6252592374199,4,,
Car 802,,,,,1,switch,,"Charger 1 (fid=82) not available, trying Charger 4 (fid=86)",1111.646583220779,4,,
Car 835,,,,,6,switch,,"Charger 6 (fid=77) not available, trying Charger 7 (fid=52)",1111.821322322797,7,,
Car 845,,,,,4,switch,,"Charger 4 (fid=86) not available, trying Charger 1 (fid=82)",1111.8542195564578,1,,
Car 696,74.0,86,4,,,done,,done charging,1111.8570229175918,,,396.634063707329
Car 792,,86,4,,,start_charge,,starting to charge at Charger 4 (fid=86),1111.8570229175918,,39.45648651068336,
Car 876,,,,47,,arrived,,arrived,1111.8802007159295,,,
Car 824,,,,,7,switch,,"Charger 7 (fid=52) not available, trying Charger 3 (fid=53)",1112.0927558987025,3,,
Car 857,,,,,5,switch,,"Charger 5 (fid=19) not available, trying Charger 7 (fid=52)",1112.1343312268546,7,,
Car 855,,,,,3,switch,,"Charger 3 (fid=53) not available, trying Charger 7 (fid=52)",1112.1629463267427,7,,
Car 859,,,,,2,switch,,"Charger 2 (fid=36) not available, trying Charger 0 (fid=22)",1112.2697040662486,0,,
Car 869,,,,,6,switch,,"Charger 6 (fid=77) not available, trying Charger 3 (fid=53)",1112.336174089625,3,,
Car 877,,,,70,,arrived,,arrived,1112.3707983157856,,,
Car 847,,,,,7,switch,,"Charger 7 (fid=52) not available, trying Charger 2 (fid=36)",1112.4006165746712,2,,
Car 842,,,,,2,switch,,"Charger 2 (fid=36) not available, trying Charger 5 (fid=19)",1112.5095413341203,5,,
Car 820,,,,,1,switch,,"Charger 1 (fid=82) not available, trying Charger 4 (fid=86)",1112.5207615251745,4,,
Car 846,,,,,6,switch,,"Charger 6 (fid=77) not available, trying Charger 0 (fid=22)",1112.5525950063093,0,,
Car 825,,,,,7,switch,,"Charger 7 (fid=52) not available, trying Charger 3 (fid=53)",1112.6531444628424,3,,
Car 856,,,,,5,switch,,"Charger 5 (fid=19) not available, trying Charger 2 (fid=36)",1112.6684713080933,2,,
Car 870,,,,,5,switch,,"Charger 5 (fid=19) not available, trying Charger 2 (fid=36)",1112.7589901204792,2,,
Car 848,,,,,0,switch,,"Charger 0 (fid=22) not available, trying Charger 6 (fid=77)",1112.763081949908,6,,
Car 805,,,,,1,switch,,"Charger 1 (fid=82) not available, trying Charger 4 (fid=86)",1112.7712508456643,4,,
Car 849,,,,,0,switch,,"Charger 0 (fid=22) not available, trying Charger 6 (fid=77)",1112.8199792951204,6,,
Car 827,,,,,5,switch,,"Charger 5 (fid=19) not available, trying Charger 0 (fid=22)",1112.8480354868186,0,,
Car 817,,,,,0,switch,,"Charger 0 (fid=22) not available, trying Charger 4 (fid=86)",1112.9889314645504,4,,
Car 836,,,,,6,switch,,"Charger 6 (fid=77) not available, trying Charger 7 (fid=52)",1113.0325225139331,7,,
Car 840,,,,,3,switch,,"Charger 3 (fid=53) not available, trying Charger 6 (fid=77)",1113.033278709891,6,,
Car 850,,,,,2,switch,,"Charger 2 (fid=36) not available, trying Charger 6 (fid=77)",1113.0380380553763,6,,
Car 793,,,,,,gave_up,4,"no alternate charger available, gave up",1113.1241018275027,,,
Car 808,,,,,1,switch,,"Charger 1 (fid=82) not available, trying Charger 4 (fid=86)",1113.3861863029865,4,,
Car 796,,,,,,gave_up,4,"no alternate charger available, gave up",1113.5942687013485,,,
Car 788,,,,,,gave_up,0,"no alternate charger available, gave up",1113.765037337183,,,
Car 861,,,,,2,switch,,"Charger 2 (fid=36) not available, trying Charger 0 (fid=22)",1113.798396663955,0,,
Car 871,,,,,7,switch,,"Charger 7 (fid=52) not available, trying Charger 2 (fid=36)",1113.8549053129682,2,,
Car 794,,,,,,gave_up,4,"no alternate charger available, gave up",1113.925035418896,,,
Car 858,,,,,2,switch,,"Charger 2 (fid=36) not available, trying Charger 5 (fid=19)",1114.0374124373504,5,,
Car 791,,,,,,gave_up,4,"no alternate charger available, gave up",1114.1254491947648,,,
Car 854,,,,,6,switch,,"Charger 6 (fid=77) not available, trying Charger 2 (fid=36)",1114.1411652107759,2,,
Car 878,,,,116,,arrived,,arrived,1114.1698822828773,,,
Car 795,,,,,,gave_up,0,"no alternate charger available, gave up",1114.322947306416,,,
Car 837,,,,,6,switch,,"Charger 6 (fid=77) not available, trying Charger 7 (fid=52)",1114.341060203153,7,,
Car 860,,,,,5,switch,,"Charger 5 (fid=19) not available, trying Charger 2 (fid=36)",1114.4208239039297,2,,
Car 826,,,,,7,switch,,"Charger 7 (fid=52) not available, trying Charger 3 (fid=53)",1114.4366590673342,3,,
Car 862,,,,,3,switch,,"Charger 3 (fid=53) not available, trying Charger 6 (fid=77)",1114.4378686397476,6,,
Car 872,,,,,5,switch,,"Charger 5 (fid=19) not available, trying Charger 2 (fid=36)",1114.6819364171788,2,,
Car 821,,,,,1,switch,,"Charger 1 (fid=82) not available, trying Charger 4 (fid=86)",1114.6936558196753,4,,
Car 831,,,,,5,switch,,"Charger 5 (fid=19) not available, trying Charger 4 (fid=86)",1114.7905112032206,4,,
Car 838,,,,,3,switch,,"Charger 3 (fid=53) not available, trying Charger 5 (fid=19)",1114.8972113215473,5,,
Car 800,,,,,,gave_up,4,"no alternate charger available, gave up",1114.954328868307,,,
Car 803,,,,,,gave_up,4,"no alternate charger available, gave up",1115.218230586271,,,
Car 839,,,,,2,switch,,"Charger 2 (fid=36) not available, trying Charger 5 (fid=19)",1115.2299331131198,5,,
Car 863,,,,,7,switch,,"Charger 7 (fid=52) not available, trying Charger 3 (fid=53)",1115.3005887181191,3,,
Car 834,,,,,7,switch,,"Charger 7 (fid=52) not available, trying Charger 3 (fid=53)",1115.32733182402,3,,
Car 813,,,,,5,switch,,"Charger 5 (fid=19) not available, trying Charger 0 (fid=22)",1115.3872402598877,0,,
Car 879,,,,37,,arrived,,arrived,1115.4616830345426,,,
Car 804,,,,,,gave_up,4,"no alternate charger available, gave up",1115.4965218284788,,,
Car 851,,,,,2,switch,,"Charger 2 (fid=36) not available, trying Charger 6 (fid=77)",1115.5077291605353,6,,
Car 798,,,,,,gave_up,4,"no alternate charger available, gave up",1115.5128523706214,,,
Car 865,,,,,7,switch,,"Charger 7 (fid=52) not available, trying Charger 6 (fid=77)",1115.5770026830278,6,,
Car 812,,,,,1,switch,,"Charger 1 (fid=82) not available, trying Charger 4 (fid=86)",1115.6067699724724,4,,
Car 873,,,,,6,switch,,"Charger 6 (fid=77) not available, trying Charger 2 (fid=36)",1115.6284710725674,2,,
Car 874,,,,,5,switch,,"Charger 5 (fid=19) not available, trying Charger 2 (fid=36)",1115.836075770878,2,,
Car 819,,,,,3,switch,,"Charger 3 (fid=53) not available, trying Charger 1 (fid=82)",1115.8706318610111,1,,
Car 864,,,,,5,switch,,"Charger 5 (fid=19) not available, trying Charger 2 (fid=36)",1115.9967553387041,2,,
Car 852,,,,,0,switch,,"Charger 0 (fid=22) not available, trying Charger 6 (fid=77)",1116.050203558812,6,,
Car 880,,,,38,,arrived,,arrived,1116.258359582061,,,
Car 841,,,,,5,switch,,"Charger 5 (fid=19) not available, trying Charger 3 (fid=53)",1116.2896601900566,3,,
Car 866,,,,,3,switch,,"Charger 3 (fid=53) not available, trying Charger 6 (fid=77)",1116.3791102458647,6,,
Car 875,,,,,1,switch,,"Charger 1 (fid=82) not available, trying Charger 4 (fid=86)",1116.5861335081424,4,,
Car 810,,,,,1,switch,,"Charger 1 (fid=82) not available, trying Charger 4 (fid=86)",1116.7487681729756,4,,
Car 797,,,,,,gave_up,4,"no alternate charger available, gave up",1116.7572364979435,,,
Car 876,,,,,0,switch,,"Charger 0 (fid=22) not available, trying Charger 5 (fid=19)",1116.8802007159295,5,,
Car 806,,,,,,gave_up,4,"no alternate charger available, gave up",1116.907710945734,,,
Car 802,,,,,,gave_up,4,"no alternate charger available, gave up",1116.929034929093,,,
Car 845,,,,,1,switch,,"Charger 1 (fid=82) not available, trying Charger 6 (fid=77)",1117.1366712647718,6,,
Car 829,,,,,7,switch,,"Charger 7 (fid=52) not available, trying Charger 3 (fid=53)",1117.1988710857859,3,,
Car 780,,,,,,gave_up,0,"no alternate charger available, gave up",1117.2240904630078,,,
Car 868,,,,,2,switch,,"Charger 2 (fid=36) not available, trying Charger 0 (fid=22)",1117.224562717663,0,,
Car 853,,,,,6,switch,,"Charger 6 (fid=77) not available, trying Charger 4 (fid=86)",1117.3144653803715,4,,
Car 790,,,,,,gave_up,0,"no alternate charger available, gave up",1117.3157497887923,,,
Car 877,,,,,5,switch,,"Charger 5 (fid=19) not available, trying Charger 2 (fid=36)",1117.3707983157856,2,,
Car 881,,,,31,,arrived,,arrived,1117.6697972691013,,,
Car 867,,,,,3,switch,,"Charger 3 (fid=53) not available, trying Charger 7 (fid=52)",1117.685814637742,7,,
Car 882,,,,57,,arrived,,arrived,1117.7393614493903,,,
Car 820,,,,,4,switch,,"Charger 4 (fid=86) not available, trying Charger 5 (fid=19)",1117.8032132334886,5,,
Car 828,,,,,1,switch,,"Charger 1 (fid=82) not available, trying Charger 4 (fid=86)",1117.9702920640427,4,,
Car 805,,,,,,gave_up,4,"no alternate charger available, gave up",1118.0537025539784,,,
Car 824,,,,,3,switch,,"Charger 3 (fid=53) not available, trying Charger 1 (fid=82)",1118.1126925177343,1,,
Car 855,,,,,7,switch,,"Charger 7 (fid=52) not available, trying Charger 2 (fid=36)",1118.1828829457745,2,,
Car 842,,,,,5,switch,,"Charger 5 (fid=19) not available, trying Charger 3 (fid=53)",1118.2623981672525,3,,
Car 809,,,,,0,switch,,"Charger 0 (fid=22) not available, trying Charger 1 (fid=82)",1118.263633433732,1,,
Car 823,,,,,2,switch,,"Charger 2 (fid=36) not available, trying Charger 5 (fid=19)",1118.2752411161887,5,,
Car 835,,,,,7,switch,,"Charger 7 (fid=52) not available, trying Charger 3 (fid=53)",1118.3870599390216,3,,
Car 856,,,,,2,switch,,"Charger 2 (fid=36) not available, trying Charger 6 (fid=77)",1118.4213281412256,6,,
Car 870,,,,,2,switch,,"Charger 2 (fid=36) not available, trying Charger 0 (fid=22)",1118.5118469536114,0,,
Car 833,,,,,7,switch,,"Charger 7 (fid=52) not available, trying Charger 3 (fid=53)",1118.645945214371,3,,
Car 808,,,,,,gave_up,4,"no alternate charger available, gave up",1118.6686380113006,,,
Car 816,,,,,1,switch,,"Charger 1 (fid=82) not available, trying Charger 4 (fid=86)",1118.668707893543,4,,
Car 825,,,,,3,switch,,"Charger 3 (fid=53) not available, trying Charger 1 (fid=82)",1118.6730810818742,1,,
Car 869,,,,,3,switch,,"Charger 3 (fid=53) not available, trying Charger 7 (fid=52)",1118.90919796009,7,,
Car 811,,,,,1,switch,,"Charger 1 (fid=82) not available, trying Charger 4 (fid=86)",1119.0260555939603,4,,
Car 883,,,,63,,arrived,,arrived,1119.1658052040802,,,
Car 878,,,,,2,switch,,"Charger 2 (fid=36) not available, trying Charger 5 (fid=19)",1119.1698822828773,5,,
Car 832,,,,,3,switch,,"Charger 3 (fid=53) not available, trying Charger 7 (fid=52)",1119.2133527634028,7,,
Car 884,,,,13,,arrived,,arrived,1119.2326123982673,,,
Car 827,,,,,0,switch,,"Charger 0 (fid=22) not available, trying Charger 4 (fid=86)",1119.3087626397587,4,,
Car 859,,,,,0,switch,,"Charger 0 (fid=22) not available, trying Charger 6 (fid=77)",1119.4126924404386,6,,
Car 885,,,,22,,arrived,,arrived,1119.4698747512327,,,
Car 836,,,,,7,switch,,"Charger 7 (fid=52) not available, trying Charger 3 (fid=53)",1119.5982601301578,3,,
Car 840,,,,,6,switch,,"Charger 6 (fid=77) not available, trying Charger 2 (fid=36)",1119.606302580356,2,,
Car 886,,,,72,,arrived,,arrived,1119.650956785267,,,
Car 858,,,,,5,switch,,"Charger 5 (fid=19) not available, trying Charger 0 (fid=22)",1119.7902692704827,0,,
Car 821,,,,,4,switch,,"Charger 4 (fid=86) not available, trying Charger 5 (fid=19)",1119.9761075279894,5,,
Car 843,,,,,6,switch,,"Charger 6 (fid=77) not available, trying Charger 7 (fid=52)",1120.041426197481,7,,
Car 860,,,,,2,switch,,"Charger 2 (fid=36) not available, trying Charger 6 (fid=77)",1120.1736807370619,6,,
Car 844,,,,,6,switch,,"Charger 6 (fid=77) not available, trying Charger 7 (fid=52)",1120.225407055949,7,,
Car 887,,,,73,,arrived,,arrived,1120.2950907479221,,,
Car 847,,,,,2,switch,,"Charger 2 (fid=36) not available, trying Charger 5 (fid=19)",1120.4289540717107,5,,
Car 872,,,,,2,switch,,"Charger 2 (fid=36) not available, trying Charger 0 (fid=22)",1120.434793250311,0,,
Car 826,,,,,3,switch,,"Charger 3 (fid=53) not available, trying Charger 1 (fid=82)",1120.456595686366,1,,
Car 879,,,,,0,switch,,"Charger 0 (fid=22) not available, trying Charger 5 (fid=19)",1120.4616830345426,5,,
Car 850,,,,,6,switch,,"Charger 6 (fid=77) not available, trying Charger 7 (fid=52)",1120.5933424159375,7,,
Car 812,,,,,,gave_up,4,"no alternate charger available, gave up",1120.8892216807865,,,
Car 837,,,,,7,switch,,"Charger 7 (fid=52) not available, trying Charger 3 (fid=53)",1120.9067978193775,3,,
Car 857,,,,,7,switch,,"Charger 7 (fid=52) not available, trying Charger 0 (fid=22)",1120.9120881418396,0,,
Car 861,,,,,0,switch,,"Charger 0 (fid=22) not available, trying Charger 6 (fid=77)",1120.941385038145,6,,
Car 839,,,,,5,switch,,"Charger 5 (fid=19) not available, trying Charger 0 (fid=22)",1120.982789946252,0,,
Car 862,,,,,6,switch,,"Charger 6 (fid=77) not available, trying Charger 4 (fid=86)",1121.0108925102127,4,,
Car 807,,,,,1,switch,,"Charger 1 (fid=82) not available, trying Charger 4 (fid=86)",1121.1941675855942,4,,
Car 888,,,,50,,arrived,,arrived,1121.198796945036,,,
Car 880,,,,,0,switch,,"Charger 0 (fid=22) not available, trying Charger 5 (fid=19)",1121.258359582061,5,,
Car 863,,,,,3,switch,,"Charger 3 (fid=53) not available, trying Charger 2 (fid=36)",1121.320525337151,2,,
Car 834,,,,,3,switch,,"Charger 3 (fid=53) not available, trying Charger 1 (fid=82)",1121.3472684430517,1,,
Car 874,,,,,2,switch,,"Charger 2 (fid=36) not available, trying Charger 0 (fid=22)",1121.5889326040103,0,,
Car 854,,,,,2,switch,,"Charger 2 (fid=36) not available, trying Charger 5 (fid=19)",1121.696469571337,5,,
Car 889,,,,34,,arrived,,arrived,1121.7419242721678,,,
Car 864,,,,,2,switch,,"Charger 2 (fid=36) not available, trying Charger 6 (fid=77)",1121.7496121718364,6,,
Car 813,,,,,,gave_up,0,"no alternate charger available, gave up",1121.8479674128278,,,
Car 875,,,,,4,switch,,"Charger 4 (fid=86) not available, trying Charger 7 (fid=52)",1121.8685852164565,7,,
Car 871,,,,,2,switch,,"Charger 2 (fid=36) not available, trying Charger 6 (fid=77)",1121.8832428100077,6,,
Car 846,,,,,0,switch,,"Charger 0 (fid=22) not available, trying Charger 7 (fid=52)",1121.8906998177702,7,,
Car 815,,,,,4,switch,,"Charger 4 (fid=86) not available, trying Charger 1 (fid=82)",1121.891319085942,1,,
Car 810,,,,,,gave_up,4,"no alternate charger available, gave up",1122.0312198812896,,,
Car 848,,,,,6,switch,,"Charger 6 (fid=77) not available, trying Charger 7 (fid=52)",1122.1011867613688,7,,
Car 865,,,,,6,switch,,"Charger 6 (fid=77) not available, trying Charger 4 (fid=86)",1122.1427402992524,4,,
Car 849,,,,,6,switch,,"Charger 6 (fid=77) not available, trying Charger 7 (fid=52)",1122.1580841065813,7,,
Car 890,,,,64,,arrived,,arrived,1122.205131139338,,,
Car 881,,,,,2,switch,,"Charger 2 (fid=36) not available, trying Charger 5 (fid=19)",1122.6697972691013,5,,
Car 882,,,,,5,switch,,"Charger 5 (fid=19) not available, trying Charger 2 (fid=36)",1122.7393614493903,2,,
Car 866,,,,,6,switch,,"Charger 6 (fid=77) not available, trying Charger 4 (fid=86)",1122.9521341163297,4,,
Car 851,,,,,6,switch,,"Charger 6 (fid=77) not available, trying Charger 7 (fid=52)",1123.0630335210965,7,,
Car 877,,,,,2,switch,,"Charger 2 (fid=36) not available, trying Charger 0 (fid=22)",1123.1236551489178,0,,
Car 873,,,,,2,switch,,"Charger 2 (fid=36) not available, trying Charger 5 (fid=19)",1123.1837754331286,5,,
Car 829,,,,,3,switch,,"Charger 3 (fid=53) not available, trying Charger 1 (fid=82)",1123.2188077048177,1,,
Car 828,,,,,4,switch,,"Charger 4 (fid=86) not available, trying Charger 5 (fid=19)",1123.2527437723568,5,,
Car 876,,,,,5,switch,,"Charger 5 (fid=19) not available, trying Charger 2 (fid=36)",1123.3409278688696,2,,
Car 891,,,,37,,arrived,,arrived,1123.5478809445067,,,
Car 892,,,,45,,arrived,,arrived,1123.5876232745077,,,
Car 867,,,,,7,switch,,"Charger 7 (fid=52) not available, trying Charger 2 (fid=36)",1123.7057512567737,2,,
Car 893,,,,35,,arrived,,arrived,1123.9388294356038,,,
Car 894,,,,118,,arrived,,arrived,1123.9460906533607,,,
Car 816,,,,,,gave_up,4,"no alternate charger available, gave up",1123.951159601857,,,
Car 895,,,,38,,arrived,,arrived,1123.9536354536392,,,
Car 823,,,,,5,switch,,"Charger 5 (fid=19) not available, trying Charger 0 (fid=22)",1124.028097949321,0,,
Car 896,,,,14,,arrived,,arrived,1124.1382147285167,,,
Car 883,,,,,0,switch,,"Charger 0 (fid=22) not available, trying Charger 6 (fid=77)",1124.1658052040802,6,,
Car 819,,,,,1,switch,,"Charger 1 (fid=82) not available, trying Charger 4 (fid=86)",1124.2148460683525,4,,
Car 884,,,,,0,switch,,"Charger 0 (fid=22) not available, trying Charger 5 (fid=19)",1124.2326123982673,5,,
Car 811,,,,,,gave_up,4,"no alternate charger available, gave up",1124.3085073022744,,,
Car 868,,,,,0,switch,,"Charger 0 (fid=22) not available, trying Charger 6 (fid=77)",1124.367551091853,6,,
Car 838,,,,,5,switch,,"Charger 5 (fid=19) not available, trying Charger 0 (fid=22)",1124.4007258394945,0,,
Car 835,,,,,3,switch,,"Charger 3 (fid=53) not available, trying Charger 1 (fid=82)",1124.4069965580534,1,,
Car 885,,,,,0,switch,,"Charger 0 (fid=22) not available, trying Charger 5 (fid=19)",1124.4698747512327,5,,
Car 886,,,,,5,switch,,"Charger 5 (fid=19) not available, trying Charger 2 (fid=36)",1124.650956785267,2,,
Car 833,,,,,3,switch,,"Charger 3 (fid=53) not available, trying Charger 1 (fid=82)",1124.6658818334029,1,,
Car 817,,,,,4,switch,,"Charger 4 (fid=86) not available, trying Charger 1 (fid=82)",1124.7798100613536,1,,
Car 897,,,,4,,arrived,,arrived,1124.8385405877073,,,
Car 878,,,,,5,switch,,"Charger 5 (fid=19) not available, trying Charger 7 (fid=52)",1124.9227391160096,7,,
Car 869,,,,,7,switch,,"Charger 7 (fid=52) not available, trying Charger 2 (fid=36)",1124.9291345791219,2,,
Car 831,,,,,4,switch,,"Charger 4 (fid=86) not available, trying Charger 1 (fid=82)",1125.1211074950959,1,,
Car 832,,,,,7,switch,,"Charger 7 (fid=52) not available, trying Charger 1 (fid=82)",1125.2332893824346,1,,
Car 887,,,,,6,switch,,"Charger 6 (fid=77) not available, trying Charger 2 (fid=36)",1125.2950907479221,2,,
Car 776,46.0,82,1,,,done,,done charging,1125.3095543985269,,,262.254457001198
Car 824,,82,1,,,start_charge,,starting to charge at Charger 1 (fid=82),1125.3095543985269,,33.8526476734512,
Car 852,,,,,6,switch,,"Charger 6 (fid=77) not available, trying Charger 7 (fid=52)",1125.3883083702729,7,,
Car 710,101.0,77,6,,,done,,done charging,1125.3894616717357,,,264.7765841799541
Car 856,,77,6,,,start_charge,,starting to charge at Charger 6 (fid=77),1125.3894616717357,,19.412829169948964,
Car 898,,,,16,,arrived,,arrived,1125.597992413315,,,
Car 836,,,,,3,switch,,"Charger 3 (fid=53) not available, trying Charger 1 (fid=82)",1125.6181967491896,1,,
Car 870,,,,,0,switch,,"Charger 0 (fid=22) not available, trying Charger 6 (fid=77)",1125.6548353278015,6,,
Car 841,,,,,3,switch,,"Charger 3 (fid=53) not available, trying Charger 7 (fid=52)",1125.7931747080038,7,,
Car 899,,,,22,,arrived,,arrived,1125.9024369149674,,,
Car 847,,,,,5,switch,,"Charger 5 (fid=19) not available, trying Charger 0 (fid=22)",1126.181810904843,0,,
Car 888,,,,,6,switch,,"Charger 6 (fid=77) not available, trying Charger 3 (fid=53)",1126.198796945036,3,,
Car 855,,,,,2,switch,,"Charger 2 (fid=36) not available, trying Charger 5 (fid=19)",1126.211220442814,5,,
Car 858,,,,,0,switch,,"Charger 0 (fid=22) not available, trying Charger 7 (fid=52)",1126.2509964234227,7,,
Car 845,,,,,6,switch,,"Charger 6 (fid=77) not available, trying Charger 2 (fid=36)",1126.3218492817696,2,,
Car 807,,,,,,gave_up,4,"no alternate charger available, gave up",1126.4766192939082,,,
Car 900,,,,1,,arrived,,arrived,1126.4881304636913,,,
Car 853,,,,,4,switch,,"Charger 4 (fid=86) not available, trying Charger 1 (fid=82)",1126.4953292007838,1,,
Car 843,,,,,7,switch,,"Charger 7 (fid=52) not available, trying Charger 3 (fid=53)",1126.6071638137057,3,,
Car 889,,,,,2,switch,,"Charger 2 (fid=36) not available, trying Charger 5 (fid=19)",1126.7419242721678,5,,
Car 844,,,,,7,switch,,"Charger 7 (fid=52) not available, trying Charger 3 (fid=53)",1126.7911446721737,3,,
Car 901,,,,117,,arrived,,arrived,1126.8866322555189,,,
Car 879,,,,,5,switch,,"Charger 5 (fid=19) not available, trying Charger 2 (fid=36)",1126.9224101874827,2,,
Car 837,,,,,3,switch,,"Charger 3 (fid=53) not available, trying Charger 1 (fid=82)",1126.9267344384093,1,,
Car 825,,,,,1,switch,,"Charger 1 (fid=82) not available, trying Charger 4 (fid=86)",1127.0172952892156,4,,
Car 902,,,,67,,arrived,,arrived,1127.122125010965,,,
Car 850,,,,,7,switch,,"Charger 7 (fid=52) not available, trying Charger 3 (fid=53)",1127.1590800321621,3,,
Car 840,,,,,2,switch,,"Charger 2 (fid=36) not available, trying Charger 5 (fid=19)",1127.1616069409172,5,,
Car 815,,,,,,gave_up,1,"no alternate charger available, gave up",1127.1737707942561,,,
Car 890,,,,,3,switch,,"Charger 3 (fid=53) not available, trying Charger 4 (fid=86)",1127.205131139338,4,,
Car 839,,,,,0,switch,,"Charger 0 (fid=22) not available, trying Charger 1 (fid=82)",1127.4435170991921,1,,
Car 854,,,,,5,switch,,"Charger 5 (fid=19) not available, trying Charger 3 (fid=53)",1127.4493264044693,3,,
Car 872,,,,,0,switch,,"Charger 0 (fid=22) not available, trying Charger 6 (fid=77)",1127.577781624501,6,,
Car 880,,,,,5,switch,,"Charger 5 (fid=19) not available, trying Charger 2 (fid=36)",1127.7190867350012,2,,
Car 860,,,,,6,switch,,"Charger 6 (fid=77) not available, trying Charger 7 (fid=52)",1127.728985097623,7,,
Car 842,,,,,3,switch,,"Charger 3 (fid=53) not available, trying Charger 7 (fid=52)",1127.7659126851997,7,,
Car 820,,,,,5,switch,,"Charger 5 (fid=19) not available, trying Charger 0 (fid=22)",1128.1338095253639,0,,
Car 903,,,,32,,arrived,,arrived,1128.388018412736,,,
Car 881,,,,,5,switch,,"Charger 5 (fid=19) not available, trying Charger 0 (fid=22)",1128.4226541022335,0,,
Car 882,,,,,2,switch,,"Charger 2 (fid=36) not available, trying Charger 0 (fid=22)",1128.4922182825226,0,,
Car 891,,,,,0,switch,,"Charger 0 (fid=22) not available, trying Charger 5 (fid=19)",1128.5478809445067,5,,
Car 892,,,,,6,switch,,"Charger 6 (fid=77) not available, trying Charger 2 (fid=36)",1128.5876232745077,2,,
Car 848,,,,,7,switch,,"Charger 7 (fid=52) not available, trying Charger 3 (fid=53)",1128.6669243775934,3,,
Car 849,,,,,7,switch,,"Charger 7 (fid=52) not available, trying Charger 3 (fid=53)",1128.723821722806,3,,
Car 874,,,,,0,switch,,"Charger 0 (fid=22) not available, trying Charger 6 (fid=77)",1128.7319209782004,6,,
Car 859,,,,,6,switch,,"Charger 6 (fid=77) not available, trying Charger 7 (fid=52)",1128.7507972518995,7,,
Car 826,,,,,1,switch,,"Charger 1 (fid=82) not available, trying Charger 4 (fid=86)",1128.8008098937073,4,,
Car 873,,,,,5,switch,,"Charger 5 (fid=19) not available, trying Charger 0 (fid=22)",1128.9366322662609,0,,
Car 893,,,,,2,switch,,"Charger 2 (fid=36) not available, trying Charger 5 (fid=19)",1128.9388294356038,5,,
Car 894,,,,,1,switch,,"Charger 1 (fid=82) not available, trying Charger 4 (fid=86)",1128.9460906533607,4,,
Car 895,,,,,0,switch,,"Charger 0 (fid=22) not available, trying Charger 5 (fid=19)",1128.9536354536392,5,,
Car 904,,,,35,,arrived,,arrived,1128.9704392404956,,,
Car 876,,,,,2,switch,,"Charger 2 (fid=36) not available, trying Charger 6 (fid=77)",1129.0937847020018,6,,
Car 896,,,,,2,switch,,"Charger 2 (fid=36) not available, trying Charger 5 (fid=19)",1129.1382147285167,5,,
Car 905,,,,4,,arrived,,arrived,1129.2395112706454,,,
Car 906,,,,14,,arrived,,arrived,1129.301777921507,,,
Car 864,,,,,6,switch,,"Charger 6 (fid=77) not available, trying Charger 7 (fid=52)",1129.3049165323976,7,,
Car 871,,,,,6,switch,,"Charger 6 (fid=77) not available, trying Charger 1 (fid=82)",1129.4385471705689,1,,
Car 819,,,,,,gave_up,4,"no alternate charger available, gave up",1129.4972977766665,,,
Car 875,,,,,7,switch,,"Charger 7 (fid=52) not available, trying Charger 3 (fid=53)",1129.4984526139967,3,,
Car 851,,,,,7,switch,,"Charger 7 (fid=52) not available, trying Charger 3 (fid=53)",1129.628771137321,3,,
Car 834,,,,,1,switch,,"Charger 1 (fid=82) not available, trying Charger 4 (fid=86)",1129.691482650393,4,,
Car 897,,,,,0,switch,,"Charger 0 (fid=22) not available, trying Charger 5 (fid=19)",1129.8385405877073,5,,
Car 809,,,,,1,switch,,"Charger 1 (fid=82) not available, trying Charger 4 (fid=86)",1129.880362718276,4,,
Car 907,,,,66,,arrived,,arrived,1130.0360262510244,,,
Car 817,,,,,,gave_up,1,"no alternate charger available, gave up",1130.0622617696677,,,
Car 863,,,,,2,switch,,"Charger 2 (fid=36) not available, trying Charger 5 (fid=19)",1130.0747110290129,5,,
Car 862,,,,,4,switch,,"Charger 4 (fid=86) not available, trying Charger 1 (fid=82)",1130.191756330625,1,,
Car 877,,,,,0,switch,,"Charger 0 (fid=22) not available, trying Charger 6 (fid=77)",1130.2666435231079,6,,
Car 861,,,,,6,switch,,"Charger 6 (fid=77) not available, trying Charger 7 (fid=52)",1130.2794898496059,7,,
Car 821,,,,,5,switch,,"Charger 5 (fid=19) not available, trying Charger 0 (fid=22)",1130.3067038198647,0,,
Car 831,,,,,1,switch,,"Charger 1 (fid=82) not available, trying Charger 0 (fid=22)",1130.40355920341,0,,
Car 886,,,,,2,switch,,"Charger 2 (fid=36) not available, trying Charger 0 (fid=22)",1130.4038136183992,0,,
Car 908,,,,80,,arrived,,arrived,1130.4081933922719,,,
Car 823,,,,,,gave_up,0,"no alternate charger available, gave up",1130.488825102261,,,
Car 898,,,,,2,switch,,"Charger 2 (fid=36) not available, trying Charger 5 (fid=19)",1130.597992413315,5,,
Car 884,,,,,5,switch,,"Charger 5 (fid=19) not available, trying Charger 2 (fid=36)",1130.6933395512074,2,,
Car 838,,,,,0,switch,,"Charger 0 (fid=22) not available, trying Charger 1 (fid=82)",1130.8614529924346,1,,
Car 909,,,,73,,arrived,,arrived,1130.8668503517385,,,
Car 899,,,,,5,switch,,"Charger 5 (fid=19) not available, trying Charger 2 (fid=36)",1130.9024369149674,2,,
Car 885,,,,,5,switch,,"Charger 5 (fid=19) not available, trying Charger 2 (fid=36)",1130.9306019041728,2,,
Car 857,,,,,0,switch,,"Charger 0 (fid=22) not available, trying Charger 6 (fid=77)",1131.0447989519855,6,,
Car 827,,,,,4,switch,,"Charger 4 (fid=86) not available, trying Charger 1 (fid=82)",1131.0996412365619,1,,
Car 865,,,,,4,switch,,"Charger 4 (fid=86) not available, trying Charger 1 (fid=82)",1131.3236041196647,1,,
Car 900,,,,,7,switch,,"Charger 7 (fid=52) not available, trying Charger 6 (fid=77)",1131.4881304636913,6,,
Car 829,,,,,1,switch,,"Charger 1 (fid=82) not available, trying Charger 4 (fid=86)",1131.563021912159,4,,
Car 867,,,,,2,switch,,"Charger 2 (fid=36) not available, trying Charger 5 (fid=19)",1131.7340887538132,5,,
Car 853,,,,,1,switch,,"Charger 1 (fid=82) not available, trying Charger 2 (fid=36)",1131.7777809090978,2,,
Car 841,,,,,7,switch,,"Charger 7 (fid=52) not available, trying Charger 1 (fid=82)",1131.8131113270356,1,,
Car 901,,,,,1,switch,,"Charger 1 (fid=82) not available, trying Charger 7 (fid=52)",1131.8866322555189,7,,
Car 852,,,,,7,switch,,"Charger 7 (fid=52) not available, trying Charger 3 (fid=53)",1131.9540459864975,3,,
Car 855,,,,,5,switch,,"Charger 5 (fid=19) not available, trying Charger 4 (fid=86)",1131.9640772759462,4,,
Car 846,,,,,7,switch,,"Charger 7 (fid=52) not available, trying Charger 3 (fid=53)",1132.023410627916,3,,
Car 902,,,,,0,switch,,"Charger 0 (fid=22) not available, trying Charger 5 (fid=19)",1132.122125010965,5,,
Car 910,,,,34,,arrived,,arrived,1132.1312050500408,,,
Car 866,,,,,4,switch,,"Charger 4 (fid=86) not available, trying Charger 1 (fid=82)",1132.132997936742,1,,
Car 825,,,,,,gave_up,4,"no alternate charger available, gave up",1132.2997469975296,,,
Car 889,,,,,5,switch,,"Charger 5 (fid=19) not available, trying Charger 0 (fid=22)",1132.4947811053,0,,
Car 843,,,,,3,switch,,"Charger 3 (fid=53) not available, trying Charger 1 (fid=82)",1132.6271004327375,1,,
Car 847,,,,,0,switch,,"Charger 0 (fid=22) not available, trying Charger 1 (fid=82)",1132.642538057783,1,,
Car 879,,,,,2,switch,,"Charger 2 (fid=36) not available, trying Charger 6 (fid=77)",1132.675267020615,6,,
Car 835,,,,,1,switch,,"Charger 1 (fid=82) not available, trying Charger 4 (fid=86)",1132.7512107653947,4,,
Car 888,,,,,3,switch,,"Charger 3 (fid=53) not available, trying Charger 7 (fid=52)",1132.771820815501,7,,
Car 844,,,,,3,switch,,"Charger 3 (fid=53) not available, trying Charger 1 (fid=82)",1132.8110812912055,1,,
Car 887,,,,,2,switch,,"Charger 2 (fid=36) not available, trying Charger 5 (fid=19)",1132.8503951084833,5,,
Car 832,,,,,1,switch,,"Charger 1 (fid=82) not available, trying Charger 4 (fid=86)",1132.8912070709018,4,,
Car 840,,,,,5,switch,,"Charger 5 (fid=19) not available, trying Charger 0 (fid=22)",1132.9144637740494,0,,
Car 869,,,,,2,switch,,"Charger 2 (fid=36) not available, trying Charger 5 (fid=19)",1132.9574720761614,5,,
Car 833,,,,,1,switch,,"Charger 1 (fid=82) not available, trying Charger 4 (fid=86)",1133.0100960407442,4,,
Car 850,,,,,3,switch,,"Charger 3 (fid=53) not available, trying Charger 1 (fid=82)",1133.179016651194,1,,
Car 903,,,,,2,switch,,"Charger 2 (fid=36) not available, trying Charger 5 (fid=19)",1133.388018412736,5,,
Car 801,58.0,53,3,,,done,,done charging,1133.410729111457,,,324.1464317403521
Car 848,,53,3,,,start_charge,,starting to charge at Charger 3 (fid=53),1133.410729111457,,28.723868114831703,
Car 880,,,,,2,switch,,"Charger 2 (fid=36) not available, trying Charger 6 (fid=77)",1133.4719435681334,6,,
Car 883,,,,,6,switch,,"Charger 6 (fid=77) not available, trying Charger 2 (fid=36)",1133.5039100155411,2,,
Car 911,,,,60,,arrived,,arrived,1133.5457360395715,,,
Car 828,,,,,5,switch,,"Charger 5 (fid=19) not available, trying Charger 0 (fid=22)",1133.583340064232,0,,
Car 878,,,,,7,switch,,"Charger 7 (fid=52) not available, trying Charger 0 (fid=22)",1133.7004960309946,0,,
Car 868,,,,,6,switch,,"Charger 6 (fid=77) not available, trying Charger 7 (fid=52)",1133.705655903314,7,,
Car 842,,,,,7,switch,,"Charger 7 (fid=52) not available, trying Charger 1 (fid=82)",1133.7858493042315,1,,
Car 845,,,,,2,switch,,"Charger 2 (fid=36) not available, trying Charger 5 (fid=19)",1133.8771536423308,5,,
Car 836,,,,,1,switch,,"Charger 1 (fid=82) not available, trying Charger 4 (fid=86)",1133.962410956531,4,,
Car 904,,,,,2,switch,,"Charger 2 (fid=36) not available, trying Charger 5 (fid=19)",1133.9704392404956,5,,
Car 912,,,,37,,arrived,,arrived,1134.0485912194251,,,
Car 826,,,,,,gave_up,4,"no alternate charger available, gave up",1134.0832616020214,,,
Car 894,,,,,4,switch,,"Charger 4 (fid=86) not available, trying Charger 7 (fid=52)",1134.2285423616747,7,,
Car 905,,,,,6,switch,,"Charger 6 (fid=77) not available, trying Charger 7 (fid=52)",1134.2395112706454,7,,
Car 860,,,,,7,switch,,"Charger 7 (fid=52) not available, trying Charger 3 (fid=53)",1134.2947227138477,3,,
Car 906,,,,,2,switch,,"Charger 2 (fid=36) not available, trying Charger 5 (fid=19)",1134.301777921507,5,,
Car 820,,,,,,gave_up,0,"no alternate charger available, gave up",1134.594536678304,,,
Car 893,,,,,5,switch,,"Charger 5 (fid=19) not available, trying Charger 0 (fid=22)",1134.691686268736,0,,
Car 849,,,,,3,switch,,"Charger 3 (fid=53) not available, trying Charger 1 (fid=82)",1134.7437583418377,1,,
Car 881,,,,,0,switch,,"Charger 0 (fid=22) not available, trying Charger 6 (fid=77)",1134.8833812551736,6,,
Car 896,,,,,5,switch,,"Charger 5 (fid=19) not available, trying Charger 0 (fid=22)",1134.891071561649,0,,
Car 834,,,,,,gave_up,4,"no alternate charger available, gave up",1134.973934358707,,,
Car 870,,,,,6,switch,,"Charger 6 (fid=77) not available, trying Charger 7 (fid=52)",1134.9929401392624,7,,
Car 891,,,,,5,switch,,"Charger 5 (fid=19) not available, trying Charger 2 (fid=36)",1135.0086080974468,2,,
Car 907,,,,,6,switch,,"Charger 6 (fid=77) not available, trying Charger 3 (fid=53)",1135.0360262510244,3,,
Car 809,,,,,,gave_up,4,"no alternate charger available, gave up",1135.16281442659,,,
Car 837,,,,,1,switch,,"Charger 1 (fid=82) not available, trying Charger 4 (fid=86)",1135.2709486457507,4,,
Car 913,,,,7,,arrived,,arrived,1135.290468389956,,,
Car 859,,,,,7,switch,,"Charger 7 (fid=52) not available, trying Charger 3 (fid=53)",1135.316534868124,3,,
Car 799,67.0,19,5,,,done,,done charging,1135.3588056309338,,,21.36065434390639
Car 895,,19,5,,,start_charge,,starting to charge at Charger 5 (fid=19),1135.3588056309338,,9.944443024354541,
Car 873,,,,,0,switch,,"Charger 0 (fid=22) not available, trying Charger 7 (fid=52)",1135.397359419201,7,,
Car 908,,,,,2,switch,,"Charger 2 (fid=36) not available, trying Charger 5 (fid=19)",1135.4081933922719,5,,
Car 890,,,,,4,switch,,"Charger 4 (fid=86) not available, trying Charger 7 (fid=52)",1135.4481228954137,7,,
Car 862,,,,,1,switch,,"Charger 1 (fid=82) not available, trying Charger 2 (fid=36)",1135.474208038939,2,,
Car 875,,,,,3,switch,,"Charger 3 (fid=53) not available, trying Charger 6 (fid=77)",1135.5183892330285,6,,
Car 882,,,,,0,switch,,"Charger 0 (fid=22) not available, trying Charger 6 (fid=77)",1135.6352066567126,6,,
Car 851,,,,,3,switch,,"Charger 3 (fid=53) not available, trying Charger 1 (fid=82)",1135.648707756353,1,,
Car 863,,,,,5,switch,,"Charger 5 (fid=19) not available, trying Charger 4 (fid=86)",1135.827567862145,4,,
Car 909,,,,,6,switch,,"Charger 6 (fid=77) not available, trying Charger 2 (fid=36)",1135.8668503517385,2,,
Car 864,,,,,7,switch,,"Charger 7 (fid=52) not available, trying Charger 3 (fid=53)",1135.8706541486222,3,,
Car 892,,,,,2,switch,,"Charger 2 (fid=36) not available, trying Charger 7 (fid=52)",1136.1429276350689,7,,
Car 897,,,,,5,switch,,"Charger 5 (fid=19) not available, trying Charger 2 (fid=36)",1136.2992677406473,2,,
Car 898,,,,,5,switch,,"Charger 5 (fid=19) not available, trying Charger 0 (fid=22)",1136.3508492464473,0,,
Car 827,,,,,,gave_up,1,"no alternate charger available, gave up",1136.382092944876,,,
Car 858,,,,,7,switch,,"Charger 7 (fid=52) not available, trying Charger 3 (fid=53)",1136.3837072335687,3,,
Car 884,,,,,2,switch,,"Charger 2 (fid=36) not available, trying Charger 6 (fid=77)",1136.4461963843396,6,,
Car 865,,,,,1,switch,,"Charger 1 (fid=82) not available, trying Charger 2 (fid=36)",1136.6060558279787,2,,
Car 876,,,,,6,switch,,"Charger 6 (fid=77) not available, trying Charger 7 (fid=52)",1136.649089062563,7,,
Car 899,,,,,2,switch,,"Charger 2 (fid=36) not available, trying Charger 0 (fid=22)",1136.6552937480997,0,,
Car 885,,,,,2,switch,,"Charger 2 (fid=36) not available, trying Charger 6 (fid=77)",1136.683458737305,6,,
Car 821,,,,,,gave_up,0,"no alternate charger available, gave up",1136.7674309728047,,,
Car 861,,,,,7,switch,,"Charger 7 (fid=52) not available, trying Charger 3 (fid=53)",1136.8452274658305,3,,
Car 829,,,,,,gave_up,4,"no alternate charger available, gave up",1136.845473620473,,,
Car 872,,,,,6,switch,,"Charger 6 (fid=77) not available, trying Charger 7 (fid=52)",1136.915886435962,7,,
Car 854,,,,,3,switch,,"Charger 3 (fid=53) not available, trying Charger 7 (fid=52)",1136.9528409224165,7,,
Car 910,,,,,2,switch,,"Charger 2 (fid=36) not available, trying Charger 5 (fid=19)",1137.1312050500408,5,,
Car 914,,,,21,,arrived,,arrived,1137.199552835839,,,
Car 866,,,,,1,switch,,"Charger 1 (fid=82) not available, trying Charger 2 (fid=36)",1137.415449645056,2,,
Car 867,,,,,5,switch,,"Charger 5 (fid=19) not available, trying Charger 0 (fid=22)",1137.4869455869455,0,,
Car 886,,,,,0,switch,,"Charger 0 (fid=22) not available, trying Charger 6 (fid=77)",1137.5468019925893,6,,
Car 915,,,,63,,arrived,,arrived,1137.701482884411,,,
Car 852,,,,,3,switch,,"Charger 3 (fid=53) not available, trying Charger 1 (fid=82)",1137.9739826055293,1,,
Car 835,,,,,,gave_up,4,"no alternate charger available, gave up",1138.0336624737088,,,
Car 846,,,,,3,switch,,"Charger 3 (fid=53) not available, trying Charger 1 (fid=82)",1138.0433472469479,1,,
Car 900,,,,,6,switch,,"Charger 6 (fid=77) not available, trying Charger 3 (fid=53)",1138.053868079916,3,,
Car 874,,,,,6,switch,,"Charger 6 (fid=77) not available, trying Charger 7 (fid=52)",1138.0700257896613,7,,
Car 832,,,,,,gave_up,4,"no alternate charger available, gave up",1138.1736587792159,,,
Car 833,,,,,,gave_up,4,"no alternate charger available, gave up",1138.2925477490583,,,
Car 916,,,,24,,arrived,,arrived,1138.325594662417,,,
Car 917,,,,4,,arrived,,arrived,1138.5453947678648,,,
Car 911,,,,,6,switch,,"Charger 6 (fid=77) not available, trying Charger 3 (fid=53)",1138.5457360395715,3,,
Car 902,,,,,5,switch,,"Charger 5 (fid=19) not available, trying Charger 2 (fid=36)",1138.582852163905,2,,
Car 887,,,,,5,switch,,"Charger 5 (fid=19) not available, trying Charger 0 (fid=22)",1138.6032519416156,0,,
Car 871,,,,,1,switch,,"Charger 1 (fid=82) not available, trying Charger 5 (fid=19)",1138.6237251875666,5,,
Car 869,,,,,5,switch,,"Charger 5 (fid=19) not available, trying Charger 0 (fid=22)",1138.7103289092936,0,,
Car 888,,,,,7,switch,,"Charger 7 (fid=52) not available, trying Charger 2 (fid=36)",1138.7917574345329,2,,
Car 889,,,,,0,switch,,"Charger 0 (fid=22) not available, trying Charger 6 (fid=77)",1138.9555082582401,6,,
Car 912,,,,,0,switch,,"Charger 0 (fid=22) not available, trying Charger 5 (fid=19)",1139.0485912194251,5,,
Car 839,,,,,1,switch,,"Charger 1 (fid=82) not available, trying Charger 4 (fid=86)",1139.0602463837363,4,,
Car 903,,,,,5,switch,,"Charger 5 (fid=19) not available, trying Charger 0 (fid=22)",1139.1408752458683,0,,
Car 918,,,,4,,arrived,,arrived,1139.2077491217628,,,
Car 836,,,,,,gave_up,4,"no alternate charger available, gave up",1139.244862664845,,,
Car 840,,,,,,gave_up,0,"no alternate charger available, gave up",1139.3751909269895,,,
Car 841,,,,,1,switch,,"Charger 1 (fid=82) not available, trying Charger 4 (fid=86)",1139.4710290155028,4,,
Car 901,,,,,7,switch,,"Charger 7 (fid=52) not available, trying Charger 2 (fid=36)",1139.544549943986,2,,
Car 877,,,,,6,switch,,"Charger 6 (fid=77) not available, trying Charger 7 (fid=52)",1139.6047483345687,7,,
Car 845,,,,,5,switch,,"Charger 5 (fid=19) not available, trying Charger 0 (fid=22)",1139.630010475463,0,,
Car 904,,,,,5,switch,,"Charger 5 (fid=19) not available, trying Charger 0 (fid=22)",1139.7232960736278,0,,
Car 828,,,,,,gave_up,0,"no alternate charger available, gave up",1140.0440672171721,,,
Car 906,,,,,5,switch,,"Charger 5 (fid=19) not available, trying Charger 0 (fid=22)",1140.0546347546392,0,,
Car 919,,,,37,,arrived,,arrived,1140.0607675857873,,,
Car 879,,,,,6,switch,,"Charger 6 (fid=77) not available, trying Charger 7 (fid=52)",1140.230571381176,7,,
Car 868,,,,,7,switch,,"Charger 7 (fid=52) not available, trying Charger 3 (fid=53)",1140.2713935195386,3,,
Car 913,,,,,7,switch,,"Charger 7 (fid=52) not available, trying Charger 3 (fid=53)",1140.290468389956,3,,
Car 860,,,,,3,switch,,"Charger 3 (fid=53) not available, trying Charger 1 (fid=82)",1140.3146593328795,1,,
Car 857,,,,,6,switch,,"Charger 6 (fid=77) not available, trying Charger 1 (fid=82)",1140.3829037634464,1,,
Car 920,,,,35,,arrived,,arrived,1140.5455276004668,,,
Car 837,,,,,,gave_up,4,"no alternate charger available, gave up",1140.5534003540647,,,
Car 891,,,,,2,switch,,"Charger 2 (fid=36) not available, trying Charger 6 (fid=77)",1140.761464930579,6,,
Car 905,,,,,7,switch,,"Charger 7 (fid=52) not available, trying Charger 3 (fid=53)",1140.80524888687,3,,
Car 843,,,,,1,switch,,"Charger 1 (fid=82) not available, trying Charger 4 (fid=86)",1140.9713146400788,4,,
Car 686,114.0,22,0,,,done,,done charging,1141.0177489009466,,,508.7791082070881
Car 893,,22,0,,,start_charge,,starting to charge at Charger 0 (fid=22),1141.0177489009466,,14.86533547927047,
Car 880,,,,,6,switch,,"Charger 6 (fid=77) not available, trying Charger 7 (fid=52)",1141.0272479286946,7,,
Car 883,,,,,2,switch,,"Charger 2 (fid=36) not available, trying Charger 5 (fid=19)",1141.0592143761023,5,,
Car 844,,,,,1,switch,,"Charger 1 (fid=82) not available, trying Charger 4 (fid=86)",1141.1552954985468,4,,
Car 908,,,,,5,switch,,"Charger 5 (fid=19) not available, trying Charger 6 (fid=77)",1141.161050225404,6,,
Car 921,,,,4,,arrived,,arrived,1141.2410260467454,,,
Car 859,,,,,3,switch,,"Charger 3 (fid=53) not available, trying Charger 1 (fid=82)",1141.336471487156,1,,
Car 853,,,,,2,switch,,"Charger 2 (fid=36) not available, trying Charger 5 (fid=19)",1141.3379419489518,5,,
Car 896,,,,,0,switch,,"Charger 0 (fid=22) not available, trying Charger 6 (fid=77)",1141.351798714589,6,,
Car 842,,,,,1,switch,,"Charger 1 (fid=82) not available, trying Charger 4 (fid=86)",1141.4437669926988,4,,
Car 850,,,,,1,switch,,"Charger 1 (fid=82) not available, trying Charger 4 (fid=86)",1141.5232308585353,4,,
Car 870,,,,,7,switch,,"Charger 7 (fid=52) not available, trying Charger 3 (fid=53)",1141.558677755487,3,,
Car 907,,,,,3,switch,,"Charger 3 (fid=53) not available, trying Charger 7 (fid=52)",1141.6090501214894,7,,
Car 922,,,,14,,arrived,,arrived,1141.6360311027306,,,
Car 894,,,,,7,switch,,"Charger 7 (fid=52) not available, trying Charger 2 (fid=36)",1141.858409759215,2,,
Car 864,,,,,3,switch,,"Charger 3 (fid=53) not available, trying Charger 1 (fid=82)",1141.890590767654,1,,
Car 831,,,,,,gave_up,0,"no alternate charger available, gave up",1142.020288487954,,,
Car 897,,,,,2,switch,,"Charger 2 (fid=36) not available, trying Charger 6 (fid=77)",1142.0521245737796,6,,
Car 923,,,,50,,arrived,,arrived,1142.0564126613378,,,
Car 875,,,,,6,switch,,"Charger 6 (fid=77) not available, trying Charger 2 (fid=36)",1142.0914131034936,2,,
Car 924,,,,60,,arrived,,arrived,1142.1789628996007,,,
Car 914,,,,,5,switch,,"Charger 5 (fid=19) not available, trying Charger 2 (fid=36)",1142.199552835839,2,,
Car 855,,,,,4,switch,,"Charger 4 (fid=86) not available, trying Charger 1 (fid=82)",1142.2946735678215,1,,
Car 858,,,,,3,switch,,"Charger 3 (fid=53) not available, trying Charger 1 (fid=82)",1142.4036438526005,1,,
Car 838,,,,,1,switch,,"Charger 1 (fid=82) not available, trying Charger 4 (fid=86)",1142.4781822769787,4,,
Car 915,,,,,0,switch,,"Charger 0 (fid=22) not available, trying Charger 6 (fid=77)",1142.701482884411,6,,
Car 898,,,,,0,switch,,"Charger 0 (fid=22) not available, trying Charger 6 (fid=77)",1142.8115763993874,6,,
Car 861,,,,,3,switch,,"Charger 3 (fid=53) not available, trying Charger 1 (fid=82)",1142.8651640848623,1,,
Car 910,,,,,5,switch,,"Charger 5 (fid=19) not available, trying Charger 0 (fid=22)",1142.884061883173,0,,
Car 854,,,,,7,switch,,"Charger 7 (fid=52) not available, trying Charger 1 (fid=82)",1142.9727775414483,1,,
Car 890,,,,,7,switch,,"Charger 7 (fid=52) not available, trying Charger 1 (fid=82)",1143.077990292954,1,,
Car 849,,,,,1,switch,,"Charger 1 (fid=82) not available, trying Charger 4 (fid=86)",1143.087972549179,4,,
Car 876,,,,,7,switch,,"Charger 7 (fid=52) not available, trying Charger 3 (fid=53)",1143.2148266787876,3,,
Car 916,,,,,0,switch,,"Charger 0 (fid=22) not available, trying Charger 5 (fid=19)",1143.325594662417,5,,
Car 909,,,,,2,switch,,"Charger 2 (fid=36) not available, trying Charger 5 (fid=19)",1143.4221547122997,5,,
Car 872,,,,,7,switch,,"Charger 7 (fid=52) not available, trying Charger 3 (fid=53)",1143.4816240521866,3,,
Car 917,,,,,0,switch,,"Charger 0 (fid=22) not available, trying Charger 5 (fid=19)",1143.5453947678648,5,,
Car 899,,,,,0,switch,,"Charger 0 (fid=22) not available, trying Charger 6 (fid=77)",1143.7982821222897,6,,
Car 878,,,,,0,switch,,"Charger 0 (fid=22) not available, trying Charger 6 (fid=77)",1143.8332068411405,6,,
Car 867,,,,,0,switch,,"Charger 0 (fid=22) not available, trying Charger 4 (fid=86)",1143.9476727398855,4,,
Car 851,,,,,1,switch,,"Charger 1 (fid=82) not available, trying Charger 4 (fid=86)",1143.9929219636942,4,,
Car 884,,,,,6,switch,,"Charger 6 (fid=77) not available, trying Charger 7 (fid=52)",1144.0015007449008,7,,
Car 892,,,,,7,switch,,"Charger 7 (fid=52) not available, trying Charger 3 (fid=53)",1144.1712651321084,3,,
Car 918,,,,,6,switch,,"Charger 6 (fid=77) not available, trying Charger 7 (fid=52)",1144.2077491217628,7,,
Car 881,,,,,6,switch,,"Charger 6 (fid=77) not available, trying Charger 7 (fid=52)",1144.2214860666345,7,,
Car 885,,,,,6,switch,,"Charger 6 (fid=77) not available, trying Charger 7 (fid=52)",1144.2387630978662,7,,
Car 847,,,,,1,switch,,"Charger 1 (fid=82) not available, trying Charger 4 (fid=86)",1144.2592673423271,4,,
Car 902,,,,,2,switch,,"Charger 2 (fid=36) not available, trying Charger 6 (fid=77)",1144.3357089970373,6,,
Car 839,,,,,,gave_up,4,"no alternate charger available, gave up",1144.3426980920503,,,
Car 900,,,,,3,switch,,"Charger 3 (fid=53) not available, trying Charger 2 (fid=36)",1144.626891950381,2,,
Car 874,,,,,7,switch,,"Charger 7 (fid=52) not available, trying Charger 3 (fid=53)",1144.6357634058859,3,,
Car 925,,,,28,,arrived,,arrived,1144.7093186201948,,,
Car 841,,,,,,gave_up,4,"no alternate charger available, gave up",1144.753480723817,,,
Car 882,,,,,6,switch,,"Charger 6 (fid=77) not available, trying Charger 7 (fid=52)",1144.9733114681735,7,,
Car 862,,,,,2,switch,,"Charger 2 (fid=36) not available, trying Charger 5 (fid=19)",1145.034369078793,5,,
Car 919,,,,,0,switch,,"Charger 0 (fid=22) not available, trying Charger 5 (fid=19)",1145.0607675857873,5,,
Car 887,,,,,0,switch,,"Charger 0 (fid=22) not available, trying Charger 7 (fid=52)",1145.0639790945556,7,,
Car 911,,,,,3,switch,,"Charger 3 (fid=53) not available, trying Charger 7 (fid=52)",1145.1187599100365,7,,
Car 869,,,,,0,switch,,"Charger 0 (fid=22) not available, trying Charger 4 (fid=86)",1145.1710560622337,4,,
Car 926,,,,11,,arrived,,arrived,1145.3771591298425,,,
Car 912,,,,,5,switch,,"Charger 5 (fid=19) not available, trying Charger 2 (fid=36)",1145.5093183723652,2,,
Car 873,,,,,7,switch,,"Charger 7 (fid=52) not available, trying Charger 3 (fid=53)",1145.5300702293468,3,,
Car 920,,,,,2,switch,,"Charger 2 (fid=36) not available, trying Charger 5 (fid=19)",1145.5455276004668,5,,
Car 903,,,,,0,switch,,"Charger 0 (fid=22) not available, trying Charger 6 (fid=77)",1145.6016023988084,6,,
Car 845,,,,,,gave_up,0,"no alternate charger available, gave up",1146.090737628403,,,
Car 863,,,,,4,switch,,"Charger 4 (fid=86) not available, trying Charger 1 (fid=82)",1146.1581641540204,1,,
Car 865,,,,,2,switch,,"Charger 2 (fid=36) not available, trying Charger 5 (fid=19)",1146.1662168678326,5,,
Car 877,,,,,7,switch,,"Charger 7 (fid=52) not available, trying Charger 3 (fid=53)",1146.1704859507934,3,,
Car 904,,,,,0,switch,,"Charger 0 (fid=22) not available, trying Charger 6 (fid=77)",1146.184023226568,6,,
Car 921,,,,,6,switch,,"Charger 6 (fid=77) not available, trying Charger 7 (fid=52)",1146.2410260467454,7,,
Car 843,,,,,,gave_up,4,"no alternate charger available, gave up",1146.253766348393,,,
Car 868,,,,,3,switch,,"Charger 3 (fid=53) not available, trying Charger 1 (fid=82)",1146.2913301385704,1,,
Car 913,,,,,3,switch,,"Charger 3 (fid=53) not available, trying Charger 4 (fid=86)",1146.3104050089878,4,,
Car 852,,,,,1,switch,,"Charger 1 (fid=82) not available, trying Charger 4 (fid=86)",1146.3181968128706,4,,
Car 846,,,,,1,switch,,"Charger 1 (fid=82) not available, trying Charger 4 (fid=86)",1146.3875614542892,4,,
Car 844,,,,,,gave_up,4,"no alternate charger available, gave up",1146.4377472068609,,,
Car 906,,,,,0,switch,,"Charger 0 (fid=22) not available, trying Charger 6 (fid=77)",1146.5153619075793,6,,
Car 922,,,,,2,switch,,"Charger 2 (fid=36) not available, trying Charger 5 (fid=19)",1146.6360311027306,5,,
Car 842,,,,,,gave_up,4,"no alternate charger available, gave up",1146.7262187010128,,,
Car 879,,,,,7,switch,,"Charger 7 (fid=52) not available, trying Charger 3 (fid=53)",1146.7963089974007,3,,
Car 850,,,,,,gave_up,4,"no alternate charger available, gave up",1146.8056825668493,,,
Car 883,,,,,5,switch,,"Charger 5 (fid=19) not available, trying Charger 3 (fid=53)",1146.8120712092345,3,,
Car 888,,,,,2,switch,,"Charger 2 (fid=36) not available, trying Charger 5 (fid=19)",1146.8200949315724,5,,
Car 905,,,,,3,switch,,"Charger 3 (fid=53) not available, trying Charger 2 (fid=36)",1146.8251855059018,2,,
Car 886,,,,,6,switch,,"Charger 6 (fid=77) not available, trying Charger 7 (fid=52)",1146.8849068040502,7,,
Car 866,,,,,2,switch,,"Charger 2 (fid=36) not available, trying Charger 5 (fid=19)",1146.97561068491,5,,
Car 923,,,,,6,switch,,"Charger 6 (fid=77) not available, trying Charger 3 (fid=53)",1147.0564126613378,3,,
Car 853,,,,,5,switch,,"Charger 5 (fid=19) not available, trying Charger 0 (fid=22)",1147.090798782084,0,,
Car 924,,,,,6,switch,,"Charger 6 (fid=77) not available, trying Charger 3 (fid=53)",1147.1789628996007,3,,
Car 901,,,,,2,switch,,"Charger 2 (fid=36) not available, trying Charger 4 (fid=86)",1147.5728874410256,4,,
Car 855,,,,,1,switch,,"Charger 1 (fid=82) not available, trying Charger 0 (fid=22)",1147.5771252761356,0,,
Car 870,,,,,3,switch,,"Charger 3 (fid=53) not available, trying Charger 1 (fid=82)",1147.5786143745188,1,,
Car 880,,,,,7,switch,,"Charger 7 (fid=52) not available, trying Charger 3 (fid=53)",1147.5929855449192,3,,
Car 907,,,,,7,switch,,"Charger 7 (fid=52) not available, trying Charger 2 (fid=36)",1147.6289867405212,2,,
Car 838,,,,,,gave_up,4,"no alternate charger available, gave up",1147.7606339852928,,,
Car 914,,,,,2,switch,,"Charger 2 (fid=36) not available, trying Charger 0 (fid=22)",1147.9524096689713,0,,
Car 889,,,,,6,switch,,"Charger 6 (fid=77) not available, trying Charger 7 (fid=52)",1148.293613069701,7,,
Car 891,,,,,6,switch,,"Charger 6 (fid=77) not available, trying Charger 7 (fid=52)",1148.3167692911402,7,,
Car 849,,,,,,gave_up,4,"no alternate charger available, gave up",1148.3704242574931,,,
Car 860,,,,,1,switch,,"Charger 1 (fid=82) not available, trying Charger 4 (fid=86)",1148.6588735402208,4,,
Car 871,,,,,5,switch,,"Charger 5 (fid=19) not available, trying Charger 3 (fid=53)",1148.7825653706423,3,,
Car 927,,,,8,,arrived,,arrived,1149.0042586393374,,,
Car 928,,,,61,,arrived,,arrived,1149.0485436282083,,,
Car 909,,,,,5,switch,,"Charger 5 (fid=19) not available, trying Charger 0 (fid=22)",1149.175011545432,0,,
Car 876,,,,,3,switch,,"Charger 3 (fid=53) not available, trying Charger 1 (fid=82)",1149.2347632978194,1,,
Car 851,,,,,,gave_up,4,"no alternate charger available, gave up",1149.2753736720083,,,
Car 910,,,,,0,switch,,"Charger 0 (fid=22) not available, trying Charger 6 (fid=77)",1149.344789036113,6,,
Car 908,,,,,6,switch,,"Charger 6 (fid=77) not available, trying Charger 7 (fid=52)",1149.4142537952532,7,,
Car 872,,,,,3,switch,,"Charger 3 (fid=53) not available, trying Charger 1 (fid=82)",1149.5015606712184,1,,
Car 847,,,,,,gave_up,4,"no alternate charger available, gave up",1149.5417190506412,,,
Car 857,,,,,1,switch,,"Charger 1 (fid=82) not available, trying Charger 3 (fid=53)",1149.5680817804441,3,,
Car 897,,,,,6,switch,,"Charger 6 (fid=77) not available, trying Charger 7 (fid=52)",1149.6074289343408,7,,
Car 875,,,,,2,switch,,"Charger 2 (fid=36) not available, trying Charger 5 (fid=19)",1149.6467174640547,5,,
Car 859,,,,,1,switch,,"Charger 1 (fid=82) not available, trying Charger 4 (fid=86)",1149.6806856944972,4,,
Car 925,,,,,0,switch,,"Charger 0 (fid=22) not available, trying Charger 5 (fid=19)",1149.7093186201948,5,,
Car 916,,,,,5,switch,,"Charger 5 (fid=19) not available, trying Charger 2 (fid=36)",1149.786321815357,2,,
Car 894,,,,,2,switch,,"Charger 2 (fid=36) not available, trying Charger 3 (fid=53)",1149.8867472562545,3,,
Car 917,,,,,5,switch,,"Charger 5 (fid=19) not available, trying Charger 2 (fid=36)",1150.0061219208048,2,,
Car 929,,,,18,,arrived,,arrived,1150.0988856186536,,,
Car 892,,,,,3,switch,,"Charger 3 (fid=53) not available, trying Charger 5 (fid=19)",1150.1912017511402,5,,
Car 864,,,,,1,switch,,"Charger 1 (fid=82) not available, trying Charger 4 (fid=86)",1150.2348049749953,4,,
Car 926,,,,,6,switch,,"Charger 6 (fid=77) not available, trying Charger 2 (fid=36)",1150.3771591298425,2,,
Car 884,,,,,7,switch,,"Charger 7 (fid=52) not available, trying Charger 3 (fid=53)",1150.5672383611254,3,,
Car 854,,,,,1,switch,,"Charger 1 (fid=82) not available, trying Charger 4 (fid=86)",1150.6306952299155,4,,
Car 874,,,,,3,switch,,"Charger 3 (fid=53) not available, trying Charger 1 (fid=82)",1150.6557000249177,1,,
Car 896,,,,,6,switch,,"Charger 6 (fid=77) not available, trying Charger 7 (fid=52)",1150.6899035260499,7,,
Car 890,,,,,1,switch,,"Charger 1 (fid=82) not available, trying Charger 6 (fid=77)",1150.7359079814212,6,,
Car 858,,,,,1,switch,,"Charger 1 (fid=82) not available, trying Charger 4 (fid=86)",1150.7478580599418,4,,
Car 918,,,,,7,switch,,"Charger 7 (fid=52) not available, trying Charger 3 (fid=53)",1150.7734867379875,3,,
Car 881,,,,,7,switch,,"Charger 7 (fid=52) not available, trying Charger 3 (fid=53)",1150.7872236828591,3,,
Car 862,,,,,5,switch,,"Charger 5 (fid=19) not available, trying Charger 0 (fid=22)",1150.7872259119251,0,,
Car 885,,,,,7,switch,,"Charger 7 (fid=52) not available, trying Charger 3 (fid=53)",1150.8045007140909,3,,
Car 911,,,,,7,switch,,"Charger 7 (fid=52) not available, trying Charger 2 (fid=36)",1151.1386965290683,2,,
Car 861,,,,,1,switch,,"Charger 1 (fid=82) not available, trying Charger 4 (fid=86)",1151.2093782922036,4,,
Car 912,,,,,2,switch,,"Charger 2 (fid=36) not available, trying Charger 6 (fid=77)",1151.2621752054974,6,,
Car 920,,,,,5,switch,,"Charger 5 (fid=19) not available, trying Charger 0 (fid=22)",1151.298384433599,0,,
Car 863,,,,,1,switch,,"Charger 1 (fid=82) not available, trying Charger 0 (fid=22)",1151.4406158623344,0,,
Car 919,,,,,5,switch,,"Charger 5 (fid=19) not available, trying Charger 2 (fid=36)",1151.5214947387274,2,,
Car 882,,,,,7,switch,,"Charger 7 (fid=52) not available, trying Charger 3 (fid=53)",1151.5390490843981,3,,
Car 873,,,,,3,switch,,"Charger 3 (fid=53) not available, trying Charger 1 (fid=82)",1151.5500068483786,1,,
Car 852,,,,,,gave_up,4,"no alternate charger available, gave up",1151.6006485211847,,,
Car 846,,,,,,gave_up,4,"no alternate charger available, gave up",1151.6700131626033,,,
Car 902,,,,,6,switch,,"Charger 6 (fid=77) not available, trying Charger 7 (fid=52)",1151.8910133575985,7,,
Car 865,,,,,5,switch,,"Charger 5 (fid=19) not available, trying Charger 0 (fid=22)",1151.9190737009649,0,,
Car 915,,,,,6,switch,,"Charger 6 (fid=77) not available, trying Charger 2 (fid=36)",1152.039587695872,2,,
Car 898,,,,,6,switch,,"Charger 6 (fid=77) not available, trying Charger 7 (fid=52)",1152.1496812108483,7,,
Car 877,,,,,3,switch,,"Charger 3 (fid=53) not available, trying Charger 1 (fid=82)",1152.1904225698252,1,,
Car 922,,,,,5,switch,,"Charger 5 (fid=19) not available, trying Charger 0 (fid=22)",1152.3888879358628,0,,
Car 930,,,,26,,arrived,,arrived,1152.4258785378622,,,
Car 931,,,,8,,arrived,,arrived,1152.5381841284016,,,
Car 888,,,,,5,switch,,"Charger 5 (fid=19) not available, trying Charger 4 (fid=86)",1152.5729517647046,4,,
Car 866,,,,,5,switch,,"Charger 5 (fid=19) not available, trying Charger 0 (fid=22)",1152.7284675180422,0,,
Car 921,,,,,7,switch,,"Charger 7 (fid=52) not available, trying Charger 3 (fid=53)",1152.80676366297,3,,
Car 879,,,,,3,switch,,"Charger 3 (fid=53) not available, trying Charger 1 (fid=82)",1152.8162456164325,1,,
Car 899,,,,,6,switch,,"Charger 6 (fid=77) not available, trying Charger 7 (fid=52)",1153.1363869337506,7,,
Car 878,,,,,6,switch,,"Charger 6 (fid=77) not available, trying Charger 1 (fid=82)",1153.1713116526014,1,,
Car 900,,,,,2,switch,,"Charger 2 (fid=36) not available, trying Charger 1 (fid=82)",1153.3810776422429,1,,
Car 886,,,,,7,switch,,"Charger 7 (fid=52) not available, trying Charger 3 (fid=53)",1153.4506444202748,3,,
Car 853,,,,,,gave_up,0,"no alternate charger available, gave up",1153.551525935024,,,
Car 880,,,,,3,switch,,"Charger 3 (fid=53) not available, trying Charger 1 (fid=82)",1153.612922163951,1,,
Car 923,,,,,3,switch,,"Charger 3 (fid=53) not available, trying Charger 7 (fid=52)",1153.6294365318029,7,,
Car 924,,,,,3,switch,,"Charger 3 (fid=53) not available, trying Charger 7 (fid=52)",1153.7519867700657,7,,
Car 860,,,,,,gave_up,4,"no alternate charger available, gave up",1153.941325248535,,,
Car 927,,,,,6,switch,,"Charger 6 (fid=77) not available, trying Charger 2 (fid=36)",1154.0042586393374,2,,
Car 928,,,,,6,switch,,"Charger 6 (fid=77) not available, trying Charger 3 (fid=53)",1154.0485436282083,3,,
Car 932,,,,72,,arrived,,arrived,1154.1687049749962,,,
Car 913,,,,,4,switch,,"Charger 4 (fid=86) not available, trying Charger 1 (fid=82)",1154.5533967650636,1,,
Car 868,,,,,1,switch,,"Charger 1 (fid=82) not available, trying Charger 4 (fid=86)",1154.6355443459117,4,,
Car 889,,,,,7,switch,,"Charger 7 (fid=52) not available, trying Charger 3 (fid=53)",1154.8593506859256,3,,
Car 891,,,,,7,switch,,"Charger 7 (fid=52) not available, trying Charger 3 (fid=53)",1154.8825069073648,3,,
Car 903,,,,,6,switch,,"Charger 6 (fid=77) not available, trying Charger 7 (fid=52)",1154.9397072102693,7,,
Car 859,,,,,,gave_up,4,"no alternate charger available, gave up",1154.9631374028113,,,
Car 914,,,,,0,switch,,"Charger 0 (fid=22) not available, trying Charger 6 (fid=77)",1155.0953980431614,6,,
Car 929,,,,,5,switch,,"Charger 5 (fid=19) not available, trying Charger 2 (fid=36)",1155.0988856186536,2,,
Car 933,,,,117,,arrived,,arrived,1155.1483728022502,,,
Car 887,,,,,7,switch,,"Charger 7 (fid=52) not available, trying Charger 3 (fid=53)",1155.1966899047015,3,,
Car 875,,,,,5,switch,,"Charger 5 (fid=19) not available, trying Charger 0 (fid=22)",1155.399574297187,0,,
Car 864,,,,,,gave_up,4,"no alternate charger available, gave up",1155.5172566833094,,,
Car 904,,,,,6,switch,,"Charger 6 (fid=77) not available, trying Charger 7 (fid=52)",1155.5221280380288,7,,
Car 916,,,,,2,switch,,"Charger 2 (fid=36) not available, trying Charger 6 (fid=77)",1155.5391786484893,6,,
Car 905,,,,,2,switch,,"Charger 2 (fid=36) not available, trying Charger 5 (fid=19)",1155.5793711977637,5,,
Car 909,,,,,0,switch,,"Charger 0 (fid=22) not available, trying Charger 7 (fid=52)",1155.635738698372,7,,
Car 907,,,,,2,switch,,"Charger 2 (fid=36) not available, trying Charger 5 (fid=19)",1155.6573242375607,5,,
Car 867,,,,,4,switch,,"Charger 4 (fid=86) not available, trying Charger 1 (fid=82)",1155.7385513366887,1,,
Car 753,119.0,22,0,,,done,,done charging,1155.7445815908738,,,110.740228485438
Car 862,,22,0,,,start_charge,,starting to charge at Charger 0 (fid=22),1155.7445815908738,,38.496628526008635,
Car 934,,,,56,,arrived,,arrived,1155.7467953566118,,,
Car 917,,,,,2,switch,,"Charger 2 (fid=36) not available, trying Charger 6 (fid=77)",1155.758978753937,6,,
Car 906,,,,,6,switch,,"Charger 6 (fid=77) not available, trying Charger 7 (fid=52)",1155.8534667190402,7,,
Car 854,,,,,,gave_up,4,"no alternate charger available, gave up",1155.9131469382296,,,
Car 870,,,,,1,switch,,"Charger 1 (fid=82) not available, trying Charger 4 (fid=86)",1155.9228285818601,4,,
Car 908,,,,,7,switch,,"Charger 7 (fid=52) not available, trying Charger 0 (fid=22)",1155.9799914114778,0,,
Car 858,,,,,,gave_up,4,"no alternate charger available, gave up",1156.0303097682558,,,
Car 925,,,,,5,switch,,"Charger 5 (fid=19) not available, trying Charger 2 (fid=36)",1156.170045773135,2,,
Car 897,,,,,7,switch,,"Charger 7 (fid=52) not available, trying Charger 3 (fid=53)",1156.1731665505654,3,,
Car 935,,,,89,,arrived,,arrived,1156.1903852835255,,,
Car 883,,,,,3,switch,,"Charger 3 (fid=53) not available, trying Charger 7 (fid=52)",1156.3155857271818,7,,
Car 861,,,,,,gave_up,4,"no alternate charger available, gave up",1156.4918300005177,,,
Car 884,,,,,3,switch,,"Charger 3 (fid=53) not available, trying Charger 1 (fid=82)",1156.5871749801572,1,,
Car 918,,,,,3,switch,,"Charger 3 (fid=53) not available, trying Charger 2 (fid=36)",1156.7934233570193,2,,
Car 881,,,,,3,switch,,"Charger 3 (fid=53) not available, trying Charger 1 (fid=82)",1156.807160301891,1,,
Car 885,,,,,3,switch,,"Charger 3 (fid=53) not available, trying Charger 1 (fid=82)",1156.8244373331227,1,,
Car 869,,,,,4,switch,,"Charger 4 (fid=86) not available, trying Charger 1 (fid=82)",1156.9619346590368,1,,
Car 896,,,,,7,switch,,"Charger 7 (fid=52) not available, trying Charger 3 (fid=53)",1157.2556411422745,3,,
Car 919,,,,,2,switch,,"Charger 2 (fid=36) not available, trying Charger 6 (fid=77)",1157.2743515718596,6,,
Car 901,,,,,4,switch,,"Charger 4 (fid=86) not available, trying Charger 5 (fid=19)",1157.284017715593,5,,
Car 936,,,,54,,arrived,,arrived,1157.386655954245,,,
Car 930,,,,,0,switch,,"Charger 0 (fid=22) not available, trying Charger 5 (fid=19)",1157.4258785378622,5,,
Car 931,,,,,6,switch,,"Charger 6 (fid=77) not available, trying Charger 2 (fid=36)",1157.5381841284016,2,,
Car 882,,,,,3,switch,,"Charger 3 (fid=53) not available, trying Charger 1 (fid=82)",1157.55898570343,1,,
Car 937,,,,62,,arrived,,arrived,1157.5640736542548,,,
Car 876,,,,,1,switch,,"Charger 1 (fid=82) not available, trying Charger 4 (fid=86)",1157.5789775051608,4,,
Car 920,,,,,0,switch,,"Charger 0 (fid=22) not available, trying Charger 6 (fid=77)",1157.7591115865391,6,,
Car 872,,,,,1,switch,,"Charger 1 (fid=82) not available, trying Charger 4 (fid=86)",1157.8457748785597,4,,
Car 857,,,,,3,switch,,"Charger 3 (fid=53) not available, trying Charger 4 (fid=86)",1157.9122959877855,4,,
Car 926,,,,,2,switch,,"Charger 2 (fid=36) not available, trying Charger 5 (fid=19)",1157.9324634904037,5,,
Car 871,,,,,3,switch,,"Charger 3 (fid=53) not available, trying Charger 4 (fid=86)",1158.2860798885895,4,,
Car 865,,,,,,gave_up,0,"no alternate charger available, gave up",1158.379800853905,,,
Car 902,,,,,7,switch,,"Charger 7 (fid=52) not available, trying Charger 3 (fid=53)",1158.456750973823,3,,
Car 894,,,,,3,switch,,"Charger 3 (fid=53) not available, trying Charger 6 (fid=77)",1158.6409329481164,6,,
Car 938,,,,73,,arrived,,arrived,1158.6458518491725,,,
Car 910,,,,,6,switch,,"Charger 6 (fid=77) not available, trying Charger 7 (fid=52)",1158.682893847574,7,,
Car 898,,,,,7,switch,,"Charger 7 (fid=52) not available, trying Charger 3 (fid=53)",1158.7154188270729,3,,
Car 912,,,,,6,switch,,"Charger 6 (fid=77) not available, trying Charger 7 (fid=52)",1158.8174795660586,7,,
Car 921,,,,,3,switch,,"Charger 3 (fid=53) not available, trying Charger 2 (fid=36)",1158.8267002820019,2,,
Car 922,,,,,0,switch,,"Charger 0 (fid=22) not available, trying Charger 6 (fid=77)",1158.849615088803,6,,
Car 874,,,,,1,switch,,"Charger 1 (fid=82) not available, trying Charger 4 (fid=86)",1158.999914232259,4,,
Car 911,,,,,2,switch,,"Charger 2 (fid=36) not available, trying Charger 5 (fid=19)",1159.1670340261078,5,,
Car 932,,,,,5,switch,,"Charger 5 (fid=19) not available, trying Charger 2 (fid=36)",1159.1687049749962,2,,
Car 866,,,,,,gave_up,0,"no alternate charger available, gave up",1159.1891946709823,,,
Car 855,,,,,,gave_up,0,"no alternate charger available, gave up",1159.1938545606797,,,
Car 939,,,,26,,arrived,,arrived,1159.3801458902028,,,
Car 886,,,,,3,switch,,"Charger 3 (fid=53) not available, trying Charger 1 (fid=82)",1159.4705810393066,1,,
Car 915,,,,,2,switch,,"Charger 2 (fid=36) not available, trying Charger 5 (fid=19)",1159.594892056433,5,,
Car 923,,,,,7,switch,,"Charger 7 (fid=52) not available, trying Charger 2 (fid=36)",1159.6493731508347,2,,
Car 892,,,,,5,switch,,"Charger 5 (fid=19) not available, trying Charger 0 (fid=22)",1159.6947162690874,0,,
Car 899,,,,,7,switch,,"Charger 7 (fid=52) not available, trying Charger 3 (fid=53)",1159.7021245499752,3,,
Car 940,,,,5,,arrived,,arrived,1159.7665611526963,,,
Car 924,,,,,7,switch,,"Charger 7 (fid=52) not available, trying Charger 2 (fid=36)",1159.7719233890975,2,,
Car 913,,,,,1,switch,,"Charger 1 (fid=82) not available, trying Charger 6 (fid=77)",1159.8358484733776,6,,
Car 941,,,,22,,arrived,,arrived,1159.8395078686847,,,
Car 873,,,,,1,switch,,"Charger 1 (fid=82) not available, trying Charger 4 (fid=86)",1159.89422105572,4,,
Car 868,,,,,,gave_up,4,"no alternate charger available, gave up",1159.9179960542258,,,
Car 890,,,,,6,switch,,"Charger 6 (fid=77) not available, trying Charger 2 (fid=36)",1159.921085998419,2,,
Car 933,,,,,1,switch,,"Charger 1 (fid=82) not available, trying Charger 7 (fid=52)",1160.1483728022502,7,,
Car 942,,,,70,,arrived,,arrived,1160.4168227550708,,,
Car 877,,,,,1,switch,,"Charger 1 (fid=82) not available, trying Charger 4 (fid=86)",1160.5346367771665,4,,
Car 928,,,,,3,switch,,"Charger 3 (fid=53) not available, trying Charger 7 (fid=52)",1160.6215674986734,7,,
Car 934,,,,,5,switch,,"Charger 5 (fid=19) not available, trying Charger 0 (fid=22)",1160.7467953566118,0,,
Car 929,,,,,2,switch,,"Charger 2 (fid=36) not available, trying Charger 0 (fid=22)",1160.8517424517859,0,,
Car 889,,,,,3,switch,,"Charger 3 (fid=53) not available, trying Charger 1 (fid=82)",1160.8792873049574,1,,
Car 891,,,,,3,switch,,"Charger 3 (fid=53) not available, trying Charger 1 (fid=82)",1160.9024435263966,1,,
Car 867,,,,,,gave_up,1,"no alternate charger available, gave up",1161.0210030450028,,,
Car 879,,,,,1,switch,,"Charger 1 (fid=82) not available, trying Charger 4 (fid=86)",1161.1604598237739,4,,
Car 935,,,,,4,switch,,"Charger 4 (fid=86) not available, trying Charger 1 (fid=82)",1161.1903852835255,1,,
Car 943,,,,40,,arrived,,arrived,1161.2013379466016,,,
Car 870,,,,,,gave_up,4,"no alternate charger available, gave up",1161.2052802901742,,,
Car 887,,,,,3,switch,,"Charger 3 (fid=53) not available, trying Charger 1 (fid=82)",1161.2166265237333,1,,
Car 905,,,,,5,switch,,"Charger 5 (fid=19) not available, trying Charger 0 (fid=22)",1161.332228030896,0,,
Car 944,,,,25,,arrived,,arrived,1161.3485693166933,,,
Car 907,,,,,5,switch,,"Charger 5 (fid=19) not available, trying Charger 0 (fid=22)",1161.410181070693,0,,
Car 903,,,,,7,switch,,"Charger 7 (fid=52) not available, trying Charger 3 (fid=53)",1161.5054448264939,3,,
Car 927,,,,,2,switch,,"Charger 2 (fid=36) not available, trying Charger 0 (fid=22)",1161.5595629998986,0,,
Car 945,,,,13,,arrived,,arrived,1161.7915844728905,,,
Car 875,,,,,,gave_up,0,"no alternate charger available, gave up",1161.860301450127,,,
Car 925,,,,,2,switch,,"Charger 2 (fid=36) not available, trying Charger 6 (fid=77)",1161.9229026062671,6,,
Car 880,,,,,1,switch,,"Charger 1 (fid=82) not available, trying Charger 4 (fid=86)",1161.9571363712923,4,,
Car 904,,,,,7,switch,,"Charger 7 (fid=52) not available, trying Charger 3 (fid=53)",1162.0878656542534,3,,
Car 897,,,,,3,switch,,"Charger 3 (fid=53) not available, trying Charger 1 (fid=82)",1162.1931031695972,1,,
Car 869,,,,,,gave_up,1,"no alternate charger available, gave up",1162.244386367351,,,
Car 883,,,,,7,switch,,"Charger 7 (fid=52) not available, trying Charger 1 (fid=82)",1162.3355223462136,1,,
Car 878,,,,,1,switch,,"Charger 1 (fid=82) not available, trying Charger 3 (fid=53)",1162.3564896695991,3,,
Car 936,,,,,5,switch,,"Charger 5 (fid=19) not available, trying Charger 2 (fid=36)",1162.386655954245,2,,
Car 906,,,,,7,switch,,"Charger 7 (fid=52) not available, trying Charger 3 (fid=53)",1162.4192043352648,3,,
Car 937,,,,,6,switch,,"Charger 6 (fid=77) not available, trying Charger 2 (fid=36)",1162.5640736542548,2,,
Car 876,,,,,,gave_up,4,"no alternate charger available, gave up",1162.8614292134748,,,
Car 888,,,,,4,switch,,"Charger 4 (fid=86) not available, trying Charger 1 (fid=82)",1162.90354805658,1,,
Car 900,,,,,1,switch,,"Charger 1 (fid=82) not available, trying Charger 4 (fid=86)",1162.9412386820968,4,,
Car 863,,,,,,gave_up,0,"no alternate charger available, gave up",1163.0573451468786,,,
Car 916,,,,,6,switch,,"Charger 6 (fid=77) not available, trying Charger 7 (fid=52)",1163.0944830090505,7,,
Car 872,,,,,,gave_up,4,"no alternate charger available, gave up",1163.1282265868738,,,
Car 777,98.0,52,7,,,done,,done charging,1163.161554865366,,,172.78862335233853
Car 910,,52,7,,,start_charge,,starting to charge at Charger 7 (fid=52),1163.161554865366,,22.91292340156747,
Car 896,,,,,3,switch,,"Charger 3 (fid=53) not available, trying Charger 1 (fid=82)",1163.2755777613063,1,,
Car 917,,,,,6,switch,,"Charger 6 (fid=77) not available, trying Charger 7 (fid=52)",1163.3142831144983,7,,
Car 946,,,,88,,arrived,,arrived,1163.5555949873255,,,
Car 938,,,,,6,switch,,"Charger 6 (fid=77) not available, trying Charger 2 (fid=36)",1163.6458518491725,2,,
Car 926,,,,,5,switch,,"Charger 5 (fid=19) not available, trying Charger 0 (fid=22)",1163.685320323536,0,,
Car 930,,,,,5,switch,,"Charger 5 (fid=19) not available, trying Charger 2 (fid=36)",1163.8866056908023,2,,
Car 947,,,,73,,arrived,,arrived,1164.2267285346636,,,
Car 874,,,,,,gave_up,4,"no alternate charger available, gave up",1164.282365940573,,,
Car 948,,,,54,,arrived,,arrived,1164.2826816458908,,,
Car 939,,,,,2,switch,,"Charger 2 (fid=36) not available, trying Charger 5 (fid=19)",1164.3801458902028,5,,
Car 783,79.0,52,7,,,done,,done charging,1164.4238180367693,,,286.9353680988084
Car 912,,52,7,,,start_charge,,starting to charge at Charger 7 (fid=52),1164.4238180367693,,24.040600854486,
Car 914,,,,,6,switch,,"Charger 6 (fid=77) not available, trying Charger 7 (fid=52)",1164.4335028546222,7,,
Car 902,,,,,3,switch,,"Charger 3 (fid=53) not available, trying Charger 1 (fid=82)",1164.476687592855,1,,
Car 898,,,,,3,switch,,"Charger 3 (fid=53) not available, trying Charger 1 (fid=82)",1164.7353554461047,1,,
Car 940,,,,,0,switch,,"Charger 0 (fid=22) not available, trying Charger 5 (fid=19)",1164.7665611526963,5,,
Car 919,,,,,6,switch,,"Charger 6 (fid=77) not available, trying Charger 7 (fid=52)",1164.8296559324208,7,,
Car 941,,,,,0,switch,,"Charger 0 (fid=22) not available, trying Charger 5 (fid=19)",1164.8395078686847,5,,
Car 911,,,,,5,switch,,"Charger 5 (fid=19) not available, trying Charger 0 (fid=22)",1164.91989085924,0,,
Car 932,,,,,2,switch,,"Charger 2 (fid=36) not available, trying Charger 0 (fid=22)",1164.9215618081284,0,,
Car 884,,,,,1,switch,,"Charger 1 (fid=82) not available, trying Charger 4 (fid=86)",1164.9313891874986,4,,
Car 931,,,,,2,switch,,"Charger 2 (fid=36) not available, trying Charger 0 (fid=22)",1165.0934884889627,0,,
Car 748,120.0,36,2,,,done,,done charging,1165.0987751164275,,,287.56545540277443
Car 918,,36,2,,,start_charge,,starting to charge at Charger 2 (fid=36),1165.0987751164275,,19.55116606754632,
Car 881,,,,,1,switch,,"Charger 1 (fid=82) not available, trying Charger 4 (fid=86)",1165.1513745092323,4,,
Car 885,,,,,1,switch,,"Charger 1 (fid=82) not available, trying Charger 4 (fid=86)",1165.168651540464,4,,
Car 873,,,,,,gave_up,4,"no alternate charger available, gave up",1165.176672764034,,,
Car 894,,,,,6,switch,,"Charger 6 (fid=77) not available, trying Charger 5 (fid=19)",1165.2139568185814,5,,
Car 915,,,,,5,switch,,"Charger 5 (fid=19) not available, trying Charger 3 (fid=53)",1165.3477488895653,3,,
Car 942,,,,,5,switch,,"Charger 5 (fid=19) not available, trying Charger 2 (fid=36)",1165.4168227550708,2,,
Car 899,,,,,3,switch,,"Charger 3 (fid=53) not available, trying Charger 1 (fid=82)",1165.722061169007,1,,
Car 909,,,,,7,switch,,"Charger 7 (fid=52) not available, trying Charger 3 (fid=53)",1165.768449508518,3,,
Car 877,,,,,,gave_up,4,"no alternate charger available, gave up",1165.8170884854806,,,
Car 882,,,,,1,switch,,"Charger 1 (fid=82) not available, trying Charger 4 (fid=86)",1165.9031999107713,4,,
Car 908,,,,,0,switch,,"Charger 0 (fid=22) not available, trying Charger 3 (fid=53)",1166.1127022216237,3,,
Car 857,,,,,,gave_up,4,"no alternate charger available, gave up",1166.1552877438612,,,
Car 892,,,,,0,switch,,"Charger 0 (fid=22) not available, trying Charger 1 (fid=82)",1166.1554434220275,1,,
Car 943,,,,,6,switch,,"Charger 6 (fid=77) not available, trying Charger 3 (fid=53)",1166.2013379466016,3,,
Car 944,,,,,2,switch,,"Charger 2 (fid=36) not available, trying Charger 5 (fid=19)",1166.3485693166933,5,,
Car 879,,,,,,gave_up,4,"no alternate charger available, gave up",1166.442911532088,,,
Car 935,,,,,1,switch,,"Charger 1 (fid=82) not available, trying Charger 7 (fid=52)",1166.4728369918396,7,,
Car 871,,,,,4,switch,,"Charger 4 (fid=86) not available, trying Charger 0 (fid=22)",1166.5290716446652,0,,
Car 928,,,,,7,switch,,"Charger 7 (fid=52) not available, trying Charger 2 (fid=36)",1166.6415041177052,2,,
Car 945,,,,,0,switch,,"Charger 0 (fid=22) not available, trying Charger 5 (fid=19)",1166.7915844728905,5,,
Car 920,,,,,6,switch,,"Charger 6 (fid=77) not available, trying Charger 7 (fid=52)",1167.097216398,7,,
Car 934,,,,,0,switch,,"Charger 0 (fid=22) not available, trying Charger 2 (fid=36)",1167.2075225095518,2,,
Car 880,,,,,,gave_up,4,"no alternate charger available, gave up",1167.2395880796064,,,
Car 949,,,,1,,arrived,,arrived,1167.3550631381863,,,
Car 950,,,,28,,arrived,,arrived,1167.4507081702832,,,
Car 890,,,,,2,switch,,"Charger 2 (fid=36) not available, trying Charger 5 (fid=19)",1167.47639035898,5,,
Car 903,,,,,3,switch,,"Charger 3 (fid=53) not available, trying Charger 1 (fid=82)",1167.5253814455257,1,,
Car 921,,,,,2,switch,,"Charger 2 (fid=36) not available, trying Charger 5 (fid=19)",1167.5808859738638,5,,
Car 901,,,,,5,switch,,"Charger 5 (fid=19) not available, trying Charger 6 (fid=77)",1167.6146140074684,6,,
Car 923,,,,,2,switch,,"Charger 2 (fid=36) not available, trying Charger 5 (fid=19)",1167.6777106478742,5,,
Car 768,87.0,53,3,,,done,,done charging,1167.7715790001096,,,328.8562105023937
Car 904,,53,3,,,start_charge,,starting to charge at Charger 3 (fid=53),1167.7715790001096,,29.66377672682438,
Car 905,,,,,0,switch,,"Charger 0 (fid=22) not available, trying Charger 1 (fid=82)",1167.792955183836,1,,
Car 924,,,,,2,switch,,"Charger 2 (fid=36) not available, trying Charger 5 (fid=19)",1167.800260886137,5,,
Car 933,,,,,7,switch,,"Charger 7 (fid=52) not available, trying Charger 2 (fid=36)",1167.8062904907174,2,,
Car 886,,,,,1,switch,,"Charger 1 (fid=82) not available, trying Charger 4 (fid=86)",1167.814795246648,4,,
Car 907,,,,,0,switch,,"Charger 0 (fid=22) not available, trying Charger 4 (fid=86)",1167.870908223633,4,,
Car 929,,,,,0,switch,,"Charger 0 (fid=22) not available, trying Charger 6 (fid=77)",1167.994730825976,6,,
Car 936,,,,,2,switch,,"Charger 2 (fid=36) not available, trying Charger 0 (fid=22)",1168.1395127873773,0,,
Car 888,,,,,1,switch,,"Charger 1 (fid=82) not available, trying Charger 0 (fid=22)",1168.185999764894,0,,
Car 922,,,,,6,switch,,"Charger 6 (fid=77) not available, trying Charger 7 (fid=52)",1168.1877199002638,7,,
Car 900,,,,,4,switch,,"Charger 4 (fid=86) not available, trying Charger 5 (fid=19)",1168.2236903904109,5,,
Car 906,,,,,3,switch,,"Charger 3 (fid=53) not available, trying Charger 1 (fid=82)",1168.4391409542966,1,,
Car 946,,,,,4,switch,,"Charger 4 (fid=86) not available, trying Charger 1 (fid=82)",1168.5555949873255,1,,
Car 927,,,,,0,switch,,"Charger 0 (fid=22) not available, trying Charger 5 (fid=19)",1168.7025513740887,5,,
Car 913,,,,,6,switch,,"Charger 6 (fid=77) not available, trying Charger 2 (fid=36)",1169.0210264903753,2,,
Car 889,,,,,1,switch,,"Charger 1 (fid=82) not available, trying Charger 4 (fid=86)",1169.2235015122988,4,,
Car 947,,,,,6,switch,,"Charger 6 (fid=77) not available, trying Charger 2 (fid=36)",1169.2267285346636,2,,
Car 891,,,,,1,switch,,"Charger 1 (fid=82) not available, trying Charger 4 (fid=86)",1169.246657733738,4,,
Car 948,,,,,5,switch,,"Charger 5 (fid=19) not available, trying Charger 2 (fid=36)",1169.2826816458908,2,,
Car 925,,,,,6,switch,,"Charger 6 (fid=77) not available, trying Charger 7 (fid=52)",1169.4782069668283,7,,
Car 951,,,,65,,arrived,,arrived,1169.5387892176602,,,
Car 887,,,,,1,switch,,"Charger 1 (fid=82) not available, trying Charger 4 (fid=86)",1169.5608407310747,4,,
Car 930,,,,,2,switch,,"Charger 2 (fid=36) not available, trying Charger 6 (fid=77)",1169.6394625239345,6,,
Car 916,,,,,7,switch,,"Charger 7 (fid=52) not available, trying Charger 3 (fid=53)",1169.660220625275,3,,
Car 952,,,,16,,arrived,,arrived,1169.760302179077,,,
Car 917,,,,,7,switch,,"Charger 7 (fid=52) not available, trying Charger 3 (fid=53)",1169.880020730723,3,,
Car 883,,,,,1,switch,,"Charger 1 (fid=82) not available, trying Charger 4 (fid=86)",1169.9934400346808,4,,
Car 937,,,,,2,switch,,"Charger 2 (fid=36) not available, trying Charger 3 (fid=53)",1170.119378014816,3,,
Car 939,,,,,5,switch,,"Charger 5 (fid=19) not available, trying Charger 0 (fid=22)",1170.133002723335,0,,
Car 926,,,,,0,switch,,"Charger 0 (fid=22) not available, trying Charger 7 (fid=52)",1170.146047476476,7,,
Car 884,,,,,,gave_up,4,"no alternate charger available, gave up",1170.2138408958126,,,
Car 881,,,,,,gave_up,4,"no alternate charger available, gave up",1170.4338262175463,,,
Car 885,,,,,,gave_up,4,"no alternate charger available, gave up",1170.451103248778,,,
Car 897,,,,,1,switch,,"Charger 1 (fid=82) not available, trying Charger 4 (fid=86)",1170.5373173769385,4,,
Car 878,,,,,3,switch,,"Charger 3 (fid=53) not available, trying Charger 4 (fid=86)",1170.7007038769405,4,,
Car 914,,,,,7,switch,,"Charger 7 (fid=52) not available, trying Charger 3 (fid=53)",1170.9992404708469,3,,
Car 942,,,,,2,switch,,"Charger 2 (fid=36) not available, trying Charger 0 (fid=22)",1171.169679588203,0,,
Car 882,,,,,,gave_up,4,"no alternate charger available, gave up",1171.1856516190853,,,
Car 938,,,,,2,switch,,"Charger 2 (fid=36) not available, trying Charger 5 (fid=19)",1171.2011562097337,5,,
Car 830,84.0,19,5,,,done,,done charging,1171.2168823232757,,,72.50654966278888
Car 940,,19,5,,,start_charge,,starting to charge at Charger 5 (fid=19),1171.2168823232757,,9.98959401763932,
Car 941,,,,,5,switch,,"Charger 5 (fid=19) not available, trying Charger 2 (fid=36)",1171.3002350216248,2,,
Car 911,,,,,0,switch,,"Charger 0 (fid=22) not available, trying Charger 1 (fid=82)",1171.38061801218,1,,
Car 919,,,,,7,switch,,"Charger 7 (fid=52) not available, trying Charger 3 (fid=53)",1171.3953935486454,3,,
Car 896,,,,,1,switch,,"Charger 1 (fid=82) not available, trying Charger 4 (fid=86)",1171.6197919686476,4,,
Car 953,,,,73,,arrived,,arrived,1171.7563200814698,,,
Car 909,,,,,3,switch,,"Charger 3 (fid=53) not available, trying Charger 1 (fid=82)",1171.7883861275498,1,,
Car 932,,,,,0,switch,,"Charger 0 (fid=22) not available, trying Charger 6 (fid=77)",1172.0645501823185,6,,
Car 944,,,,,5,switch,,"Charger 5 (fid=19) not available, trying Charger 0 (fid=22)",1172.1014261498256,0,,
Car 931,,,,,0,switch,,"Charger 0 (fid=22) not available, trying Charger 5 (fid=19)",1172.2364768631528,5,,
Car 949,,,,,7,switch,,"Charger 7 (fid=52) not available, trying Charger 6 (fid=77)",1172.3550631381863,6,,
Car 950,,,,,2,switch,,"Charger 2 (fid=36) not available, trying Charger 5 (fid=19)",1172.4507081702832,5,,
Car 943,,,,,3,switch,,"Charger 3 (fid=53) not available, trying Charger 7 (fid=52)",1172.7743618170666,7,,
Car 902,,,,,1,switch,,"Charger 1 (fid=82) not available, trying Charger 4 (fid=86)",1172.8209018001962,4,,
Car 954,,,,30,,arrived,,arrived,1173.0269070575762,,,
Car 898,,,,,1,switch,,"Charger 1 (fid=82) not available, trying Charger 4 (fid=86)",1173.079569653446,4,,
Car 886,,,,,,gave_up,4,"no alternate charger available, gave up",1173.097246954962,,,
Car 890,,,,,5,switch,,"Charger 5 (fid=19) not available, trying Charger 0 (fid=22)",1173.2292471921123,0,,
Car 945,,,,,5,switch,,"Charger 5 (fid=19) not available, trying Charger 2 (fid=36)",1173.2523116258305,2,,
Car 921,,,,,5,switch,,"Charger 5 (fid=19) not available, trying Charger 0 (fid=22)",1173.333742806996,0,,
Car 923,,,,,5,switch,,"Charger 5 (fid=19) not available, trying Charger 4 (fid=86)",1173.4305674810064,4,,
Car 894,,,,,5,switch,,"Charger 5 (fid=19) not available, trying Charger 0 (fid=22)",1173.4671603884306,0,,
Car 924,,,,,5,switch,,"Charger 5 (fid=19) not available, trying Charger 0 (fid=22)",1173.5531177192693,0,,
Car 920,,,,,7,switch,,"Charger 7 (fid=52) not available, trying Charger 3 (fid=53)",1173.6629540142246,3,,
Car 946,,,,,1,switch,,"Charger 1 (fid=82) not available, trying Charger 7 (fid=52)",1173.8380466956396,7,,
Car 955,,,,81,,arrived,,arrived,1173.89216072388,,,
Car 956,,,,15,,arrived,,arrived,1173.9622941531497,,,
Car 899,,,,,1,switch,,"Charger 1 (fid=82) not available, trying Charger 4 (fid=86)",1174.0662753763484,4,,
Car 935,,,,,7,switch,,"Charger 7 (fid=52) not available, trying Charger 3 (fid=53)",1174.1307546803068,3,,
Car 957,,,,80,,arrived,,arrived,1174.2299578571747,,,
Car 934,,,,,2,switch,,"Charger 2 (fid=36) not available, trying Charger 6 (fid=77)",1174.350510883742,6,,
Car 889,,,,,,gave_up,4,"no alternate charger available, gave up",1174.5059532206128,,,
Car 891,,,,,,gave_up,4,"no alternate charger available, gave up",1174.529109442052,,,
Car 951,,,,,0,switch,,"Charger 0 (fid=22) not available, trying Charger 6 (fid=77)",1174.5387892176602,6,,
Car 928,,,,,2,switch,,"Charger 2 (fid=36) not available, trying Charger 5 (fid=19)",1174.6698416147447,5,,
Car 922,,,,,7,switch,,"Charger 7 (fid=52) not available, trying Charger 3 (fid=53)",1174.7534575164884,3,,
Car 952,,,,,2,switch,,"Charger 2 (fid=36) not available, trying Charger 5 (fid=19)",1174.760302179077,5,,
Car 887,,,,,,gave_up,4,"no alternate charger available, gave up",1174.8432924393887,,,
Car 915,,,,,3,switch,,"Charger 3 (fid=53) not available, trying Charger 7 (fid=52)",1174.8512634075125,7,,
Car 958,,,,18,,arrived,,arrived,1174.9202217322777,,,
Car 948,,,,,2,switch,,"Charger 2 (fid=36) not available, trying Charger 0 (fid=22)",1175.035538479023,0,,
Car 927,,,,,5,switch,,"Charger 5 (fid=19) not available, trying Charger 3 (fid=53)",1175.1632785270288,3,,
Car 959,,,,53,,arrived,,arrived,1175.1687511833893,,,
Car 883,,,,,,gave_up,4,"no alternate charger available, gave up",1175.2758917429949,,,
Car 936,,,,,0,switch,,"Charger 0 (fid=22) not available, trying Charger 6 (fid=77)",1175.2825011615673,6,,
Car 916,,,,,3,switch,,"Charger 3 (fid=53) not available, trying Charger 1 (fid=82)",1175.6801572443069,1,,
Car 897,,,,,,gave_up,4,"no alternate charger available, gave up",1175.8197690852526,,,
Car 933,,,,,2,switch,,"Charger 2 (fid=36) not available, trying Charger 4 (fid=86)",1175.834627987757,4,,
Car 901,,,,,6,switch,,"Charger 6 (fid=77) not available, trying Charger 3 (fid=53)",1175.8678175773175,3,,
Car 903,,,,,1,switch,,"Charger 1 (fid=82) not available, trying Charger 4 (fid=86)",1175.869595652867,4,,
Car 960,,,,12,,arrived,,arrived,1175.8727038370037,,,
Car 917,,,,,3,switch,,"Charger 3 (fid=53) not available, trying Charger 1 (fid=82)",1175.8999573497547,1,,
Car 961,,,,37,,arrived,,arrived,1176.0421798069801,,,
Car 925,,,,,7,switch,,"Charger 7 (fid=52) not available, trying Charger 3 (fid=53)",1176.043944583053,3,,
Car 962,,,,62,,arrived,,arrived,1176.1181947767952,,,
Car 913,,,,,2,switch,,"Charger 2 (fid=36) not available, trying Charger 5 (fid=19)",1176.5763308509365,5,,
Car 939,,,,,0,switch,,"Charger 0 (fid=22) not available, trying Charger 6 (fid=77)",1176.5937298762751,6,,
Car 953,,,,,6,switch,,"Charger 6 (fid=77) not available, trying Charger 2 (fid=36)",1176.7563200814698,2,,
Car 947,,,,,2,switch,,"Charger 2 (fid=36) not available, trying Charger 5 (fid=19)",1176.7820328952248,5,,
Car 906,,,,,1,switch,,"Charger 1 (fid=82) not available, trying Charger 4 (fid=86)",1176.783355161638,4,,
Car 908,,,,,3,switch,,"Charger 3 (fid=53) not available, trying Charger 1 (fid=82)",1176.8655999647062,1,,
Car 896,,,,,,gave_up,4,"no alternate charger available, gave up",1176.9022436769617,,,
Car 938,,,,,5,switch,,"Charger 5 (fid=19) not available, trying Charger 0 (fid=22)",1176.9540130428659,0,,
Car 914,,,,,3,switch,,"Charger 3 (fid=53) not available, trying Charger 1 (fid=82)",1177.0191770898787,1,,
Car 941,,,,,2,switch,,"Charger 2 (fid=36) not available, trying Charger 6 (fid=77)",1177.053091854757,6,,
Car 930,,,,,6,switch,,"Charger 6 (fid=77) not available, trying Charger 7 (fid=52)",1177.1947668844957,7,,
Car 963,,,,37,,arrived,,arrived,1177.2306103833907,,,
Car 929,,,,,6,switch,,"Charger 6 (fid=77) not available, trying Charger 7 (fid=52)",1177.3328356374368,7,,
Car 919,,,,,3,switch,,"Charger 3 (fid=53) not available, trying Charger 1 (fid=82)",1177.4153301676772,1,,
Car 964,,,,76,,arrived,,arrived,1177.5427844942024,,,
Car 892,,,,,1,switch,,"Charger 1 (fid=82) not available, trying Charger 4 (fid=86)",1177.7721727065716,4,,
Car 954,,,,,2,switch,,"Charger 2 (fid=36) not available, trying Charger 5 (fid=19)",1178.0269070575762,5,,
Car 902,,,,,,gave_up,4,"no alternate charger available, gave up",1178.1033535085103,,,
Car 950,,,,,5,switch,,"Charger 5 (fid=19) not available, trying Charger 0 (fid=22)",1178.2035650034154,0,,
Car 942,,,,,0,switch,,"Charger 0 (fid=22) not available, trying Charger 6 (fid=77)",1178.312667962393,6,,
Car 871,,,,,,gave_up,0,"no alternate charger available, gave up",1178.3199502414684,,,
Car 898,,,,,,gave_up,4,"no alternate charger available, gave up",1178.36202136176,,,
Car 900,,,,,5,switch,,"Charger 5 (fid=19) not available, trying Charger 0 (fid=22)",1178.5542866822861,0,,
Car 944,,,,,0,switch,,"Charger 0 (fid=22) not available, trying Charger 6 (fid=77)",1178.5621533027656,6,,
Car 931,,,,,5,switch,,"Charger 5 (fid=19) not available, trying Charger 3 (fid=53)",1178.6972040160929,3,,
Car 943,,,,,7,switch,,"Charger 7 (fid=52) not available, trying Charger 2 (fid=36)",1178.7942984360984,2,,
Car 937,,,,,3,switch,,"Charger 3 (fid=53) not available, trying Charger 7 (fid=52)",1178.873563706678,7,,
Car 955,,,,,2,switch,,"Charger 2 (fid=36) not available, trying Charger 5 (fid=19)",1178.89216072388,5,,
Car 949,,,,,6,switch,,"Charger 6 (fid=77) not available, trying Charger 3 (fid=53)",1178.920800754411,3,,
Car 878,,,,,,gave_up,4,"no alternate charger available, gave up",1178.9436956330162,,,
Car 956,,,,,2,switch,,"Charger 2 (fid=36) not available, trying Charger 5 (fid=19)",1178.9622941531497,5,,
Car 945,,,,,2,switch,,"Charger 2 (fid=36) not available, trying Charger 6 (fid=77)",1179.0051684589628,6,,
Car 957,,,,,2,switch,,"Charger 2 (fid=36) not available, trying Charger 5 (fid=19)",1179.2299578571747,5,,
Car 899,,,,,,gave_up,4,"no alternate charger available, gave up",1179.3487270846624,,,
Car 905,,,,,1,switch,,"Charger 1 (fid=82) not available, trying Charger 4 (fid=86)",1179.4096844683802,4,,
Car 907,,,,,4,switch,,"Charger 4 (fid=86) not available, trying Charger 1 (fid=82)",1179.6617868204362,1,,
Car 920,,,,,3,switch,,"Charger 3 (fid=53) not available, trying Charger 1 (fid=82)",1179.6828906332564,1,,
Car 890,,,,,,gave_up,0,"no alternate charger available, gave up",1179.6899743450524,,,
Car 921,,,,,0,switch,,"Charger 0 (fid=22) not available, trying Charger 1 (fid=82)",1179.7944699599361,1,,
Car 888,,,,,,gave_up,0,"no alternate charger available, gave up",1179.802729049438,,,
Car 958,,,,,5,switch,,"Charger 5 (fid=19) not available, trying Charger 2 (fid=36)",1179.9202217322777,2,,
Car 894,,,,,,gave_up,0,"no alternate charger available, gave up",1179.9278875413706,,,
Car 924,,,,,0,switch,,"Charger 0 (fid=22) not available, trying Charger 1 (fid=82)",1180.0138448722093,1,,
Car 909,,,,,1,switch,,"Charger 1 (fid=82) not available, trying Charger 4 (fid=86)",1180.132600334891,4,,
Car 935,,,,,3,switch,,"Charger 3 (fid=53) not available, trying Charger 6 (fid=77)",1180.1506912993386,6,,
Car 959,,,,,3,switch,,"Charger 3 (fid=53) not available, trying Charger 7 (fid=52)",1180.1687511833893,7,,
Car 926,,,,,7,switch,,"Charger 7 (fid=52) not available, trying Charger 3 (fid=53)",1180.278758286622,3,,
Car 928,,,,,5,switch,,"Charger 5 (fid=19) not available, trying Charger 0 (fid=22)",1180.4226984478769,0,,
Car 952,,,,,5,switch,,"Charger 5 (fid=19) not available, trying Charger 0 (fid=22)",1180.5131590122091,0,,
Car 922,,,,,3,switch,,"Charger 3 (fid=53) not available, trying Charger 1 (fid=82)",1180.7733941355202,1,,
Car 965,,,,77,,arrived,,arrived,1180.8435231508583,,,
Car 792,69.0,86,4,,,done,,done charging,1180.8570229175918,,,442.50789918597417
Car 903,,86,4,,,start_charge,,starting to charge at Charger 4 (fid=86),1180.8570229175918,,39.70497555641077,
Car 915,,,,,7,switch,,"Charger 7 (fid=52) not available, trying Charger 1 (fid=82)",1180.8712000265443,1,,
Car 960,,,,,7,switch,,"Charger 7 (fid=52) not available, trying Charger 2 (fid=36)",1180.8727038370037,2,,
Car 966,,,,57,,arrived,,arrived,1180.879485402544,,,
Car 967,,,,63,,arrived,,arrived,1181.0195537931065,,,
Car 961,,,,,0,switch,,"Charger 0 (fid=22) not available, trying Charger 5 (fid=19)",1181.0421798069801,5,,
Car 962,,,,,6,switch,,"Charger 6 (fid=77) not available, trying Charger 2 (fid=36)",1181.1181947767952,2,,
Car 968,,,,40,,arrived,,arrived,1181.1666489073998,,,
Car 969,,,,56,,arrived,,arrived,1181.2106193773304,,,
Car 932,,,,,6,switch,,"Charger 6 (fid=77) not available, trying Charger 7 (fid=52)",1181.4026549937794,7,,
Car 946,,,,,7,switch,,"Charger 7 (fid=52) not available, trying Charger 3 (fid=53)",1181.4959643841069,3,,
Car 934,,,,,6,switch,,"Charger 6 (fid=77) not available, trying Charger 7 (fid=52)",1181.905815244303,7,,
Car 925,,,,,3,switch,,"Charger 3 (fid=53) not available, trying Charger 1 (fid=82)",1182.0638812020848,1,,
Car 906,,,,,,gave_up,4,"no alternate charger available, gave up",1182.065806869952,,,
Car 948,,,,,0,switch,,"Charger 0 (fid=22) not available, trying Charger 6 (fid=77)",1182.178526853213,6,,
Car 963,,,,,0,switch,,"Charger 0 (fid=22) not available, trying Charger 5 (fid=19)",1182.2306103833907,5,,
Car 913,,,,,5,switch,,"Charger 5 (fid=19) not available, trying Charger 0 (fid=22)",1182.3291876840688,0,,
Car 901,,,,,3,switch,,"Charger 3 (fid=53) not available, trying Charger 0 (fid=22)",1182.4408414477825,0,,
Car 947,,,,,5,switch,,"Charger 5 (fid=19) not available, trying Charger 0 (fid=22)",1182.534889728357,0,,
Car 964,,,,,1,switch,,"Charger 1 (fid=82) not available, trying Charger 4 (fid=86)",1182.5427844942024,4,,
Car 911,,,,,1,switch,,"Charger 1 (fid=82) not available, trying Charger 4 (fid=86)",1182.9973472967242,4,,
Car 892,,,,,,gave_up,4,"no alternate charger available, gave up",1183.0546244148857,,,
Car 970,,,,23,,arrived,,arrived,1183.2050673065096,,,
Car 971,,,,73,,arrived,,arrived,1183.2832629025052,,,
Car 938,,,,,0,switch,,"Charger 0 (fid=22) not available, trying Charger 7 (fid=52)",1183.414740195806,7,,
Car 930,,,,,7,switch,,"Charger 7 (fid=52) not available, trying Charger 3 (fid=53)",1183.7605045007203,3,,
Car 923,,,,,4,switch,,"Charger 4 (fid=86) not available, trying Charger 1 (fid=82)",1183.7611637728817,1,,
Car 954,,,,,5,switch,,"Charger 5 (fid=19) not available, trying Charger 0 (fid=22)",1183.7797638907084,0,,
Car 951,,,,,6,switch,,"Charger 6 (fid=77) not available, trying Charger 5 (fid=19)",1183.876894029121,5,,
Car 929,,,,,7,switch,,"Charger 7 (fid=52) not available, trying Charger 3 (fid=53)",1183.8985732536614,3,,
Car 972,,,,73,,arrived,,arrived,1183.963137288325,,,
Car 916,,,,,1,switch,,"Charger 1 (fid=82) not available, trying Charger 4 (fid=86)",1184.0243714516482,4,,
Car 973,,,,64,,arrived,,arrived,1184.1299829272828,,,
Car 917,,,,,1,switch,,"Charger 1 (fid=82) not available, trying Charger 4 (fid=86)",1184.244171557096,4,,
Car 953,,,,,2,switch,,"Charger 2 (fid=36) not available, trying Charger 5 (fid=19)",1184.311624442031,5,,
Car 974,,,,77,,arrived,,arrived,1184.3975101392032,,,
Car 822,88.0,86,4,,,done,,done charging,1184.4111054514533,,,143.59766844904397
Car 905,,86,4,,,start_charge,,starting to charge at Charger 4 (fid=86),1184.4111054514533,,39.71896927475905,
Car 941,,,,,6,switch,,"Charger 6 (fid=77) not available, trying Charger 7 (fid=52)",1184.6083962153182,7,,
Car 936,,,,,6,switch,,"Charger 6 (fid=77) not available, trying Charger 7 (fid=52)",1184.6206059730282,7,,
Car 955,,,,,5,switch,,"Charger 5 (fid=19) not available, trying Charger 7 (fid=52)",1184.6450175570121,7,,
Car 950,,,,,0,switch,,"Charger 0 (fid=22) not available, trying Charger 6 (fid=77)",1184.6642921563555,6,,
Car 927,,,,,3,switch,,"Charger 3 (fid=53) not available, trying Charger 7 (fid=52)",1184.666793044976,7,,
Car 818,83.0,77,6,,,done,,done charging,1184.690846576769,,,224.61781126617387
Car 965,,77,6,,,start_charge,,starting to charge at Charger 6 (fid=77),1184.690846576769,,3.847323425910645,
Car 956,,,,,5,switch,,"Charger 5 (fid=19) not available, trying Charger 0 (fid=22)",1184.715150986282,0,,
Car 975,,,,22,,arrived,,arrived,1184.8436946362615,,,
Car 937,,,,,7,switch,,"Charger 7 (fid=52) not available, trying Charger 5 (fid=19)",1184.8935003257097,5,,
Car 907,,,,,,gave_up,1,"no alternate charger available, gave up",1184.9442385287502,,,
Car 957,,,,,5,switch,,"Charger 5 (fid=19) not available, trying Charger 6 (fid=77)",1184.982814690307,6,,
Car 900,,,,,,gave_up,0,"no alternate charger available, gave up",1185.0150138352262,,,
Car 908,,,,,1,switch,,"Charger 1 (fid=82) not available, trying Charger 4 (fid=86)",1185.2098141720476,4,,
Car 914,,,,,1,switch,,"Charger 1 (fid=82) not available, trying Charger 4 (fid=86)",1185.36339129722,4,,
Car 909,,,,,,gave_up,4,"no alternate charger available, gave up",1185.4150520432052,,,
Car 949,,,,,3,switch,,"Charger 3 (fid=53) not available, trying Charger 2 (fid=36)",1185.493824624876,2,,
Car 933,,,,,4,switch,,"Charger 4 (fid=86) not available, trying Charger 5 (fid=19)",1185.5457582623244,5,,
Car 958,,,,,2,switch,,"Charger 2 (fid=36) not available, trying Charger 0 (fid=22)",1185.67307856541,0,,
Car 919,,,,,1,switch,,"Charger 1 (fid=82) not available, trying Charger 4 (fid=86)",1185.7595443750185,4,,
Car 966,,,,,5,switch,,"Charger 5 (fid=19) not available, trying Charger 2 (fid=36)",1185.879485402544,2,,
Car 939,,,,,6,switch,,"Charger 6 (fid=77) not available, trying Charger 7 (fid=52)",1185.931834687736,7,,
Car 967,,,,,0,switch,,"Charger 0 (fid=22) not available, trying Charger 6 (fid=77)",1186.0195537931065,6,,
Car 968,,,,,6,switch,,"Charger 6 (fid=77) not available, trying Charger 3 (fid=53)",1186.1666489073998,3,,
Car 959,,,,,7,switch,,"Charger 7 (fid=52) not available, trying Charger 6 (fid=77)",1186.188687802421,6,,
Car 969,,,,,5,switch,,"Charger 5 (fid=19) not available, trying Charger 0 (fid=22)",1186.2106193773304,0,,
Car 926,,,,,3,switch,,"Charger 3 (fid=53) not available, trying Charger 1 (fid=82)",1186.2986949056537,1,,
Car 976,,,,27,,arrived,,arrived,1186.3747445636063,,,
Car 977,,,,63,,arrived,,arrived,1186.5550566892875,,,
Car 945,,,,,6,switch,,"Charger 6 (fid=77) not available, trying Charger 7 (fid=52)",1186.560472819524,7,,
Car 935,,,,,6,switch,,"Charger 6 (fid=77) not available, trying Charger 2 (fid=36)",1186.7237151698037,2,,
Car 943,,,,,2,switch,,"Charger 2 (fid=36) not available, trying Charger 5 (fid=19)",1186.822635933138,5,,
Car 928,,,,,0,switch,,"Charger 0 (fid=22) not available, trying Charger 4 (fid=86)",1186.883425600817,4,,
Car 978,,,,53,,arrived,,arrived,1186.9671228842399,,,
Car 952,,,,,0,switch,,"Charger 0 (fid=22) not available, trying Charger 6 (fid=77)",1186.9738861651492,6,,
Car 979,,,,61,,arrived,,arrived,1187.2608835272538,,,
Car 961,,,,,5,switch,,"Charger 5 (fid=19) not available, trying Charger 2 (fid=36)",1187.5029069599202,2,,
Car 946,,,,,3,switch,,"Charger 3 (fid=53) not available, trying Charger 6 (fid=77)",1187.5159010031387,6,,
Car 942,,,,,6,switch,,"Charger 6 (fid=77) not available, trying Charger 7 (fid=52)",1187.650772773854,7,,
Car 964,,,,,4,switch,,"Charger 4 (fid=86) not available, trying Charger 7 (fid=52)",1187.8252362025164,7,,
Car 944,,,,,6,switch,,"Charger 6 (fid=77) not available, trying Charger 7 (fid=52)",1187.9002581142265,7,,
Car 932,,,,,7,switch,,"Charger 7 (fid=52) not available, trying Charger 3 (fid=53)",1187.968392610004,3,,
Car 920,,,,,1,switch,,"Charger 1 (fid=82) not available, trying Charger 4 (fid=86)",1188.0271048405978,4,,
Car 931,,,,,3,switch,,"Charger 3 (fid=53) not available, trying Charger 7 (fid=52)",1188.20071853404,7,,
Car 970,,,,,0,switch,,"Charger 0 (fid=22) not available, trying Charger 5 (fid=19)",1188.2050673065096,5,,
Car 911,,,,,,gave_up,4,"no alternate charger available, gave up",1188.2797990050383,,,
Car 971,,,,,6,switch,,"Charger 6 (fid=77) not available, trying Charger 2 (fid=36)",1188.2832629025052,2,,
Car 980,,,,41,,arrived,,arrived,1188.3536793610524,,,
Car 934,,,,,7,switch,,"Charger 7 (fid=52) not available, trying Charger 3 (fid=53)",1188.4715528605277,3,,
Car 915,,,,,1,switch,,"Charger 1 (fid=82) not available, trying Charger 4 (fid=86)",1188.5291177150116,4,,
Car 962,,,,,2,switch,,"Charger 2 (fid=36) not available, trying Charger 3 (fid=53)",1188.6734991373564,3,,
Car 963,,,,,5,switch,,"Charger 5 (fid=19) not available, trying Charger 2 (fid=36)",1188.6913375363308,2,,
Car 913,,,,,,gave_up,0,"no alternate charger available, gave up",1188.7899148370088,,,
Car 960,,,,,2,switch,,"Charger 2 (fid=36) not available, trying Charger 1 (fid=82)",1188.9010413340432,1,,
Car 972,,,,,6,switch,,"Charger 6 (fid=77) not available, trying Charger 2 (fid=36)",1188.963137288325,2,,
Car 981,,,,28,,arrived,,arrived,1188.9815466335065,,,
Car 947,,,,,0,switch,,"Charger 0 (fid=22) not available, trying Charger 7 (fid=52)",1188.995616881297,7,,
Car 923,,,,,1,switch,,"Charger 1 (fid=82) not available, trying Charger 0 (fid=22)",1189.0436154811957,0,,
Car 922,,,,,1,switch,,"Charger 1 (fid=82) not available, trying Charger 4 (fid=86)",1189.1176083428616,4,,
Car 973,,,,,3,switch,,"Charger 3 (fid=53) not available, trying Charger 4 (fid=86)",1189.1299829272828,4,,
Car 916,,,,,,gave_up,4,"no alternate charger available, gave up",1189.3068231599623,,,
Car 974,,,,,6,switch,,"Charger 6 (fid=77) not available, trying Charger 7 (fid=52)",1189.3975101392032,7,,
Car 917,,,,,,gave_up,4,"no alternate charger available, gave up",1189.52662326541,,,
Car 930,,,,,3,switch,,"Charger 3 (fid=53) not available, trying Charger 1 (fid=82)",1189.7804411197521,1,,
Car 975,,,,,5,switch,,"Charger 5 (fid=19) not available, trying Charger 2 (fid=36)",1189.8436946362615,2,,
Car 929,,,,,3,switch,,"Charger 3 (fid=53) not available, trying Charger 1 (fid=82)",1189.9185098726932,1,,
Car 953,,,,,5,switch,,"Charger 5 (fid=19) not available, trying Charger 0 (fid=22)",1190.0644812751632,0,,
Car 954,,,,,0,switch,,"Charger 0 (fid=22) not available, trying Charger 6 (fid=77)",1190.2404910436485,6,,
Car 925,,,,,1,switch,,"Charger 1 (fid=82) not available, trying Charger 4 (fid=86)",1190.408095409426,4,,
Car 908,,,,,,gave_up,4,"no alternate charger available, gave up",1190.4922658803616,,,
Car 914,,,,,,gave_up,4,"no alternate charger available, gave up",1190.645843005534,,,
Car 927,,,,,7,switch,,"Charger 7 (fid=52) not available, trying Charger 1 (fid=82)",1190.6867296640078,1,,
Car 919,,,,,,gave_up,4,"no alternate charger available, gave up",1191.0419960833326,,,
Car 941,,,,,7,switch,,"Charger 7 (fid=52) not available, trying Charger 3 (fid=53)",1191.1741338315428,3,,
Car 956,,,,,0,switch,,"Charger 0 (fid=22) not available, trying Charger 6 (fid=77)",1191.175878139222,6,,
Car 936,,,,,7,switch,,"Charger 7 (fid=52) not available, trying Charger 3 (fid=53)",1191.1863435892528,3,,
Car 976,,,,,2,switch,,"Charger 2 (fid=36) not available, trying Charger 5 (fid=19)",1191.3747445636063,5,,
Car 921,,,,,1,switch,,"Charger 1 (fid=82) not available, trying Charger 4 (fid=86)",1191.4111992444803,4,,
Car 948,,,,,6,switch,,"Charger 6 (fid=77) not available, trying Charger 7 (fid=52)",1191.516631664674,7,,
Car 977,,,,,0,switch,,"Charger 0 (fid=22) not available, trying Charger 6 (fid=77)",1191.5550566892875,6,,
Car 924,,,,,1,switch,,"Charger 1 (fid=82) not available, trying Charger 4 (fid=86)",1191.6305741567535,4,,
Car 966,,,,,2,switch,,"Charger 2 (fid=36) not available, trying Charger 0 (fid=22)",1191.6323422356763,0,,
Car 978,,,,,3,switch,,"Charger 3 (fid=53) not available, trying Charger 7 (fid=52)",1191.9671228842399,7,,
Car 951,,,,,5,switch,,"Charger 5 (fid=19) not available, trying Charger 2 (fid=36)",1192.1300975989702,2,,
Car 979,,,,,6,switch,,"Charger 6 (fid=77) not available, trying Charger 3 (fid=53)",1192.2608835272538,3,,
Car 939,,,,,7,switch,,"Charger 7 (fid=52) not available, trying Charger 3 (fid=53)",1192.4975723039606,3,,
Car 943,,,,,5,switch,,"Charger 5 (fid=19) not available, trying Charger 0 (fid=22)",1192.5754927662701,0,,
Car 969,,,,,0,switch,,"Charger 0 (fid=22) not available, trying Charger 2 (fid=36)",1192.6713465302705,2,,
Car 968,,,,,3,switch,,"Charger 3 (fid=53) not available, trying Charger 7 (fid=52)",1192.7396727778648,7,,
Car 959,,,,,6,switch,,"Charger 6 (fid=77) not available, trying Charger 4 (fid=86)",1192.7544254186457,4,,
Car 958,,,,,0,switch,,"Charger 0 (fid=22) not available, trying Charger 6 (fid=77)",1192.8160669396,6,,
Car 814,94.0,36,2,,,done,,done charging,1193.0325685369794,,,345.12732886576293
Car 961,,36,2,,,start_charge,,starting to charge at Charger 2 (fid=36),1193.0325685369794,,14.77680474392696,
Car 945,,,,,7,switch,,"Charger 7 (fid=52) not available, trying Charger 3 (fid=53)",1193.1262104357486,3,,
Car 901,,,,,,gave_up,0,"no alternate charger available, gave up",1193.193739190865,,,
Car 957,,,,,6,switch,,"Charger 6 (fid=77) not available, trying Charger 7 (fid=52)",1193.236018260156,7,,
Car 920,,,,,,gave_up,4,"no alternate charger available, gave up",1193.3095565489118,,,
Car 980,,,,,0,switch,,"Charger 0 (fid=22) not available, trying Charger 5 (fid=19)",1193.3536793610524,5,,
Car 955,,,,,7,switch,,"Charger 7 (fid=52) not available, trying Charger 6 (fid=77)",1193.4227744719972,6,,
Car 938,,,,,7,switch,,"Charger 7 (fid=52) not available, trying Charger 3 (fid=53)",1193.5474510059519,3,,
Car 937,,,,,5,switch,,"Charger 5 (fid=19) not available, trying Charger 0 (fid=22)",1193.6712572406948,0,,
Car 915,,,,,,gave_up,4,"no alternate charger available, gave up",1193.8115694233256,,,
Car 982,,,,78,,arrived,,arrived,1193.9672122089814,,,
Car 981,,,,,2,switch,,"Charger 2 (fid=36) not available, trying Charger 5 (fid=19)",1193.9815466335065,5,,
Car 932,,,,,3,switch,,"Charger 3 (fid=53) not available, trying Charger 1 (fid=82)",1193.9883292290358,1,,
Car 950,,,,,6,switch,,"Charger 6 (fid=77) not available, trying Charger 7 (fid=52)",1194.0023969678164,7,,
Car 983,,,,37,,arrived,,arrived,1194.0324994720047,,,
Car 946,,,,,6,switch,,"Charger 6 (fid=77) not available, trying Charger 2 (fid=36)",1194.0889248736037,2,,
Car 942,,,,,7,switch,,"Charger 7 (fid=52) not available, trying Charger 3 (fid=53)",1194.2165103900786,3,,
Car 931,,,,,7,switch,,"Charger 7 (fid=52) not available, trying Charger 1 (fid=82)",1194.220655153072,1,,
Car 949,,,,,2,switch,,"Charger 2 (fid=36) not available, trying Charger 1 (fid=82)",1194.248010316738,1,,
Car 935,,,,,2,switch,,"Charger 2 (fid=36) not available, trying Charger 5 (fid=19)",1194.2790195303648,5,,
Car 922,,,,,,gave_up,4,"no alternate charger available, gave up",1194.4000600511756,,,
Car 963,,,,,2,switch,,"Charger 2 (fid=36) not available, trying Charger 6 (fid=77)",1194.444194369463,6,,
Car 944,,,,,7,switch,,"Charger 7 (fid=52) not available, trying Charger 3 (fid=53)",1194.4659957304511,3,,
Car 934,,,,,3,switch,,"Charger 3 (fid=53) not available, trying Charger 1 (fid=82)",1194.4914894795595,1,,
Car 926,,,,,1,switch,,"Charger 1 (fid=82) not available, trying Charger 4 (fid=86)",1194.642909112995,4,,
Car 970,,,,,5,switch,,"Charger 5 (fid=19) not available, trying Charger 2 (fid=36)",1194.6657944594497,2,,
Car 984,,,,23,,arrived,,arrived,1194.9816941625095,,,
Car 967,,,,,6,switch,,"Charger 6 (fid=77) not available, trying Charger 2 (fid=36)",1195.3576586045674,2,,
Car 964,,,,,7,switch,,"Charger 7 (fid=52) not available, trying Charger 3 (fid=53)",1195.4551036000566,3,,
Car 985,,,,81,,arrived,,arrived,1195.471556891194,,,
Car 975,,,,,2,switch,,"Charger 2 (fid=36) not available, trying Charger 0 (fid=22)",1195.5965514693937,0,,
Car 986,,,,63,,arrived,,arrived,1195.6589657953373,,,
Car 925,,,,,,gave_up,4,"no alternate charger available, gave up",1195.6905471177402,,,
Car 971,,,,,2,switch,,"Charger 2 (fid=36) not available, trying Charger 5 (fid=19)",1195.8385672630664,5,,
Car 933,,,,,5,switch,,"Charger 5 (fid=19) not available, trying Charger 6 (fid=77)",1195.8763545541997,6,,
Car 987,,,,47,,arrived,,arrived,1195.945380578702,,,
Car 974,,,,,7,switch,,"Charger 7 (fid=52) not available, trying Charger 3 (fid=53)",1195.9632477554278,3,,
Car 952,,,,,6,switch,,"Charger 6 (fid=77) not available, trying Charger 7 (fid=52)",1196.31199097661,7,,
Car 972,,,,,2,switch,,"Charger 2 (fid=36) not available, trying Charger 5 (fid=19)",1196.5184416488862,5,,
Car 953,,,,,0,switch,,"Charger 0 (fid=22) not available, trying Charger 7 (fid=52)",1196.5252084281033,7,,
Car 921,,,,,,gave_up,4,"no alternate charger available, gave up",1196.6936509527943,,,
Car 924,,,,,,gave_up,4,"no alternate charger available, gave up",1196.9130258650675,,,
Car 976,,,,,5,switch,,"Charger 5 (fid=19) not available, trying Charger 0 (fid=22)",1197.1276013967386,0,,
Car 988,,,,66,,arrived,,arrived,1197.138402765057,,,
Car 941,,,,,3,switch,,"Charger 3 (fid=53) not available, trying Charger 1 (fid=82)",1197.1940704505746,1,,
Car 936,,,,,3,switch,,"Charger 3 (fid=53) not available, trying Charger 1 (fid=82)",1197.2062802082846,1,,
Car 973,,,,,4,switch,,"Charger 4 (fid=86) not available, trying Charger 7 (fid=52)",1197.3729746833585,7,,
Car 962,,,,,3,switch,,"Charger 3 (fid=53) not available, trying Charger 7 (fid=52)",1197.4276848292184,7,,
Car 951,,,,,2,switch,,"Charger 2 (fid=36) not available, trying Charger 3 (fid=53)",1197.8829544321025,3,,
Car 978,,,,,7,switch,,"Charger 7 (fid=52) not available, trying Charger 6 (fid=77)",1197.9870595032717,6,,
Car 948,,,,,7,switch,,"Charger 7 (fid=52) not available, trying Charger 3 (fid=53)",1198.0823692808985,3,,
Car 989,,,,62,,arrived,,arrived,1198.1122912212168,,,
Car 930,,,,,1,switch,,"Charger 1 (fid=82) not available, trying Charger 4 (fid=86)",1198.1246553270935,4,,
Car 929,,,,,1,switch,,"Charger 1 (fid=82) not available, trying Charger 4 (fid=86)",1198.2627240800346,4,,
Car 990,,,,32,,arrived,,arrived,1198.311993442759,,,
Car 927,,,,,1,switch,,"Charger 1 (fid=82) not available, trying Charger 4 (fid=86)",1198.344647352475,4,,
Car 960,,,,,1,switch,,"Charger 1 (fid=82) not available, trying Charger 4 (fid=86)",1198.461202373897,4,,
Car 939,,,,,3,switch,,"Charger 3 (fid=53) not available, trying Charger 1 (fid=82)",1198.5175089229924,1,,
Car 991,,,,37,,arrived,,arrived,1198.639650658486,,,
Car 928,,,,,4,switch,,"Charger 4 (fid=86) not available, trying Charger 1 (fid=82)",1198.6743041976201,1,,
Car 992,,,,43,,arrived,,arrived,1198.7072730814207,,,
Car 968,,,,,7,switch,,"Charger 7 (fid=52) not available, trying Charger 2 (fid=36)",1198.7596093968966,2,,
Car 966,,,,,0,switch,,"Charger 0 (fid=22) not available, trying Charger 6 (fid=77)",1198.7753306098664,6,,
Car 979,,,,,3,switch,,"Charger 3 (fid=53) not available, trying Charger 7 (fid=52)",1198.8339073977188,7,,
Car 982,,,,,6,switch,,"Charger 6 (fid=77) not available, trying Charger 2 (fid=36)",1198.9672122089814,2,,
Car 983,,,,,0,switch,,"Charger 0 (fid=22) not available, trying Charger 5 (fid=19)",1199.0324994720047,5,,
Car 943,,,,,0,switch,,"Charger 0 (fid=22) not available, trying Charger 4 (fid=86)",1199.0362199192102,4,,
Car 947,,,,,7,switch,,"Charger 7 (fid=52) not available, trying Charger 3 (fid=53)",1199.128327691443,3,,
Car 945,,,,,3,switch,,"Charger 3 (fid=53) not available, trying Charger 1 (fid=82)",1199.1461470547804,1,,
Car 993,,,,51,,arrived,,arrived,1199.2482613787213,,,
Car 938,,,,,3,switch,,"Charger 3 (fid=53) not available, trying Charger 1 (fid=82)",1199.5673876249837,1,,
Car 954,,,,,6,switch,,"Charger 6 (fid=77) not available, trying Charger 7 (fid=52)",1199.5785958551094,7,,
Car 981,,,,,5,switch,,"Charger 5 (fid=19) not available, trying Charger 0 (fid=22)",1199.7344034666387,0,,
Car 957,,,,,7,switch,,"Charger 7 (fid=52) not available, trying Charger 0 (fid=22)",1199.8017558763806,0,,
Car 969,,,,,2,switch,,"Charger 2 (fid=36) not available, trying Charger 6 (fid=77)",1199.8143349044606,6,,
Car 980,,,,,5,switch,,"Charger 5 (fid=19) not available, trying Charger 2 (fid=36)",1199.8144065139925,2,,
Car 926,,,,,,gave_up,4,"no alternate charger available, gave up",1199.9253608213091,,,
Car 984,,,,,5,switch,,"Charger 5 (fid=19) not available, trying Charger 2 (fid=36)",1199.9816941625095,2,,
Car 955,,,,,6,switch,,"Charger 6 (fid=77) not available, trying Charger 3 (fid=53)",1199.9885120882218,3,,
Car 935,,,,,5,switch,,"Charger 5 (fid=19) not available, trying Charger 0 (fid=22)",1200.031876363497,0,,
Car 937,,,,,0,switch,,"Charger 0 (fid=22) not available, trying Charger 1 (fid=82)",1200.1319843936349,1,,
Car 942,,,,,3,switch,,"Charger 3 (fid=53) not available, trying Charger 1 (fid=82)",1200.2364470091104,1,,
Car 970,,,,,2,switch,,"Charger 2 (fid=36) not available, trying Charger 6 (fid=77)",1200.418651292582,6,,
Car 985,,,,,2,switch,,"Charger 2 (fid=36) not available, trying Charger 5 (fid=19)",1200.471556891194,5,,
Car 944,,,,,3,switch,,"Charger 3 (fid=53) not available, trying Charger 1 (fid=82)",1200.485932349483,1,,
Car 956,,,,,6,switch,,"Charger 6 (fid=77) not available, trying Charger 7 (fid=52)",1200.513982950683,7,,
Car 950,,,,,7,switch,,"Charger 7 (fid=52) not available, trying Charger 3 (fid=53)",1200.568134584041,3,,
Car 986,,,,,0,switch,,"Charger 0 (fid=22) not available, trying Charger 6 (fid=77)",1200.6589657953373,6,,
Car 923,,,,,,gave_up,0,"no alternate charger available, gave up",1200.6603447657399,,,
Car 977,,,,,6,switch,,"Charger 6 (fid=77) not available, trying Charger 2 (fid=36)",1200.8931615007484,2,,
Car 987,,,,,0,switch,,"Charger 0 (fid=22) not available, trying Charger 5 (fid=19)",1200.945380578702,5,,
Car 824,76.0,82,1,,,done,,done charging,1201.3095543985269,,,674.13852600484
Car 931,,82,1,,,start_charge,,starting to charge at Charger 1 (fid=82),1201.3095543985269,,34.43098155698772,
Car 964,,,,,3,switch,,"Charger 3 (fid=53) not available, trying Charger 6 (fid=77)",1201.4750402190884,6,,
Car 971,,,,,5,switch,,"Charger 5 (fid=19) not available, trying Charger 0 (fid=22)",1201.5914240961986,0,,
Car 946,,,,,2,switch,,"Charger 2 (fid=36) not available, trying Charger 5 (fid=19)",1201.6442292341649,5,,
Car 959,,,,,4,switch,,"Charger 4 (fid=86) not available, trying Charger 1 (fid=82)",1201.935289239058,1,,
Car 974,,,,,3,switch,,"Charger 3 (fid=53) not available, trying Charger 2 (fid=36)",1201.9831843744596,2,,
Car 963,,,,,6,switch,,"Charger 6 (fid=77) not available, trying Charger 7 (fid=52)",1201.9994987300242,7,,
Car 988,,,,,6,switch,,"Charger 6 (fid=77) not available, trying Charger 3 (fid=53)",1202.138402765057,3,,
Car 958,,,,,6,switch,,"Charger 6 (fid=77) not available, trying Charger 7 (fid=52)",1202.1541717510609,7,,
Car 972,,,,,5,switch,,"Charger 5 (fid=19) not available, trying Charger 0 (fid=22)",1202.2712984820184,0,,
Car 932,,,,,1,switch,,"Charger 1 (fid=82) not available, trying Charger 4 (fid=86)",1202.3325434363771,4,,
Car 994,,,,73,,arrived,,arrived,1202.6160829254488,,,
Car 975,,,,,0,switch,,"Charger 0 (fid=22) not available, trying Charger 6 (fid=77)",1202.7395398435838,6,,
Car 934,,,,,1,switch,,"Charger 1 (fid=82) not available, trying Charger 4 (fid=86)",1202.8357036869008,4,,
Car 952,,,,,7,switch,,"Charger 7 (fid=52) not available, trying Charger 3 (fid=53)",1202.8777285928347,3,,
Car 967,,,,,2,switch,,"Charger 2 (fid=36) not available, trying Charger 5 (fid=19)",1202.9129629651286,5,,
Car 989,,,,,6,switch,,"Charger 6 (fid=77) not available, trying Charger 2 (fid=36)",1203.1122912212168,2,,
Car 990,,,,,0,switch,,"Charger 0 (fid=22) not available, trying Charger 5 (fid=19)",1203.311993442759,5,,
Car 930,,,,,,gave_up,4,"no alternate charger available, gave up",1203.4071070354075,,,
Car 962,,,,,7,switch,,"Charger 7 (fid=52) not available, trying Charger 5 (fid=19)",1203.4476214482502,5,,
Car 929,,,,,,gave_up,4,"no alternate charger available, gave up",1203.5451757883486,,,
Car 976,,,,,0,switch,,"Charger 0 (fid=22) not available, trying Charger 6 (fid=77)",1203.5883285496786,6,,
Car 927,,,,,,gave_up,4,"no alternate charger available, gave up",1203.627099060789,,,
Car 991,,,,,0,switch,,"Charger 0 (fid=22) not available, trying Charger 5 (fid=19)",1203.639650658486,5,,
Car 992,,,,,0,switch,,"Charger 0 (fid=22) not available, trying Charger 5 (fid=19)",1203.7072730814207,5,,
Car 960,,,,,4,switch,,"Charger 4 (fid=86) not available, trying Charger 6 (fid=77)",1203.7436540822112,6,,
Car 949,,,,,1,switch,,"Charger 1 (fid=82) not available, trying Charger 4 (fid=86)",1203.8081713565919,4,,
Car 928,,,,,,gave_up,1,"no alternate charger available, gave up",1203.9567559059342,,,
Car 948,,,,,3,switch,,"Charger 3 (fid=53) not available, trying Charger 1 (fid=82)",1204.1023058999303,1,,
Car 933,,,,,6,switch,,"Charger 6 (fid=77) not available, trying Charger 3 (fid=53)",1204.1295581240488,3,,
Car 993,,,,,3,switch,,"Charger 3 (fid=53) not available, trying Charger 6 (fid=77)",1204.2482613787213,6,,
Car 978,,,,,6,switch,,"Charger 6 (fid=77) not available, trying Charger 4 (fid=86)",1204.5527971194963,4,,
Car 862,49.0,22,0,,,done,,done charging,1204.7445815908738,,,427.55481048514724
Car 981,,22,0,,,start_charge,,starting to charge at Charger 0 (fid=22),1204.7445815908738,,13.549450971295073,
Car 979,,,,,7,switch,,"Charger 7 (fid=52) not available, trying Charger 2 (fid=36)",1204.8538440167506,2,,
Car 973,,,,,7,switch,,"Charger 7 (fid=52) not available, trying Charger 1 (fid=82)",1205.0028420808987,1,,
Car 947,,,,,3,switch,,"Charger 3 (fid=53) not available, trying Charger 1 (fid=82)",1205.1482643104748,1,,
Car 983,,,,,5,switch,,"Charger 5 (fid=19) not available, trying Charger 2 (fid=36)",1205.4932266249448,2,,
Car 941,,,,,1,switch,,"Charger 1 (fid=82) not available, trying Charger 4 (fid=86)",1205.538284657916,4,,
Car 936,,,,,1,switch,,"Charger 1 (fid=82) not available, trying Charger 4 (fid=86)",1205.550494415626,4,,
Car 980,,,,,2,switch,,"Charger 2 (fid=36) not available, trying Charger 6 (fid=77)",1205.5672633471247,6,,
Car 984,,,,,2,switch,,"Charger 2 (fid=36) not available, trying Charger 0 (fid=22)",1205.7345509956417,0,,
Car 954,,,,,7,switch,,"Charger 7 (fid=52) not available, trying Charger 3 (fid=53)",1206.144333471334,3,,
Car 985,,,,,5,switch,,"Charger 5 (fid=19) not available, trying Charger 7 (fid=52)",1206.2244137243263,7,,
Car 856,81.0,77,6,,,done,,done charging,1206.3894616717357,,,296.8831408652117
Car 969,,77,6,,,start_charge,,starting to charge at Charger 6 (fid=77),1206.3894616717357,,19.019822406713956,
Car 935,,,,,,gave_up,0,"no alternate charger available, gave up",1206.4926035164372,,,
Car 982,,,,,2,switch,,"Charger 2 (fid=36) not available, trying Charger 0 (fid=22)",1206.5225165695426,0,,
Car 955,,,,,3,switch,,"Charger 3 (fid=53) not available, trying Charger 0 (fid=22)",1206.5615359586868,0,,
Car 950,,,,,3,switch,,"Charger 3 (fid=53) not available, trying Charger 1 (fid=82)",1206.5880712030728,1,,
Car 995,,,,75,,arrived,,arrived,1206.6032203771117,,,
Car 951,,,,,3,switch,,"Charger 3 (fid=53) not available, trying Charger 7 (fid=52)",1206.6371401239644,7,,
Car 953,,,,,7,switch,,"Charger 7 (fid=52) not available, trying Charger 3 (fid=53)",1206.6579192382492,3,,
Car 968,,,,,2,switch,,"Charger 2 (fid=36) not available, trying Charger 5 (fid=19)",1206.7879468939361,5,,
Car 939,,,,,1,switch,,"Charger 1 (fid=82) not available, trying Charger 4 (fid=86)",1206.8617231303338,4,,
Car 956,,,,,7,switch,,"Charger 7 (fid=52) not available, trying Charger 3 (fid=53)",1207.0797205669076,3,,
Car 959,,,,,1,switch,,"Charger 1 (fid=82) not available, trying Charger 2 (fid=36)",1207.217740947372,2,,
Car 946,,,,,5,switch,,"Charger 5 (fid=19) not available, trying Charger 0 (fid=22)",1207.397086067297,0,,
Car 987,,,,,5,switch,,"Charger 5 (fid=19) not available, trying Charger 2 (fid=36)",1207.4061077316421,2,,
Car 848,74.0,53,3,,,done,,done charging,1207.410729111457,,,333.83999456176747
Car 988,,53,3,,,start_charge,,starting to charge at Charger 3 (fid=53),1207.410729111457,,8.699302475934928,
Car 945,,,,,1,switch,,"Charger 1 (fid=82) not available, trying Charger 4 (fid=86)",1207.4903612621217,4,,
Car 996,,,,66,,arrived,,arrived,1207.55087092877,,,
Car 932,,,,,,gave_up,4,"no alternate charger available, gave up",1207.6149951446912,,,
Car 994,,,,,6,switch,,"Charger 6 (fid=77) not available, trying Charger 2 (fid=36)",1207.6160829254488,2,,
Car 938,,,,,1,switch,,"Charger 1 (fid=82) not available, trying Charger 4 (fid=86)",1207.911601832325,4,,
Car 970,,,,,6,switch,,"Charger 6 (fid=77) not available, trying Charger 7 (fid=52)",1207.973955653143,7,,
Car 964,,,,,6,switch,,"Charger 6 (fid=77) not available, trying Charger 2 (fid=36)",1208.0480640895535,2,,
Car 971,,,,,0,switch,,"Charger 0 (fid=22) not available, trying Charger 7 (fid=52)",1208.0521512491387,7,,
Car 966,,,,,6,switch,,"Charger 6 (fid=77) not available, trying Charger 7 (fid=52)",1208.1134354213273,7,,
Car 934,,,,,,gave_up,4,"no alternate charger available, gave up",1208.118155395215,,,
Car 997,,,,62,,arrived,,arrived,1208.4455245294882,,,
Car 977,,,,,2,switch,,"Charger 2 (fid=36) not available, trying Charger 5 (fid=19)",1208.4484658613096,5,,
Car 963,,,,,7,switch,,"Charger 7 (fid=52) not available, trying Charger 3 (fid=53)",1208.5652363462489,3,,
Car 942,,,,,1,switch,,"Charger 1 (fid=82) not available, trying Charger 4 (fid=86)",1208.5806612164517,4,,
Car 967,,,,,5,switch,,"Charger 5 (fid=19) not available, trying Charger 3 (fid=53)",1208.6658197982608,3,,
Car 958,,,,,7,switch,,"Charger 7 (fid=52) not available, trying Charger 3 (fid=53)",1208.7199093672855,3,,
Car 972,,,,,0,switch,,"Charger 0 (fid=22) not available, trying Charger 7 (fid=52)",1208.7320256349585,7,,
Car 944,,,,,1,switch,,"Charger 1 (fid=82) not available, trying Charger 4 (fid=86)",1208.8301465568243,4,,
Car 952,,,,,3,switch,,"Charger 3 (fid=53) not available, trying Charger 1 (fid=82)",1208.8976652118665,1,,
Car 949,,,,,4,switch,,"Charger 4 (fid=86) not available, trying Charger 5 (fid=19)",1209.090623064906,5,,
Car 998,,,,42,,arrived,,arrived,1209.319981091313,,,
Car 895,74.0,19,5,,,done,,done charging,1209.3588056309338,,,294.96962745339545
Car 990,,19,5,,,start_charge,,starting to charge at Charger 5 (fid=19),1209.3588056309338,,9.586085035234646,
Car 999,,,,14,,arrived,,arrived,1209.444107374409,,,
Car 957,,,,,0,switch,,"Charger 0 (fid=22) not available, trying Charger 3 (fid=53)",1209.9344666865265,3,,
Car 986,,,,,6,switch,,"Charger 6 (fid=77) not available, trying Charger 2 (fid=36)",1209.9970706067982,2,,
Car 991,,,,,5,switch,,"Charger 5 (fid=19) not available, trying Charger 2 (fid=36)",1210.1003778114261,2,,
Car 992,,,,,5,switch,,"Charger 5 (fid=19) not available, trying Charger 2 (fid=36)",1210.1680002343608,2,,
Car 1000,,,,38,,arrived,,arrived,1210.1915306135804,,,
Car 778,115.0,82,1,,,done,,done charging,1210.2732024970926,,,410.659362967649
Car 937,,82,1,,,start_charge,,starting to charge at Charger 1 (fid=82),1210.2732024970926,,33.524488818913596,
Car 1001,,,,83,,arrived,,arrived,1210.430012284009,,,
Car 989,,,,,2,switch,,"Charger 2 (fid=36) not available, trying Charger 3 (fid=53)",1210.667595581778,3,,
Car 933,,,,,3,switch,,"Charger 3 (fid=53) not available, trying Charger 0 (fid=22)",1210.7025819945138,0,,
Car 974,,,,,2,switch,,"Charger 2 (fid=36) not available, trying Charger 5 (fid=19)",1210.7373700663215,5,,
Car 941,,,,,,gave_up,4,"no alternate charger available, gave up",1210.82073636623,,,
Car 993,,,,,6,switch,,"Charger 6 (fid=77) not available, trying Charger 7 (fid=52)",1210.8212852491863,7,,
Car 943,,,,,4,switch,,"Charger 4 (fid=86) not available, trying Charger 1 (fid=82)",1210.8270985160134,1,,
Car 936,,,,,,gave_up,4,"no alternate charger available, gave up",1210.83294612394,,,
Car 983,,,,,2,switch,,"Charger 2 (fid=36) not available, trying Charger 6 (fid=77)",1211.246083458077,6,,
Car 1002,,,,27,,arrived,,arrived,1211.2592751101758,,,
Car 1003,,,,21,,arrived,,arrived,1211.3992965395328,,,
Car 995,,,,,3,switch,,"Charger 3 (fid=53) not available, trying Charger 7 (fid=52)",1211.6032203771117,7,,
Car 975,,,,,6,switch,,"Charger 6 (fid=77) not available, trying Charger 7 (fid=52)",1212.0776446550447,7,,
Car 939,,,,,,gave_up,4,"no alternate charger available, gave up",1212.1441748386478,,,
Car 954,,,,,3,switch,,"Charger 3 (fid=53) not available, trying Charger 1 (fid=82)",1212.1642700903658,1,,
Car 962,,,,,5,switch,,"Charger 5 (fid=19) not available, trying Charger 0 (fid=22)",1212.2253783632352,0,,
Car 948,,,,,1,switch,,"Charger 1 (fid=82) not available, trying Charger 4 (fid=86)",1212.4465201072717,4,,
Car 968,,,,,5,switch,,"Charger 5 (fid=19) not available, trying Charger 0 (fid=22)",1212.5408037270684,0,,
Car 996,,,,,6,switch,,"Charger 6 (fid=77) not available, trying Charger 3 (fid=53)",1212.55087092877,3,,
Car 951,,,,,7,switch,,"Charger 7 (fid=52) not available, trying Charger 1 (fid=82)",1212.6570767429962,1,,
Car 973,,,,,1,switch,,"Charger 1 (fid=82) not available, trying Charger 6 (fid=77)",1212.660759769366,6,,
Car 953,,,,,3,switch,,"Charger 3 (fid=53) not available, trying Charger 1 (fid=82)",1212.677855857281,1,,
Car 945,,,,,,gave_up,4,"no alternate charger available, gave up",1212.7728129704358,,,
Car 984,,,,,0,switch,,"Charger 0 (fid=22) not available, trying Charger 6 (fid=77)",1212.8775393698318,6,,
Car 979,,,,,2,switch,,"Charger 2 (fid=36) not available, trying Charger 5 (fid=19)",1212.88218151379,5,,
Car 960,,,,,6,switch,,"Charger 6 (fid=77) not available, trying Charger 3 (fid=53)",1212.9245179026234,3,,
Car 976,,,,,6,switch,,"Charger 6 (fid=77) not available, trying Charger 7 (fid=52)",1212.9264333611395,7,,
Car 956,,,,,3,switch,,"Charger 3 (fid=53) not available, trying Charger 1 (fid=82)",1213.0996571859393,1,,
Car 980,,,,,6,switch,,"Charger 6 (fid=77) not available, trying Charger 7 (fid=52)",1213.122567707686,7,,
Car 987,,,,,2,switch,,"Charger 2 (fid=36) not available, trying Charger 6 (fid=77)",1213.1589645647744,6,,
Car 938,,,,,,gave_up,4,"no alternate charger available, gave up",1213.194053540639,,,
Car 997,,,,,6,switch,,"Charger 6 (fid=77) not available, trying Charger 2 (fid=36)",1213.4455245294882,2,,
Car 947,,,,,1,switch,,"Charger 1 (fid=82) not available, trying Charger 4 (fid=86)",1213.4924785178162,4,,
Car 982,,,,,0,switch,,"Charger 0 (fid=22) not available, trying Charger 5 (fid=19)",1213.6655049437327,5,,
Car 978,,,,,4,switch,,"Charger 4 (fid=86) not available, trying Charger 1 (fid=82)",1213.7336609399085,1,,
Car 946,,,,,,gave_up,0,"no alternate charger available, gave up",1213.8578132202372,,,
Car 942,,,,,,gave_up,4,"no alternate charger available, gave up",1213.8631129247658,,,
Car 944,,,,,,gave_up,4,"no alternate charger available, gave up",1214.1125982651383,,,
Car 977,,,,,5,switch,,"Charger 5 (fid=19) not available, trying Charger 3 (fid=53)",1214.2013226944418,3,,
Car 998,,,,,0,switch,,"Charger 0 (fid=22) not available, trying Charger 5 (fid=19)",1214.319981091313,5,,
Car 999,,,,,2,switch,,"Charger 2 (fid=36) not available, trying Charger 5 (fid=19)",1214.444107374409,5,,
Car 970,,,,,7,switch,,"Charger 7 (fid=52) not available, trying Charger 3 (fid=53)",1214.5396932693677,3,,
Car 963,,,,,3,switch,,"Charger 3 (fid=53) not available, trying Charger 1 (fid=82)",1214.5851729652807,1,,
Car 966,,,,,7,switch,,"Charger 7 (fid=52) not available, trying Charger 3 (fid=53)",1214.679173037552,3,,
Car 958,,,,,3,switch,,"Charger 3 (fid=53) not available, trying Charger 1 (fid=82)",1214.7398459863173,1,,
Car 950,,,,,1,switch,,"Charger 1 (fid=82) not available, trying Charger 4 (fid=86)",1214.9322854104141,4,,
Car 985,,,,,7,switch,,"Charger 7 (fid=52) not available, trying Charger 6 (fid=77)",1215.0021706393113,6,,
Car 994,,,,,2,switch,,"Charger 2 (fid=36) not available, trying Charger 5 (fid=19)",1215.17138728601,5,,
Car 1000,,,,,0,switch,,"Charger 0 (fid=22) not available, trying Charger 5 (fid=19)",1215.1915306135804,5,,
Car 1001,,,,,1,switch,,"Charger 1 (fid=82) not available, trying Charger 4 (fid=86)",1215.430012284009,4,,
Car 964,,,,,2,switch,,"Charger 2 (fid=36) not available, trying Charger 5 (fid=19)",1215.6033684501147,5,,
Car 991,,,,,2,switch,,"Charger 2 (fid=36) not available, trying Charger 6 (fid=77)",1215.8532346445584,6,,
Car 992,,,,,2,switch,,"Charger 2 (fid=36) not available, trying Charger 6 (fid=77)",1215.920857067493,6,,
Car 1004,,,,33,,arrived,,arrived,1215.9455118975332,,,
Car 943,,,,,,gave_up,1,"no alternate charger available, gave up",1216.1095502243274,,,
Car 1002,,,,,2,switch,,"Charger 2 (fid=36) not available, trying Charger 5 (fid=19)",1216.2592751101758,5,,
Car 1003,,,,,7,switch,,"Charger 7 (fid=52) not available, trying Charger 1 (fid=82)",1216.3992965395328,1,,
Car 974,,,,,5,switch,,"Charger 5 (fid=19) not available, trying Charger 4 (fid=86)",1216.4902268994538,4,,
Car 959,,,,,2,switch,,"Charger 2 (fid=36) not available, trying Charger 5 (fid=19)",1216.777901987226,5,,
Car 1005,,,,8,,arrived,,arrived,1217.0977699817577,,,
Car 952,,,,,1,switch,,"Charger 1 (fid=82) not available, trying Charger 4 (fid=86)",1217.2418794192079,4,,
Car 955,,,,,0,switch,,"Charger 0 (fid=22) not available, trying Charger 1 (fid=82)",1217.3144337017693,1,,
Car 993,,,,,7,switch,,"Charger 7 (fid=52) not available, trying Charger 2 (fid=36)",1217.387022865411,2,,
Car 986,,,,,2,switch,,"Charger 2 (fid=36) not available, trying Charger 5 (fid=19)",1217.5523749673594,5,,
Car 995,,,,,7,switch,,"Charger 7 (fid=52) not available, trying Charger 6 (fid=77)",1217.6231569961435,6,,
Car 948,,,,,,gave_up,4,"no alternate charger available, gave up",1217.7289718155857,,,
Car 967,,,,,3,switch,,"Charger 3 (fid=53) not available, trying Charger 7 (fid=52)",1218.169334316208,7,,
Car 971,,,,,7,switch,,"Charger 7 (fid=52) not available, trying Charger 3 (fid=53)",1218.1848620592846,3,,
Car 979,,,,,5,switch,,"Charger 5 (fid=19) not available, trying Charger 0 (fid=22)",1218.6350383469223,0,,
Car 975,,,,,7,switch,,"Charger 7 (fid=52) not available, trying Charger 3 (fid=53)",1218.6433822712693,3,,
Car 962,,,,,0,switch,,"Charger 0 (fid=22) not available, trying Charger 1 (fid=82)",1218.6861055161753,1,,
Car 947,,,,,,gave_up,4,"no alternate charger available, gave up",1218.7749302261302,,,
Car 983,,,,,6,switch,,"Charger 6 (fid=77) not available, trying Charger 7 (fid=52)",1218.8013878186382,7,,
Car 972,,,,,7,switch,,"Charger 7 (fid=52) not available, trying Charger 3 (fid=53)",1218.8647364451044,3,,
Car 968,,,,,0,switch,,"Charger 0 (fid=22) not available, trying Charger 4 (fid=86)",1219.0015308800084,4,,
Car 978,,,,,1,switch,,"Charger 1 (fid=82) not available, trying Charger 2 (fid=36)",1219.0161126482226,2,,
Car 996,,,,,3,switch,,"Charger 3 (fid=53) not available, trying Charger 7 (fid=52)",1219.1238947992351,7,,
Car 949,,,,,5,switch,,"Charger 5 (fid=19) not available, trying Charger 0 (fid=22)",1219.4212193567812,0,,
Car 989,,,,,3,switch,,"Charger 3 (fid=53) not available, trying Charger 7 (fid=52)",1219.42178127364,7,,
Car 976,,,,,7,switch,,"Charger 7 (fid=52) not available, trying Charger 3 (fid=53)",1219.4921709773641,3,,
Car 960,,,,,3,switch,,"Charger 3 (fid=53) not available, trying Charger 5 (fid=19)",1219.4975417730884,5,,
Car 980,,,,,7,switch,,"Charger 7 (fid=52) not available, trying Charger 3 (fid=53)",1219.6883053239105,3,,
Car 982,,,,,5,switch,,"Charger 5 (fid=19) not available, trying Charger 3 (fid=53)",1220.1262320966728,3,,
Car 999,,,,,5,switch,,"Charger 5 (fid=19) not available, trying Charger 0 (fid=22)",1220.1969642075412,0,,
Car 950,,,,,,gave_up,4,"no alternate charger available, gave up",1220.2147371187282,,,
Car 951,,,,,1,switch,,"Charger 1 (fid=82) not available, trying Charger 4 (fid=86)",1220.3149944314634,4,,
Car 954,,,,,1,switch,,"Charger 1 (fid=82) not available, trying Charger 4 (fid=86)",1220.5084842977071,4,,
Car 970,,,,,3,switch,,"Charger 3 (fid=53) not available, trying Charger 1 (fid=82)",1220.5596298883995,1,,
Car 957,,,,,3,switch,,"Charger 3 (fid=53) not available, trying Charger 1 (fid=82)",1220.687364429609,1,,
Car 966,,,,,3,switch,,"Charger 3 (fid=53) not available, trying Charger 1 (fid=82)",1220.6991096565837,1,,
Car 1001,,,,,4,switch,,"Charger 4 (fid=86) not available, trying Charger 7 (fid=52)",1220.7124639923231,7,,
Car 987,,,,,6,switch,,"Charger 6 (fid=77) not available, trying Charger 7 (fid=52)",1220.7142689253355,7,,
Car 998,,,,,5,switch,,"Charger 5 (fid=19) not available, trying Charger 2 (fid=36)",1220.780708244253,2,,
Car 994,,,,,5,switch,,"Charger 5 (fid=19) not available, trying Charger 0 (fid=22)",1220.9242441191423,0,,
Car 1004,,,,,2,switch,,"Charger 2 (fid=36) not available, trying Charger 5 (fid=19)",1220.9455118975332,5,,
Car 997,,,,,2,switch,,"Charger 2 (fid=36) not available, trying Charger 3 (fid=53)",1221.0008288900494,3,,
Car 953,,,,,1,switch,,"Charger 1 (fid=82) not available, trying Charger 4 (fid=86)",1221.0220700646223,4,,
Car 964,,,,,5,switch,,"Charger 5 (fid=19) not available, trying Charger 0 (fid=22)",1221.3562252832469,0,,
Car 956,,,,,1,switch,,"Charger 1 (fid=82) not available, trying Charger 4 (fid=86)",1221.4438713932807,4,,
Car 933,,,,,,gave_up,0,"no alternate charger available, gave up",1221.4554797375963,,,
Car 985,,,,,6,switch,,"Charger 6 (fid=77) not available, trying Charger 3 (fid=53)",1221.567908255536,3,,
Car 1000,,,,,5,switch,,"Charger 5 (fid=19) not available, trying Charger 2 (fid=36)",1221.6522577665205,2,,
Car 1006,,,,26,,arrived,,arrived,1221.6564906228173,,,
Car 973,,,,,6,switch,,"Charger 6 (fid=77) not available, trying Charger 2 (fid=36)",1221.8459377863637,2,,
Car 1002,,,,,5,switch,,"Charger 5 (fid=19) not available, trying Charger 0 (fid=22)",1222.012131943308,0,,
Car 1005,,,,,6,switch,,"Charger 6 (fid=77) not available, trying Charger 2 (fid=36)",1222.0977699817577,2,,
Car 984,,,,,6,switch,,"Charger 6 (fid=77) not available, trying Charger 7 (fid=52)",1222.2156441812926,7,,
Car 952,,,,,,gave_up,4,"no alternate charger available, gave up",1222.524331127522,,,
Car 959,,,,,5,switch,,"Charger 5 (fid=19) not available, trying Charger 0 (fid=22)",1222.5307588203582,0,,
Car 963,,,,,1,switch,,"Charger 1 (fid=82) not available, trying Charger 4 (fid=86)",1222.929387172622,4,,
Car 958,,,,,1,switch,,"Charger 1 (fid=82) not available, trying Charger 4 (fid=86)",1223.0840601936586,4,,
Car 986,,,,,5,switch,,"Charger 5 (fid=19) not available, trying Charger 3 (fid=53)",1223.3052318004916,3,,
Car 991,,,,,6,switch,,"Charger 6 (fid=77) not available, trying Charger 7 (fid=52)",1223.4085390051196,7,,
Car 992,,,,,6,switch,,"Charger 6 (fid=77) not available, trying Charger 7 (fid=52)",1223.4761614280542,7,,
Car 977,,,,,3,switch,,"Charger 3 (fid=53) not available, trying Charger 7 (fid=52)",1223.704837212389,7,,
Car 1003,,,,,1,switch,,"Charger 1 (fid=82) not available, trying Charger 4 (fid=86)",1224.057214228,4,,
Car 995,,,,,6,switch,,"Charger 6 (fid=77) not available, trying Charger 4 (fid=86)",1224.1888946123681,4,,
Car 967,,,,,7,switch,,"Charger 7 (fid=52) not available, trying Charger 1 (fid=82)",1224.1892709352398,1,,
Car 971,,,,,3,switch,,"Charger 3 (fid=53) not available, trying Charger 1 (fid=82)",1224.2047986783164,1,,
Car 975,,,,,3,switch,,"Charger 3 (fid=53) not available, trying Charger 1 (fid=82)",1224.663318890301,1,,
Car 972,,,,,3,switch,,"Charger 3 (fid=53) not available, trying Charger 1 (fid=82)",1224.8846730641362,1,,
Car 979,,,,,0,switch,,"Charger 0 (fid=22) not available, trying Charger 4 (fid=86)",1225.0957654998624,4,,
Car 996,,,,,7,switch,,"Charger 7 (fid=52) not available, trying Charger 2 (fid=36)",1225.143831418267,2,,
Car 983,,,,,7,switch,,"Charger 7 (fid=52) not available, trying Charger 3 (fid=53)",1225.3671254348628,3,,
Car 993,,,,,2,switch,,"Charger 2 (fid=36) not available, trying Charger 4 (fid=86)",1225.4153603624504,4,,
Car 1007,,,,28,,arrived,,arrived,1225.4327538365308,,,
Car 989,,,,,7,switch,,"Charger 7 (fid=52) not available, trying Charger 5 (fid=19)",1225.4417178926717,5,,
Car 976,,,,,3,switch,,"Charger 3 (fid=53) not available, trying Charger 1 (fid=82)",1225.512107596396,1,,
Car 951,,,,,,gave_up,4,"no alternate charger available, gave up",1225.5974461397775,,,
Car 980,,,,,3,switch,,"Charger 3 (fid=53) not available, trying Charger 1 (fid=82)",1225.7082419429423,1,,
Car 1008,,,,36,,arrived,,arrived,1225.7222185038916,,,
Car 954,,,,,,gave_up,4,"no alternate charger available, gave up",1225.7909360060212,,,
Car 949,,,,,,gave_up,0,"no alternate charger available, gave up",1225.8819465097213,,,
Car 953,,,,,,gave_up,4,"no alternate charger available, gave up",1226.3045217729364,,,
Car 998,,,,,2,switch,,"Charger 2 (fid=36) not available, trying Charger 6 (fid=77)",1226.5335650773852,6,,
Car 1006,,,,,2,switch,,"Charger 2 (fid=36) not available, trying Charger 5 (fid=19)",1226.6564906228173,5,,
Car 999,,,,,0,switch,,"Charger 0 (fid=22) not available, trying Charger 6 (fid=77)",1226.6576913604813,6,,
Car 1004,,,,,5,switch,,"Charger 5 (fid=19) not available, trying Charger 0 (fid=22)",1226.6983687306654,0,,
Car 956,,,,,,gave_up,4,"no alternate charger available, gave up",1226.7263231015947,,,
Car 974,,,,,4,switch,,"Charger 4 (fid=86) not available, trying Charger 1 (fid=82)",1226.820823191329,1,,
Car 987,,,,,7,switch,,"Charger 7 (fid=52) not available, trying Charger 3 (fid=53)",1227.2800065415602,3,,
Car 994,,,,,0,switch,,"Charger 0 (fid=22) not available, trying Charger 7 (fid=52)",1227.3849712720823,7,,
Car 1000,,,,,2,switch,,"Charger 2 (fid=36) not available, trying Charger 6 (fid=77)",1227.4051145996527,6,,
Car 964,,,,,,gave_up,0,"no alternate charger available, gave up",1227.816952436187,,,
Car 985,,,,,3,switch,,"Charger 3 (fid=53) not available, trying Charger 0 (fid=22)",1228.140932126001,0,,
Car 963,,,,,,gave_up,4,"no alternate charger available, gave up",1228.211838880936,,,
Car 1001,,,,,7,switch,,"Charger 7 (fid=52) not available, trying Charger 3 (fid=53)",1228.3423313898634,3,,
Car 958,,,,,,gave_up,4,"no alternate charger available, gave up",1228.3665119019727,,,
Car 1002,,,,,0,switch,,"Charger 0 (fid=22) not available, trying Charger 6 (fid=77)",1228.4728590962482,6,,
Car 978,,,,,2,switch,,"Charger 2 (fid=36) not available, trying Charger 5 (fid=19)",1228.5762736880765,5,,
Car 984,,,,,7,switch,,"Charger 7 (fid=52) not available, trying Charger 3 (fid=53)",1228.7813817975173,3,,
Car 1009,,,,52,,arrived,,arrived,1228.8247520818886,,,
Car 970,,,,,1,switch,,"Charger 1 (fid=82) not available, trying Charger 4 (fid=86)",1228.9038440957409,4,,
Car 955,,,,,1,switch,,"Charger 1 (fid=82) not available, trying Charger 4 (fid=86)",1228.9311629863134,4,,
Car 959,,,,,,gave_up,0,"no alternate charger available, gave up",1228.9914859732983,,,
Car 960,,,,,5,switch,,"Charger 5 (fid=19) not available, trying Charger 0 (fid=22)",1229.0010562910356,0,,
Car 957,,,,,1,switch,,"Charger 1 (fid=82) not available, trying Charger 4 (fid=86)",1229.0315786369504,4,,
Car 966,,,,,1,switch,,"Charger 1 (fid=82) not available, trying Charger 4 (fid=86)",1229.043323863925,4,,
Car 1003,,,,,4,switch,,"Charger 4 (fid=86) not available, trying Charger 2 (fid=36)",1229.339665936314,2,,
Car 973,,,,,2,switch,,"Charger 2 (fid=36) not available, trying Charger 5 (fid=19)",1229.401242146925,5,,
Car 982,,,,,3,switch,,"Charger 3 (fid=53) not available, trying Charger 7 (fid=52)",1229.62974661462,7,,
Car 1005,,,,,2,switch,,"Charger 2 (fid=36) not available, trying Charger 0 (fid=22)",1229.6530743423189,0,,
Car 977,,,,,7,switch,,"Charger 7 (fid=52) not available, trying Charger 1 (fid=82)",1229.7247738314209,1,,
Car 997,,,,,3,switch,,"Charger 3 (fid=53) not available, trying Charger 7 (fid=52)",1229.7550145819114,7,,
Car 991,,,,,7,switch,,"Charger 7 (fid=52) not available, trying Charger 3 (fid=53)",1229.9742766213442,3,,
Car 992,,,,,7,switch,,"Charger 7 (fid=52) not available, trying Charger 3 (fid=53)",1230.0418990442788,3,,
Car 1010,,,,27,,arrived,,arrived,1230.2353918398003,,,
Car 962,,,,,1,switch,,"Charger 1 (fid=82) not available, trying Charger 4 (fid=86)",1230.3028348007194,4,,
Car 1007,,,,,2,switch,,"Charger 2 (fid=36) not available, trying Charger 5 (fid=19)",1230.4327538365308,5,,
Car 1008,,,,,2,switch,,"Charger 2 (fid=36) not available, trying Charger 5 (fid=19)",1230.7222185038916,5,,
Car 968,,,,,4,switch,,"Charger 4 (fid=86) not available, trying Charger 1 (fid=82)",1230.7924094768116,1,,
Car 983,,,,,3,switch,,"Charger 3 (fid=53) not available, trying Charger 1 (fid=82)",1231.3870620538946,1,,
Car 967,,,,,1,switch,,"Charger 1 (fid=82) not available, trying Charger 4 (fid=86)",1231.847188623707,4,,
Car 974,,,,,1,switch,,"Charger 1 (fid=82) not available, trying Charger 0 (fid=22)",1232.103274899643,0,,
Car 1011,,,,28,,arrived,,arrived,1232.2722273441846,,,
Car 1006,,,,,5,switch,,"Charger 5 (fid=19) not available, trying Charger 0 (fid=22)",1232.4093474559495,0,,
Car 971,,,,,1,switch,,"Charger 1 (fid=82) not available, trying Charger 4 (fid=86)",1232.5490128856577,4,,
Car 986,,,,,3,switch,,"Charger 3 (fid=53) not available, trying Charger 7 (fid=52)",1232.8087463184388,7,,
Car 1012,,,,38,,arrived,,arrived,1232.9326356661668,,,
Car 975,,,,,1,switch,,"Charger 1 (fid=82) not available, trying Charger 4 (fid=86)",1233.0075330976424,4,,
Car 1004,,,,,0,switch,,"Charger 0 (fid=22) not available, trying Charger 6 (fid=77)",1233.1590958836055,6,,
Car 996,,,,,2,switch,,"Charger 2 (fid=36) not available, trying Charger 5 (fid=19)",1233.1721689153064,5,,
Car 972,,,,,1,switch,,"Charger 1 (fid=82) not available, trying Charger 4 (fid=86)",1233.2288872714776,4,,
Car 1013,,,,3,,arrived,,arrived,1233.2735910942838,,,
Car 987,,,,,3,switch,,"Charger 3 (fid=53) not available, trying Charger 1 (fid=82)",1233.299943160592,1,,
Car 995,,,,,4,switch,,"Charger 4 (fid=86) not available, trying Charger 1 (fid=82)",1233.3697584327804,1,,
Car 1014,,,,28,,arrived,,arrived,1233.6959190275204,,,
Car 1015,,,,44,,arrived,,arrived,1233.797109149759,,,
Car 1009,,,,,7,switch,,"Charger 7 (fid=52) not available, trying Charger 3 (fid=53)",1233.8247520818886,3,,
Car 976,,,,,1,switch,,"Charger 1 (fid=82) not available, trying Charger 4 (fid=86)",1233.8563218037373,4,,
Car 980,,,,,1,switch,,"Charger 1 (fid=82) not available, trying Charger 4 (fid=86)",1234.0524561502837,4,,
Car 998,,,,,6,switch,,"Charger 6 (fid=77) not available, trying Charger 7 (fid=52)",1234.0888694379464,7,,
Car 970,,,,,,gave_up,4,"no alternate charger available, gave up",1234.186295804055,,,
Car 955,,,,,,gave_up,4,"no alternate charger available, gave up",1234.2136146946275,,,
Car 989,,,,,5,switch,,"Charger 5 (fid=19) not available, trying Charger 0 (fid=22)",1234.2194748076568,0,,
Car 957,,,,,,gave_up,4,"no alternate charger available, gave up",1234.3140303452644,,,
Car 966,,,,,,gave_up,4,"no alternate charger available, gave up",1234.325775572239,,,
Car 978,,,,,5,switch,,"Charger 5 (fid=19) not available, trying Charger 0 (fid=22)",1234.3291305212088,0,,
Car 1001,,,,,3,switch,,"Charger 3 (fid=53) not available, trying Charger 6 (fid=77)",1234.3622680088952,6,,
Car 984,,,,,3,switch,,"Charger 3 (fid=53) not available, trying Charger 1 (fid=82)",1234.801318416549,1,,
Car 1000,,,,,6,switch,,"Charger 6 (fid=77) not available, trying Charger 7 (fid=52)",1234.960418960214,7,,
Car 993,,,,,4,switch,,"Charger 4 (fid=86) not available, trying Charger 1 (fid=82)",1235.126490637018,1,,
Car 973,,,,,5,switch,,"Charger 5 (fid=19) not available, trying Charger 0 (fid=22)",1235.1540989800571,0,,
Car 1010,,,,,2,switch,,"Charger 2 (fid=36) not available, trying Charger 5 (fid=19)",1235.2353918398003,5,,
Car 960,,,,,,gave_up,0,"no alternate charger available, gave up",1235.4617834439757,,,
Car 962,,,,,,gave_up,4,"no alternate charger available, gave up",1235.5852865090335,,,
Car 982,,,,,7,switch,,"Charger 7 (fid=52) not available, trying Charger 1 (fid=82)",1235.6496832336518,1,,
Car 997,,,,,7,switch,,"Charger 7 (fid=52) not available, trying Charger 5 (fid=19)",1235.7749512009432,5,,
Car 991,,,,,3,switch,,"Charger 3 (fid=53) not available, trying Charger 1 (fid=82)",1235.994213240376,1,,
Car 999,,,,,6,switch,,"Charger 6 (fid=77) not available, trying Charger 7 (fid=52)",1235.9957961719422,7,,
Car 992,,,,,3,switch,,"Charger 3 (fid=53) not available, trying Charger 1 (fid=82)",1236.0618356633106,1,,
Car 968,,,,,,gave_up,1,"no alternate charger available, gave up",1236.0748611851257,,,
Car 1007,,,,,5,switch,,"Charger 5 (fid=19) not available, trying Charger 0 (fid=22)",1236.185610669663,0,,
Car 1016,,,,73,,arrived,,arrived,1236.3027402988218,,,
Car 1008,,,,,5,switch,,"Charger 5 (fid=19) not available, trying Charger 0 (fid=22)",1236.4750753370238,0,,
Car 1005,,,,,0,switch,,"Charger 0 (fid=22) not available, trying Charger 5 (fid=19)",1236.796062716509,5,,
Car 979,,,,,4,switch,,"Charger 4 (fid=86) not available, trying Charger 1 (fid=82)",1236.8866440966656,1,,
Car 967,,,,,,gave_up,4,"no alternate charger available, gave up",1237.1296403320212,,,
Car 1011,,,,,2,switch,,"Charger 2 (fid=36) not available, trying Charger 5 (fid=19)",1237.2722273441846,5,,
Car 977,,,,,1,switch,,"Charger 1 (fid=82) not available, trying Charger 4 (fid=86)",1237.382691519888,4,,
Car 994,,,,,7,switch,,"Charger 7 (fid=52) not available, trying Charger 3 (fid=53)",1237.5176820822282,3,,
Car 1002,,,,,6,switch,,"Charger 6 (fid=77) not available, trying Charger 7 (fid=52)",1237.810963907709,7,,
Car 971,,,,,,gave_up,4,"no alternate charger available, gave up",1237.8314645939718,,,
Car 1012,,,,,0,switch,,"Charger 0 (fid=22) not available, trying Charger 5 (fid=19)",1237.9326356661668,5,,
Car 1013,,,,,7,switch,,"Charger 7 (fid=52) not available, trying Charger 2 (fid=36)",1238.2735910942838,2,,
Car 975,,,,,,gave_up,4,"no alternate charger available, gave up",1238.2899848059565,,,
Car 972,,,,,,gave_up,4,"no alternate charger available, gave up",1238.5113389797916,,,
Car 995,,,,,1,switch,,"Charger 1 (fid=82) not available, trying Charger 2 (fid=36)",1238.6522101410944,2,,
Car 1014,,,,,0,switch,,"Charger 0 (fid=22) not available, trying Charger 5 (fid=19)",1238.6959190275204,5,,
Car 1015,,,,,0,switch,,"Charger 0 (fid=22) not available, trying Charger 5 (fid=19)",1238.797109149759,5,,
Car 986,,,,,7,switch,,"Charger 7 (fid=52) not available, trying Charger 1 (fid=82)",1238.8286829374706,1,,
Car 1006,,,,,0,switch,,"Charger 0 (fid=22) not available, trying Charger 6 (fid=77)",1238.8700746088896,6,,
Car 985,,,,,0,switch,,"Charger 0 (fid=22) not available, trying Charger 1 (fid=82)",1238.8938298690834,1,,
Car 996,,,,,5,switch,,"Charger 5 (fid=19) not available, trying Charger 0 (fid=22)",1238.9250257484387,0,,
Car 1003,,,,,2,switch,,"Charger 2 (fid=36) not available, trying Charger 6 (fid=77)",1239.0507962108816,6,,
Car 976,,,,,,gave_up,4,"no alternate charger available, gave up",1239.1387735120513,,,
Car 980,,,,,,gave_up,4,"no alternate charger available, gave up",1239.3349078585977,,,
Car 1017,,,,42,,arrived,,arrived,1239.5317052182809,,,
Car 1018,,,,29,,arrived,,arrived,1239.6676579273005,,,
Car 983,,,,,1,switch,,"Charger 1 (fid=82) not available, trying Charger 4 (fid=86)",1239.731276261236,4,,
Car 1009,,,,,3,switch,,"Charger 3 (fid=53) not available, trying Charger 6 (fid=77)",1239.8446887009204,6,,
Car 993,,,,,1,switch,,"Charger 1 (fid=82) not available, trying Charger 5 (fid=19)",1240.408942345332,5,,
Car 998,,,,,7,switch,,"Charger 7 (fid=52) not available, trying Charger 3 (fid=53)",1240.654607054171,3,,
Car 989,,,,,0,switch,,"Charger 0 (fid=22) not available, trying Charger 1 (fid=82)",1240.6802019605968,1,,
Car 978,,,,,,gave_up,0,"no alternate charger available, gave up",1240.7898576741488,,,
Car 1001,,,,,6,switch,,"Charger 6 (fid=77) not available, trying Charger 2 (fid=36)",1240.9352918793602,2,,
Car 1010,,,,,5,switch,,"Charger 5 (fid=19) not available, trying Charger 0 (fid=22)",1240.9882486729325,0,,
Car 1016,,,,,6,switch,,"Charger 6 (fid=77) not available, trying Charger 2 (fid=36)",1241.3027402988218,2,,
Car 1000,,,,,7,switch,,"Charger 7 (fid=52) not available, trying Charger 3 (fid=53)",1241.5261565764386,3,,
Car 973,,,,,,gave_up,0,"no alternate charger available, gave up",1241.6148261329972,,,
Car 987,,,,,1,switch,,"Charger 1 (fid=82) not available, trying Charger 4 (fid=86)",1241.6441573679333,4,,
Car 893,101.0,22,0,,,done,,done charging,1242.0177489009466,,,166.7314785995756
Car 1007,,22,0,,,start_charge,,starting to charge at Charger 0 (fid=22),1242.0177489009466,,14.371411078343499,
Car 979,,,,,,gave_up,1,"no alternate charger available, gave up",1242.1690958049796,,,
Car 1004,,,,,6,switch,,"Charger 6 (fid=77) not available, trying Charger 7 (fid=52)",1242.4972006950663,7,,
Car 999,,,,,7,switch,,"Charger 7 (fid=52) not available, trying Charger 3 (fid=53)",1242.5615337881668,3,,
Car 977,,,,,,gave_up,4,"no alternate charger available, gave up",1242.6651432282022,,,
Car 1008,,,,,0,switch,,"Charger 0 (fid=22) not available, trying Charger 6 (fid=77)",1242.9358024899639,6,,
Car 1011,,,,,5,switch,,"Charger 5 (fid=19) not available, trying Charger 0 (fid=22)",1243.0250841773168,0,,
Car 1019,,,,72,,arrived,,arrived,1243.0750953914705,,,
Car 984,,,,,1,switch,,"Charger 1 (fid=82) not available, trying Charger 4 (fid=86)",1243.1455326238904,4,,
Car 1005,,,,,5,switch,,"Charger 5 (fid=19) not available, trying Charger 3 (fid=53)",1243.256789869449,3,,
Car 982,,,,,1,switch,,"Charger 1 (fid=82) not available, trying Charger 4 (fid=86)",1243.307600922119,4,,
Car 912,79.0,52,7,,,done,,done charging,1243.4238180367693,,,377.34804885807335
Car 1002,,52,7,,,start_charge,,starting to charge at Charger 7 (fid=52),1243.4238180367693,,24.0471165128356,
Car 994,,,,,3,switch,,"Charger 3 (fid=53) not available, trying Charger 1 (fid=82)",1243.53761870126,1,,
Car 974,,,,,,gave_up,0,"no alternate charger available, gave up",1243.7200041841872,,,
Car 991,,,,,1,switch,,"Charger 1 (fid=82) not available, trying Charger 4 (fid=86)",1244.3384274477173,4,,
Car 1012,,,,,5,switch,,"Charger 5 (fid=19) not available, trying Charger 2 (fid=36)",1244.3933628191069,2,,
Car 992,,,,,1,switch,,"Charger 1 (fid=82) not available, trying Charger 4 (fid=86)",1244.406049870652,4,,
Car 1017,,,,,0,switch,,"Charger 0 (fid=22) not available, trying Charger 5 (fid=19)",1244.5317052182809,5,,
Car 997,,,,,5,switch,,"Charger 5 (fid=19) not available, trying Charger 0 (fid=22)",1244.5527081159282,0,,
Car 1018,,,,,0,switch,,"Charger 0 (fid=22) not available, trying Charger 5 (fid=19)",1244.6676579273005,5,,
Car 1020,,,,4,,arrived,,arrived,1244.8369170481917,,,
Car 1021,,,,29,,arrived,,arrived,1245.003162553016,,,
Car 983,,,,,,gave_up,4,"no alternate charger available, gave up",1245.01372796955,,,
Car 1014,,,,,5,switch,,"Charger 5 (fid=19) not available, trying Charger 2 (fid=36)",1245.1566461804605,2,,
Car 1015,,,,,5,switch,,"Charger 5 (fid=19) not available, trying Charger 2 (fid=36)",1245.2578363026992,2,,
Car 1022,,,,57,,arrived,,arrived,1245.2852383708823,,,
Car 996,,,,,0,switch,,"Charger 0 (fid=22) not available, trying Charger 4 (fid=86)",1245.3857529013787,4,,
Car 1013,,,,,2,switch,,"Charger 2 (fid=36) not available, trying Charger 6 (fid=77)",1246.3019285913233,6,,
Car 1009,,,,,6,switch,,"Charger 6 (fid=77) not available, trying Charger 4 (fid=86)",1246.4177125713854,4,,
Car 986,,,,,1,switch,,"Charger 1 (fid=82) not available, trying Charger 4 (fid=86)",1246.4866006259379,4,,
Car 1003,,,,,6,switch,,"Charger 6 (fid=77) not available, trying Charger 3 (fid=53)",1246.6061005714428,3,,
Car 998,,,,,3,switch,,"Charger 3 (fid=53) not available, trying Charger 1 (fid=82)",1246.6745436732028,1,,
Car 1023,,,,46,,arrived,,arrived,1246.7170640487666,,,
Car 987,,,,,,gave_up,4,"no alternate charger available, gave up",1246.9266090762474,,,
Car 1024,,,,60,,arrived,,arrived,1246.955426230295,,,
Car 910,84.0,52,7,,,done,,done charging,1247.161554865366,,,266.0922482993331
Car 1004,,52,7,,,start_charge,,starting to charge at Charger 7 (fid=52),1247.161554865366,,23.09861655407508,
Car 1010,,,,,0,switch,,"Charger 0 (fid=22) not available, trying Charger 6 (fid=77)",1247.4489758258726,6,,
Car 1025,,,,74,,arrived,,arrived,1247.4908294417146,,,
Car 1000,,,,,3,switch,,"Charger 3 (fid=53) not available, trying Charger 1 (fid=82)",1247.5460931954703,1,,
Car 1026,,,,19,,arrived,,arrived,1247.7996582732005,,,
Car 903,67.0,86,4,,,done,,done charging,1247.8570229175918,,,422.10899897181866
Car 984,,86,4,,,start_charge,,starting to charge at Charger 4 (fid=86),1247.8570229175918,,39.42903858538739,
Car 1019,,,,,5,switch,,"Charger 5 (fid=19) not available, trying Charger 2 (fid=36)",1248.0750953914705,2,,
Car 1006,,,,,6,switch,,"Charger 6 (fid=77) not available, trying Charger 7 (fid=52)",1248.2081794203505,7,,
Car 995,,,,,2,switch,,"Charger 2 (fid=36) not available, trying Charger 5 (fid=19)",1248.2123711809484,5,,
Car 1001,,,,,2,switch,,"Charger 2 (fid=36) not available, trying Charger 5 (fid=19)",1248.4905962399214,5,,
Car 999,,,,,3,switch,,"Charger 3 (fid=53) not available, trying Charger 1 (fid=82)",1248.5814704071986,1,,
Car 982,,,,,,gave_up,4,"no alternate charger available, gave up",1248.590052630433,,,
Car 1016,,,,,2,switch,,"Charger 2 (fid=36) not available, trying Charger 5 (fid=19)",1248.858044659383,5,,
Car 1027,,,,7,,arrived,,arrived,1249.103256611304,,,
Car 1011,,,,,0,switch,,"Charger 0 (fid=22) not available, trying Charger 6 (fid=77)",1249.4858113302569,6,,
Car 991,,,,,,gave_up,4,"no alternate charger available, gave up",1249.6208791560314,,,
Car 992,,,,,,gave_up,4,"no alternate charger available, gave up",1249.688501578966,,,
Car 1020,,,,,6,switch,,"Charger 6 (fid=77) not available, trying Charger 7 (fid=52)",1249.8369170481917,7,,
Car 1021,,,,,0,switch,,"Charger 0 (fid=22) not available, trying Charger 5 (fid=19)",1250.003162553016,5,,
Car 1012,,,,,2,switch,,"Charger 2 (fid=36) not available, trying Charger 6 (fid=77)",1250.146219652239,6,,
Car 1022,,,,,5,switch,,"Charger 5 (fid=19) not available, trying Charger 2 (fid=36)",1250.2852383708823,2,,
Car 985,,,,,1,switch,,"Charger 1 (fid=82) not available, trying Charger 4 (fid=86)",1250.5105591536276,4,,
Car 993,,,,,5,switch,,"Charger 5 (fid=19) not available, trying Charger 0 (fid=22)",1250.5677825284076,0,,
Car 1028,,,,14,,arrived,,arrived,1250.6844976570878,,,
Car 1014,,,,,2,switch,,"Charger 2 (fid=36) not available, trying Charger 6 (fid=77)",1250.9095030135927,6,,
Car 1017,,,,,5,switch,,"Charger 5 (fid=19) not available, trying Charger 2 (fid=36)",1250.992432371221,2,,
Car 1015,,,,,2,switch,,"Charger 2 (fid=36) not available, trying Charger 6 (fid=77)",1251.0106931358314,6,,
Car 997,,,,,0,switch,,"Charger 0 (fid=22) not available, trying Charger 1 (fid=82)",1251.0134352688683,1,,
Car 1018,,,,,5,switch,,"Charger 5 (fid=19) not available, trying Charger 2 (fid=36)",1251.1283850802406,2,,
Car 1023,,,,,0,switch,,"Charger 0 (fid=22) not available, trying Charger 5 (fid=19)",1251.7170640487666,5,,
Car 986,,,,,,gave_up,4,"no alternate charger available, gave up",1251.769052334252,,,
Car 994,,,,,1,switch,,"Charger 1 (fid=82) not available, trying Charger 4 (fid=86)",1251.8818329086014,4,,
Car 1024,,,,,6,switch,,"Charger 6 (fid=77) not available, trying Charger 3 (fid=53)",1251.955426230295,3,,
Car 1008,,,,,6,switch,,"Charger 6 (fid=77) not available, trying Charger 7 (fid=52)",1252.2739073014247,7,,
Car 989,,,,,1,switch,,"Charger 1 (fid=82) not available, trying Charger 4 (fid=86)",1252.296931245141,4,,
Car 1025,,,,,7,switch,,"Charger 7 (fid=52) not available, trying Charger 1 (fid=82)",1252.4908294417146,1,,
Car 1005,,,,,3,switch,,"Charger 3 (fid=53) not available, trying Charger 7 (fid=52)",1252.7603043873962,7,,
Car 1026,,,,,5,switch,,"Charger 5 (fid=19) not available, trying Charger 2 (fid=36)",1252.7996582732005,2,,
Car 1003,,,,,3,switch,,"Charger 3 (fid=53) not available, trying Charger 5 (fid=19)",1253.1791244419078,5,,
Car 1019,,,,,2,switch,,"Charger 2 (fid=36) not available, trying Charger 0 (fid=22)",1253.8279522246028,0,,
Car 1013,,,,,6,switch,,"Charger 6 (fid=77) not available, trying Charger 1 (fid=82)",1253.8572329518845,1,,
Car 995,,,,,5,switch,,"Charger 5 (fid=19) not available, trying Charger 0 (fid=22)",1253.9652280140806,0,,
Car 1027,,,,,7,switch,,"Charger 7 (fid=52) not available, trying Charger 3 (fid=53)",1254.103256611304,3,,
Car 1001,,,,,5,switch,,"Charger 5 (fid=19) not available, trying Charger 0 (fid=22)",1254.2434530730536,0,,
Car 1016,,,,,5,switch,,"Charger 5 (fid=19) not available, trying Charger 0 (fid=22)",1254.6109014925153,0,,
Car 981,50.0,22,0,,,done,,done charging,1254.7445815908738,,,175.30678746129493
Car 993,,22,0,,,start_charge,,starting to charge at Charger 0 (fid=22),1254.7445815908738,,37.716071909526136,
Car 1006,,,,,7,switch,,"Charger 7 (fid=52) not available, trying Charger 3 (fid=53)",1254.773917036575,3,,
Car 998,,,,,1,switch,,"Charger 1 (fid=82) not available, trying Charger 4 (fid=86)",1255.0187578805442,4,,
Car 1029,,,,63,,arrived,,arrived,1255.4221910751735,,,
Car 1009,,,,,4,switch,,"Charger 4 (fid=86) not available, trying Charger 1 (fid=82)",1255.5985763917977,1,,
Car 1028,,,,,2,switch,,"Charger 2 (fid=36) not available, trying Charger 5 (fid=19)",1255.6844976570878,5,,
Car 1030,,,,36,,arrived,,arrived,1255.7631178241897,,,
Car 985,,,,,,gave_up,4,"no alternate charger available, gave up",1255.7930108619416,,,
Car 1000,,,,,1,switch,,"Charger 1 (fid=82) not available, trying Charger 4 (fid=86)",1255.8903074028117,4,,
Car 1022,,,,,2,switch,,"Charger 2 (fid=36) not available, trying Charger 0 (fid=22)",1256.0380952040146,0,,
Car 1020,,,,,7,switch,,"Charger 7 (fid=52) not available, trying Charger 3 (fid=53)",1256.4026546644163,3,,
Car 1021,,,,,5,switch,,"Charger 5 (fid=19) not available, trying Charger 2 (fid=36)",1256.463889705956,2,,
Car 1017,,,,,2,switch,,"Charger 2 (fid=36) not available, trying Charger 6 (fid=77)",1256.7452892043532,6,,
Car 1031,,,,90,,arrived,,arrived,1256.775237437274,,,
Car 1010,,,,,6,switch,,"Charger 6 (fid=77) not available, trying Charger 7 (fid=52)",1256.7870806373335,7,,
Car 1032,,,,52,,arrived,,arrived,1256.8013636756878,,,
Car 1018,,,,,2,switch,,"Charger 2 (fid=36) not available, trying Charger 6 (fid=77)",1256.8812419133728,6,,
Car 1033,,,,52,,arrived,,arrived,1256.9164979703537,,,
Car 999,,,,,1,switch,,"Charger 1 (fid=82) not available, trying Charger 4 (fid=86)",1256.92568461454,4,,
Car 1034,,,,73,,arrived,,arrived,1256.9712089164716,,,
Car 1035,,,,77,,arrived,,arrived,1256.9872828558732,,,
Car 994,,,,,,gave_up,4,"no alternate charger available, gave up",1257.1642846169154,,,
Car 996,,,,,4,switch,,"Charger 4 (fid=86) not available, trying Charger 1 (fid=82)",1257.176631498182,1,,
Car 989,,,,,,gave_up,4,"no alternate charger available, gave up",1257.579382953455,,,
Car 1012,,,,,6,switch,,"Charger 6 (fid=77) not available, trying Charger 7 (fid=52)",1257.7015240128003,7,,
Car 1023,,,,,5,switch,,"Charger 5 (fid=19) not available, trying Charger 2 (fid=36)",1258.1777912017067,2,,
Car 1014,,,,,6,switch,,"Charger 6 (fid=77) not available, trying Charger 7 (fid=52)",1258.464807374154,7,,
Car 1024,,,,,3,switch,,"Charger 3 (fid=53) not available, trying Charger 7 (fid=52)",1258.52845010076,7,,
Car 1026,,,,,2,switch,,"Charger 2 (fid=36) not available, trying Charger 0 (fid=22)",1258.5525151063327,0,,
Car 1015,,,,,6,switch,,"Charger 6 (fid=77) not available, trying Charger 7 (fid=52)",1258.5659974963926,7,,
Car 1005,,,,,7,switch,,"Charger 7 (fid=52) not available, trying Charger 1 (fid=82)",1258.780241006428,1,,
Car 1011,,,,,6,switch,,"Charger 6 (fid=77) not available, trying Charger 7 (fid=52)",1258.8239161417177,7,,
Car 1008,,,,,7,switch,,"Charger 7 (fid=52) not available, trying Charger 3 (fid=53)",1258.8396449176494,3,,
Car 1036,,,,23,,arrived,,arrived,1259.405420128523,,,
Car 1037,,,,40,,arrived,,arrived,1259.4508730559428,,,
Car 1027,,,,,3,switch,,"Charger 3 (fid=53) not available, trying Charger 4 (fid=86)",1260.1231932303358,4,,
Car 1025,,,,,1,switch,,"Charger 1 (fid=82) not available, trying Charger 4 (fid=86)",1260.1487471301818,4,,
Car 998,,,,,,gave_up,4,"no alternate charger available, gave up",1260.3012095888582,,,
Car 1029,,,,,0,switch,,"Charger 0 (fid=22) not available, trying Charger 6 (fid=77)",1260.4221910751735,6,,
Car 995,,,,,,gave_up,0,"no alternate charger available, gave up",1260.4259551670207,,,
Car 1001,,,,,,gave_up,0,"no alternate charger available, gave up",1260.7041802259937,,,
Car 1030,,,,,2,switch,,"Charger 2 (fid=36) not available, trying Charger 5 (fid=19)",1260.7631178241897,5,,
Car 1006,,,,,3,switch,,"Charger 3 (fid=53) not available, trying Charger 1 (fid=82)",1260.7938536556069,1,,
Car 1009,,,,,1,switch,,"Charger 1 (fid=82) not available, trying Charger 2 (fid=36)",1260.8810281001117,2,,
Car 1038,,,,64,,arrived,,arrived,1260.9415225813786,,,
Car 1019,,,,,0,switch,,"Charger 0 (fid=22) not available, trying Charger 6 (fid=77)",1260.9709405987928,6,,
Car 1016,,,,,0,switch,,"Charger 0 (fid=22) not available, trying Charger 7 (fid=52)",1261.0716286454553,7,,
Car 1000,,,,,,gave_up,4,"no alternate charger available, gave up",1261.1727591111257,,,
Car 1028,,,,,5,switch,,"Charger 5 (fid=19) not available, trying Charger 0 (fid=22)",1261.43735449022,0,,
Car 1031,,,,,4,switch,,"Charger 4 (fid=86) not available, trying Charger 1 (fid=82)",1261.775237437274,1,,
Car 1032,,,,,7,switch,,"Charger 7 (fid=52) not available, trying Charger 3 (fid=53)",1261.8013636756878,3,,
Car 1033,,,,,7,switch,,"Charger 7 (fid=52) not available, trying Charger 3 (fid=53)",1261.9164979703537,3,,
Car 1034,,,,,6,switch,,"Charger 6 (fid=77) not available, trying Charger 2 (fid=36)",1261.9712089164716,2,,
Car 1035,,,,,6,switch,,"Charger 6 (fid=77) not available, trying Charger 7 (fid=52)",1261.9872828558732,7,,
Car 999,,,,,,gave_up,4,"no alternate charger available, gave up",1262.208136322854,,,
Car 1021,,,,,2,switch,,"Charger 2 (fid=36) not available, trying Charger 6 (fid=77)",1262.2167465390883,6,,
Car 1020,,,,,3,switch,,"Charger 3 (fid=53) not available, trying Charger 2 (fid=36)",1262.4225912834481,2,,
Car 996,,,,,,gave_up,1,"no alternate charger available, gave up",1262.459083206496,,,
Car 997,,,,,1,switch,,"Charger 1 (fid=82) not available, trying Charger 4 (fid=86)",1262.6301645534124,4,,
Car 1003,,,,,5,switch,,"Charger 5 (fid=19) not available, trying Charger 0 (fid=22)",1262.682638959855,0,,
Car 1013,,,,,1,switch,,"Charger 1 (fid=82) not available, trying Charger 5 (fid=19)",1263.0424109688822,5,,
Car 1022,,,,,0,switch,,"Charger 0 (fid=22) not available, trying Charger 6 (fid=77)",1263.1810835782046,6,,
Car 1010,,,,,7,switch,,"Charger 7 (fid=52) not available, trying Charger 3 (fid=53)",1263.352818253558,3,,
Car 1023,,,,,2,switch,,"Charger 2 (fid=36) not available, trying Charger 6 (fid=77)",1263.930648034839,6,,
Car 918,99.0,36,2,,,done,,done charging,1264.0987751164275,,,174.9092318775753
Car 940,93.0,19,5,,,done,,done charging,1264.2168823232757,,,293.56020477068614
Car 1030,,19,5,,,start_charge,,starting to charge at Charger 5 (fid=19),1264.2168823232757,,7.700907665953764,
Car 1012,,,,,7,switch,,"Charger 7 (fid=52) not available, trying Charger 3 (fid=53)",1264.267261629025,3,,
Car 1017,,,,,6,switch,,"Charger 6 (fid=77) not available, trying Charger 7 (fid=52)",1264.3005935649144,7,,
Car 1036,,,,,0,switch,,"Charger 0 (fid=22) not available, trying Charger 5 (fid=19)",1264.405420128523,5,,
Car 1018,,,,,6,switch,,"Charger 6 (fid=77) not available, trying Charger 7 (fid=52)",1264.436546273934,7,,
Car 1037,,,,,6,switch,,"Charger 6 (fid=77) not available, trying Charger 3 (fid=53)",1264.4508730559428,3,,
Car 1034,,36,2,,,start_charge,,starting to charge at Charger 2 (fid=36),1264.5265132770328,,5.0,
Car 1024,,,,,7,switch,,"Charger 7 (fid=52) not available, trying Charger 2 (fid=36)",1264.5483867197918,2,,
Car 1039,,,,34,,arrived,,arrived,1264.6754714428516,,,
Car 965,80.0,77,6,,,done,,done charging,1264.690846576769,,,0.0
Car 1029,,77,6,,,start_charge,,starting to charge at Charger 6 (fid=77),1264.7602958866344,,5.0,
Car 1008,,,,,3,switch,,"Charger 3 (fid=53) not available, trying Charger 1 (fid=82)",1264.8595815366812,1,,
Car 1014,,,,,7,switch,,"Charger 7 (fid=52) not available, trying Charger 3 (fid=53)",1265.0305449903785,3,,
Car 1015,,,,,7,switch,,"Charger 7 (fid=52) not available, trying Charger 3 (fid=53)",1265.1317351126172,3,,
Car 937,55.0,82,1,,,done,,done charging,1265.2732024970926,,,432.25893540794414
Car 1005,,82,1,,,start_charge,,starting to charge at Charger 1 (fid=82),1265.2732024970926,,33.83504380219733,
Car 1011,,,,,7,switch,,"Charger 7 (fid=52) not available, trying Charger 3 (fid=53)",1265.3896537579424,3,,
Car 1025,,,,,4,switch,,"Charger 4 (fid=86) not available, trying Charger 3 (fid=53)",1265.431198838496,3,,
Car 1026,,,,,0,switch,,"Charger 0 (fid=22) not available, trying Charger 6 (fid=77)",1265.6955034805228,6,,
Car 1038,,,,,3,switch,,"Charger 3 (fid=53) not available, trying Charger 4 (fid=86)",1265.9415225813786,4,,
Car 1031,,,,,1,switch,,"Charger 1 (fid=82) not available, trying Charger 7 (fid=52)",1267.057689145588,7,,
Car 1032,,,,,3,switch,,"Charger 3 (fid=53) not available, trying Charger 6 (fid=77)",1267.8213002947195,6,,
Car 1028,,,,,0,switch,,"Charger 0 (fid=22) not available, trying Charger 6 (fid=77)",1267.8980816431601,6,,
Car 997,,,,,,gave_up,4,"no alternate charger available, gave up",1267.9126162617265,,,
Car 1033,,,,,3,switch,,"Charger 3 (fid=53) not available, trying Charger 6 (fid=77)",1267.9364345893855,6,,
Car 1027,,,,,4,switch,,"Charger 4 (fid=86) not available, trying Charger 1 (fid=82)",1268.3661849864116,1,,
Car 1035,,,,,7,switch,,"Charger 7 (fid=52) not available, trying Charger 3 (fid=53)",1268.5530204720978,3,,
Car 904,101.0,53,3,,,done,,done charging,1268.7715790001096,,,320.5375810290925
Car 1010,,53,3,,,start_charge,,starting to charge at Charger 3 (fid=53),1268.7715790001096,,29.398824127519674,
Car 1006,,,,,1,switch,,"Charger 1 (fid=82) not available, trying Charger 4 (fid=86)",1269.1380678629482,4,,
Car 1003,,,,,,gave_up,0,"no alternate charger available, gave up",1269.143366112795,,,
Car 1039,,,,,2,switch,,"Charger 2 (fid=36) not available, trying Charger 5 (fid=19)",1269.6754714428516,5,,
Car 1021,,,,,6,switch,,"Charger 6 (fid=77) not available, trying Charger 7 (fid=52)",1269.7720508996495,7,,
Car 1040,,,,54,,arrived,,arrived,1269.8691596569847,,,
Car 961,77.0,36,2,,,done,,done charging,1270.0325685369794,,,224.10994056490307
Car 1009,,36,2,,,start_charge,,starting to charge at Charger 2 (fid=36),1270.0325685369794,,29.591379397013725,
Car 1012,,,,,3,switch,,"Charger 3 (fid=53) not available, trying Charger 1 (fid=82)",1270.2871982480567,1,,
Car 1019,,,,,6,switch,,"Charger 6 (fid=77) not available, trying Charger 7 (fid=52)",1270.3090454102537,7,,
Car 1036,,,,,5,switch,,"Charger 5 (fid=19) not available, trying Charger 2 (fid=36)",1270.866147281463,2,,
Car 1017,,,,,7,switch,,"Charger 7 (fid=52) not available, trying Charger 3 (fid=53)",1270.866331181139,3,,
Car 1018,,,,,7,switch,,"Charger 7 (fid=52) not available, trying Charger 3 (fid=53)",1271.0022838901587,3,,
Car 1037,,,,,3,switch,,"Charger 3 (fid=53) not available, trying Charger 7 (fid=52)",1271.0238969264078,7,,
Car 1014,,,,,3,switch,,"Charger 3 (fid=53) not available, trying Charger 1 (fid=82)",1271.0504816094103,1,,
Car 1015,,,,,3,switch,,"Charger 3 (fid=53) not available, trying Charger 1 (fid=82)",1271.151671731649,1,,
Car 1020,,,,,2,switch,,"Charger 2 (fid=36) not available, trying Charger 5 (fid=19)",1271.17677697531,5,,
Car 1016,,,,,7,switch,,"Charger 7 (fid=52) not available, trying Charger 3 (fid=53)",1271.2043394556013,3,,
Car 1011,,,,,3,switch,,"Charger 3 (fid=53) not available, trying Charger 1 (fid=82)",1271.4095903769742,1,,
Car 1023,,,,,6,switch,,"Charger 6 (fid=77) not available, trying Charger 7 (fid=52)",1271.4859523954,7,,
Car 1022,,,,,6,switch,,"Charger 6 (fid=77) not available, trying Charger 7 (fid=52)",1272.5191883896655,7,,
Car 1024,,,,,2,switch,,"Charger 2 (fid=36) not available, trying Charger 5 (fid=19)",1272.5767242168313,5,,
Car 1013,,,,,5,switch,,"Charger 5 (fid=19) not available, trying Charger 3 (fid=53)",1273.2012511519579,3,,
Car 1008,,,,,1,switch,,"Charger 1 (fid=82) not available, trying Charger 4 (fid=86)",1273.2037957440225,4,,
Car 1027,,,,,1,switch,,"Charger 1 (fid=82) not available, trying Charger 6 (fid=77)",1273.6486366947256,6,,
Car 1025,,,,,3,switch,,"Charger 3 (fid=53) not available, trying Charger 6 (fid=77)",1273.6741905945717,6,,
Car 1041,,,,7,,arrived,,arrived,1273.698125436819,,,
Car 1038,,,,,4,switch,,"Charger 4 (fid=86) not available, trying Charger 7 (fid=52)",1274.1845143374544,7,,
Car 1032,,,,,6,switch,,"Charger 6 (fid=77) not available, trying Charger 4 (fid=86)",1274.3943241651846,4,,
Car 1006,,,,,,gave_up,4,"no alternate charger available, gave up",1274.4205195712623,,,
Car 1033,,,,,6,switch,,"Charger 6 (fid=77) not available, trying Charger 4 (fid=86)",1274.5094584598505,4,,
Car 1035,,,,,3,switch,,"Charger 3 (fid=53) not available, trying Charger 2 (fid=36)",1274.5729570911296,2,,
Car 1031,,,,,7,switch,,"Charger 7 (fid=52) not available, trying Charger 3 (fid=53)",1274.7156068340553,3,,
Car 1040,,,,,5,switch,,"Charger 5 (fid=19) not available, trying Charger 2 (fid=36)",1274.8691596569847,2,,
Car 1042,,,,18,,arrived,,arrived,1274.9516664020234,,,
Car 1026,,,,,6,switch,,"Charger 6 (fid=77) not available, trying Charger 7 (fid=52)",1275.0336082919837,7,,
Car 1043,,,,52,,arrived,,arrived,1275.1611352431253,,,
Car 1039,,,,,5,switch,,"Charger 5 (fid=19) not available, trying Charger 0 (fid=22)",1275.4283282759839,0,,
Car 1021,,,,,7,switch,,"Charger 7 (fid=52) not available, trying Charger 3 (fid=53)",1276.337788515874,3,,
Car 1044,,,,60,,arrived,,arrived,1276.4683593147136,,,
Car 1036,,,,,2,switch,,"Charger 2 (fid=36) not available, trying Charger 6 (fid=77)",1276.6190041145953,6,,
Car 1019,,,,,7,switch,,"Charger 7 (fid=52) not available, trying Charger 3 (fid=53)",1276.8747830264783,3,,
Car 1017,,,,,3,switch,,"Charger 3 (fid=53) not available, trying Charger 1 (fid=82)",1276.8862678001708,1,,
Car 1020,,,,,5,switch,,"Charger 5 (fid=19) not available, trying Charger 0 (fid=22)",1276.9296338084423,0,,
Car 1018,,,,,3,switch,,"Charger 3 (fid=53) not available, trying Charger 1 (fid=82)",1277.0222205091904,1,,
Car 1037,,,,,7,switch,,"Charger 7 (fid=52) not available, trying Charger 2 (fid=36)",1277.0438335454396,2,,
Car 1016,,,,,3,switch,,"Charger 3 (fid=53) not available, trying Charger 1 (fid=82)",1277.224276074633,1,,
Car 1028,,,,,6,switch,,"Charger 6 (fid=77) not available, trying Charger 7 (fid=52)",1277.236186454621,7,,
Car 1023,,,,,7,switch,,"Charger 7 (fid=52) not available, trying Charger 3 (fid=53)",1278.0516900116247,3,,
Car 1024,,,,,5,switch,,"Charger 5 (fid=19) not available, trying Charger 0 (fid=22)",1278.3295810499635,0,,
Car 1008,,,,,,gave_up,4,"no alternate charger available, gave up",1278.4862474523366,,,
Car 1012,,,,,1,switch,,"Charger 1 (fid=82) not available, trying Charger 4 (fid=86)",1278.631412455398,4,,
Car 1041,,,,,7,switch,,"Charger 7 (fid=52) not available, trying Charger 3 (fid=53)",1278.698125436819,3,,
Car 1022,,,,,7,switch,,"Charger 7 (fid=52) not available, trying Charger 3 (fid=53)",1279.08492600589,3,,
Car 1014,,,,,1,switch,,"Charger 1 (fid=82) not available, trying Charger 4 (fid=86)",1279.3946958167517,4,,
Car 1015,,,,,1,switch,,"Charger 1 (fid=82) not available, trying Charger 4 (fid=86)",1279.4958859389903,4,,
Car 1011,,,,,1,switch,,"Charger 1 (fid=82) not available, trying Charger 4 (fid=86)",1279.7538045843155,4,,
Car 1042,,,,,5,switch,,"Charger 5 (fid=19) not available, trying Charger 2 (fid=36)",1279.9516664020234,2,,
Car 1043,,,,,7,switch,,"Charger 7 (fid=52) not available, trying Charger 3 (fid=53)",1280.1611352431253,3,,
Car 1025,,,,,6,switch,,"Charger 6 (fid=77) not available, trying Charger 2 (fid=36)",1280.2472144650367,2,,
Car 1040,,,,,2,switch,,"Charger 2 (fid=36) not available, trying Charger 0 (fid=22)",1280.622016490117,0,,
Car 1031,,,,,3,switch,,"Charger 3 (fid=53) not available, trying Charger 6 (fid=77)",1280.735543453087,6,,
Car 1044,,,,,6,switch,,"Charger 6 (fid=77) not available, trying Charger 3 (fid=53)",1281.4683593147136,3,,
Car 1026,,,,,7,switch,,"Charger 7 (fid=52) not available, trying Charger 3 (fid=53)",1281.5993459082083,3,,
Car 1038,,,,,7,switch,,"Charger 7 (fid=52) not available, trying Charger 1 (fid=82)",1281.8143817349946,1,,
Car 1039,,,,,0,switch,,"Charger 0 (fid=22) not available, trying Charger 6 (fid=77)",1281.889055428924,6,,
Car 1021,,,,,3,switch,,"Charger 3 (fid=53) not available, trying Charger 1 (fid=82)",1282.3577251349059,1,,
Car 1013,,,,,3,switch,,"Charger 3 (fid=53) not available, trying Charger 4 (fid=86)",1282.704765669905,4,,
Car 1027,,,,,6,switch,,"Charger 6 (fid=77) not available, trying Charger 2 (fid=36)",1282.8338147117233,2,,
Car 1019,,,,,3,switch,,"Charger 3 (fid=53) not available, trying Charger 1 (fid=82)",1282.8947196455101,1,,
Car 1035,,,,,2,switch,,"Charger 2 (fid=36) not available, trying Charger 5 (fid=19)",1283.3271427829916,5,,
Car 1020,,,,,0,switch,,"Charger 0 (fid=22) not available, trying Charger 1 (fid=82)",1283.3903609613824,1,,
Car 1032,,,,,4,switch,,"Charger 4 (fid=86) not available, trying Charger 1 (fid=82)",1283.5751879855968,1,,
Car 1033,,,,,4,switch,,"Charger 4 (fid=86) not available, trying Charger 1 (fid=82)",1283.6903222802628,1,,
Car 1028,,,,,7,switch,,"Charger 7 (fid=52) not available, trying Charger 3 (fid=53)",1283.8019240708456,3,,
Car 1012,,,,,,gave_up,4,"no alternate charger available, gave up",1283.913864163712,,,
Car 1023,,,,,3,switch,,"Charger 3 (fid=53) not available, trying Charger 1 (fid=82)",1284.0716266306565,1,,
Car 1036,,,,,6,switch,,"Charger 6 (fid=77) not available, trying Charger 7 (fid=52)",1284.1743084751565,7,,
Car 1014,,,,,,gave_up,4,"no alternate charger available, gave up",1284.6771475250657,,,
Car 1045,,,,11,,arrived,,arrived,1284.6981836721295,,,
Car 1041,,,,,3,switch,,"Charger 3 (fid=53) not available, trying Charger 4 (fid=86)",1284.7180620558509,4,,
Car 1015,,,,,,gave_up,4,"no alternate charger available, gave up",1284.7783376473044,,,
Car 1024,,,,,0,switch,,"Charger 0 (fid=22) not available, trying Charger 1 (fid=82)",1284.7903082029036,1,,
Car 1011,,,,,,gave_up,4,"no alternate charger available, gave up",1285.0362562926296,,,
Car 1037,,,,,2,switch,,"Charger 2 (fid=36) not available, trying Charger 5 (fid=19)",1285.072171042479,5,,
Car 1022,,,,,3,switch,,"Charger 3 (fid=53) not available, trying Charger 1 (fid=82)",1285.104862624922,1,,
Car 1017,,,,,1,switch,,"Charger 1 (fid=82) not available, trying Charger 4 (fid=86)",1285.2304820075121,4,,
Car 1018,,,,,1,switch,,"Charger 1 (fid=82) not available, trying Charger 4 (fid=86)",1285.3664347165318,4,,
Car 1016,,,,,1,switch,,"Charger 1 (fid=82) not available, trying Charger 4 (fid=86)",1285.5684902819744,4,,
Car 1042,,,,,2,switch,,"Charger 2 (fid=36) not available, trying Charger 0 (fid=22)",1285.7045232351556,0,,
Car 1043,,,,,3,switch,,"Charger 3 (fid=53) not available, trying Charger 6 (fid=77)",1286.181071862157,6,,
Car 1046,,,,58,,arrived,,arrived,1286.8907820746601,,,
Car 1047,,,,28,,arrived,,arrived,1286.9792442904843,,,
Car 1031,,,,,6,switch,,"Charger 6 (fid=77) not available, trying Charger 2 (fid=36)",1287.308567323552,2,,
Car 1026,,,,,3,switch,,"Charger 3 (fid=53) not available, trying Charger 1 (fid=82)",1287.61928252724,1,,
Car 1040,,,,,0,switch,,"Charger 0 (fid=22) not available, trying Charger 6 (fid=77)",1287.765004864307,6,,
Car 1025,,,,,2,switch,,"Charger 2 (fid=36) not available, trying Charger 5 (fid=19)",1287.8025188255979,5,,
Car 1044,,,,,3,switch,,"Charger 3 (fid=53) not available, trying Charger 7 (fid=52)",1288.0413831851786,7,,
Car 1032,,,,,1,switch,,"Charger 1 (fid=82) not available, trying Charger 2 (fid=36)",1288.8576396939109,2,,
Car 1033,,,,,1,switch,,"Charger 1 (fid=82) not available, trying Charger 2 (fid=36)",1288.9727739885768,2,,
Car 1035,,,,,5,switch,,"Charger 5 (fid=19) not available, trying Charger 4 (fid=86)",1289.0799996161238,4,,
Car 1038,,,,,1,switch,,"Charger 1 (fid=82) not available, trying Charger 6 (fid=77)",1289.472299423462,6,,
Car 1045,,,,,6,switch,,"Charger 6 (fid=77) not available, trying Charger 2 (fid=36)",1289.6981836721295,2,,
Car 1048,,,,37,,arrived,,arrived,1289.8193827357031,,,
Car 1028,,,,,3,switch,,"Charger 3 (fid=53) not available, trying Charger 1 (fid=82)",1289.8218606898774,1,,
Car 1027,,,,,2,switch,,"Charger 2 (fid=36) not available, trying Charger 5 (fid=19)",1290.3891190722845,5,,
Car 1017,,,,,,gave_up,4,"no alternate charger available, gave up",1290.5129337158262,,,
Car 1049,,,,4,,arrived,,arrived,1290.533941490185,,,
Car 1018,,,,,,gave_up,4,"no alternate charger available, gave up",1290.6488864248458,,,
Car 1021,,,,,1,switch,,"Charger 1 (fid=82) not available, trying Charger 4 (fid=86)",1290.7019393422472,4,,
Car 1036,,,,,7,switch,,"Charger 7 (fid=52) not available, trying Charger 3 (fid=53)",1290.7400460913811,3,,
Car 1037,,,,,5,switch,,"Charger 5 (fid=19) not available, trying Charger 0 (fid=22)",1290.8250278756113,0,,
Car 1016,,,,,,gave_up,4,"no alternate charger available, gave up",1290.8509419902884,,,
Car 1013,,,,,4,switch,,"Charger 4 (fid=86) not available, trying Charger 0 (fid=22)",1290.9477574259809,0,,
Car 1039,,,,,6,switch,,"Charger 6 (fid=77) not available, trying Charger 7 (fid=52)",1291.2271602403848,7,,
Car 1019,,,,,1,switch,,"Charger 1 (fid=82) not available, trying Charger 4 (fid=86)",1291.2389338528515,4,,
Car 1050,,,,4,,arrived,,arrived,1291.7456938243886,,,
Car 1046,,,,,3,switch,,"Charger 3 (fid=53) not available, trying Charger 7 (fid=52)",1291.8907820746601,7,,
Car 1047,,,,,2,switch,,"Charger 2 (fid=36) not available, trying Charger 5 (fid=19)",1291.9792442904843,5,,
Car 1004,45.0,52,7,,,done,,done charging,1292.161554865366,,,270.8563941814897
Car 1044,,52,7,,,start_charge,,starting to charge at Charger 7 (fid=52),1292.161554865366,,13.100235061155672,
Car 1023,,,,,1,switch,,"Charger 1 (fid=82) not available, trying Charger 4 (fid=86)",1292.4158408379978,4,,
Car 1043,,,,,6,switch,,"Charger 6 (fid=77) not available, trying Charger 4 (fid=86)",1292.754095732622,4,,
Car 1042,,,,,0,switch,,"Charger 0 (fid=22) not available, trying Charger 6 (fid=77)",1292.8475116093457,6,,
Car 1041,,,,,4,switch,,"Charger 4 (fid=86) not available, trying Charger 1 (fid=82)",1292.9610538119266,1,,
Car 1022,,,,,1,switch,,"Charger 1 (fid=82) not available, trying Charger 4 (fid=86)",1293.4490768322632,4,,
Car 1025,,,,,5,switch,,"Charger 5 (fid=19) not available, trying Charger 0 (fid=22)",1293.55537565873,0,,
Car 1048,,,,,0,switch,,"Charger 0 (fid=22) not available, trying Charger 5 (fid=19)",1294.8193827357031,5,,
Car 1031,,,,,2,switch,,"Charger 2 (fid=36) not available, trying Charger 5 (fid=19)",1294.8638716841133,5,,
Car 1020,,,,,1,switch,,"Charger 1 (fid=82) not available, trying Charger 4 (fid=86)",1295.0070902459265,4,,
Car 1049,,,,,0,switch,,"Charger 0 (fid=22) not available, trying Charger 5 (fid=19)",1295.533941490185,5,,
Car 1026,,,,,1,switch,,"Charger 1 (fid=82) not available, trying Charger 4 (fid=86)",1295.9634967345814,4,,
Car 1021,,,,,,gave_up,4,"no alternate charger available, gave up",1295.9843910505613,,,
Car 1027,,,,,5,switch,,"Charger 5 (fid=19) not available, trying Charger 0 (fid=22)",1296.1419759054168,0,,
Car 990,87.0,19,5,,,done,,done charging,1296.3588056309338,,,268.7313478178706
Car 1047,,19,5,,,start_charge,,starting to charge at Charger 5 (fid=19),1296.3588056309338,,8.6267045073173,
Car 1024,,,,,1,switch,,"Charger 1 (fid=82) not available, trying Charger 4 (fid=86)",1296.4070374874477,4,,
Car 1019,,,,,,gave_up,4,"no alternate charger available, gave up",1296.5213855611655,,,
Car 1050,,,,,6,switch,,"Charger 6 (fid=77) not available, trying Charger 7 (fid=52)",1296.7456938243886,7,,
Car 1036,,,,,3,switch,,"Charger 3 (fid=53) not available, trying Charger 1 (fid=82)",1296.759982710413,1,,
Car 1051,,,,4,,arrived,,arrived,1296.8480098836767,,,
Car 1040,,,,,6,switch,,"Charger 6 (fid=77) not available, trying Charger 7 (fid=52)",1297.1031096757679,7,,
Car 1045,,,,,2,switch,,"Charger 2 (fid=36) not available, trying Charger 5 (fid=19)",1297.2534880326907,5,,
Car 1037,,,,,0,switch,,"Charger 0 (fid=22) not available, trying Charger 4 (fid=86)",1297.2857550285514,4,,
Car 905,113.0,86,4,,,done,,done charging,1297.4111054514533,,,334.4519372480717
Car 1023,,86,4,,,start_charge,,starting to charge at Charger 4 (fid=86),1297.4111054514533,,39.71281290514139,
Car 1052,,,,34,,arrived,,arrived,1297.6689088493983,,,
Car 1039,,,,,7,switch,,"Charger 7 (fid=52) not available, trying Charger 3 (fid=53)",1297.7928978566094,3,,
Car 1053,,,,124,,arrived,,arrived,1297.8544800078005,,,
Car 1046,,,,,7,switch,,"Charger 7 (fid=52) not available, trying Charger 4 (fid=86)",1297.910718693692,4,,
Car 1054,,,,16,,arrived,,arrived,1298.0849363184313,,,
Car 1028,,,,,1,switch,,"Charger 1 (fid=82) not available, trying Charger 4 (fid=86)",1298.1660748972188,4,,
Car 1041,,,,,1,switch,,"Charger 1 (fid=82) not available, trying Charger 6 (fid=77)",1298.2435055202407,6,,
Car 1032,,,,,2,switch,,"Charger 2 (fid=36) not available, trying Charger 5 (fid=19)",1298.4178007337648,5,,
Car 1033,,,,,2,switch,,"Charger 2 (fid=36) not available, trying Charger 5 (fid=19)",1298.5329350284308,5,,
Car 1038,,,,,6,switch,,"Charger 6 (fid=77) not available, trying Charger 2 (fid=36)",1298.6574774404596,2,,
Car 1022,,,,,,gave_up,4,"no alternate charger available, gave up",1298.7315285405773,,,
Car 1035,,,,,4,switch,,"Charger 4 (fid=86) not available, trying Charger 1 (fid=82)",1299.410595907999,1,,
Car 1025,,,,,,gave_up,0,"no alternate charger available, gave up",1300.0161028116702,,,
Car 1020,,,,,,gave_up,4,"no alternate charger available, gave up",1300.2895419542406,,,
Car 1031,,,,,5,switch,,"Charger 5 (fid=19) not available, trying Charger 0 (fid=22)",1300.6167285172455,0,,
Car 1055,,,,65,,arrived,,arrived,1300.8154777561915,,,
Car 1026,,,,,,gave_up,4,"no alternate charger available, gave up",1301.2459484428955,,,
Car 1048,,,,,5,switch,,"Charger 5 (fid=19) not available, trying Charger 2 (fid=36)",1301.2801098886432,2,,
Car 931,100.0,82,1,,,done,,done charging,1301.3095543985269,,,596.516922028187
Car 1035,,82,1,,,start_charge,,starting to charge at Charger 1 (fid=82),1301.3095543985269,,31.61650678221372,
Car 1024,,,,,,gave_up,4,"no alternate charger available, gave up",1301.6894891957618,,,
Car 1051,,,,,0,switch,,"Charger 0 (fid=22) not available, trying Charger 5 (fid=19)",1301.8480098836767,5,,
Car 1043,,,,,4,switch,,"Charger 4 (fid=86) not available, trying Charger 1 (fid=82)",1301.9349595530343,1,,
Car 1049,,,,,5,switch,,"Charger 5 (fid=19) not available, trying Charger 2 (fid=36)",1301.9946686431251,2,,
Car 1042,,,,,6,switch,,"Charger 6 (fid=77) not available, trying Charger 7 (fid=52)",1302.1856164208066,7,,
Car 1056,,,,40,,arrived,,arrived,1302.2995296569563,,,
Car 1027,,,,,,gave_up,0,"no alternate charger available, gave up",1302.6027030583568,,,
Car 1052,,,,,2,switch,,"Charger 2 (fid=36) not available, trying Charger 5 (fid=19)",1302.6689088493983,5,,
Car 1013,,,,,,gave_up,0,"no alternate charger available, gave up",1302.738636022784,,,
Car 1053,,,,,5,switch,,"Charger 5 (fid=19) not available, trying Charger 2 (fid=36)",1302.8544800078005,2,,
Car 1045,,,,,5,switch,,"Charger 5 (fid=19) not available, trying Charger 0 (fid=22)",1303.006344865823,0,,
Car 1054,,,,,2,switch,,"Charger 2 (fid=36) not available, trying Charger 5 (fid=19)",1303.0849363184313,5,,
Car 1050,,,,,7,switch,,"Charger 7 (fid=52) not available, trying Charger 3 (fid=53)",1303.3114314406132,3,,
Car 1028,,,,,,gave_up,4,"no alternate charger available, gave up",1303.4485266055328,,,
Car 1040,,,,,7,switch,,"Charger 7 (fid=52) not available, trying Charger 3 (fid=53)",1303.6688472919925,3,,
Car 1039,,,,,3,switch,,"Charger 3 (fid=53) not available, trying Charger 1 (fid=82)",1303.8128344756412,1,,
Car 1057,,,,8,,arrived,,arrived,1303.8551561841032,,,
Car 1032,,,,,5,switch,,"Charger 5 (fid=19) not available, trying Charger 0 (fid=22)",1304.170657566897,0,,
Car 1033,,,,,5,switch,,"Charger 5 (fid=19) not available, trying Charger 0 (fid=22)",1304.285791861563,0,,
Car 969,98.0,77,6,,,done,,done charging,1304.3894616717357,,,278.92862080646404
Car 1056,,77,6,,,start_charge,,starting to charge at Charger 6 (fid=77),1304.3894616717357,,2.0899320147793787,
Car 1058,,,,28,,arrived,,arrived,1304.642177096225,,,
Car 1036,,,,,1,switch,,"Charger 1 (fid=82) not available, trying Charger 4 (fid=86)",1305.1041969177543,4,,
Car 1046,,,,,4,switch,,"Charger 4 (fid=86) not available, trying Charger 1 (fid=82)",1305.5405860912322,1,,
Car 1055,,,,,0,switch,,"Charger 0 (fid=22) not available, trying Charger 6 (fid=77)",1305.8154777561915,6,,
Car 1038,,,,,2,switch,,"Charger 2 (fid=36) not available, trying Charger 5 (fid=19)",1306.2127818010208,5,,
Car 1059,,,,67,,arrived,,arrived,1306.4087575776114,,,
Car 1048,,,,,2,switch,,"Charger 2 (fid=36) not available, trying Charger 6 (fid=77)",1307.0329667217754,6,,
Car 1031,,,,,,gave_up,0,"no alternate charger available, gave up",1307.0774556701856,,,
Car 1043,,,,,1,switch,,"Charger 1 (fid=82) not available, trying Charger 2 (fid=36)",1307.2174112613484,2,,
Car 1041,,,,,6,switch,,"Charger 6 (fid=77) not available, trying Charger 2 (fid=36)",1307.4286835372384,2,,
Car 1049,,,,,2,switch,,"Charger 2 (fid=36) not available, trying Charger 6 (fid=77)",1307.7475254762574,6,,
Car 1060,,,,12,,arrived,,arrived,1308.247500997887,,,
Car 1051,,,,,5,switch,,"Charger 5 (fid=19) not available, trying Charger 2 (fid=36)",1308.3087370366168,2,,
Car 1061,,,,75,,arrived,,arrived,1308.409436260303,,,
Car 1052,,,,,5,switch,,"Charger 5 (fid=19) not available, trying Charger 0 (fid=22)",1308.4217656825306,0,,
Car 1053,,,,,2,switch,,"Charger 2 (fid=36) not available, trying Charger 0 (fid=22)",1308.6073368409327,0,,
Car 1042,,,,,7,switch,,"Charger 7 (fid=52) not available, trying Charger 3 (fid=53)",1308.7513540370312,3,,
Car 1054,,,,,5,switch,,"Charger 5 (fid=19) not available, trying Charger 0 (fid=22)",1308.8377931515636,0,,
Car 1057,,,,,6,switch,,"Charger 6 (fid=77) not available, trying Charger 2 (fid=36)",1308.8551561841032,2,,
Car 1037,,,,,4,switch,,"Charger 4 (fid=86) not available, trying Charger 1 (fid=82)",1309.0766336253546,1,,
Car 1050,,,,,3,switch,,"Charger 3 (fid=53) not available, trying Charger 2 (fid=36)",1309.331368059645,2,,
Car 1045,,,,,0,switch,,"Charger 0 (fid=22) not available, trying Charger 7 (fid=52)",1309.467072018763,7,,
Car 1058,,,,,0,switch,,"Charger 0 (fid=22) not available, trying Charger 5 (fid=19)",1309.642177096225,5,,
Car 1040,,,,,3,switch,,"Charger 3 (fid=53) not available, trying Charger 1 (fid=82)",1309.6887839110243,1,,
Car 1036,,,,,,gave_up,4,"no alternate charger available, gave up",1310.3866486260683,,,
Car 1032,,,,,,gave_up,0,"no alternate charger available, gave up",1310.6313847198371,,,
Car 1033,,,,,,gave_up,0,"no alternate charger available, gave up",1310.746519014503,,,
Car 1046,,,,,1,switch,,"Charger 1 (fid=82) not available, trying Charger 6 (fid=77)",1310.8230377995462,6,,
Car 1059,,,,,0,switch,,"Charger 0 (fid=22) not available, trying Charger 5 (fid=19)",1311.4087575776114,5,,
Car 1038,,,,,5,switch,,"Charger 5 (fid=19) not available, trying Charger 0 (fid=22)",1311.965638634153,0,,
Car 1039,,,,,1,switch,,"Charger 1 (fid=82) not available, trying Charger 4 (fid=86)",1312.1570486829826,4,,
Car 1062,,,,30,,arrived,,arrived,1312.9072370042188,,,
Car 1060,,,,,7,switch,,"Charger 7 (fid=52) not available, trying Charger 2 (fid=36)",1313.247500997887,2,,
Car 1061,,,,,3,switch,,"Charger 3 (fid=53) not available, trying Charger 7 (fid=52)",1313.409436260303,7,,
Car 1063,,,,50,,arrived,,arrived,1313.505255837178,,,
Car 1051,,,,,2,switch,,"Charger 2 (fid=36) not available, trying Charger 6 (fid=77)",1314.061593869749,6,,
Car 1037,,,,,,gave_up,1,"no alternate charger available, gave up",1314.3590853336686,,,
Car 1048,,,,,6,switch,,"Charger 6 (fid=77) not available, trying Charger 7 (fid=52)",1314.5882710823366,7,,
Car 1042,,,,,3,switch,,"Charger 3 (fid=53) not available, trying Charger 1 (fid=82)",1314.771290656063,1,,
Car 1052,,,,,0,switch,,"Charger 0 (fid=22) not available, trying Charger 6 (fid=77)",1314.8824928354707,6,,
Car 1041,,,,,2,switch,,"Charger 2 (fid=36) not available, trying Charger 5 (fid=19)",1314.9839878977996,5,,
Car 1055,,,,,6,switch,,"Charger 6 (fid=77) not available, trying Charger 5 (fid=19)",1315.1535825676524,5,,
Car 1054,,,,,0,switch,,"Charger 0 (fid=22) not available, trying Charger 6 (fid=77)",1315.2985203045037,6,,
Car 1049,,,,,6,switch,,"Charger 6 (fid=77) not available, trying Charger 7 (fid=52)",1315.3028298368185,7,,
Car 1064,,,,32,,arrived,,arrived,1315.4135571711793,,,
Car 1002,72.0,52,7,,,done,,done charging,1315.4238180367693,,,264.56153841591794
Car 1061,,52,7,,,start_charge,,starting to charge at Charger 7 (fid=52),1315.4238180367693,,5.994445157434484,
Car 1065,,,,37,,arrived,,arrived,1315.5898026019254,,,
Car 1066,,,,49,,arrived,,arrived,1315.6791751504304,,,
Car 1053,,,,,0,switch,,"Charger 0 (fid=22) not available, trying Charger 6 (fid=77)",1315.7503252151228,6,,
Car 1058,,,,,5,switch,,"Charger 5 (fid=19) not available, trying Charger 2 (fid=36)",1316.102904249165,2,,
Car 1057,,,,,2,switch,,"Charger 2 (fid=36) not available, trying Charger 0 (fid=22)",1316.4104605446644,0,,
Car 1067,,,,71,,arrived,,arrived,1316.423449637824,,,
Car 1068,,,,53,,arrived,,arrived,1316.4814452045484,,,
Car 1069,,,,56,,arrived,,arrived,1316.696700792644,,,
Car 1043,,,,,2,switch,,"Charger 2 (fid=36) not available, trying Charger 5 (fid=19)",1316.7775723012023,5,,
Car 1039,,,,,,gave_up,4,"no alternate charger available, gave up",1317.4395003912966,,,
Car 1070,,,,73,,arrived,,arrived,1317.4802533633765,,,
Car 1059,,,,,5,switch,,"Charger 5 (fid=19) not available, trying Charger 2 (fid=36)",1317.8694847305514,2,,
Car 1062,,,,,2,switch,,"Charger 2 (fid=36) not available, trying Charger 5 (fid=19)",1317.9072370042188,5,,
Car 1040,,,,,1,switch,,"Charger 1 (fid=82) not available, trying Charger 4 (fid=86)",1318.0329981183656,4,,
Car 1050,,,,,2,switch,,"Charger 2 (fid=36) not available, trying Charger 5 (fid=19)",1318.085553751507,5,,
Car 1038,,,,,,gave_up,0,"no alternate charger available, gave up",1318.4263657870931,,,
Car 1063,,,,,6,switch,,"Charger 6 (fid=77) not available, trying Charger 3 (fid=53)",1318.505255837178,3,,
Car 1045,,,,,7,switch,,"Charger 7 (fid=52) not available, trying Charger 3 (fid=53)",1319.599782828909,3,,
Car 1046,,,,,6,switch,,"Charger 6 (fid=77) not available, trying Charger 2 (fid=36)",1320.008215816544,2,,
Car 1064,,,,,2,switch,,"Charger 2 (fid=36) not available, trying Charger 5 (fid=19)",1320.4135571711793,5,,
Car 1065,,,,,0,switch,,"Charger 0 (fid=22) not available, trying Charger 5 (fid=19)",1320.5898026019254,5,,
Car 1071,,,,8,,arrived,,arrived,1320.6581697296472,,,
Car 1066,,,,,0,switch,,"Charger 0 (fid=22) not available, trying Charger 5 (fid=19)",1320.6791751504304,5,,
Car 1041,,,,,5,switch,,"Charger 5 (fid=19) not available, trying Charger 0 (fid=22)",1320.7368447309318,0,,
Car 1048,,,,,7,switch,,"Charger 7 (fid=52) not available, trying Charger 3 (fid=53)",1321.1540086985613,3,,
Car 1060,,,,,2,switch,,"Charger 2 (fid=36) not available, trying Charger 1 (fid=82)",1321.2758384949266,1,,
Car 988,114.0,53,3,,,done,,done charging,1321.410729111457,,,324.1464317403521
Car 1068,,53,3,,,start_charge,,starting to charge at Charger 3 (fid=53),1321.410729111457,,4.929283906908495,
Car 1067,,,,,5,switch,,"Charger 5 (fid=19) not available, trying Charger 2 (fid=36)",1321.423449637824,2,,
Car 1072,,,,14,,arrived,,arrived,1321.4580767146167,,,
Car 1051,,,,,6,switch,,"Charger 6 (fid=77) not available, trying Charger 7 (fid=52)",1321.6168982303102,7,,
Car 1069,,,,,5,switch,,"Charger 5 (fid=19) not available, trying Charger 0 (fid=22)",1321.696700792644,0,,
Car 1073,,,,66,,arrived,,arrived,1321.8080612238577,,,
Car 1058,,,,,2,switch,,"Charger 2 (fid=36) not available, trying Charger 6 (fid=77)",1321.8557610822972,6,,
Car 1049,,,,,7,switch,,"Charger 7 (fid=52) not available, trying Charger 3 (fid=53)",1321.8685674530432,3,,
Car 1074,,,,9,,arrived,,arrived,1322.3050343614918,,,
Car 1070,,,,,6,switch,,"Charger 6 (fid=77) not available, trying Charger 2 (fid=36)",1322.4802533633765,2,,
Car 1075,,,,74,,arrived,,arrived,1322.4951750404307,,,
Car 1043,,,,,5,switch,,"Charger 5 (fid=19) not available, trying Charger 0 (fid=22)",1322.5304291343346,0,,
Car 993,68.0,22,0,,,done,,done charging,1322.7445815908738,,,451.4103221615725
Car 1057,,22,0,,,start_charge,,starting to charge at Charger 0 (fid=22),1322.7445815908738,,14.191132672019421,
Car 1042,,,,,1,switch,,"Charger 1 (fid=82) not available, trying Charger 4 (fid=86)",1323.1155048634043,4,,
Car 1040,,,,,,gave_up,4,"no alternate charger available, gave up",1323.3154498266797,,,
Car 1055,,,,,5,switch,,"Charger 5 (fid=19) not available, trying Charger 2 (fid=36)",1323.4067861375015,2,,
Car 1059,,,,,2,switch,,"Charger 2 (fid=36) not available, trying Charger 6 (fid=77)",1323.6223415636837,6,,
Car 1062,,,,,5,switch,,"Charger 5 (fid=19) not available, trying Charger 0 (fid=22)",1323.660093837351,0,,
Car 1050,,,,,5,switch,,"Charger 5 (fid=19) not available, trying Charger 0 (fid=22)",1323.8384105846392,0,,
Car 1052,,,,,6,switch,,"Charger 6 (fid=77) not available, trying Charger 7 (fid=52)",1324.2205976469315,7,,
Car 1054,,,,,6,switch,,"Charger 6 (fid=77) not available, trying Charger 7 (fid=52)",1324.6366251159645,7,,
Car 1063,,,,,3,switch,,"Charger 3 (fid=53) not available, trying Charger 7 (fid=52)",1325.078279707643,7,,
Car 1053,,,,,6,switch,,"Charger 6 (fid=77) not available, trying Charger 7 (fid=52)",1325.0884300265836,7,,
Car 1076,,,,37,,arrived,,arrived,1325.4377546788837,,,
Car 1045,,,,,3,switch,,"Charger 3 (fid=53) not available, trying Charger 1 (fid=82)",1325.6197194479407,1,,
Car 1071,,,,,6,switch,,"Charger 6 (fid=77) not available, trying Charger 2 (fid=36)",1325.6581697296472,2,,
Car 1064,,,,,5,switch,,"Charger 5 (fid=19) not available, trying Charger 0 (fid=22)",1326.1664140043115,0,,
Car 1072,,,,,2,switch,,"Charger 2 (fid=36) not available, trying Charger 5 (fid=19)",1326.4580767146167,5,,
Car 1073,,,,,6,switch,,"Charger 6 (fid=77) not available, trying Charger 3 (fid=53)",1326.8080612238577,3,,
Car 1065,,,,,5,switch,,"Charger 5 (fid=19) not available, trying Charger 2 (fid=36)",1327.0505297548655,2,,
Car 1066,,,,,5,switch,,"Charger 5 (fid=19) not available, trying Charger 2 (fid=36)",1327.1399023033705,2,,
Car 1048,,,,,3,switch,,"Charger 3 (fid=53) not available, trying Charger 1 (fid=82)",1327.173945317593,1,,
Car 1067,,,,,2,switch,,"Charger 2 (fid=36) not available, trying Charger 0 (fid=22)",1327.1763064709562,0,,
Car 1041,,,,,,gave_up,0,"no alternate charger available, gave up",1327.197571883872,,,
Car 1074,,,,,6,switch,,"Charger 6 (fid=77) not available, trying Charger 2 (fid=36)",1327.3050343614918,2,,
Car 1075,,,,,7,switch,,"Charger 7 (fid=52) not available, trying Charger 1 (fid=82)",1327.4951750404307,1,,
Car 1046,,,,,2,switch,,"Charger 2 (fid=36) not available, trying Charger 5 (fid=19)",1327.5635201771051,5,,
Car 1077,,,,17,,arrived,,arrived,1327.6088089783857,,,
Car 1049,,,,,3,switch,,"Charger 3 (fid=53) not available, trying Charger 1 (fid=82)",1327.888504072075,1,,
Car 1069,,,,,0,switch,,"Charger 0 (fid=22) not available, trying Charger 2 (fid=36)",1328.157427945584,2,,
Car 1051,,,,,7,switch,,"Charger 7 (fid=52) not available, trying Charger 3 (fid=53)",1328.1826358465348,3,,
Car 1042,,,,,,gave_up,4,"no alternate charger available, gave up",1328.3979565717184,,,
Car 1010,60.0,53,3,,,done,,done charging,1328.7715790001096,,,328.8562105023937
Car 1073,,53,3,,,start_charge,,starting to charge at Charger 3 (fid=53),1328.7715790001096,,5.390493905786798,
Car 1043,,,,,,gave_up,0,"no alternate charger available, gave up",1328.9911562872746,,,
Car 1055,,,,,2,switch,,"Charger 2 (fid=36) not available, trying Charger 3 (fid=53)",1329.1596429706337,3,,
Car 1058,,,,,6,switch,,"Charger 6 (fid=77) not available, trying Charger 7 (fid=52)",1329.4110654428584,7,,
Car 1070,,,,,2,switch,,"Charger 2 (fid=36) not available, trying Charger 5 (fid=19)",1330.0355577239377,5,,
Car 1062,,,,,0,switch,,"Charger 0 (fid=22) not available, trying Charger 6 (fid=77)",1330.1208209902911,6,,
Car 1050,,,,,0,switch,,"Charger 0 (fid=22) not available, trying Charger 1 (fid=82)",1330.2991377375793,1,,
Car 1076,,,,,0,switch,,"Charger 0 (fid=22) not available, trying Charger 5 (fid=19)",1330.4377546788837,5,,
Car 1052,,,,,7,switch,,"Charger 7 (fid=52) not available, trying Charger 3 (fid=53)",1330.7863352631562,3,,
Car 1060,,,,,1,switch,,"Charger 1 (fid=82) not available, trying Charger 4 (fid=86)",1330.8359995347805,4,,
Car 1063,,,,,7,switch,,"Charger 7 (fid=52) not available, trying Charger 2 (fid=36)",1331.098216326675,2,,
Car 1059,,,,,6,switch,,"Charger 6 (fid=77) not available, trying Charger 7 (fid=52)",1331.1776459242449,7,,
Car 1054,,,,,7,switch,,"Charger 7 (fid=52) not available, trying Charger 3 (fid=53)",1331.2023627321892,3,,
Car 1053,,,,,7,switch,,"Charger 7 (fid=52) not available, trying Charger 3 (fid=53)",1331.6541676428083,3,,
Car 1072,,,,,5,switch,,"Charger 5 (fid=19) not available, trying Charger 0 (fid=22)",1332.210933547749,0,,
Car 1077,,,,,2,switch,,"Charger 2 (fid=36) not available, trying Charger 5 (fid=19)",1332.6088089783857,5,,
Car 1064,,,,,0,switch,,"Charger 0 (fid=22) not available, trying Charger 6 (fid=77)",1332.6271411572516,6,,
Car 1065,,,,,2,switch,,"Charger 2 (fid=36) not available, trying Charger 6 (fid=77)",1332.8033865879977,6,,
Car 1066,,,,,2,switch,,"Charger 2 (fid=36) not available, trying Charger 6 (fid=77)",1332.8927591365027,6,,
Car 1071,,,,,2,switch,,"Charger 2 (fid=36) not available, trying Charger 0 (fid=22)",1333.2134740902084,0,,
Car 1005,68.0,82,1,,,done,,done charging,1333.2732024970926,,,596.516922028187
Car 1045,,82,1,,,start_charge,,starting to charge at Charger 1 (fid=82),1333.2732024970926,,34.309268841810535,
Car 1046,,,,,5,switch,,"Charger 5 (fid=19) not available, trying Charger 0 (fid=22)",1333.3163770102374,0,,
Car 1051,,,,,3,switch,,"Charger 3 (fid=53) not available, trying Charger 1 (fid=82)",1334.2025724655666,1,,
Car 1067,,,,,0,switch,,"Charger 0 (fid=22) not available, trying Charger 6 (fid=77)",1334.3192948451463,6,,
Car 1074,,,,,2,switch,,"Charger 2 (fid=36) not available, trying Charger 3 (fid=53)",1334.860338722053,3,,
Car 1078,,,,63,,arrived,,arrived,1335.0334834468906,,,
Car 1075,,,,,1,switch,,"Charger 1 (fid=82) not available, trying Charger 4 (fid=86)",1335.153092728898,4,,
Car 1069,,,,,2,switch,,"Charger 2 (fid=36) not available, trying Charger 6 (fid=77)",1335.300416319774,6,,
Car 1048,,,,,1,switch,,"Charger 1 (fid=82) not available, trying Charger 4 (fid=86)",1335.5181595249344,4,,
Car 1070,,,,,5,switch,,"Charger 5 (fid=19) not available, trying Charger 0 (fid=22)",1335.78841455707,0,,
Car 1058,,,,,7,switch,,"Charger 7 (fid=52) not available, trying Charger 3 (fid=53)",1335.976803059083,3,,
Car 1060,,,,,4,switch,,"Charger 4 (fid=86) not available, trying Charger 6 (fid=77)",1336.1184512430946,6,,
Car 1049,,,,,1,switch,,"Charger 1 (fid=82) not available, trying Charger 4 (fid=86)",1336.2327182794163,4,,
Car 1052,,,,,3,switch,,"Charger 3 (fid=53) not available, trying Charger 1 (fid=82)",1336.806271882188,1,,
Car 1076,,,,,5,switch,,"Charger 5 (fid=19) not available, trying Charger 2 (fid=36)",1336.8984818318238,2,,
Car 1007,95.0,22,0,,,done,,done charging,1337.0177489009466,,,175.30678746129493
Car 1072,,22,0,,,start_charge,,starting to charge at Charger 0 (fid=22),1337.0177489009466,,13.346088200257554,
Car 1054,,,,,3,switch,,"Charger 3 (fid=53) not available, trying Charger 1 (fid=82)",1337.222299351221,1,,
Car 1053,,,,,3,switch,,"Charger 3 (fid=53) not available, trying Charger 1 (fid=82)",1337.67410426184,1,,
Car 1059,,,,,7,switch,,"Charger 7 (fid=52) not available, trying Charger 3 (fid=53)",1337.7433835404695,3,,
Car 1055,,,,,3,switch,,"Charger 3 (fid=53) not available, trying Charger 7 (fid=52)",1337.9138286624957,7,,
Car 1077,,,,,5,switch,,"Charger 5 (fid=19) not available, trying Charger 6 (fid=77)",1338.361665811518,6,,
Car 1063,,,,,2,switch,,"Charger 2 (fid=36) not available, trying Charger 5 (fid=19)",1339.1265538237144,5,,
Car 1062,,,,,6,switch,,"Charger 6 (fid=77) not available, trying Charger 7 (fid=52)",1339.458925801752,7,,
Car 1079,,,,88,,arrived,,arrived,1339.686950514617,,,
Car 1046,,,,,,gave_up,0,"no alternate charger available, gave up",1339.7771041631775,,,
Car 1078,,,,,0,switch,,"Charger 0 (fid=22) not available, trying Charger 6 (fid=77)",1340.0334834468906,6,,
Car 1071,,,,,0,switch,,"Charger 0 (fid=22) not available, trying Charger 5 (fid=19)",1340.3564624643984,5,,
Car 1065,,,,,6,switch,,"Charger 6 (fid=77) not available, trying Charger 7 (fid=52)",1340.358690948559,7,,
Car 1075,,,,,4,switch,,"Charger 4 (fid=86) not available, trying Charger 3 (fid=53)",1340.435544437212,3,,
Car 1066,,,,,6,switch,,"Charger 6 (fid=77) not available, trying Charger 7 (fid=52)",1340.448063497064,7,,
Car 1048,,,,,,gave_up,4,"no alternate charger available, gave up",1340.8006112332484,,,
Car 1049,,,,,,gave_up,4,"no alternate charger available, gave up",1341.5151699877304,,,
Car 1050,,,,,1,switch,,"Charger 1 (fid=82) not available, trying Charger 4 (fid=86)",1341.9158670221234,4,,
Car 1064,,,,,6,switch,,"Charger 6 (fid=77) not available, trying Charger 7 (fid=52)",1341.9652459687125,7,,
Car 1058,,,,,3,switch,,"Charger 3 (fid=53) not available, trying Charger 1 (fid=82)",1341.9967396781149,1,,
Car 1070,,,,,0,switch,,"Charger 0 (fid=22) not available, trying Charger 7 (fid=52)",1342.24914171001,7,,
Car 1051,,,,,1,switch,,"Charger 1 (fid=82) not available, trying Charger 4 (fid=86)",1342.546786672908,4,,
Car 1076,,,,,2,switch,,"Charger 2 (fid=36) not available, trying Charger 6 (fid=77)",1342.651338664956,6,,
Car 1069,,,,,6,switch,,"Charger 6 (fid=77) not available, trying Charger 7 (fid=52)",1342.8557206803353,7,,
Car 1080,,,,50,,arrived,,arrived,1343.197501943534,,,
Car 1081,,,,8,,arrived,,arrived,1343.3557139473107,,,
Car 1074,,,,,3,switch,,"Charger 3 (fid=53) not available, trying Charger 5 (fid=19)",1343.614524413915,5,,
Car 1067,,,,,6,switch,,"Charger 6 (fid=77) not available, trying Charger 7 (fid=52)",1343.6573996566071,7,,
Car 1059,,,,,3,switch,,"Charger 3 (fid=53) not available, trying Charger 1 (fid=82)",1343.7633201595013,1,,
Car 984,96.0,86,4,,,done,,done charging,1343.8570229175918,,,415.01094253644135
Car 1079,,86,4,,,start_charge,,starting to charge at Charger 4 (fid=86),1343.8570229175918,,4.170072402974938,
Car 1055,,,,,7,switch,,"Charger 7 (fid=52) not available, trying Charger 1 (fid=82)",1343.9337652815275,1,,
Car 1063,,,,,5,switch,,"Charger 5 (fid=19) not available, trying Charger 4 (fid=86)",1344.8794106568466,4,,
Car 1052,,,,,1,switch,,"Charger 1 (fid=82) not available, trying Charger 4 (fid=86)",1345.1504860895293,4,,
Car 1060,,,,,6,switch,,"Charger 6 (fid=77) not available, trying Charger 3 (fid=53)",1345.2993150635068,3,,
Car 1054,,,,,1,switch,,"Charger 1 (fid=82) not available, trying Charger 4 (fid=86)",1345.5665135585623,4,,
Car 1053,,,,,1,switch,,"Charger 1 (fid=82) not available, trying Charger 4 (fid=86)",1346.0183184691814,4,,
Car 1062,,,,,7,switch,,"Charger 7 (fid=52) not available, trying Charger 3 (fid=53)",1346.0246634179766,3,,
Car 1044,54.0,52,7,,,done,,done charging,1346.161554865366,,,172.78862335233853
Car 1065,,52,7,,,start_charge,,starting to charge at Charger 7 (fid=52),1346.161554865366,,24.23712630058253,
Car 1077,,,,,6,switch,,"Charger 6 (fid=77) not available, trying Charger 0 (fid=22)",1346.614869381367,0,,
Car 1071,,,,,5,switch,,"Charger 5 (fid=19) not available, trying Charger 3 (fid=53)",1346.8171896173385,3,,
Car 1066,,,,,7,switch,,"Charger 7 (fid=52) not available, trying Charger 3 (fid=53)",1347.0138011132885,3,,
Car 1050,,,,,,gave_up,4,"no alternate charger available, gave up",1347.1983187304374,,,
Car 1051,,,,,,gave_up,4,"no alternate charger available, gave up",1347.829238381222,,,
Car 1082,,,,5,,arrived,,arrived,1347.9187794124707,,,
Car 1080,,,,,6,switch,,"Charger 6 (fid=77) not available, trying Charger 3 (fid=53)",1348.197501943534,3,,
Car 1081,,,,,6,switch,,"Charger 6 (fid=77) not available, trying Charger 2 (fid=36)",1348.3557139473107,2,,
Car 1083,,,,5,,arrived,,arrived,1348.4234958533586,,,
Car 1064,,,,,7,switch,,"Charger 7 (fid=52) not available, trying Charger 3 (fid=53)",1348.530983584937,3,,
Car 1075,,,,,3,switch,,"Charger 3 (fid=53) not available, trying Charger 6 (fid=77)",1348.6785361932878,6,,
Car 1078,,,,,6,switch,,"Charger 6 (fid=77) not available, trying Charger 2 (fid=36)",1349.3715882583515,2,,
Car 1069,,,,,7,switch,,"Charger 7 (fid=52) not available, trying Charger 3 (fid=53)",1349.4214582965599,3,,
Car 1076,,,,,6,switch,,"Charger 6 (fid=77) not available, trying Charger 7 (fid=52)",1350.2066430255172,7,,
Car 1067,,,,,7,switch,,"Charger 7 (fid=52) not available, trying Charger 3 (fid=53)",1350.2231372728318,3,,
Car 1058,,,,,1,switch,,"Charger 1 (fid=82) not available, trying Charger 4 (fid=86)",1350.3409538854562,4,,
Car 1052,,,,,,gave_up,4,"no alternate charger available, gave up",1350.4329377978434,,,
Car 1054,,,,,,gave_up,4,"no alternate charger available, gave up",1350.8489652668763,,,
Car 1053,,,,,,gave_up,4,"no alternate charger available, gave up",1351.3007701774955,,,
Car 1084,,,,40,,arrived,,arrived,1351.30156433672,,,
Car 1055,,,,,1,switch,,"Charger 1 (fid=82) not available, trying Charger 4 (fid=86)",1351.5916829699947,4,,
Car 1060,,,,,3,switch,,"Charger 3 (fid=53) not available, trying Charger 5 (fid=19)",1351.8723389339718,5,,
Car 1062,,,,,3,switch,,"Charger 3 (fid=53) not available, trying Charger 1 (fid=82)",1352.0446000370084,1,,
Car 1059,,,,,1,switch,,"Charger 1 (fid=82) not available, trying Charger 4 (fid=86)",1352.1075343668426,4,,
Car 1070,,,,,7,switch,,"Charger 7 (fid=52) not available, trying Charger 3 (fid=53)",1352.381852520156,3,,
Car 1082,,,,,0,switch,,"Charger 0 (fid=22) not available, trying Charger 5 (fid=19)",1352.9187794124707,5,,
Car 1066,,,,,3,switch,,"Charger 3 (fid=53) not available, trying Charger 1 (fid=82)",1353.0337377323203,1,,
Car 1074,,,,,5,switch,,"Charger 5 (fid=19) not available, trying Charger 7 (fid=52)",1353.1180389318622,7,,
Car 1083,,,,,3,switch,,"Charger 3 (fid=53) not available, trying Charger 4 (fid=86)",1353.4234958533586,4,,
Car 1085,,,,66,,arrived,,arrived,1353.9551612131067,,,
Car 1064,,,,,3,switch,,"Charger 3 (fid=53) not available, trying Charger 1 (fid=82)",1354.5509202039689,1,,
Car 1080,,,,,3,switch,,"Charger 3 (fid=53) not available, trying Charger 7 (fid=52)",1354.770525813999,7,,
Car 1063,,,,,4,switch,,"Charger 4 (fid=86) not available, trying Charger 1 (fid=82)",1355.210006948722,1,,
Car 1075,,,,,6,switch,,"Charger 6 (fid=77) not available, trying Charger 2 (fid=36)",1355.2515600637528,2,,
Car 1069,,,,,3,switch,,"Charger 3 (fid=53) not available, trying Charger 1 (fid=82)",1355.4413949155917,1,,
Car 1058,,,,,,gave_up,4,"no alternate charger available, gave up",1355.6234055937703,,,
Car 1081,,,,,2,switch,,"Charger 2 (fid=36) not available, trying Charger 0 (fid=22)",1355.911018307872,0,,
Car 1077,,,,,0,switch,,"Charger 0 (fid=22) not available, trying Charger 7 (fid=52)",1355.952974192828,7,,
Car 1067,,,,,3,switch,,"Charger 3 (fid=53) not available, trying Charger 1 (fid=82)",1356.2430738918636,1,,
Car 1084,,,,,6,switch,,"Charger 6 (fid=77) not available, trying Charger 3 (fid=53)",1356.30156433672,3,,
Car 1071,,,,,3,switch,,"Charger 3 (fid=53) not available, trying Charger 7 (fid=52)",1356.3207041352857,7,,
Car 1086,,,,6,,arrived,,arrived,1356.5813399826416,,,
Car 1076,,,,,7,switch,,"Charger 7 (fid=52) not available, trying Charger 3 (fid=53)",1356.7723806417418,3,,
Car 1055,,,,,,gave_up,4,"no alternate charger available, gave up",1356.8741346783088,,,
Car 1078,,,,,2,switch,,"Charger 2 (fid=36) not available, trying Charger 5 (fid=19)",1356.9268926189127,5,,
Car 1059,,,,,,gave_up,4,"no alternate charger available, gave up",1357.3899860751567,,,
Car 1087,,,,13,,arrived,,arrived,1357.5385494558855,,,
Car 1070,,,,,3,switch,,"Charger 3 (fid=53) not available, trying Charger 1 (fid=82)",1358.4017891391877,1,,
Car 1085,,,,,6,switch,,"Charger 6 (fid=77) not available, trying Charger 3 (fid=53)",1358.9551612131067,3,,
Car 1082,,,,,5,switch,,"Charger 5 (fid=19) not available, trying Charger 2 (fid=36)",1359.3795065654108,2,,
Car 1062,,,,,1,switch,,"Charger 1 (fid=82) not available, trying Charger 4 (fid=86)",1360.3888142443498,4,,
Car 1063,,,,,1,switch,,"Charger 1 (fid=82) not available, trying Charger 0 (fid=22)",1360.492458657036,0,,
Car 1080,,,,,7,switch,,"Charger 7 (fid=52) not available, trying Charger 2 (fid=36)",1360.7904624330308,2,,
Car 1060,,,,,5,switch,,"Charger 5 (fid=19) not available, trying Charger 0 (fid=22)",1361.375853451919,0,,
Car 1066,,,,,1,switch,,"Charger 1 (fid=82) not available, trying Charger 4 (fid=86)",1361.3779519396617,4,,
Car 1086,,,,,2,switch,,"Charger 2 (fid=36) not available, trying Charger 6 (fid=77)",1361.5813399826416,6,,
Car 1083,,,,,4,switch,,"Charger 4 (fid=86) not available, trying Charger 7 (fid=52)",1361.6664876094344,7,,
Car 1074,,,,,7,switch,,"Charger 7 (fid=52) not available, trying Charger 0 (fid=22)",1361.8957958468472,0,,
Car 1071,,,,,7,switch,,"Charger 7 (fid=52) not available, trying Charger 1 (fid=82)",1362.3406407543175,1,,
Car 1087,,,,,0,switch,,"Charger 0 (fid=22) not available, trying Charger 5 (fid=19)",1362.5385494558855,5,,
Car 1088,,,,85,,arrived,,arrived,1362.6292536906972,,,
Car 1078,,,,,5,switch,,"Charger 5 (fid=19) not available, trying Charger 3 (fid=53)",1362.679749452045,3,,
Car 1076,,,,,3,switch,,"Charger 3 (fid=53) not available, trying Charger 1 (fid=82)",1362.7923172607736,1,,
Car 1075,,,,,2,switch,,"Charger 2 (fid=36) not available, trying Charger 5 (fid=19)",1362.806864424314,5,,
Car 1084,,,,,3,switch,,"Charger 3 (fid=53) not available, trying Charger 7 (fid=52)",1362.874588207185,7,,
Car 1064,,,,,1,switch,,"Charger 1 (fid=82) not available, trying Charger 4 (fid=86)",1362.8951344113102,4,,
Car 1081,,,,,0,switch,,"Charger 0 (fid=22) not available, trying Charger 5 (fid=19)",1363.054006682062,5,,
Car 1069,,,,,1,switch,,"Charger 1 (fid=82) not available, trying Charger 4 (fid=86)",1363.785609122933,4,,
Car 1067,,,,,1,switch,,"Charger 1 (fid=82) not available, trying Charger 4 (fid=86)",1364.587288099205,4,,
Car 1082,,,,,2,switch,,"Charger 2 (fid=36) not available, trying Charger 6 (fid=77)",1365.132363398543,6,,
Car 1085,,,,,3,switch,,"Charger 3 (fid=53) not available, trying Charger 7 (fid=52)",1365.5281850835718,7,,
Car 1062,,,,,,gave_up,4,"no alternate charger available, gave up",1365.6712659526638,,,
Car 1089,,,,31,,arrived,,arrived,1365.7411445965909,,,
Car 1077,,,,,7,switch,,"Charger 7 (fid=52) not available, trying Charger 3 (fid=53)",1366.0856850029738,3,,
Car 1090,,,,60,,arrived,,arrived,1366.5268035093127,,,
Car 1066,,,,,,gave_up,4,"no alternate charger available, gave up",1366.6604036479757,,,
Car 1070,,,,,1,switch,,"Charger 1 (fid=82) not available, trying Charger 4 (fid=86)",1366.746003346529,4,,
Car 1088,,,,,4,switch,,"Charger 4 (fid=86) not available, trying Charger 1 (fid=82)",1367.6292536906972,1,,
Car 1029,103.0,77,6,,,done,,done charging,1367.7602958866344,,,295.9509087703584
Car 1086,,77,6,,,start_charge,,starting to charge at Charger 6 (fid=77),1367.7602958866344,,8.623651543431606,
Car 1060,,,,,,gave_up,0,"no alternate charger available, gave up",1367.8365806048591,,,
Car 1064,,,,,,gave_up,4,"no alternate charger available, gave up",1368.1775861196243,,,
Car 1075,,,,,5,switch,,"Charger 5 (fid=19) not available, trying Charger 0 (fid=22)",1368.5597212574462,0,,
Car 1080,,,,,2,switch,,"Charger 2 (fid=36) not available, trying Charger 5 (fid=19)",1368.8187999300703,5,,
Car 1084,,,,,7,switch,,"Charger 7 (fid=52) not available, trying Charger 2 (fid=36)",1368.8945248262169,2,,
Car 1087,,,,,5,switch,,"Charger 5 (fid=19) not available, trying Charger 2 (fid=36)",1368.9992766088255,2,,
Car 1009,99.0,36,2,,,done,,done charging,1369.0325685369794,,,252.2605135033848
Car 1089,,36,2,,,start_charge,,starting to charge at Charger 2 (fid=36),1369.0325685369794,,3.2914239403885404,
Car 1069,,,,,,gave_up,4,"no alternate charger available, gave up",1369.068060831247,,,
Car 1083,,,,,7,switch,,"Charger 7 (fid=52) not available, trying Charger 1 (fid=82)",1369.2963550069746,1,,
Car 1081,,,,,5,switch,,"Charger 5 (fid=19) not available, trying Charger 3 (fid=53)",1369.514733835002,3,,
Car 1091,,,,89,,arrived,,arrived,1369.791140363569,,,
Car 1067,,,,,,gave_up,4,"no alternate charger available, gave up",1369.869739807519,,,
Car 1071,,,,,1,switch,,"Charger 1 (fid=82) not available, trying Charger 4 (fid=86)",1369.9985584427848,4,,
Car 1076,,,,,1,switch,,"Charger 1 (fid=82) not available, trying Charger 4 (fid=86)",1371.136531468115,4,,
Car 1090,,,,,6,switch,,"Charger 6 (fid=77) not available, trying Charger 3 (fid=53)",1371.5268035093127,3,,
Car 1085,,,,,7,switch,,"Charger 7 (fid=52) not available, trying Charger 2 (fid=36)",1371.5481217026036,2,,
Car 1070,,,,,,gave_up,4,"no alternate charger available, gave up",1372.028455054843,,,
Car 1074,,,,,0,switch,,"Charger 0 (fid=22) not available, trying Charger 1 (fid=82)",1372.0285066569932,1,,
Car 1077,,,,,3,switch,,"Charger 3 (fid=53) not available, trying Charger 1 (fid=82)",1372.1056216220056,1,,
Car 1063,,,,,,gave_up,0,"no alternate charger available, gave up",1372.10918794158,,,
Car 1078,,,,,3,switch,,"Charger 3 (fid=53) not available, trying Charger 7 (fid=52)",1372.1832639699921,7,,
Car 1030,108.0,19,5,,,done,,done charging,1372.2168823232757,,,62.71297419991698
Car 1080,,19,5,,,start_charge,,starting to charge at Charger 5 (fid=19),1372.2168823232757,,22.645225560073186,
Car 1082,,,,,6,switch,,"Charger 6 (fid=77) not available, trying Charger 7 (fid=52)",1372.6876677591042,7,,
Car 1092,,,,87,,arrived,,arrived,1372.8087977271746,,,
Car 1088,,,,,1,switch,,"Charger 1 (fid=82) not available, trying Charger 7 (fid=52)",1372.9117053990112,7,,
Car 1035,73.0,82,1,,,done,,done charging,1374.3095543985269,,,348.62532881591284
Car 1083,,82,1,,,start_charge,,starting to charge at Charger 1 (fid=82),1374.3095543985269,,17.355281703084984,
Car 1087,,,,,2,switch,,"Charger 2 (fid=36) not available, trying Charger 6 (fid=77)",1374.7521334419578,6,,
Car 1091,,,,,4,switch,,"Charger 4 (fid=86) not available, trying Charger 1 (fid=82)",1374.791140363569,1,,
Car 1075,,,,,,gave_up,0,"no alternate charger available, gave up",1375.0204484103863,,,
Car 1071,,,,,,gave_up,4,"no alternate charger available, gave up",1375.2810101510988,,,
Car 1076,,,,,,gave_up,4,"no alternate charger available, gave up",1376.418983176429,,,
Car 1034,112.0,36,2,,,done,,done charging,1376.5265132770328,,,240.76881696971395
Car 1084,,36,2,,,start_charge,,starting to charge at Charger 2 (fid=36),1376.5265132770328,,19.603650953776423,
Car 1092,,,,,4,switch,,"Charger 4 (fid=86) not available, trying Charger 1 (fid=82)",1377.8087977271746,1,,
Car 1090,,,,,3,switch,,"Charger 3 (fid=53) not available, trying Charger 7 (fid=52)",1378.0998273797777,7,,
Car 1078,,,,,7,switch,,"Charger 7 (fid=52) not available, trying Charger 1 (fid=82)",1378.203200589024,1,,
Car 1081,,,,,3,switch,,"Charger 3 (fid=53) not available, trying Charger 7 (fid=52)",1379.0182483529493,7,,
Car 1082,,,,,7,switch,,"Charger 7 (fid=52) not available, trying Charger 3 (fid=53)",1379.2534053753288,3,,
Car 1085,,,,,2,switch,,"Charger 2 (fid=36) not available, trying Charger 5 (fid=19)",1379.576459199643,5,,
Car 1091,,,,,1,switch,,"Charger 1 (fid=82) not available, trying Charger 7 (fid=52)",1380.073592071883,7,,
Car 1093,,,,15,,arrived,,arrived,1380.2695924353777,,,
Car 1077,,,,,1,switch,,"Charger 1 (fid=82) not available, trying Charger 4 (fid=86)",1380.449835829347,4,,
Car 1088,,,,,7,switch,,"Charger 7 (fid=52) not available, trying Charger 3 (fid=53)",1380.5696230874785,3,,
Car 1087,,,,,6,switch,,"Charger 6 (fid=77) not available, trying Charger 7 (fid=52)",1382.307437802519,7,,
Car 1094,,,,47,,arrived,,arrived,1382.5872097825404,,,
Car 1092,,,,,1,switch,,"Charger 1 (fid=82) not available, trying Charger 7 (fid=52)",1383.0912494354886,7,,
Car 1074,,,,,1,switch,,"Charger 1 (fid=82) not available, trying Charger 4 (fid=86)",1383.6452359415373,4,,
Car 1090,,,,,7,switch,,"Charger 7 (fid=52) not available, trying Charger 2 (fid=36)",1384.1197639988095,2,,
Car 1045,51.0,82,1,,,done,,done charging,1384.2732024970926,,,447.68743702049846
Car 1078,,82,1,,,start_charge,,starting to charge at Charger 1 (fid=82),1384.2732024970926,,33.41208421960141,
Car 1081,,,,,7,switch,,"Charger 7 (fid=52) not available, trying Charger 1 (fid=82)",1385.038184971981,1,,
Car 1093,,,,,3,switch,,"Charger 3 (fid=53) not available, trying Charger 7 (fid=52)",1385.2695924353777,7,,
Car 1082,,,,,3,switch,,"Charger 3 (fid=53) not available, trying Charger 1 (fid=82)",1385.2733419943606,1,,
Car 1085,,,,,5,switch,,"Charger 5 (fid=19) not available, trying Charger 0 (fid=22)",1385.3293160327753,0,,
Car 1077,,,,,,gave_up,4,"no alternate charger available, gave up",1385.732287537661,,,
Car 1061,71.0,52,7,,,done,,done charging,1386.4238180367693,,,124.65216937140958
Car 1091,,52,7,,,start_charge,,starting to charge at Charger 7 (fid=52),1386.4238180367693,,13.692308276418999,
Car 1088,,,,,3,switch,,"Charger 3 (fid=53) not available, trying Charger 6 (fid=77)",1386.5895597065103,6,,
Car 1095,,,,75,,arrived,,arrived,1386.6486403367205,,,
Car 1094,,,,,0,switch,,"Charger 0 (fid=22) not available, trying Charger 5 (fid=19)",1387.5872097825404,5,,
Car 1087,,,,,7,switch,,"Charger 7 (fid=52) not available, trying Charger 3 (fid=53)",1388.8731754187436,3,,
Car 1074,,,,,,gave_up,4,"no alternate charger available, gave up",1388.9276876498514,,,
Car 1092,,,,,7,switch,,"Charger 7 (fid=52) not available, trying Charger 3 (fid=53)",1390.7491671239559,3,,
Car 1093,,,,,7,switch,,"Charger 7 (fid=52) not available, trying Charger 6 (fid=77)",1391.2895290544095,6,,
Car 1096,,,,64,,arrived,,arrived,1391.446402840594,,,
Car 1095,,,,,3,switch,,"Charger 3 (fid=53) not available, trying Charger 7 (fid=52)",1391.6486403367205,7,,
Car 1085,,,,,0,switch,,"Charger 0 (fid=22) not available, trying Charger 4 (fid=86)",1391.7900431857154,4,,
Car 1090,,,,,2,switch,,"Charger 2 (fid=36) not available, trying Charger 5 (fid=19)",1392.148101495849,5,,
Car 1081,,,,,1,switch,,"Charger 1 (fid=82) not available, trying Charger 4 (fid=86)",1392.6961026604483,4,,
Car 1088,,,,,6,switch,,"Charger 6 (fid=77) not available, trying Charger 2 (fid=36)",1393.1625835769753,2,,
Car 1082,,,,,1,switch,,"Charger 1 (fid=82) not available, trying Charger 4 (fid=86)",1393.617556201702,4,,
Car 1094,,,,,5,switch,,"Charger 5 (fid=19) not available, trying Charger 2 (fid=36)",1394.0479369354805,2,,
Car 1068,73.0,53,3,,,done,,done charging,1394.410729111457,,,0.0
Car 1087,,53,3,,,start_charge,,starting to charge at Charger 3 (fid=53),1394.410729111457,,29.51761707368155,
Car 1057,72.0,22,0,,,done,,done charging,1394.7445815908738,,,292.5946298704231
Car 1096,,,,,3,switch,,"Charger 3 (fid=53) not available, trying Charger 4 (fid=86)",1396.446402840594,4,,
Car 1092,,,,,3,switch,,"Charger 3 (fid=53) not available, trying Charger 6 (fid=77)",1396.7691037429877,6,,
Car 1095,,,,,7,switch,,"Charger 7 (fid=52) not available, trying Charger 6 (fid=77)",1397.6685769557523,6,,
Car 1093,,,,,6,switch,,"Charger 6 (fid=77) not available, trying Charger 4 (fid=86)",1397.8552666706341,4,,
Car 1090,,,,,5,switch,,"Charger 5 (fid=19) not available, trying Charger 0 (fid=22)",1397.9009583289812,0,,
Car 1081,,,,,,gave_up,4,"no alternate charger available, gave up",1397.9785543687624,,,
Car 1097,,,,29,,arrived,,arrived,1398.888061967186,,,
Car 1082,,,,,,gave_up,4,"no alternate charger available, gave up",1398.900007910016,,,
Car 1090,,22,0,,,start_charge,,starting to charge at Charger 0 (fid=22),1399.3616854819213,,25.0,
Car 1094,,,,,2,switch,,"Charger 2 (fid=36) not available, trying Charger 6 (fid=77)",1399.8007937686127,6,,
Car 1088,,,,,2,switch,,"Charger 2 (fid=36) not available, trying Charger 5 (fid=19)",1400.7178879375365,5,,
Car 1098,,,,22,,arrived,,arrived,1400.8460302774704,,,
Car 1092,,,,,6,switch,,"Charger 6 (fid=77) not available, trying Charger 2 (fid=36)",1403.3421276134527,2,,
Car 1085,,,,,4,switch,,"Charger 4 (fid=86) not available, trying Charger 1 (fid=82)",1403.5809217825185,1,,
Car 1097,,,,,2,switch,,"Charger 2 (fid=36) not available, trying Charger 5 (fid=19)",1403.888061967186,5,,
Car 1095,,,,,6,switch,,"Charger 6 (fid=77) not available, trying Charger 4 (fid=86)",1404.234314571977,4,,
Car 1096,,,,,4,switch,,"Charger 4 (fid=86) not available, trying Charger 7 (fid=52)",1404.6893945966697,7,,
Car 1098,,,,,0,switch,,"Charger 0 (fid=22) not available, trying Charger 5 (fid=19)",1405.8460302774704,5,,
Car 1088,,,,,5,switch,,"Charger 5 (fid=19) not available, trying Charger 0 (fid=22)",1406.4707447706687,0,,
Car 1093,,,,,4,switch,,"Charger 4 (fid=86) not available, trying Charger 1 (fid=82)",1407.0361304910464,1,,
Car 1094,,,,,6,switch,,"Charger 6 (fid=77) not available, trying Charger 7 (fid=52)",1407.356098129174,7,,
Car 1085,,,,,,gave_up,1,"no alternate charger available, gave up",1408.8633734908326,,,
Car 1056,105.0,77,6,,,done,,done charging,1409.3894616717357,,,89.25774207314022
Car 1023,112.0,86,4,,,done,,done charging,1409.4111054514533,,,634.6980275477416
Car 1095,,86,4,,,start_charge,,starting to charge at Charger 4 (fid=86),1409.4111054514533,,15.995927059064115,
Car 1097,,,,,5,switch,,"Charger 5 (fid=19) not available, trying Charger 0 (fid=22)",1409.6409188003183,0,,
Car 1079,66.0,86,4,,,done,,done charging,1409.8570229175918,,,5.748364984889001
Car 1092,,,,,2,switch,,"Charger 2 (fid=36) not available, trying Charger 5 (fid=19)",1410.897431974014,5,,
Car 1098,,,,,5,switch,,"Charger 5 (fid=19) not available, trying Charger 2 (fid=36)",1412.3067574304105,2,,
Car 1093,,,,,1,switch,,"Charger 1 (fid=82) not available, trying Charger 2 (fid=36)",1412.3185821993604,2,,
Car 1096,,,,,7,switch,,"Charger 7 (fid=52) not available, trying Charger 1 (fid=82)",1412.31926199421,1,,
Car 1099,,,,19,,arrived,,arrived,1412.4373172839444,,,
Car 1088,,,,,,gave_up,0,"no alternate charger available, gave up",1412.9314719236088,,,
Car 1047,117.0,19,5,,,done,,done charging,1413.3588056309338,,,54.82070321511149
Car 1092,,19,5,,,start_charge,,starting to charge at Charger 5 (fid=19),1413.3588056309338,,31.708516823787704,
Car 1094,,,,,7,switch,,"Charger 7 (fid=52) not available, trying Charger 3 (fid=53)",1413.9218357453985,3,,
Car 1097,,,,,0,switch,,"Charger 0 (fid=22) not available, trying Charger 6 (fid=77)",1416.1016459532584,6,,
Car 1099,,,,,5,switch,,"Charger 5 (fid=19) not available, trying Charger 2 (fid=36)",1417.4373172839444,2,,
Car 1098,,,,,2,switch,,"Charger 2 (fid=36) not available, trying Charger 6 (fid=77)",1418.0596142635427,6,,
Car 1073,90.0,53,3,,,done,,done charging,1418.7715790001096,,,324.1464317403521
Car 1094,,53,3,,,start_charge,,starting to charge at Charger 3 (fid=53),1418.7715790001096,,28.829806635679233,
Car 1096,,,,,1,switch,,"Charger 1 (fid=82) not available, trying Charger 6 (fid=77)",1419.9771796826772,6,,
Car 1097,,77,6,,,start_charge,,starting to charge at Charger 6 (fid=77),1420.4397507647193,,15.0,
Car 1093,,,,,2,switch,,"Charger 2 (fid=36) not available, trying Charger 5 (fid=19)",1421.8787432392144,5,,
Car 1072,85.0,22,0,,,done,,done charging,1422.0177489009466,,,152.2948566203078
Car 1099,,,,,2,switch,,"Charger 2 (fid=36) not available, trying Charger 0 (fid=22)",1423.1901741170766,0,,
Car 1099,,22,0,,,start_charge,,starting to charge at Charger 0 (fid=22),1425.3331624912666,,10.0,
Car 1098,,,,,6,switch,,"Charger 6 (fid=77) not available, trying Charger 7 (fid=52)",1425.614918624104,7,,
Car 1089,57.0,36,2,,,done,,done charging,1426.0325685369794,,,35.68140783378733
Car 1093,,,,,5,switch,,"Charger 5 (fid=19) not available, trying Charger 0 (fid=22)",1427.6316000723466,0,,
Car 1096,,,,,6,switch,,"Charger 6 (fid=77) not available, trying Charger 2 (fid=36)",1429.1623576996749,2,,
Car 1100,,,,81,,arrived,,arrived,1430.7037183439024,,,
Car 1100,,36,2,,,start_charge,,starting to charge at Charger 2 (fid=36),1430.7037183439024,,0.0,
Car 1086,63.0,77,6,,,done,,done charging,1430.7602958866344,,,125.79907952366686
Car 1098,,,,,7,switch,,"Charger 7 (fid=52) not available, trying Charger 3 (fid=53)",1432.1806562403285,3,,
Car 1083,58.0,82,1,,,done,,done charging,1432.3095543985269,,,226.96668810204156
Car 1084,56.0,36,2,,,done,,done charging,1432.5265132770328,,,287.4157704041162
Car 1096,,36,2,,,start_charge,,starting to charge at Charger 2 (fid=36),1432.5265132770328,,25.80885121679671,
Car 1093,,,,,,gave_up,0,"no alternate charger available, gave up",1434.0923272252867,,,
Car 1101,,,,67,,arrived,,arrived,1434.3160433137136,,,
Car 1102,,,,3,,arrived,,arrived,1435.6879542058848,,,
Car 1103,,,,37,,arrived,,arrived,1436.7178586238874,,,
Car 1080,65.0,19,5,,,done,,done charging,1437.2168823232757,,,345.35057860237873
Car 1098,,,,,3,switch,,"Charger 3 (fid=53) not available, trying Charger 1 (fid=82)",1438.2005928593603,1,,
Car 1101,,,,,0,switch,,"Charger 0 (fid=22) not available, trying Charger 5 (fid=19)",1439.3160433137136,5,,
