car,charge_time,charger_fid,charger_id,destination_fid,from_charger_id,kind,msg,t,to_charger_id,waited,walking_dist_m
Car 914,,,,4,,arrived,arrived,1.0,,,
Car 914,,6,15,,,start_charge,starting to charge at Charger 15 (fid=6),1.0,,0.0,
Car 923,,,,7,,arrived,arrived,4.0,,,
Car 923,,7,1,,,start_charge,starting to charge at Charger 1 (fid=7),4.0,,0.0,
Car 392,,,,4,,arrived,arrived,5.0,,,
Car 743,,,,77,,arrived,arrived,5.0,,,
Car 392,,6,15,,,start_charge,starting to charge at Charger 15 (fid=6),5.0,,0.0,
Car 743,,51,24,,,start_charge,starting to charge at Charger 24 (fid=51),5.0,,0.0,
Car 259,,,,22,,arrived,arrived,8.0,,,
Car 1099,,,,15,,arrived,arrived,8.0,,,
Car 259,,17,4,,,start_charge,starting to charge at Charger 4 (fid=17),8.0,,0.0,
Car 1099,,15,9,,,start_charge,starting to charge at Charger 9 (fid=15),8.0,,0.0,
Car 500,,,,17,,arrived,arrived,10.0,,,
Car 500,,17,2,,,start_charge,starting to charge at Charger 2 (fid=17),10.0,,0.0,
Car 101,,,,27,,arrived,arrived,11.0,,,
Car 101,,33,8,,,start_charge,starting to charge at Charger 8 (fid=33),11.0,,0.0,
Car 279,,,,15,,arrived,arrived,12.0,,,
Car 353,,,,54,,arrived,arrived,12.0,,,
Car 611,,,,68,,arrived,arrived,12.0,,,
Car 648,,,,16,,arrived,arrived,12.0,,,
Car 279,,75,28,,,start_charge,starting to charge at Charger 28 (fid=75),12.0,,0.0,
Car 353,,67,12,,,start_charge,starting to charge at Charger 12 (fid=67),12.0,,0.0,
Car 611,,70,10,,,start_charge,starting to charge at Charger 10 (fid=70),12.0,,0.0,
Car 648,,17,2,,,start_charge,starting to charge at Charger 2 (fid=17),12.0,,0.0,
Car 901,,,,25,,arrived,arrived,15.0,,,
Car 901,,23,14,,,start_charge,starting to charge at Charger 14 (fid=23),15.0,,0.0,
Car 661,,,,55,,arrived,arrived,17.0,,,
Car 661,,72,27,,,start_charge,starting to charge at Charger 27 (fid=72),17.0,,0.0,
Car 233,,,,3,,arrived,arrived,21.0,,,
Car 240,,,,67,,arrived,arrived,21.0,,,
Car 233,,21,17,,,start_charge,starting to charge at Charger 17 (fid=21),21.0,,0.0,
Car 240,,67,12,,,start_charge,starting to charge at Charger 12 (fid=67),21.0,,0.0,
Car 1024,,,,62,,arrived,arrived,22.0,,,
Car 1213,,,,67,,arrived,arrived,22.0,,,
Car 1484,,,,73,,arrived,arrived,22.0,,,
Car 1024,,6,15,,,start_charge,starting to charge at Charger 15 (fid=6),22.0,,0.0,
Car 1213,,67,12,,,start_charge,starting to charge at Charger 12 (fid=67),22.0,,0.0,
Car 1484,,65,26,,,start_charge,starting to charge at Charger 26 (fid=65),22.0,,0.0,
Car 825,,,,4,,arrived,arrived,24.0,,,
Car 1271,,,,30,,arrived,arrived,24.0,,,
Car 825,,6,15,,,start_charge,starting to charge at Charger 15 (fid=6),24.0,,0.0,
Car 1271,,31,29,,,start_charge,starting to charge at Charger 29 (fid=31),24.0,,0.0,
Car 1037,,,,37,,arrived,arrived,25.0,,,
Car 1176,,,,21,,arrived,arrived,25.0,,,
Car 1037,,67,12,,,start_charge,starting to charge at Charger 12 (fid=67),25.0,,0.0,
Car 1176,,21,17,,,start_charge,starting to charge at Charger 17 (fid=21),25.0,,0.0,
Car 879,,,,85,,arrived,arrived,26.0,,,
Car 879,,85,19,,,start_charge,starting to charge at Charger 19 (fid=85),26.0,,0.0,
Car 964,,,,72,,arrived,arrived,27.0,,,
Car 964,,72,27,,,start_charge,starting to charge at Charger 27 (fid=72),27.0,,0.0,
Car 1296,,,,47,,arrived,arrived,28.0,,,
Car 1296,,47,7,,,start_charge,starting to charge at Charger 7 (fid=47),28.0,,0.0,
Car 974,,,,7,,arrived,arrived,29.0,,,
Car 974,,7,1,,,start_charge,starting to charge at Charger 1 (fid=7),29.0,,0.0,
Car 723,,,,9,,arrived,arrived,30.0,,,
Car 723,,66,11,,,start_charge,starting to charge at Charger 11 (fid=66),30.0,,0.0,
Car 571,,,,29,,arrived,arrived,31.0,,,
Car 571,,23,14,,,start_charge,starting to charge at Charger 14 (fid=23),31.0,,0.0,
Car 874,,,,45,,arrived,arrived,33.0,,,
Car 874,,6,15,,,start_charge,starting to charge at Charger 15 (fid=6),33.0,,0.0,
Car 1061,,,,17,,arrived,arrived,35.0,,,
Car 1061,,17,4,,,start_charge,starting to charge at Charger 4 (fid=17),35.0,,0.0,
Car 919,,,,51,,arrived,arrived,37.0,,,
Car 919,,51,24,,,start_charge,starting to charge at Charger 24 (fid=51),37.0,,0.0,
Car 161,,,,8,,arrived,arrived,39.0,,,
Car 1101,,,,3,,arrived,arrived,39.0,,,
Car 161,,65,26,,,start_charge,starting to charge at Charger 26 (fid=65),39.0,,0.0,
Car 1101,,21,17,,,start_charge,starting to charge at Charger 17 (fid=21),39.0,,0.0,
Car 562,,,,4,,arrived,arrived,40.0,,,
Car 1487,,,,60,,arrived,arrived,41.0,,,
Car 463,,,,26,,arrived,arrived,42.0,,,
Car 463,,23,14,,,start_charge,starting to charge at Charger 14 (fid=23),42.0,,0.0,
Car 443,,,,86,,arrived,arrived,43.0,,,
Car 443,,85,19,,,start_charge,starting to charge at Charger 19 (fid=85),43.0,,0.0,
Car 562,,,,,15,switch,"Charger 15 (fid=6) not available, trying Charger 0 (fid=1)",45.0,0,,
Car 877,,,,23,,arrived,arrived,46.0,,,
Car 1487,,,,,15,switch,"Charger 15 (fid=6) not available, trying Charger 24 (fid=51)",46.0,24,,
Car 877,,23,25,,,start_charge,starting to charge at Charger 25 (fid=23),46.0,,0.0,
Car 562,,1,0,,,start_charge,starting to charge at Charger 0 (fid=1),46.35140670237641,,5.0,
Car 1204,,,,72,,arrived,arrived,48.0,,,
Car 1204,,72,27,,,start_charge,starting to charge at Charger 27 (fid=72),48.0,,0.0,
Car 1487,,51,24,,,start_charge,starting to charge at Charger 24 (fid=51),48.44854085523445,,5.0,
Car 929,,,,17,,arrived,arrived,49.0,,,
Car 929,,17,2,,,start_charge,starting to charge at Charger 2 (fid=17),49.0,,0.0,
Car 1025,,,,63,,arrived,arrived,50.0,,,
Car 1025,,65,26,,,start_charge,starting to charge at Charger 26 (fid=65),50.0,,0.0,
Car 509,,,,24,,arrived,arrived,52.0,,,
Car 1190,,,,22,,arrived,arrived,52.0,,,
Car 509,,24,6,,,start_charge,starting to charge at Charger 6 (fid=24),52.0,,0.0,
Car 1190,,21,20,,,start_charge,starting to charge at Charger 20 (fid=21),52.0,,0.0,
Car 535,,,,9,,arrived,arrived,54.0,,,
Car 535,,66,11,,,start_charge,starting to charge at Charger 11 (fid=66),54.0,,0.0,
Car 503,,,,64,,arrived,arrived,55.0,,,
Car 503,,58,18,,,start_charge,starting to charge at Charger 18 (fid=58),55.0,,0.0,
Car 98,,,,85,,arrived,arrived,56.0,,,
Car 375,,,,3,,arrived,arrived,56.0,,,
Car 502,,,,20,,arrived,arrived,56.0,,,
Car 969,,,,8,,arrived,arrived,56.0,,,
Car 98,,85,19,,,start_charge,starting to charge at Charger 19 (fid=85),56.0,,0.0,
Car 375,,21,17,,,start_charge,starting to charge at Charger 17 (fid=21),56.0,,0.0,
Car 502,,21,20,,,start_charge,starting to charge at Charger 20 (fid=21),56.0,,0.0,
Car 969,,65,26,,,start_charge,starting to charge at Charger 26 (fid=65),56.0,,0.0,
Car 526,,,,62,,arrived,arrived,57.0,,,
Car 308,,,,66,,arrived,arrived,58.0,,,
Car 948,,,,37,,arrived,arrived,58.0,,,
Car 743,53.0,51,24,,,done,done charging,58.0,,,91.67281497261143
Car 308,,66,11,,,start_charge,starting to charge at Charger 11 (fid=66),58.0,,0.0,
Car 948,,67,12,,,start_charge,starting to charge at Charger 12 (fid=67),58.0,,0.0,
Car 998,,,,21,,arrived,arrived,61.0,,,
Car 1136,,,,18,,arrived,arrived,61.0,,,
Car 998,,21,20,,,start_charge,starting to charge at Charger 20 (fid=21),61.0,,0.0,
Car 1136,,72,27,,,start_charge,starting to charge at Charger 27 (fid=72),61.0,,0.0,
Car 540,,,,27,,arrived,arrived,62.0,,,
Car 943,,,,67,,arrived,arrived,62.0,,,
Car 982,,,,39,,arrived,arrived,62.0,,,
Car 526,,,,,15,switch,"Charger 15 (fid=6) not available, trying Charger 5 (fid=3)",62.0,5,,
Car 540,,23,14,,,start_charge,starting to charge at Charger 14 (fid=23),62.0,,0.0,
Car 982,,3,5,,,start_charge,starting to charge at Charger 5 (fid=3),62.0,,0.0,
Car 452,,,,78,,arrived,arrived,64.0,,,
Car 452,,65,26,,,start_charge,starting to charge at Charger 26 (fid=65),64.0,,0.0,
Car 526,,3,5,,,start_charge,starting to charge at Charger 5 (fid=3),64.8838510911569,,5.0,
Car 1044,,,,41,,arrived,arrived,65.0,,,
Car 1152,,,,32,,arrived,arrived,65.0,,,
Car 1044,,33,8,,,start_charge,starting to charge at Charger 8 (fid=33),65.0,,0.0,
Car 1152,,32,16,,,start_charge,starting to charge at Charger 16 (fid=32),65.0,,0.0,
Car 685,,,,37,,arrived,arrived,67.0,,,
Car 943,,,,,12,switch,"Charger 12 (fid=67) not available, trying Charger 4 (fid=17)",67.0,4,,
Car 943,,17,4,,,start_charge,starting to charge at Charger 4 (fid=17),67.6056414532112,,5.0,
Car 843,,,,73,,arrived,arrived,68.0,,,
Car 1333,,,,46,,arrived,arrived,68.0,,,
Car 1333,,47,7,,,start_charge,starting to charge at Charger 7 (fid=47),68.0,,0.0,
Car 186,,,,3,,arrived,arrived,70.0,,,
Car 186,,3,5,,,start_charge,starting to charge at Charger 5 (fid=3),70.0,,0.0,
Car 796,,,,29,,arrived,arrived,71.0,,,
Car 914,70.0,6,15,,,done,done charging,71.0,,,86.22002937834127
Car 796,,33,8,,,start_charge,starting to charge at Charger 8 (fid=33),71.0,,0.0,
Car 500,62.0,17,2,,,done,done charging,72.0,,,0.0
Car 685,,,,,12,switch,"Charger 12 (fid=67) not available, trying Charger 26 (fid=65)",72.0,26,,
Car 108,,,,14,,arrived,arrived,73.0,,,
Car 188,,,,62,,arrived,arrived,73.0,,,
Car 708,,,,4,,arrived,arrived,73.0,,,
Car 843,,,,,26,switch,"Charger 26 (fid=65) not available, trying Charger 12 (fid=67)",73.0,12,,
Car 108,,31,29,,,start_charge,starting to charge at Charger 29 (fid=31),73.0,,0.0,
Car 188,,6,15,,,start_charge,starting to charge at Charger 15 (fid=6),73.0,,0.0,
Car 174,,,,40,,arrived,arrived,74.0,,,
Car 174,,3,5,,,start_charge,starting to charge at Charger 5 (fid=3),74.0,,0.0,
Car 149,,,,14,,arrived,arrived,75.0,,,
Car 1478,,,,89,,arrived,arrived,75.0,,,
Car 149,,31,29,,,start_charge,starting to charge at Charger 29 (fid=31),75.0,,0.0,
Car 1478,,89,23,,,start_charge,starting to charge at Charger 23 (fid=89),75.0,,0.0,
Car 611,64.0,70,10,,,done,done charging,76.0,,,10.715066215369578
Car 560,,,,11,,arrived,arrived,77.0,,,
Car 744,,,,53,,arrived,arrived,77.0,,,
Car 1403,,,,61,,arrived,arrived,77.0,,,
Car 1423,,,,40,,arrived,arrived,77.0,,,
Car 560,,17,2,,,start_charge,starting to charge at Charger 2 (fid=17),77.0,,0.0,
Car 744,,51,24,,,start_charge,starting to charge at Charger 24 (fid=51),77.0,,0.0,
Car 1403,,66,11,,,start_charge,starting to charge at Charger 11 (fid=66),77.0,,0.0,
Car 1423,,3,5,,,start_charge,starting to charge at Charger 5 (fid=3),77.0,,0.0,
Car 1283,,,,8,,arrived,arrived,78.0,,,
Car 708,,,,,15,switch,"Charger 15 (fid=6) not available, trying Charger 0 (fid=1)",78.0,0,,
Car 690,,,,83,,arrived,arrived,79.0,,,
Car 690,,85,19,,,start_charge,starting to charge at Charger 19 (fid=85),79.0,,0.0,
Car 708,,1,0,,,start_charge,starting to charge at Charger 0 (fid=1),79.35140670237641,,5.0,
Car 685,,,,,26,switch,"Charger 26 (fid=65) not available, trying Charger 7 (fid=47)",79.59969947793489,7,,
Car 843,,,,,12,switch,"Charger 12 (fid=67) not available, trying Charger 11 (fid=66)",80.59969947793489,11,,
Car 854,,,,56,,arrived,arrived,81.0,,,
Car 1280,,,,73,,arrived,arrived,81.0,,,
Car 854,,70,10,,,start_charge,starting to charge at Charger 10 (fid=70),81.0,,0.0,
Car 685,,47,7,,,start_charge,starting to charge at Charger 7 (fid=47),81.8189218444048,,10.0,
Car 8,,,,40,,arrived,arrived,82.0,,,
Car 1283,,,,,26,switch,"Charger 26 (fid=65) not available, trying Charger 11 (fid=66)",83.0,11,,
Car 734,,,,20,,arrived,arrived,84.0,,,
Car 1099,76.0,15,9,,,done,done charging,84.0,,,0.0
Car 734,,21,20,,,start_charge,starting to charge at Charger 20 (fid=21),84.0,,0.0,
Car 843,,66,11,,,start_charge,starting to charge at Charger 11 (fid=66),84.4301664789625,,10.0,
Car 430,,,,2,,arrived,arrived,85.0,,,
Car 679,,,,14,,arrived,arrived,85.0,,,
Car 1029,,,,90,,arrived,arrived,85.0,,,
Car 430,,7,1,,,start_charge,starting to charge at Charger 1 (fid=7),85.0,,0.0,
Car 679,,31,29,,,start_charge,starting to charge at Charger 29 (fid=31),85.0,,0.0,
Car 1029,,89,23,,,start_charge,starting to charge at Charger 23 (fid=89),85.0,,0.0,
Car 719,,,,54,,arrived,arrived,86.0,,,
Car 901,71.0,23,14,,,done,done charging,86.0,,,18.500904031961415
Car 1280,,,,,26,switch,"Charger 26 (fid=65) not available, trying Charger 12 (fid=67)",86.0,12,,
Car 353,75.0,67,12,,,done,done charging,87.0,,,64.95618188439852
Car 723,57.0,66,11,,,done,done charging,87.0,,,80.78257328161338
Car 161,48.0,65,26,,,done,done charging,87.0,,,76.93727045459511
Car 8,,,,,5,switch,"Charger 5 (fid=3) not available, trying Charger 24 (fid=51)",87.0,24,,
Car 719,,67,12,,,start_charge,starting to charge at Charger 12 (fid=67),87.0,,1.0,
Car 1283,,66,11,,,start_charge,starting to charge at Charger 11 (fid=66),87.0,,6.660035607150505,
Car 8,,51,24,,,start_charge,starting to charge at Charger 24 (fid=51),87.79983423657605,,5.0,
Car 572,,,,18,,arrived,arrived,88.0,,,
Car 572,,72,27,,,start_charge,starting to charge at Charger 27 (fid=72),88.0,,0.0,
Car 276,,,,45,,arrived,arrived,89.0,,,
Car 439,,,,81,,arrived,arrived,89.0,,,
Car 622,,,,72,,arrived,arrived,89.0,,,
Car 939,,,,9,,arrived,arrived,89.0,,,
Car 1455,,,,55,,arrived,arrived,89.0,,,
Car 820,,,,13,,arrived,arrived,90.0,,,
Car 1037,66.0,67,12,,,done,done charging,91.0,,,107.1141266920381
Car 1280,,67,12,,,start_charge,starting to charge at Charger 12 (fid=67),91.0,,7.400300522065109,
Car 506,,,,8,,arrived,arrived,93.0,,,
Car 988,,,,12,,arrived,arrived,93.0,,,
Car 1095,,,,18,,arrived,arrived,93.0,,,
Car 1061,58.0,17,4,,,done,done charging,93.0,,,0.0
Car 506,,65,26,,,start_charge,starting to charge at Charger 26 (fid=65),93.0,,0.0,
Car 988,,21,17,,,start_charge,starting to charge at Charger 17 (fid=21),93.0,,0.0,
Car 276,,,,,15,switch,"Charger 15 (fid=6) not available, trying Charger 2 (fid=17)",94.0,2,,
Car 439,,,,,15,switch,"Charger 15 (fid=6) not available, trying Charger 9 (fid=15)",94.0,9,,
Car 622,,,,,27,switch,"Charger 27 (fid=72) not available, trying Charger 10 (fid=70)",94.0,10,,
Car 939,,,,,11,switch,"Charger 11 (fid=66) not available, trying Charger 26 (fid=65)",94.0,26,,
Car 1455,,,,,27,switch,"Charger 27 (fid=72) not available, trying Charger 10 (fid=70)",94.0,10,,
Car 622,,70,10,,,start_charge,starting to charge at Charger 10 (fid=70),94.12654050272205,,5.0,
Car 1455,,70,10,,,start_charge,starting to charge at Charger 10 (fid=70),94.12654050272205,,5.0,
Car 276,,17,2,,,start_charge,starting to charge at Charger 2 (fid=17),94.8289111198803,,5.0,
Car 439,,15,9,,,start_charge,starting to charge at Charger 9 (fid=15),94.86898511318907,,5.0,
Car 11,,,,17,,arrived,arrived,95.0,,,
Car 820,,,,,12,switch,"Charger 12 (fid=67) not available, trying Charger 4 (fid=17)",95.0,4,,
Car 11,,17,2,,,start_charge,starting to charge at Charger 2 (fid=17),95.0,,0.0,
Car 820,,17,4,,,start_charge,starting to charge at Charger 4 (fid=17),95.6056414532112,,5.0,
Car 101,85.0,33,8,,,done,done charging,96.0,,,11.506014166488136
Car 1414,,,,8,,arrived,arrived,97.0,,,
Car 923,93.0,7,1,,,done,done charging,97.0,,,0.0
Car 392,92.0,6,15,,,done,done charging,97.0,,,86.22002937834127
Car 279,85.0,75,28,,,done,done charging,97.0,,,0.012206555630439934
Car 807,,,,77,,arrived,arrived,98.0,,,
Car 571,67.0,23,14,,,done,done charging,98.0,,,34.352079209258335
Car 509,46.0,24,6,,,done,done charging,98.0,,,0.0
Car 1095,,,,,27,switch,"Charger 27 (fid=72) not available, trying Charger 29 (fid=31)",98.0,29,,
Car 807,,51,24,,,start_charge,starting to charge at Charger 24 (fid=51),98.0,,0.0,
Car 1095,,31,29,,,start_charge,starting to charge at Charger 29 (fid=31),98.262696513652,,5.0,
Car 1176,74.0,21,17,,,done,done charging,99.0,,,0.0
Car 668,,,,11,,arrived,arrived,100.0,,,
Car 1190,48.0,21,20,,,done,done charging,100.0,,,5.39369863824874
Car 585,,,,41,,arrived,arrived,101.0,,,
Car 585,,33,8,,,start_charge,starting to charge at Charger 8 (fid=33),101.0,,0.0,
Car 939,,,,,26,switch,"Charger 26 (fid=65) not available, trying Charger 5 (fid=3)",101.3399643928495,5,,
Car 36,,,,37,,arrived,arrived,102.0,,,
Car 646,,,,4,,arrived,arrived,102.0,,,
Car 661,85.0,72,27,,,done,done charging,102.0,,,47.10763714089415
Car 1414,,,,,26,switch,"Charger 26 (fid=65) not available, trying Charger 11 (fid=66)",102.0,11,,
Car 385,,,,28,,arrived,arrived,103.0,,,
Car 385,,33,8,,,start_charge,starting to charge at Charger 8 (fid=33),103.0,,0.0,
Car 1112,,,,73,,arrived,arrived,104.0,,,
Car 562,58.0,1,0,,,done,done charging,104.35140670237641,,,103.04602253846483
Car 668,,,,,2,switch,"Charger 2 (fid=17) not available, trying Charger 15 (fid=6)",105.0,15,,
Car 668,,6,15,,,start_charge,starting to charge at Charger 15 (fid=6),105.8289111198803,,5.0,
Car 39,,,,72,,arrived,arrived,107.0,,,
Car 36,,,,,12,switch,"Charger 12 (fid=67) not available, trying Charger 26 (fid=65)",107.0,26,,
Car 646,,,,,26,switch,"Charger 26 (fid=65) not available, trying Charger 7 (fid=47)",107.0,7,,
Car 39,,72,27,,,start_charge,starting to charge at Charger 27 (fid=72),107.0,,0.0,
Car 752,,,,73,,arrived,arrived,108.0,,,
Car 964,81.0,72,27,,,done,done charging,108.0,,,0.0
Car 178,,,,37,,arrived,arrived,109.0,,,
Car 1217,,,,24,,arrived,arrived,109.0,,,
Car 1112,,,,,26,switch,"Charger 26 (fid=65) not available, trying Charger 12 (fid=67)",109.0,12,,
Car 1217,,24,6,,,start_charge,starting to charge at Charger 6 (fid=24),109.0,,0.0,
Car 646,,47,7,,,start_charge,starting to charge at Charger 7 (fid=47),109.21922236646991,,5.0,
Car 1414,,,,,11,switch,"Charger 11 (fid=66) not available, trying Charger 12 (fid=67)",109.3399643928495,12,,
Car 1225,,,,8,,arrived,arrived,110.0,,,
Car 939,,,,,5,switch,"Charger 5 (fid=3) not available, trying Charger 2 (fid=17)",110.93628705968344,2,,
Car 1386,,,,118,,arrived,arrived,111.0,,,
Car 1386,,21,17,,,start_charge,starting to charge at Charger 17 (fid=21),111.0,,0.0,
Car 1106,,,,24,,arrived,arrived,112.0,,,
Car 1106,,24,6,,,start_charge,starting to charge at Charger 6 (fid=24),112.0,,0.0,
Car 1132,,,,77,,arrived,arrived,113.0,,,
Car 752,,,,,26,switch,"Charger 26 (fid=65) not available, trying Charger 12 (fid=67)",113.0,12,,
Car 100,,,,8,,arrived,arrived,114.0,,,
Car 1101,75.0,21,17,,,done,done charging,114.0,,,58.93180745574896
Car 178,,,,,12,switch,"Charger 12 (fid=67) not available, trying Charger 26 (fid=65)",114.0,26,,
Car 36,,,,,26,switch,"Charger 26 (fid=65) not available, trying Charger 7 (fid=47)",114.59969947793489,7,,
Car 1169,,,,82,,arrived,arrived,115.0,,,
Car 1484,93.0,65,26,,,done,done charging,115.0,,,113.8475167274432
Car 1225,,,,,26,switch,"Charger 26 (fid=65) not available, trying Charger 11 (fid=66)",115.0,11,,
Car 1169,,85,19,,,start_charge,starting to charge at Charger 19 (fid=85),115.0,,0.0,
Car 678,,,,24,,arrived,arrived,116.0,,,
Car 1124,,,,4,,arrived,arrived,116.0,,,
Car 1425,,,,56,,arrived,arrived,116.0,,,
Car 463,74.0,23,14,,,done,done charging,116.0,,,23.753980571677467
Car 1152,51.0,32,16,,,done,done charging,116.0,,,0.0
Car 678,,24,6,,,start_charge,starting to charge at Charger 6 (fid=24),116.0,,0.0,
Car 1425,,70,10,,,start_charge,starting to charge at Charger 10 (fid=70),116.0,,0.0,
Car 1112,,,,,12,switch,"Charger 12 (fid=67) not available, trying Charger 11 (fid=66)",116.59969947793489,11,,
Car 36,,47,7,,,start_charge,starting to charge at Charger 7 (fid=47),116.8189218444048,,10.0,
Car 129,,,,84,,arrived,arrived,117.0,,,
Car 989,,,,38,,arrived,arrived,117.0,,,
Car 1276,,,,45,,arrived,arrived,117.0,,,
Car 616,,,,60,,arrived,arrived,118.0,,,
Car 667,,,,16,,arrived,arrived,118.0,,,
Car 1395,,,,24,,arrived,arrived,118.0,,,
Car 375,62.0,21,17,,,done,done charging,118.0,,,58.93180745574896
Car 1132,,,,,24,switch,"Charger 24 (fid=51) not available, trying Charger 5 (fid=3)",118.0,5,,
Car 1395,,23,14,,,start_charge,starting to charge at Charger 14 (fid=23),118.0,,0.0,
Car 1414,,,,,12,switch,"Charger 12 (fid=67) not available, trying Charger 7 (fid=47)",118.17043139387711,7,,
Car 100,,,,,26,switch,"Charger 26 (fid=65) not available, trying Charger 11 (fid=66)",119.0,11,,
Car 939,,,,,2,switch,"Charger 2 (fid=17) not available, trying Charger 15 (fid=6)",119.40573436178914,15,,
Car 1487,71.0,51,24,,,done,done charging,119.44854085523446,,,128.4087684895338
Car 943,52.0,17,4,,,done,done charging,119.6056414532112,,,50.44993305249392
Car 233,99.0,21,17,,,done,done charging,120.0,,,58.93180745574896
Car 929,71.0,17,2,,,done,done charging,120.0,,,0.0
Car 186,50.0,3,5,,,done,done charging,120.0,,,0.0
Car 667,,17,2,,,start_charge,starting to charge at Charger 2 (fid=17),120.0,,2.0,
Car 1132,,3,5,,,start_charge,starting to charge at Charger 5 (fid=3),120.0,,6.2001657634239535,
Car 752,,,,,12,switch,"Charger 12 (fid=67) not available, trying Charger 11 (fid=66)",120.59969947793489,11,,
Car 526,56.0,3,5,,,done,done charging,120.8838510911569,,,158.98721317452672
Car 1124,,,,,15,switch,"Charger 15 (fid=6) not available, trying Charger 0 (fid=1)",121.0,0,,
Car 178,,,,,26,switch,"Charger 26 (fid=65) not available, trying Charger 7 (fid=47)",121.59969947793489,7,,
Car 403,,,,73,,arrived,arrived,122.0,,,
Car 129,,,,,19,switch,"Charger 19 (fid=85) not available, trying Charger 23 (fid=89)",122.0,23,,
Car 989,,,,,7,switch,"Charger 7 (fid=47) not available, trying Charger 21 (fid=48)",122.0,21,,
Car 1276,,,,,15,switch,"Charger 15 (fid=6) not available, trying Charger 2 (fid=17)",122.0,2,,
Car 129,,89,23,,,start_charge,starting to charge at Charger 23 (fid=89),122.27881500197458,,5.0,
Car 1225,,,,,11,switch,"Charger 11 (fid=66) not available, trying Charger 12 (fid=67)",122.3399643928495,12,,
Car 1124,,1,0,,,start_charge,starting to charge at Charger 0 (fid=1),122.35140670237641,,5.0,
Car 989,,48,21,,,start_charge,starting to charge at Charger 21 (fid=48),122.48531302918475,,5.0,
Car 527,,,,56,,arrived,arrived,123.0,,,
Car 259,115.0,17,4,,,done,done charging,123.0,,,76.76344030853062
Car 648,111.0,17,2,,,done,done charging,123.0,,,27.818216998902926
Car 240,102.0,67,12,,,done,done charging,123.0,,,0.0
Car 560,46.0,17,2,,,done,done charging,123.0,,,107.35151360364253
Car 616,,,,,15,switch,"Charger 15 (fid=6) not available, trying Charger 24 (fid=51)",123.0,24,,
Car 527,,70,10,,,start_charge,starting to charge at Charger 10 (fid=70),123.0,,0.0,
Car 1276,,17,2,,,start_charge,starting to charge at Charger 2 (fid=17),123.0,,5.171088880119697,
Car 40,,,,2,,arrived,arrived,124.0,,,
Car 879,98.0,85,19,,,done,done charging,124.0,,,0.0
Car 40,,7,1,,,start_charge,starting to charge at Charger 1 (fid=7),124.0,,0.0,
Car 1414,,,,,7,switch,"Charger 7 (fid=47) not available, trying Charger 4 (fid=17)",124.54832135769765,4,,
Car 939,,,,,15,switch,"Charger 15 (fid=6) not available, trying Charger 12 (fid=67)",125.23464548166945,12,,
Car 1112,,,,,11,switch,"Charger 11 (fid=66) not available, trying Charger 7 (fid=47)",125.4301664789625,7,,
Car 616,,51,24,,,start_charge,starting to charge at Charger 24 (fid=51),125.44854085523444,,5.0,
Car 1414,,17,4,,,start_charge,starting to charge at Charger 4 (fid=17),125.64999054966925,,20.0,
Car 825,102.0,6,15,,,done,done charging,126.0,,,86.22002937834127
Car 1225,,67,12,,,start_charge,starting to charge at Charger 12 (fid=67),126.17043139387711,,10.0,
Car 100,,,,,11,switch,"Charger 11 (fid=66) not available, trying Charger 12 (fid=67)",126.3399643928495,12,,
Car 732,,,,82,,arrived,arrived,127.0,,,
Car 403,,,,,26,switch,"Charger 26 (fid=65) not available, trying Charger 12 (fid=67)",127.0,12,,
Car 732,,85,19,,,start_charge,starting to charge at Charger 19 (fid=85),127.0,,0.0,
Car 878,,,,37,,arrived,arrived,128.0,,,
Car 877,82.0,23,25,,,done,done charging,128.0,,,0.0
Car 178,,,,,7,switch,"Charger 7 (fid=47) not available, trying Charger 4 (fid=17)",128.8189218444048,4,,
Car 273,,,,37,,arrived,arrived,129.0,,,
Car 1344,,,,63,,arrived,arrived,129.0,,,
Car 1430,,,,26,,arrived,arrived,129.0,,,
Car 1430,,26,13,,,start_charge,starting to charge at Charger 13 (fid=26),129.0,,0.0,
Car 752,,,,,11,switch,"Charger 11 (fid=66) not available, trying Charger 7 (fid=47)",129.43016647896252,7,,
Car 178,,17,4,,,start_charge,starting to charge at Charger 4 (fid=17),129.9205910363764,,15.0,
Car 973,,,,73,,arrived,arrived,130.0,,,
Car 854,49.0,70,10,,,done,done charging,130.0,,,39.83469850517974
Car 958,,,,56,,arrived,arrived,131.0,,,
Car 1213,109.0,67,12,,,done,done charging,131.0,,,0.0
Car 958,,70,10,,,start_charge,starting to charge at Charger 10 (fid=70),131.0,,0.0,
Car 939,,67,12,,,start_charge,starting to charge at Charger 12 (fid=67),131.0,,28.104050792145784,
Car 563,,,,4,,arrived,arrived,132.0,,,
Car 991,,,,33,,arrived,arrived,132.0,,,
Car 1024,110.0,6,15,,,done,done charging,132.0,,,146.57696055319013
Car 991,,32,16,,,start_charge,starting to charge at Charger 16 (fid=32),132.0,,0.0,
Car 634,,,,45,,arrived,arrived,133.0,,,
Car 969,77.0,65,26,,,done,done charging,133.0,,,76.93727045459511
Car 982,71.0,3,5,,,done,done charging,133.0,,,0.009486832998543878
Car 878,,,,,12,switch,"Charger 12 (fid=67) not available, trying Charger 26 (fid=65)",133.0,26,,
Car 634,,6,15,,,start_charge,starting to charge at Charger 15 (fid=6),133.0,,0.0,
Car 1344,,65,26,,,start_charge,starting to charge at Charger 26 (fid=65),133.0,,4.0,
Car 142,,,,69,,arrived,arrived,134.0,,,
Car 314,,,,72,,arrived,arrived,134.0,,,
Car 536,,,,79,,arrived,arrived,134.0,,,
Car 598,,,,24,,arrived,arrived,134.0,,,
Car 273,,,,,12,switch,"Charger 12 (fid=67) not available, trying Charger 26 (fid=65)",134.0,26,,
Car 314,,72,27,,,start_charge,starting to charge at Charger 27 (fid=72),134.0,,0.0,
Car 536,,23,14,,,start_charge,starting to charge at Charger 14 (fid=23),134.0,,0.0,
Car 598,,24,6,,,start_charge,starting to charge at Charger 6 (fid=24),134.0,,0.0,
Car 403,,,,,12,switch,"Charger 12 (fid=67) not available, trying Charger 11 (fid=66)",134.5996994779349,11,,
Car 1112,,,,,7,switch,"Charger 7 (fid=47) not available, trying Charger 4 (fid=17)",134.62043317371734,4,,
Car 483,,,,12,,arrived,arrived,135.0,,,
Car 540,73.0,23,14,,,done,done charging,135.0,,,26.61271455525322
Car 973,,,,,26,switch,"Charger 26 (fid=65) not available, trying Charger 12 (fid=67)",135.0,12,,
Car 483,,21,17,,,start_charge,starting to charge at Charger 17 (fid=21),135.0,,0.0,
Car 100,,,,,12,switch,"Charger 12 (fid=67) not available, trying Charger 7 (fid=47)",135.1704313938771,7,,
Car 1112,,17,4,,,start_charge,starting to charge at Charger 4 (fid=17),135.72210236568895,,20.0,
Car 1270,,,,37,,arrived,arrived,137.0,,,
Car 1382,,,,61,,arrived,arrived,137.0,,,
Car 1271,113.0,31,29,,,done,done charging,137.0,,,5.412631245533699
Car 563,,,,,26,switch,"Charger 26 (fid=65) not available, trying Charger 7 (fid=47)",137.0,7,,
Car 490,,,,86,,arrived,arrived,138.0,,,
Car 906,,,,59,,arrived,arrived,138.0,,,
Car 690,59.0,85,19,,,done,done charging,138.0,,,72.23389941709169
Car 906,,75,28,,,start_charge,starting to charge at Charger 28 (fid=75),138.0,,0.0,
Car 490,,85,19,,,start_charge,starting to charge at Charger 19 (fid=85),138.0,,0.0,
Car 752,,,,,7,switch,"Charger 7 (fid=47) not available, trying Charger 4 (fid=17)",138.62043317371737,4,,
Car 312,,,,58,,arrived,arrived,139.0,,,
Car 756,,,,33,,arrived,arrived,139.0,,,
Car 1022,,,,10,,arrived,arrived,139.0,,,
Car 142,,,,,10,switch,"Charger 10 (fid=70) not available, trying Charger 27 (fid=72)",139.0,27,,
Car 312,,58,18,,,start_charge,starting to charge at Charger 18 (fid=58),139.0,,0.0,
Car 756,,33,8,,,start_charge,starting to charge at Charger 8 (fid=33),139.0,,0.0,
Car 752,,17,4,,,start_charge,starting to charge at Charger 4 (fid=17),139.72210236568898,,20.000000000000014,
Car 535,86.0,66,11,,,done,done charging,140.0,,,80.78257328161338
Car 11,45.0,17,2,,,done,done charging,140.0,,,0.0
Car 1382,,66,11,,,start_charge,starting to charge at Charger 11 (fid=66),140.0,,3.0,
Car 878,,,,,26,switch,"Charger 26 (fid=65) not available, trying Charger 7 (fid=47)",140.5996994779349,7,,
Car 182,,,,37,,arrived,arrived,141.0,,,
Car 745,,,,73,,arrived,arrived,141.0,,,
Car 1424,,,,14,,arrived,arrived,141.0,,,
Car 919,104.0,51,24,,,done,done charging,141.0,,,0.0
Car 503,86.0,58,18,,,done,done charging,141.0,,,60.39930873776547
Car 734,57.0,21,20,,,done,done charging,141.0,,,5.385146701803676
Car 572,53.0,72,27,,,done,done charging,141.0,,,13.19412839106531
Car 1424,,31,29,,,start_charge,starting to charge at Charger 29 (fid=31),141.0,,0.0,
Car 142,,72,27,,,start_charge,starting to charge at Charger 27 (fid=72),141.0,,6.873459497277935,
Car 100,,,,,7,switch,"Charger 7 (fid=47) not available, trying Charger 4 (fid=17)",141.54832135769763,4,,
Car 273,,,,,26,switch,"Charger 26 (fid=65) not available, trying Charger 7 (fid=47)",141.5996994779349,7,,
Car 705,,,,73,,arrived,arrived,142.0,,,
Car 974,113.0,7,1,,,done,done charging,142.0,,,0.0
Car 502,86.0,21,20,,,done,done charging,142.0,,,5.385146701803676
Car 108,69.0,31,29,,,done,done charging,142.0,,,33.63526893009036
Car 1270,,,,,12,switch,"Charger 12 (fid=67) not available, trying Charger 26 (fid=65)",142.0,26,,
Car 973,,,,,12,switch,"Charger 12 (fid=67) not available, trying Charger 11 (fid=66)",142.5996994779349,11,,
Car 403,,,,,11,switch,"Charger 11 (fid=66) not available, trying Charger 7 (fid=47)",143.43016647896252,7,,
Car 8,56.0,51,24,,,done,done charging,143.79983423657603,,,106.54637514715077
Car 874,111.0,6,15,,,done,done charging,144.0,,,130.04592452284498
Car 1022,,,,,11,switch,"Charger 11 (fid=66) not available, trying Charger 26 (fid=65)",144.0,26,,
Car 563,,,,,7,switch,"Charger 7 (fid=47) not available, trying Charger 21 (fid=48)",144.2192223664699,21,,
Car 563,,48,21,,,start_charge,starting to charge at Charger 21 (fid=48),144.70453539565463,,10.0,
Car 443,102.0,85,19,,,done,done charging,145.0,,,5.766894224797834
Car 1296,118.0,47,7,,,done,done charging,146.0,,,0.0
Car 182,,,,,12,switch,"Charger 12 (fid=67) not available, trying Charger 26 (fid=65)",146.0,26,,
Car 745,,,,,26,switch,"Charger 26 (fid=65) not available, trying Charger 12 (fid=67)",146.0,12,,
Car 878,,47,7,,,start_charge,starting to charge at Charger 7 (fid=47),146.0,,13.181078155595202,
Car 593,,,,63,,arrived,arrived,147.0,,,
Car 850,,,,10,,arrived,arrived,147.0,,,
Car 948,89.0,67,12,,,done,done charging,147.0,,,107.1141266920381
Car 679,62.0,31,29,,,done,done charging,147.0,,,33.63526893009036
Car 705,,,,,26,switch,"Charger 26 (fid=65) not available, trying Charger 12 (fid=67)",147.0,12,,
Car 100,,,,,4,switch,"Charger 4 (fid=17) not available, trying Charger 21 (fid=48)",147.64999054966924,21,,
Car 570,,,,30,,arrived,arrived,148.0,,,
Car 1204,100.0,72,27,,,done,done charging,148.0,,,0.0
Car 570,,31,29,,,start_charge,starting to charge at Charger 29 (fid=31),148.0,,0.0,
Car 745,,67,12,,,start_charge,starting to charge at Charger 12 (fid=67),148.5996994779349,,5.0,
Car 273,,,,,7,switch,"Charger 7 (fid=47) not available, trying Charger 4 (fid=17)",148.8189218444048,4,,
Car 100,,48,21,,,start_charge,starting to charge at Charger 21 (fid=48),149.17462042755196,,25.0,
Car 1270,,,,,26,switch,"Charger 26 (fid=65) not available, trying Charger 7 (fid=47)",149.5996994779349,7,,
Car 486,,,,23,,arrived,arrived,150.0,,,
Car 1423,73.0,3,5,,,done,done charging,150.0,,,68.53159922986113
Car 585,49.0,33,8,,,done,done charging,150.0,,,32.41140313222794
Car 486,,23,25,,,start_charge,starting to charge at Charger 25 (fid=23),150.0,,0.0,
Car 1407,,,,54,,arrived,arrived,151.0,,,
Car 1044,86.0,33,8,,,done,done charging,151.0,,,32.41140313222794
Car 1022,,,,,26,switch,"Charger 26 (fid=65) not available, trying Charger 12 (fid=67)",151.33996439284948,12,,
Car 973,,,,,11,switch,"Charger 11 (fid=66) not available, trying Charger 7 (fid=47)",151.43016647896252,7,,
Car 453,,,,16,,arrived,arrived,152.0,,,
Car 308,94.0,66,11,,,done,done charging,152.0,,,0.0
Car 1403,75.0,66,11,,,done,done charging,152.0,,,108.42953806045905
Car 593,,,,,26,switch,"Charger 26 (fid=65) not available, trying Charger 7 (fid=47)",152.0,7,,
Car 850,,,,,11,switch,"Charger 11 (fid=66) not available, trying Charger 26 (fid=65)",152.0,26,,
Car 453,,17,2,,,start_charge,starting to charge at Charger 2 (fid=17),152.0,,0.0,
Car 403,,,,,7,switch,"Charger 7 (fid=47) not available, trying Charger 4 (fid=17)",152.62043317371737,4,,
Car 248,,,,83,,arrived,arrived,153.0,,,
Car 1434,,,,9,,arrived,arrived,153.0,,,
Car 248,,85,19,,,start_charge,starting to charge at Charger 19 (fid=85),153.0,,0.0,
Car 1434,,66,11,,,start_charge,starting to charge at Charger 11 (fid=66),153.0,,0.0,
Car 182,,,,,26,switch,"Charger 26 (fid=65) not available, trying Charger 7 (fid=47)",153.5996994779349,7,,
Car 998,93.0,21,20,,,done,done charging,154.0,,,0.0
Car 705,,,,,12,switch,"Charger 12 (fid=67) not available, trying Charger 11 (fid=66)",154.5996994779349,11,,
Car 273,,,,,4,switch,"Charger 4 (fid=17) not available, trying Charger 21 (fid=48)",154.9205910363764,21,,
Car 456,,,,37,,arrived,arrived,155.0,,,
Car 711,,,,38,,arrived,arrived,156.0,,,
Car 822,,,,30,,arrived,arrived,156.0,,,
Car 1407,,,,,12,switch,"Charger 12 (fid=67) not available, trying Charger 27 (fid=72)",156.0,27,,
Car 822,,31,29,,,start_charge,starting to charge at Charger 29 (fid=31),156.0,,0.0,
Car 273,,48,21,,,start_charge,starting to charge at Charger 21 (fid=48),156.44522091425912,,20.0,
Car 1270,,,,,7,switch,"Charger 7 (fid=47) not available, trying Charger 4 (fid=17)",156.8189218444048,4,,
Car 640,,,,60,,arrived,arrived,157.0,,,
Car 640,,6,15,,,start_charge,starting to charge at Charger 15 (fid=6),157.0,,0.0,
Car 1407,,72,27,,,start_charge,starting to charge at Charger 27 (fid=72),157.49753885253622,,5.0,
Car 926,,,,71,,arrived,arrived,158.0,,,
Car 403,,,,,4,switch,"Charger 4 (fid=17) not available, trying Charger 2 (fid=17)",158.72210236568898,2,,
Car 1022,,,,,12,switch,"Charger 12 (fid=67) not available, trying Charger 7 (fid=47)",158.9396638707844,7,,
Car 109,,,,26,,arrived,arrived,159.0,,,
Car 1386,48.0,21,17,,,done,done charging,159.0,,,69.83238782251384
Car 109,,26,13,,,start_charge,starting to charge at Charger 13 (fid=26),159.0,,0.0,
Car 593,,,,,7,switch,"Charger 7 (fid=47) not available, trying Charger 11 (fid=66)",159.2192223664699,11,,
Car 850,,,,,26,switch,"Charger 26 (fid=65) not available, trying Charger 12 (fid=67)",159.33996439284948,12,,
Car 1025,110.0,65,26,,,done,done charging,160.0,,,46.52898052826673
Car 1280,69.0,67,12,,,done,done charging,160.0,,,154.3903278641214
Car 456,,,,,12,switch,"Charger 12 (fid=67) not available, trying Charger 26 (fid=65)",160.0,26,,
Car 973,,,,,7,switch,"Charger 7 (fid=47) not available, trying Charger 4 (fid=17)",160.62043317371737,4,,
Car 182,,,,,7,switch,"Charger 7 (fid=47) not available, trying Charger 4 (fid=17)",160.8189218444048,4,,
Car 849,,,,37,,arrived,arrived,161.0,,,
Car 988,68.0,21,17,,,done,done charging,161.0,,,37.99048340046035
Car 711,,,,,7,switch,"Charger 7 (fid=47) not available, trying Charger 21 (fid=48)",161.0,21,,
Car 403,,17,2,,,start_charge,starting to charge at Charger 2 (fid=17),161.08490582733356,,25.0,
Car 711,,48,21,,,start_charge,starting to charge at Charger 21 (fid=48),161.48531302918474,,5.0,
Car 1478,87.0,89,23,,,done,done charging,162.0,,,0.0
Car 1455,68.0,70,10,,,done,done charging,162.12654050272204,,,52.91910075765818
Car 926,,70,10,,,start_charge,starting to charge at Charger 10 (fid=70),162.12654050272204,,4.126540502722037,
Car 456,,65,26,,,start_charge,starting to charge at Charger 26 (fid=65),162.5996994779349,,5.0,
Car 1270,,,,,4,switch,"Charger 4 (fid=17) not available, trying Charger 21 (fid=48)",162.9205910363764,21,,
Car 487,,,,60,,arrived,arrived,163.0,,,
Car 942,,,,21,,arrived,arrived,163.0,,,
Car 487,,6,15,,,start_charge,starting to charge at Charger 15 (fid=6),163.0,,0.0,
Car 942,,21,17,,,start_charge,starting to charge at Charger 17 (fid=21),163.0,,0.0,
Car 705,,,,,11,switch,"Charger 11 (fid=66) not available, trying Charger 7 (fid=47)",163.43016647896252,7,,
Car 421,,,,89,,arrived,arrived,164.0,,,
Car 1056,,,,60,,arrived,arrived,164.0,,,
Car 1336,,,,73,,arrived,arrived,164.0,,,
Car 1395,46.0,23,14,,,done,done charging,164.0,,,5.390518435139498
Car 421,,89,23,,,start_charge,starting to charge at Charger 23 (fid=89),164.0,,0.0,
Car 1136,104.0,72,27,,,done,done charging,165.0,,,13.19412839106531
Car 1022,,,,,7,switch,"Charger 7 (fid=47) not available, trying Charger 2 (fid=17)",165.31755383460492,2,,
Car 843,81.0,66,11,,,done,done charging,165.43016647896252,,,166.61423346465116
Car 593,,66,11,,,start_charge,starting to charge at Charger 11 (fid=66),165.43016647896252,,12.020677417737772,
Car 668,60.0,6,15,,,done,done charging,165.8289111198803,,,123.88920268127181
Car 1056,,6,15,,,start_charge,starting to charge at Charger 15 (fid=6),165.8289111198803,,1.8289111198803027,
Car 149,91.0,31,29,,,done,done charging,166.0,,,33.63526893009036
Car 849,,,,,12,switch,"Charger 12 (fid=67) not available, trying Charger 26 (fid=65)",166.0,26,,
Car 973,,,,,4,switch,"Charger 4 (fid=17) not available, trying Charger 2 (fid=17)",166.72210236568898,2,,
Car 182,,,,,4,switch,"Charger 4 (fid=17) not available, trying Charger 21 (fid=48)",166.9205910363764,21,,
Car 850,,,,,12,switch,"Charger 12 (fid=67) not available, trying Charger 7 (fid=47)",166.9396638707844,7,,
Car 1032,,,,47,,arrived,arrived,167.0,,,
Car 1313,,,,52,,arrived,arrived,169.0,,,
Car 1336,,,,,26,switch,"Charger 26 (fid=65) not available, trying Charger 12 (fid=67)",169.0,12,,
Car 1313,,7,1,,,start_charge,starting to charge at Charger 1 (fid=7),169.0,,0.0,
Car 1270,,,,,21,switch,"Charger 21 (fid=48) not available, trying Charger 2 (fid=17)",169.44522091425912,2,,
Car 452,106.0,65,26,,,done,done charging,170.0,,,86.00304704487439
Car 1283,83.0,66,11,,,done,done charging,170.0,,,145.62807570314592
Car 1425,54.0,70,10,,,done,done charging,170.0,,,39.83469850517974
Car 40,46.0,7,1,,,done,done charging,170.0,,,81.2900161151567
Car 849,,65,26,,,start_charge,starting to charge at Charger 26 (fid=65),170.0,,6.400300522065095,
Car 88,,,,4,,arrived,arrived,171.0,,,
Car 369,,,,73,,arrived,arrived,171.0,,,
Car 98,115.0,85,19,,,done,done charging,171.0,,,0.0
Car 1029,86.0,89,23,,,done,done charging,171.0,,,20.770378162168914
Car 37,,,,32,,arrived,arrived,172.0,,,
Car 730,,,,66,,arrived,arrived,172.0,,,
Car 1445,,,,4,,arrived,arrived,172.0,,,
Car 1032,,,,,7,switch,"Charger 7 (fid=47) not available, trying Charger 21 (fid=48)",172.0,21,,
Car 37,,32,16,,,start_charge,starting to charge at Charger 16 (fid=32),172.0,,0.0,
Car 730,,66,11,,,start_charge,starting to charge at Charger 11 (fid=66),172.0,,0.0,
Car 705,,,,,7,switch,"Charger 7 (fid=47) not available, trying Charger 4 (fid=17)",172.62043317371737,4,,
Car 850,,,,,7,switch,"Charger 7 (fid=47) not available, trying Charger 2 (fid=17)",173.31755383460492,2,,
Car 182,,,,,21,switch,"Charger 21 (fid=48) not available, trying Charger 2 (fid=17)",173.44522091425912,2,,
Car 1022,,,,,2,switch,"Charger 2 (fid=17) not available, trying Charger 5 (fid=3)",173.53629674796466,5,,
Car 796,103.0,33,8,,,done,done charging,174.0,,,28.3922700043593
Car 973,,,,,2,switch,"Charger 2 (fid=17) not available, trying Charger 9 (fid=15)",174.08490582733356,9,,
Car 973,,15,9,,,start_charge,starting to charge at Charger 9 (fid=15),174.3385600062691,,30.0,
Car 310,,,,70,,arrived,arrived,176.0,,,
Car 337,,,,43,,arrived,arrived,176.0,,,
Car 88,,,,,15,switch,"Charger 15 (fid=6) not available, trying Charger 0 (fid=1)",176.0,0,,
Car 369,,,,,26,switch,"Charger 26 (fid=65) not available, trying Charger 12 (fid=67)",176.0,12,,
Car 310,,70,10,,,start_charge,starting to charge at Charger 10 (fid=70),176.0,,0.0,
Car 1336,,,,,12,switch,"Charger 12 (fid=67) not available, trying Charger 11 (fid=66)",176.5996994779349,11,,
Car 685,95.0,47,7,,,done,done charging,176.8189218444048,,,141.2437299493071
Car 584,,,,87,,arrived,arrived,177.0,,,
Car 1334,,,,8,,arrived,arrived,177.0,,,
Car 1333,109.0,47,7,,,done,done charging,177.0,,,37.351434617693116
Car 430,92.0,7,1,,,done,done charging,177.0,,,81.2900161151567
Car 1445,,,,,26,switch,"Charger 26 (fid=65) not available, trying Charger 7 (fid=47)",177.0,7,,
Car 584,,89,23,,,start_charge,starting to charge at Charger 23 (fid=89),177.0,,0.0,
Car 1022,,3,5,,,start_charge,starting to charge at Charger 5 (fid=3),177.00574405007038,,25.0,
Car 88,,1,0,,,start_charge,starting to charge at Charger 0 (fid=1),177.3514067023764,,5.0,
Car 1032,,,,,21,switch,"Charger 21 (fid=48) not available, trying Charger 13 (fid=26)",177.48531302918474,13,,
Car 726,,,,73,,arrived,arrived,178.0,,,
Car 1317,,,,60,,arrived,arrived,178.0,,,
Car 1032,,26,13,,,start_charge,starting to charge at Charger 13 (fid=26),178.04522478714424,,10.0,
Car 1270,,,,,2,switch,"Charger 2 (fid=17) not available, trying Charger 29 (fid=31)",178.14880615014602,29,,
Car 705,,,,,4,switch,"Charger 4 (fid=17) not available, trying Charger 2 (fid=17)",178.72210236568898,2,,
Car 1270,,31,29,,,start_charge,starting to charge at Charger 29 (fid=31),178.73415619757503,,30.0,
Car 285,,,,15,,arrived,arrived,179.0,,,
Car 934,,,,73,,arrived,arrived,179.0,,,
Car 1146,,,,63,,arrived,arrived,179.0,,,
Car 285,,15,9,,,start_charge,starting to charge at Charger 9 (fid=15),179.0,,0.0,
Car 1445,,47,7,,,start_charge,starting to charge at Charger 7 (fid=47),179.2192223664699,,5.0,
Car 989,57.0,48,21,,,done,done charging,179.48531302918474,,,92.18328053392605
Car 337,,48,21,,,start_charge,starting to charge at Charger 21 (fid=48),179.48531302918474,,3.485313029184738,
Car 33,,,,21,,arrived,arrived,180.0,,,
Car 678,64.0,24,6,,,done,done charging,180.0,,,0.0
Car 536,46.0,23,14,,,done,done charging,180.0,,,108.90468805795132
Car 33,,21,20,,,start_charge,starting to charge at Charger 20 (fid=21),180.0,,0.0,
Car 820,85.0,17,4,,,done,done charging,180.6056414532112,,,63.17084676494397
Car 158,,,,21,,arrived,arrived,181.0,,,
Car 547,,,,37,,arrived,arrived,181.0,,,
Car 620,,,,18,,arrived,arrived,181.0,,,
Car 696,,,,18,,arrived,arrived,181.0,,,
Car 1102,,,,33,,arrived,arrived,181.0,,,
Car 158,,21,20,,,start_charge,starting to charge at Charger 20 (fid=21),181.0,,0.0,
Car 620,,72,27,,,start_charge,starting to charge at Charger 27 (fid=72),181.0,,0.0,
Car 1102,,33,8,,,start_charge,starting to charge at Charger 8 (fid=33),181.0,,0.0,
Car 850,,,,,2,switch,"Charger 2 (fid=17) not available, trying Charger 5 (fid=3)",181.53629674796466,5,,
Car 1133,,,,33,,arrived,arrived,182.0,,,
Car 1334,,,,,26,switch,"Charger 26 (fid=65) not available, trying Charger 11 (fid=66)",182.0,11,,
Car 1133,,32,16,,,start_charge,starting to charge at Charger 16 (fid=32),182.0,,0.0,
Car 182,,,,,2,switch,"Charger 2 (fid=17) not available, trying Charger 29 (fid=31)",182.14880615014602,29,,
Car 390,,,,115,,arrived,arrived,183.0,,,
Car 935,,,,37,,arrived,arrived,183.0,,,
Car 744,106.0,51,24,,,done,done charging,183.0,,,52.26007319168327
Car 527,60.0,70,10,,,done,done charging,183.0,,,39.83469850517974
Car 726,,,,,26,switch,"Charger 26 (fid=65) not available, trying Charger 12 (fid=67)",183.0,12,,
Car 1317,,,,,15,switch,"Charger 15 (fid=6) not available, trying Charger 24 (fid=51)",183.0,24,,
Car 390,,115,22,,,start_charge,starting to charge at Charger 22 (fid=115),183.0,,0.0,
Car 708,104.0,1,0,,,done,done charging,183.3514067023764,,,103.04602253846483
Car 369,,,,,12,switch,"Charger 12 (fid=67) not available, trying Charger 11 (fid=66)",183.5996994779349,11,,
Car 92,,,,28,,arrived,arrived,184.0,,,
Car 146,,,,2,,arrived,arrived,184.0,,,
Car 557,,,,42,,arrived,arrived,184.0,,,
Car 39,77.0,72,27,,,done,done charging,184.0,,,0.0
Car 991,52.0,32,16,,,done,done charging,184.0,,,5.8131014097117815
Car 934,,,,,26,switch,"Charger 26 (fid=65) not available, trying Charger 12 (fid=67)",184.0,12,,
Car 1146,,,,,26,switch,"Charger 26 (fid=65) not available, trying Charger 7 (fid=47)",184.0,7,,
Car 92,,23,14,,,start_charge,starting to charge at Charger 14 (fid=23),184.0,,0.0,
Car 146,,7,1,,,start_charge,starting to charge at Charger 1 (fid=7),184.0,,0.0,
Car 557,,17,4,,,start_charge,starting to charge at Charger 4 (fid=17),184.0,,0.0,
Car 696,,72,27,,,start_charge,starting to charge at Charger 27 (fid=72),184.0,,3.0,
Car 36,68.0,47,7,,,done,done charging,184.8189218444048,,,141.2437299493071
Car 939,54.0,67,12,,,done,done charging,185.0,,,241.46029015348913
Car 547,,67,12,,,start_charge,starting to charge at Charger 12 (fid=67),185.0,,4.0,
Car 850,,3,5,,,start_charge,starting to charge at Charger 5 (fid=3),185.00574405007038,,25.0,
Car 1336,,,,,11,switch,"Charger 11 (fid=66) not available, trying Charger 7 (fid=47)",185.43016647896252,7,,
Car 1317,,51,24,,,start_charge,starting to charge at Charger 24 (fid=51),185.44854085523446,,5.0,
Car 174,112.0,3,5,,,done,done charging,186.0,,,68.53159922986113
Car 705,,,,,2,switch,"Charger 2 (fid=17) not available, trying Charger 9 (fid=15)",186.08490582733356,9,,
Car 622,92.0,70,10,,,done,done charging,186.12654050272204,,,10.540823876746988
Car 1146,,47,7,,,start_charge,starting to charge at Charger 7 (fid=47),186.2192223664699,,5.0,
Car 705,,15,9,,,start_charge,starting to charge at Charger 9 (fid=15),186.3385600062691,,30.0,
Car 619,,,,55,,arrived,arrived,187.0,,,
Car 1159,,,,28,,arrived,arrived,187.0,,,
Car 188,114.0,6,15,,,done,done charging,187.0,,,146.57696055319013
Car 142,46.0,72,27,,,done,done charging,187.0,,,15.941006147687371
Car 1159,,23,14,,,start_charge,starting to charge at Charger 14 (fid=23),187.0,,0.0,
Car 619,,72,27,,,start_charge,starting to charge at Charger 27 (fid=72),187.0,,0.0,
Car 129,65.0,89,23,,,done,done charging,187.27881500197458,,,31.56423515623855
Car 182,,,,,29,switch,"Charger 29 (fid=31) not available, trying Charger 27 (fid=72)",187.73415619757503,27,,
Car 1443,,,,67,,arrived,arrived,188.0,,,
Car 1382,48.0,66,11,,,done,done charging,188.0,,,108.42953806045905
Car 935,,,,,12,switch,"Charger 12 (fid=67) not available, trying Charger 26 (fid=65)",188.0,26,,
Car 1334,,66,11,,,start_charge,starting to charge at Charger 11 (fid=66),188.0,,8.660035607150519,
Car 1205,,,,16,,arrived,arrived,189.0,,,
Car 1336,,47,7,,,start_charge,starting to charge at Charger 7 (fid=47),189.62043317371737,,15.0,
Car 694,,,,18,,arrived,arrived,190.0,,,
Car 726,,,,,12,switch,"Charger 12 (fid=67) not available, trying Charger 11 (fid=66)",190.5996994779349,11,,
Car 1006,,,,40,,arrived,arrived,191.0,,,
Car 506,98.0,65,26,,,done,done charging,191.0,,,76.93727045459511
Car 667,71.0,17,2,,,done,done charging,191.0,,,27.818216998902926
Car 1006,,3,5,,,start_charge,starting to charge at Charger 5 (fid=3),191.0,,0.0,
Car 935,,65,26,,,start_charge,starting to charge at Charger 26 (fid=65),191.0,,5.400300522065095,
Car 1205,,17,2,,,start_charge,starting to charge at Charger 2 (fid=17),191.0,,2.0,
Car 934,,,,,12,switch,"Charger 12 (fid=67) not available, trying Charger 11 (fid=66)",191.5996994779349,11,,
Car 81,,,,4,,arrived,arrived,192.0,,,
Car 81,,6,15,,,start_charge,starting to charge at Charger 15 (fid=6),192.0,,0.0,
Car 369,,,,,11,switch,"Charger 11 (fid=66) not available, trying Charger 7 (fid=47)",192.43016647896252,7,,
Car 182,,,,,27,switch,"Charger 27 (fid=72) not available, trying Charger 13 (fid=26)",192.99685271122704,13,,
Car 878,47.0,47,7,,,done,done charging,193.0,,,141.2437299493071
Car 1443,,,,,12,switch,"Charger 12 (fid=67) not available, trying Charger 4 (fid=17)",193.0,4,,
Car 980,,,,91,,arrived,arrived,194.0,,,
Car 1060,,,,5,,arrived,arrived,194.0,,,
Car 980,,89,23,,,start_charge,starting to charge at Charger 23 (fid=89),194.0,,0.0,
Car 1060,,58,18,,,start_charge,starting to charge at Charger 18 (fid=58),194.0,,0.0,
Car 706,,,,73,,arrived,arrived,195.0,,,
Car 1356,,,,37,,arrived,arrived,195.0,,,
Car 694,,,,,27,switch,"Charger 27 (fid=72) not available, trying Charger 29 (fid=31)",195.0,29,,
Car 1276,73.0,17,2,,,done,done charging,196.0,,,141.4159812079012
Car 182,,26,13,,,start_charge,starting to charge at Charger 13 (fid=26),196.12958731010286,,40.0,
Car 369,,47,7,,,start_charge,starting to charge at Charger 7 (fid=47),196.62043317371737,,15.0,
Car 920,,,,17,,arrived,arrived,197.0,,,
Car 598,63.0,24,6,,,done,done charging,197.0,,,0.0
Car 312,58.0,58,18,,,done,done charging,197.0,,,0.0
Car 920,,17,2,,,start_charge,starting to charge at Charger 2 (fid=17),197.0,,0.0,
Car 756,59.0,33,8,,,done,done charging,198.0,,,0.0
Car 1443,,,,,4,switch,"Charger 4 (fid=17) not available, trying Charger 7 (fid=47)",198.6056414532112,7,,
Car 385,96.0,33,8,,,done,done charging,199.0,,,17.082945559851378
Car 1106,87.0,24,6,,,done,done charging,199.0,,,0.0
Car 726,,,,,11,switch,"Charger 11 (fid=66) not available, trying Charger 7 (fid=47)",199.43016647896252,7,,
Car 719,113.0,67,12,,,done,done charging,200.0,,,64.95618188439852
Car 1217,91.0,24,6,,,done,done charging,200.0,,,0.0
Car 634,67.0,6,15,,,done,done charging,200.0,,,130.04592452284498
Car 706,,,,,26,switch,"Charger 26 (fid=65) not available, trying Charger 12 (fid=67)",200.0,12,,
Car 1356,,,,,12,switch,"Charger 12 (fid=67) not available, trying Charger 26 (fid=65)",200.0,26,,
Car 694,,,,,29,switch,"Charger 29 (fid=31) not available, trying Charger 16 (fid=32)",200.262696513652,16,,
Car 694,,32,16,,,start_charge,starting to charge at Charger 16 (fid=32),200.32465960897375,,10.0,
Car 934,,,,,11,switch,"Charger 11 (fid=66) not available, trying Charger 7 (fid=47)",200.43016647896252,7,,
Car 260,,,,60,,arrived,arrived,201.0,,,
Car 453,49.0,17,2,,,done,done charging,201.0,,,27.818216998902926
Car 260,,6,15,,,start_charge,starting to charge at Charger 15 (fid=6),201.0,,0.0,
Car 439,107.0,15,9,,,done,done charging,201.86898511318907,,,100.11335289564695
Car 1002,,,,66,,arrived,arrived,203.0,,,
Car 1428,,,,67,,arrived,arrived,203.0,,,
Car 314,69.0,72,27,,,done,done charging,203.0,,,0.0
Car 1434,50.0,66,11,,,done,done charging,203.0,,,80.78257328161338
Car 1002,,66,11,,,start_charge,starting to charge at Charger 11 (fid=66),203.0,,0.0,
Car 616,78.0,51,24,,,done,done charging,203.44854085523446,,,128.4087684895338
Car 440,,,,37,,arrived,arrived,204.0,,,
Car 523,,,,65,,arrived,arrived,204.0,,,
Car 1132,84.0,3,5,,,done,done charging,204.0,,,114.71650315889154
Car 1443,,,,,7,switch,"Charger 7 (fid=47) not available, trying Charger 27 (fid=72)",204.70731064518282,27,,
Car 1189,,,,10,,arrived,arrived,205.0,,,
Car 1371,,,,118,,arrived,arrived,206.0,,,
Car 807,108.0,51,24,,,done,done charging,206.0,,,91.67281497261143
Car 1371,,21,17,,,start_charge,starting to charge at Charger 17 (fid=21),206.0,,0.0,
Car 646,97.0,47,7,,,done,done charging,206.21922236646992,,,140.18407333216967
Car 726,,47,7,,,start_charge,starting to charge at Charger 7 (fid=47),206.21922236646992,,17.598789192752548,
Car 1207,,,,21,,arrived,arrived,207.0,,,
Car 1207,,21,20,,,start_charge,starting to charge at Charger 20 (fid=21),207.0,,0.0,
Car 1443,,72,27,,,start_charge,starting to charge at Charger 27 (fid=72),207.5615075279696,,15.0,
Car 706,,,,,12,switch,"Charger 12 (fid=67) not available, trying Charger 11 (fid=66)",207.5996994779349,11,,
Car 1356,,,,,26,switch,"Charger 26 (fid=65) not available, trying Charger 7 (fid=47)",207.5996994779349,7,,
Car 30,,,,8,,arrived,arrived,208.0,,,
Car 641,,,,53,,arrived,arrived,208.0,,,
Car 1428,,,,,12,switch,"Charger 12 (fid=67) not available, trying Charger 4 (fid=17)",208.0,4,,
Car 641,,51,24,,,start_charge,starting to charge at Charger 24 (fid=51),208.0,,0.0,
Car 378,,,,77,,arrived,arrived,209.0,,,
Car 425,,,,49,,arrived,arrived,209.0,,,
Car 440,,,,,12,switch,"Charger 12 (fid=67) not available, trying Charger 26 (fid=65)",209.0,26,,
Car 523,,,,,26,switch,"Charger 26 (fid=65) not available, trying Charger 7 (fid=47)",209.0,7,,
Car 378,,51,24,,,start_charge,starting to charge at Charger 24 (fid=51),209.0,,0.0,
Car 425,,24,6,,,start_charge,starting to charge at Charger 6 (fid=24),209.0,,0.0,
Car 1124,87.0,1,0,,,done,done charging,209.3514067023764,,,103.04602253846483
Car 934,,,,,7,switch,"Charger 7 (fid=47) not available, trying Charger 4 (fid=17)",209.62043317371737,4,,
Car 164,,,,37,,arrived,arrived,210.0,,,
Car 1318,,,,38,,arrived,arrived,210.0,,,
Car 1189,,,,,11,switch,"Charger 11 (fid=66) not available, trying Charger 26 (fid=65)",210.0,26,,
Car 1430,82.0,26,13,,,done,done charging,211.0,,,0.0
Car 1414,87.0,17,4,,,done,done charging,212.64999054966927,,,226.96083866827195
Car 1428,,17,4,,,start_charge,starting to charge at Charger 4 (fid=17),212.64999054966927,,9.044349096458063,
Car 1169,98.0,85,19,,,done,done charging,213.0,,,18.18884166187431
Car 30,,,,,26,switch,"Charger 26 (fid=65) not available, trying Charger 11 (fid=66)",213.0,11,,
Car 276,119.0,17,2,,,done,done charging,213.8289111198803,,,141.4159812079012
Car 1356,,,,,7,switch,"Charger 7 (fid=47) not available, trying Charger 4 (fid=17)",214.8189218444048,4,,
Car 164,,,,,12,switch,"Charger 12 (fid=67) not available, trying Charger 26 (fid=65)",215.0,26,,
Car 1318,,,,,7,switch,"Charger 7 (fid=47) not available, trying Charger 21 (fid=48)",215.0,21,,
Car 934,,,,,4,switch,"Charger 4 (fid=17) not available, trying Charger 2 (fid=17)",215.72210236568898,2,,
Car 922,,,,54,,arrived,arrived,216.0,,,
Car 1344,83.0,65,26,,,done,done charging,216.0,,,46.52898052826673
Car 440,,65,26,,,start_charge,starting to charge at Charger 26 (fid=65),216.0,,9.400300522065095,
Car 403,55.0,17,2,,,done,done charging,216.08490582733356,,,196.36375038428906
Car 523,,,,,7,switch,"Charger 7 (fid=47) not available, trying Charger 11 (fid=66)",216.2192223664699,11,,
Car 706,,,,,11,switch,"Charger 11 (fid=66) not available, trying Charger 7 (fid=47)",216.43016647896252,7,,
Car 1189,,,,,26,switch,"Charger 26 (fid=65) not available, trying Charger 12 (fid=67)",217.33996439284948,12,,
Car 266,,,,4,,arrived,arrived,218.0,,,
Car 715,,,,4,,arrived,arrived,218.0,,,
Car 885,,,,90,,arrived,arrived,218.0,,,
Car 983,,,,89,,arrived,arrived,218.0,,,
Car 885,,89,23,,,start_charge,starting to charge at Charger 23 (fid=89),218.0,,0.0,
Car 983,,89,23,,,start_charge,starting to charge at Charger 23 (fid=89),218.0,,0.0,
Car 934,,17,2,,,start_charge,starting to charge at Charger 2 (fid=17),218.08490582733356,,25.0,
Car 1095,120.0,31,29,,,done,done charging,218.262696513652,,,16.044241334509135
Car 1164,,,,3,,arrived,arrived,219.0,,,
Car 1277,,,,28,,arrived,arrived,219.0,,,
Car 1164,,3,5,,,start_charge,starting to charge at Charger 5 (fid=3),219.0,,0.0,
Car 1277,,33,8,,,start_charge,starting to charge at Charger 8 (fid=33),219.0,,0.0,
Car 631,,,,61,,arrived,arrived,220.0,,,
Car 1121,,,,86,,arrived,arrived,220.0,,,
Car 1121,,85,19,,,start_charge,starting to charge at Charger 19 (fid=85),220.0,,0.0,
Car 30,,,,,11,switch,"Charger 11 (fid=66) not available, trying Charger 12 (fid=67)",220.33996439284948,12,,
Car 1318,,,,,21,switch,"Charger 21 (fid=48) not available, trying Charger 26 (fid=65)",220.48531302918474,26,,
Car 1356,,,,,4,switch,"Charger 4 (fid=17) not available, trying Charger 21 (fid=48)",220.9205910363764,21,,
Car 570,73.0,31,29,,,done,done charging,221.0,,,5.412631245533699
Car 922,,,,,12,switch,"Charger 12 (fid=67) not available, trying Charger 27 (fid=72)",221.0,27,,
Car 1470,,,,72,,arrived,arrived,222.0,,,
Car 958,91.0,70,10,,,done,done charging,222.0,,,39.83469850517974
Car 164,,,,,26,switch,"Charger 26 (fid=65) not available, trying Charger 7 (fid=47)",222.5996994779349,7,,
Car 752,83.0,17,4,,,done,done charging,222.72210236568898,,,195.64407842046415
Car 213,,,,54,,arrived,arrived,223.0,,,
Car 266,,,,,15,switch,"Charger 15 (fid=6) not available, trying Charger 0 (fid=1)",223.0,0,,
Car 715,,,,,26,switch,"Charger 26 (fid=65) not available, trying Charger 7 (fid=47)",223.0,7,,
Car 266,,1,0,,,start_charge,starting to charge at Charger 0 (fid=1),224.3514067023764,,5.0,
Car 1189,,,,,12,switch,"Charger 12 (fid=67) not available, trying Charger 7 (fid=47)",224.9396638707844,7,,
Car 1014,,,,6,,arrived,arrived,225.0,,,
Car 631,,,,,11,switch,"Charger 11 (fid=66) not available, trying Charger 5 (fid=3)",225.0,5,,
Car 523,,,,,11,switch,"Charger 11 (fid=66) not available, trying Charger 21 (fid=48)",225.40948906122475,21,,
Car 706,,,,,7,switch,"Charger 7 (fid=47) not available, trying Charger 4 (fid=17)",225.62043317371737,4,,
Car 855,,,,51,,arrived,arrived,226.0,,,
Car 1383,,,,84,,arrived,arrived,226.0,,,
Car 1391,,,,60,,arrived,arrived,226.0,,,
Car 855,,51,24,,,start_charge,starting to charge at Charger 24 (fid=51),226.0,,0.0,
Car 1383,,85,19,,,start_charge,starting to charge at Charger 19 (fid=85),226.0,,0.0,
Car 706,,17,4,,,start_charge,starting to charge at Charger 4 (fid=17),226.72210236568898,,20.0,
Car 829,,,,25,,arrived,arrived,227.0,,,
Car 1470,,,,,27,switch,"Charger 27 (fid=72) not available, trying Charger 10 (fid=70)",227.0,10,,
Car 829,,24,6,,,start_charge,starting to charge at Charger 6 (fid=24),227.0,,0.0,
Car 1470,,70,10,,,start_charge,starting to charge at Charger 10 (fid=70),227.12654050272207,,5.0,
Car 1356,,,,,21,switch,"Charger 21 (fid=48) not available, trying Charger 2 (fid=17)",227.44522091425912,2,,
Car 922,,,,,27,switch,"Charger 27 (fid=72) not available, trying Charger 29 (fid=31)",227.49753885253622,29,,
Car 631,,3,5,,,start_charge,starting to charge at Charger 5 (fid=3),227.65903074368802,,5.0,
Car 922,,31,29,,,start_charge,starting to charge at Charger 29 (fid=31),227.76023536618823,,10.0,
Car 1318,,,,,26,switch,"Charger 26 (fid=65) not available, trying Charger 6 (fid=24)",227.84101149609305,6,,
Car 213,,,,,12,switch,"Charger 12 (fid=67) not available, trying Charger 27 (fid=72)",228.0,27,,
Car 973,54.0,15,9,,,done,done charging,228.3385600062691,,,216.03624037641578
Car 872,,,,40,,arrived,arrived,229.0,,,
Car 30,,,,,12,switch,"Charger 12 (fid=67) not available, trying Charger 7 (fid=47)",229.1704313938771,7,,
Car 563,85.0,48,21,,,done,done charging,229.70453539565463,,,152.23002986599647
Car 164,,,,,7,switch,"Charger 7 (fid=47) not available, trying Charger 4 (fid=17)",229.8189218444048,4,,
Car 523,,48,21,,,start_charge,starting to charge at Charger 21 (fid=48),229.89099480291773,,15.0,
Car 640,73.0,6,15,,,done,done charging,230.0,,,126.33398464785847
Car 1014,,,,,15,switch,"Charger 15 (fid=6) not available, trying Charger 2 (fid=17)",230.0,2,,
Car 1225,104.0,67,12,,,done,done charging,230.1704313938771,,,191.1562589297049
Car 715,,,,,7,switch,"Charger 7 (fid=47) not available, trying Charger 21 (fid=48)",230.2192223664699,21,,
Car 1317,45.0,51,24,,,done,done charging,230.44854085523446,,,128.4087684895338
Car 1318,,24,6,,,start_charge,starting to charge at Charger 6 (fid=24),230.60783530854619,,15.0,
Car 1014,,17,2,,,start_charge,starting to charge at Charger 2 (fid=17),230.8289111198803,,5.0,
Car 191,,,,34,,arrived,arrived,231.0,,,
Car 1216,,,,3,,arrived,arrived,231.0,,,
Car 1391,,,,,15,switch,"Charger 15 (fid=6) not available, trying Charger 24 (fid=51)",231.0,24,,
Car 191,,32,16,,,start_charge,starting to charge at Charger 16 (fid=32),231.0,,0.0,
Car 1356,,17,2,,,start_charge,starting to charge at Charger 2 (fid=17),231.14880615014602,,25.0,
Car 1189,,,,,7,switch,"Charger 7 (fid=47) not available, trying Charger 2 (fid=17)",231.31755383460492,2,,
Car 1056,66.0,6,15,,,done,done charging,231.8289111198803,,,126.33398464785847
Car 109,73.0,26,13,,,done,done charging,232.0,,,0.0
Car 730,60.0,66,11,,,done,done charging,232.0,,,0.0
Car 1391,,51,24,,,start_charge,starting to charge at Charger 24 (fid=51),233.44854085523446,,5.0,
Car 942,71.0,21,17,,,done,done charging,234.0,,,0.0
Car 872,,,,,5,switch,"Charger 5 (fid=3) not available, trying Charger 24 (fid=51)",234.0,24,,
Car 213,,,,,27,switch,"Charger 27 (fid=72) not available, trying Charger 29 (fid=31)",234.49753885253622,29,,
Car 213,,31,29,,,start_charge,starting to charge at Charger 29 (fid=31),234.76023536618823,,10.0,
Car 872,,51,24,,,start_charge,starting to charge at Charger 24 (fid=51),234.79983423657606,,5.0,
Car 37,63.0,32,16,,,done,done charging,235.0,,,0.0
Car 30,,,,,7,switch,"Charger 7 (fid=47) not available, trying Charger 4 (fid=17)",235.54832135769763,4,,
Car 745,87.0,67,12,,,done,done charging,235.5996994779349,,,154.3903278641214
Car 715,,,,,21,switch,"Charger 21 (fid=48) not available, trying Charger 12 (fid=67)",235.70453539565463,12,,
Car 164,,,,,4,switch,"Charger 4 (fid=17) not available, trying Charger 21 (fid=48)",235.9205910363764,21,,
Car 584,59.0,89,23,,,done,done charging,236.0,,,5.964109489270696
Car 1102,55.0,33,8,,,done,done charging,236.0,,,0.0
Car 1334,48.0,66,11,,,done,done charging,236.0,,,145.62807570314592
Car 1216,,,,,5,switch,"Charger 5 (fid=3) not available, trying Charger 24 (fid=51)",236.0,24,,
Car 1496,,,,37,,arrived,arrived,237.0,,,
Car 732,110.0,85,19,,,done,done charging,237.0,,,18.18884166187431
Car 490,99.0,85,19,,,done,done charging,237.0,,,5.766894224797834
Car 1496,,67,12,,,start_charge,starting to charge at Charger 12 (fid=67),237.0,,0.0,
Car 715,,67,12,,,start_charge,starting to charge at Charger 12 (fid=67),237.56250454410622,,15.0,
Car 486,88.0,23,25,,,done,done charging,238.0,,,0.0
Car 45,,,,37,,arrived,arrived,239.0,,,
Car 1442,,,,9,,arrived,arrived,239.0,,,
Car 906,101.0,75,28,,,done,done charging,239.0,,,38.302789715608114
Car 81,47.0,6,15,,,done,done charging,239.0,,,86.22002937834127
Car 1442,,66,11,,,start_charge,starting to charge at Charger 11 (fid=66),239.0,,0.0,
Car 1189,,,,,2,switch,"Charger 2 (fid=17) not available, trying Charger 5 (fid=3)",239.53629674796466,5,,
Car 220,,,,53,,arrived,arrived,240.0,,,
Car 33,60.0,21,20,,,done,done charging,240.0,,,0.0
Car 1424,100.0,31,29,,,done,done charging,241.0,,,33.63526893009036
Car 1407,84.0,72,27,,,done,done charging,241.49753885253622,,,84.84242495942729
Car 30,,,,,4,switch,"Charger 4 (fid=17) not available, trying Charger 21 (fid=48)",241.64999054966924,21,,
Car 1216,,,,,24,switch,"Charger 24 (fid=51) not available, trying Charger 28 (fid=75)",241.79983423657606,28,,
Car 965,,,,118,,arrived,arrived,242.0,,,
Car 1329,,,,4,,arrived,arrived,242.0,,,
Car 965,,21,17,,,start_charge,starting to charge at Charger 17 (fid=21),242.0,,0.0,
Car 1329,,6,15,,,start_charge,starting to charge at Charger 15 (fid=6),242.0,,0.0,
Car 164,,,,,21,switch,"Charger 21 (fid=48) not available, trying Charger 2 (fid=17)",242.44522091425912,2,,
Car 25,,,,77,,arrived,arrived,243.0,,,
Car 1456,,,,76,,arrived,arrived,243.0,,,
Car 1456,,85,19,,,start_charge,starting to charge at Charger 19 (fid=85),243.0,,0.0,
Car 1216,,75,28,,,start_charge,starting to charge at Charger 28 (fid=75),243.16866344420737,,10.0,
Car 125,,,,28,,arrived,arrived,244.0,,,
Car 248,91.0,85,19,,,done,done charging,244.0,,,72.23389941709169
Car 92,60.0,23,14,,,done,done charging,244.0,,,30.352942526217433
Car 45,,,,,12,switch,"Charger 12 (fid=67) not available, trying Charger 26 (fid=65)",244.0,26,,
Car 125,,23,14,,,start_charge,starting to charge at Charger 14 (fid=23),244.0,,0.0,
Car 220,,,,,24,switch,"Charger 24 (fid=51) not available, trying Charger 28 (fid=75)",245.0,28,,
Car 178,116.0,17,4,,,done,done charging,245.9205910363764,,,144.75845650600084
Car 192,,,,6,,arrived,arrived,246.0,,,
Car 1159,59.0,23,14,,,done,done charging,246.0,,,30.352942526217433
Car 192,,6,15,,,start_charge,starting to charge at Charger 15 (fid=6),246.0,,0.0,
Car 220,,75,28,,,start_charge,starting to charge at Charger 28 (fid=75),246.3688292076313,,5.0,
Car 774,,,,20,,arrived,arrived,247.0,,,
Car 774,,21,20,,,start_charge,starting to charge at Charger 20 (fid=21),247.0,,0.0,
Car 935,57.0,65,26,,,done,done charging,248.0,,,121.98976820210598
Car 25,,,,,24,switch,"Charger 24 (fid=51) not available, trying Charger 5 (fid=3)",248.0,5,,
Car 45,,65,26,,,start_charge,starting to charge at Charger 26 (fid=65),248.0,,6.400300522065095,
Car 1189,,,,,5,switch,"Charger 5 (fid=3) not available, trying Charger 4 (fid=17)",248.00574405007038,4,,
Car 30,,,,,21,switch,"Charger 21 (fid=48) not available, trying Charger 2 (fid=17)",248.17462042755196,2,,
Car 189,,,,54,,arrived,arrived,249.0,,,
Car 1313,80.0,7,1,,,done,done charging,249.0,,,54.86803450095119
Car 306,,,,67,,arrived,arrived,251.0,,,
Car 437,,,,24,,arrived,arrived,251.0,,,
Car 604,,,,41,,arrived,arrived,251.0,,,
Car 437,,23,14,,,start_charge,starting to charge at Charger 14 (fid=23),251.0,,0.0,
Car 604,,33,8,,,start_charge,starting to charge at Charger 8 (fid=33),251.0,,0.0,
Car 164,,,,,2,switch,"Charger 2 (fid=17) not available, trying Charger 29 (fid=31)",251.14880615014602,29,,
Car 593,86.0,66,11,,,done,done charging,251.43016647896252,,,178.1234114455571
Car 711,90.0,48,21,,,done,done charging,251.48531302918474,,,92.18328053392605
Car 1112,116.0,17,4,,,done,done charging,251.72210236568895,,,195.64407842046415
Car 164,,31,29,,,start_charge,starting to charge at Charger 29 (fid=31),251.73415619757503,,30.0,
Car 290,,,,44,,arrived,arrived,252.0,,,
Car 195,,,,54,,arrived,arrived,253.0,,,
Car 822,97.0,31,29,,,done,done charging,253.0,,,5.412631245533699
Car 1189,,17,4,,,start_charge,starting to charge at Charger 4 (fid=17),253.34674233992467,,30.0,
Car 25,,,,,5,switch,"Charger 5 (fid=3) not available, trying Charger 15 (fid=6)",253.79983423657606,15,,
Car 1284,,,,4,,arrived,arrived,254.0,,,
Car 1002,51.0,66,11,,,done,done charging,254.0,,,0.0
Car 641,46.0,51,24,,,done,done charging,254.0,,,52.26007319168327
Car 189,,,,,12,switch,"Charger 12 (fid=67) not available, trying Charger 27 (fid=72)",254.0,27,,
Car 483,120.0,21,17,,,done,done charging,255.0,,,37.99048340046035
Car 285,76.0,15,9,,,done,done charging,255.0,,,0.0
Car 920,58.0,17,2,,,done,done charging,255.0,,,0.0
Car 30,,17,2,,,start_charge,starting to charge at Charger 2 (fid=17),255.0,,33.12179433656115,
Car 100,106.0,48,21,,,done,done charging,255.17462042755196,,,227.95874898761573
Car 189,,72,27,,,start_charge,starting to charge at Charger 27 (fid=72),255.49753885253622,,5.0,
Car 306,,,,,12,switch,"Charger 12 (fid=67) not available, trying Charger 4 (fid=17)",256.0,4,,
Car 306,,17,4,,,start_charge,starting to charge at Charger 4 (fid=17),256.6056414532112,,5.0,
Car 158,76.0,21,20,,,done,done charging,257.0,,,0.0
Car 290,,,,,7,switch,"Charger 7 (fid=47) not available, trying Charger 8 (fid=33)",257.0,8,,
Car 290,,33,8,,,start_charge,starting to charge at Charger 8 (fid=33),257.7854170967226,,5.0,
Car 1450,,,,38,,arrived,arrived,258.0,,,
Car 195,,,,,12,switch,"Charger 12 (fid=67) not available, trying Charger 27 (fid=72)",258.0,27,,
Car 1431,,,,11,,arrived,arrived,259.0,,,
Car 1284,,,,,15,switch,"Charger 15 (fid=6) not available, trying Charger 0 (fid=1)",259.0,0,,
Car 1284,,1,0,,,start_charge,starting to charge at Charger 0 (fid=1),260.35140670237644,,5.0,
Car 7,,,,60,,arrived,arrived,261.0,,,
Car 1081,,,,124,,arrived,arrived,261.0,,,
Car 1081,,115,22,,,start_charge,starting to charge at Charger 22 (fid=115),261.0,,0.0,
Car 25,,,,,15,switch,"Charger 15 (fid=6) not available, trying Charger 0 (fid=1)",261.683685327733,0,,
Car 888,,,,88,,arrived,arrived,262.0,,,
Car 888,,85,19,,,start_charge,starting to charge at Charger 19 (fid=85),262.0,,0.0,
Car 1453,,,,54,,arrived,arrived,263.0,,,
Car 1450,,,,,7,switch,"Charger 7 (fid=47) not available, trying Charger 21 (fid=48)",263.0,21,,
Car 25,,1,0,,,start_charge,starting to charge at Charger 0 (fid=1),263.0350920301094,,15.0,
Car 1450,,48,21,,,start_charge,starting to charge at Charger 21 (fid=48),263.48531302918474,,5.0,
Car 34,,,,50,,arrived,arrived,264.0,,,
Car 1148,,,,7,,arrived,arrived,264.0,,,
Car 1431,,,,,2,switch,"Charger 2 (fid=17) not available, trying Charger 15 (fid=6)",264.0,15,,
Car 1148,,7,1,,,start_charge,starting to charge at Charger 1 (fid=7),264.0,,0.0,
Car 182,68.0,26,13,,,done,done charging,264.12958731010286,,,195.95014002801443
Car 195,,,,,27,switch,"Charger 27 (fid=72) not available, trying Charger 29 (fid=31)",264.49753885253625,29,,
Car 195,,31,29,,,start_charge,starting to charge at Charger 29 (fid=31),264.7602353661883,,10.0,
Car 295,,,,8,,arrived,arrived,265.0,,,
Car 626,,,,24,,arrived,arrived,265.0,,,
Car 626,,24,6,,,start_charge,starting to charge at Charger 6 (fid=24),265.0,,0.0,
Car 992,,,,26,,arrived,arrived,266.0,,,
Car 547,81.0,67,12,,,done,done charging,266.0,,,107.1141266920381
Car 7,,,,,15,switch,"Charger 15 (fid=6) not available, trying Charger 24 (fid=51)",266.0,24,,
Car 992,,26,13,,,start_charge,starting to charge at Charger 13 (fid=26),266.0,,0.0,
Car 1453,,67,12,,,start_charge,starting to charge at Charger 12 (fid=67),266.0,,3.0,
Car 1133,85.0,32,16,,,done,done charging,267.0,,,5.8131014097117815
Car 1129,,,,14,,arrived,arrived,268.0,,,
Car 1331,,,,37,,arrived,arrived,268.0,,,
Car 1473,,,,5,,arrived,arrived,268.0,,,
Car 1022,91.0,3,5,,,done,done charging,268.00574405007035,,,271.3385434065698
Car 34,,3,5,,,start_charge,starting to charge at Charger 5 (fid=3),268.00574405007035,,4.005744050070348,
Car 7,,51,24,,,start_charge,starting to charge at Charger 24 (fid=51),268.44854085523446,,5.0,
Car 337,89.0,48,21,,,done,done charging,268.48531302918474,,,24.25327608799757
Car 655,,,,5,,arrived,arrived,269.0,,,
Car 1019,,,,7,,arrived,arrived,269.0,,,
Car 1109,,,,77,,arrived,arrived,269.0,,,
Car 655,,58,18,,,start_charge,starting to charge at Charger 18 (fid=58),269.0,,0.0,
Car 1019,,7,1,,,start_charge,starting to charge at Charger 1 (fid=7),269.0,,0.0,
Car 1445,90.0,47,7,,,done,done charging,269.2192223664699,,,140.18407333216967
Car 1473,,47,7,,,start_charge,starting to charge at Charger 7 (fid=47),269.2192223664699,,1.2192223664699213,
Car 705,83.0,15,9,,,done,done charging,269.33856000626906,,,216.03624037641578
Car 1431,,,,,15,switch,"Charger 15 (fid=6) not available, trying Charger 9 (fid=15)",269.8289111198803,9,,
Car 310,94.0,70,10,,,done,done charging,270.0,,,0.0
Car 295,,,,,26,switch,"Charger 26 (fid=65) not available, trying Charger 11 (fid=66)",270.0,11,,
Car 88,93.0,1,0,,,done,done charging,270.3514067023764,,,103.04602253846483
Car 1431,,15,9,,,start_charge,starting to charge at Charger 9 (fid=15),270.69789623306934,,10.0,
Car 147,,,,4,,arrived,arrived,272.0,,,
Car 354,,,,26,,arrived,arrived,272.0,,,
Car 1147,,,,4,,arrived,arrived,272.0,,,
Car 354,,26,13,,,start_charge,starting to charge at Charger 13 (fid=26),272.0,,0.0,
Car 295,,66,11,,,start_charge,starting to charge at Charger 11 (fid=66),272.3399643928495,,5.0,
Car 1270,94.0,31,29,,,done,done charging,272.73415619757503,,,194.4978507156341
Car 1129,,31,29,,,start_charge,starting to charge at Charger 29 (fid=31),272.73415619757503,,4.734156197575032,
Car 554,,,,21,,arrived,arrived,273.0,,,
Car 836,,,,20,,arrived,arrived,273.0,,,
Car 1182,,,,24,,arrived,arrived,273.0,,,
Car 1331,,,,,12,switch,"Charger 12 (fid=67) not available, trying Charger 26 (fid=65)",273.0,26,,
Car 554,,21,17,,,start_charge,starting to charge at Charger 17 (fid=21),273.0,,0.0,
Car 836,,21,20,,,start_charge,starting to charge at Charger 20 (fid=21),273.0,,0.0,
Car 1182,,23,14,,,start_charge,starting to charge at Charger 14 (fid=23),273.0,,0.0,
Car 456,111.0,65,26,,,done,done charging,273.5996994779349,,,121.98976820210598
Car 147,,65,26,,,start_charge,starting to charge at Charger 26 (fid=65),273.5996994779349,,1.5996994779349052,
Car 894,,,,11,,arrived,arrived,274.0,,,
Car 1109,,,,,24,switch,"Charger 24 (fid=51) not available, trying Charger 5 (fid=3)",274.0,5,,
Car 378,66.0,51,24,,,done,done charging,275.0,,,91.67281497261143
Car 934,57.0,17,2,,,done,done charging,275.08490582733356,,,196.36375038428906
Car 894,,17,2,,,start_charge,starting to charge at Charger 2 (fid=17),275.08490582733356,,1.0849058273335572,
Car 926,113.0,70,10,,,done,done charging,275.12654050272204,,,5.223090655911267
Car 273,119.0,48,21,,,done,done charging,275.44522091425915,,,174.76878454974607
Car 631,48.0,3,5,,,done,done charging,275.65903074368805,,,115.43201741284133
Car 1109,,3,5,,,start_charge,starting to charge at Charger 5 (fid=3),275.65903074368805,,5.859196507112017,
Car 751,,,,28,,arrived,arrived,276.0,,,
Car 751,,23,14,,,start_charge,starting to charge at Charger 14 (fid=23),276.0,,0.0,
Car 480,,,,19,,arrived,arrived,277.0,,,
Car 635,,,,54,,arrived,arrived,277.0,,,
Car 1147,,,,,15,switch,"Charger 15 (fid=6) not available, trying Charger 0 (fid=1)",277.0,0,,
Car 480,,19,3,,,start_charge,starting to charge at Charger 3 (fid=19),277.0,,0.0,
Car 1083,,,,5,,arrived,arrived,278.0,,,
Car 1147,,1,0,,,start_charge,starting to charge at Charger 0 (fid=1),278.35140670237644,,5.0,
Car 351,,,,69,,arrived,arrived,279.0,,,
Car 546,,,,82,,arrived,arrived,279.0,,,
Car 390,96.0,115,22,,,done,done charging,279.0,,,0.0
Car 557,95.0,17,4,,,done,done charging,279.0,,,35.968865217030135
Car 1277,60.0,33,8,,,done,done charging,279.0,,,17.082945559851378
Car 351,,70,10,,,start_charge,starting to charge at Charger 10 (fid=70),279.0,,0.0,
Car 546,,85,19,,,start_charge,starting to charge at Charger 19 (fid=85),279.0,,0.0,
Car 428,,,,38,,arrived,arrived,280.0,,,
Car 797,,,,1,,arrived,arrived,280.0,,,
Car 1053,,,,124,,arrived,arrived,280.0,,,
Car 1352,,,,15,,arrived,arrived,280.0,,,
Car 797,,1,0,,,start_charge,starting to charge at Charger 0 (fid=1),280.0,,0.0,
Car 1053,,115,22,,,start_charge,starting to charge at Charger 22 (fid=115),280.0,,0.0,
Car 1352,,75,28,,,start_charge,starting to charge at Charger 28 (fid=75),280.0,,0.0,
Car 726,74.0,47,7,,,done,done charging,280.2192223664699,,,190.5088466318159
Car 1083,,47,7,,,start_charge,starting to charge at Charger 7 (fid=47),280.2192223664699,,2.2192223664699213,
Car 1331,,,,,26,switch,"Charger 26 (fid=65) not available, trying Charger 7 (fid=47)",280.5996994779349,7,,
Car 421,117.0,89,23,,,done,done charging,281.0,,,0.0
Car 1032,103.0,26,13,,,done,done charging,281.0452247871442,,,56.34492112873024
Car 1428,69.0,17,4,,,done,done charging,281.64999054966927,,,50.44993305249392
Car 136,,,,87,,arrived,arrived,282.0,,,
Car 487,119.0,6,15,,,done,done charging,282.0,,,126.33398464785847
Car 635,,,,,12,switch,"Charger 12 (fid=67) not available, trying Charger 27 (fid=72)",282.0,27,,
Car 136,,89,23,,,start_charge,starting to charge at Charger 23 (fid=89),282.0,,0.0,
Car 389,,,,46,,arrived,arrived,283.0,,,
Car 994,,,,37,,arrived,arrived,283.0,,,
Car 1063,,,,44,,arrived,arrived,283.0,,,
Car 468,,,,118,,arrived,arrived,284.0,,,
Car 468,,21,17,,,start_charge,starting to charge at Charger 17 (fid=21),284.0,,0.0,
Car 184,,,,44,,arrived,arrived,285.0,,,
Car 428,,,,,7,switch,"Charger 7 (fid=47) not available, trying Charger 21 (fid=48)",285.0,21,,
Car 428,,48,21,,,start_charge,starting to charge at Charger 21 (fid=48),285.48531302918474,,5.0,
Car 110,,,,77,,arrived,arrived,286.0,,,
Car 808,,,,18,,arrived,arrived,286.0,,,
Car 110,,51,24,,,start_charge,starting to charge at Charger 24 (fid=51),286.0,,0.0,
Car 215,,,,67,,arrived,arrived,287.0,,,
Car 1357,,,,53,,arrived,arrived,287.0,,,
Car 849,117.0,65,26,,,done,done charging,287.0,,,121.98976820210598
Car 1371,81.0,21,17,,,done,done charging,287.0,,,69.83238782251384
Car 1331,,,,,7,switch,"Charger 7 (fid=47) not available, trying Charger 4 (fid=17)",287.8189218444048,4,,
Car 619,101.0,72,27,,,done,done charging,288.0,,,47.10763714089415
Car 389,,,,,7,switch,"Charger 7 (fid=47) not available, trying Charger 4 (fid=17)",288.0,4,,
Car 994,,,,,12,switch,"Charger 12 (fid=67) not available, trying Charger 26 (fid=65)",288.0,26,,
Car 1063,,,,,7,switch,"Charger 7 (fid=47) not available, trying Charger 8 (fid=33)",288.0,8,,
Car 635,,72,27,,,start_charge,starting to charge at Charger 27 (fid=72),288.0,,9.502461147463748,
Car 1063,,33,8,,,start_charge,starting to charge at Charger 8 (fid=33),288.7854170967226,,5.0,
Car 1331,,17,4,,,start_charge,starting to charge at Charger 4 (fid=17),288.92059103637644,,15.0,
Car 658,,,,37,,arrived,arrived,289.0,,,
Car 620,108.0,72,27,,,done,done charging,289.0,,,13.19412839106531
Car 808,,72,27,,,start_charge,starting to charge at Charger 27 (fid=72),289.0,,3.0,
Car 389,,17,4,,,start_charge,starting to charge at Charger 4 (fid=17),289.1016691919716,,5.0,
Car 1146,103.0,47,7,,,done,done charging,289.2192223664699,,,175.5352111714144
Car 184,,47,7,,,start_charge,starting to charge at Charger 7 (fid=47),289.2192223664699,,4.219222366469921,
Car 388,,,,69,,arrived,arrived,290.0,,,
Car 971,,,,65,,arrived,arrived,290.0,,,
Car 1205,99.0,17,2,,,done,done charging,290.0,,,27.818216998902926
Car 388,,70,10,,,start_charge,starting to charge at Charger 10 (fid=70),290.0,,0.0,
Car 971,,65,26,,,start_charge,starting to charge at Charger 26 (fid=65),290.0,,0.0,
Car 975,,,,57,,arrived,arrived,291.0,,,
Car 1060,97.0,58,18,,,done,done charging,291.0,,,89.95471915359529
Car 983,73.0,89,23,,,done,done charging,291.0,,,0.0
Car 114,,,,37,,arrived,arrived,292.0,,,
Car 580,,,,5,,arrived,arrived,292.0,,,
Car 146,108.0,7,1,,,done,done charging,292.0,,,81.2900161151567
Car 1121,72.0,85,19,,,done,done charging,292.0,,,5.766894224797834
Car 215,,,,,12,switch,"Charger 12 (fid=67) not available, trying Charger 4 (fid=17)",292.0,4,,
Car 1357,,,,,24,switch,"Charger 24 (fid=51) not available, trying Charger 28 (fid=75)",292.0,28,,
Car 1318,62.0,24,6,,,done,done charging,292.6078353085462,,,131.0315105385076
Car 106,,,,22,,arrived,arrived,293.0,,,
Car 1357,,75,28,,,start_charge,starting to charge at Charger 28 (fid=75),293.3688292076313,,5.0,
Car 658,,,,,12,switch,"Charger 12 (fid=67) not available, trying Charger 26 (fid=65)",294.0,26,,
Car 715,57.0,67,12,,,done,done charging,294.5625045441062,,,181.48943732628211
Car 114,,67,12,,,start_charge,starting to charge at Charger 12 (fid=67),294.5625045441062,,2.5625045441062184,
Car 1336,105.0,47,7,,,done,done charging,294.6204331737174,,,190.5088466318159
Car 580,,47,7,,,start_charge,starting to charge at Charger 7 (fid=47),294.6204331737174,,2.6204331737174016,
Car 130,,,,115,,arrived,arrived,295.0,,,
Car 798,,,,17,,arrived,arrived,295.0,,,
Car 980,101.0,89,23,,,done,done charging,295.0,,,15.540330047962502
Car 130,,115,22,,,start_charge,starting to charge at Charger 22 (fid=115),295.0,,0.0,
Car 798,,17,2,,,start_charge,starting to charge at Charger 2 (fid=17),295.0,,0.0,
Car 994,,,,,26,switch,"Charger 26 (fid=65) not available, trying Charger 7 (fid=47)",295.5996994779349,7,,
Car 116,,,,45,,arrived,arrived,296.0,,,
Car 260,95.0,6,15,,,done,done charging,296.0,,,126.33398464785847
Car 975,,,,,27,switch,"Charger 27 (fid=72) not available, trying Charger 10 (fid=70)",296.0,10,,
Car 116,,6,15,,,start_charge,starting to charge at Charger 15 (fid=6),296.0,,0.0,
Car 850,111.0,3,5,,,done,done charging,296.00574405007035,,,271.3385434065698
Car 975,,70,10,,,start_charge,starting to charge at Charger 10 (fid=70),296.12654050272204,,5.0,
Car 265,,,,14,,arrived,arrived,297.0,,,
Car 309,,,,35,,arrived,arrived,297.0,,,
Car 376,,,,33,,arrived,arrived,297.0,,,
Car 1028,,,,39,,arrived,arrived,297.0,,,
Car 1207,90.0,21,20,,,done,done charging,297.0,,,0.0
Car 309,,32,16,,,start_charge,starting to charge at Charger 16 (fid=32),297.0,,0.0,
Car 376,,32,16,,,start_charge,starting to charge at Charger 16 (fid=32),297.0,,0.0,
Car 1028,,3,5,,,start_charge,starting to charge at Charger 5 (fid=3),297.0,,0.0,
Car 1391,64.0,51,24,,,done,done charging,297.44854085523446,,,128.4087684895338
Car 215,,,,,4,switch,"Charger 4 (fid=17) not available, trying Charger 7 (fid=47)",297.6056414532112,7,,
Car 673,,,,77,,arrived,arrived,298.0,,,
Car 696,114.0,72,27,,,done,done charging,298.0,,,13.19412839106531
Car 1006,107.0,3,5,,,done,done charging,298.0,,,68.53159922986113
Car 106,,,,,4,switch,"Charger 4 (fid=17) not available, trying Charger 12 (fid=67)",298.0,12,,
Car 673,,51,24,,,start_charge,starting to charge at Charger 24 (fid=51),298.0,,0.0,
Car 1275,,,,35,,arrived,arrived,300.0,,,
Car 1275,,32,16,,,start_charge,starting to charge at Charger 16 (fid=32),300.0,,0.0,
Car 1443,93.0,72,27,,,done,done charging,300.56150752796964,,,124.7449864162683
Car 60,,,,30,,arrived,arrived,301.0,,,
Car 170,,,,67,,arrived,arrived,301.0,,,
Car 658,,,,,26,switch,"Charger 26 (fid=65) not available, trying Charger 7 (fid=47)",301.5996994779349,7,,
Car 265,,,,,29,switch,"Charger 29 (fid=31) not available, trying Charger 16 (fid=32)",302.0,16,,
Car 994,,,,,7,switch,"Charger 7 (fid=47) not available, trying Charger 4 (fid=17)",302.8189218444048,4,,
Car 739,,,,73,,arrived,arrived,303.0,,,
Car 106,,,,,12,switch,"Charger 12 (fid=67) not available, trying Charger 3 (fid=19)",303.6056414532112,3,,
Car 369,107.0,47,7,,,done,done charging,303.6204331737174,,,190.5088466318159
Car 215,,47,7,,,start_charge,starting to charge at Charger 7 (fid=47),303.6204331737174,,14.913122528534586,
Car 872,69.0,51,24,,,done,done charging,303.7998342365761,,,106.54637514715077
Car 688,,,,73,,arrived,arrived,304.0,,,
Car 1279,,,,45,,arrived,arrived,304.0,,,
Car 1279,,6,15,,,start_charge,starting to charge at Charger 15 (fid=6),304.0,,0.0,
Car 1314,,,,45,,arrived,arrived,305.0,,,
Car 106,,19,3,,,start_charge,starting to charge at Charger 3 (fid=19),305.3223128517446,,10.0,
Car 221,,,,43,,arrived,arrived,306.0,,,
Car 440,90.0,65,26,,,done,done charging,306.0,,,121.98976820210598
Car 885,88.0,89,23,,,done,done charging,306.0,,,20.770378162168914
Car 60,,,,,29,switch,"Charger 29 (fid=31) not available, trying Charger 16 (fid=32)",306.0,16,,
Car 170,,,,,12,switch,"Charger 12 (fid=67) not available, trying Charger 4 (fid=17)",306.0,4,,
Car 221,,48,21,,,start_charge,starting to charge at Charger 21 (fid=48),306.0,,0.0,
Car 739,,65,26,,,start_charge,starting to charge at Charger 26 (fid=65),306.0,,3.0,
Car 1189,53.0,17,4,,,done,done charging,306.3467423399247,,,275.4357165873924
Car 994,,17,4,,,start_charge,starting to charge at Charger 4 (fid=17),306.3467423399247,,17.426151303548238,
Car 265,,,,,16,switch,"Charger 16 (fid=32) not available, trying Charger 2 (fid=17)",307.06196309532174,2,,
Car 524,,,,117,,arrived,arrived,308.0,,,
Car 524,,21,17,,,start_charge,starting to charge at Charger 17 (fid=21),308.0,,0.0,
Car 694,108.0,32,16,,,done,done charging,308.3246596089738,,,21.188406381802338
Car 60,,32,16,,,start_charge,starting to charge at Charger 16 (fid=32),308.3246596089738,,7.262696513652031,
Car 658,,,,,7,switch,"Charger 7 (fid=47) not available, trying Charger 4 (fid=17)",308.8189218444048,4,,
Car 52,,,,61,,arrived,arrived,309.0,,,
Car 451,,,,52,,arrived,arrived,309.0,,,
Car 740,,,,77,,arrived,arrived,309.0,,,
Car 841,,,,21,,arrived,arrived,309.0,,,
Car 688,,,,,26,switch,"Charger 26 (fid=65) not available, trying Charger 12 (fid=67)",309.0,12,,
Car 52,,66,11,,,start_charge,starting to charge at Charger 11 (fid=66),309.0,,0.0,
Car 451,,7,1,,,start_charge,starting to charge at Charger 1 (fid=7),309.0,,0.0,
Car 740,,51,24,,,start_charge,starting to charge at Charger 24 (fid=51),309.0,,0.0,
Car 841,,21,20,,,start_charge,starting to charge at Charger 20 (fid=21),309.0,,0.0,
Car 1314,,,,,15,switch,"Charger 15 (fid=6) not available, trying Charger 2 (fid=17)",310.0,2,,
Car 290,53.0,33,8,,,done,done charging,310.7854170967226,,,57.82840167252217
Car 553,,,,34,,arrived,arrived,311.0,,,
Car 795,,,,73,,arrived,arrived,311.0,,,
Car 1116,,,,17,,arrived,arrived,311.0,,,
Car 1496,74.0,67,12,,,done,done charging,311.0,,,107.1141266920381
Car 45,63.0,65,26,,,done,done charging,311.0,,,121.98976820210598
Car 553,,33,8,,,start_charge,starting to charge at Charger 8 (fid=33),311.0,,0.0,
Car 795,,65,26,,,start_charge,starting to charge at Charger 26 (fid=65),311.0,,0.0,
Car 688,,67,12,,,start_charge,starting to charge at Charger 12 (fid=67),311.5996994779349,,5.0,
Car 170,,,,,4,switch,"Charger 4 (fid=17) not available, trying Charger 7 (fid=47)",311.6056414532112,7,,
Car 191,81.0,32,16,,,done,done charging,312.0,,,11.098255718787485
Car 192,66.0,6,15,,,done,done charging,312.0,,,0.0
Car 265,,,,,2,switch,"Charger 2 (fid=17) not available, trying Charger 27 (fid=72)",312.61801540345897,27,,
Car 716,,,,52,,arrived,arrived,313.0,,,
Car 1444,,,,4,,arrived,arrived,313.0,,,
Car 716,,7,1,,,start_charge,starting to charge at Charger 1 (fid=7),313.0,,0.0,
Car 1444,,6,15,,,start_charge,starting to charge at Charger 15 (fid=6),313.0,,0.0,
Car 25,50.0,1,0,,,done,done charging,313.0350920301094,,,129.11660621313655
Car 265,,72,27,,,start_charge,starting to charge at Charger 27 (fid=72),313.45823116202956,,15.0,
Car 922,86.0,31,29,,,done,done charging,313.7602353661882,,,85.54541461119372
Car 122,,,,115,,arrived,arrived,314.0,,,
Car 122,,115,22,,,start_charge,starting to charge at Charger 22 (fid=115),314.0,,0.0,
Car 658,,,,,4,switch,"Charger 4 (fid=17) not available, trying Charger 21 (fid=48)",314.92059103637644,21,,
Car 1314,,,,,2,switch,"Charger 2 (fid=17) not available, trying Charger 9 (fid=15)",315.8289111198803,9,,
Car 1116,,,,,2,switch,"Charger 2 (fid=17) not available, trying Charger 9 (fid=15)",316.0,9,,
Car 1314,,15,9,,,start_charge,starting to charge at Charger 9 (fid=15),316.0825652988158,,10.0,
Car 1116,,15,9,,,start_charge,starting to charge at Charger 9 (fid=15),316.2536541789355,,5.0,
Car 658,,48,21,,,start_charge,starting to charge at Charger 21 (fid=48),316.44522091425915,,20.0,
Car 1048,,,,61,,arrived,arrived,317.0,,,
Car 1442,78.0,66,11,,,done,done charging,317.0,,,80.78257328161338
Car 1048,,66,11,,,start_charge,starting to charge at Charger 11 (fid=66),317.0,,0.0,
Car 306,61.0,17,4,,,done,done charging,317.6056414532112,,,50.44993305249392
Car 170,,,,,7,switch,"Charger 7 (fid=47) not available, trying Charger 27 (fid=72)",317.7073106451828,27,,
Car 118,,,,3,,arrived,arrived,318.0,,,
Car 118,,21,17,,,start_charge,starting to charge at Charger 17 (fid=21),318.0,,0.0,
Car 79,,,,36,,arrived,arrived,319.0,,,
Car 327,,,,38,,arrived,arrived,319.0,,,
Car 425,110.0,24,6,,,done,done charging,319.0,,,24.044531540458287
Car 554,46.0,21,17,,,done,done charging,319.0,,,0.0
Car 79,,15,9,,,start_charge,starting to charge at Charger 9 (fid=15),319.0,,0.0,
Car 1356,88.0,17,2,,,done,done charging,319.148806150146,,,186.2728267085428
Car 1473,50.0,47,7,,,done,done charging,319.2192223664699,,,84.69595902991848
Car 327,,47,7,,,start_charge,starting to charge at Charger 7 (fid=47),319.2192223664699,,0.21922236646992133,
Car 512,,,,8,,arrived,arrived,320.0,,,
Car 170,,72,27,,,start_charge,starting to charge at Charger 27 (fid=72),320.56150752796964,,15.0,
Car 58,,,,60,,arrived,arrived,322.0,,,
Car 774,75.0,21,20,,,done,done charging,322.0,,,5.385146701803676
Car 986,,,,77,,arrived,arrived,323.0,,,
Car 1209,,,,38,,arrived,arrived,323.0,,,
Car 1476,,,,37,,arrived,arrived,323.0,,,
Car 1456,80.0,85,19,,,done,done charging,323.0,,,64.31247021377396
Car 1014,93.0,17,2,,,done,done charging,323.82891111988033,,,69.04829628602889
Car 210,,,,57,,arrived,arrived,324.0,,,
Car 829,97.0,24,6,,,done,done charging,324.0,,,12.433871681824385
Car 213,90.0,31,29,,,done,done charging,324.7602353661882,,,85.54541461119372
Car 1383,99.0,85,19,,,done,done charging,325.0,,,8.766127366169387
Car 125,81.0,23,14,,,done,done charging,325.0,,,30.352942526217433
Car 512,,,,,26,switch,"Charger 26 (fid=65) not available, trying Charger 11 (fid=66)",325.0,11,,
Car 1284,65.0,1,0,,,done,done charging,325.35140670237644,,,103.04602253846483
Car 298,,,,37,,arrived,arrived,326.0,,,
Car 1164,107.0,3,5,,,done,done charging,326.0,,,0.0
Car 1392,,,,35,,arrived,arrived,327.0,,,
Car 58,,,,,15,switch,"Charger 15 (fid=6) not available, trying Charger 24 (fid=51)",327.0,24,,
Car 1392,,32,16,,,start_charge,starting to charge at Charger 16 (fid=32),327.0,,0.0,
Car 512,,66,11,,,start_charge,starting to charge at Charger 11 (fid=66),327.3399643928495,,5.0,
Car 1350,,,,54,,arrived,arrived,328.0,,,
Car 437,77.0,23,14,,,done,done charging,328.0,,,5.390518435139498
Car 986,,,,,24,switch,"Charger 24 (fid=51) not available, trying Charger 5 (fid=3)",328.0,5,,
Car 1209,,,,,7,switch,"Charger 7 (fid=47) not available, trying Charger 21 (fid=48)",328.0,21,,
Car 1476,,,,,12,switch,"Charger 12 (fid=67) not available, trying Charger 26 (fid=65)",328.0,26,,
Car 34,60.0,3,5,,,done,done charging,328.00574405007035,,,39.714584953154606
Car 986,,3,5,,,start_charge,starting to charge at Charger 5 (fid=3),328.79983423657603,,5.0,
Car 893,,,,80,,arrived,arrived,329.0,,,
Car 959,,,,19,,arrived,arrived,329.0,,,
Car 210,,,,,27,switch,"Charger 27 (fid=72) not available, trying Charger 10 (fid=70)",329.0,10,,
Car 893,,15,9,,,start_charge,starting to charge at Charger 9 (fid=15),329.0,,0.0,
Car 959,,19,3,,,start_charge,starting to charge at Charger 3 (fid=19),329.0,,0.0,
Car 210,,70,10,,,start_charge,starting to charge at Charger 10 (fid=70),329.12654050272204,,5.0,
Car 706,103.0,17,4,,,done,done charging,329.722102365689,,,195.64407842046415
Car 365,,,,37,,arrived,arrived,330.0,,,
Car 707,,,,61,,arrived,arrived,330.0,,,
Car 956,,,,9,,arrived,arrived,330.0,,,
Car 855,104.0,51,24,,,done,done charging,330.0,,,0.0
Car 58,,51,24,,,start_charge,starting to charge at Charger 24 (fid=51),330.0,,5.551459144765545,
Car 806,,,,84,,arrived,arrived,331.0,,,
Car 1438,,,,115,,arrived,arrived,331.0,,,
Car 298,,,,,12,switch,"Charger 12 (fid=67) not available, trying Charger 26 (fid=65)",331.0,26,,
Car 806,,85,19,,,start_charge,starting to charge at Charger 19 (fid=85),331.0,,0.0,
Car 1438,,115,22,,,start_charge,starting to charge at Charger 22 (fid=115),331.0,,0.0,
Car 206,,,,91,,arrived,arrived,332.0,,,
Car 809,,,,34,,arrived,arrived,332.0,,,
Car 949,,,,46,,arrived,arrived,332.0,,,
Car 1107,,,,29,,arrived,arrived,332.0,,,
Car 1390,,,,14,,arrived,arrived,332.0,,,
Car 206,,89,23,,,start_charge,starting to charge at Charger 23 (fid=89),332.0,,0.0,
Car 1107,,23,14,,,start_charge,starting to charge at Charger 14 (fid=23),332.0,,0.0,
Car 1390,,31,29,,,start_charge,starting to charge at Charger 29 (fid=31),332.0,,0.0,
Car 1470,105.0,70,10,,,done,done charging,332.12654050272204,,,10.540823876746988
Car 189,77.0,72,27,,,done,done charging,332.4975388525362,,,84.84242495942729
Car 921,,,,62,,arrived,arrived,333.0,,,
Car 1350,,,,,12,switch,"Charger 12 (fid=67) not available, trying Charger 27 (fid=72)",333.0,27,,
Car 1209,,,,,21,switch,"Charger 21 (fid=48) not available, trying Charger 26 (fid=65)",333.48531302918474,26,,
Car 266,110.0,1,0,,,done,done charging,334.3514067023764,,,103.04602253846483
Car 1350,,72,27,,,start_charge,starting to charge at Charger 27 (fid=72),334.49753885253625,,5.0,
Car 523,105.0,48,21,,,done,done charging,334.8909948029177,,,196.22968229346202
Car 365,,,,,12,switch,"Charger 12 (fid=67) not available, trying Charger 26 (fid=65)",335.0,26,,
Car 707,,,,,11,switch,"Charger 11 (fid=66) not available, trying Charger 5 (fid=3)",335.0,5,,
Car 956,,,,,11,switch,"Charger 11 (fid=66) not available, trying Charger 26 (fid=65)",335.0,26,,
Car 1476,,,,,26,switch,"Charger 26 (fid=65) not available, trying Charger 7 (fid=47)",335.5996994779349,7,,
Car 397,,,,38,,arrived,arrived,336.0,,,
Car 1215,,,,16,,arrived,arrived,336.0,,,
Car 1215,,17,2,,,start_charge,starting to charge at Charger 2 (fid=17),336.0,,0.0,
Car 753,,,,45,,arrived,arrived,337.0,,,
Car 809,,,,,16,switch,"Charger 16 (fid=32) not available, trying Charger 29 (fid=31)",337.0,29,,
Car 949,,,,,7,switch,"Charger 7 (fid=47) not available, trying Charger 4 (fid=17)",337.0,4,,
Car 809,,31,29,,,start_charge,starting to charge at Charger 29 (fid=31),337.06196309532174,,5.0,
Car 707,,3,5,,,start_charge,starting to charge at Charger 5 (fid=3),337.659030743688,,5.0,
Car 921,,,,,15,switch,"Charger 15 (fid=6) not available, trying Charger 5 (fid=3)",338.0,5,,
Car 949,,17,4,,,start_charge,starting to charge at Charger 4 (fid=17),338.1016691919716,,5.0,
Car 298,,,,,26,switch,"Charger 26 (fid=65) not available, trying Charger 7 (fid=47)",338.5996994779349,7,,
Car 997,,,,32,,arrived,arrived,339.0,,,
Car 1292,,,,16,,arrived,arrived,339.0,,,
Car 655,70.0,58,18,,,done,done charging,339.0,,,89.95471915359529
Car 1292,,17,2,,,start_charge,starting to charge at Charger 2 (fid=17),339.0,,0.0,
Car 1209,,,,,26,switch,"Charger 26 (fid=65) not available, trying Charger 6 (fid=24)",340.841011496093,6,,
Car 921,,3,5,,,start_charge,starting to charge at Charger 5 (fid=3),340.8838510911569,,5.0,
Car 480,64.0,19,3,,,done,done charging,341.0,,,0.0
Car 351,62.0,70,10,,,done,done charging,341.0,,,5.400202311015656
Car 397,,,,,7,switch,"Charger 7 (fid=47) not available, trying Charger 21 (fid=48)",341.0,21,,
Car 428,56.0,48,21,,,done,done charging,341.48531302918474,,,92.18328053392605
Car 397,,48,21,,,start_charge,starting to charge at Charger 21 (fid=48),341.48531302918474,,5.0,
Car 965,100.0,21,17,,,done,done charging,342.0,,,69.83238782251384
Car 753,,,,,15,switch,"Charger 15 (fid=6) not available, trying Charger 2 (fid=17)",342.0,2,,
Car 956,,,,,26,switch,"Charger 26 (fid=65) not available, trying Charger 5 (fid=3)",342.3399643928495,5,,
Car 365,,,,,26,switch,"Charger 26 (fid=65) not available, trying Charger 7 (fid=47)",342.5996994779349,7,,
Car 1476,,,,,7,switch,"Charger 7 (fid=47) not available, trying Charger 4 (fid=17)",342.8189218444048,4,,
Car 159,,,,8,,arrived,arrived,343.0,,,
Car 1055,,,,23,,arrived,arrived,343.0,,,
Car 1055,,23,14,,,start_charge,starting to charge at Charger 14 (fid=23),343.0,,0.0,
Car 1209,,24,6,,,start_charge,starting to charge at Charger 6 (fid=24),343.60783530854616,,15.0,
Car 1476,,17,4,,,start_charge,starting to charge at Charger 4 (fid=17),343.92059103637644,,15.0,
Car 435,,,,37,,arrived,arrived,344.0,,,
Car 1053,64.0,115,22,,,done,done charging,344.0,,,44.76134967805504
Car 997,,,,,16,switch,"Charger 16 (fid=32) not available, trying Charger 29 (fid=31)",344.0,29,,
Car 556,,,,50,,arrived,arrived,345.0,,,
Car 992,79.0,26,13,,,done,done charging,345.0,,,0.0
Car 388,55.0,70,10,,,done,done charging,345.0,,,5.400202311015656
Car 298,,,,,7,switch,"Charger 7 (fid=47) not available, trying Charger 4 (fid=17)",345.8189218444048,4,,
Car 600,,,,80,,arrived,arrived,346.0,,,
Car 1248,,,,23,,arrived,arrived,346.0,,,
Car 1352,66.0,75,28,,,done,done charging,346.0,,,0.012206555630439934
Car 1248,,23,14,,,start_charge,starting to charge at Charger 14 (fid=23),346.0,,0.0,
Car 459,,,,81,,arrived,arrived,347.0,,,
Car 1329,105.0,6,15,,,done,done charging,347.0,,,86.22002937834127
Car 459,,6,15,,,start_charge,starting to charge at Charger 15 (fid=6),347.0,,0.0,
Car 295,75.0,66,11,,,done,done charging,347.3399643928495,,,145.62807570314592
Car 753,,,,,2,switch,"Charger 2 (fid=17) not available, trying Charger 9 (fid=15)",347.8289111198803,9,,
Car 159,,,,,26,switch,"Charger 26 (fid=65) not available, trying Charger 11 (fid=66)",348.0,11,,
Car 247,,,,37,,arrived,arrived,349.0,,,
Car 267,,,,29,,arrived,arrived,349.0,,,
Car 810,,,,68,,arrived,arrived,349.0,,,
Car 1016,,,,54,,arrived,arrived,349.0,,,
Car 435,,,,,12,switch,"Charger 12 (fid=67) not available, trying Charger 26 (fid=65)",349.0,26,,
Car 267,,33,8,,,start_charge,starting to charge at Charger 8 (fid=33),349.0,,0.0,
Car 810,,70,10,,,start_charge,starting to charge at Charger 10 (fid=70),349.0,,0.0,
Car 997,,,,,29,switch,"Charger 29 (fid=31) not available, trying Charger 27 (fid=72)",349.06196309532174,27,,
Car 365,,,,,7,switch,"Charger 7 (fid=47) not available, trying Charger 4 (fid=17)",349.8189218444048,4,,
Car 604,99.0,33,8,,,done,done charging,350.0,,,32.41140313222794
Car 136,68.0,89,23,,,done,done charging,350.0,,,5.964109489270696
Car 556,,,,,5,switch,"Charger 5 (fid=3) not available, trying Charger 24 (fid=51)",350.0,24,,
Car 975,54.0,70,10,,,done,done charging,350.12654050272204,,,55.786085594899674
Car 159,,66,11,,,start_charge,starting to charge at Charger 11 (fid=66),350.3399643928495,,5.0,
Car 1129,78.0,31,29,,,done,done charging,350.73415619757503,,,33.63526893009036
Car 1179,,,,74,,arrived,arrived,351.0,,,
Car 600,,,,,9,switch,"Charger 9 (fid=15) not available, trying Charger 15 (fid=6)",351.0,15,,
Car 1179,,21,17,,,start_charge,starting to charge at Charger 17 (fid=21),351.0,,0.0,
Car 7,83.0,51,24,,,done,done charging,351.44854085523446,,,128.4087684895338
Car 556,,51,24,,,start_charge,starting to charge at Charger 24 (fid=51),351.44854085523446,,5.648706618658423,
Car 1450,88.0,48,21,,,done,done charging,351.48531302918474,,,92.18328053392605
Car 298,,,,,4,switch,"Charger 4 (fid=17) not available, trying Charger 21 (fid=48)",351.92059103637644,21,,
Car 956,,,,,5,switch,"Charger 5 (fid=3) not available, trying Charger 2 (fid=17)",351.9362870596834,2,,
Car 96,,,,4,,arrived,arrived,352.0,,,
Car 1081,91.0,115,22,,,done,done charging,352.0,,,44.76134967805504
Car 1357,59.0,75,28,,,done,done charging,352.3688292076313,,,66.73637383016752
Car 164,101.0,31,29,,,done,done charging,352.73415619757503,,,194.4978507156341
Car 1184,,,,88,,arrived,arrived,353.0,,,
Car 1184,,85,19,,,start_charge,starting to charge at Charger 19 (fid=85),353.0,,0.0,
Car 753,,,,,9,switch,"Charger 9 (fid=15) not available, trying Charger 5 (fid=3)",353.0825652988158,5,,
Car 298,,48,21,,,start_charge,starting to charge at Charger 21 (fid=48),353.44522091425915,,20.0,
Car 1109,78.0,3,5,,,done,done charging,353.65903074368805,,,114.71650315889154
Car 861,,,,4,,arrived,arrived,354.0,,,
Car 1098,,,,8,,arrived,arrived,354.0,,,
Car 836,81.0,21,20,,,done,done charging,354.0,,,5.385146701803676
Car 247,,,,,12,switch,"Charger 12 (fid=67) not available, trying Charger 26 (fid=65)",354.0,26,,
Car 1016,,,,,12,switch,"Charger 12 (fid=67) not available, trying Charger 27 (fid=72)",354.0,27,,
Car 389,65.0,17,4,,,done,done charging,354.1016691919716,,,66.80031167595456
Car 365,,17,4,,,start_charge,starting to charge at Charger 4 (fid=17),354.1016691919716,,18.181078155595173,
Car 997,,,,,27,switch,"Charger 27 (fid=72) not available, trying Charger 10 (fid=70)",354.3246596089738,10,,
Car 997,,70,10,,,start_charge,starting to charge at Charger 10 (fid=70),354.4512001116958,,15.0,
Car 800,,,,73,,arrived,arrived,355.0,,,
Car 52,46.0,66,11,,,done,done charging,355.0,,,108.42953806045905
Car 1063,67.0,33,8,,,done,done charging,355.7854170967226,,,57.82840167252217
Car 435,,,,,26,switch,"Charger 26 (fid=65) not available, trying Charger 7 (fid=47)",356.5996994779349,7,,
Car 753,,3,5,,,start_charge,starting to charge at Charger 5 (fid=3),356.7218026301395,,15.0,
Car 600,,,,,15,switch,"Charger 15 (fid=6) not available, trying Charger 2 (fid=17)",356.86898511318907,2,,
Car 505,,,,6,,arrived,arrived,357.0,,,
Car 610,,,,74,,arrived,arrived,357.0,,,
Car 1182,84.0,23,14,,,done,done charging,357.0,,,5.390518435139498
Car 96,,,,,15,switch,"Charger 15 (fid=6) not available, trying Charger 0 (fid=1)",357.0,0,,
Car 610,,21,17,,,start_charge,starting to charge at Charger 17 (fid=21),357.0,,0.0,
Car 491,,,,30,,arrived,arrived,358.0,,,
Car 1300,,,,69,,arrived,arrived,358.0,,,
Car 546,79.0,85,19,,,done,done charging,358.0,,,18.18884166187431
Car 1444,45.0,6,15,,,done,done charging,358.0,,,86.22002937834127
Car 491,,31,29,,,start_charge,starting to charge at Charger 29 (fid=31),358.0,,0.0,
Car 1300,,70,10,,,start_charge,starting to charge at Charger 10 (fid=70),358.0,,0.0,
Car 861,,6,15,,,start_charge,starting to charge at Charger 15 (fid=6),358.0,,4.0,
Car 1216,115.0,75,28,,,done,done charging,358.16866344420737,,,158.68679960853726
Car 1147,80.0,1,0,,,done,done charging,358.35140670237644,,,103.04602253846483
Car 96,,1,0,,,start_charge,starting to charge at Charger 0 (fid=1),358.35140670237644,,5.0,
Car 140,,,,19,,arrived,arrived,359.0,,,
Car 249,,,,9,,arrived,arrived,359.0,,,
Car 782,,,,9,,arrived,arrived,359.0,,,
Car 1098,,,,,26,switch,"Charger 26 (fid=65) not available, trying Charger 11 (fid=66)",359.0,11,,
Car 140,,19,3,,,start_charge,starting to charge at Charger 3 (fid=19),359.0,,0.0,
Car 249,,66,11,,,start_charge,starting to charge at Charger 11 (fid=66),359.0,,0.0,
Car 1279,56.0,6,15,,,done,done charging,360.0,,,130.04592452284498
Car 800,,,,,26,switch,"Charger 26 (fid=65) not available, trying Charger 12 (fid=67)",360.0,12,,
Car 505,,6,15,,,start_charge,starting to charge at Charger 15 (fid=6),360.0,,3.0,
Car 956,,,,,2,switch,"Charger 2 (fid=17) not available, trying Charger 15 (fid=6)",360.40573436178914,15,,
Car 1016,,,,,27,switch,"Charger 27 (fid=72) not available, trying Charger 29 (fid=31)",360.49753885253625,29,,
Car 1016,,31,29,,,start_charge,starting to charge at Charger 29 (fid=31),360.7602353661883,,10.0,
Car 247,,,,,26,switch,"Charger 26 (fid=65) not available, trying Charger 7 (fid=47)",361.5996994779349,7,,
Car 1275,62.0,32,16,,,done,done charging,362.0,,,16.87024961282752
Car 1048,45.0,66,11,,,done,done charging,362.0,,,108.42953806045905
Car 782,,66,11,,,start_charge,starting to charge at Charger 11 (fid=66),362.0,,3.0,
Car 184,73.0,47,7,,,done,done charging,362.2192223664699,,,29.246716208848213
Car 435,,47,7,,,start_charge,starting to charge at Charger 7 (fid=47),362.2192223664699,,13.400300522065095,
Car 600,,,,,2,switch,"Charger 2 (fid=17) not available, trying Charger 16 (fid=32)",362.69789623306934,16,,
Car 530,,,,3,,arrived,arrived,363.0,,,
Car 602,,,,63,,arrived,arrived,363.0,,,
Car 673,65.0,51,24,,,done,done charging,363.0,,,91.67281497261143
Car 600,,32,16,,,start_charge,starting to charge at Charger 16 (fid=32),363.25394854120657,,15.0,
Car 1359,,,,35,,arrived,arrived,364.0,,,
Car 220,119.0,75,28,,,done,done charging,365.3688292076313,,,66.73637383016752
Car 195,101.0,31,29,,,done,done charging,365.7602353661883,,,85.54541461119372
Car 165,,,,4,,arrived,arrived,366.0,,,
Car 704,,,,9,,arrived,arrived,366.0,,,
Car 1314,50.0,15,9,,,done,done charging,366.0825652988158,,,161.05068782215608
Car 956,,,,,15,switch,"Charger 15 (fid=6) not available, trying Charger 12 (fid=67)",366.2346454816694,12,,
Car 1098,,,,,11,switch,"Charger 11 (fid=66) not available, trying Charger 12 (fid=67)",366.3399643928495,12,,
Car 1439,,,,1,,arrived,arrived,367.0,,,
Car 888,105.0,85,19,,,done,done charging,367.0,,,11.514998957837907
Car 1439,,1,0,,,start_charge,starting to charge at Charger 0 (fid=1),367.0,,0.0,
Car 800,,,,,12,switch,"Charger 12 (fid=67) not available, trying Charger 11 (fid=66)",367.5996994779349,11,,
Car 945,,,,62,,arrived,arrived,368.0,,,
Car 530,,,,,5,switch,"Charger 5 (fid=3) not available, trying Charger 24 (fid=51)",368.0,24,,
Car 602,,,,,26,switch,"Charger 26 (fid=65) not available, trying Charger 7 (fid=47)",368.0,7,,
Car 530,,51,24,,,start_charge,starting to charge at Charger 24 (fid=51),368.79983423657603,,5.0,
Car 247,,,,,7,switch,"Charger 7 (fid=47) not available, trying Charger 4 (fid=17)",368.8189218444048,4,,
Car 115,,,,72,,arrived,arrived,369.0,,,
Car 1359,,,,,16,switch,"Charger 16 (fid=32) not available, trying Charger 29 (fid=31)",369.0,29,,
Car 1359,,31,29,,,start_charge,starting to charge at Charger 29 (fid=31),369.06196309532174,,5.0,
Car 30,115.0,17,2,,,done,done charging,370.0,,,242.86211358091026
Car 841,61.0,21,20,,,done,done charging,370.0,,,0.0
Car 553,59.0,33,8,,,done,done charging,370.0,,,32.95450324314671
Car 165,,,,,15,switch,"Charger 15 (fid=6) not available, trying Charger 0 (fid=1)",371.0,0,,
Car 704,,,,,11,switch,"Charger 11 (fid=66) not available, trying Charger 26 (fid=65)",371.0,26,,
Car 323,,,,32,,arrived,arrived,372.0,,,
Car 1019,103.0,7,1,,,done,done charging,372.0,,,0.0
Car 716,59.0,7,1,,,done,done charging,372.0,,,54.86803450095119
Car 165,,1,0,,,start_charge,starting to charge at Charger 0 (fid=1),372.35140670237644,,5.0,
Car 254,,,,6,,arrived,arrived,373.0,,,
Car 551,,,,45,,arrived,arrived,373.0,,,
Car 354,101.0,26,13,,,done,done charging,373.0,,,0.0
Car 122,59.0,115,22,,,done,done charging,373.0,,,0.0
Car 945,,,,,15,switch,"Charger 15 (fid=6) not available, trying Charger 5 (fid=3)",373.0,5,,
Car 994,67.0,17,4,,,done,done charging,373.3467423399247,,,144.75845650600084
Car 247,,17,4,,,start_charge,starting to charge at Charger 4 (fid=17),373.3467423399247,,18.426151303548238,
Car 265,60.0,72,27,,,done,done charging,373.45823116202956,,,44.99439453972026
Car 115,,72,27,,,start_charge,starting to charge at Charger 27 (fid=72),373.45823116202956,,4.458231162029563,
Car 956,,,,,12,switch,"Charger 12 (fid=67) not available, trying Charger 24 (fid=51)",373.8959492078542,24,,
Car 798,79.0,17,2,,,done,done charging,374.0,,,0.0
Car 79,55.0,15,9,,,done,done charging,374.0,,,28.850520983198756
Car 1453,109.0,67,12,,,done,done charging,375.0,,,64.95618188439852
Car 740,66.0,51,24,,,done,done charging,375.0,,,91.67281497261143
Car 1098,,67,12,,,start_charge,starting to charge at Charger 12 (fid=67),375.0,,14.829568606122905,
Car 894,100.0,17,2,,,done,done charging,375.08490582733356,,,107.35151360364253
Car 602,,,,,7,switch,"Charger 7 (fid=47) not available, trying Charger 11 (fid=66)",375.2192223664699,11,,
Car 1431,105.0,15,9,,,done,done charging,375.69789623306934,,,128.45432125852753
Car 210,47.0,70,10,,,done,done charging,376.12654050272204,,,55.786085594899674
Car 800,,,,,11,switch,"Charger 11 (fid=66) not available, trying Charger 7 (fid=47)",376.4301664789625,7,,
Car 130,82.0,115,22,,,done,done charging,377.0,,,0.0
Car 323,,,,,16,switch,"Charger 16 (fid=32) not available, trying Charger 29 (fid=31)",377.0,29,,
Car 110,92.0,51,24,,,done,done charging,378.0,,,91.67281497261143
Car 808,89.0,72,27,,,done,done charging,378.0,,,13.19412839106531
Car 254,,,,,15,switch,"Charger 15 (fid=6) not available, trying Charger 2 (fid=17)",378.0,2,,
Car 551,,,,,15,switch,"Charger 15 (fid=6) not available, trying Charger 2 (fid=17)",378.0,2,,
Car 704,,,,,26,switch,"Charger 26 (fid=65) not available, trying Charger 5 (fid=3)",378.3399643928495,5,,
Car 956,,51,24,,,start_charge,starting to charge at Charger 24 (fid=51),378.56013762301427,,30.0,
Car 254,,17,2,,,start_charge,starting to charge at Charger 2 (fid=17),378.8289111198803,,5.0,
Car 551,,17,2,,,start_charge,starting to charge at Charger 2 (fid=17),378.8289111198803,,5.0,
Car 446,,,,13,,arrived,arrived,379.0,,,
Car 147,106.0,65,26,,,done,done charging,379.5996994779349,,,44.73516960957806
Car 1148,116.0,7,1,,,done,done charging,380.0,,,0.0
Car 106,75.0,19,3,,,done,done charging,380.3223128517446,,,121.67857183991153
Car 945,,,,,5,switch,"Charger 5 (fid=3) not available, trying Charger 2 (fid=17)",380.8838510911569,2,,
Car 739,76.0,65,26,,,done,done charging,382.0,,,113.8475167274432
Car 323,,,,,29,switch,"Charger 29 (fid=31) not available, trying Charger 27 (fid=72)",382.06196309532174,27,,
Car 323,,72,27,,,start_charge,starting to charge at Charger 27 (fid=72),382.3246596089738,,10.0,
Car 772,,,,70,,arrived,arrived,383.0,,,
Car 772,,70,10,,,start_charge,starting to charge at Charger 10 (fid=70),383.0,,0.0,
Car 626,119.0,24,6,,,done,done charging,384.0,,,0.0
Car 751,108.0,23,14,,,done,done charging,384.0,,,30.352942526217433
Car 446,,,,,12,switch,"Charger 12 (fid=67) not available, trying Charger 4 (fid=17)",384.0,4,,
Car 945,,17,2,,,start_charge,starting to charge at Charger 2 (fid=17),384.3532983932626,,10.0,
Car 602,,,,,11,switch,"Charger 11 (fid=66) not available, trying Charger 12 (fid=67)",384.4094890612248,12,,
Car 986,56.0,3,5,,,done,done charging,384.79983423657603,,,114.71650315889154
Car 704,,3,5,,,start_charge,starting to charge at Charger 5 (fid=3),384.79983423657603,,11.86354717689261,
Car 1111,,,,61,,arrived,arrived,385.0,,,
Car 114,91.0,67,12,,,done,done charging,385.5625045441062,,,107.1141266920381
Car 800,,,,,7,switch,"Charger 7 (fid=47) not available, trying Charger 4 (fid=17)",385.6204331737174,4,,
Car 797,106.0,1,0,,,done,done charging,386.0,,,0.0
Car 1392,60.0,32,16,,,done,done charging,387.0,,,16.87024961282752
Car 1028,91.0,3,5,,,done,done charging,388.0,,,0.009486832998543878
Car 602,,67,12,,,start_charge,starting to charge at Charger 12 (fid=67),388.2399560622524,,15.0,
Car 985,,,,7,,arrived,arrived,389.0,,,
Car 985,,7,1,,,start_charge,starting to charge at Charger 1 (fid=7),389.0,,0.0,
Car 809,52.0,31,29,,,done,done charging,389.06196309532174,,,16.18224474539421
Car 446,,,,,4,switch,"Charger 4 (fid=17) not available, trying Charger 10 (fid=70)",389.6056414532112,10,,
Car 871,,,,37,,arrived,arrived,390.0,,,
Car 1009,,,,7,,arrived,arrived,390.0,,,
Car 1307,,,,30,,arrived,arrived,390.0,,,
Car 1111,,,,,11,switch,"Charger 11 (fid=66) not available, trying Charger 5 (fid=3)",390.0,5,,
Car 1009,,7,1,,,start_charge,starting to charge at Charger 1 (fid=7),390.0,,0.0,
Car 1307,,31,29,,,start_charge,starting to charge at Charger 29 (fid=31),390.0,,0.0,
Car 1083,110.0,47,7,,,done,done charging,390.2192223664699,,,84.69595902991848
Car 446,,70,10,,,start_charge,starting to charge at Charger 10 (fid=70),391.4644868605169,,10.0,
Car 580,97.0,47,7,,,done,done charging,391.6204331737174,,,84.69595902991848
Car 800,,,,,4,switch,"Charger 4 (fid=17) not available, trying Charger 2 (fid=17)",391.722102365689,2,,
Car 1034,,,,34,,arrived,arrived,392.0,,,
Car 376,95.0,32,16,,,done,done charging,392.0,,,5.8131014097117815
Car 1034,,32,16,,,start_charge,starting to charge at Charger 16 (fid=32),392.0,,0.0,
Car 1111,,3,5,,,start_charge,starting to charge at Charger 5 (fid=3),392.659030743688,,5.0,
Car 73,,,,8,,arrived,arrived,393.0,,,
Car 938,,,,1,,arrived,arrived,393.0,,,
Car 73,,65,26,,,start_charge,starting to charge at Charger 26 (fid=65),393.0,,0.0,
Car 938,,1,0,,,start_charge,starting to charge at Charger 0 (fid=1),393.0,,0.0,
Car 215,90.0,47,7,,,done,done charging,393.6204331737174,,,114.77823398625024
Car 1041,,,,85,,arrived,arrived,394.0,,,
Car 1120,,,,26,,arrived,arrived,394.0,,,
Car 118,76.0,21,17,,,done,done charging,394.0,,,58.93180745574896
Car 1041,,85,19,,,start_charge,starting to charge at Charger 19 (fid=85),394.0,,0.0,
Car 1120,,26,13,,,start_charge,starting to charge at Charger 13 (fid=26),394.0,,0.0,
Car 170,74.0,72,27,,,done,done charging,394.56150752796964,,,124.7449864162683
Car 891,,,,71,,arrived,arrived,395.0,,,
Car 1274,,,,19,,arrived,arrived,395.0,,,
Car 635,107.0,72,27,,,done,done charging,395.0,,,84.84242495942729
Car 1390,63.0,31,29,,,done,done charging,395.0,,,33.63526893009036
Car 1055,52.0,23,14,,,done,done charging,395.0,,,0.0
Car 871,,,,,12,switch,"Charger 12 (fid=67) not available, trying Charger 26 (fid=65)",395.0,26,,
Car 1274,,19,3,,,start_charge,starting to charge at Charger 3 (fid=19),395.0,,0.0,
Car 949,57.0,17,4,,,done,done charging,395.1016691919716,,,66.80031167595456
Car 1163,,,,22,,arrived,arrived,396.0,,,
Car 1163,,17,4,,,start_charge,starting to charge at Charger 4 (fid=17),396.0,,0.0,
Car 707,59.0,3,5,,,done,done charging,396.659030743688,,,115.43201741284133
Car 873,,,,8,,arrived,arrived,397.0,,,
Car 451,88.0,7,1,,,done,done charging,397.0,,,54.86803450095119
Car 873,,65,26,,,start_charge,starting to charge at Charger 26 (fid=65),397.0,,0.0,
Car 524,91.0,21,17,,,done,done charging,399.0,,,35.623130294799026
Car 800,,,,,2,switch,"Charger 2 (fid=17) not available, trying Charger 9 (fid=15)",399.08490582733356,9,,
Car 800,,15,9,,,start_charge,starting to charge at Charger 9 (fid=15),399.33856000626906,,30.0,
Car 891,,,,,10,switch,"Charger 10 (fid=70) not available, trying Charger 27 (fid=72)",400.0,27,,
Car 891,,72,27,,,start_charge,starting to charge at Charger 27 (fid=72),400.12654050272204,,5.0,
Car 261,,,,15,,arrived,arrived,402.0,,,
Car 875,,,,77,,arrived,arrived,402.0,,,
Car 1179,51.0,21,17,,,done,done charging,402.0,,,65.74620646091854
Car 261,,15,9,,,start_charge,starting to charge at Charger 9 (fid=15),402.0,,0.0,
Car 875,,51,24,,,start_charge,starting to charge at Charger 24 (fid=51),402.0,,0.0,
Car 327,83.0,47,7,,,done,done charging,402.2192223664699,,,82.84729644951521
Car 871,,,,,26,switch,"Charger 26 (fid=65) not available, trying Charger 7 (fid=47)",402.5996994779349,7,,
Car 1331,114.0,17,4,,,done,done charging,402.92059103637644,,,144.75845650600084
Car 468,119.0,21,17,,,done,done charging,403.0,,,69.83238782251384
Car 267,54.0,33,8,,,done,done charging,403.0,,,28.3922700043593
Car 720,,,,31,,arrived,arrived,404.0,,,
Car 814,,,,62,,arrived,arrived,404.0,,,
Car 1287,,,,61,,arrived,arrived,404.0,,,
Car 720,,31,29,,,start_charge,starting to charge at Charger 29 (fid=31),404.0,,0.0,
Car 871,,47,7,,,start_charge,starting to charge at Charger 7 (fid=47),404.8189218444048,,10.0,
Car 1404,,,,7,,arrived,arrived,405.0,,,
Car 1404,,7,1,,,start_charge,starting to charge at Charger 1 (fid=7),405.0,,0.0,
Car 264,,,,42,,arrived,arrived,406.0,,,
Car 1192,,,,90,,arrived,arrived,406.0,,,
Car 1292,67.0,17,2,,,done,done charging,406.0,,,27.818216998902926
Car 264,,17,4,,,start_charge,starting to charge at Charger 4 (fid=17),406.0,,0.0,
Car 1192,,89,23,,,start_charge,starting to charge at Charger 23 (fid=89),406.0,,0.0,
Car 746,,,,3,,arrived,arrived,407.0,,,
Car 1238,,,,22,,arrived,arrived,407.0,,,
Car 782,45.0,66,11,,,done,done charging,407.0,,,80.78257328161338
Car 746,,3,5,,,start_charge,starting to charge at Charger 5 (fid=3),407.0,,0.0,
Car 1238,,21,20,,,start_charge,starting to charge at Charger 20 (fid=21),407.0,,0.0,
Car 1287,,66,11,,,start_charge,starting to charge at Charger 11 (fid=66),407.0,,3.0,
Car 470,,,,77,,arrived,arrived,408.0,,,
Car 556,57.0,51,24,,,done,done charging,408.44854085523446,,,53.28859211873921
Car 470,,51,24,,,start_charge,starting to charge at Charger 24 (fid=51),408.44854085523446,,0.4485408552344552,
Car 397,67.0,48,21,,,done,done charging,408.48531302918474,,,92.18328053392605
Car 1489,,,,71,,arrived,arrived,409.0,,,
Car 814,,,,,15,switch,"Charger 15 (fid=6) not available, trying Charger 5 (fid=3)",409.0,5,,
Car 64,,,,77,,arrived,arrived,410.0,,,
Car 495,,,,5,,arrived,arrived,410.0,,,
Car 659,,,,48,,arrived,arrived,410.0,,,
Car 971,120.0,65,26,,,done,done charging,410.0,,,0.0
Car 1107,78.0,23,14,,,done,done charging,410.0,,,34.352079209258335
Car 495,,47,7,,,start_charge,starting to charge at Charger 7 (fid=47),410.0,,0.0,
Car 659,,48,21,,,start_charge,starting to charge at Charger 21 (fid=48),410.0,,0.0,
Car 87,,,,124,,arrived,arrived,411.0,,,
Car 615,,,,1,,arrived,arrived,411.0,,,
Car 116,115.0,6,15,,,done,done charging,411.0,,,130.04592452284498
Car 1438,80.0,115,22,,,done,done charging,411.0,,,0.0
Car 87,,115,22,,,start_charge,starting to charge at Charger 22 (fid=115),411.0,,0.0,
Car 615,,1,0,,,start_charge,starting to charge at Charger 0 (fid=1),411.0,,0.0,
Car 1476,68.0,17,4,,,done,done charging,411.92059103637644,,,144.75845650600084
Car 350,,,,63,,arrived,arrived,412.0,,,
Car 675,,,,77,,arrived,arrived,412.0,,,
Car 350,,65,26,,,start_charge,starting to charge at Charger 26 (fid=65),412.0,,0.0,
Car 1350,78.0,72,27,,,done,done charging,412.49753885253625,,,84.84242495942729
Car 365,59.0,17,4,,,done,done charging,413.1016691919716,,,144.75845650600084
Car 309,117.0,32,16,,,done,done charging,414.0,,,16.87024961282752
Car 1489,,,,,10,switch,"Charger 10 (fid=70) not available, trying Charger 27 (fid=72)",414.0,27,,
Car 1489,,72,27,,,start_charge,starting to charge at Charger 27 (fid=72),414.12654050272204,,5.0,
Car 512,87.0,66,11,,,done,done charging,414.3399643928495,,,145.62807570314592
Car 64,,,,,24,switch,"Charger 24 (fid=51) not available, trying Charger 5 (fid=3)",415.0,5,,
Car 688,104.0,67,12,,,done,done charging,415.5996994779349,,,154.3903278641214
Car 542,,,,37,,arrived,arrived,416.0,,,
Car 721,,,,117,,arrived,arrived,416.0,,,
Car 542,,67,12,,,start_charge,starting to charge at Charger 12 (fid=67),416.0,,0.0,
Car 721,,21,17,,,start_charge,starting to charge at Charger 17 (fid=21),416.0,,0.0,
Car 814,,,,,5,switch,"Charger 5 (fid=3) not available, trying Charger 2 (fid=17)",416.8838510911569,2,,
Car 741,,,,18,,arrived,arrived,417.0,,,
Car 806,86.0,85,19,,,done,done charging,417.0,,,8.766127366169387
Car 675,,,,,24,switch,"Charger 24 (fid=51) not available, trying Charger 5 (fid=3)",417.0,5,,
Car 741,,72,27,,,start_charge,starting to charge at Charger 27 (fid=72),417.0,,0.0,
Car 1449,,,,51,,arrived,arrived,418.0,,,
Car 159,68.0,66,11,,,done,done charging,418.3399643928495,,,145.62807570314592
Car 1128,,,,117,,arrived,arrived,419.0,,,
Car 459,72.0,6,15,,,done,done charging,419.0,,,70.26383781861239
Car 1128,,21,17,,,start_charge,starting to charge at Charger 17 (fid=21),419.0,,0.0,
Car 1098,45.0,67,12,,,done,done charging,420.0,,,191.1562589297049
Car 814,,17,2,,,start_charge,starting to charge at Charger 2 (fid=17),420.3532983932626,,10.0,
Car 64,,,,,5,switch,"Charger 5 (fid=3) not available, trying Charger 15 (fid=6)",420.79983423657603,15,,
Car 795,110.0,65,26,,,done,done charging,421.0,,,113.8475167274432
Car 206,90.0,89,23,,,done,done charging,422.0,,,15.540330047962502
Car 675,,,,,5,switch,"Charger 5 (fid=3) not available, trying Charger 15 (fid=6)",422.79983423657603,15,,
Car 893,94.0,15,9,,,done,done charging,423.0,,,61.645175788545046
Car 1449,,,,,24,switch,"Charger 24 (fid=51) not available, trying Charger 5 (fid=3)",423.0,5,,
Car 64,,6,15,,,start_charge,starting to charge at Charger 15 (fid=6),423.6836853277329,,10.0,
Car 221,118.0,48,21,,,done,done charging,424.0,,,24.25327608799757
Car 1200,,,,19,,arrived,arrived,425.0,,,
Car 1200,,19,3,,,start_charge,starting to charge at Charger 3 (fid=19),425.0,,0.0,
Car 115,52.0,72,27,,,done,done charging,425.45823116202956,,,0.0
Car 675,,6,15,,,start_charge,starting to charge at Charger 15 (fid=6),425.6836853277329,,10.0,
Car 300,,,,33,,arrived,arrived,426.0,,,
Car 300,,32,16,,,start_charge,starting to charge at Charger 16 (fid=32),426.0,,0.0,
Car 60,118.0,32,16,,,done,done charging,426.3246596089738,,,10.521416254497163
Car 890,,,,37,,arrived,arrived,428.0,,,
Car 890,,67,12,,,start_charge,starting to charge at Charger 12 (fid=67),428.0,,0.0,
Car 298,75.0,48,21,,,done,done charging,428.44522091425915,,,174.76878454974607
Car 1449,,,,,5,switch,"Charger 5 (fid=3) not available, trying Charger 28 (fid=75)",428.79983423657603,28,,
Car 1368,,,,57,,arrived,arrived,429.0,,,
Car 58,99.0,51,24,,,done,done charging,429.0,,,128.4087684895338
Car 1368,,72,27,,,start_charge,starting to charge at Charger 27 (fid=72),429.0,,0.0,
Car 247,56.0,17,4,,,done,done charging,429.3467423399247,,,144.75845650600084
Car 165,57.0,1,0,,,done,done charging,429.35140670237644,,,103.04602253846483
Car 997,76.0,70,10,,,done,done charging,430.4512001116958,,,33.04035449263749
Car 1449,,75,28,,,start_charge,starting to charge at Charger 28 (fid=75),430.7048378333172,,10.0,
Car 513,,,,12,,arrived,arrived,431.0,,,
Car 725,,,,69,,arrived,arrived,431.0,,,
Car 861,73.0,6,15,,,done,done charging,431.0,,,86.22002937834127
Car 513,,21,17,,,start_charge,starting to charge at Charger 17 (fid=21),431.0,,0.0,
Car 725,,70,10,,,start_charge,starting to charge at Charger 10 (fid=70),431.0,,0.0,
Car 96,73.0,1,0,,,done,done charging,431.35140670237644,,,103.04602253846483
Car 672,,,,55,,arrived,arrived,432.0,,,
Car 959,103.0,19,3,,,done,done charging,432.0,,,0.0
Car 530,64.0,51,24,,,done,done charging,432.79983423657603,,,66.62619190678491
Car 31,,,,5,,arrived,arrived,434.0,,,
Car 549,,,,60,,arrived,arrived,434.0,,,
Car 1017,,,,8,,arrived,arrived,434.0,,,
Car 1074,,,,67,,arrived,arrived,434.0,,,
Car 1346,,,,8,,arrived,arrived,434.0,,,
Car 31,,47,7,,,start_charge,starting to charge at Charger 7 (fid=47),434.0,,0.0,
Car 549,,6,15,,,start_charge,starting to charge at Charger 15 (fid=6),434.0,,0.0,
Car 1017,,65,26,,,start_charge,starting to charge at Charger 26 (fid=65),434.0,,0.0,
Car 15,,,,4,,arrived,arrived,435.0,,,
Car 1494,,,,45,,arrived,arrived,435.0,,,
Car 985,46.0,7,1,,,done,done charging,435.0,,,0.0
Car 658,119.0,48,21,,,done,done charging,435.44522091425915,,,174.76878454974607
Car 533,,,,63,,arrived,arrived,436.0,,,
Car 1116,120.0,15,9,,,done,done charging,436.2536541789355,,,21.129393105329726
Car 945,52.0,17,2,,,done,done charging,436.3532983932626,,,161.3068235537577
Car 769,,,,8,,arrived,arrived,437.0,,,
Car 672,,,,,27,switch,"Charger 27 (fid=72) not available, trying Charger 10 (fid=70)",437.0,10,,
Car 895,,,,73,,arrived,arrived,438.0,,,
Car 1323,,,,7,,arrived,arrived,439.0,,,
Car 140,80.0,19,3,,,done,done charging,439.0,,,0.0
Car 1074,,,,,12,switch,"Charger 12 (fid=67) not available, trying Charger 4 (fid=17)",439.0,4,,
Car 1346,,,,,26,switch,"Charger 26 (fid=65) not available, trying Charger 11 (fid=66)",439.0,11,,
Car 1323,,7,1,,,start_charge,starting to charge at Charger 1 (fid=7),439.0,,0.0,
Car 323,57.0,72,27,,,done,done charging,439.3246596089738,,,25.93835332087996
Car 1074,,17,4,,,start_charge,starting to charge at Charger 4 (fid=17),439.6056414532112,,5.0,
Car 1219,,,,54,,arrived,arrived,440.0,,,
Car 1120,46.0,26,13,,,done,done charging,440.0,,,0.0
Car 15,,,,,15,switch,"Charger 15 (fid=6) not available, trying Charger 0 (fid=1)",440.0,0,,
Car 1494,,,,,15,switch,"Charger 15 (fid=6) not available, trying Charger 2 (fid=17)",440.0,2,,
Car 1494,,17,2,,,start_charge,starting to charge at Charger 2 (fid=17),440.8289111198803,,5.0,
Car 1335,,,,50,,arrived,arrived,441.0,,,
Car 533,,,,,26,switch,"Charger 26 (fid=65) not available, trying Charger 7 (fid=47)",441.0,7,,
Car 1346,,66,11,,,start_charge,starting to charge at Charger 11 (fid=66),441.3399643928495,,5.0,
Car 15,,1,0,,,start_charge,starting to charge at Charger 0 (fid=1),441.35140670237644,,5.0,
Car 1184,89.0,85,19,,,done,done charging,442.0,,,11.514998957837907
Car 769,,,,,26,switch,"Charger 26 (fid=65) not available, trying Charger 11 (fid=66)",442.0,11,,
Car 672,,,,,10,switch,"Charger 10 (fid=70) not available, trying Charger 29 (fid=31)",442.12654050272204,29,,
Car 457,,,,35,,arrived,arrived,443.0,,,
Car 544,,,,116,,arrived,arrived,443.0,,,
Car 1224,,,,54,,arrived,arrived,443.0,,,
Car 491,85.0,31,29,,,done,done charging,443.0,,,5.412631245533699
Car 895,,,,,26,switch,"Charger 26 (fid=65) not available, trying Charger 12 (fid=67)",443.0,12,,
Car 457,,32,16,,,start_charge,starting to charge at Charger 16 (fid=32),443.0,,0.0,
Car 544,,23,14,,,start_charge,starting to charge at Charger 14 (fid=23),443.0,,0.0,
Car 672,,31,29,,,start_charge,starting to charge at Charger 29 (fid=31),443.0,,10.513666290025128,
Car 533,,47,7,,,start_charge,starting to charge at Charger 7 (fid=47),443.2192223664699,,5.0,
Car 1209,100.0,24,6,,,done,done charging,443.60783530854616,,,131.0315105385076
Car 769,,66,11,,,start_charge,starting to charge at Charger 11 (fid=66),444.3399643928495,,5.0,
Car 1219,,,,,12,switch,"Charger 12 (fid=67) not available, trying Charger 27 (fid=72)",445.0,27,,
Car 1335,,,,,5,switch,"Charger 5 (fid=3) not available, trying Charger 24 (fid=51)",446.0,24,,
Car 1219,,72,27,,,start_charge,starting to charge at Charger 27 (fid=72),446.49753885253625,,5.0,
Car 1335,,51,24,,,start_charge,starting to charge at Charger 24 (fid=51),446.79983423657603,,5.0,
Car 135,,,,31,,arrived,arrived,447.0,,,
Car 494,,,,4,,arrived,arrived,447.0,,,
Car 851,,,,1,,arrived,arrived,447.0,,,
Car 851,,1,0,,,start_charge,starting to charge at Charger 0 (fid=1),447.0,,0.0,
Car 891,47.0,72,27,,,done,done charging,447.12654050272204,,,5.317805938583997
Car 999,,,,75,,arrived,arrived,448.0,,,
Car 1208,,,,37,,arrived,arrived,448.0,,,
Car 505,88.0,6,15,,,done,done charging,448.0,,,0.0
Car 1224,,,,,12,switch,"Charger 12 (fid=67) not available, trying Charger 27 (fid=72)",448.0,27,,
Car 999,,75,28,,,start_charge,starting to charge at Charger 28 (fid=75),448.0,,0.0,
Car 494,,6,15,,,start_charge,starting to charge at Charger 15 (fid=6),448.0,,1.0,
Car 1274,54.0,19,3,,,done,done charging,449.0,,,0.0
Car 1224,,72,27,,,start_charge,starting to charge at Charger 27 (fid=72),449.49753885253625,,5.0,
Car 275,,,,5,,arrived,arrived,450.0,,,
Car 1009,60.0,7,1,,,done,done charging,450.0,,,0.0
Car 261,48.0,15,9,,,done,done charging,450.0,,,0.0
Car 895,,,,,12,switch,"Charger 12 (fid=67) not available, trying Charger 11 (fid=66)",450.5996994779349,11,,
Car 1125,,,,54,,arrived,arrived,452.0,,,
Car 1343,,,,14,,arrived,arrived,452.0,,,
Car 1215,116.0,17,2,,,done,done charging,452.0,,,27.818216998902926
Car 135,,,,,29,switch,"Charger 29 (fid=31) not available, trying Charger 16 (fid=32)",452.0,16,,
Car 135,,32,16,,,start_charge,starting to charge at Charger 16 (fid=32),452.06196309532174,,5.0,
Car 435,90.0,47,7,,,done,done charging,452.2192223664699,,,141.2437299493071
Car 275,,47,7,,,start_charge,starting to charge at Charger 7 (fid=47),452.2192223664699,,2.2192223664699213,
Car 921,112.0,3,5,,,done,done charging,452.8838510911569,,,158.98721317452672
Car 199,,,,65,,arrived,arrived,453.0,,,
Car 283,,,,42,,arrived,arrived,453.0,,,
Car 1208,,,,,12,switch,"Charger 12 (fid=67) not available, trying Charger 26 (fid=65)",453.0,26,,
Car 283,,17,4,,,start_charge,starting to charge at Charger 4 (fid=17),453.0,,0.0,
Car 1034,62.0,32,16,,,done,done charging,454.0,,,11.098255718787485
Car 409,,,,68,,arrived,arrived,455.0,,,
Car 1012,,,,51,,arrived,arrived,455.0,,,
Car 1248,109.0,23,14,,,done,done charging,455.0,,,0.0
Car 1012,,51,24,,,start_charge,starting to charge at Charger 24 (fid=51),455.0,,0.0,
Car 1111,63.0,3,5,,,done,done charging,455.659030743688,,,115.43201741284133
Car 1341,,,,50,,arrived,arrived,456.0,,,
Car 1341,,3,5,,,start_charge,starting to charge at Charger 5 (fid=3),456.0,,0.0,
Car 1163,61.0,17,4,,,done,done charging,457.0,,,76.76344030853062
Car 1192,51.0,89,23,,,done,done charging,457.0,,,20.770378162168914
Car 1125,,,,,12,switch,"Charger 12 (fid=67) not available, trying Charger 27 (fid=72)",457.0,27,,
Car 1343,,,,,29,switch,"Charger 29 (fid=31) not available, trying Charger 16 (fid=32)",457.0,16,,
Car 1343,,32,16,,,start_charge,starting to charge at Charger 16 (fid=32),457.06196309532174,,5.0,
Car 199,,,,,26,switch,"Charger 26 (fid=65) not available, trying Charger 7 (fid=47)",458.0,7,,
Car 912,,,,63,,arrived,arrived,459.0,,,
Car 1378,,,,8,,arrived,arrived,459.0,,,
Car 895,,,,,11,switch,"Charger 11 (fid=66) not available, trying Charger 7 (fid=47)",459.4301664789625,7,,
Car 810,111.0,70,10,,,done,done charging,460.0,,,10.715066215369578
Car 746,53.0,3,5,,,done,done charging,460.0,,,0.0
Car 409,,,,,10,switch,"Charger 10 (fid=70) not available, trying Charger 3 (fid=19)",460.0,3,,
Car 409,,19,3,,,start_charge,starting to charge at Charger 3 (fid=19),460.2564304242966,,5.0,
Car 1208,,,,,26,switch,"Charger 26 (fid=65) not available, trying Charger 7 (fid=47)",460.5996994779349,7,,
Car 772,79.0,70,10,,,done,done charging,462.0,,,0.0
Car 315,,,,32,,arrived,arrived,463.0,,,
Car 866,,,,66,,arrived,arrived,463.0,,,
Car 610,106.0,21,17,,,done,done charging,463.0,,,65.74620646091854
Car 1125,,,,,27,switch,"Charger 27 (fid=72) not available, trying Charger 29 (fid=31)",463.49753885253625,29,,
Car 418,,,,57,,arrived,arrived,464.0,,,
Car 912,,,,,26,switch,"Charger 26 (fid=65) not available, trying Charger 7 (fid=47)",464.0,7,,
Car 1378,,,,,26,switch,"Charger 26 (fid=65) not available, trying Charger 11 (fid=66)",464.0,11,,
Car 414,,,,16,,arrived,arrived,465.0,,,
Car 73,72.0,65,26,,,done,done charging,465.0,,,76.93727045459511
Car 414,,17,2,,,start_charge,starting to charge at Charger 2 (fid=17),465.0,,0.0,
Car 199,,,,,7,switch,"Charger 7 (fid=47) not available, trying Charger 11 (fid=66)",465.2192223664699,11,,
Car 470,57.0,51,24,,,done,done charging,465.44854085523446,,,91.67281497261143
Car 1300,108.0,70,10,,,done,done charging,466.0,,,5.400202311015656
Car 1041,72.0,85,19,,,done,done charging,466.0,,,0.0
Car 538,,,,58,,arrived,arrived,467.0,,,
Car 763,,,,65,,arrived,arrived,467.0,,,
Car 538,,58,18,,,start_charge,starting to charge at Charger 18 (fid=58),467.0,,0.0,
Car 763,,65,26,,,start_charge,starting to charge at Charger 26 (fid=65),467.0,,0.0,
Car 1208,,,,,7,switch,"Charger 7 (fid=47) not available, trying Charger 4 (fid=17)",467.8189218444048,4,,
Car 911,,,,1,,arrived,arrived,468.0,,,
Car 1439,101.0,1,0,,,done,done charging,468.0,,,0.0
Car 350,56.0,65,26,,,done,done charging,468.0,,,46.52898052826673
Car 315,,,,,16,switch,"Charger 16 (fid=32) not available, trying Charger 29 (fid=31)",468.0,29,,
Car 866,,,,,11,switch,"Charger 11 (fid=66) not available, trying Charger 26 (fid=65)",468.0,26,,
Car 911,,1,0,,,start_charge,starting to charge at Charger 0 (fid=1),468.0,,0.0,
Car 895,,,,,7,switch,"Charger 7 (fid=47) not available, trying Charger 4 (fid=17)",468.6204331737174,4,,
Car 1125,,,,,29,switch,"Charger 29 (fid=31) not available, trying Charger 16 (fid=32)",468.7602353661883,16,,
Car 1208,,17,4,,,start_charge,starting to charge at Charger 4 (fid=17),468.92059103637644,,15.0,
Car 241,,,,8,,arrived,arrived,469.0,,,
Car 1114,,,,35,,arrived,arrived,469.0,,,
Car 1469,,,,37,,arrived,arrived,469.0,,,
Car 249,110.0,66,11,,,done,done charging,469.0,,,80.78257328161338
Car 418,,,,,27,switch,"Charger 27 (fid=72) not available, trying Charger 10 (fid=70)",469.0,10,,
Car 241,,65,26,,,start_charge,starting to charge at Charger 26 (fid=65),469.0,,0.0,
Car 1378,,66,11,,,start_charge,starting to charge at Charger 11 (fid=66),469.0,,7.660035607150519,
Car 418,,70,10,,,start_charge,starting to charge at Charger 10 (fid=70),469.12654050272204,,5.0,
Car 446,78.0,70,10,,,done,done charging,469.4644868605169,,,94.03927173261216
Car 895,,17,4,,,start_charge,starting to charge at Charger 4 (fid=17),469.722102365689,,20.0,
Car 137,,,,72,,arrived,arrived,471.0,,,
Car 381,,,,37,,arrived,arrived,471.0,,,
Car 1489,57.0,72,27,,,done,done charging,471.12654050272204,,,5.317805938583997
Car 137,,72,27,,,start_charge,starting to charge at Charger 27 (fid=72),471.12654050272204,,0.12654050272203676,
Car 912,,,,,7,switch,"Charger 7 (fid=47) not available, trying Charger 11 (fid=66)",471.2192223664699,11,,
Car 1016,111.0,31,29,,,done,done charging,471.7602353661883,,,85.54541461119372
Car 315,,31,29,,,start_charge,starting to charge at Charger 29 (fid=31),471.7602353661883,,8.69827227086654,
Car 953,,,,56,,arrived,arrived,472.0,,,
Car 875,70.0,51,24,,,done,done charging,472.0,,,91.67281497261143
Car 953,,70,10,,,start_charge,starting to charge at Charger 10 (fid=70),472.0,,0.0,
Car 1404,68.0,7,1,,,done,done charging,473.0,,,0.0
Car 1125,,,,,16,switch,"Charger 16 (fid=32) not available, trying Charger 2 (fid=17)",473.82219846151,2,,
Car 1114,,,,,16,switch,"Charger 16 (fid=32) not available, trying Charger 29 (fid=31)",474.0,29,,
Car 1469,,,,,12,switch,"Charger 12 (fid=67) not available, trying Charger 26 (fid=65)",474.0,26,,
Car 199,,,,,11,switch,"Charger 11 (fid=66) not available, trying Charger 21 (fid=48)",474.4094890612248,21,,
Car 230,,,,8,,arrived,arrived,475.0,,,
Car 757,,,,24,,arrived,arrived,475.0,,,
Car 1348,,,,65,,arrived,arrived,475.0,,,
Car 1287,68.0,66,11,,,done,done charging,475.0,,,108.42953806045905
Car 1368,46.0,72,27,,,done,done charging,475.0,,,49.900990150494394
Car 757,,23,14,,,start_charge,starting to charge at Charger 14 (fid=23),475.0,,0.0,
Car 600,112.0,32,16,,,done,done charging,475.25394854120657,,,82.3573499148401
Car 866,,,,,26,switch,"Charger 26 (fid=65) not available, trying Charger 5 (fid=3)",475.3399643928495,5,,
Car 912,,66,11,,,start_charge,starting to charge at Charger 11 (fid=66),475.4094890612248,,10.0,
Car 704,91.0,3,5,,,done,done charging,475.79983423657603,,,219.38787299667135
Car 254,97.0,17,2,,,done,done charging,475.8289111198803,,,69.04829628602889
Car 1125,,17,2,,,start_charge,starting to charge at Charger 2 (fid=17),475.8289111198803,,21.450660350233022,
Car 1079,,,,38,,arrived,arrived,476.0,,,
Car 381,,,,,12,switch,"Charger 12 (fid=67) not available, trying Charger 26 (fid=65)",476.0,26,,
Car 753,120.0,3,5,,,done,done charging,476.7218026301395,,,173.92245980610747
Car 93,,,,63,,arrived,arrived,477.0,,,
Car 1038,,,,7,,arrived,arrived,477.0,,,
Car 1490,,,,50,,arrived,arrived,477.0,,,
Car 1038,,7,1,,,start_charge,starting to charge at Charger 1 (fid=7),477.0,,0.0,
Car 1490,,3,5,,,start_charge,starting to charge at Charger 5 (fid=3),477.0,,0.0,
Car 113,,,,51,,arrived,arrived,478.0,,,
Car 873,81.0,65,26,,,done,done charging,478.0,,,76.93727045459511
Car 113,,51,24,,,start_charge,starting to charge at Charger 24 (fid=51),478.0,,0.0,
Car 230,,65,26,,,start_charge,starting to charge at Charger 26 (fid=65),478.0,,3.0,
Car 199,,48,21,,,start_charge,starting to charge at Charger 21 (fid=48),478.8909948029178,,15.0,
Car 731,,,,25,,arrived,arrived,479.0,,,
Car 741,62.0,72,27,,,done,done charging,479.0,,,13.19412839106531
Car 731,,23,14,,,start_charge,starting to charge at Charger 14 (fid=23),479.0,,0.0,
Car 1114,,,,,29,switch,"Charger 29 (fid=31) not available, trying Charger 9 (fid=15)",479.06196309532174,9,,
Car 1114,,15,9,,,start_charge,starting to charge at Charger 9 (fid=15),479.52570122183664,,10.0,
Car 551,101.0,17,2,,,done,done charging,479.8289111198803,,,141.4159812079012
Car 866,,3,5,,,start_charge,starting to charge at Charger 5 (fid=3),479.9362870596834,,10.0,
Car 479,,,,124,,arrived,arrived,480.0,,,
Car 1003,,,,31,,arrived,arrived,480.0,,,
Car 938,87.0,1,0,,,done,done charging,480.0,,,0.0
Car 1348,,,,,26,switch,"Charger 26 (fid=65) not available, trying Charger 7 (fid=47)",480.0,7,,
Car 479,,115,22,,,start_charge,starting to charge at Charger 22 (fid=115),480.0,,0.0,
Car 1079,,,,,7,switch,"Charger 7 (fid=47) not available, trying Charger 21 (fid=48)",481.0,21,,
Car 1079,,48,21,,,start_charge,starting to charge at Charger 21 (fid=48),481.48531302918474,,5.0,
Car 1469,,,,,26,switch,"Charger 26 (fid=65) not available, trying Charger 7 (fid=47)",481.5996994779349,7,,
Car 93,,,,,26,switch,"Charger 26 (fid=65) not available, trying Charger 7 (fid=47)",482.0,7,,
Car 675,57.0,6,15,,,done,done charging,482.6836853277329,,,125.79907952366686
Car 1307,93.0,31,29,,,done,done charging,483.0,,,5.412631245533699
Car 1238,76.0,21,20,,,done,done charging,483.0,,,5.39369863824874
Car 1003,,31,29,,,start_charge,starting to charge at Charger 29 (fid=31),483.0,,3.0,
Car 381,,,,,26,switch,"Charger 26 (fid=65) not available, trying Charger 7 (fid=47)",483.5996994779349,7,,
Car 190,,,,29,,arrived,arrived,484.0,,,
Car 1396,,,,24,,arrived,arrived,484.0,,,
Car 190,,33,8,,,start_charge,starting to charge at Charger 8 (fid=33),484.0,,0.0,
Car 1396,,24,6,,,start_charge,starting to charge at Charger 6 (fid=24),484.0,,0.0,
Car 1359,115.0,31,29,,,done,done charging,484.06196309532174,,,21.908832579566305
Car 1227,,,,56,,arrived,arrived,485.0,,,
Car 1370,,,,67,,arrived,arrived,485.0,,,
Car 1227,,70,10,,,start_charge,starting to charge at Charger 10 (fid=70),485.0,,0.0,
Car 472,,,,4,,arrived,arrived,487.0,,,
Car 1128,68.0,21,17,,,done,done charging,487.0,,,35.623130294799026
Car 1348,,,,,7,switch,"Charger 7 (fid=47) not available, trying Charger 11 (fid=66)",487.2192223664699,11,,
Car 127,,,,24,,arrived,arrived,488.0,,,
Car 1047,,,,83,,arrived,arrived,488.0,,,
Car 127,,24,6,,,start_charge,starting to charge at Charger 6 (fid=24),488.0,,0.0,
Car 1047,,85,19,,,start_charge,starting to charge at Charger 19 (fid=85),488.0,,0.0,
Car 1469,,,,,7,switch,"Charger 7 (fid=47) not available, trying Charger 4 (fid=17)",488.8189218444048,4,,
Car 581,,,,61,,arrived,arrived,489.0,,,
Car 93,,,,,7,switch,"Charger 7 (fid=47) not available, trying Charger 11 (fid=66)",489.2192223664699,11,,
Car 383,,,,6,,arrived,arrived,490.0,,,
Car 1156,,,,15,,arrived,arrived,490.0,,,
Car 1370,,,,,12,switch,"Charger 12 (fid=67) not available, trying Charger 4 (fid=17)",490.0,4,,
Car 383,,6,15,,,start_charge,starting to charge at Charger 15 (fid=6),490.0,,0.0,
Car 1156,,15,9,,,start_charge,starting to charge at Charger 9 (fid=15),490.0,,0.0,
Car 381,,,,,7,switch,"Charger 7 (fid=47) not available, trying Charger 4 (fid=17)",490.8189218444048,4,,
Car 1435,,,,5,,arrived,arrived,491.0,,,
Car 1435,,58,18,,,start_charge,starting to charge at Charger 18 (fid=58),491.0,,0.0,
Car 602,103.0,67,12,,,done,done charging,491.2399560622524,,,182.91288948569206
Car 956,113.0,51,24,,,done,done charging,491.56013762301427,,,252.86256232586456
Car 1497,,,,65,,arrived,arrived,492.0,,,
Car 472,,,,,26,switch,"Charger 26 (fid=65) not available, trying Charger 7 (fid=47)",492.0,7,,
Car 583,,,,83,,arrived,arrived,493.0,,,
Car 1000,,,,63,,arrived,arrived,493.0,,,
Car 1122,,,,73,,arrived,arrived,493.0,,,
Car 583,,85,19,,,start_charge,starting to charge at Charger 19 (fid=85),493.0,,0.0,
Car 1398,,,,77,,arrived,arrived,494.0,,,
Car 581,,,,,11,switch,"Charger 11 (fid=66) not available, trying Charger 5 (fid=3)",494.0,5,,
Car 1398,,51,24,,,start_charge,starting to charge at Charger 24 (fid=51),494.0,,0.0,
Car 800,95.0,15,9,,,done,done charging,494.33856000626906,,,216.03624037641578
Car 1469,,,,,4,switch,"Charger 4 (fid=17) not available, trying Charger 21 (fid=48)",494.92059103637644,21,,
Car 497,,,,73,,arrived,arrived,495.0,,,
Car 1397,,,,5,,arrived,arrived,495.0,,,
Car 720,91.0,31,29,,,done,done charging,495.0,,,0.0
Car 513,64.0,21,17,,,done,done charging,495.0,,,37.99048340046035
Car 494,47.0,6,15,,,done,done charging,495.0,,,86.22002937834127
Car 1370,,,,,4,switch,"Charger 4 (fid=17) not available, trying Charger 7 (fid=47)",495.6056414532112,7,,
Car 1335,49.0,51,24,,,done,done charging,495.79983423657603,,,53.28859211873921
Car 203,,,,37,,arrived,arrived,496.0,,,
Car 913,,,,8,,arrived,arrived,496.0,,,
Car 203,,67,12,,,start_charge,starting to charge at Charger 12 (fid=67),496.0,,0.0,
Car 15,55.0,1,0,,,done,done charging,496.35140670237644,,,103.04602253846483
Car 1348,,,,,11,switch,"Charger 11 (fid=66) not available, trying Charger 21 (fid=48)",496.4094890612248,21,,
Car 1469,,48,21,,,start_charge,starting to charge at Charger 21 (fid=48),496.44522091425915,,20.0,
Car 581,,3,5,,,start_charge,starting to charge at Charger 5 (fid=3),496.659030743688,,5.0,
Car 381,,,,,4,switch,"Charger 4 (fid=17) not available, trying Charger 21 (fid=48)",496.92059103637644,21,,
Car 282,,,,67,,arrived,arrived,497.0,,,
Car 1497,,,,,26,switch,"Charger 26 (fid=65) not available, trying Charger 7 (fid=47)",497.0,7,,
Car 197,,,,73,,arrived,arrived,498.0,,,
Car 1498,,,,37,,arrived,arrived,498.0,,,
Car 659,88.0,48,21,,,done,done charging,498.0,,,0.0
Car 1000,,,,,26,switch,"Charger 26 (fid=65) not available, trying Charger 7 (fid=47)",498.0,7,,
Car 1122,,,,,26,switch,"Charger 26 (fid=65) not available, trying Charger 12 (fid=67)",498.0,12,,
Car 93,,,,,11,switch,"Charger 11 (fid=66) not available, trying Charger 12 (fid=67)",498.4094890612248,12,,
Car 381,,48,21,,,start_charge,starting to charge at Charger 21 (fid=48),498.44522091425915,,20.0,
Car 87,88.0,115,22,,,done,done charging,499.0,,,44.76134967805504
Car 1200,74.0,19,3,,,done,done charging,499.0,,,0.0
Car 472,,,,,7,switch,"Charger 7 (fid=47) not available, trying Charger 21 (fid=48)",499.2192223664699,21,,
Car 472,,48,21,,,start_charge,starting to charge at Charger 21 (fid=48),499.70453539565466,,10.0,
Car 335,,,,68,,arrived,arrived,500.0,,,
Car 1178,,,,81,,arrived,arrived,500.0,,,
Car 1408,,,,69,,arrived,arrived,500.0,,,
Car 497,,,,,26,switch,"Charger 26 (fid=65) not available, trying Charger 12 (fid=67)",500.0,12,,
Car 1397,,,,,7,switch,"Charger 7 (fid=47) not available, trying Charger 21 (fid=48)",500.0,21,,
Car 1178,,6,15,,,start_charge,starting to charge at Charger 15 (fid=6),500.0,,0.0,
Car 153,,,,81,,arrived,arrived,501.0,,,
Car 913,,,,,26,switch,"Charger 26 (fid=65) not available, trying Charger 11 (fid=66)",501.0,11,,
Car 1370,,,,,7,switch,"Charger 7 (fid=47) not available, trying Charger 27 (fid=72)",501.7073106451828,27,,
Car 282,,,,,12,switch,"Charger 12 (fid=67) not available, trying Charger 4 (fid=17)",502.0,4,,
Car 718,,,,14,,arrived,arrived,503.0,,,
Car 197,,,,,26,switch,"Charger 26 (fid=65) not available, trying Charger 12 (fid=67)",503.0,12,,
Car 1498,,,,,12,switch,"Charger 12 (fid=67) not available, trying Charger 26 (fid=65)",503.0,26,,
Car 718,,31,29,,,start_charge,starting to charge at Charger 29 (fid=31),503.0,,0.0,
Car 275,51.0,47,7,,,done,done charging,503.2192223664699,,,84.69595902991848
Car 1497,,47,7,,,start_charge,starting to charge at Charger 7 (fid=47),503.2192223664699,,9.0,
Car 76,,,,4,,arrived,arrived,504.0,,,
Car 1370,,72,27,,,start_charge,starting to charge at Charger 27 (fid=72),504.56150752796964,,15.0,
Car 335,,,,,10,switch,"Charger 10 (fid=70) not available, trying Charger 3 (fid=19)",505.0,3,,
Car 1408,,,,,10,switch,"Charger 10 (fid=70) not available, trying Charger 27 (fid=72)",505.0,27,,
Car 1408,,72,27,,,start_charge,starting to charge at Charger 27 (fid=72),505.12654050272204,,5.0,
Car 1000,,,,,7,switch,"Charger 7 (fid=47) not available, trying Charger 11 (fid=66)",505.2192223664699,11,,
Car 335,,19,3,,,start_charge,starting to charge at Charger 3 (fid=19),505.2564304242966,,5.0,
Car 1397,,,,,21,switch,"Charger 21 (fid=48) not available, trying Charger 26 (fid=65)",505.48531302918474,26,,
Car 1122,,,,,12,switch,"Charger 12 (fid=67) not available, trying Charger 11 (fid=66)",505.5996994779349,11,,
Car 1348,,,,,21,switch,"Charger 21 (fid=48) not available, trying Charger 12 (fid=67)",505.8909948029178,12,,
Car 703,,,,37,,arrived,arrived,506.0,,,
Car 542,90.0,67,12,,,done,done charging,506.0,,,107.1141266920381
Car 153,,,,,15,switch,"Charger 15 (fid=6) not available, trying Charger 9 (fid=15)",506.0,9,,
Car 93,,67,12,,,start_charge,starting to charge at Charger 12 (fid=67),506.0,,18.760043937747582,
Car 153,,15,9,,,start_charge,starting to charge at Charger 9 (fid=15),506.86898511318907,,5.0,
Car 497,,,,,12,switch,"Charger 12 (fid=67) not available, trying Charger 11 (fid=66)",507.5996994779349,11,,
Car 282,,,,,4,switch,"Charger 4 (fid=17) not available, trying Charger 7 (fid=47)",507.6056414532112,7,,
Car 871,103.0,47,7,,,done,done charging,507.8189218444048,,,141.2437299493071
Car 148,,,,16,,arrived,arrived,508.0,,,
Car 321,,,,124,,arrived,arrived,508.0,,,
Car 653,,,,3,,arrived,arrived,508.0,,,
Car 148,,17,2,,,start_charge,starting to charge at Charger 2 (fid=17),508.0,,0.0,
Car 321,,115,22,,,start_charge,starting to charge at Charger 22 (fid=115),508.0,,0.0,
Car 653,,3,5,,,start_charge,starting to charge at Charger 5 (fid=3),508.0,,0.0,
Car 913,,,,,11,switch,"Charger 11 (fid=66) not available, trying Charger 12 (fid=67)",508.3399643928495,12,,
Car 282,,47,7,,,start_charge,starting to charge at Charger 7 (fid=47),508.7073106451828,,10.0,
Car 76,,,,,15,switch,"Charger 15 (fid=6) not available, trying Charger 0 (fid=1)",509.0,0,,
Car 1343,52.0,32,16,,,done,done charging,509.06196309532174,,,36.186427911583486
Car 277,,,,21,,arrived,arrived,510.0,,,
Car 1332,,,,28,,arrived,arrived,510.0,,,
Car 277,,21,20,,,start_charge,starting to charge at Charger 20 (fid=21),510.0,,0.0,
Car 1332,,23,14,,,start_charge,starting to charge at Charger 14 (fid=23),510.0,,0.0,
Car 76,,1,0,,,start_charge,starting to charge at Charger 0 (fid=1),510.35140670237644,,5.0,
Car 197,,,,,12,switch,"Charger 12 (fid=67) not available, trying Charger 11 (fid=66)",510.5996994779349,11,,
Car 1498,,,,,26,switch,"Charger 26 (fid=65) not available, trying Charger 7 (fid=47)",510.5996994779349,7,,
Car 348,,,,32,,arrived,arrived,511.0,,,
Car 548,,,,14,,arrived,arrived,511.0,,,
Car 703,,,,,12,switch,"Charger 12 (fid=67) not available, trying Charger 26 (fid=65)",511.0,26,,
Car 348,,26,13,,,start_charge,starting to charge at Charger 13 (fid=26),511.0,,0.0,
Car 548,,31,29,,,start_charge,starting to charge at Charger 29 (fid=31),511.0,,0.0,
Car 1342,,,,28,,arrived,arrived,512.0,,,
Car 495,102.0,47,7,,,done,done charging,512.0,,,84.69595902991848
Car 1342,,23,14,,,start_charge,starting to charge at Charger 14 (fid=23),512.0,,0.0,
Car 1348,,,,,12,switch,"Charger 12 (fid=67) not available, trying Charger 25 (fid=23)",512.7489639513694,25,,
Car 1498,,47,7,,,start_charge,starting to charge at Charger 7 (fid=47),512.8189218444048,,10.0,
Car 1397,,,,,26,switch,"Charger 26 (fid=65) not available, trying Charger 6 (fid=24)",512.841011496093,6,,
Car 1000,,,,,11,switch,"Charger 11 (fid=66) not available, trying Charger 12 (fid=67)",514.4094890612248,12,,
Car 1122,,,,,11,switch,"Charger 11 (fid=66) not available, trying Charger 7 (fid=47)",514.4301664789625,7,,
Car 1348,,23,25,,,start_charge,starting to charge at Charger 25 (fid=23),515.2780311266421,,25.000000000000057,
Car 1397,,24,6,,,start_charge,starting to charge at Charger 6 (fid=24),515.6078353085461,,14.999999999999943,
Car 1494,75.0,17,2,,,done,done charging,515.8289111198803,,,141.4159812079012
Car 484,,,,73,,arrived,arrived,516.0,,,
Car 497,,,,,11,switch,"Charger 11 (fid=66) not available, trying Charger 7 (fid=47)",516.4301664789625,7,,
Car 64,93.0,6,15,,,done,done charging,516.683685327733,,,125.79907952366686
Car 522,,,,1,,arrived,arrived,517.0,,,
Car 947,,,,77,,arrived,arrived,517.0,,,
Car 999,69.0,75,28,,,done,done charging,517.0,,,0.0
Car 522,,1,0,,,start_charge,starting to charge at Charger 0 (fid=1),517.0,,0.0,
Car 947,,51,24,,,start_charge,starting to charge at Charger 24 (fid=51),517.0,,0.0,
Car 913,,,,,12,switch,"Charger 12 (fid=67) not available, trying Charger 7 (fid=47)",517.170431393877,7,,
Car 786,,,,66,,arrived,arrived,518.0,,,
Car 1180,,,,54,,arrived,arrived,518.0,,,
Car 703,,,,,26,switch,"Charger 26 (fid=65) not available, trying Charger 7 (fid=47)",518.5996994779349,7,,
Car 416,,,,64,,arrived,arrived,519.0,,,
Car 1017,85.0,65,26,,,done,done charging,519.0,,,76.93727045459511
Car 538,52.0,58,18,,,done,done charging,519.0,,,0.0
Car 416,,58,18,,,start_charge,starting to charge at Charger 18 (fid=58),519.0,,0.0,
Car 484,,65,26,,,start_charge,starting to charge at Charger 26 (fid=65),519.0,,3.0,
Car 197,,,,,11,switch,"Charger 11 (fid=66) not available, trying Charger 7 (fid=47)",519.4301664789625,7,,
Car 86,,,,87,,arrived,arrived,520.0,,,
Car 86,,89,23,,,start_charge,starting to charge at Charger 23 (fid=89),520.0,,0.0,
Car 1208,52.0,17,4,,,done,done charging,520.9205910363764,,,144.75845650600084
Car 442,,,,37,,arrived,arrived,521.0,,,
Car 1341,65.0,3,5,,,done,done charging,521.0,,,39.714584953154606
Car 978,,,,34,,arrived,arrived,522.0,,,
Car 1166,,,,54,,arrived,arrived,522.0,,,
Car 890,94.0,67,12,,,done,done charging,522.0,,,107.1141266920381
Car 1323,83.0,7,1,,,done,done charging,522.0,,,0.0
Car 978,,32,16,,,start_charge,starting to charge at Charger 16 (fid=32),522.0,,0.0,
Car 1180,,67,12,,,start_charge,starting to charge at Charger 12 (fid=67),522.0,,4.0,
Car 618,,,,25,,arrived,arrived,523.0,,,
Car 763,56.0,65,26,,,done,done charging,523.0,,,0.0
Car 786,,,,,11,switch,"Charger 11 (fid=66) not available, trying Charger 26 (fid=65)",523.0,26,,
Car 1000,,,,,12,switch,"Charger 12 (fid=67) not available, trying Charger 21 (fid=48)",523.2399560622524,21,,
Car 913,,,,,7,switch,"Charger 7 (fid=47) not available, trying Charger 4 (fid=17)",523.5483213576975,4,,
Car 1122,,,,,7,switch,"Charger 7 (fid=47) not available, trying Charger 4 (fid=17)",523.6204331737174,4,,
Car 1125,48.0,17,2,,,done,done charging,523.8289111198803,,,92.64731686345067
Car 264,118.0,17,4,,,done,done charging,524.0,,,35.968865217030135
Car 414,59.0,17,2,,,done,done charging,524.0,,,27.818216998902926
Car 913,,17,4,,,start_charge,starting to charge at Charger 4 (fid=17),524.6499905496692,,20.0,
Car 1122,,17,4,,,start_charge,starting to charge at Charger 4 (fid=17),524.722102365689,,20.0,
Car 1320,,,,8,,arrived,arrived,525.0,,,
Car 1460,,,,51,,arrived,arrived,525.0,,,
Car 672,82.0,31,29,,,done,done charging,525.0,,,58.28024794902319
Car 1320,,65,26,,,start_charge,starting to charge at Charger 26 (fid=65),525.0,,0.0,
Car 1460,,51,24,,,start_charge,starting to charge at Charger 24 (fid=51),525.0,,0.0,
Car 814,105.0,17,2,,,done,done charging,525.3532983932625,,,161.3068235537577
Car 497,,,,,7,switch,"Charger 7 (fid=47) not available, trying Charger 4 (fid=17)",525.6204331737174,4,,
Car 703,,,,,7,switch,"Charger 7 (fid=47) not available, trying Charger 4 (fid=17)",525.8189218444048,4,,
Car 508,,,,27,,arrived,arrived,526.0,,,
Car 442,,,,,12,switch,"Charger 12 (fid=67) not available, trying Charger 26 (fid=65)",526.0,26,,
Car 508,,33,8,,,start_charge,starting to charge at Charger 8 (fid=33),526.0,,0.0,
Car 1114,47.0,15,9,,,done,done charging,526.5257012218367,,,27.985852943928183
Car 615,116.0,1,0,,,done,done charging,527.0,,,0.0
Car 1166,,,,,12,switch,"Charger 12 (fid=67) not available, trying Charger 27 (fid=72)",527.0,27,,
Car 315,56.0,31,29,,,done,done charging,527.7602353661882,,,5.161525840301837
Car 99,,,,77,,arrived,arrived,528.0,,,
Car 618,,,,,14,switch,"Charger 14 (fid=23) not available, trying Charger 20 (fid=21)",528.0,20,,
Car 618,,21,20,,,start_charge,starting to charge at Charger 20 (fid=21),528.1295704926748,,5.0,
Car 197,,,,,7,switch,"Charger 7 (fid=47) not available, trying Charger 4 (fid=17)",528.6204331737174,4,,
Car 895,59.0,17,4,,,done,done charging,528.722102365689,,,195.64407842046415
Car 497,,17,4,,,start_charge,starting to charge at Charger 4 (fid=17),528.722102365689,,22.0,
Car 409,69.0,19,3,,,done,done charging,529.2564304242966,,,10.798154749778018
Car 1000,,,,,21,switch,"Charger 21 (fid=48) not available, trying Charger 4 (fid=17)",530.097925210704,4,,
Car 786,,,,,26,switch,"Charger 26 (fid=65) not available, trying Charger 5 (fid=3)",530.3399643928495,5,,
Car 703,,,,,4,switch,"Charger 4 (fid=17) not available, trying Charger 21 (fid=48)",531.9205910363764,21,,
Car 721,116.0,21,17,,,done,done charging,532.0,,,35.623130294799026
Car 120,,,,52,,arrived,arrived,533.0,,,
Car 1269,,,,2,,arrived,arrived,533.0,,,
Car 1340,,,,37,,arrived,arrived,533.0,,,
Car 851,86.0,1,0,,,done,done charging,533.0,,,0.0
Car 99,,,,,24,switch,"Charger 24 (fid=51) not available, trying Charger 5 (fid=3)",533.0,5,,
Car 120,,7,1,,,start_charge,starting to charge at Charger 1 (fid=7),533.0,,0.0,
Car 1269,,7,1,,,start_charge,starting to charge at Charger 1 (fid=7),533.0,,0.0,
Car 1166,,,,,27,switch,"Charger 27 (fid=72) not available, trying Charger 29 (fid=31)",533.4975388525362,29,,
Car 442,,,,,26,switch,"Charger 26 (fid=65) not available, trying Charger 7 (fid=47)",533.5996994779349,7,,
Car 1166,,31,29,,,start_charge,starting to charge at Charger 29 (fid=31),533.7602353661882,,10.0,
Car 99,,3,5,,,start_charge,starting to charge at Charger 5 (fid=3),533.7998342365761,,5.0,
Car 346,,,,15,,arrived,arrived,534.0,,,
Car 1051,,,,25,,arrived,arrived,534.0,,,
Car 346,,15,9,,,start_charge,starting to charge at Charger 9 (fid=15),534.0,,0.0,
Car 197,,,,,4,switch,"Charger 4 (fid=17) not available, trying Charger 2 (fid=17)",534.722102365689,2,,
Car 83,,,,24,,arrived,arrived,535.0,,,
Car 162,,,,2,,arrived,arrived,535.0,,,
Car 83,,24,6,,,start_charge,starting to charge at Charger 6 (fid=24),535.0,,0.0,
Car 162,,7,1,,,start_charge,starting to charge at Charger 1 (fid=7),535.0,,0.0,
Car 549,102.0,6,15,,,done,done charging,536.0,,,126.33398464785847
Car 1378,67.0,66,11,,,done,done charging,536.0,,,145.62807570314592
Car 1000,,,,,4,switch,"Charger 4 (fid=17) not available, trying Charger 13 (fid=26)",536.6225550885868,13,,
Car 595,,,,21,,arrived,arrived,537.0,,,
Car 595,,21,17,,,start_charge,starting to charge at Charger 17 (fid=21),537.0,,0.0,
Car 197,,17,2,,,start_charge,starting to charge at Charger 2 (fid=17),537.0849058273336,,25.0,
Car 1000,,26,13,,,start_charge,starting to charge at Charger 13 (fid=26),537.9179095192853,,30.0,
Car 918,,,,4,,arrived,arrived,538.0,,,
Car 1001,,,,3,,arrived,arrived,538.0,,,
Car 1340,,,,,12,switch,"Charger 12 (fid=67) not available, trying Charger 26 (fid=65)",538.0,26,,
Car 918,,6,15,,,start_charge,starting to charge at Charger 15 (fid=6),538.0,,0.0,
Car 703,,,,,21,switch,"Charger 21 (fid=48) not available, trying Charger 2 (fid=17)",538.4452209142592,2,,
Car 31,105.0,47,7,,,done,done charging,539.0,,,84.69595902991848
Car 1051,,,,,14,switch,"Charger 14 (fid=23) not available, trying Charger 20 (fid=21)",539.0,20,,
Car 442,,47,7,,,start_charge,starting to charge at Charger 7 (fid=47),539.0,,13.181078155595173,
Car 1051,,21,20,,,start_charge,starting to charge at Charger 20 (fid=21),539.1295704926748,,5.0,
Car 786,,,,,5,switch,"Charger 5 (fid=3) not available, trying Charger 24 (fid=51)",539.9362870596834,24,,
Car 880,,,,57,,arrived,arrived,540.0,,,
Car 727,,,,124,,arrived,arrived,541.0,,,
Car 727,,115,22,,,start_charge,starting to charge at Charger 22 (fid=115),541.0,,0.0,
Car 581,45.0,3,5,,,done,done charging,541.6590307436879,,,115.43201741284133
Car 1001,,3,5,,,start_charge,starting to charge at Charger 5 (fid=3),541.6590307436879,,3.6590307436879357,
Car 1449,111.0,75,28,,,done,done charging,541.7048378333172,,,114.0234729956875
Car 1100,,,,15,,arrived,arrived,542.0,,,
Car 1100,,75,28,,,start_charge,starting to charge at Charger 28 (fid=75),542.0,,0.0,
Car 703,,17,2,,,start_charge,starting to charge at Charger 2 (fid=17),542.148806150146,,25.0,
Car 1346,101.0,66,11,,,done,done charging,542.3399643928494,,,145.62807570314592
Car 827,,,,115,,arrived,arrived,543.0,,,
Car 1018,,,,50,,arrived,arrived,543.0,,,
Car 911,75.0,1,0,,,done,done charging,543.0,,,0.0
Car 827,,115,22,,,start_charge,starting to charge at Charger 22 (fid=115),543.0,,0.0,
Car 1079,62.0,48,21,,,done,done charging,543.4853130291847,,,92.18328053392605
Car 1082,,,,9,,arrived,arrived,544.0,,,
Car 1173,,,,29,,arrived,arrived,544.0,,,
Car 203,48.0,67,12,,,done,done charging,544.0,,,107.1141266920381
Car 1082,,66,11,,,start_charge,starting to charge at Charger 11 (fid=66),544.0,,0.0,
Car 1173,,33,8,,,start_charge,starting to charge at Charger 8 (fid=33),544.0,,0.0,
Car 1074,105.0,17,4,,,done,done charging,544.6056414532112,,,50.44993305249392
Car 117,,,,43,,arrived,arrived,545.0,,,
Car 788,,,,31,,arrived,arrived,545.0,,,
Car 300,119.0,32,16,,,done,done charging,545.0,,,5.8131014097117815
Car 880,,,,,27,switch,"Charger 27 (fid=72) not available, trying Charger 10 (fid=70)",545.0,10,,
Car 117,,48,21,,,start_charge,starting to charge at Charger 21 (fid=48),545.0,,0.0,
Car 788,,17,4,,,start_charge,starting to charge at Charger 4 (fid=17),545.0,,0.0,
Car 1340,,,,,26,switch,"Charger 26 (fid=65) not available, trying Charger 7 (fid=47)",545.5996994779349,7,,
Car 786,,,,,24,switch,"Charger 24 (fid=51) not available, trying Charger 15 (fid=6)",545.7361212962595,15,,
Car 272,,,,63,,arrived,arrived,546.0,,,
Car 1396,62.0,24,6,,,done,done charging,546.0,,,0.0
Car 574,,,,1,,arrived,arrived,547.0,,,
Car 1379,,,,60,,arrived,arrived,547.0,,,
Car 574,,1,0,,,start_charge,starting to charge at Charger 0 (fid=1),547.0,,0.0,
Car 1379,,6,15,,,start_charge,starting to charge at Charger 15 (fid=6),547.0,,0.0,
Car 1224,98.0,72,27,,,done,done charging,547.4975388525363,,,84.84242495942729
Car 862,,,,44,,arrived,arrived,548.0,,,
Car 1018,,,,,5,switch,"Charger 5 (fid=3) not available, trying Charger 24 (fid=51)",548.0,24,,
Car 193,,,,8,,arrived,arrived,549.0,,,
Car 1436,,,,37,,arrived,arrived,549.0,,,
Car 725,118.0,70,10,,,done,done charging,549.0,,,5.400202311015656
Car 1436,,67,12,,,start_charge,starting to charge at Charger 12 (fid=67),549.0,,0.0,
Car 880,,70,10,,,start_charge,starting to charge at Charger 10 (fid=70),549.0,,8.873459497277963,
Car 135,97.0,32,16,,,done,done charging,549.0619630953217,,,5.161525840301837
Car 217,,,,77,,arrived,arrived,550.0,,,
Car 577,,,,40,,arrived,arrived,550.0,,,
Car 1059,,,,33,,arrived,arrived,550.0,,,
Car 1059,,33,8,,,start_charge,starting to charge at Charger 8 (fid=33),550.0,,0.0,
Car 544,108.0,23,14,,,done,done charging,551.0,,,102.25271290286024
Car 731,72.0,23,14,,,done,done charging,551.0,,,18.500904031961415
Car 1227,66.0,70,10,,,done,done charging,551.0,,,39.83469850517974
Car 272,,,,,26,switch,"Charger 26 (fid=65) not available, trying Charger 7 (fid=47)",551.0,7,,
Car 533,108.0,47,7,,,done,done charging,551.2192223664699,,,175.5352111714144
Car 1340,,47,7,,,start_charge,starting to charge at Charger 7 (fid=47),551.2192223664699,,13.400300522065095,
Car 208,,,,31,,arrived,arrived,552.0,,,
Car 1472,,,,5,,arrived,arrived,552.0,,,
Car 757,77.0,23,14,,,done,done charging,552.0,,,5.390518435139498
Car 1490,75.0,3,5,,,done,done charging,552.0,,,39.714584953154606
Car 208,,31,29,,,start_charge,starting to charge at Charger 29 (fid=31),552.0,,0.0,
Car 577,,3,5,,,start_charge,starting to charge at Charger 5 (fid=3),552.0,,2.0,
Car 1047,65.0,85,19,,,done,done charging,553.0,,,72.23389941709169
Car 862,,,,,7,switch,"Charger 7 (fid=47) not available, trying Charger 8 (fid=33)",553.0,8,,
Car 786,,,,,15,switch,"Charger 15 (fid=6) not available, trying Charger 2 (fid=17)",553.184662151494,2,,
Car 862,,33,8,,,start_charge,starting to charge at Charger 8 (fid=33),553.7854170967227,,5.0,
Car 1018,,,,,24,switch,"Charger 24 (fid=51) not available, trying Charger 28 (fid=75)",553.7998342365761,28,,
Car 1043,,,,22,,arrived,arrived,554.0,,,
Car 193,,,,,26,switch,"Charger 26 (fid=65) not available, trying Charger 11 (fid=66)",554.0,11,,
Car 1043,,21,20,,,start_charge,starting to charge at Charger 20 (fid=21),554.0,,0.0,
Car 786,,17,2,,,start_charge,starting to charge at Charger 2 (fid=17),554.0135732713743,,25.0,
Car 697,,,,76,,arrived,arrived,555.0,,,
Car 457,112.0,32,16,,,done,done charging,555.0,,,16.87024961282752
Car 217,,,,,24,switch,"Charger 24 (fid=51) not available, trying Charger 5 (fid=3)",555.0,5,,
Car 697,,85,19,,,start_charge,starting to charge at Charger 19 (fid=85),555.0,,0.0,
Car 1018,,75,28,,,start_charge,starting to charge at Charger 28 (fid=75),555.1686634442074,,10.0,
Car 1219,109.0,72,27,,,done,done charging,555.4975388525363,,,84.84242495942729
Car 1481,,,,45,,arrived,arrived,556.0,,,
Car 479,76.0,115,22,,,done,done charging,556.0,,,44.76134967805504
Car 1156,66.0,15,9,,,done,done charging,556.0,,,0.0
Car 335,51.0,19,3,,,done,done charging,556.2564304242966,,,10.798154749778018
Car 193,,66,11,,,start_charge,starting to charge at Charger 11 (fid=66),556.3399643928495,,5.0,
Car 48,,,,77,,arrived,arrived,557.0,,,
Car 813,,,,35,,arrived,arrived,557.0,,,
Car 1097,,,,4,,arrived,arrived,557.0,,,
Car 1472,,,,,7,switch,"Charger 7 (fid=47) not available, trying Charger 21 (fid=48)",557.0,21,,
Car 813,,32,16,,,start_charge,starting to charge at Charger 16 (fid=32),557.0,,0.0,
Car 465,,,,39,,arrived,arrived,558.0,,,
Car 1232,,,,85,,arrived,arrived,558.0,,,
Car 1466,,,,57,,arrived,arrived,558.0,,,
Car 1232,,85,19,,,start_charge,starting to charge at Charger 19 (fid=85),558.0,,0.0,
Car 1466,,72,27,,,start_charge,starting to charge at Charger 27 (fid=72),558.0,,0.0,
Car 272,,,,,7,switch,"Charger 7 (fid=47) not available, trying Charger 11 (fid=66)",558.2192223664699,11,,
Car 769,114.0,66,11,,,done,done charging,558.3399643928494,,,145.62807570314592
Car 847,,,,61,,arrived,arrived,559.0,,,
Car 847,,66,11,,,start_charge,starting to charge at Charger 11 (fid=66),559.0,,0.0,
Car 663,,,,21,,arrived,arrived,560.0,,,
Car 840,,,,77,,arrived,arrived,560.0,,,
Car 1052,,,,31,,arrived,arrived,560.0,,,
Car 953,88.0,70,10,,,done,done charging,560.0,,,39.83469850517974
Car 663,,21,20,,,start_charge,starting to charge at Charger 20 (fid=21),560.0,,0.0,
Car 1397,45.0,24,6,,,done,done charging,560.6078353085461,,,134.55516246137196
Car 217,,,,,5,switch,"Charger 5 (fid=3) not available, trying Charger 15 (fid=6)",560.7998342365761,15,,
Car 951,,,,78,,arrived,arrived,561.0,,,
Car 1481,,,,,15,switch,"Charger 15 (fid=6) not available, trying Charger 2 (fid=17)",561.0,2,,
Car 282,53.0,47,7,,,done,done charging,561.7073106451828,,,114.77823398625024
Car 1481,,17,2,,,start_charge,starting to charge at Charger 2 (fid=17),561.8289111198803,,5.0,
Car 649,,,,54,,arrived,arrived,562.0,,,
Car 48,,,,,24,switch,"Charger 24 (fid=51) not available, trying Charger 5 (fid=3)",562.0,5,,
Car 1097,,,,,15,switch,"Charger 15 (fid=6) not available, trying Charger 0 (fid=1)",562.0,0,,
Car 1472,,,,,21,switch,"Charger 21 (fid=48) not available, trying Charger 26 (fid=65)",562.4853130291848,26,,
Car 608,,,,40,,arrived,arrived,563.0,,,
Car 465,,,,,5,switch,"Charger 5 (fid=3) not available, trying Charger 24 (fid=51)",563.0,24,,
Car 1097,,1,0,,,start_charge,starting to charge at Charger 0 (fid=1),563.3514067023764,,5.0,
Car 113,86.0,51,24,,,done,done charging,564.0,,,0.0
Car 840,,51,24,,,start_charge,starting to charge at Charger 24 (fid=51),564.0,,4.0,
Car 1370,60.0,72,27,,,done,done charging,564.5615075279696,,,124.7449864162683
Car 1012,110.0,51,24,,,done,done charging,565.0,,,0.0
Car 1052,,,,,4,switch,"Charger 4 (fid=17) not available, trying Charger 8 (fid=33)",565.0,8,,
Car 465,,51,24,,,start_charge,starting to charge at Charger 24 (fid=51),565.0,,6.200165763423911,
Car 318,,,,16,,arrived,arrived,566.0,,,
Car 127,78.0,24,6,,,done,done charging,566.0,,,0.0
Car 951,,,,,26,switch,"Charger 26 (fid=65) not available, trying Charger 11 (fid=66)",566.0,11,,
Car 383,77.0,6,15,,,done,done charging,567.0,,,0.0
Car 649,,,,,12,switch,"Charger 12 (fid=67) not available, trying Charger 27 (fid=72)",567.0,27,,
Car 217,,6,15,,,start_charge,starting to charge at Charger 15 (fid=6),567.0,,13.316314672267026,
Car 272,,,,,11,switch,"Charger 11 (fid=66) not available, trying Charger 12 (fid=67)",567.4094890612248,12,,
Car 48,,,,,5,switch,"Charger 5 (fid=3) not available, trying Charger 15 (fid=6)",567.7998342365761,15,,
Car 608,,,,,5,switch,"Charger 5 (fid=3) not available, trying Charger 24 (fid=51)",568.0,24,,
Car 649,,72,27,,,start_charge,starting to charge at Charger 27 (fid=72),568.4975388525362,,5.0,
Car 1324,,,,77,,arrived,arrived,569.0,,,
Car 1472,,,,,26,switch,"Charger 26 (fid=65) not available, trying Charger 6 (fid=24)",569.8410114960931,6,,
Car 318,,,,,2,switch,"Charger 2 (fid=17) not available, trying Charger 9 (fid=15)",571.0,9,,
Car 1052,,,,,8,switch,"Charger 8 (fid=33) not available, trying Charger 13 (fid=26)",571.0974245133019,13,,
Car 318,,15,9,,,start_charge,starting to charge at Charger 9 (fid=15),571.2536541789356,,5.0,
Car 1052,,26,13,,,start_charge,starting to charge at Charger 13 (fid=26),571.3900612854999,,10.0,
Car 167,,,,9,,arrived,arrived,572.0,,,
Car 283,119.0,17,4,,,done,done charging,572.0,,,35.968865217030135
Car 1472,,24,6,,,start_charge,starting to charge at Charger 6 (fid=24),572.6078353085462,,15.0,
Car 951,,,,,11,switch,"Charger 11 (fid=66) not available, trying Charger 7 (fid=47)",573.3399643928495,7,,
Car 913,49.0,17,4,,,done,done charging,573.6499905496692,,,226.96083866827195
Car 608,,,,,24,switch,"Charger 24 (fid=51) not available, trying Charger 11 (fid=66)",573.7998342365761,11,,
Car 1021,,,,66,,arrived,arrived,574.0,,,
Car 1460,49.0,51,24,,,done,done charging,574.0,,,0.0
Car 1324,,,,,24,switch,"Charger 24 (fid=51) not available, trying Charger 5 (fid=3)",574.0,5,,
Car 76,64.0,1,0,,,done,done charging,574.3514067023764,,,103.04602253846483
Car 363,,,,34,,arrived,arrived,575.0,,,
Car 1003,92.0,31,29,,,done,done charging,575.0,,,0.0
Car 363,,32,16,,,start_charge,starting to charge at Charger 16 (fid=32),575.0,,0.0,
Car 48,,,,,15,switch,"Charger 15 (fid=6) not available, trying Charger 0 (fid=1)",575.683685327733,0,,
Car 859,,,,86,,arrived,arrived,576.0,,,
Car 859,,85,19,,,start_charge,starting to charge at Charger 19 (fid=85),576.0,,0.0,
Car 418,107.0,70,10,,,done,done charging,576.126540502722,,,55.786085594899674
Car 272,,,,,12,switch,"Charger 12 (fid=67) not available, trying Charger 21 (fid=48)",576.2399560622524,21,,
Car 866,97.0,3,5,,,done,done charging,576.9362870596834,,,221.49726094921147
Car 1324,,3,5,,,start_charge,starting to charge at Charger 5 (fid=3),576.9362870596834,,7.136452823107334,
Car 145,,,,86,,arrived,arrived,577.0,,,
Car 1435,86.0,58,18,,,done,done charging,577.0,,,89.95471915359529
Car 167,,,,,11,switch,"Charger 11 (fid=66) not available, trying Charger 26 (fid=65)",577.0,26,,
Car 145,,85,19,,,start_charge,starting to charge at Charger 19 (fid=85),577.0,,0.0,
Car 48,,1,0,,,start_charge,starting to charge at Charger 0 (fid=1),577.0350920301094,,15.0,
Car 951,,47,7,,,start_charge,starting to charge at Charger 7 (fid=47),577.5302310876044,,10.0,
Car 316,,,,37,,arrived,arrived,578.0,,,
Car 522,61.0,1,0,,,done,done charging,578.0,,,0.0
Car 947,62.0,51,24,,,done,done charging,579.0,,,91.67281497261143
Car 978,57.0,32,16,,,done,done charging,579.0,,,11.098255718787485
Car 1021,,,,,11,switch,"Charger 11 (fid=66) not available, trying Charger 26 (fid=65)",579.0,26,,
Car 1469,84.0,48,21,,,done,done charging,580.4452209142592,,,174.76878454974607
Car 272,,48,21,,,start_charge,starting to charge at Charger 21 (fid=48),580.4452209142592,,22.34729570355512,
Car 472,81.0,48,21,,,done,done charging,580.7045353956546,,,152.23002986599647
Car 241,112.0,65,26,,,done,done charging,581.0,,,76.93727045459511
Car 86,61.0,89,23,,,done,done charging,581.0,,,5.964109489270696
Car 167,,65,26,,,start_charge,starting to charge at Charger 26 (fid=65),581.0,,6.660035607150462,
Car 1166,48.0,31,29,,,done,done charging,581.7602353661882,,,85.54541461119372
Car 1361,,,,48,,arrived,arrived,582.0,,,
Car 1361,,48,21,,,start_charge,starting to charge at Charger 21 (fid=48),582.0,,0.0,
Car 608,,,,,11,switch,"Charger 11 (fid=66) not available, trying Charger 15 (fid=6)",582.0655207522695,15,,
Car 137,111.0,72,27,,,done,done charging,582.126540502722,,,0.0
Car 1413,,,,54,,arrived,arrived,583.0,,,
Car 1038,106.0,7,1,,,done,done charging,583.0,,,0.0
Car 316,,,,,12,switch,"Charger 12 (fid=67) not available, trying Charger 26 (fid=65)",583.0,26,,
Car 381,85.0,48,21,,,done,done charging,583.4452209142592,,,174.76878454974607
Car 1033,,,,45,,arrived,arrived,584.0,,,
Car 190,100.0,33,8,,,done,done charging,584.0,,,28.3922700043593
Car 1398,90.0,51,24,,,done,done charging,584.0,,,91.67281497261143
Car 99,51.0,3,5,,,done,done charging,584.7998342365761,,,114.71650315889154
Car 1262,,,,9,,arrived,arrived,585.0,,,
Car 277,75.0,21,20,,,done,done charging,585.0,,,0.0
Car 1342,73.0,23,14,,,done,done charging,585.0,,,30.352942526217433
Car 583,93.0,85,19,,,done,done charging,586.0,,,72.23389941709169
Car 1021,,,,,26,switch,"Charger 26 (fid=65) not available, trying Charger 5 (fid=3)",586.3399643928495,5,,
Car 148,79.0,17,2,,,done,done charging,587.0,,,27.818216998902926
Car 198,,,,86,,arrived,arrived,588.0,,,
Car 844,,,,11,,arrived,arrived,588.0,,,
Car 1413,,,,,12,switch,"Charger 12 (fid=67) not available, trying Charger 27 (fid=72)",588.0,27,,
Car 198,,85,19,,,start_charge,starting to charge at Charger 19 (fid=85),588.0,,0.0,
Car 844,,17,2,,,start_charge,starting to charge at Charger 2 (fid=17),588.0,,0.0,
Car 1272,,,,82,,arrived,arrived,589.0,,,
Car 348,78.0,26,13,,,done,done charging,589.0,,,8.0825061707424
Car 1033,,,,,15,switch,"Charger 15 (fid=6) not available, trying Charger 2 (fid=17)",589.0,2,,
Car 1413,,72,27,,,start_charge,starting to charge at Charger 27 (fid=72),589.4975388525362,,5.0,
Car 59,,,,84,,arrived,arrived,590.0,,,
Car 1262,,,,,11,switch,"Charger 11 (fid=66) not available, trying Charger 26 (fid=65)",590.0,26,,
Car 316,,,,,26,switch,"Charger 26 (fid=65) not available, trying Charger 7 (fid=47)",590.5996994779349,7,,
Car 608,,,,,15,switch,"Charger 15 (fid=6) not available, trying Charger 0 (fid=1)",590.7755104087607,0,,
Car 1021,,3,5,,,start_charge,starting to charge at Charger 5 (fid=3),590.9362870596834,,10.0,
Car 1062,,,,74,,arrived,arrived,591.0,,,
Car 653,83.0,3,5,,,done,done charging,591.0,,,0.0
Car 1062,,21,17,,,start_charge,starting to charge at Charger 17 (fid=21),591.0,,0.0,
Car 416,73.0,58,18,,,done,done charging,592.0,,,60.39930873776547
Car 608,,1,0,,,start_charge,starting to charge at Charger 0 (fid=1),592.1269171111371,,20.0,
Car 912,117.0,66,11,,,done,done charging,592.4094890612248,,,178.1234114455571
Car 252,,,,81,,arrived,arrived,593.0,,,
Car 621,,,,62,,arrived,arrived,594.0,,,
Car 1459,,,,32,,arrived,arrived,594.0,,,
Car 1272,,,,,19,switch,"Charger 19 (fid=85) not available, trying Charger 23 (fid=89)",594.0,23,,
Car 1459,,32,16,,,start_charge,starting to charge at Charger 16 (fid=32),594.0,,0.0,
Car 1272,,89,23,,,start_charge,starting to charge at Charger 23 (fid=89),594.2788150019745,,5.0,
Car 1033,,,,,2,switch,"Charger 2 (fid=17) not available, trying Charger 9 (fid=15)",594.8289111198803,9,,
Car 59,,,,,19,switch,"Charger 19 (fid=85) not available, trying Charger 23 (fid=89)",595.0,23,,
Car 1033,,15,9,,,start_charge,starting to charge at Charger 9 (fid=15),595.0825652988159,,10.0,
Car 59,,89,23,,,start_charge,starting to charge at Charger 23 (fid=89),595.2788150019745,,5.0,
Car 199,117.0,48,21,,,done,done charging,595.8909948029178,,,196.22968229346202
Car 153,90.0,15,9,,,done,done charging,596.8689851131891,,,100.11335289564695
Car 155,,,,4,,arrived,arrived,597.0,,,
Car 664,,,,18,,arrived,arrived,597.0,,,
Car 729,,,,59,,arrived,arrived,597.0,,,
Car 230,119.0,65,26,,,done,done charging,597.0,,,76.93727045459511
Car 664,,72,27,,,start_charge,starting to charge at Charger 27 (fid=72),597.0,,0.0,
Car 729,,75,28,,,start_charge,starting to charge at Charger 28 (fid=75),597.0,,0.0,
Car 1262,,65,26,,,start_charge,starting to charge at Charger 26 (fid=65),597.0,,9.660035607150462,
Car 316,,,,,7,switch,"Charger 7 (fid=47) not available, trying Charger 4 (fid=17)",597.8189218444048,4,,
Car 252,,,,,15,switch,"Charger 15 (fid=6) not available, trying Charger 9 (fid=15)",598.0,9,,
Car 497,70.0,17,4,,,done,done charging,598.722102365689,,,195.64407842046415
Car 252,,15,9,,,start_charge,starting to charge at Charger 9 (fid=15),598.8689851131891,,5.0,
Car 316,,17,4,,,start_charge,starting to charge at Charger 4 (fid=17),598.9205910363764,,15.0,
Car 2,,,,37,,arrived,arrived,599.0,,,
Car 120,66.0,7,1,,,done,done charging,599.0,,,54.86803450095119
Car 621,,,,,15,switch,"Charger 15 (fid=6) not available, trying Charger 5 (fid=3)",599.0,5,,
Car 1497,96.0,47,7,,,done,done charging,599.2192223664699,,,184.86122312694292
Car 680,,,,74,,arrived,arrived,601.0,,,
Car 680,,21,17,,,start_charge,starting to charge at Charger 17 (fid=21),601.0,,0.0,
Car 1051,62.0,21,20,,,done,done charging,601.1295704926748,,,29.293217781627856
Car 621,,3,5,,,start_charge,starting to charge at Charger 5 (fid=3),601.8838510911569,,5.0,
Car 155,,,,,26,switch,"Charger 26 (fid=65) not available, trying Charger 7 (fid=47)",602.0,7,,
Car 1332,93.0,23,14,,,done,done charging,603.0,,,30.352942526217433
Car 484,84.0,65,26,,,done,done charging,603.0,,,113.8475167274432
Car 162,69.0,7,1,,,done,done charging,604.0,,,81.2900161151567
Car 2,,,,,12,switch,"Charger 12 (fid=67) not available, trying Charger 26 (fid=65)",604.0,26,,
Car 155,,47,7,,,start_charge,starting to charge at Charger 7 (fid=47),604.2192223664699,,5.0,
Car 209,,,,6,,arrived,arrived,605.0,,,
Car 727,64.0,115,22,,,done,done charging,605.0,,,44.76134967805504
Car 1466,47.0,72,27,,,done,done charging,605.0,,,49.900990150494394
Car 1243,,,,16,,arrived,arrived,606.0,,,
Car 1180,84.0,67,12,,,done,done charging,606.0,,,64.95618188439852
Car 2,,65,26,,,start_charge,starting to charge at Charger 26 (fid=65),606.5996994779349,,5.0,
Car 119,,,,37,,arrived,arrived,607.0,,,
Car 718,104.0,31,29,,,done,done charging,607.0,,,33.63526893009036
Car 83,72.0,24,6,,,done,done charging,607.0,,,0.0
Car 1379,60.0,6,15,,,done,done charging,607.0,,,126.33398464785847
Car 119,,67,12,,,start_charge,starting to charge at Charger 12 (fid=67),607.0,,0.0,
Car 209,,6,15,,,start_charge,starting to charge at Charger 15 (fid=6),607.0,,2.0,
Car 1408,102.0,72,27,,,done,done charging,607.126540502722,,,15.941006147687371
Car 552,,,,68,,arrived,arrived,609.0,,,
Car 1100,67.0,75,28,,,done,done charging,609.0,,,0.012206555630439934
Car 117,64.0,48,21,,,done,done charging,609.0,,,24.25327608799757
Car 663,49.0,21,20,,,done,done charging,609.0,,,0.0
Car 552,,70,10,,,start_charge,starting to charge at Charger 10 (fid=70),609.0,,0.0,
Car 1348,94.0,23,25,,,done,done charging,609.2780311266421,,,230.0018782205846
Car 1243,,,,,2,switch,"Charger 2 (fid=17) not available, trying Charger 9 (fid=15)",611.0,9,,
Car 1243,,15,9,,,start_charge,starting to charge at Charger 9 (fid=15),611.2536541789356,,5.0,
Car 1498,99.0,47,7,,,done,done charging,611.8189218444048,,,141.2437299493071
Car 407,,,,3,,arrived,arrived,612.0,,,
Car 754,,,,73,,arrived,arrived,612.0,,,
Car 321,104.0,115,22,,,done,done charging,612.0,,,44.76134967805504
Car 387,,,,61,,arrived,arrived,613.0,,,
Car 387,,66,11,,,start_charge,starting to charge at Charger 11 (fid=66),613.0,,0.0,
Car 1149,,,,66,,arrived,arrived,614.0,,,
Car 1366,,,,32,,arrived,arrived,614.0,,,
Car 1059,64.0,33,8,,,done,done charging,614.0,,,0.0
Car 1366,,32,16,,,start_charge,starting to charge at Charger 16 (fid=32),614.0,,0.0,
Car 618,86.0,21,20,,,done,done charging,614.1295704926748,,,29.293217781627856
Car 595,78.0,21,17,,,done,done charging,615.0,,,0.0
Car 442,76.0,47,7,,,done,done charging,615.0,,,141.2437299493071
Car 1082,72.0,66,11,,,done,done charging,616.0,,,80.78257328161338
Car 1149,,66,11,,,start_charge,starting to charge at Charger 11 (fid=66),616.0,,2.0,
Car 786,62.0,17,2,,,done,done charging,616.0135732713743,,,309.44969592164466
Car 1178,117.0,6,15,,,done,done charging,617.0,,,70.26383781861239
Car 407,,,,,5,switch,"Charger 5 (fid=3) not available, trying Charger 24 (fid=51)",617.0,24,,
Car 754,,,,,26,switch,"Charger 26 (fid=65) not available, trying Charger 12 (fid=67)",617.0,12,,
Car 197,80.0,17,2,,,done,done charging,617.0849058273336,,,196.36375038428906
Car 407,,51,24,,,start_charge,starting to charge at Charger 24 (fid=51),617.7998342365761,,5.0,
Car 21,,,,16,,arrived,arrived,618.0,,,
Car 548,107.0,31,29,,,done,done charging,618.0,,,33.63526893009036
Car 21,,17,2,,,start_charge,starting to charge at Charger 2 (fid=17),618.0,,0.0,
Car 482,,,,25,,arrived,arrived,619.0,,,
Car 607,,,,47,,arrived,arrived,619.0,,,
Car 482,,24,6,,,start_charge,starting to charge at Charger 6 (fid=24),619.0,,0.0,
Car 607,,47,7,,,start_charge,starting to charge at Charger 7 (fid=47),619.0,,0.0,
Car 695,,,,61,,arrived,arrived,620.0,,,
Car 1481,59.0,17,2,,,done,done charging,620.8289111198803,,,141.4159812079012
Car 280,,,,43,,arrived,arrived,621.0,,,
Car 714,,,,13,,arrived,arrived,621.0,,,
Car 735,,,,37,,arrived,arrived,621.0,,,
Car 280,,48,21,,,start_charge,starting to charge at Charger 21 (fid=48),621.0,,0.0,
Car 508,96.0,33,8,,,done,done charging,622.0,,,11.506014166488136
Car 93,117.0,67,12,,,done,done charging,623.0,,,182.91288948569206
Car 754,,67,12,,,start_charge,starting to charge at Charger 12 (fid=67),623.0,,8.400300522065095,
Car 765,,,,1,,arrived,arrived,624.0,,,
Car 765,,1,0,,,start_charge,starting to charge at Charger 0 (fid=1),624.0,,0.0,
Car 789,,,,66,,arrived,arrived,625.0,,,
Car 826,,,,37,,arrived,arrived,625.0,,,
Car 1409,,,,45,,arrived,arrived,625.0,,,
Car 813,68.0,32,16,,,done,done charging,625.0,,,16.87024961282752
Car 695,,,,,11,switch,"Charger 11 (fid=66) not available, trying Charger 5 (fid=3)",625.0,5,,
Car 1409,,6,15,,,start_charge,starting to charge at Charger 15 (fid=6),625.0,,0.0,
Car 882,,,,9,,arrived,arrived,626.0,,,
Car 1320,101.0,65,26,,,done,done charging,626.0,,,76.93727045459511
Car 714,,,,,12,switch,"Charger 12 (fid=67) not available, trying Charger 4 (fid=17)",626.0,4,,
Car 735,,,,,12,switch,"Charger 12 (fid=67) not available, trying Charger 26 (fid=65)",626.0,26,,
Car 714,,17,4,,,start_charge,starting to charge at Charger 4 (fid=17),626.6056414532112,,5.0,
Car 363,52.0,32,16,,,done,done charging,627.0,,,11.098255718787485
Car 1122,103.0,17,4,,,done,done charging,627.722102365689,,,195.64407842046415
Car 258,,,,71,,arrived,arrived,628.0,,,
Car 465,63.0,51,24,,,done,done charging,628.0,,,66.6171085082284
Car 258,,70,10,,,start_charge,starting to charge at Charger 10 (fid=70),628.0,,0.0,
Car 735,,65,26,,,start_charge,starting to charge at Charger 26 (fid=65),628.5996994779349,,5.0,
Car 1000,91.0,26,13,,,done,done charging,628.9179095192853,,,231.18096876690043
Car 1173,85.0,33,8,,,done,done charging,629.0,,,28.3922700043593
Car 272,49.0,48,21,,,done,done charging,629.4452209142592,,,196.0382332607512
Car 1232,72.0,85,19,,,done,done charging,630.0,,,0.0
Car 789,,,,,11,switch,"Charger 11 (fid=66) not available, trying Charger 26 (fid=65)",630.0,26,,
Car 826,,,,,12,switch,"Charger 12 (fid=67) not available, trying Charger 26 (fid=65)",630.0,26,,
Car 779,,,,53,,arrived,arrived,631.0,,,
Car 882,,,,,11,switch,"Charger 11 (fid=66) not available, trying Charger 26 (fid=65)",631.0,26,,
Car 779,,51,24,,,start_charge,starting to charge at Charger 24 (fid=51),631.0,,0.0,
Car 1052,60.0,26,13,,,done,done charging,631.3900612854999,,,75.57169917368962
Car 318,61.0,15,9,,,done,done charging,632.2536541789356,,,45.87318816035984
Car 695,,,,,5,switch,"Charger 5 (fid=3) not available, trying Charger 24 (fid=51)",632.659030743688,24,,
Car 20,,,,58,,arrived,arrived,633.0,,,
Car 65,,,,61,,arrived,arrived,633.0,,,
Car 682,,,,21,,arrived,arrived,633.0,,,
Car 848,,,,8,,arrived,arrived,633.0,,,
Car 936,,,,75,,arrived,arrived,633.0,,,
Car 20,,58,18,,,start_charge,starting to charge at Charger 18 (fid=58),633.0,,0.0,
Car 682,,21,17,,,start_charge,starting to charge at Charger 17 (fid=21),633.0,,0.0,
Car 936,,75,28,,,start_charge,starting to charge at Charger 28 (fid=75),633.0,,0.0,
Car 695,,51,24,,,start_charge,starting to charge at Charger 24 (fid=51),633.4588649802641,,10.0,
Car 1042,,,,124,,arrived,arrived,634.0,,,
Car 1194,,,,63,,arrived,arrived,634.0,,,
Car 1240,,,,14,,arrived,arrived,634.0,,,
Car 827,91.0,115,22,,,done,done charging,634.0,,,0.0
Car 1042,,115,22,,,start_charge,starting to charge at Charger 22 (fid=115),634.0,,0.0,
Car 1240,,31,29,,,start_charge,starting to charge at Charger 29 (fid=31),634.0,,0.0,
Car 918,97.0,6,15,,,done,done charging,635.0,,,86.22002937834127
Car 1139,,,,77,,arrived,arrived,636.0,,,
Car 1193,,,,78,,arrived,arrived,637.0,,,
Car 789,,,,,26,switch,"Charger 26 (fid=65) not available, trying Charger 5 (fid=3)",637.3399643928495,5,,
Car 826,,,,,26,switch,"Charger 26 (fid=65) not available, trying Charger 7 (fid=47)",637.5996994779349,7,,
Car 987,,,,66,,arrived,arrived,638.0,,,
Car 1196,,,,73,,arrived,arrived,638.0,,,
Car 574,91.0,1,0,,,done,done charging,638.0,,,0.0
Car 65,,,,,11,switch,"Charger 11 (fid=66) not available, trying Charger 5 (fid=3)",638.0,5,,
Car 848,,,,,26,switch,"Charger 26 (fid=65) not available, trying Charger 11 (fid=66)",638.0,11,,
Car 882,,,,,26,switch,"Charger 26 (fid=65) not available, trying Charger 5 (fid=3)",638.3399643928495,5,,
Car 1194,,,,,26,switch,"Charger 26 (fid=65) not available, trying Charger 7 (fid=47)",639.0,7,,
Car 826,,47,7,,,start_charge,starting to charge at Charger 7 (fid=47),639.8189218444048,,10.0,
Car 1347,,,,68,,arrived,arrived,640.0,,,
Car 1347,,70,10,,,start_charge,starting to charge at Charger 10 (fid=70),640.0,,0.0,
Car 650,,,,39,,arrived,arrived,641.0,,,
Car 1374,,,,5,,arrived,arrived,641.0,,,
Car 1139,,,,,24,switch,"Charger 24 (fid=51) not available, trying Charger 5 (fid=3)",641.0,5,,
Car 1413,52.0,72,27,,,done,done charging,641.4975388525362,,,84.84242495942729
Car 1361,60.0,48,21,,,done,done charging,642.0,,,0.0
Car 1193,,,,,26,switch,"Charger 26 (fid=65) not available, trying Charger 11 (fid=66)",642.0,11,,
Car 1472,70.0,24,6,,,done,done charging,642.6078353085462,,,134.55516246137196
Car 1475,,,,13,,arrived,arrived,643.0,,,
Car 987,,,,,11,switch,"Charger 11 (fid=66) not available, trying Charger 26 (fid=65)",643.0,26,,
Car 1196,,,,,26,switch,"Charger 26 (fid=65) not available, trying Charger 12 (fid=67)",643.0,12,,
Car 1087,,,,16,,arrived,arrived,644.0,,,
Car 1087,,17,2,,,start_charge,starting to charge at Charger 2 (fid=17),644.0,,0.0,
Car 1033,49.0,15,9,,,done,done charging,644.0825652988159,,,161.05068782215608
Car 1062,54.0,21,17,,,done,done charging,645.0,,,65.74620646091854
Car 59,50.0,89,23,,,done,done charging,645.2788150019745,,,31.56423515623855
Car 848,,,,,11,switch,"Charger 11 (fid=66) not available, trying Charger 12 (fid=67)",645.3399643928495,12,,
Car 65,,,,,5,switch,"Charger 5 (fid=3) not available, trying Charger 24 (fid=51)",645.659030743688,24,,
Car 788,101.0,17,4,,,done,done charging,646.0,,,50.95512642512205
Car 650,,,,,5,switch,"Charger 5 (fid=3) not available, trying Charger 24 (fid=51)",646.0,24,,
Car 1374,,,,,7,switch,"Charger 7 (fid=47) not available, trying Charger 21 (fid=48)",646.0,21,,
Car 1194,,,,,7,switch,"Charger 7 (fid=47) not available, trying Charger 11 (fid=66)",646.2192223664699,11,,
Car 1374,,48,21,,,start_charge,starting to charge at Charger 21 (fid=48),646.4853130291848,,5.0,
Car 1001,105.0,3,5,,,done,done charging,646.6590307436879,,,0.0
Car 1139,,3,5,,,start_charge,starting to charge at Charger 5 (fid=3),646.6590307436879,,9.859196507111847,
Car 789,,,,,5,switch,"Charger 5 (fid=3) not available, trying Charger 24 (fid=51)",646.9362870596834,24,,
Car 1154,,,,14,,arrived,arrived,647.0,,,
Car 859,71.0,85,19,,,done,done charging,647.0,,,5.766894224797834
Car 1154,,31,29,,,start_charge,starting to charge at Charger 29 (fid=31),647.0,,0.0,
Car 882,,,,,5,switch,"Charger 5 (fid=3) not available, trying Charger 2 (fid=17)",647.9362870596834,2,,
Car 1475,,,,,12,switch,"Charger 12 (fid=67) not available, trying Charger 4 (fid=17)",648.0,4,,
Car 608,56.0,1,0,,,done,done charging,648.1269171111371,,,214.70989851421444
Car 703,106.0,17,2,,,done,done charging,648.148806150146,,,186.2728267085428
Car 1475,,17,4,,,start_charge,starting to charge at Charger 4 (fid=17),648.6056414532112,,5.0,
Car 577,97.0,3,5,,,done,done charging,649.0,,,68.53159922986113
Car 1193,,,,,11,switch,"Charger 11 (fid=66) not available, trying Charger 7 (fid=47)",649.3399643928495,7,,
Car 737,,,,27,,arrived,arrived,650.0,,,
Car 1360,,,,18,,arrived,arrived,650.0,,,
Car 1269,117.0,7,1,,,done,done charging,650.0,,,81.2900161151567
Car 346,116.0,15,9,,,done,done charging,650.0,,,0.0
Car 737,,33,8,,,start_charge,starting to charge at Charger 8 (fid=33),650.0,,0.0,
Car 1360,,72,27,,,start_charge,starting to charge at Charger 27 (fid=72),650.0,,0.0,
Car 987,,,,,26,switch,"Charger 26 (fid=65) not available, trying Charger 5 (fid=3)",650.3399643928495,5,,
Car 1196,,,,,12,switch,"Charger 12 (fid=67) not available, trying Charger 11 (fid=66)",650.5996994779349,11,,
Car 1143,,,,89,,arrived,arrived,651.0,,,
Car 1446,,,,87,,arrived,arrived,651.0,,,
Car 1143,,89,23,,,start_charge,starting to charge at Charger 23 (fid=89),651.0,,0.0,
Car 1446,,89,23,,,start_charge,starting to charge at Charger 23 (fid=89),651.0,,0.0,
Car 882,,17,2,,,start_charge,starting to charge at Charger 2 (fid=17),651.4057343617891,,15.0,
Car 65,,,,,24,switch,"Charger 24 (fid=51) not available, trying Charger 15 (fid=6)",651.4588649802641,15,,
Car 650,,,,,24,switch,"Charger 24 (fid=51) not available, trying Charger 28 (fid=75)",651.7998342365761,28,,
Car 22,,,,3,,arrived,arrived,652.0,,,
Car 336,,,,19,,arrived,arrived,652.0,,,
Car 681,,,,71,,arrived,arrived,652.0,,,
Car 22,,21,17,,,start_charge,starting to charge at Charger 17 (fid=21),652.0,,0.0,
Car 336,,19,3,,,start_charge,starting to charge at Charger 3 (fid=19),652.0,,0.0,
Car 789,,,,,24,switch,"Charger 24 (fid=51) not available, trying Charger 15 (fid=6)",652.7361212962595,15,,
Car 650,,75,28,,,start_charge,starting to charge at Charger 28 (fid=75),653.1686634442074,,10.0,
Car 65,,6,15,,,start_charge,starting to charge at Charger 15 (fid=6),653.9074058354986,,15.0,
Car 848,,,,,12,switch,"Charger 12 (fid=67) not available, trying Charger 7 (fid=47)",654.1704313938772,7,,
Car 1324,78.0,3,5,,,done,done charging,654.9362870596834,,,114.71650315889154
Car 987,,3,5,,,start_charge,starting to charge at Charger 5 (fid=3),654.9362870596834,,10.0,
Car 1236,,,,49,,arrived,arrived,655.0,,,
Car 1236,,24,6,,,start_charge,starting to charge at Charger 6 (fid=24),655.0,,0.0,
Car 1194,,,,,11,switch,"Charger 11 (fid=66) not available, trying Charger 12 (fid=67)",655.4094890612248,12,,
Car 177,,,,80,,arrived,arrived,656.0,,,
Car 647,,,,37,,arrived,arrived,656.0,,,
Car 729,59.0,75,28,,,done,done charging,656.0,,,38.302789715608114
Car 177,,15,9,,,start_charge,starting to charge at Charger 9 (fid=15),656.0,,0.0,
Car 155,52.0,47,7,,,done,done charging,656.2192223664699,,,140.18407333216967
Car 1193,,47,7,,,start_charge,starting to charge at Charger 7 (fid=47),656.2192223664699,,12.688991278865501,
Car 311,,,,17,,arrived,arrived,657.0,,,
Car 1485,,,,37,,arrived,arrived,657.0,,,
Car 1043,103.0,21,20,,,done,done charging,657.0,,,5.39369863824874
Car 681,,,,,10,switch,"Charger 10 (fid=70) not available, trying Charger 27 (fid=72)",657.0,27,,
Car 311,,17,2,,,start_charge,starting to charge at Charger 2 (fid=17),657.0,,0.0,
Car 681,,72,27,,,start_charge,starting to charge at Charger 27 (fid=72),657.126540502722,,5.0,
Car 57,,,,29,,arrived,arrived,658.0,,,
Car 57,,23,14,,,start_charge,starting to charge at Charger 14 (fid=23),658.0,,0.0,
Car 372,,,,1,,arrived,arrived,659.0,,,
Car 603,,,,38,,arrived,arrived,659.0,,,
Car 1491,,,,10,,arrived,arrived,659.0,,,
Car 208,107.0,31,29,,,done,done charging,659.0,,,0.0
Car 372,,1,0,,,start_charge,starting to charge at Charger 0 (fid=1),659.0,,0.0,
Car 1196,,,,,11,switch,"Charger 11 (fid=66) not available, trying Charger 7 (fid=47)",659.4301664789625,7,,
Car 697,105.0,85,19,,,done,done charging,660.0,,,64.31247021377396
Car 789,,,,,15,switch,"Charger 15 (fid=6) not available, trying Charger 2 (fid=17)",660.184662151494,2,,
Car 1340,109.0,47,7,,,done,done charging,660.2192223664699,,,141.2437299493071
Car 848,,47,7,,,start_charge,starting to charge at Charger 7 (fid=47),660.2192223664699,,19.67090100877226,
Car 270,,,,12,,arrived,arrived,661.0,,,
Car 647,,,,,12,switch,"Charger 12 (fid=67) not available, trying Charger 26 (fid=65)",661.0,26,,
Car 270,,21,17,,,start_charge,starting to charge at Charger 17 (fid=21),661.0,,0.0,
Car 1018,106.0,75,28,,,done,done charging,661.1686634442074,,,164.4546447017908
Car 1021,71.0,3,5,,,done,done charging,661.9362870596834,,,221.49726094921147
Car 899,,,,37,,arrived,arrived,662.0,,,
Car 1380,,,,67,,arrived,arrived,662.0,,,
Car 880,113.0,70,10,,,done,done charging,662.0,,,55.786085594899674
Car 1485,,,,,12,switch,"Charger 12 (fid=67) not available, trying Charger 26 (fid=65)",662.0,26,,
Car 862,109.0,33,8,,,done,done charging,662.7854170967227,,,57.82840167252217
Car 207,,,,57,,arrived,arrived,663.0,,,
Car 231,,,,33,,arrived,arrived,663.0,,,
Car 207,,72,27,,,start_charge,starting to charge at Charger 27 (fid=72),663.0,,0.0,
Car 231,,33,8,,,start_charge,starting to charge at Charger 8 (fid=33),663.0,,0.0,
Car 951,86.0,47,7,,,done,done charging,663.5302310876044,,,258.7885317725439
Car 603,,47,7,,,start_charge,starting to charge at Charger 7 (fid=47),663.5302310876044,,4.53023108760442,
Car 586,,,,68,,arrived,arrived,664.0,,,
Car 145,87.0,85,19,,,done,done charging,664.0,,,5.766894224797834
Car 1491,,,,,11,switch,"Charger 11 (fid=66) not available, trying Charger 26 (fid=65)",664.0,26,,
Car 586,,70,10,,,start_charge,starting to charge at Charger 10 (fid=70),664.0,,0.0,
Car 1194,,,,,12,switch,"Charger 12 (fid=67) not available, trying Charger 21 (fid=48)",664.2399560622524,21,,
Car 1262,68.0,65,26,,,done,done charging,665.0,,,163.5076520289023
Car 1149,49.0,66,11,,,done,done charging,665.0,,,0.0
Car 647,,65,26,,,start_charge,starting to charge at Charger 26 (fid=65),665.0,,6.400300522065095,
Car 1289,,,,40,,arrived,arrived,666.0,,,
Car 1492,,,,54,,arrived,arrived,666.0,,,
Car 1289,,3,5,,,start_charge,starting to charge at Charger 5 (fid=3),666.0,,0.0,
Car 789,,,,,2,switch,"Charger 2 (fid=17) not available, trying Charger 12 (fid=67)",666.0135732713743,12,,
Car 1194,,48,21,,,start_charge,starting to charge at Charger 21 (fid=48),666.097925210704,,20.0,
Car 193,110.0,66,11,,,done,done charging,666.3399643928495,,,145.62807570314592
Car 232,,,,18,,arrived,arrived,667.0,,,
Car 899,,,,,12,switch,"Charger 12 (fid=67) not available, trying Charger 26 (fid=65)",667.0,26,,
Car 1380,,,,,12,switch,"Charger 12 (fid=67) not available, trying Charger 4 (fid=17)",667.0,4,,
Car 1380,,17,4,,,start_charge,starting to charge at Charger 4 (fid=17),667.6056414532112,,5.0,
Car 1436,119.0,67,12,,,done,done charging,668.0,,,107.1141266920381
Car 1492,,67,12,,,start_charge,starting to charge at Charger 12 (fid=67),668.0,,2.0,
Car 1196,,,,,7,switch,"Charger 7 (fid=47) not available, trying Charger 4 (fid=17)",668.6204331737174,4,,
Car 1172,,,,22,,arrived,arrived,669.0,,,
Car 847,110.0,66,11,,,done,done charging,669.0,,,108.42953806045905
Car 1172,,21,20,,,start_charge,starting to charge at Charger 20 (fid=21),669.0,,0.0,
Car 1485,,,,,26,switch,"Charger 26 (fid=65) not available, trying Charger 7 (fid=47)",669.5996994779349,7,,
Car 1196,,17,4,,,start_charge,starting to charge at Charger 4 (fid=17),669.722102365689,,20.0,
Car 552,62.0,70,10,,,done,done charging,671.0,,,10.715066215369578
Car 1491,,,,,26,switch,"Charger 26 (fid=65) not available, trying Charger 12 (fid=67)",671.3399643928495,12,,
Car 217,105.0,6,15,,,done,done charging,672.0,,,125.79907952366686
Car 232,,,,,27,switch,"Charger 27 (fid=72) not available, trying Charger 29 (fid=31)",672.0,29,,
Car 232,,31,29,,,start_charge,starting to charge at Charger 29 (fid=31),672.262696513652,,5.0,
Car 789,,,,,12,switch,"Charger 12 (fid=67) not available, trying Charger 9 (fid=15)",672.8727202363516,9,,
Car 954,,,,1,,arrived,arrived,673.0,,,
Car 1211,,,,54,,arrived,arrived,673.0,,,
Car 258,45.0,70,10,,,done,done charging,673.0,,,5.223090655911267
Car 954,,1,0,,,start_charge,starting to charge at Charger 0 (fid=1),673.0,,0.0,
Car 628,,,,90,,arrived,arrived,674.0,,,
Car 628,,89,23,,,start_charge,starting to charge at Charger 23 (fid=89),674.0,,0.0,
Car 899,,,,,26,switch,"Charger 26 (fid=65) not available, trying Charger 7 (fid=47)",674.5996994779349,7,,
Car 789,,15,9,,,start_charge,starting to charge at Charger 9 (fid=15),674.8212861727602,,35.0,
Car 1358,,,,39,,arrived,arrived,676.0,,,
Car 1358,,3,5,,,start_charge,starting to charge at Charger 5 (fid=3),676.0,,0.0,
Car 1485,,,,,7,switch,"Charger 7 (fid=47) not available, trying Charger 4 (fid=17)",676.8189218444048,4,,
Car 6,,,,17,,arrived,arrived,677.0,,,
Car 517,,,,23,,arrived,arrived,677.0,,,
Car 517,,23,14,,,start_charge,starting to charge at Charger 14 (fid=23),677.0,,0.0,
Car 460,,,,60,,arrived,arrived,678.0,,,
Car 387,65.0,66,11,,,done,done charging,678.0,,,108.42953806045905
Car 1211,,,,,12,switch,"Charger 12 (fid=67) not available, trying Charger 27 (fid=72)",678.0,27,,
Car 460,,6,15,,,start_charge,starting to charge at Charger 15 (fid=6),678.0,,0.0,
Car 1491,,,,,12,switch,"Charger 12 (fid=67) not available, trying Charger 7 (fid=47)",678.9396638707844,7,,
Car 713,,,,1,,arrived,arrived,679.0,,,
Car 1405,,,,74,,arrived,arrived,679.0,,,
Car 209,72.0,6,15,,,done,done charging,679.0,,,0.0
Car 1405,,21,17,,,start_charge,starting to charge at Charger 17 (fid=21),679.0,,0.0,
Car 48,102.0,1,0,,,done,done charging,679.0350920301094,,,129.11660621313655
Car 713,,1,0,,,start_charge,starting to charge at Charger 0 (fid=1),679.0350920301094,,0.0350920301093538,
Car 1097,116.0,1,0,,,done,done charging,679.3514067023764,,,103.04602253846483
Car 407,62.0,51,24,,,done,done charging,679.7998342365761,,,66.62619190678491
Car 1268,,,,27,,arrived,arrived,681.0,,,
Car 844,93.0,17,2,,,done,done charging,681.0,,,107.35151360364253
Car 1268,,23,14,,,start_charge,starting to charge at Charger 14 (fid=23),681.0,,0.0,
Car 6,,17,2,,,start_charge,starting to charge at Charger 2 (fid=17),681.0,,4.0,
Car 1272,87.0,89,23,,,done,done charging,681.2788150019745,,,40.36913406305186
Car 649,113.0,72,27,,,done,done charging,681.4975388525362,,,84.84242495942729
Car 1211,,72,27,,,start_charge,starting to charge at Charger 27 (fid=72),681.4975388525362,,7.0,
Car 899,,,,,7,switch,"Charger 7 (fid=47) not available, trying Charger 4 (fid=17)",681.8189218444048,4,,
Car 689,,,,68,,arrived,arrived,682.0,,,
Car 702,,,,37,,arrived,arrived,682.0,,,
Car 840,118.0,51,24,,,done,done charging,682.0,,,91.67281497261143
Car 689,,70,10,,,start_charge,starting to charge at Charger 10 (fid=70),682.0,,0.0,
Car 1485,,,,,4,switch,"Charger 4 (fid=17) not available, trying Charger 21 (fid=48)",682.9205910363764,21,,
Car 49,,,,32,,arrived,arrived,683.0,,,
Car 1305,,,,31,,arrived,arrived,683.0,,,
Car 1366,69.0,32,16,,,done,done charging,683.0,,,0.0
Car 49,,32,16,,,start_charge,starting to charge at Charger 16 (fid=32),683.0,,0.0,
Car 476,,,,6,,arrived,arrived,684.0,,,
Car 476,,6,15,,,start_charge,starting to charge at Charger 15 (fid=6),684.0,,0.0,
Car 1485,,48,21,,,start_charge,starting to charge at Charger 21 (fid=48),684.4452209142592,,20.0,
Car 1491,,,,,7,switch,"Charger 7 (fid=47) not available, trying Charger 2 (fid=17)",685.317553834605,2,,
Car 176,,,,72,,arrived,arrived,686.0,,,
Car 288,,,,55,,arrived,arrived,686.0,,,
Car 289,,,,40,,arrived,arrived,687.0,,,
Car 558,,,,115,,arrived,arrived,687.0,,,
Car 643,,,,51,,arrived,arrived,687.0,,,
Car 771,,,,8,,arrived,arrived,687.0,,,
Car 1251,,,,37,,arrived,arrived,687.0,,,
Car 702,,,,,12,switch,"Charger 12 (fid=67) not available, trying Charger 26 (fid=65)",687.0,26,,
Car 558,,115,22,,,start_charge,starting to charge at Charger 22 (fid=115),687.0,,0.0,
Car 643,,51,24,,,start_charge,starting to charge at Charger 24 (fid=51),687.0,,0.0,
Car 899,,,,,4,switch,"Charger 4 (fid=17) not available, trying Charger 21 (fid=48)",687.9205910363764,21,,
Car 1305,,,,,4,switch,"Charger 4 (fid=17) not available, trying Charger 8 (fid=33)",688.0,8,,
Car 2,82.0,65,26,,,done,done charging,688.5996994779349,,,121.98976820210598
Car 771,,65,26,,,start_charge,starting to charge at Charger 26 (fid=65),688.5996994779349,,1.5996994779349052,
Car 1305,,33,8,,,start_charge,starting to charge at Charger 8 (fid=33),689.0974245133019,,5.0,
Car 899,,48,21,,,start_charge,starting to charge at Charger 21 (fid=48),689.4452209142592,,20.0,
Car 167,109.0,65,26,,,done,done charging,690.0,,,163.5076520289023
Car 702,,65,26,,,start_charge,starting to charge at Charger 26 (fid=65),690.0,,5.400300522065095,
Car 887,,,,77,,arrived,arrived,691.0,,,
Car 176,,,,,27,switch,"Charger 27 (fid=72) not available, trying Charger 10 (fid=70)",691.0,10,,
Car 288,,,,,27,switch,"Charger 27 (fid=72) not available, trying Charger 10 (fid=70)",691.0,10,,
Car 887,,51,24,,,start_charge,starting to charge at Charger 24 (fid=51),691.0,,0.0,
Car 176,,70,10,,,start_charge,starting to charge at Charger 10 (fid=70),691.126540502722,,5.0,
Car 1157,,,,37,,arrived,arrived,692.0,,,
Car 1409,67.0,6,15,,,done,done charging,692.0,,,130.04592452284498
Car 289,,,,,5,switch,"Charger 5 (fid=3) not available, trying Charger 24 (fid=51)",692.0,24,,
Car 1251,,,,,12,switch,"Charger 12 (fid=67) not available, trying Charger 26 (fid=65)",692.0,26,,
Car 395,,,,6,,arrived,arrived,693.0,,,
Car 1165,,,,78,,arrived,arrived,693.0,,,
Car 395,,6,15,,,start_charge,starting to charge at Charger 15 (fid=6),693.0,,0.0,
Car 1491,,,,,2,switch,"Charger 2 (fid=17) not available, trying Charger 5 (fid=3)",693.5362967479647,5,,
Car 316,96.0,17,4,,,done,done charging,694.9205910363764,,,144.75845650600084
Car 20,62.0,58,18,,,done,done charging,695.0,,,0.0
Car 735,67.0,65,26,,,done,done charging,695.5996994779349,,,121.98976820210598
Car 1165,,65,26,,,start_charge,starting to charge at Charger 26 (fid=65),695.5996994779349,,2.599699477934905,
Car 1226,,,,17,,arrived,arrived,696.0,,,
Car 1260,,,,78,,arrived,arrived,696.0,,,
Car 21,78.0,17,2,,,done,done charging,696.0,,,27.818216998902926
Car 737,46.0,33,8,,,done,done charging,696.0,,,11.506014166488136
Car 1226,,17,4,,,start_charge,starting to charge at Charger 4 (fid=17),696.0,,0.0,
Car 288,,,,,10,switch,"Charger 10 (fid=70) not available, trying Charger 29 (fid=31)",696.126540502722,29,,
Car 288,,31,29,,,start_charge,starting to charge at Charger 29 (fid=31),696.4863337099748,,10.0,
Car 1188,,,,37,,arrived,arrived,697.0,,,
Car 682,64.0,21,17,,,done,done charging,697.0,,,0.0
Car 1157,,,,,12,switch,"Charger 12 (fid=67) not available, trying Charger 26 (fid=65)",697.0,26,,
Car 289,,,,,24,switch,"Charger 24 (fid=51) not available, trying Charger 11 (fid=66)",697.7998342365761,11,,
Car 664,101.0,72,27,,,done,done charging,698.0,,,13.19412839106531
Car 1360,48.0,72,27,,,done,done charging,698.0,,,13.19412839106531
Car 294,,,,78,,arrived,arrived,699.0,,,
Car 1110,,,,53,,arrived,arrived,699.0,,,
Car 1168,,,,68,,arrived,arrived,699.0,,,
Car 1251,,,,,26,switch,"Charger 26 (fid=65) not available, trying Charger 7 (fid=47)",699.5996994779349,7,,
Car 621,99.0,3,5,,,done,done charging,700.8838510911569,,,158.98721317452672
Car 1491,,3,5,,,start_charge,starting to charge at Charger 5 (fid=3),700.8838510911569,,28.878107041086537,
Car 955,,,,77,,arrived,arrived,701.0,,,
Car 981,,,,37,,arrived,arrived,701.0,,,
Car 1154,54.0,31,29,,,done,done charging,701.0,,,33.63526893009036
Car 22,49.0,21,17,,,done,done charging,701.0,,,58.93180745574896
Car 336,49.0,19,3,,,done,done charging,701.0,,,0.0
Car 1260,,,,,26,switch,"Charger 26 (fid=65) not available, trying Charger 11 (fid=66)",701.0,11,,
Car 289,,66,11,,,start_charge,starting to charge at Charger 11 (fid=66),701.0655207522695,,10.0,
Car 198,114.0,85,19,,,done,done charging,702.0,,,5.766894224797834
Car 1188,,,,,12,switch,"Charger 12 (fid=67) not available, trying Charger 26 (fid=65)",702.0,26,,
Car 246,,,,69,,arrived,arrived,703.0,,,
Car 680,102.0,21,17,,,done,done charging,703.0,,,65.74620646091854
Car 57,45.0,23,14,,,done,done charging,703.0,,,34.352079209258335
Car 1260,,66,11,,,start_charge,starting to charge at Charger 11 (fid=66),703.3399643928495,,5.0,
Car 515,,,,56,,arrived,arrived,704.0,,,
Car 1042,70.0,115,22,,,done,done charging,704.0,,,44.76134967805504
Car 294,,,,,26,switch,"Charger 26 (fid=65) not available, trying Charger 11 (fid=66)",704.0,11,,
Car 1110,,,,,24,switch,"Charger 24 (fid=51) not available, trying Charger 28 (fid=75)",704.0,28,,
Car 1168,,,,,10,switch,"Charger 10 (fid=70) not available, trying Charger 3 (fid=19)",704.0,3,,
Car 1168,,19,3,,,start_charge,starting to charge at Charger 3 (fid=19),704.2564304242966,,5.0,
Car 1157,,,,,26,switch,"Charger 26 (fid=65) not available, trying Charger 7 (fid=47)",704.5996994779349,7,,
Car 700,,,,17,,arrived,arrived,705.0,,,
Car 700,,17,2,,,start_charge,starting to charge at Charger 2 (fid=17),705.0,,0.0,
Car 1110,,75,28,,,start_charge,starting to charge at Charger 28 (fid=75),705.3688292076313,,5.0,
Car 80,,,,31,,arrived,arrived,706.0,,,
Car 955,,,,,24,switch,"Charger 24 (fid=51) not available, trying Charger 5 (fid=3)",706.0,5,,
Car 981,,,,,12,switch,"Charger 12 (fid=67) not available, trying Charger 26 (fid=65)",706.0,26,,
Car 80,,31,29,,,start_charge,starting to charge at Charger 29 (fid=31),706.0,,0.0,
Car 294,,66,11,,,start_charge,starting to charge at Charger 11 (fid=66),706.3399643928495,,5.0,
Car 1251,,,,,7,switch,"Charger 7 (fid=47) not available, trying Charger 4 (fid=17)",706.8189218444048,4,,
Car 1459,114.0,32,16,,,done,done charging,708.0,,,0.0
Car 246,,,,,10,switch,"Charger 10 (fid=70) not available, trying Charger 27 (fid=72)",708.0,27,,
Car 246,,72,27,,,start_charge,starting to charge at Charger 27 (fid=72),708.126540502722,,5.0,
Car 515,,,,,10,switch,"Charger 10 (fid=70) not available, trying Charger 27 (fid=72)",709.0,27,,
Car 515,,72,27,,,start_charge,starting to charge at Charger 27 (fid=72),709.126540502722,,5.0,
Car 650,56.0,75,28,,,done,done charging,709.1686634442074,,,158.677968287963
Car 1188,,,,,26,switch,"Charger 26 (fid=65) not available, trying Charger 7 (fid=47)",709.5996994779349,7,,
Car 62,,,,55,,arrived,arrived,710.0,,,
Car 252,112.0,15,9,,,done,done charging,710.8689851131891,,,100.11335289564695
Car 955,,,,,5,switch,"Charger 5 (fid=3) not available, trying Charger 15 (fid=6)",711.7998342365761,15,,
Car 1157,,,,,7,switch,"Charger 7 (fid=47) not available, trying Charger 4 (fid=17)",711.8189218444048,4,,
Car 596,,,,55,,arrived,arrived,712.0,,,
Car 693,,,,2,,arrived,arrived,712.0,,,
Car 693,,7,1,,,start_charge,starting to charge at Charger 1 (fid=7),712.0,,0.0,
Car 1475,64.0,17,4,,,done,done charging,712.6056414532112,,,63.17084676494397
Car 1251,,17,4,,,start_charge,starting to charge at Charger 4 (fid=17),712.6056414532112,,19.68505041683477,
Car 695,80.0,51,24,,,done,done charging,713.4588649802641,,,163.6678377812614
Car 603,50.0,47,7,,,done,done charging,713.5302310876044,,,82.84729644951521
Car 1188,,47,7,,,start_charge,starting to charge at Charger 7 (fid=47),713.5302310876044,,11.711309243199594,
Car 981,,,,,26,switch,"Charger 26 (fid=65) not available, trying Charger 7 (fid=47)",713.5996994779349,7,,
Car 332,,,,26,,arrived,arrived,714.0,,,
Car 1104,,,,36,,arrived,arrived,714.0,,,
Car 332,,26,13,,,start_charge,starting to charge at Charger 13 (fid=26),714.0,,0.0,
Car 1104,,15,9,,,start_charge,starting to charge at Charger 9 (fid=15),714.0,,0.0,
Car 569,,,,33,,arrived,arrived,715.0,,,
Car 62,,,,,27,switch,"Charger 27 (fid=72) not available, trying Charger 10 (fid=70)",715.0,10,,
Car 569,,33,8,,,start_charge,starting to charge at Charger 8 (fid=33),715.0,,0.0,
Car 833,,,,3,,arrived,arrived,716.0,,,
Car 936,83.0,75,28,,,done,done charging,716.0,,,0.0
Car 475,,,,4,,arrived,arrived,717.0,,,
Car 1240,83.0,31,29,,,done,done charging,717.0,,,33.63526893009036
Car 596,,,,,27,switch,"Charger 27 (fid=72) not available, trying Charger 10 (fid=70)",717.0,10,,
Car 1157,,,,,4,switch,"Charger 4 (fid=17) not available, trying Charger 21 (fid=48)",717.9205910363764,21,,
Car 1293,,,,62,,arrived,arrived,718.0,,,
Car 1236,63.0,24,6,,,done,done charging,718.0,,,24.044531540458287
Car 1172,49.0,21,20,,,done,done charging,718.0,,,5.39369863824874
Car 955,,,,,15,switch,"Charger 15 (fid=6) not available, trying Charger 0 (fid=1)",719.683685327733,0,,
Car 97,,,,6,,arrived,arrived,720.0,,,
Car 62,,,,,10,switch,"Charger 10 (fid=70) not available, trying Charger 29 (fid=31)",720.126540502722,29,,
Car 1243,109.0,15,9,,,done,done charging,720.2536541789356,,,45.87318816035984
Car 62,,31,29,,,start_charge,starting to charge at Charger 29 (fid=31),720.4863337099748,,10.0,
Car 981,,,,,7,switch,"Charger 7 (fid=47) not available, trying Charger 4 (fid=17)",720.8189218444048,4,,
Car 322,,,,17,,arrived,arrived,721.0,,,
Car 625,,,,24,,arrived,arrived,721.0,,,
Car 784,,,,67,,arrived,arrived,721.0,,,
Car 833,,,,,5,switch,"Charger 5 (fid=3) not available, trying Charger 24 (fid=51)",721.0,24,,
Car 625,,23,14,,,start_charge,starting to charge at Charger 14 (fid=23),721.0,,0.0,
Car 955,,1,0,,,start_charge,starting to charge at Charger 0 (fid=1),721.0350920301094,,15.0,
Car 833,,51,24,,,start_charge,starting to charge at Charger 24 (fid=51),721.7998342365761,,5.0,
Car 224,,,,32,,arrived,arrived,722.0,,,
Car 475,,,,,26,switch,"Charger 26 (fid=65) not available, trying Charger 7 (fid=47)",722.0,7,,
Car 224,,32,16,,,start_charge,starting to charge at Charger 16 (fid=32),722.0,,0.0,
Car 596,,,,,10,switch,"Charger 10 (fid=70) not available, trying Charger 29 (fid=31)",722.126540502722,29,,
Car 596,,31,29,,,start_charge,starting to charge at Charger 29 (fid=31),722.4863337099748,,10.0,
Car 765,99.0,1,0,,,done,done charging,723.0,,,0.0
Car 1293,,,,,15,switch,"Charger 15 (fid=6) not available, trying Charger 5 (fid=3)",723.0,5,,
Car 271,,,,30,,arrived,arrived,724.0,,,
Car 461,,,,35,,arrived,arrived,724.0,,,
Car 568,,,,86,,arrived,arrived,724.0,,,
Car 280,103.0,48,21,,,done,done charging,724.0,,,24.25327608799757
Car 461,,32,16,,,start_charge,starting to charge at Charger 16 (fid=32),724.0,,0.0,
Car 568,,85,19,,,start_charge,starting to charge at Charger 19 (fid=85),724.0,,0.0,
Car 1157,,48,21,,,start_charge,starting to charge at Charger 21 (fid=48),724.0,,24.554779085740847,
Car 1254,,,,54,,arrived,arrived,725.0,,,
Car 119,118.0,67,12,,,done,done charging,725.0,,,107.1141266920381
Car 97,,,,,15,switch,"Charger 15 (fid=6) not available, trying Charger 2 (fid=17)",725.0,2,,
Car 784,,67,12,,,start_charge,starting to charge at Charger 12 (fid=67),725.0,,4.0,
Car 779,95.0,51,24,,,done,done charging,726.0,,,52.26007319168327
Car 322,,,,,4,switch,"Charger 4 (fid=17) not available, trying Charger 12 (fid=67)",726.0,12,,
Car 1374,80.0,48,21,,,done,done charging,726.4853130291848,,,95.24211176260054
Car 981,,,,,4,switch,"Charger 4 (fid=17) not available, trying Charger 21 (fid=48)",726.9205910363764,21,,
Car 69,,,,77,,arrived,arrived,727.0,,,
Car 591,,,,72,,arrived,arrived,727.0,,,
Car 69,,51,24,,,start_charge,starting to charge at Charger 24 (fid=51),727.0,,0.0,
Car 65,74.0,6,15,,,done,done charging,727.9074058354986,,,239.73761400747975
Car 647,63.0,65,26,,,done,done charging,728.0,,,121.98976820210598
Car 981,,48,21,,,start_charge,starting to charge at Charger 21 (fid=48),728.4452209142592,,20.0,
Car 151,,,,54,,arrived,arrived,729.0,,,
Car 271,,,,,29,switch,"Charger 29 (fid=31) not available, trying Charger 16 (fid=32)",729.0,16,,
Car 271,,32,16,,,start_charge,starting to charge at Charger 16 (fid=32),729.0619630953217,,5.0,
Car 475,,,,,7,switch,"Charger 7 (fid=47) not available, trying Charger 21 (fid=48)",729.2192223664699,21,,
Car 1239,,,,62,,arrived,arrived,730.0,,,
Car 607,111.0,47,7,,,done,done charging,730.0,,,0.0
Car 1254,,,,,12,switch,"Charger 12 (fid=67) not available, trying Charger 27 (fid=72)",730.0,27,,
Car 1239,,6,15,,,start_charge,starting to charge at Charger 15 (fid=6),730.0,,0.0,
Car 97,,,,,2,switch,"Charger 2 (fid=17) not available, trying Charger 9 (fid=15)",730.8289111198803,9,,
Car 1293,,,,,5,switch,"Charger 5 (fid=3) not available, trying Charger 2 (fid=17)",730.8838510911569,2,,
Car 489,,,,33,,arrived,arrived,731.0,,,
Car 311,74.0,17,2,,,done,done charging,731.0,,,0.0
Car 489,,33,8,,,start_charge,starting to charge at Charger 8 (fid=33),731.0,,0.0,
Car 97,,15,9,,,start_charge,starting to charge at Charger 9 (fid=15),731.0825652988159,,10.0,
Car 322,,,,,12,switch,"Charger 12 (fid=67) not available, trying Charger 8 (fid=33)",731.6056414532112,8,,
Car 349,,,,37,,arrived,arrived,732.0,,,
Car 514,,,,80,,arrived,arrived,732.0,,,
Car 591,,,,,27,switch,"Charger 27 (fid=72) not available, trying Charger 10 (fid=70)",732.0,10,,
Car 514,,15,9,,,start_charge,starting to charge at Charger 9 (fid=15),732.0,,0.0,
Car 714,106.0,17,4,,,done,done charging,732.6056414532112,,,63.17084676494397
Car 754,110.0,67,12,,,done,done charging,733.0,,,154.3903278641214
Car 151,,67,12,,,start_charge,starting to charge at Charger 12 (fid=67),733.0,,4.0,
Car 848,73.0,47,7,,,done,done charging,733.2192223664699,,,203.63506897632593
Car 322,,33,8,,,start_charge,starting to charge at Charger 8 (fid=33),733.2391970177104,,10.0,
Car 1405,55.0,21,17,,,done,done charging,734.0,,,65.74620646091854
Car 1293,,17,2,,,start_charge,starting to charge at Charger 2 (fid=17),734.3532983932625,,10.0,
Car 475,,,,,21,switch,"Charger 21 (fid=48) not available, trying Charger 12 (fid=67)",734.7045353956547,12,,
Car 713,56.0,1,0,,,done,done charging,735.0350920301094,,,0.0
Car 712,,,,15,,arrived,arrived,736.0,,,
Car 482,117.0,24,6,,,done,done charging,736.0,,,12.433871681824385
Car 1254,,,,,27,switch,"Charger 27 (fid=72) not available, trying Charger 29 (fid=31)",736.4975388525362,29,,
Car 412,,,,55,,arrived,arrived,737.0,,,
Car 812,,,,32,,arrived,arrived,737.0,,,
Car 1365,,,,17,,arrived,arrived,737.0,,,
Car 349,,,,,12,switch,"Charger 12 (fid=67) not available, trying Charger 26 (fid=65)",737.0,26,,
Car 812,,26,13,,,start_charge,starting to charge at Charger 13 (fid=26),737.0,,0.0,
Car 591,,,,,10,switch,"Charger 10 (fid=70) not available, trying Charger 29 (fid=31)",737.126540502722,29,,
Car 550,,,,4,,arrived,arrived,738.0,,,
Car 1288,,,,10,,arrived,arrived,738.0,,,
Car 1467,,,,41,,arrived,arrived,738.0,,,
Car 207,75.0,72,27,,,done,done charging,738.0,,,49.900990150494394
Car 1288,,66,11,,,start_charge,starting to charge at Charger 11 (fid=66),738.0,,0.0,
Car 412,,72,27,,,start_charge,starting to charge at Charger 27 (fid=72),738.0,,1.0,
Car 349,,65,26,,,start_charge,starting to charge at Charger 26 (fid=65),739.5996994779349,,5.0,
Car 816,,,,40,,arrived,arrived,740.0,,,
Car 1268,59.0,23,14,,,done,done charging,740.0,,,26.61271455525322
Car 1303,,,,42,,arrived,arrived,741.0,,,
Car 6,60.0,17,2,,,done,done charging,741.0,,,0.0
Car 1226,45.0,17,4,,,done,done charging,741.0,,,0.0
Car 712,,,,,9,switch,"Charger 9 (fid=15) not available, trying Charger 2 (fid=17)",741.0,2,,
Car 1303,,17,4,,,start_charge,starting to charge at Charger 4 (fid=17),741.0,,0.0,
Car 1365,,17,2,,,start_charge,starting to charge at Charger 2 (fid=17),741.0,,4.0,
Car 882,90.0,17,2,,,done,done charging,741.4057343617891,,,232.13972624262385
Car 712,,17,2,,,start_charge,starting to charge at Charger 2 (fid=17),741.4057343617891,,5.152080182853524,
Car 475,,,,,12,switch,"Charger 12 (fid=67) not available, trying Charger 6 (fid=24)",741.5625045441063,6,,
Car 1254,,,,,29,switch,"Charger 29 (fid=31) not available, trying Charger 16 (fid=32)",741.7602353661882,16,,
Car 1254,,32,16,,,start_charge,starting to charge at Charger 16 (fid=32),741.82219846151,,15.0,
Car 474,,,,54,,arrived,arrived,742.0,,,
Car 777,,,,14,,arrived,arrived,742.0,,,
Car 591,,,,,29,switch,"Charger 29 (fid=31) not available, trying Charger 16 (fid=32)",742.4863337099748,16,,
Car 74,,,,60,,arrived,arrived,743.0,,,
Car 175,,,,37,,arrived,arrived,743.0,,,
Car 1201,,,,24,,arrived,arrived,743.0,,,
Car 1495,,,,2,,arrived,arrived,743.0,,,
Car 550,,,,,15,switch,"Charger 15 (fid=6) not available, trying Charger 0 (fid=1)",743.0,0,,
Car 1467,,,,,8,switch,"Charger 8 (fid=33) not available, trying Charger 13 (fid=26)",743.0,13,,
Car 1201,,24,6,,,start_charge,starting to charge at Charger 6 (fid=24),743.0,,0.0,
Car 1495,,7,1,,,start_charge,starting to charge at Charger 1 (fid=7),743.0,,0.0,
Car 1467,,26,13,,,start_charge,starting to charge at Charger 13 (fid=26),743.292636772198,,5.0,
Car 1485,59.0,48,21,,,done,done charging,743.4452209142592,,,174.76878454974607
Car 899,54.0,48,21,,,done,done charging,743.4452209142592,,,174.76878454974607
Car 475,,24,6,,,start_charge,starting to charge at Charger 6 (fid=24),743.9832408195603,,20.0,
Car 993,,,,56,,arrived,arrived,744.0,,,
Car 1087,100.0,17,2,,,done,done charging,744.0,,,27.818216998902926
Car 550,,1,0,,,start_charge,starting to charge at Charger 0 (fid=1),744.3514067023764,,5.0,
Car 599,,,,55,,arrived,arrived,745.0,,,
Car 1347,105.0,70,10,,,done,done charging,745.0,,,10.715066215369578
Car 628,71.0,89,23,,,done,done charging,745.0,,,20.770378162168914
Car 816,,,,,5,switch,"Charger 5 (fid=3) not available, trying Charger 24 (fid=51)",745.0,24,,
Car 993,,70,10,,,start_charge,starting to charge at Charger 10 (fid=70),745.0,,1.0,
Car 126,,,,45,,arrived,arrived,746.0,,,
Car 181,,,,9,,arrived,arrived,746.0,,,
Car 1421,,,,37,,arrived,arrived,746.0,,,
Car 887,55.0,51,24,,,done,done charging,746.0,,,91.67281497261143
Car 816,,51,24,,,start_charge,starting to charge at Charger 24 (fid=51),746.0,,5.200165763423911,
Car 474,,,,,12,switch,"Charger 12 (fid=67) not available, trying Charger 27 (fid=72)",747.0,27,,
Car 777,,,,,29,switch,"Charger 29 (fid=31) not available, trying Charger 16 (fid=32)",747.0,16,,
Car 591,,,,,16,switch,"Charger 16 (fid=32) not available, trying Charger 3 (fid=19)",747.5482968052966,3,,
Car 747,,,,77,,arrived,arrived,748.0,,,
Car 1388,,,,57,,arrived,arrived,748.0,,,
Car 74,,,,,15,switch,"Charger 15 (fid=6) not available, trying Charger 24 (fid=51)",748.0,24,,
Car 175,,,,,12,switch,"Charger 12 (fid=67) not available, trying Charger 26 (fid=65)",748.0,26,,
Car 591,,19,3,,,start_charge,starting to charge at Charger 3 (fid=19),748.1497601218099,,20.0,
Car 232,76.0,31,29,,,done,done charging,748.262696513652,,,16.044241334509135
Car 231,87.0,33,8,,,done,done charging,750.0,,,0.0
Car 700,45.0,17,2,,,done,done charging,750.0,,,0.0
Car 599,,,,,27,switch,"Charger 27 (fid=72) not available, trying Charger 10 (fid=70)",750.0,10,,
Car 623,,,,4,,arrived,arrived,751.0,,,
Car 126,,,,,15,switch,"Charger 15 (fid=6) not available, trying Charger 2 (fid=17)",751.0,2,,
Car 181,,,,,11,switch,"Charger 11 (fid=66) not available, trying Charger 26 (fid=65)",751.0,26,,
Car 1421,,,,,12,switch,"Charger 12 (fid=67) not available, trying Charger 26 (fid=65)",751.0,26,,
Car 126,,17,2,,,start_charge,starting to charge at Charger 2 (fid=17),751.8289111198803,,5.0,
Car 43,,,,29,,arrived,arrived,752.0,,,
Car 1354,,,,8,,arrived,arrived,752.0,,,
Car 43,,33,8,,,start_charge,starting to charge at Charger 8 (fid=33),752.0,,0.0,
Car 777,,,,,16,switch,"Charger 16 (fid=32) not available, trying Charger 2 (fid=17)",752.0619630953217,2,,
Car 1193,96.0,47,7,,,done,done charging,752.2192223664699,,,258.7885317725439
Car 777,,17,2,,,start_charge,starting to charge at Charger 2 (fid=17),752.618015403459,,10.0,
Car 304,,,,55,,arrived,arrived,753.0,,,
Car 1143,102.0,89,23,,,done,done charging,753.0,,,0.0
Car 747,,,,,24,switch,"Charger 24 (fid=51) not available, trying Charger 5 (fid=3)",753.0,5,,
Car 1388,,,,,27,switch,"Charger 27 (fid=72) not available, trying Charger 10 (fid=70)",753.0,10,,
Car 474,,,,,27,switch,"Charger 27 (fid=72) not available, trying Charger 29 (fid=31)",753.4975388525362,29,,
Car 474,,31,29,,,start_charge,starting to charge at Charger 29 (fid=31),753.7602353661882,,10.0,
Car 80,48.0,31,29,,,done,done charging,754.0,,,0.0
Car 294,48.0,66,11,,,done,done charging,754.3399643928495,,,110.98651336536018
Car 19,,,,4,,arrived,arrived,755.0,,,
Car 599,,,,,10,switch,"Charger 10 (fid=70) not available, trying Charger 29 (fid=31)",755.126540502722,29,,
Car 74,,,,,24,switch,"Charger 24 (fid=51) not available, trying Charger 5 (fid=3)",755.4485408552345,5,,
Car 288,59.0,31,29,,,done,done charging,755.4863337099748,,,58.28024794902319
Car 599,,31,29,,,start_charge,starting to charge at Charger 29 (fid=31),755.4863337099748,,10.0,
Car 175,,,,,26,switch,"Charger 26 (fid=65) not available, trying Charger 7 (fid=47)",755.5996994779349,7,,
Car 382,,,,85,,arrived,arrived,756.0,,,
Car 1092,,,,76,,arrived,arrived,756.0,,,
Car 623,,,,,15,switch,"Charger 15 (fid=6) not available, trying Charger 0 (fid=1)",756.0,0,,
Car 382,,85,19,,,start_charge,starting to charge at Charger 19 (fid=85),756.0,,0.0,
Car 1092,,85,19,,,start_charge,starting to charge at Charger 19 (fid=85),756.0,,0.0,
Car 826,117.0,47,7,,,done,done charging,756.8189218444048,,,141.2437299493071
Car 1389,,,,27,,arrived,arrived,757.0,,,
Car 1358,81.0,3,5,,,done,done charging,757.0,,,0.009486832998543878
Car 643,70.0,51,24,,,done,done charging,757.0,,,0.0
Car 702,67.0,65,26,,,done,done charging,757.0,,,121.98976820210598
Car 1354,,,,,26,switch,"Charger 26 (fid=65) not available, trying Charger 11 (fid=66)",757.0,11,,
Car 1389,,23,14,,,start_charge,starting to charge at Charger 14 (fid=23),757.0,,0.0,
Car 747,,3,5,,,start_charge,starting to charge at Charger 5 (fid=3),757.0,,8.200165763423911,
Car 623,,1,0,,,start_charge,starting to charge at Charger 0 (fid=1),757.3514067023764,,5.0,
Car 175,,47,7,,,start_charge,starting to charge at Charger 7 (fid=47),757.8189218444048,,10.0,
Car 995,,,,37,,arrived,arrived,758.0,,,
Car 304,,,,,27,switch,"Charger 27 (fid=72) not available, trying Charger 10 (fid=70)",758.0,10,,
Car 1388,,,,,10,switch,"Charger 10 (fid=70) not available, trying Charger 29 (fid=31)",758.126540502722,29,,
Car 181,,,,,26,switch,"Charger 26 (fid=65) not available, trying Charger 5 (fid=3)",758.3399643928495,5,,
Car 1388,,31,29,,,start_charge,starting to charge at Charger 29 (fid=31),758.4863337099748,,10.0,
Car 1421,,,,,26,switch,"Charger 26 (fid=65) not available, trying Charger 7 (fid=47)",758.5996994779349,7,,
Car 1139,112.0,3,5,,,done,done charging,758.6590307436879,,,114.71650315889154
Car 74,,3,5,,,start_charge,starting to charge at Charger 5 (fid=3),758.6590307436879,,12.410655651877391,
Car 1196,89.0,17,4,,,done,done charging,758.722102365689,,,195.64407842046415
Car 95,,,,32,,arrived,arrived,759.0,,,
Car 95,,26,13,,,start_charge,starting to charge at Charger 13 (fid=26),759.0,,0.0,
Car 1194,93.0,48,21,,,done,done charging,759.097925210704,,,196.0382332607512
Car 1354,,66,11,,,start_charge,starting to charge at Charger 11 (fid=66),759.3399643928495,,5.0,
Car 867,,,,31,,arrived,arrived,760.0,,,
Car 19,,,,,26,switch,"Charger 26 (fid=65) not available, trying Charger 7 (fid=47)",760.0,7,,
Car 867,,17,4,,,start_charge,starting to charge at Charger 4 (fid=17),760.0,,0.0,
Car 1421,,47,7,,,start_charge,starting to charge at Charger 7 (fid=47),760.8189218444048,,10.0,
Car 411,,,,57,,arrived,arrived,761.0,,,
Car 1144,,,,55,,arrived,arrived,761.0,,,
Car 19,,47,7,,,start_charge,starting to charge at Charger 7 (fid=47),762.2192223664699,,5.0,
Car 954,90.0,1,0,,,done,done charging,763.0,,,0.0
Car 995,,,,,12,switch,"Charger 12 (fid=67) not available, trying Charger 26 (fid=65)",763.0,26,,
Car 304,,,,,10,switch,"Charger 10 (fid=70) not available, trying Charger 29 (fid=31)",763.126540502722,29,,
Car 1211,83.0,72,27,,,done,done charging,764.4975388525362,,,84.84242495942729
Car 411,,72,27,,,start_charge,starting to charge at Charger 27 (fid=72),764.4975388525362,,3.497538852536195,
Car 789,91.0,15,9,,,done,done charging,765.8212861727602,,,330.46182713437804
Car 77,,,,3,,arrived,arrived,766.0,,,
Car 1289,100.0,3,5,,,done,done charging,766.0,,,68.53159922986113
Car 1144,,,,,27,switch,"Charger 27 (fid=72) not available, trying Charger 10 (fid=70)",766.0,10,,
Car 181,,3,5,,,start_charge,starting to charge at Charger 5 (fid=3),766.0,,13.063712940316577,
Car 176,75.0,70,10,,,done,done charging,766.126540502722,,,10.540823876746988
Car 1144,,70,10,,,start_charge,starting to charge at Charger 10 (fid=70),766.126540502722,,5.0,
Car 1174,,,,62,,arrived,arrived,767.0,,,
Car 1457,,,,54,,arrived,arrived,767.0,,,
Car 1480,,,,54,,arrived,arrived,767.0,,,
Car 605,,,,8,,arrived,arrived,768.0,,,
Car 304,,,,,29,switch,"Charger 29 (fid=31) not available, trying Charger 16 (fid=32)",768.4863337099748,16,,
Car 539,,,,28,,arrived,arrived,769.0,,,
Car 775,,,,82,,arrived,arrived,769.0,,,
Car 569,54.0,33,8,,,done,done charging,769.0,,,0.0
Car 775,,85,19,,,start_charge,starting to charge at Charger 19 (fid=85),769.0,,0.0,
Car 539,,33,8,,,start_charge,starting to charge at Charger 8 (fid=33),769.0,,0.0,
Car 771,82.0,65,26,,,done,done charging,770.5996994779349,,,76.93727045459511
Car 995,,,,,26,switch,"Charger 26 (fid=65) not available, trying Charger 7 (fid=47)",770.5996994779349,7,,
Car 54,,,,39,,arrived,arrived,771.0,,,
Car 1064,,,,88,,arrived,arrived,771.0,,,
Car 1446,120.0,89,23,,,done,done charging,771.0,,,5.964109489270696
Car 77,,,,,5,switch,"Charger 5 (fid=3) not available, trying Charger 24 (fid=51)",771.0,24,,
Car 1064,,85,19,,,start_charge,starting to charge at Charger 19 (fid=85),771.0,,0.0,
Car 1168,67.0,19,3,,,done,done charging,771.2564304242966,,,10.798154749778018
Car 77,,51,24,,,start_charge,starting to charge at Charger 24 (fid=51),771.7998342365761,,5.0,
Car 1499,,,,63,,arrived,arrived,772.0,,,
Car 1174,,,,,15,switch,"Charger 15 (fid=6) not available, trying Charger 5 (fid=3)",772.0,5,,
Car 1457,,,,,12,switch,"Charger 12 (fid=67) not available, trying Charger 27 (fid=72)",772.0,27,,
Car 1480,,,,,12,switch,"Charger 12 (fid=67) not available, trying Charger 27 (fid=72)",772.0,27,,
Car 995,,47,7,,,start_charge,starting to charge at Charger 7 (fid=47),772.8189218444048,,10.0,
Car 177,117.0,15,9,,,done,done charging,773.0,,,61.645175788545046
Car 372,114.0,1,0,,,done,done charging,773.0,,,0.0
Car 605,,,,,26,switch,"Charger 26 (fid=65) not available, trying Charger 11 (fid=66)",773.0,11,,
Car 304,,,,,16,switch,"Charger 16 (fid=32) not available, trying Charger 3 (fid=19)",773.5482968052966,3,,
Car 1175,,,,31,,arrived,arrived,774.0,,,
Car 304,,19,3,,,start_charge,starting to charge at Charger 3 (fid=19),774.1497601218099,,20.0,
Car 987,120.0,3,5,,,done,done charging,774.9362870596834,,,221.49726094921147
Car 54,,3,5,,,start_charge,starting to charge at Charger 5 (fid=3),774.9362870596834,,3.9362870596834227,
Car 286,,,,17,,arrived,arrived,776.0,,,
Car 762,,,,41,,arrived,arrived,776.0,,,
Car 896,,,,4,,arrived,arrived,776.0,,,
Car 681,119.0,72,27,,,done,done charging,776.126540502722,,,5.317805938583997
Car 1457,,72,27,,,start_charge,starting to charge at Charger 27 (fid=72),776.126540502722,,7.629001650185842,
Car 1260,73.0,66,11,,,done,done charging,776.3399643928495,,,110.98651336536018
Car 605,,66,11,,,start_charge,starting to charge at Charger 11 (fid=66),776.3399643928495,,6.0,
Car 105,,,,15,,arrived,arrived,777.0,,,
Car 1499,,,,,26,switch,"Charger 26 (fid=65) not available, trying Charger 7 (fid=47)",777.0,7,,
Car 105,,15,9,,,start_charge,starting to charge at Charger 9 (fid=15),777.0,,0.0,
Car 1380,110.0,17,4,,,done,done charging,777.6056414532112,,,50.44993305249392
Car 590,,,,23,,arrived,arrived,778.0,,,
Car 1080,,,,66,,arrived,arrived,778.0,,,
Car 151,45.0,67,12,,,done,done charging,778.0,,,64.95618188439852
Car 590,,23,14,,,start_charge,starting to charge at Charger 14 (fid=23),778.0,,0.0,
Car 1480,,,,,27,switch,"Charger 27 (fid=72) not available, trying Charger 29 (fid=31)",778.4975388525362,29,,
Car 227,,,,46,,arrived,arrived,779.0,,,
Car 1181,,,,45,,arrived,arrived,779.0,,,
Car 1175,,,,,29,switch,"Charger 29 (fid=31) not available, trying Charger 16 (fid=32)",779.0,16,,
Car 1174,,,,,5,switch,"Charger 5 (fid=3) not available, trying Charger 2 (fid=17)",779.8838510911569,2,,
Car 614,,,,27,,arrived,arrived,780.0,,,
Car 270,119.0,21,17,,,done,done charging,780.0,,,37.99048340046035
Car 586,116.0,70,10,,,done,done charging,780.0,,,10.715066215369578
Car 476,96.0,6,15,,,done,done charging,780.0,,,0.0
Car 614,,23,14,,,start_charge,starting to charge at Charger 14 (fid=23),780.0,,0.0,
Car 896,,6,15,,,start_charge,starting to charge at Charger 15 (fid=6),780.0,,4.0,
Car 154,,,,60,,arrived,arrived,781.0,,,
Car 286,,,,,2,switch,"Charger 2 (fid=17) not available, trying Charger 9 (fid=15)",781.0,9,,
Car 762,,,,,8,switch,"Charger 8 (fid=33) not available, trying Charger 13 (fid=26)",781.0,13,,
Car 286,,15,9,,,start_charge,starting to charge at Charger 9 (fid=15),781.2536541789356,,5.0,
Car 762,,26,13,,,start_charge,starting to charge at Charger 13 (fid=26),781.292636772198,,5.0,
Car 1070,,,,16,,arrived,arrived,782.0,,,
Car 460,104.0,6,15,,,done,done charging,782.0,,,126.33398464785847
Car 689,100.0,70,10,,,done,done charging,782.0,,,10.715066215369578
Car 558,95.0,115,22,,,done,done charging,782.0,,,0.0
Car 1181,,6,15,,,start_charge,starting to charge at Charger 15 (fid=6),782.0,,3.0,
Car 902,,,,4,,arrived,arrived,783.0,,,
Car 1080,,,,,11,switch,"Charger 11 (fid=66) not available, trying Charger 26 (fid=65)",783.0,26,,
Car 1480,,,,,29,switch,"Charger 29 (fid=31) not available, trying Charger 16 (fid=32)",783.7602353661882,16,,
Car 227,,,,,7,switch,"Charger 7 (fid=47) not available, trying Charger 4 (fid=17)",784.0,4,,
Car 1175,,,,,16,switch,"Charger 16 (fid=32) not available, trying Charger 27 (fid=72)",784.0619630953217,27,,
Car 1499,,,,,7,switch,"Charger 7 (fid=47) not available, trying Charger 11 (fid=66)",784.2192223664699,11,,
Car 227,,17,4,,,start_charge,starting to charge at Charger 4 (fid=17),785.1016691919716,,5.0,
Car 1188,72.0,47,7,,,done,done charging,785.5302310876044,,,141.2437299493071
Car 1492,118.0,67,12,,,done,done charging,786.0,,,64.95618188439852
Car 1303,45.0,17,4,,,done,done charging,786.0,,,35.968865217030135
Car 154,,,,,15,switch,"Charger 15 (fid=6) not available, trying Charger 24 (fid=51)",786.0,24,,
Car 1305,97.0,33,8,,,done,done charging,786.0974245133019,,,52.79369699121633
Car 1070,,,,,2,switch,"Charger 2 (fid=17) not available, trying Charger 9 (fid=15)",787.0,9,,
Car 111,,,,86,,arrived,arrived,788.0,,,
Car 1113,,,,33,,arrived,arrived,788.0,,,
Car 514,56.0,15,9,,,done,done charging,788.0,,,61.645175788545046
Car 902,,,,,26,switch,"Charger 26 (fid=65) not available, trying Charger 7 (fid=47)",788.0,7,,
Car 1070,,15,9,,,start_charge,starting to charge at Charger 9 (fid=15),788.0,,5.746345821064438,
Car 1174,,,,,2,switch,"Charger 2 (fid=17) not available, trying Charger 11 (fid=66)",788.3532983932625,11,,
Car 1480,,,,,16,switch,"Charger 16 (fid=32) not available, trying Charger 2 (fid=17)",788.82219846151,2,,
Car 47,,,,77,,arrived,arrived,789.0,,,
Car 1175,,,,,27,switch,"Charger 27 (fid=72) not available, trying Charger 10 (fid=70)",789.3733478890898,10,,
Car 1175,,70,10,,,start_charge,starting to charge at Charger 10 (fid=70),789.4998883918119,,15.0,
Car 902,,47,7,,,start_charge,starting to charge at Charger 7 (fid=47),790.2192223664699,,5.0,
Car 1080,,,,,26,switch,"Charger 26 (fid=65) not available, trying Charger 5 (fid=3)",790.3399643928495,5,,
Car 395,98.0,6,15,,,done,done charging,791.0,,,0.0
Car 579,,,,75,,arrived,arrived,792.0,,,
Car 579,,75,28,,,start_charge,starting to charge at Charger 28 (fid=75),792.0,,0.0,
Car 1110,87.0,75,28,,,done,done charging,792.3688292076313,,,66.73637383016752
Car 111,,,,,19,switch,"Charger 19 (fid=85) not available, trying Charger 23 (fid=89)",793.0,23,,
Car 1113,,,,,16,switch,"Charger 16 (fid=32) not available, trying Charger 29 (fid=31)",793.0,29,,
Car 111,,89,23,,,start_charge,starting to charge at Charger 23 (fid=89),793.2788150019745,,5.0,
Car 1499,,,,,11,switch,"Charger 11 (fid=66) not available, trying Charger 12 (fid=67)",793.4094890612248,12,,
Car 154,,,,,24,switch,"Charger 24 (fid=51) not available, trying Charger 5 (fid=3)",793.4485408552345,5,,
Car 212,,,,85,,arrived,arrived,794.0,,,
Car 47,,,,,24,switch,"Charger 24 (fid=51) not available, trying Charger 5 (fid=3)",794.0,5,,
Car 1480,,,,,2,switch,"Charger 2 (fid=17) not available, trying Charger 10 (fid=70)",794.3782507696473,10,,
Car 517,118.0,23,14,,,done,done charging,795.0,,,0.0
Car 289,94.0,66,11,,,done,done charging,795.0655207522695,,,165.68697376983323
Car 1174,,66,11,,,start_charge,starting to charge at Charger 11 (fid=66),795.0655207522695,,17.99734005502569,
Car 1480,,70,10,,,start_charge,starting to charge at Charger 10 (fid=70),795.3232966827989,,25.0,
Car 41,,,,35,,arrived,arrived,796.0,,,
Car 534,,,,49,,arrived,arrived,796.0,,,
Car 534,,24,6,,,start_charge,starting to charge at Charger 6 (fid=24),796.0,,0.0,
Car 955,75.0,1,0,,,done,done charging,796.0350920301094,,,129.11660621313655
Car 238,,,,49,,arrived,arrived,797.0,,,
Car 238,,24,6,,,start_charge,starting to charge at Charger 6 (fid=24),797.0,,0.0,
Car 1499,,67,12,,,start_charge,starting to charge at Charger 12 (fid=67),797.2399560622524,,15.0,
Car 104,,,,10,,arrived,arrived,798.0,,,
Car 776,,,,30,,arrived,arrived,798.0,,,
Car 625,77.0,23,14,,,done,done charging,798.0,,,5.390518435139498
Car 1113,,,,,29,switch,"Charger 29 (fid=31) not available, trying Charger 27 (fid=72)",798.0619630953217,27,,
Car 1293,64.0,17,2,,,done,done charging,798.3532983932625,,,161.3068235537577
Car 128,,,,32,,arrived,arrived,799.0,,,
Car 212,,,,,19,switch,"Charger 19 (fid=85) not available, trying Charger 23 (fid=89)",799.0,23,,
Car 154,,,,,5,switch,"Charger 5 (fid=3) not available, trying Charger 2 (fid=17)",799.2483750918105,2,,
Car 212,,89,23,,,start_charge,starting to charge at Charger 23 (fid=89),799.2788150019745,,5.0,
Car 47,,,,,5,switch,"Charger 5 (fid=3) not available, trying Charger 15 (fid=6)",799.7998342365761,15,,
Car 1080,,,,,5,switch,"Charger 5 (fid=3) not available, trying Charger 24 (fid=51)",799.9362870596834,24,,
Car 781,,,,55,,arrived,arrived,800.0,,,
Car 968,,,,26,,arrived,arrived,800.0,,,
Car 49,117.0,32,16,,,done,done charging,800.0,,,0.0
Car 968,,23,14,,,start_charge,starting to charge at Charger 14 (fid=23),800.0,,0.0,
Car 41,,32,16,,,start_charge,starting to charge at Charger 16 (fid=32),800.0,,4.0,
Car 760,,,,66,,arrived,arrived,802.0,,,
Car 1483,,,,40,,arrived,arrived,802.0,,,
Car 784,77.0,67,12,,,done,done charging,802.0,,,0.0
Car 47,,6,15,,,start_charge,starting to charge at Charger 15 (fid=6),802.683685327733,,10.0,
Car 154,,17,2,,,start_charge,starting to charge at Charger 2 (fid=17),802.7178223939162,,15.0,
Car 224,81.0,32,16,,,done,done charging,803.0,,,0.0
Car 104,,,,,11,switch,"Charger 11 (fid=66) not available, trying Charger 26 (fid=65)",803.0,26,,
Car 776,,,,,29,switch,"Charger 29 (fid=31) not available, trying Charger 16 (fid=32)",803.0,16,,
Car 128,,32,16,,,start_charge,starting to charge at Charger 16 (fid=32),803.0,,4.0,
Car 1113,,,,,27,switch,"Charger 27 (fid=72) not available, trying Charger 9 (fid=15)",803.3246596089738,9,,
Car 271,75.0,32,16,,,done,done charging,804.0619630953217,,,10.521416254497163
Car 776,,32,16,,,start_charge,starting to charge at Charger 16 (fid=32),804.0619630953217,,6.0,
Car 94,,,,16,,arrived,arrived,805.0,,,
Car 455,,,,22,,arrived,arrived,805.0,,,
Car 728,,,,62,,arrived,arrived,805.0,,,
Car 1162,,,,72,,arrived,arrived,805.0,,,
Car 781,,,,,27,switch,"Charger 27 (fid=72) not available, trying Charger 10 (fid=70)",805.0,10,,
Car 455,,21,20,,,start_charge,starting to charge at Charger 20 (fid=21),805.0,,0.0,
Car 1165,110.0,65,26,,,done,done charging,805.5996994779349,,,86.00304704487439
Car 349,66.0,65,26,,,done,done charging,805.5996994779349,,,121.98976820210598
Car 104,,65,26,,,start_charge,starting to charge at Charger 26 (fid=65),805.5996994779349,,5.259735085085367,
Car 1080,,,,,24,switch,"Charger 24 (fid=51) not available, trying Charger 15 (fid=6)",805.7361212962595,15,,
Car 1089,,,,38,,arrived,arrived,806.0,,,
Car 1151,,,,70,,arrived,arrived,806.0,,,
Car 712,65.0,17,2,,,done,done charging,806.4057343617891,,,21.129393105329726
Car 94,,17,2,,,start_charge,starting to charge at Charger 2 (fid=17),806.4057343617891,,1.4057343617890865,
Car 760,,,,,11,switch,"Charger 11 (fid=66) not available, trying Charger 26 (fid=65)",807.0,26,,
Car 1483,,,,,5,switch,"Charger 5 (fid=3) not available, trying Charger 24 (fid=51)",807.0,24,,
Car 1288,70.0,66,11,,,done,done charging,808.0,,,91.99007895419939
Car 1365,67.0,17,2,,,done,done charging,808.0,,,0.0
Car 747,51.0,3,5,,,done,done charging,808.0,,,114.71650315889154
Car 97,77.0,15,9,,,done,done charging,808.0825652988159,,,72.38645992864959
Car 1113,,15,9,,,start_charge,starting to charge at Charger 9 (fid=15),808.0825652988159,,19.03302783496474,
Car 515,99.0,72,27,,,done,done charging,808.126540502722,,,41.11926829357856
Car 1162,,72,27,,,start_charge,starting to charge at Charger 27 (fid=72),808.126540502722,,3.1265405027220368,
Car 19,46.0,47,7,,,done,done charging,808.2192223664699,,,140.18407333216967
Car 1089,,47,7,,,start_charge,starting to charge at Charger 7 (fid=47),808.2192223664699,,2.2192223664699213,
Car 175,51.0,47,7,,,done,done charging,808.8189218444048,,,141.2437299493071
Car 760,,65,26,,,start_charge,starting to charge at Charger 26 (fid=65),809.3399643928495,,5.0,
Car 833,88.0,51,24,,,done,done charging,809.7998342365761,,,66.62619190678491
Car 1483,,51,24,,,start_charge,starting to charge at Charger 24 (fid=51),809.7998342365761,,7.0,
Car 823,,,,55,,arrived,arrived,810.0,,,
Car 728,,,,,15,switch,"Charger 15 (fid=6) not available, trying Charger 5 (fid=3)",810.0,5,,
Car 781,,,,,10,switch,"Charger 10 (fid=70) not available, trying Charger 29 (fid=31)",810.126540502722,29,,
Car 205,,,,1,,arrived,arrived,811.0,,,
Car 287,,,,58,,arrived,arrived,811.0,,,
Car 1151,,,,,10,switch,"Charger 10 (fid=70) not available, trying Charger 27 (fid=72)",811.0,27,,
Car 205,,1,0,,,start_charge,starting to charge at Charger 0 (fid=1),811.0,,0.0,
Car 287,,58,18,,,start_charge,starting to charge at Charger 18 (fid=58),811.0,,0.0,
Car 1251,99.0,17,4,,,done,done charging,811.6056414532112,,,144.75845650600084
Car 171,,,,14,,arrived,arrived,812.0,,,
Car 1131,,,,36,,arrived,arrived,812.0,,,
Car 867,52.0,17,4,,,done,done charging,812.0,,,50.95512642512205
Car 181,46.0,3,5,,,done,done charging,812.0,,,219.38787299667135
Car 728,,3,5,,,start_charge,starting to charge at Charger 5 (fid=3),812.8838510911569,,5.0,
Car 1080,,,,,15,switch,"Charger 15 (fid=6) not available, trying Charger 2 (fid=17)",813.184662151494,2,,
Car 1080,,17,2,,,start_charge,starting to charge at Charger 2 (fid=17),814.0135732713743,,25.0,
Car 70,,,,60,,arrived,arrived,815.0,,,
Car 823,,,,,27,switch,"Charger 27 (fid=72) not available, trying Charger 10 (fid=70)",815.0,10,,
Car 550,71.0,1,0,,,done,done charging,815.3514067023764,,,103.04602253846483
Car 781,,,,,29,switch,"Charger 29 (fid=31) not available, trying Charger 16 (fid=32)",815.4863337099748,16,,
Car 10,,,,33,,arrived,arrived,816.0,,,
Car 1151,,,,,27,switch,"Charger 27 (fid=72) not available, trying Charger 3 (fid=19)",816.126540502722,3,,
Car 1151,,19,3,,,start_charge,starting to charge at Charger 3 (fid=19),816.5089558287261,,10.0,
Car 777,64.0,17,2,,,done,done charging,816.618015403459,,,41.381228703346416
Car 171,,,,,29,switch,"Charger 29 (fid=31) not available, trying Charger 16 (fid=32)",817.0,16,,
Car 1131,,,,,9,switch,"Charger 9 (fid=15) not available, trying Charger 16 (fid=32)",817.0,16,,
Car 461,94.0,32,16,,,done,done charging,818.0,,,16.87024961282752
Car 781,,32,16,,,start_charge,starting to charge at Charger 16 (fid=32),818.0,,17.45170319470344,
Car 1491,118.0,3,5,,,done,done charging,818.8838510911569,,,271.3385434065698
Car 832,,,,40,,arrived,arrived,819.0,,,
Car 693,107.0,7,1,,,done,done charging,819.0,,,81.2900161151567
Car 775,50.0,85,19,,,done,done charging,819.0,,,18.18884166187431
Car 832,,3,5,,,start_charge,starting to charge at Charger 5 (fid=3),819.0,,0.0,
Car 475,76.0,24,6,,,done,done charging,819.9832408195603,,,188.73201913033165
Car 525,,,,74,,arrived,arrived,820.0,,,
Car 70,,,,,15,switch,"Charger 15 (fid=6) not available, trying Charger 24 (fid=51)",820.0,24,,
Car 525,,21,17,,,start_charge,starting to charge at Charger 17 (fid=21),820.0,,0.0,
Car 823,,,,,10,switch,"Charger 10 (fid=70) not available, trying Charger 29 (fid=31)",820.126540502722,29,,
Car 402,,,,32,,arrived,arrived,821.0,,,
Car 1328,,,,68,,arrived,arrived,821.0,,,
Car 10,,,,,16,switch,"Charger 16 (fid=32) not available, trying Charger 29 (fid=31)",821.0,29,,
Car 126,70.0,17,2,,,done,done charging,821.8289111198803,,,141.4159812079012
Car 637,,,,56,,arrived,arrived,822.0,,,
Car 171,,,,,16,switch,"Charger 16 (fid=32) not available, trying Charger 2 (fid=17)",822.0619630953217,2,,
Car 1131,,,,,16,switch,"Charger 16 (fid=32) not available, trying Charger 29 (fid=31)",822.4140972835313,29,,
Car 171,,17,2,,,start_charge,starting to charge at Charger 2 (fid=17),822.618015403459,,10.0,
Car 915,,,,25,,arrived,arrived,823.0,,,
Car 1036,,,,3,,arrived,arrived,823.0,,,
Car 1157,99.0,48,21,,,done,done charging,823.0,,,174.76878454974607
Car 915,,23,14,,,start_charge,starting to charge at Charger 14 (fid=23),823.0,,0.0,
Car 1036,,21,17,,,start_charge,starting to charge at Charger 17 (fid=21),823.0,,0.0,
Car 75,,,,77,,arrived,arrived,824.0,,,
Car 816,78.0,51,24,,,done,done charging,824.0,,,106.54637514715077
Car 95,65.0,26,13,,,done,done charging,824.0,,,8.0825061707424
Car 70,,51,24,,,start_charge,starting to charge at Charger 24 (fid=51),824.0,,6.551459144765545,
Car 402,,26,13,,,start_charge,starting to charge at Charger 13 (fid=26),824.0,,3.0,
Car 815,,,,9,,arrived,arrived,825.0,,,
Car 1104,111.0,15,9,,,done,done charging,825.0,,,28.850520983198756
Car 815,,66,11,,,start_charge,starting to charge at Charger 11 (fid=66),825.0,,0.0,
Car 823,,,,,29,switch,"Charger 29 (fid=31) not available, trying Charger 16 (fid=32)",825.4863337099748,16,,
Car 3,,,,37,,arrived,arrived,826.0,,,
Car 1250,,,,8,,arrived,arrived,826.0,,,
Car 1092,70.0,85,19,,,done,done charging,826.0,,,64.31247021377396
Car 1328,,,,,10,switch,"Charger 10 (fid=70) not available, trying Charger 3 (fid=19)",826.0,3,,
Car 3,,67,12,,,start_charge,starting to charge at Charger 12 (fid=67),826.0,,0.0,
Car 10,,,,,29,switch,"Charger 29 (fid=31) not available, trying Charger 27 (fid=72)",826.0619630953217,27,,
Car 1328,,19,3,,,start_charge,starting to charge at Charger 3 (fid=19),826.2564304242966,,5.0,
Car 831,,,,40,,arrived,arrived,827.0,,,
Car 1239,97.0,6,15,,,done,done charging,827.0,,,146.57696055319013
Car 637,,,,,10,switch,"Charger 10 (fid=70) not available, trying Charger 27 (fid=72)",827.0,27,,
Car 831,,3,5,,,start_charge,starting to charge at Charger 5 (fid=3),827.0,,0.0,
Car 1131,,,,,29,switch,"Charger 29 (fid=31) not available, trying Charger 14 (fid=23)",827.476060378853,14,,
Car 596,105.0,31,29,,,done,done charging,827.4863337099748,,,58.28024794902319
Car 325,,,,4,,arrived,arrived,828.0,,,
Car 429,,,,24,,arrived,arrived,828.0,,,
Car 325,,6,15,,,start_charge,starting to charge at Charger 15 (fid=6),828.0,,0.0,
Car 246,120.0,72,27,,,done,done charging,828.126540502722,,,15.941006147687371
Car 10,,72,27,,,start_charge,starting to charge at Charger 27 (fid=72),828.126540502722,,11.801880893748262,
Car 62,108.0,31,29,,,done,done charging,828.4863337099748,,,58.28024794902319
Car 299,,,,38,,arrived,arrived,829.0,,,
Car 481,,,,46,,arrived,arrived,829.0,,,
Car 1381,,,,118,,arrived,arrived,829.0,,,
Car 75,,,,,24,switch,"Charger 24 (fid=51) not available, trying Charger 5 (fid=3)",829.0,5,,
Car 299,,47,7,,,start_charge,starting to charge at Charger 7 (fid=47),829.0,,0.0,
Car 1381,,21,17,,,start_charge,starting to charge at Charger 17 (fid=21),829.0,,0.0,
Car 322,96.0,33,8,,,done,done charging,829.2391970177104,,,91.41546195804632
Car 168,,,,5,,arrived,arrived,830.0,,,
Car 823,,,,,16,switch,"Charger 16 (fid=32) not available, trying Charger 3 (fid=19)",830.5482968052966,3,,
Car 9,,,,57,,arrived,arrived,831.0,,,
Car 360,,,,84,,arrived,arrived,831.0,,,
Car 812,94.0,26,13,,,done,done charging,831.0,,,8.0825061707424
Car 1250,,,,,26,switch,"Charger 26 (fid=65) not available, trying Charger 11 (fid=66)",831.0,11,,
Car 360,,85,19,,,start_charge,starting to charge at Charger 19 (fid=85),831.0,,0.0,
Car 823,,19,3,,,start_charge,starting to charge at Charger 3 (fid=19),831.1497601218099,,20.0,
Car 1467,88.0,26,13,,,done,done charging,831.292636772198,,,40.60239314377234
Car 981,103.0,48,21,,,done,done charging,831.4452209142592,,,174.76878454974607
Car 196,,,,60,,arrived,arrived,832.0,,,
Car 1437,,,,72,,arrived,arrived,832.0,,,
Car 332,118.0,26,13,,,done,done charging,832.0,,,0.0
Car 637,,,,,27,switch,"Charger 27 (fid=72) not available, trying Charger 3 (fid=19)",832.126540502722,3,,
Car 738,,,,4,,arrived,arrived,833.0,,,
Car 429,,,,,14,switch,"Charger 14 (fid=23) not available, trying Charger 20 (fid=21)",833.0,20,,
Car 1131,,,,,14,switch,"Charger 14 (fid=23) not available, trying Charger 2 (fid=17)",833.0691849240656,2,,
Car 429,,21,20,,,start_charge,starting to charge at Charger 20 (fid=21),833.1295704926748,,5.0,
Car 773,,,,66,,arrived,arrived,834.0,,,
Car 803,,,,64,,arrived,arrived,834.0,,,
Car 961,,,,25,,arrived,arrived,834.0,,,
Car 481,,,,,7,switch,"Charger 7 (fid=47) not available, trying Charger 4 (fid=17)",834.0,4,,
Car 803,,58,18,,,start_charge,starting to charge at Charger 18 (fid=58),834.0,,0.0,
Car 961,,24,6,,,start_charge,starting to charge at Charger 6 (fid=24),834.0,,0.0,
Car 1131,,17,2,,,start_charge,starting to charge at Charger 2 (fid=17),834.1396408610415,,20.0,
Car 75,,,,,5,switch,"Charger 5 (fid=3) not available, trying Charger 15 (fid=6)",834.7998342365761,15,,
Car 143,,,,86,,arrived,arrived,835.0,,,
Car 573,,,,77,,arrived,arrived,835.0,,,
Car 624,,,,45,,arrived,arrived,835.0,,,
Car 1420,,,,8,,arrived,arrived,835.0,,,
Car 489,104.0,33,8,,,done,done charging,835.0,,,0.0
Car 993,90.0,70,10,,,done,done charging,835.0,,,39.83469850517974
Car 168,,,,,7,switch,"Charger 7 (fid=47) not available, trying Charger 21 (fid=48)",835.0,21,,
Car 143,,85,19,,,start_charge,starting to charge at Charger 19 (fid=85),835.0,,0.0,
Car 481,,17,4,,,start_charge,starting to charge at Charger 4 (fid=17),835.1016691919716,,5.0,
Car 168,,48,21,,,start_charge,starting to charge at Charger 21 (fid=48),835.4853130291848,,5.0,
Car 568,112.0,85,19,,,done,done charging,836.0,,,5.766894224797834
Car 412,98.0,72,27,,,done,done charging,836.0,,,47.10763714089415
Car 9,,,,,27,switch,"Charger 27 (fid=72) not available, trying Charger 10 (fid=70)",836.0,10,,
Car 9,,70,10,,,start_charge,starting to charge at Charger 10 (fid=70),836.126540502722,,5.0,
Car 1057,,,,27,,arrived,arrived,837.0,,,
Car 43,85.0,33,8,,,done,done charging,837.0,,,28.3922700043593
Car 196,,,,,15,switch,"Charger 15 (fid=6) not available, trying Charger 24 (fid=51)",837.0,24,,
Car 1437,,,,,27,switch,"Charger 27 (fid=72) not available, trying Charger 10 (fid=70)",837.0,10,,
Car 637,,,,,3,switch,"Charger 3 (fid=19) not available, trying Charger 29 (fid=31)",837.5089558287261,29,,
Car 738,,,,,15,switch,"Charger 15 (fid=6) not available, trying Charger 0 (fid=1)",838.0,0,,
Car 637,,31,29,,,start_charge,starting to charge at Charger 29 (fid=31),838.0900494364188,,15.0,
Car 1250,,,,,11,switch,"Charger 11 (fid=66) not available, trying Charger 12 (fid=67)",838.3399643928495,12,,
Car 773,,,,,11,switch,"Charger 11 (fid=66) not available, trying Charger 26 (fid=65)",839.0,26,,
Car 738,,1,0,,,start_charge,starting to charge at Charger 0 (fid=1),839.3514067023764,,5.0,
Car 219,,,,76,,arrived,arrived,840.0,,,
Car 69,113.0,51,24,,,done,done charging,840.0,,,91.67281497261143
Car 573,,,,,24,switch,"Charger 24 (fid=51) not available, trying Charger 5 (fid=3)",840.0,5,,
Car 624,,,,,15,switch,"Charger 15 (fid=6) not available, trying Charger 2 (fid=17)",840.0,2,,
Car 1420,,,,,26,switch,"Charger 26 (fid=65) not available, trying Charger 11 (fid=66)",840.0,11,,
Car 219,,85,19,,,start_charge,starting to charge at Charger 19 (fid=85),840.0,,0.0,
Car 74,82.0,3,5,,,done,done charging,840.6590307436879,,,132.863055771727
Car 573,,3,5,,,start_charge,starting to charge at Charger 5 (fid=3),840.7998342365761,,5.0,
Car 1495,98.0,7,1,,,done,done charging,841.0,,,81.2900161151567
Car 591,93.0,19,3,,,done,done charging,841.1497601218099,,,31.855196656143196
Car 474,88.0,31,29,,,done,done charging,841.7602353661882,,,85.54541461119372
Car 1421,81.0,47,7,,,done,done charging,841.8189218444048,,,141.2437299493071
Car 1057,,,,,14,switch,"Charger 14 (fid=23) not available, trying Charger 20 (fid=21)",842.0,20,,
Car 1437,,,,,10,switch,"Charger 10 (fid=70) not available, trying Charger 29 (fid=31)",842.126540502722,29,,
Car 1057,,21,20,,,start_charge,starting to charge at Charger 20 (fid=21),842.1295704926748,,5.0,
Car 1250,,67,12,,,start_charge,starting to charge at Charger 12 (fid=67),842.1704313938772,,10.0,
Car 1437,,31,29,,,start_charge,starting to charge at Charger 29 (fid=31),842.4863337099748,,10.0,
Car 75,,,,,15,switch,"Charger 15 (fid=6) not available, trying Charger 0 (fid=1)",842.683685327733,0,,
Car 320,,,,3,,arrived,arrived,844.0,,,
Car 952,,,,56,,arrived,arrived,844.0,,,
Car 320,,21,17,,,start_charge,starting to charge at Charger 17 (fid=21),844.0,,0.0,
Car 75,,1,0,,,start_charge,starting to charge at Charger 0 (fid=1),844.0350920301094,,15.0,
Car 196,,,,,24,switch,"Charger 24 (fid=51) not available, trying Charger 5 (fid=3)",844.4485408552345,5,,
Car 218,,,,3,,arrived,arrived,845.0,,,
Car 1045,,,,67,,arrived,arrived,845.0,,,
Car 1394,,,,49,,arrived,arrived,845.0,,,
Car 1394,,24,6,,,start_charge,starting to charge at Charger 6 (fid=24),845.0,,0.0,
Car 624,,,,,2,switch,"Charger 2 (fid=17) not available, trying Charger 9 (fid=15)",845.8289111198803,9,,
Car 837,,,,7,,arrived,arrived,846.0,,,
Car 837,,7,1,,,start_charge,starting to charge at Charger 1 (fid=7),846.0,,0.0,
Car 624,,15,9,,,start_charge,starting to charge at Charger 9 (fid=15),846.0825652988159,,10.0,
Car 773,,,,,26,switch,"Charger 26 (fid=65) not available, trying Charger 5 (fid=3)",846.3399643928495,5,,
Car 1389,90.0,23,14,,,done,done charging,847.0,,,26.61271455525322
Car 1420,,,,,11,switch,"Charger 11 (fid=66) not available, trying Charger 12 (fid=67)",847.3399643928495,12,,
Car 1254,106.0,32,16,,,done,done charging,847.82219846151,,,89.63789363881364
Car 630,,,,53,,arrived,arrived,849.0,,,
Car 633,,,,124,,arrived,arrived,849.0,,,
Car 676,,,,21,,arrived,arrived,849.0,,,
Car 952,,,,,10,switch,"Charger 10 (fid=70) not available, trying Charger 27 (fid=72)",849.0,27,,
Car 633,,115,22,,,start_charge,starting to charge at Charger 22 (fid=115),849.0,,0.0,
Car 676,,21,20,,,start_charge,starting to charge at Charger 20 (fid=21),849.0,,0.0,
Car 995,77.0,47,7,,,done,done charging,849.8189218444048,,,141.2437299493071
Car 511,,,,62,,arrived,arrived,850.0,,,
Car 710,,,,60,,arrived,arrived,850.0,,,
Car 218,,,,,5,switch,"Charger 5 (fid=3) not available, trying Charger 24 (fid=51)",850.0,24,,
Car 1045,,,,,12,switch,"Charger 12 (fid=67) not available, trying Charger 4 (fid=17)",850.0,4,,
Car 196,,,,,5,switch,"Charger 5 (fid=3) not available, trying Charger 2 (fid=17)",850.2483750918105,2,,
Car 111,57.0,89,23,,,done,done charging,850.2788150019745,,,17.45878841727858
Car 623,93.0,1,0,,,done,done charging,850.3514067023764,,,103.04602253846483
Car 1388,92.0,31,29,,,done,done charging,850.4863337099748,,,60.66664080036635
Car 1045,,17,4,,,start_charge,starting to charge at Charger 4 (fid=17),850.6056414532112,,5.0,
Car 54,76.0,3,5,,,done,done charging,850.9362870596834,,,0.009486832998543878
Car 773,,3,5,,,start_charge,starting to charge at Charger 5 (fid=3),850.9362870596834,,10.0,
Car 1199,,,,1,,arrived,arrived,852.0,,,
Car 1199,,1,0,,,start_charge,starting to charge at Charger 0 (fid=1),852.0,,0.0,
Car 214,,,,37,,arrived,arrived,853.0,,,
Car 1210,,,,18,,arrived,arrived,853.0,,,
Car 605,77.0,66,11,,,done,done charging,853.3399643928495,,,145.62807570314592
Car 630,,,,,24,switch,"Charger 24 (fid=51) not available, trying Charger 28 (fid=75)",854.0,28,,
Car 952,,,,,27,switch,"Charger 27 (fid=72) not available, trying Charger 3 (fid=19)",854.126540502722,3,,
Car 952,,19,3,,,start_charge,starting to charge at Charger 3 (fid=19),854.5089558287261,,10.0,
Car 41,55.0,32,16,,,done,done charging,855.0,,,16.87024961282752
Car 511,,,,,15,switch,"Charger 15 (fid=6) not available, trying Charger 5 (fid=3)",855.0,5,,
Car 710,,,,,15,switch,"Charger 15 (fid=6) not available, trying Charger 24 (fid=51)",855.0,24,,
Car 630,,75,28,,,start_charge,starting to charge at Charger 28 (fid=75),855.3688292076313,,5.0,
Car 218,,,,,24,switch,"Charger 24 (fid=51) not available, trying Charger 28 (fid=75)",855.7998342365761,28,,
Car 579,64.0,75,28,,,done,done charging,856.0,,,0.0
Car 1420,,,,,12,switch,"Charger 12 (fid=67) not available, trying Charger 7 (fid=47)",856.1704313938772,7,,
Car 1483,47.0,51,24,,,done,done charging,856.7998342365761,,,106.54637514715077
Car 1201,114.0,24,6,,,done,done charging,857.0,,,0.0
Car 218,,75,28,,,start_charge,starting to charge at Charger 28 (fid=75),857.1686634442074,,10.0,
Car 710,,51,24,,,start_charge,starting to charge at Charger 24 (fid=51),857.4485408552345,,5.0,
Car 1420,,47,7,,,start_charge,starting to charge at Charger 7 (fid=47),857.5483213576977,,15.0,
Car 214,,,,,12,switch,"Charger 12 (fid=67) not available, trying Charger 26 (fid=65)",858.0,26,,
Car 1210,,,,,27,switch,"Charger 27 (fid=72) not available, trying Charger 29 (fid=31)",858.0,29,,
Car 1210,,31,29,,,start_charge,starting to charge at Charger 29 (fid=31),858.262696513652,,5.0,
Car 196,,,,,2,switch,"Charger 2 (fid=17) not available, trying Charger 0 (fid=1)",858.7178223939162,0,,
Car 1480,64.0,70,10,,,done,done charging,859.3232966827989,,,93.53756860748503
Car 128,57.0,32,16,,,done,done charging,860.0,,,0.0
Car 760,51.0,65,26,,,done,done charging,860.3399643928495,,,194.91903392436296
Car 214,,65,26,,,start_charge,starting to charge at Charger 26 (fid=65),860.5996994779349,,5.0,
Car 196,,1,0,,,start_charge,starting to charge at Charger 0 (fid=1),860.8868665780423,,20.0,
Car 251,,,,63,,arrived,arrived,861.0,,,
Car 244,,,,52,,arrived,arrived,862.0,,,
Car 244,,7,1,,,start_charge,starting to charge at Charger 1 (fid=7),862.0,,0.0,
Car 511,,,,,5,switch,"Charger 5 (fid=3) not available, trying Charger 2 (fid=17)",862.8838510911569,2,,
Car 18,,,,77,,arrived,arrived,863.0,,,
Car 180,,,,66,,arrived,arrived,864.0,,,
Car 1281,,,,8,,arrived,arrived,864.0,,,
Car 180,,66,11,,,start_charge,starting to charge at Charger 11 (fid=66),864.0,,0.0,
Car 1144,98.0,70,10,,,done,done charging,864.126540502722,,,52.91910075765818
Car 386,,,,53,,arrived,arrived,866.0,,,
Car 539,97.0,33,8,,,done,done charging,866.0,,,17.082945559851378
Car 251,,,,,26,switch,"Charger 26 (fid=65) not available, trying Charger 7 (fid=47)",866.0,7,,
Car 1123,,,,55,,arrived,arrived,867.0,,,
Car 599,112.0,31,29,,,done,done charging,867.4863337099748,,,58.28024794902319
Car 1222,,,,11,,arrived,arrived,868.0,,,
Car 614,88.0,23,14,,,done,done charging,868.0,,,26.61271455525322
Car 1181,86.0,6,15,,,done,done charging,868.0,,,130.04592452284498
Car 18,,,,,24,switch,"Charger 24 (fid=51) not available, trying Charger 5 (fid=3)",868.0,5,,
Car 251,,47,7,,,start_charge,starting to charge at Charger 7 (fid=47),868.2192223664699,,5.0,
Car 358,,,,74,,arrived,arrived,869.0,,,
Car 1281,,,,,26,switch,"Charger 26 (fid=65) not available, trying Charger 11 (fid=66)",869.0,11,,
Car 358,,21,17,,,start_charge,starting to charge at Charger 17 (fid=21),869.0,,0.0,
Car 762,88.0,26,13,,,done,done charging,869.292636772198,,,40.60239314377234
Car 957,,,,62,,arrived,arrived,870.0,,,
Car 957,,6,15,,,start_charge,starting to charge at Charger 15 (fid=6),870.0,,0.0,
Car 393,,,,12,,arrived,arrived,871.0,,,
Car 382,115.0,85,19,,,done,done charging,871.0,,,0.0
Car 386,,,,,24,switch,"Charger 24 (fid=51) not available, trying Charger 28 (fid=75)",871.0,28,,
Car 286,90.0,15,9,,,done,done charging,871.2536541789356,,,21.129393105329726
Car 511,,,,,2,switch,"Charger 2 (fid=17) not available, trying Charger 11 (fid=66)",871.3532983932625,11,,
Car 84,,,,8,,arrived,arrived,872.0,,,
Car 432,,,,21,,arrived,arrived,872.0,,,
Car 1008,,,,45,,arrived,arrived,872.0,,,
Car 1123,,,,,27,switch,"Charger 27 (fid=72) not available, trying Charger 10 (fid=70)",872.0,10,,
Car 776,68.0,32,16,,,done,done charging,872.0619630953217,,,10.521416254497163
Car 1123,,70,10,,,start_charge,starting to charge at Charger 10 (fid=70),872.126540502722,,5.0,
Car 1499,75.0,67,12,,,done,done charging,872.2399560622524,,,182.91288948569206
Car 386,,75,28,,,start_charge,starting to charge at Charger 28 (fid=75),872.3688292076313,,5.0,
Car 1326,,,,76,,arrived,arrived,873.0,,,
Car 1373,,,,8,,arrived,arrived,873.0,,,
Car 1222,,,,,2,switch,"Charger 2 (fid=17) not available, trying Charger 15 (fid=6)",873.0,15,,
Car 1326,,85,19,,,start_charge,starting to charge at Charger 19 (fid=85),873.0,,0.0,
Car 1089,65.0,47,7,,,done,done charging,873.2192223664699,,,82.84729644951521
Car 18,,,,,5,switch,"Charger 5 (fid=3) not available, trying Charger 15 (fid=6)",873.7998342365761,15,,
Car 32,,,,1,,arrived,arrived,874.0,,,
Car 1479,,,,44,,arrived,arrived,874.0,,,
Car 915,51.0,23,14,,,done,done charging,874.0,,,18.500904031961415
Car 1479,,47,7,,,start_charge,starting to charge at Charger 7 (fid=47),874.0,,0.0,
Car 1036,53.0,21,17,,,done,done charging,876.0,,,58.93180745574896
Car 393,,,,,17,switch,"Charger 17 (fid=21) not available, trying Charger 0 (fid=1)",876.0,0,,
Car 1354,117.0,66,11,,,done,done charging,876.3399643928495,,,145.62807570314592
Car 1281,,,,,11,switch,"Charger 11 (fid=66) not available, trying Charger 12 (fid=67)",876.3399643928495,12,,
Car 343,,,,67,,arrived,arrived,877.0,,,
Car 401,,,,34,,arrived,arrived,877.0,,,
Car 565,,,,1,,arrived,arrived,877.0,,,
Car 84,,,,,26,switch,"Charger 26 (fid=65) not available, trying Charger 11 (fid=66)",877.0,11,,
Car 432,,,,,17,switch,"Charger 17 (fid=21) not available, trying Charger 0 (fid=1)",877.0,0,,
Car 1008,,,,,15,switch,"Charger 15 (fid=6) not available, trying Charger 2 (fid=17)",877.0,2,,
Car 343,,67,12,,,start_charge,starting to charge at Charger 12 (fid=67),877.0,,0.0,
Car 401,,33,8,,,start_charge,starting to charge at Charger 8 (fid=33),877.0,,0.0,
Car 325,50.0,6,15,,,done,done charging,878.0,,,86.22002937834127
Car 1373,,,,,26,switch,"Charger 26 (fid=65) not available, trying Charger 11 (fid=66)",878.0,11,,
Car 1222,,6,15,,,start_charge,starting to charge at Charger 15 (fid=6),878.0,,9.171088880119669,
Car 1174,83.0,66,11,,,done,done charging,878.0655207522695,,,163.70488080994087
Car 511,,66,11,,,start_charge,starting to charge at Charger 11 (fid=66),878.0655207522695,,17.99734005502569,
Car 1457,102.0,72,27,,,done,done charging,878.126540502722,,,84.84242495942729
Car 32,,,,,0,switch,"Charger 0 (fid=1) not available, trying Charger 1 (fid=7)",879.0,1,,
Car 10,51.0,72,27,,,done,done charging,879.126540502722,,,29.466655069735832
Car 1151,63.0,19,3,,,done,done charging,879.5089558287261,,,21.36065434390639
Car 77,108.0,51,24,,,done,done charging,879.7998342365761,,,66.62619190678491
Car 32,,7,1,,,start_charge,starting to charge at Charger 1 (fid=7),879.9452241234304,,5.0,
Car 1454,,,,66,,arrived,arrived,880.0,,,
Car 902,90.0,47,7,,,done,done charging,880.2192223664699,,,140.18407333216967
Car 1077,,,,8,,arrived,arrived,881.0,,,
Car 968,81.0,23,14,,,done,done charging,881.0,,,23.753980571677467
Car 18,,,,,15,switch,"Charger 15 (fid=6) not available, trying Charger 0 (fid=1)",881.683685327733,0,,
Car 326,,,,18,,arrived,arrived,882.0,,,
Car 944,,,,78,,arrived,arrived,882.0,,,
Car 565,,,,,0,switch,"Charger 0 (fid=1) not available, trying Charger 1 (fid=7)",882.0,1,,
Car 326,,72,27,,,start_charge,starting to charge at Charger 27 (fid=72),882.0,,0.0,
Car 393,,,,,0,switch,"Charger 0 (fid=1) not available, trying Charger 1 (fid=7)",882.501413110544,1,,
Car 104,77.0,65,26,,,done,done charging,882.5996994779349,,,113.25051611363799
Car 1077,,65,26,,,start_charge,starting to charge at Charger 26 (fid=65),882.5996994779349,,1.5996994779349052,
Car 1008,,,,,2,switch,"Charger 2 (fid=17) not available, trying Charger 9 (fid=15)",882.8289111198803,9,,
Car 565,,7,1,,,start_charge,starting to charge at Charger 1 (fid=7),882.9452241234304,,5.0,
Car 870,,,,47,,arrived,arrived,883.0,,,
Car 1064,112.0,85,19,,,done,done charging,883.0,,,11.514998957837907
Car 105,106.0,15,9,,,done,done charging,883.0,,,0.0
Car 781,65.0,32,16,,,done,done charging,883.0,,,63.40340976636007
Car 870,,47,7,,,start_charge,starting to charge at Charger 7 (fid=47),883.0,,0.0,
Car 1008,,15,9,,,start_charge,starting to charge at Charger 9 (fid=15),883.0825652988159,,10.0,
Car 393,,7,1,,,start_charge,starting to charge at Charger 1 (fid=7),883.4466372339745,,10.0,
Car 411,119.0,72,27,,,done,done charging,883.4975388525362,,,49.900990150494394
Car 432,,,,,0,switch,"Charger 0 (fid=1) not available, trying Charger 1 (fid=7)",883.501413110544,1,,
Car 84,,,,,11,switch,"Charger 11 (fid=66) not available, trying Charger 12 (fid=67)",884.3399643928495,12,,
Car 1175,95.0,70,10,,,done,done charging,884.4998883918119,,,29.97077416416114
Car 839,,,,40,,arrived,arrived,885.0,,,
Car 1255,,,,62,,arrived,arrived,885.0,,,
Car 1464,,,,65,,arrived,arrived,885.0,,,
Car 534,89.0,24,6,,,done,done charging,885.0,,,24.044531540458287
Car 219,45.0,85,19,,,done,done charging,885.0,,,64.31247021377396
Car 1454,,,,,11,switch,"Charger 11 (fid=66) not available, trying Charger 26 (fid=65)",885.0,26,,
Car 429,52.0,21,20,,,done,done charging,885.1295704926748,,,16.18370034942323
Car 1281,,,,,12,switch,"Charger 12 (fid=67) not available, trying Charger 7 (fid=47)",885.1704313938772,7,,
Car 1373,,,,,11,switch,"Charger 11 (fid=66) not available, trying Charger 12 (fid=67)",885.3399643928495,12,,
Car 831,60.0,3,5,,,done,done charging,887.0,,,68.53159922986113
Car 944,,,,,26,switch,"Charger 26 (fid=65) not available, trying Charger 11 (fid=66)",887.0,11,,
Car 839,,3,5,,,start_charge,starting to charge at Charger 5 (fid=3),887.0,,2.0,
Car 541,,,,25,,arrived,arrived,888.0,,,
Car 402,64.0,26,13,,,done,done charging,888.0,,,8.0825061707424
Car 541,,23,14,,,start_charge,starting to charge at Charger 14 (fid=23),888.0,,0.0,
Car 18,,,,,0,switch,"Charger 0 (fid=1) not available, trying Charger 2 (fid=17)",888.0350920301094,2,,
Car 154,86.0,17,2,,,done,done charging,888.7178223939162,,,160.46889726361894
Car 371,,,,52,,arrived,arrived,889.0,,,
Car 432,,,,,1,switch,"Charger 1 (fid=7) not available, trying Charger 19 (fid=85)",889.4466372339745,19,,
Car 331,,,,67,,arrived,arrived,890.0,,,
Car 1255,,,,,15,switch,"Charger 15 (fid=6) not available, trying Charger 5 (fid=3)",890.0,5,,
Car 1464,,,,,26,switch,"Charger 26 (fid=65) not available, trying Charger 7 (fid=47)",890.0,7,,
Car 18,,17,2,,,start_charge,starting to charge at Charger 2 (fid=17),890.2041362142354,,20.0,
Car 0,,,,37,,arrived,arrived,891.0,,,
Car 134,,,,4,,arrived,arrived,891.0,,,
Car 432,,85,19,,,start_charge,starting to charge at Charger 19 (fid=85),891.4796047129231,,15.0,
Car 1281,,,,,7,switch,"Charger 7 (fid=47) not available, trying Charger 4 (fid=17)",891.5483213576977,4,,
Car 573,51.0,3,5,,,done,done charging,891.7998342365761,,,114.71650315889154
Car 229,,,,60,,arrived,arrived,892.0,,,
Car 293,,,,4,,arrived,arrived,892.0,,,
Car 590,114.0,23,14,,,done,done charging,892.0,,,0.0
Car 1454,,,,,26,switch,"Charger 26 (fid=65) not available, trying Charger 5 (fid=3)",892.3399643928495,5,,
Car 1281,,17,4,,,start_charge,starting to charge at Charger 4 (fid=17),892.6499905496693,,20.0,
Car 1255,,3,5,,,start_charge,starting to charge at Charger 5 (fid=3),892.8838510911569,,5.0,
Car 896,113.0,6,15,,,done,done charging,893.0,,,86.22002937834127
Car 287,82.0,58,18,,,done,done charging,893.0,,,0.0
Car 134,,6,15,,,start_charge,starting to charge at Charger 15 (fid=6),893.0,,2.0,
Car 227,108.0,17,4,,,done,done charging,893.1016691919716,,,66.80031167595456
Car 84,,,,,12,switch,"Charger 12 (fid=67) not available, trying Charger 7 (fid=47)",893.1704313938772,7,,
Car 892,,,,77,,arrived,arrived,894.0,,,
Car 525,74.0,21,17,,,done,done charging,894.0,,,65.74620646091854
Car 371,,,,,1,switch,"Charger 1 (fid=7) not available, trying Charger 0 (fid=1)",894.0,0,,
Car 892,,51,24,,,start_charge,starting to charge at Charger 24 (fid=51),894.0,,0.0,
Car 304,120.0,19,3,,,done,done charging,894.1497601218099,,,69.66534042835744
Car 1373,,,,,12,switch,"Charger 12 (fid=67) not available, trying Charger 7 (fid=47)",894.1704313938772,7,,
Car 944,,,,,11,switch,"Charger 11 (fid=66) not available, trying Charger 7 (fid=47)",894.3399643928495,7,,
Car 1141,,,,51,,arrived,arrived,895.0,,,
Car 1150,,,,54,,arrived,arrived,895.0,,,
Car 1432,,,,10,,arrived,arrived,895.0,,,
Car 331,,,,,12,switch,"Charger 12 (fid=67) not available, trying Charger 4 (fid=17)",895.0,4,,
Car 1250,53.0,67,12,,,done,done charging,895.1704313938772,,,191.1562589297049
Car 0,,67,12,,,start_charge,starting to charge at Charger 12 (fid=67),895.1704313938772,,4.170431393877152,
Car 168,60.0,48,21,,,done,done charging,895.4853130291848,,,95.24211176260054
Car 331,,17,4,,,start_charge,starting to charge at Charger 4 (fid=17),895.6056414532112,,5.0,
Car 1004,,,,52,,arrived,arrived,897.0,,,
Car 238,100.0,24,6,,,done,done charging,897.0,,,24.044531540458287
Car 229,,,,,15,switch,"Charger 15 (fid=6) not available, trying Charger 24 (fid=51)",897.0,24,,
Car 293,,,,,15,switch,"Charger 15 (fid=6) not available, trying Charger 0 (fid=1)",897.0,0,,
Car 1464,,,,,7,switch,"Charger 7 (fid=47) not available, trying Charger 11 (fid=66)",897.2192223664699,11,,
Car 70,74.0,51,24,,,done,done charging,898.0,,,128.4087684895338
Car 1141,,51,24,,,start_charge,starting to charge at Charger 24 (fid=51),898.0,,3.0,
Car 1474,,,,32,,arrived,arrived,899.0,,,
Car 837,53.0,7,1,,,done,done charging,899.0,,,0.0
Car 1474,,32,16,,,start_charge,starting to charge at Charger 16 (fid=32),899.0,,0.0,
Car 1004,,7,1,,,start_charge,starting to charge at Charger 1 (fid=7),899.0,,2.0,
Car 84,,,,,7,switch,"Charger 7 (fid=47) not available, trying Charger 4 (fid=17)",899.5483213576977,4,,
Car 371,,,,,0,switch,"Charger 0 (fid=1) not available, trying Charger 24 (fid=51)",899.9452241234304,24,,
Car 422,,,,11,,arrived,arrived,900.0,,,
Car 444,,,,9,,arrived,arrived,900.0,,,
Car 1244,,,,76,,arrived,arrived,900.0,,,
Car 1295,,,,57,,arrived,arrived,900.0,,,
Car 676,51.0,21,20,,,done,done charging,900.0,,,0.0
Car 1150,,,,,12,switch,"Charger 12 (fid=67) not available, trying Charger 27 (fid=72)",900.0,27,,
Car 1432,,,,,11,switch,"Charger 11 (fid=66) not available, trying Charger 26 (fid=65)",900.0,26,,
Car 1244,,85,19,,,start_charge,starting to charge at Charger 19 (fid=85),900.0,,0.0,
Car 1295,,72,27,,,start_charge,starting to charge at Charger 27 (fid=72),900.0,,0.0,
Car 952,46.0,19,3,,,done,done charging,900.5089558287261,,,47.45420779023396
Car 1373,,,,,7,switch,"Charger 7 (fid=47) not available, trying Charger 4 (fid=17)",900.5483213576977,4,,
Car 84,,17,4,,,start_charge,starting to charge at Charger 4 (fid=17),900.6499905496693,,20.0,
Car 211,,,,66,,arrived,arrived,901.0,,,
Car 904,,,,48,,arrived,arrived,901.0,,,
Car 299,72.0,47,7,,,done,done charging,901.0,,,82.84729644951521
Car 904,,48,21,,,start_charge,starting to charge at Charger 21 (fid=48),901.0,,0.0,
Car 944,,47,7,,,start_charge,starting to charge at Charger 7 (fid=47),901.0,,12.46976891239558,
Car 1150,,72,27,,,start_charge,starting to charge at Charger 27 (fid=72),901.4975388525362,,5.0,
Car 1454,,,,,5,switch,"Charger 5 (fid=3) not available, trying Charger 24 (fid=51)",901.9362870596834,24,,
Car 1264,,,,52,,arrived,arrived,902.0,,,
Car 413,,,,40,,arrived,arrived,903.0,,,
Car 293,,,,,0,switch,"Charger 0 (fid=1) not available, trying Charger 24 (fid=51)",903.3514067023764,24,,
Car 532,,,,116,,arrived,arrived,904.0,,,
Car 946,,,,27,,arrived,arrived,904.0,,,
Car 532,,23,14,,,start_charge,starting to charge at Charger 14 (fid=23),904.0,,0.0,
Car 946,,23,14,,,start_charge,starting to charge at Charger 14 (fid=23),904.0,,0.0,
Car 229,,,,,24,switch,"Charger 24 (fid=51) not available, trying Charger 5 (fid=3)",904.4485408552345,5,,
Car 131,,,,79,,arrived,arrived,905.0,,,
Car 422,,,,,2,switch,"Charger 2 (fid=17) not available, trying Charger 15 (fid=6)",905.0,15,,
Car 444,,,,,11,switch,"Charger 11 (fid=66) not available, trying Charger 26 (fid=65)",905.0,26,,
Car 131,,23,14,,,start_charge,starting to charge at Charger 14 (fid=23),905.0,,0.0,
Car 1080,91.0,17,2,,,done,done charging,905.0135732713743,,,309.44969592164466
Car 340,,,,25,,arrived,arrived,906.0,,,
Car 677,,,,69,,arrived,arrived,906.0,,,
Car 1234,,,,3,,arrived,arrived,906.0,,,
Car 1070,118.0,15,9,,,done,done charging,906.0,,,45.87318816035984
Car 211,,,,,11,switch,"Charger 11 (fid=66) not available, trying Charger 26 (fid=65)",906.0,26,,
Car 340,,24,6,,,start_charge,starting to charge at Charger 6 (fid=24),906.0,,0.0,
Car 677,,70,10,,,start_charge,starting to charge at Charger 10 (fid=70),906.0,,0.0,
Car 1464,,,,,11,switch,"Charger 11 (fid=66) not available, trying Charger 21 (fid=48)",906.4094890612248,21,,
Car 1373,,,,,4,switch,"Charger 4 (fid=17) not available, trying Charger 21 (fid=48)",906.6499905496693,21,,
Car 371,,,,,24,switch,"Charger 24 (fid=51) not available, trying Charger 18 (fid=58)",906.7901692593279,18,,
Car 398,,,,78,,arrived,arrived,907.0,,,
Car 455,102.0,21,20,,,done,done charging,907.0,,,5.39369863824874
Car 832,88.0,3,5,,,done,done charging,907.0,,,68.53159922986113
Car 1264,,,,,1,switch,"Charger 1 (fid=7) not available, trying Charger 0 (fid=1)",907.0,0,,
Car 413,,3,5,,,start_charge,starting to charge at Charger 5 (fid=3),907.0,,4.0,
Car 1113,99.0,15,9,,,done,done charging,907.0825652988159,,,32.2061203655479
Car 1432,,,,,26,switch,"Charger 26 (fid=65) not available, trying Charger 12 (fid=67)",907.3399643928495,12,,
Car 1454,,,,,24,switch,"Charger 24 (fid=51) not available, trying Charger 15 (fid=6)",907.7361212962595,15,,
Car 637,70.0,31,29,,,done,done charging,908.0900494364188,,,61.35906030080043
Car 1373,,48,21,,,start_charge,starting to charge at Charger 21 (fid=48),908.174620427552,,25.0,
Car 371,,58,18,,,start_charge,starting to charge at Charger 18 (fid=58),908.6583541089376,,15.0,
Car 47,106.0,6,15,,,done,done charging,908.683685327733,,,125.79907952366686
Car 422,,6,15,,,start_charge,starting to charge at Charger 15 (fid=6),908.683685327733,,7.854774207852643,
Car 450,,,,2,,arrived,arrived,909.0,,,
Car 1010,,,,50,,arrived,arrived,909.0,,,
Car 961,76.0,24,6,,,done,done charging,910.0,,,12.433871681824385
Car 293,,,,,24,switch,"Charger 24 (fid=51) not available, trying Charger 2 (fid=17)",910.1963518382738,2,,
Car 229,,,,,5,switch,"Charger 5 (fid=3) not available, trying Charger 2 (fid=17)",910.2483750918105,2,,
Car 212,111.0,89,23,,,done,done charging,910.2788150019745,,,23.22528966448197
Car 1464,,48,21,,,start_charge,starting to charge at Charger 21 (fid=48),910.8909948029178,,15.0,
Car 666,,,,18,,arrived,arrived,911.0,,,
Car 1075,,,,50,,arrived,arrived,911.0,,,
Car 1234,,,,,5,switch,"Charger 5 (fid=3) not available, trying Charger 24 (fid=51)",911.0,24,,
Car 1328,85.0,19,3,,,done,done charging,911.2564304242966,,,10.798154749778018
Car 728,99.0,3,5,,,done,done charging,911.8838510911569,,,158.98721317452672
Car 1010,,3,5,,,start_charge,starting to charge at Charger 5 (fid=3),911.8838510911569,,2.8838510911568846,
Car 629,,,,38,,arrived,arrived,912.0,,,
Car 853,,,,60,,arrived,arrived,912.0,,,
Car 1241,,,,8,,arrived,arrived,912.0,,,
Car 1294,,,,55,,arrived,arrived,912.0,,,
Car 398,,,,,26,switch,"Charger 26 (fid=65) not available, trying Charger 11 (fid=66)",912.0,11,,
Car 1162,104.0,72,27,,,done,done charging,912.126540502722,,,0.0
Car 666,,72,27,,,start_charge,starting to charge at Charger 27 (fid=72),912.126540502722,,1.1265405027220368,
Car 1210,54.0,31,29,,,done,done charging,912.262696513652,,,16.044241334509135
Car 444,,,,,26,switch,"Charger 26 (fid=65) not available, trying Charger 5 (fid=3)",912.3399643928495,5,,
Car 1264,,,,,0,switch,"Charger 0 (fid=1) not available, trying Charger 24 (fid=51)",912.9452241234304,24,,
Car 1290,,,,23,,arrived,arrived,913.0,,,
Car 1290,,23,14,,,start_charge,starting to charge at Charger 14 (fid=23),913.0,,0.0,
Car 211,,,,,26,switch,"Charger 26 (fid=65) not available, trying Charger 5 (fid=3)",913.3399643928495,5,,
Car 293,,17,2,,,start_charge,starting to charge at Charger 2 (fid=17),913.3525777550506,,15.0,
Car 27,,,,7,,arrived,arrived,914.0,,,
Car 156,,,,54,,arrived,arrived,914.0,,,
Car 450,,,,,1,switch,"Charger 1 (fid=7) not available, trying Charger 23 (fid=89)",914.0,23,,
Car 1432,,,,,12,switch,"Charger 12 (fid=67) not available, trying Charger 7 (fid=47)",914.9396638707844,7,,
Car 852,,,,30,,arrived,arrived,915.0,,,
Car 852,,31,29,,,start_charge,starting to charge at Charger 29 (fid=31),915.0,,0.0,
Car 1454,,,,,15,switch,"Charger 15 (fid=6) not available, trying Charger 2 (fid=17)",915.184662151494,2,,
Car 94,109.0,17,2,,,done,done charging,915.4057343617891,,,27.818216998902926
Car 229,,17,2,,,start_charge,starting to charge at Charger 2 (fid=17),915.4057343617891,,16.68791196787288,
Car 450,,89,23,,,start_charge,starting to charge at Charger 23 (fid=89),915.9611704143509,,5.0,
Car 794,,,,35,,arrived,arrived,916.0,,,
Car 1075,,,,,5,switch,"Charger 5 (fid=3) not available, trying Charger 24 (fid=51)",916.0,24,,
Car 794,,32,16,,,start_charge,starting to charge at Charger 16 (fid=32),916.0,,0.0,
Car 1234,,,,,24,switch,"Charger 24 (fid=51) not available, trying Charger 28 (fid=75)",916.7998342365761,28,,
Car 629,,,,,7,switch,"Charger 7 (fid=47) not available, trying Charger 21 (fid=48)",917.0,21,,
Car 853,,,,,15,switch,"Charger 15 (fid=6) not available, trying Charger 24 (fid=51)",917.0,24,,
Car 1241,,,,,26,switch,"Charger 26 (fid=65) not available, trying Charger 11 (fid=66)",917.0,11,,
Car 1294,,,,,27,switch,"Charger 27 (fid=72) not available, trying Charger 10 (fid=70)",917.0,10,,
Car 1294,,70,10,,,start_charge,starting to charge at Charger 10 (fid=70),917.126540502722,,5.0,
Car 629,,48,21,,,start_charge,starting to charge at Charger 21 (fid=48),917.4853130291848,,5.0,
Car 1131,84.0,17,2,,,done,done charging,918.1396408610415,,,49.68756997482105
Car 1454,,17,2,,,start_charge,starting to charge at Charger 2 (fid=17),918.1396408610415,,27.126067589667173,
Car 218,61.0,75,28,,,done,done charging,918.1686634442074,,,158.68679960853726
Car 1234,,75,28,,,start_charge,starting to charge at Charger 28 (fid=75),918.1686634442074,,10.0,
Car 710,61.0,51,24,,,done,done charging,918.4485408552345,,,128.4087684895338
Car 1264,,51,24,,,start_charge,starting to charge at Charger 24 (fid=51),918.4485408552345,,13.658371595906601,
Car 27,,,,,1,switch,"Charger 1 (fid=7) not available, trying Charger 0 (fid=1)",919.0,0,,
Car 156,,,,,12,switch,"Charger 12 (fid=67) not available, trying Charger 27 (fid=72)",919.0,27,,
Car 398,,,,,11,switch,"Charger 11 (fid=66) not available, trying Charger 7 (fid=47)",919.3399643928495,7,,
Car 977,,,,16,,arrived,arrived,921.0,,,
Car 1432,,,,,7,switch,"Charger 7 (fid=47) not available, trying Charger 2 (fid=17)",921.317553834605,2,,
Car 1075,,,,,24,switch,"Charger 24 (fid=51) not available, trying Charger 28 (fid=75)",921.7998342365761,28,,
Car 444,,,,,5,switch,"Charger 5 (fid=3) not available, trying Charger 2 (fid=17)",921.9362870596834,2,,
Car 823,91.0,19,3,,,done,done charging,922.1497601218099,,,69.66534042835744
Car 211,,,,,5,switch,"Charger 5 (fid=3) not available, trying Charger 24 (fid=51)",922.9362870596834,24,,
Car 1381,94.0,21,17,,,done,done charging,923.0,,,69.83238782251384
Car 1075,,75,28,,,start_charge,starting to charge at Charger 28 (fid=75),923.1686634442074,,10.0,
Car 56,,,,31,,arrived,arrived,924.0,,,
Car 56,,31,29,,,start_charge,starting to charge at Charger 29 (fid=31),924.0,,0.0,
Car 1241,,,,,11,switch,"Charger 11 (fid=66) not available, trying Charger 12 (fid=67)",924.3399643928495,12,,
Car 853,,,,,24,switch,"Charger 24 (fid=51) not available, trying Charger 5 (fid=3)",924.4485408552345,5,,
Car 214,64.0,65,26,,,done,done charging,924.5996994779349,,,121.98976820210598
Car 27,,,,,0,switch,"Charger 0 (fid=1) not available, trying Charger 18 (fid=58)",924.9452241234304,18,,
Car 1461,,,,91,,arrived,arrived,925.0,,,
Car 1479,51.0,47,7,,,done,done charging,925.0,,,29.246716208848213
Car 1461,,89,23,,,start_charge,starting to charge at Charger 23 (fid=89),925.0,,0.0,
Car 398,,47,7,,,start_charge,starting to charge at Charger 7 (fid=47),925.0,,11.46976891239558,
Car 156,,,,,27,switch,"Charger 27 (fid=72) not available, trying Charger 29 (fid=31)",925.4975388525362,29,,
Car 156,,31,29,,,start_charge,starting to charge at Charger 29 (fid=31),925.7602353661882,,10.0,
Car 32,46.0,7,1,,,done,done charging,925.9452241234304,,,78.73716948175102
Car 112,,,,34,,arrived,arrived,926.0,,,
Car 223,,,,69,,arrived,arrived,926.0,,,
Car 1402,,,,117,,arrived,arrived,926.0,,,
Car 815,101.0,66,11,,,done,done charging,926.0,,,80.78257328161338
Car 1222,48.0,6,15,,,done,done charging,926.0,,,123.88920268127181
Car 977,,,,,2,switch,"Charger 2 (fid=17) not available, trying Charger 9 (fid=15)",926.0,9,,
Car 112,,33,8,,,start_charge,starting to charge at Charger 8 (fid=33),926.0,,0.0,
Car 1402,,21,17,,,start_charge,starting to charge at Charger 17 (fid=21),926.0,,0.0,
Car 977,,15,9,,,start_charge,starting to charge at Charger 9 (fid=15),926.2536541789356,,5.0,
Car 171,104.0,17,2,,,done,done charging,926.618015403459,,,41.381228703346416
Car 1432,,17,2,,,start_charge,starting to charge at Charger 2 (fid=17),926.618015403459,,22.081718655494342,
Car 27,,58,18,,,start_charge,starting to charge at Charger 18 (fid=58),927.134298890403,,10.0,
Car 1420,70.0,47,7,,,done,done charging,927.5483213576977,,,203.63506897632593
Car 624,82.0,15,9,,,done,done charging,928.0825652988159,,,161.05068782215608
Car 211,,,,,24,switch,"Charger 24 (fid=51) not available, trying Charger 15 (fid=6)",928.7361212962595,15,,
Car 185,,,,63,,arrived,arrived,929.0,,,
Car 185,,65,26,,,start_charge,starting to charge at Charger 26 (fid=65),929.0,,0.0,
Car 783,,,,59,,arrived,arrived,930.0,,,
Car 1085,,,,27,,arrived,arrived,930.0,,,
Car 205,119.0,1,0,,,done,done charging,930.0,,,0.0
Car 783,,75,28,,,start_charge,starting to charge at Charger 28 (fid=75),930.0,,0.0,
Car 1085,,33,8,,,start_charge,starting to charge at Charger 8 (fid=33),930.0,,0.0,
Car 511,52.0,66,11,,,done,done charging,930.0655207522695,,,163.70488080994087
Car 853,,,,,5,switch,"Charger 5 (fid=3) not available, trying Charger 2 (fid=17)",930.2483750918105,2,,
Car 444,,,,,2,switch,"Charger 2 (fid=17) not available, trying Charger 15 (fid=6)",930.4057343617891,15,,
Car 884,,,,77,,arrived,arrived,931.0,,,
Car 1462,,,,37,,arrived,arrived,931.0,,,
Car 244,69.0,7,1,,,done,done charging,931.0,,,54.86803450095119
Car 223,,,,,10,switch,"Charger 10 (fid=70) not available, trying Charger 27 (fid=72)",931.0,27,,
Car 211,,6,15,,,start_charge,starting to charge at Charger 15 (fid=6),931.184662151494,,20.0,
Car 320,89.0,21,17,,,done,done charging,933.0,,,58.93180745574896
Car 1241,,,,,12,switch,"Charger 12 (fid=67) not available, trying Charger 7 (fid=47)",933.1704313938772,7,,
Car 1437,91.0,31,29,,,done,done charging,933.4863337099748,,,21.882619587212005
Car 121,,,,15,,arrived,arrived,934.0,,,
Car 1327,,,,63,,arrived,arrived,934.0,,,
Car 3,108.0,67,12,,,done,done charging,934.0,,,107.1141266920381
Car 1462,,67,12,,,start_charge,starting to charge at Charger 12 (fid=67),934.0,,3.0,
Car 75,90.0,1,0,,,done,done charging,934.0350920301094,,,129.11660621313655
Car 1241,,47,7,,,start_charge,starting to charge at Charger 7 (fid=47),934.5483213576977,,15.0,
Car 360,104.0,85,19,,,done,done charging,935.0,,,8.766127366169387
Car 768,,,,12,,arrived,arrived,936.0,,,
Car 884,,,,,24,switch,"Charger 24 (fid=51) not available, trying Charger 5 (fid=3)",936.0,5,,
Car 768,,21,17,,,start_charge,starting to charge at Charger 17 (fid=21),936.0,,0.0,
Car 223,,,,,27,switch,"Charger 27 (fid=72) not available, trying Charger 3 (fid=19)",936.126540502722,3,,
Car 444,,,,,15,switch,"Charger 15 (fid=6) not available, trying Charger 12 (fid=67)",936.2346454816694,12,,
Car 738,97.0,1,0,,,done,done charging,936.3514067023764,,,103.04602253846483
Car 223,,19,3,,,start_charge,starting to charge at Charger 3 (fid=19),936.5089558287261,,10.0,
Car 758,,,,58,,arrived,arrived,937.0,,,
Car 930,,,,19,,arrived,arrived,937.0,,,
Car 758,,58,18,,,start_charge,starting to charge at Charger 18 (fid=58),937.0,,0.0,
Car 930,,19,3,,,start_charge,starting to charge at Charger 3 (fid=19),937.0,,0.0,
Car 1158,,,,34,,arrived,arrived,938.0,,,
Car 1158,,33,8,,,start_charge,starting to charge at Charger 8 (fid=33),938.0,,0.0,
Car 481,103.0,17,4,,,done,done charging,938.1016691919716,,,66.80031167595456
Car 1045,88.0,17,4,,,done,done charging,938.6056414532112,,,50.44993305249392
Car 853,,,,,2,switch,"Charger 2 (fid=17) not available, trying Charger 0 (fid=1)",938.7178223939162,0,,
Car 121,,,,,28,switch,"Charger 28 (fid=75) not available, trying Charger 18 (fid=58)",939.0,18,,
Car 1327,,,,,26,switch,"Charger 26 (fid=65) not available, trying Charger 7 (fid=47)",939.0,7,,
Car 18,49.0,17,2,,,done,done charging,939.2041362142354,,,175.9913667001853
Car 121,,58,18,,,start_charge,starting to charge at Charger 18 (fid=58),939.7196453243283,,5.0,
Car 180,76.0,66,11,,,done,done charging,940.0,,,0.0
Car 853,,1,0,,,start_charge,starting to charge at Charger 0 (fid=1),940.8868665780423,,20.0,
Car 68,,,,56,,arrived,arrived,941.0,,,
Car 431,,,,33,,arrived,arrived,941.0,,,
Car 639,,,,10,,arrived,arrived,941.0,,,
Car 1005,,,,57,,arrived,arrived,941.0,,,
Car 431,,32,16,,,start_charge,starting to charge at Charger 16 (fid=32),941.0,,0.0,
Car 639,,66,11,,,start_charge,starting to charge at Charger 11 (fid=66),941.0,,0.0,
Car 884,,,,,5,switch,"Charger 5 (fid=3) not available, trying Charger 15 (fid=6)",941.7998342365761,15,,
Car 196,82.0,1,0,,,done,done charging,942.8868665780423,,,162.14671048157606
Car 444,,,,,12,switch,"Charger 12 (fid=67) not available, trying Charger 24 (fid=51)",943.8959492078542,24,,
Car 1057,102.0,21,20,,,done,done charging,944.1295704926748,,,35.78834349338002
Car 900,,,,52,,arrived,arrived,945.0,,,
Car 1203,,,,60,,arrived,arrived,945.0,,,
Car 870,62.0,47,7,,,done,done charging,945.0,,,0.0
Car 900,,7,1,,,start_charge,starting to charge at Charger 1 (fid=7),945.0,,0.0,
Car 1327,,47,7,,,start_charge,starting to charge at Charger 7 (fid=47),945.0,,8.780777633530079,
Car 632,,,,70,,arrived,arrived,946.0,,,
Car 1231,,,,72,,arrived,arrived,946.0,,,
Car 143,111.0,85,19,,,done,done charging,946.0,,,5.766894224797834
Car 68,,,,,10,switch,"Charger 10 (fid=70) not available, trying Charger 27 (fid=72)",946.0,27,,
Car 1005,,,,,27,switch,"Charger 27 (fid=72) not available, trying Charger 10 (fid=70)",946.0,10,,
Car 326,65.0,72,27,,,done,done charging,947.0,,,13.19412839106531
Car 1231,,72,27,,,start_charge,starting to charge at Charger 27 (fid=72),947.0,,1.0,
Car 1130,,,,77,,arrived,arrived,948.0,,,
Car 1286,,,,14,,arrived,arrived,948.0,,,
Car 343,71.0,67,12,,,done,done charging,948.0,,,0.0
Car 1286,,31,29,,,start_charge,starting to charge at Charger 29 (fid=31),948.0,,0.0,
Car 897,,,,77,,arrived,arrived,949.0,,,
Car 803,115.0,58,18,,,done,done charging,949.0,,,60.39930873776547
Car 633,100.0,115,22,,,done,done charging,949.0,,,44.76134967805504
Car 1295,49.0,72,27,,,done,done charging,949.0,,,49.900990150494394
Car 68,,72,27,,,start_charge,starting to charge at Charger 27 (fid=72),949.0,,7.873459497277963,
Car 884,,,,,15,switch,"Charger 15 (fid=6) not available, trying Charger 0 (fid=1)",949.683685327733,0,,
Car 163,,,,55,,arrived,arrived,950.0,,,
Car 1203,,,,,15,switch,"Charger 15 (fid=6) not available, trying Charger 24 (fid=51)",950.0,24,,
Car 632,,,,,10,switch,"Charger 10 (fid=70) not available, trying Charger 27 (fid=72)",951.0,27,,
Car 884,,1,0,,,start_charge,starting to charge at Charger 0 (fid=1),951.0350920301094,,15.0,
Car 9,115.0,70,10,,,done,done charging,951.126540502722,,,55.786085594899674
Car 1005,,,,,10,switch,"Charger 10 (fid=70) not available, trying Charger 29 (fid=31)",951.126540502722,29,,
Car 1005,,31,29,,,start_charge,starting to charge at Charger 29 (fid=31),951.4863337099748,,10.0,
Car 773,101.0,3,5,,,done,done charging,951.9362870596834,,,221.49726094921147
Car 66,,,,71,,arrived,arrived,952.0,,,
Car 166,,,,52,,arrived,arrived,952.0,,,
Car 131,47.0,23,14,,,done,done charging,952.0,,,108.90468805795132
Car 166,,7,1,,,start_charge,starting to charge at Charger 1 (fid=7),952.0,,0.0,
Car 1076,,,,31,,arrived,arrived,953.0,,,
Car 1394,108.0,24,6,,,done,done charging,953.0,,,24.044531540458287
Car 1130,,,,,24,switch,"Charger 24 (fid=51) not available, trying Charger 5 (fid=3)",953.0,5,,
Car 1076,,17,4,,,start_charge,starting to charge at Charger 4 (fid=17),953.0,,0.0,
Car 432,62.0,85,19,,,done,done charging,953.4796047129231,,,183.07891556645728
Car 444,,,,,24,switch,"Charger 24 (fid=51) not available, trying Charger 9 (fid=15)",953.5601376230143,9,,
Car 1130,,3,5,,,start_charge,starting to charge at Charger 5 (fid=3),953.7998342365761,,5.0,
Car 770,,,,62,,arrived,arrived,954.0,,,
Car 1199,102.0,1,0,,,done,done charging,954.0,,,0.0
Car 897,,,,,24,switch,"Charger 24 (fid=51) not available, trying Charger 5 (fid=3)",954.0,5,,
Car 957,85.0,6,15,,,done,done charging,955.0,,,146.57696055319013
Car 163,,,,,27,switch,"Charger 27 (fid=72) not available, trying Charger 10 (fid=70)",955.0,10,,
Car 770,,6,15,,,start_charge,starting to charge at Charger 15 (fid=6),955.0,,1.0,
Car 292,,,,31,,arrived,arrived,956.0,,,
Car 1418,,,,1,,arrived,arrived,956.0,,,
Car 1418,,1,0,,,start_charge,starting to charge at Charger 0 (fid=1),956.0,,0.0,
Car 632,,,,,27,switch,"Charger 27 (fid=72) not available, trying Charger 3 (fid=19)",956.126540502722,3,,
Car 632,,19,3,,,start_charge,starting to charge at Charger 3 (fid=19),956.5089558287261,,10.0,
Car 1077,74.0,65,26,,,done,done charging,956.5996994779349,,,76.93727045459511
Car 444,,15,9,,,start_charge,starting to charge at Charger 9 (fid=15),956.8420123554878,,35.0,
Car 268,,,,62,,arrived,arrived,957.0,,,
Car 66,,,,,10,switch,"Charger 10 (fid=70) not available, trying Charger 27 (fid=72)",957.0,27,,
Car 1008,74.0,15,9,,,done,done charging,957.0825652988159,,,161.05068782215608
Car 1203,,,,,24,switch,"Charger 24 (fid=51) not available, trying Charger 5 (fid=3)",957.4485408552345,5,,
Car 107,,,,72,,arrived,arrived,958.0,,,
Car 1502,,,,117,,arrived,arrived,958.0,,,
Car 1502,,21,17,,,start_charge,starting to charge at Charger 17 (fid=21),958.0,,0.0,
Car 368,,,,118,,arrived,arrived,959.0,,,
Car 1117,,,,77,,arrived,arrived,959.0,,,
Car 1373,51.0,48,21,,,done,done charging,959.174620427552,,,227.95874898761573
Car 897,,,,,5,switch,"Charger 5 (fid=3) not available, trying Charger 15 (fid=6)",959.7998342365761,15,,
Car 202,,,,81,,arrived,arrived,960.0,,,
Car 163,,,,,10,switch,"Charger 10 (fid=70) not available, trying Charger 29 (fid=31)",960.126540502722,29,,
Car 1501,,,,77,,arrived,arrived,961.0,,,
Car 292,,,,,29,switch,"Charger 29 (fid=31) not available, trying Charger 16 (fid=32)",961.0,16,,
Car 292,,32,16,,,start_charge,starting to charge at Charger 16 (fid=32),961.0619630953217,,5.0,
Car 44,,,,67,,arrived,arrived,962.0,,,
Car 1103,,,,37,,arrived,arrived,962.0,,,
Car 268,,,,,15,switch,"Charger 15 (fid=6) not available, trying Charger 5 (fid=3)",962.0,5,,
Car 44,,67,12,,,start_charge,starting to charge at Charger 12 (fid=67),962.0,,0.0,
Car 66,,,,,27,switch,"Charger 27 (fid=72) not available, trying Charger 29 (fid=31)",962.126540502722,29,,
Car 422,54.0,6,15,,,done,done charging,962.683685327733,,,123.88920268127181
Car 202,,6,15,,,start_charge,starting to charge at Charger 15 (fid=6),962.683685327733,,2.6836853277329737,
Car 821,,,,66,,arrived,arrived,963.0,,,
Car 907,,,,15,,arrived,arrived,963.0,,,
Car 1187,,,,77,,arrived,arrived,963.0,,,
Car 1195,,,,36,,arrived,arrived,963.0,,,
Car 944,62.0,47,7,,,done,done charging,963.0,,,258.7885317725439
Car 107,,,,,27,switch,"Charger 27 (fid=72) not available, trying Charger 10 (fid=70)",963.0,10,,
Car 821,,66,11,,,start_charge,starting to charge at Charger 11 (fid=66),963.0,,0.0,
Car 907,,15,9,,,start_charge,starting to charge at Charger 9 (fid=15),963.0,,0.0,
Car 1195,,15,9,,,start_charge,starting to charge at Charger 9 (fid=15),963.0,,0.0,
Car 1234,45.0,75,28,,,done,done charging,963.1686634442074,,,158.68679960853726
Car 1203,,,,,5,switch,"Charger 5 (fid=3) not available, trying Charger 2 (fid=17)",963.2483750918105,2,,
Car 103,,,,37,,arrived,arrived,964.0,,,
Car 368,,,,,17,switch,"Charger 17 (fid=21) not available, trying Charger 19 (fid=85)",964.0,19,,
Car 1117,,,,,24,switch,"Charger 24 (fid=51) not available, trying Charger 5 (fid=3)",964.0,5,,
Car 886,,,,52,,arrived,arrived,965.0,,,
Car 1246,,,,54,,arrived,arrived,965.0,,,
Car 163,,,,,29,switch,"Charger 29 (fid=31) not available, trying Charger 16 (fid=32)",965.4863337099748,16,,
Car 163,,32,16,,,start_charge,starting to charge at Charger 16 (fid=32),965.5482968052966,,15.0,
Car 541,78.0,23,14,,,done,done charging,966.0,,,18.500904031961415
Car 1501,,,,,24,switch,"Charger 24 (fid=51) not available, trying Charger 5 (fid=3)",966.0,5,,
Car 368,,85,19,,,start_charge,starting to charge at Charger 19 (fid=85),966.1978261172444,,5.0,
Car 1203,,17,2,,,start_charge,starting to charge at Charger 2 (fid=17),966.7178223939162,,15.0,
Car 817,,,,30,,arrived,arrived,967.0,,,
Car 1115,,,,8,,arrived,arrived,967.0,,,
Car 1103,,,,,12,switch,"Charger 12 (fid=67) not available, trying Charger 26 (fid=65)",967.0,26,,
Car 1115,,65,26,,,start_charge,starting to charge at Charger 26 (fid=65),967.0,,0.0,
Car 630,112.0,75,28,,,done,done charging,967.3688292076313,,,66.73637383016752
Car 66,,,,,29,switch,"Charger 29 (fid=31) not available, trying Charger 3 (fid=19)",967.3892370163741,3,,
Car 897,,,,,15,switch,"Charger 15 (fid=6) not available, trying Charger 0 (fid=1)",967.683685327733,0,,
Car 66,,19,3,,,start_charge,starting to charge at Charger 3 (fid=19),967.9703306240667,,15.0,
Car 1160,,,,22,,arrived,arrived,968.0,,,
Car 1187,,,,,24,switch,"Charger 24 (fid=51) not available, trying Charger 5 (fid=3)",968.0,5,,
Car 1160,,21,20,,,start_charge,starting to charge at Charger 20 (fid=21),968.0,,0.0,
Car 107,,,,,10,switch,"Charger 10 (fid=70) not available, trying Charger 29 (fid=31)",968.126540502722,29,,
Car 103,,,,,12,switch,"Charger 12 (fid=67) not available, trying Charger 26 (fid=65)",969.0,26,,
Car 897,,1,0,,,start_charge,starting to charge at Charger 0 (fid=1),969.0350920301094,,15.0,
Car 1294,52.0,70,10,,,done,done charging,969.126540502722,,,52.91910075765818
Car 1075,46.0,75,28,,,done,done charging,969.1686634442074,,,164.4546447017908
Car 1117,,,,,5,switch,"Charger 5 (fid=3) not available, trying Charger 15 (fid=6)",969.7998342365761,15,,
Car 268,,,,,5,switch,"Charger 5 (fid=3) not available, trying Charger 2 (fid=17)",969.8838510911569,2,,
Car 398,45.0,47,7,,,done,done charging,970.0,,,258.7885317725439
Car 886,,,,,1,switch,"Charger 1 (fid=7) not available, trying Charger 0 (fid=1)",970.0,0,,
Car 1246,,,,,12,switch,"Charger 12 (fid=67) not available, trying Charger 27 (fid=72)",970.0,27,,
Car 886,,1,0,,,start_charge,starting to charge at Charger 0 (fid=1),970.9452241234304,,5.0,
Car 904,70.0,48,21,,,done,done charging,971.0,,,0.0
Car 1501,,,,,5,switch,"Charger 5 (fid=3) not available, trying Charger 15 (fid=6)",971.7998342365761,15,,
Car 817,,,,,29,switch,"Charger 29 (fid=31) not available, trying Charger 16 (fid=32)",972.0,16,,
Car 629,55.0,48,21,,,done,done charging,972.4853130291848,,,92.18328053392605
Car 331,77.0,17,4,,,done,done charging,972.6056414532112,,,50.44993305249392
Car 29,,,,76,,arrived,arrived,973.0,,,
Car 767,,,,43,,arrived,arrived,973.0,,,
Car 29,,85,19,,,start_charge,starting to charge at Charger 19 (fid=85),973.0,,0.0,
Car 767,,48,21,,,start_charge,starting to charge at Charger 21 (fid=48),973.0,,0.0,
Car 107,,,,,29,switch,"Charger 29 (fid=31) not available, trying Charger 16 (fid=32)",973.4863337099748,16,,
Car 1187,,,,,5,switch,"Charger 5 (fid=3) not available, trying Charger 15 (fid=6)",973.7998342365761,15,,
Car 454,,,,33,,arrived,arrived,974.0,,,
Car 454,,33,8,,,start_charge,starting to charge at Charger 8 (fid=33),974.0,,0.0,
Car 1103,,,,,26,switch,"Charger 26 (fid=65) not available, trying Charger 7 (fid=47)",974.5996994779349,7,,
Car 1400,,,,75,,arrived,arrived,975.0,,,
Car 1400,,75,28,,,start_charge,starting to charge at Charger 28 (fid=75),975.0,,0.0,
Car 0,81.0,67,12,,,done,done charging,976.1704313938772,,,107.1141266920381
Car 1246,,,,,27,switch,"Charger 27 (fid=72) not available, trying Charger 29 (fid=31)",976.4975388525362,29,,
Car 103,,,,,26,switch,"Charger 26 (fid=65) not available, trying Charger 7 (fid=47)",976.5996994779349,7,,
Car 1103,,47,7,,,start_charge,starting to charge at Charger 7 (fid=47),976.8189218444048,,10.0,
Car 545,,,,91,,arrived,arrived,977.0,,,
Car 852,62.0,31,29,,,done,done charging,977.0,,,5.412631245533699
Car 1402,51.0,21,17,,,done,done charging,977.0,,,35.623130294799026
Car 545,,89,23,,,start_charge,starting to charge at Charger 23 (fid=89),977.0,,0.0,
Car 1246,,31,29,,,start_charge,starting to charge at Charger 29 (fid=31),977.0,,10.239764633811774,
Car 817,,,,,16,switch,"Charger 16 (fid=32) not available, trying Charger 27 (fid=72)",977.0619630953217,27,,
Car 1117,,,,,15,switch,"Charger 15 (fid=6) not available, trying Charger 0 (fid=1)",977.683685327733,0,,
Car 518,,,,75,,arrived,arrived,978.0,,,
Car 518,,75,28,,,start_charge,starting to charge at Charger 28 (fid=75),978.0,,0.0,
Car 251,110.0,47,7,,,done,done charging,978.2192223664699,,,175.5352111714144
Car 268,,,,,2,switch,"Charger 2 (fid=17) not available, trying Charger 11 (fid=66)",978.3532983932625,11,,
Car 229,63.0,17,2,,,done,done charging,978.4057343617891,,,160.46889726361894
Car 107,,,,,16,switch,"Charger 16 (fid=32) not available, trying Charger 3 (fid=19)",978.5482968052966,3,,
Car 103,,47,7,,,start_charge,starting to charge at Charger 7 (fid=47),978.8189218444048,,10.0,
Car 107,,19,3,,,start_charge,starting to charge at Charger 3 (fid=19),979.1497601218099,,20.0,
Car 1501,,,,,15,switch,"Charger 15 (fid=6) not available, trying Charger 0 (fid=1)",979.683685327733,0,,
Car 1105,,,,4,,arrived,arrived,980.0,,,
Car 401,103.0,33,8,,,done,done charging,980.0,,,32.95450324314671
Car 532,76.0,23,14,,,done,done charging,980.0,,,102.25271290286024
Car 112,54.0,33,8,,,done,done charging,980.0,,,32.95450324314671
Car 386,108.0,75,28,,,done,done charging,980.3688292076313,,,66.73637383016752
Car 84,80.0,17,4,,,done,done charging,980.6499905496693,,,226.96083866827195
Car 391,,,,17,,arrived,arrived,981.0,,,
Car 391,,17,2,,,start_charge,starting to charge at Charger 2 (fid=17),981.0,,0.0,
Car 1123,109.0,70,10,,,done,done charging,981.126540502722,,,52.91910075765818
Car 1187,,,,,15,switch,"Charger 15 (fid=6) not available, trying Charger 0 (fid=1)",981.683685327733,0,,
Car 1007,,,,23,,arrived,arrived,982.0,,,
Car 1007,,23,25,,,start_charge,starting to charge at Charger 25 (fid=23),982.0,,0.0,
Car 268,,66,11,,,start_charge,starting to charge at Charger 11 (fid=66),982.0681806972439,,15.0,
Car 817,,,,,27,switch,"Charger 27 (fid=72) not available, trying Charger 10 (fid=70)",982.3733478890898,10,,
Car 817,,70,10,,,start_charge,starting to charge at Charger 10 (fid=70),982.4998883918119,,15.0,
Car 677,77.0,70,10,,,done,done charging,983.0,,,5.400202311015656
Car 406,,,,65,,arrived,arrived,984.0,,,
Car 1363,,,,29,,arrived,arrived,984.0,,,
Car 358,115.0,21,17,,,done,done charging,984.0,,,65.74620646091854
Car 134,91.0,6,15,,,done,done charging,984.0,,,86.22002937834127
Car 1363,,33,8,,,start_charge,starting to charge at Charger 8 (fid=33),984.0,,0.0,
Car 1117,,,,,0,switch,"Charger 0 (fid=1) not available, trying Charger 2 (fid=17)",984.0350920301094,2,,
Car 1464,74.0,48,21,,,done,done charging,984.8909948029178,,,196.22968229346202
Car 1326,112.0,85,19,,,done,done charging,985.0,,,64.31247021377396
Car 1105,,,,,26,switch,"Charger 26 (fid=65) not available, trying Charger 7 (fid=47)",985.0,7,,
Car 1023,,,,28,,arrived,arrived,986.0,,,
Car 946,82.0,23,14,,,done,done charging,986.0,,,26.61271455525322
Car 1023,,23,14,,,start_charge,starting to charge at Charger 14 (fid=23),986.0,,0.0,
Car 1501,,,,,0,switch,"Charger 0 (fid=1) not available, trying Charger 2 (fid=17)",986.0350920301094,2,,
Car 1281,94.0,17,4,,,done,done charging,986.6499905496693,,,226.96083866827195
Car 1105,,47,7,,,start_charge,starting to charge at Charger 7 (fid=47),987.2192223664699,,5.0,
Car 1187,,,,,0,switch,"Charger 0 (fid=1) not available, trying Charger 2 (fid=17)",988.0350920301094,2,,
Car 293,75.0,17,2,,,done,done charging,988.3525777550506,,,141.61609928960306
Car 1117,,17,2,,,start_charge,starting to charge at Charger 2 (fid=17),988.3525777550506,,22.148441540815156,
Car 1255,96.0,3,5,,,done,done charging,988.8838510911569,,,158.98721317452672
Car 406,,,,,26,switch,"Charger 26 (fid=65) not available, trying Charger 7 (fid=47)",989.0,7,,
Car 1150,88.0,72,27,,,done,done charging,989.4975388525362,,,84.84242495942729
Car 1290,77.0,23,14,,,done,done charging,990.0,,,0.0
Car 284,,,,3,,arrived,arrived,992.0,,,
Car 1141,94.0,51,24,,,done,done charging,992.0,,,0.0
Car 284,,21,17,,,start_charge,starting to charge at Charger 17 (fid=21),992.0,,0.0,
Car 853,52.0,1,0,,,done,done charging,992.8868665780423,,,162.14671048157606
Car 1501,,,,,2,switch,"Charger 2 (fid=17) not available, trying Charger 1 (fid=7)",993.2041362142354,1,,
Car 393,110.0,7,1,,,done,done charging,993.4466372339745,,,113.20730628807301
Car 565,112.0,7,1,,,done,done charging,994.9452241234304,,,78.73716948175102
Car 450,79.0,89,23,,,done,done charging,994.9611704143509,,,92.679334293019
Car 82,,,,60,,arrived,arrived,995.0,,,
Car 1245,,,,50,,arrived,arrived,995.0,,,
Car 82,,6,15,,,start_charge,starting to charge at Charger 15 (fid=6),995.0,,0.0,
Car 1245,,3,5,,,start_charge,starting to charge at Charger 5 (fid=3),995.0,,0.0,
Car 1187,,,,,2,switch,"Charger 2 (fid=17) not available, trying Charger 1 (fid=7)",995.2041362142354,1,,
Car 42,,,,61,,arrived,arrived,996.0,,,
Car 362,,,,19,,arrived,arrived,996.0,,,
Car 406,,,,,7,switch,"Charger 7 (fid=47) not available, trying Charger 11 (fid=66)",996.2192223664699,11,,
Car 1501,,7,1,,,start_charge,starting to charge at Charger 1 (fid=7),996.3150845396879,,25.0,
Car 90,,,,28,,arrived,arrived,997.0,,,
Car 1474,98.0,32,16,,,done,done charging,997.0,,,0.0
Car 1461,72.0,89,23,,,done,done charging,997.0,,,15.540330047962502
Car 90,,33,8,,,start_charge,starting to charge at Charger 8 (fid=33),997.0,,0.0,
Car 564,,,,33,,arrived,arrived,998.0,,,
Car 1471,,,,8,,arrived,arrived,998.0,,,
Car 56,74.0,31,29,,,done,done charging,998.0,,,0.0
Car 1187,,7,1,,,start_charge,starting to charge at Charger 1 (fid=7),998.3150845396879,,25.0,
Car 445,,,,9,,arrived,arrived,999.0,,,
Car 884,48.0,1,0,,,done,done charging,999.0350920301094,,,129.11660621313655
Car 724,,,,77,,arrived,arrived,1000.0,,,
Car 724,,51,24,,,start_charge,starting to charge at Charger 24 (fid=51),1000.0,,0.0,
Car 612,,,,54,,arrived,arrived,1001.0,,,
Car 42,,,,,11,switch,"Charger 11 (fid=66) not available, trying Charger 5 (fid=3)",1001.0,5,,
Car 362,,,,,3,switch,"Charger 3 (fid=19) not available, trying Charger 20 (fid=21)",1001.0,20,,
Car 612,,67,12,,,start_charge,starting to charge at Charger 12 (fid=67),1001.0,,0.0,
Car 362,,21,20,,,start_charge,starting to charge at Charger 20 (fid=21),1001.2222912250645,,5.0,
Car 344,,,,75,,arrived,arrived,1002.0,,,
Car 344,,75,28,,,start_charge,starting to charge at Charger 28 (fid=75),1002.0,,0.0,
Car 1010,91.0,3,5,,,done,done charging,1002.8838510911569,,,39.714584953154606
Car 564,,,,,8,switch,"Charger 8 (fid=33) not available, trying Charger 13 (fid=26)",1003.0,13,,
Car 1471,,,,,26,switch,"Charger 26 (fid=65) not available, trying Charger 11 (fid=66)",1003.0,11,,
Car 564,,26,13,,,start_charge,starting to charge at Charger 13 (fid=26),1003.292636772198,,5.0,
Car 42,,3,5,,,start_charge,starting to charge at Charger 5 (fid=3),1003.659030743688,,5.0,
Car 1004,105.0,7,1,,,done,done charging,1004.0,,,54.86803450095119
Car 445,,,,,11,switch,"Charger 11 (fid=66) not available, trying Charger 26 (fid=65)",1004.0,26,,
Car 839,118.0,3,5,,,done,done charging,1005.0,,,68.53159922986113
Car 892,111.0,51,24,,,done,done charging,1005.0,,,91.67281497261143
Car 340,99.0,24,6,,,done,done charging,1005.0,,,12.433871681824385
Car 406,,,,,11,switch,"Charger 11 (fid=66) not available, trying Charger 21 (fid=48)",1005.4094890612248,21,,
Car 1212,,,,57,,arrived,arrived,1006.0,,,
Car 1244,106.0,85,19,,,done,done charging,1006.0,,,64.31247021377396
Car 783,76.0,75,28,,,done,done charging,1006.0,,,38.302789715608114
Car 1231,59.0,72,27,,,done,done charging,1006.0,,,0.0
Car 1212,,72,27,,,start_charge,starting to charge at Charger 27 (fid=72),1006.0,,0.0,
Car 977,80.0,15,9,,,done,done charging,1006.2536541789356,,,45.87318816035984
Car 1241,72.0,47,7,,,done,done charging,1006.5483213576977,,,203.63506897632593
Car 1286,59.0,31,29,,,done,done charging,1007.0,,,33.63526893009036
Car 666,96.0,72,27,,,done,done charging,1008.126540502722,,,13.19412839106531
Car 804,,,,32,,arrived,arrived,1009.0,,,
Car 1353,,,,26,,arrived,arrived,1009.0,,,
Car 794,93.0,32,16,,,done,done charging,1009.0,,,16.87024961282752
Car 804,,26,13,,,start_charge,starting to charge at Charger 13 (fid=26),1009.0,,0.0,
Car 1353,,26,13,,,start_charge,starting to charge at Charger 13 (fid=26),1009.0,,0.0,
Car 406,,48,21,,,start_charge,starting to charge at Charger 21 (fid=48),1009.8909948029178,,15.0,
Car 1471,,,,,11,switch,"Charger 11 (fid=66) not available, trying Charger 12 (fid=67)",1010.3399643928495,12,,
Car 1005,59.0,31,29,,,done,done charging,1010.4863337099748,,,60.66664080036635
Car 937,,,,61,,arrived,arrived,1011.0,,,
Car 1322,,,,85,,arrived,arrived,1011.0,,,
Car 1322,,85,19,,,start_charge,starting to charge at Charger 19 (fid=85),1011.0,,0.0,
Car 445,,,,,26,switch,"Charger 26 (fid=65) not available, trying Charger 5 (fid=3)",1011.3399643928495,5,,
Car 507,,,,117,,arrived,arrived,1012.0,,,
Car 166,60.0,7,1,,,done,done charging,1012.0,,,54.86803450095119
Car 507,,21,17,,,start_charge,starting to charge at Charger 17 (fid=21),1012.0,,0.0,
Car 368,46.0,85,19,,,done,done charging,1012.1978261172444,,,132.96967479842345
Car 431,72.0,32,16,,,done,done charging,1013.0,,,5.8131014097117815
Car 281,,,,115,,arrived,arrived,1014.0,,,
Car 1158,76.0,33,8,,,done,done charging,1014.0,,,32.95450324314671
Car 907,51.0,15,9,,,done,done charging,1014.0,,,0.0
Car 281,,115,22,,,start_charge,starting to charge at Charger 22 (fid=115),1014.0,,0.0,
Car 371,107.0,58,18,,,done,done charging,1015.6583541089376,,,117.77317124881652
Car 1203,49.0,17,2,,,done,done charging,1015.7178223939162,,,160.46889726361894
Car 445,,3,5,,,start_charge,starting to charge at Charger 5 (fid=3),1015.9362870596834,,10.0,
Car 937,,,,,11,switch,"Charger 11 (fid=66) not available, trying Charger 5 (fid=3)",1016.0,5,,
Car 1454,98.0,17,2,,,done,done charging,1016.1396408610415,,,309.44969592164466
Car 1462,84.0,67,12,,,done,done charging,1018.0,,,107.1141266920381
Car 1471,,67,12,,,start_charge,starting to charge at Charger 12 (fid=67),1018.0,,13.829568606122848,
Car 24,,,,59,,arrived,arrived,1019.0,,,
Car 330,,,,72,,arrived,arrived,1019.0,,,
Car 768,83.0,21,17,,,done,done charging,1019.0,,,37.99048340046035
Car 24,,75,28,,,start_charge,starting to charge at Charger 28 (fid=75),1019.0,,0.0,
Car 330,,72,27,,,start_charge,starting to charge at Charger 27 (fid=72),1019.0,,0.0,
Car 38,,,,49,,arrived,arrived,1020.0,,,
Car 671,,,,21,,arrived,arrived,1020.0,,,
Car 38,,24,6,,,start_charge,starting to charge at Charger 6 (fid=24),1020.0,,0.0,
Car 671,,21,20,,,start_charge,starting to charge at Charger 20 (fid=21),1020.0,,0.0,
Car 211,89.0,6,15,,,done,done charging,1020.184662151494,,,309.0421383857206
Car 1076,68.0,17,4,,,done,done charging,1021.0,,,50.95512642512205
Car 1115,54.0,65,26,,,done,done charging,1021.0,,,76.93727045459511
Car 1066,,,,66,,arrived,arrived,1023.0,,,
Car 27,96.0,58,18,,,done,done charging,1023.134298890403,,,118.72914267356212
Car 937,,,,,5,switch,"Charger 5 (fid=3) not available, trying Charger 24 (fid=51)",1023.659030743688,24,,
Car 313,,,,74,,arrived,arrived,1024.0,,,
Car 466,,,,118,,arrived,arrived,1024.0,,,
Car 413,117.0,3,5,,,done,done charging,1024.0,,,68.53159922986113
Car 185,95.0,65,26,,,done,done charging,1024.0,,,46.52898052826673
Car 313,,21,17,,,start_charge,starting to charge at Charger 17 (fid=21),1024.0,,0.0,
Car 1264,106.0,51,24,,,done,done charging,1024.4485408552346,,,109.69382901970413
Car 937,,51,24,,,start_charge,starting to charge at Charger 24 (fid=51),1024.458864980264,,10.0,
Car 121,85.0,58,18,,,done,done charging,1024.7196453243282,,,59.935891634279876
Car 13,,,,21,,arrived,arrived,1025.0,,,
Car 242,,,,40,,arrived,arrived,1025.0,,,
Car 567,,,,118,,arrived,arrived,1025.0,,,
Car 842,,,,10,,arrived,arrived,1025.0,,,
Car 1327,80.0,47,7,,,done,done charging,1025.0,,,175.5352111714144
Car 242,,3,5,,,start_charge,starting to charge at Charger 5 (fid=3),1025.0,,0.0,
Car 897,56.0,1,0,,,done,done charging,1025.0350920301094,,,129.11660621313655
Car 107,46.0,19,3,,,done,done charging,1025.1497601218098,,,31.855196656143196
Car 1130,73.0,3,5,,,done,done charging,1026.799834236576,,,114.71650315889154
Car 496,,,,64,,arrived,arrived,1027.0,,,
Car 496,,58,18,,,start_charge,starting to charge at Charger 18 (fid=58),1027.0,,0.0,
Car 1066,,,,,11,switch,"Charger 11 (fid=66) not available, trying Charger 26 (fid=65)",1028.0,26,,
Car 555,,,,73,,arrived,arrived,1029.0,,,
Car 925,,,,58,,arrived,arrived,1029.0,,,
Car 466,,,,,17,switch,"Charger 17 (fid=21) not available, trying Charger 19 (fid=85)",1029.0,19,,
Car 555,,65,26,,,start_charge,starting to charge at Charger 26 (fid=65),1029.0,,0.0,
Car 925,,58,18,,,start_charge,starting to charge at Charger 18 (fid=58),1029.0,,0.0,
Car 223,93.0,19,3,,,done,done charging,1029.5089558287261,,,16.0105391851831
Car 13,,,,,17,switch,"Charger 17 (fid=21) not available, trying Charger 0 (fid=1)",1030.0,0,,
Car 567,,,,,17,switch,"Charger 17 (fid=21) not available, trying Charger 19 (fid=85)",1030.0,19,,
Car 842,,,,,11,switch,"Charger 11 (fid=66) not available, trying Charger 26 (fid=65)",1030.0,26,,
Car 292,69.0,32,16,,,done,done charging,1030.0619630953217,,,5.161525840301837
Car 1066,,65,26,,,start_charge,starting to charge at Charger 26 (fid=65),1030.3399643928494,,5.0,
Car 478,,,,37,,arrived,arrived,1031.0,,,
Car 1418,75.0,1,0,,,done,done charging,1031.0,,,0.0
Car 466,,85,19,,,start_charge,starting to charge at Charger 19 (fid=85),1031.1978261172444,,5.0,
Car 13,,1,0,,,start_charge,starting to charge at Charger 0 (fid=1),1031.501413110544,,5.0,
Car 767,59.0,48,21,,,done,done charging,1032.0,,,24.25327608799757
Car 567,,85,19,,,start_charge,starting to charge at Charger 19 (fid=85),1032.1978261172444,,5.0,
Car 1432,106.0,17,2,,,done,done charging,1032.6180154034591,,,259.806192174072
Car 183,,,,67,,arrived,arrived,1033.0,,,
Car 301,,,,18,,arrived,arrived,1033.0,,,
Car 301,,72,27,,,start_charge,starting to charge at Charger 27 (fid=72),1033.0,,0.0,
Car 156,108.0,31,29,,,done,done charging,1033.7602353661882,,,85.54541461119372
Car 253,,,,5,,arrived,arrived,1034.0,,,
Car 1218,,,,3,,arrived,arrived,1034.0,,,
Car 253,,47,7,,,start_charge,starting to charge at Charger 7 (fid=47),1034.0,,0.0,
Car 639,94.0,66,11,,,done,done charging,1035.0,,,91.99007895419939
Car 478,,,,,12,switch,"Charger 12 (fid=67) not available, trying Charger 26 (fid=65)",1036.0,26,,
Car 103,58.0,47,7,,,done,done charging,1036.818921844405,,,141.2437299493071
Car 4,,,,37,,arrived,arrived,1037.0,,,
Car 1137,,,,72,,arrived,arrived,1037.0,,,
Car 29,64.0,85,19,,,done,done charging,1037.0,,,64.31247021377396
Car 842,,,,,26,switch,"Charger 26 (fid=65) not available, trying Charger 12 (fid=67)",1037.3399643928494,12,,
Car 183,,,,,12,switch,"Charger 12 (fid=67) not available, trying Charger 4 (fid=17)",1038.0,4,,
Car 183,,17,4,,,start_charge,starting to charge at Charger 4 (fid=17),1038.6056414532113,,5.0,
Car 1218,,,,,17,switch,"Charger 17 (fid=21) not available, trying Charger 0 (fid=1)",1039.0,0,,
Car 799,,,,4,,arrived,arrived,1040.0,,,
Car 1325,,,,28,,arrived,arrived,1040.0,,,
Car 799,,6,15,,,start_charge,starting to charge at Charger 15 (fid=6),1040.0,,0.0,
Car 1325,,33,8,,,start_charge,starting to charge at Charger 8 (fid=33),1040.0,,0.0,
Car 1218,,1,0,,,start_charge,starting to charge at Charger 0 (fid=1),1040.501413110544,,5.0,
Car 1103,64.0,47,7,,,done,done charging,1040.818921844405,,,141.2437299493071
Car 342,,,,5,,arrived,arrived,1041.0,,,
Car 342,,58,18,,,start_charge,starting to charge at Charger 18 (fid=58),1041.0,,0.0,
Car 545,65.0,89,23,,,done,done charging,1042.0,,,15.540330047962502
Car 4,,,,,12,switch,"Charger 12 (fid=67) not available, trying Charger 26 (fid=65)",1042.0,26,,
Car 1137,,,,,27,switch,"Charger 27 (fid=72) not available, trying Charger 10 (fid=70)",1042.0,10,,
Car 1137,,70,10,,,start_charge,starting to charge at Charger 10 (fid=70),1042.126540502722,,5.0,
Car 68,94.0,72,27,,,done,done charging,1043.0,,,41.11926829357856
Car 478,,,,,26,switch,"Charger 26 (fid=65) not available, trying Charger 7 (fid=47)",1043.5996994779348,7,,
Car 589,,,,37,,arrived,arrived,1044.0,,,
Car 1493,,,,49,,arrived,arrived,1044.0,,,
Car 1493,,24,6,,,start_charge,starting to charge at Charger 6 (fid=24),1044.0,,0.0,
Car 842,,,,,12,switch,"Charger 12 (fid=67) not available, trying Charger 7 (fid=47)",1044.9396638707842,7,,
Car 1415,,,,40,,arrived,arrived,1045.0,,,
Car 1415,,3,5,,,start_charge,starting to charge at Charger 5 (fid=3),1045.0,,0.0,
Car 478,,47,7,,,start_charge,starting to charge at Charger 7 (fid=47),1045.8189218444047,,10.0,
Car 132,,,,11,,arrived,arrived,1046.0,,,
Car 1233,,,,5,,arrived,arrived,1046.0,,,
Car 1458,,,,56,,arrived,arrived,1046.0,,,
Car 930,109.0,19,3,,,done,done charging,1046.0,,,0.0
Car 132,,17,2,,,start_charge,starting to charge at Charger 2 (fid=17),1046.0,,0.0,
Car 1233,,58,18,,,start_charge,starting to charge at Charger 18 (fid=58),1046.0,,0.0,
Car 1458,,70,10,,,start_charge,starting to charge at Charger 10 (fid=70),1046.0,,0.0,
Car 842,,47,7,,,start_charge,starting to charge at Charger 7 (fid=47),1046.3175538346047,,15.0,
Car 1039,,,,89,,arrived,arrived,1047.0,,,
Car 1298,,,,28,,arrived,arrived,1047.0,,,
Car 1039,,89,23,,,start_charge,starting to charge at Charger 23 (fid=89),1047.0,,0.0,
Car 865,,,,30,,arrived,arrived,1048.0,,,
Car 204,,,,57,,arrived,arrived,1049.0,,,
Car 1085,119.0,33,8,,,done,done charging,1049.0,,,11.506014166488136
Car 589,,,,,12,switch,"Charger 12 (fid=67) not available, trying Charger 26 (fid=65)",1049.0,26,,
Car 204,,72,27,,,start_charge,starting to charge at Charger 27 (fid=72),1049.0,,0.0,
Car 1298,,33,8,,,start_charge,starting to charge at Charger 8 (fid=33),1049.0,,2.0,
Car 4,,,,,26,switch,"Charger 26 (fid=65) not available, trying Charger 7 (fid=47)",1049.5996994779348,7,,
Car 770,95.0,6,15,,,done,done charging,1050.0,,,146.57696055319013
Car 420,,,,21,,arrived,arrived,1051.0,,,
Car 1410,,,,45,,arrived,arrived,1051.0,,,
Car 724,51.0,51,24,,,done,done charging,1051.0,,,91.67281497261143
Car 1410,,6,15,,,start_charge,starting to charge at Charger 15 (fid=6),1051.0,,0.0,
Car 4,,47,7,,,start_charge,starting to charge at Charger 7 (fid=47),1051.8189218444047,,10.0,
Car 785,,,,66,,arrived,arrived,1052.0,,,
Car 1134,,,,24,,arrived,arrived,1052.0,,,
Car 785,,66,11,,,start_charge,starting to charge at Charger 11 (fid=66),1052.0,,0.0,
Car 1134,,23,14,,,start_charge,starting to charge at Charger 14 (fid=23),1052.0,,0.0,
Car 263,,,,124,,arrived,arrived,1053.0,,,
Car 787,,,,62,,arrived,arrived,1053.0,,,
Car 1384,,,,12,,arrived,arrived,1053.0,,,
Car 865,,,,,8,switch,"Charger 8 (fid=33) not available, trying Charger 4 (fid=17)",1053.0,4,,
Car 263,,115,22,,,start_charge,starting to charge at Charger 22 (fid=115),1053.0,,0.0,
Car 1369,,,,54,,arrived,arrived,1054.0,,,
Car 865,,17,4,,,start_charge,starting to charge at Charger 4 (fid=17),1054.0974245133018,,5.0,
Car 1206,,,,77,,arrived,arrived,1055.0,,,
Car 1375,,,,43,,arrived,arrived,1055.0,,,
Car 1206,,51,24,,,start_charge,starting to charge at Charger 24 (fid=51),1055.0,,0.0,
Car 1375,,48,21,,,start_charge,starting to charge at Charger 21 (fid=48),1055.0,,0.0,
Car 152,,,,7,,arrived,arrived,1056.0,,,
Car 518,78.0,75,28,,,done,done charging,1056.0,,,0.0
Car 420,,,,,17,switch,"Charger 17 (fid=21) not available, trying Charger 0 (fid=1)",1056.0,0,,
Car 152,,7,1,,,start_charge,starting to charge at Charger 1 (fid=7),1056.0,,0.0,
Car 589,,,,,26,switch,"Charger 26 (fid=65) not available, trying Charger 7 (fid=47)",1056.5996994779348,7,,
Car 674,,,,8,,arrived,arrived,1057.0,,,
Car 758,120.0,58,18,,,done,done charging,1057.0,,,0.0
Car 1246,80.0,31,29,,,done,done charging,1057.0,,,85.54541461119372
Car 420,,1,0,,,start_charge,starting to charge at Charger 0 (fid=1),1057.501413110544,,5.0,
Car 1228,,,,82,,arrived,arrived,1058.0,,,
Car 787,,,,,15,switch,"Charger 15 (fid=6) not available, trying Charger 5 (fid=3)",1058.0,5,,
Car 1384,,,,,17,switch,"Charger 17 (fid=21) not available, trying Charger 0 (fid=1)",1058.0,0,,
Car 1228,,85,19,,,start_charge,starting to charge at Charger 19 (fid=85),1058.0,,0.0,
Car 237,,,,73,,arrived,arrived,1059.0,,,
Car 1369,,,,,12,switch,"Charger 12 (fid=67) not available, trying Charger 27 (fid=72)",1059.0,27,,
Car 1384,,1,0,,,start_charge,starting to charge at Charger 0 (fid=1),1059.501413110544,,5.0,
Car 216,,,,8,,arrived,arrived,1060.0,,,
Car 1322,49.0,85,19,,,done,done charging,1060.0,,,0.0
Car 632,104.0,19,3,,,done,done charging,1060.5089558287261,,,21.36065434390639
Car 144,,,,79,,arrived,arrived,1061.0,,,
Car 1198,,,,7,,arrived,arrived,1061.0,,,
Car 900,116.0,7,1,,,done,done charging,1061.0,,,54.86803450095119
Car 144,,23,14,,,start_charge,starting to charge at Charger 14 (fid=23),1061.0,,0.0,
Car 1198,,7,1,,,start_charge,starting to charge at Charger 1 (fid=7),1061.0,,0.0,
Car 886,91.0,1,0,,,done,done charging,1061.9452241234303,,,68.28471278401751
Car 1160,94.0,21,20,,,done,done charging,1062.0,,,5.39369863824874
Car 1400,87.0,75,28,,,done,done charging,1062.0,,,0.0
Car 674,,,,,26,switch,"Charger 26 (fid=65) not available, trying Charger 11 (fid=66)",1062.0,11,,
Car 445,47.0,3,5,,,done,done charging,1062.9362870596833,,,219.38787299667135
Car 787,,3,5,,,start_charge,starting to charge at Charger 5 (fid=3),1062.9362870596833,,7.052435968526424,
Car 66,95.0,19,3,,,done,done charging,1062.9703306240667,,,26.554401254763764
Car 44,101.0,67,12,,,done,done charging,1063.0,,,0.0
Car 344,61.0,75,28,,,done,done charging,1063.0,,,0.0
Car 564,60.0,26,13,,,done,done charging,1063.292636772198,,,24.376643124092123
Car 589,,,,,7,switch,"Charger 7 (fid=47) not available, trying Charger 4 (fid=17)",1063.8189218444047,4,,
Car 933,,,,37,,arrived,arrived,1064.0,,,
Car 1502,106.0,21,17,,,done,done charging,1064.0,,,35.623130294799026
Car 237,,,,,26,switch,"Charger 26 (fid=65) not available, trying Charger 12 (fid=67)",1064.0,12,,
Car 933,,67,12,,,start_charge,starting to charge at Charger 12 (fid=67),1064.0,,0.0,
Car 589,,17,4,,,start_charge,starting to charge at Charger 4 (fid=17),1064.9205910363762,,15.0,
Car 940,,,,39,,arrived,arrived,1065.0,,,
Car 216,,,,,26,switch,"Charger 26 (fid=65) not available, trying Charger 11 (fid=66)",1065.0,11,,
Car 1369,,,,,27,switch,"Charger 27 (fid=72) not available, trying Charger 29 (fid=31)",1065.4975388525363,29,,
Car 1369,,31,29,,,start_charge,starting to charge at Charger 29 (fid=31),1065.7602353661882,,10.0,
Car 1265,,,,5,,arrived,arrived,1067.0,,,
Car 71,,,,37,,arrived,arrived,1068.0,,,
Car 202,106.0,6,15,,,done,done charging,1068.683685327733,,,70.26383781861239
Car 790,,,,79,,arrived,arrived,1069.0,,,
Car 454,95.0,33,8,,,done,done charging,1069.0,,,0.0
Car 790,,23,14,,,start_charge,starting to charge at Charger 14 (fid=23),1069.0,,0.0,
Car 674,,,,,11,switch,"Charger 11 (fid=66) not available, trying Charger 12 (fid=67)",1069.3399643928494,12,,
Car 42,66.0,3,5,,,done,done charging,1069.6590307436882,,,115.43201741284133
Car 940,,3,5,,,start_charge,starting to charge at Charger 5 (fid=3),1069.6590307436882,,4.659030743688163,
Car 24,51.0,75,28,,,done,done charging,1070.0,,,38.302789715608114
Car 237,,,,,12,switch,"Charger 12 (fid=67) not available, trying Charger 11 (fid=66)",1071.5996994779348,11,,
Car 1072,,,,28,,arrived,arrived,1072.0,,,
Car 1265,,,,,7,switch,"Charger 7 (fid=47) not available, trying Charger 21 (fid=48)",1072.0,21,,
Car 1072,,23,14,,,start_charge,starting to charge at Charger 14 (fid=23),1072.0,,0.0,
Car 216,,,,,11,switch,"Charger 11 (fid=66) not available, trying Charger 12 (fid=67)",1072.3399643928494,12,,
Car 1265,,48,21,,,start_charge,starting to charge at Charger 21 (fid=48),1072.4853130291847,,5.0,
Car 71,,,,,12,switch,"Charger 12 (fid=67) not available, trying Charger 26 (fid=65)",1073.0,26,,
Car 438,,,,29,,arrived,arrived,1074.0,,,
Car 1015,,,,6,,arrived,arrived,1074.0,,,
Car 1212,68.0,72,27,,,done,done charging,1074.0,,,49.900990150494394
Car 438,,33,8,,,start_charge,starting to charge at Charger 8 (fid=33),1074.0,,0.0,
Car 1015,,6,15,,,start_charge,starting to charge at Charger 15 (fid=6),1074.0,,0.0,
Car 1363,91.0,33,8,,,done,done charging,1075.0,,,28.3922700043593
Car 1501,79.0,7,1,,,done,done charging,1075.3150845396879,,,180.82839704536696
Car 444,119.0,15,9,,,done,done charging,1075.842012355488,,,253.26464880238436
Car 821,113.0,66,11,,,done,done charging,1076.0,,,0.0
Car 237,,66,11,,,start_charge,starting to charge at Charger 11 (fid=66),1076.0,,10.569833521037708,
Car 817,94.0,70,10,,,done,done charging,1076.499888391812,,,28.467491020480097
Car 225,,,,57,,arrived,arrived,1077.0,,,
Car 592,,,,30,,arrived,arrived,1077.0,,,
Car 692,,,,7,,arrived,arrived,1077.0,,,
Car 225,,72,27,,,start_charge,starting to charge at Charger 27 (fid=72),1077.0,,0.0,
Car 592,,31,29,,,start_charge,starting to charge at Charger 29 (fid=31),1077.0,,0.0,
Car 692,,7,1,,,start_charge,starting to charge at Charger 1 (fid=7),1077.0,,0.0,
Car 133,,,,32,,arrived,arrived,1078.0,,,
Car 133,,32,16,,,start_charge,starting to charge at Charger 16 (fid=32),1078.0,,0.0,
Car 674,,,,,12,switch,"Charger 12 (fid=67) not available, trying Charger 7 (fid=47)",1078.170431393877,7,,
Car 339,,,,8,,arrived,arrived,1079.0,,,
Car 71,,,,,26,switch,"Charger 26 (fid=65) not available, trying Charger 7 (fid=47)",1080.5996994779348,7,,
Car 1195,118.0,15,9,,,done,done charging,1081.0,,,28.850520983198756
Car 216,,,,,12,switch,"Charger 12 (fid=67) not available, trying Charger 7 (fid=47)",1081.170431393877,7,,
Car 531,,,,4,,arrived,arrived,1082.0,,,
Car 391,101.0,17,2,,,done,done charging,1082.0,,,0.0
Car 13,52.0,1,0,,,done,done charging,1083.501413110544,,,125.06771210832234
Car 163,118.0,32,16,,,done,done charging,1083.5482968052966,,,63.40340976636007
Car 521,,,,27,,arrived,arrived,1084.0,,,
Car 925,55.0,58,18,,,done,done charging,1084.0,,,0.0
Car 339,,,,,26,switch,"Charger 26 (fid=65) not available, trying Charger 11 (fid=66)",1084.0,11,,
Car 521,,33,8,,,start_charge,starting to charge at Charger 8 (fid=33),1084.0,,0.0,
Car 466,53.0,85,19,,,done,done charging,1084.1978261172444,,,132.96967479842345
Car 674,,,,,7,switch,"Charger 7 (fid=47) not available, trying Charger 4 (fid=17)",1084.5483213576974,4,,
Car 1153,,,,9,,arrived,arrived,1085.0,,,
Car 1349,,,,32,,arrived,arrived,1085.0,,,
Car 1349,,26,13,,,start_charge,starting to charge at Charger 13 (fid=26),1085.0,,0.0,
Car 1105,98.0,47,7,,,done,done charging,1085.21922236647,,,140.18407333216967
Car 216,,47,7,,,start_charge,starting to charge at Charger 7 (fid=47),1085.21922236647,,17.67090100877249,
Car 674,,17,4,,,start_charge,starting to charge at Charger 4 (fid=17),1085.649990549669,,20.0,
Car 857,,,,59,,arrived,arrived,1086.0,,,
Car 1471,68.0,67,12,,,done,done charging,1086.0,,,191.1562589297049
Car 671,66.0,21,20,,,done,done charging,1086.0,,,0.0
Car 857,,75,28,,,start_charge,starting to charge at Charger 28 (fid=75),1086.0,,0.0,
Car 1187,88.0,7,1,,,done,done charging,1086.3150845396879,,,180.82839704536696
Car 417,,,,67,,arrived,arrived,1087.0,,,
Car 531,,,,,15,switch,"Charger 15 (fid=6) not available, trying Charger 0 (fid=1)",1087.0,0,,
Car 417,,67,12,,,start_charge,starting to charge at Charger 12 (fid=67),1087.0,,0.0,
Car 937,63.0,51,24,,,done,done charging,1087.458864980264,,,163.6678377812614
Car 71,,,,,7,switch,"Charger 7 (fid=47) not available, trying Charger 4 (fid=17)",1087.8189218444047,4,,
Car 755,,,,65,,arrived,arrived,1088.0,,,
Car 284,96.0,21,17,,,done,done charging,1088.0,,,58.93180745574896
Car 531,,1,0,,,start_charge,starting to charge at Charger 0 (fid=1),1088.3514067023764,,5.0,
Car 71,,17,4,,,start_charge,starting to charge at Charger 4 (fid=17),1088.9205910363762,,15.0,
Car 834,,,,73,,arrived,arrived,1089.0,,,
Car 1007,107.0,23,25,,,done,done charging,1089.0,,,0.0
Car 268,107.0,66,11,,,done,done charging,1089.0681806972439,,,163.70488080994087
Car 1153,,66,11,,,start_charge,starting to charge at Charger 11 (fid=66),1089.0681806972439,,4.068180697243861,
Car 1117,102.0,17,2,,,done,done charging,1090.3525777550506,,,175.9913667001853
Car 1376,,,,82,,arrived,arrived,1091.0,,,
Car 1448,,,,18,,arrived,arrived,1091.0,,,
Car 1023,105.0,23,14,,,done,done charging,1091.0,,,30.352942526217433
Car 281,77.0,115,22,,,done,done charging,1091.0,,,0.0
Car 1376,,85,19,,,start_charge,starting to charge at Charger 19 (fid=85),1091.0,,0.0,
Car 339,,,,,11,switch,"Charger 11 (fid=66) not available, trying Charger 12 (fid=67)",1091.3399643928494,12,,
Car 612,91.0,67,12,,,done,done charging,1092.0,,,64.95618188439852
Car 362,91.0,21,20,,,done,done charging,1092.2222912250645,,,18.516859047878047
Car 194,,,,25,,arrived,arrived,1093.0,,,
Car 555,64.0,65,26,,,done,done charging,1093.0,,,113.8475167274432
Car 755,,,,,26,switch,"Charger 26 (fid=65) not available, trying Charger 7 (fid=47)",1093.0,7,,
Car 194,,24,6,,,start_charge,starting to charge at Charger 6 (fid=24),1093.0,,0.0,
Car 834,,,,,26,switch,"Charger 26 (fid=65) not available, trying Charger 12 (fid=67)",1094.0,12,,
Car 722,,,,53,,arrived,arrived,1095.0,,,
Car 722,,51,24,,,start_charge,starting to charge at Charger 24 (fid=51),1095.0,,0.0,
Car 339,,67,12,,,start_charge,starting to charge at Charger 12 (fid=67),1095.170431393877,,10.0,
Car 1448,,,,,27,switch,"Charger 27 (fid=72) not available, trying Charger 29 (fid=31)",1096.0,29,,
Car 1448,,31,29,,,start_charge,starting to charge at Charger 29 (fid=31),1096.262696513652,,5.0,
Car 235,,,,77,,arrived,arrived,1098.0,,,
Car 235,,51,24,,,start_charge,starting to charge at Charger 24 (fid=51),1098.0,,0.0,
Car 228,,,,34,,arrived,arrived,1099.0,,,
Car 860,,,,72,,arrived,arrived,1099.0,,,
Car 507,87.0,21,17,,,done,done charging,1099.0,,,35.623130294799026
Car 228,,32,16,,,start_charge,starting to charge at Charger 16 (fid=32),1099.0,,0.0,
Car 157,,,,11,,arrived,arrived,1100.0,,,
Car 1026,,,,64,,arrived,arrived,1100.0,,,
Car 90,103.0,33,8,,,done,done charging,1100.0,,,17.082945559851378
Car 1493,56.0,24,6,,,done,done charging,1100.0,,,24.044531540458287
Car 157,,17,2,,,start_charge,starting to charge at Charger 2 (fid=17),1100.0,,0.0,
Car 1026,,58,18,,,start_charge,starting to charge at Charger 18 (fid=58),1100.0,,0.0,
Car 755,,,,,7,switch,"Charger 7 (fid=47) not available, trying Charger 11 (fid=66)",1100.21922236647,11,,
Car 1375,46.0,48,21,,,done,done charging,1101.0,,,24.25327608799757
Car 834,,,,,12,switch,"Charger 12 (fid=67) not available, trying Charger 11 (fid=66)",1101.5996994779348,11,,
Car 406,92.0,48,21,,,done,done charging,1101.8909948029177,,,196.22968229346202
Car 804,93.0,26,13,,,done,done charging,1102.0,,,8.0825061707424
Car 1137,60.0,70,10,,,done,done charging,1102.126540502722,,,10.540823876746988
Car 860,,,,,27,switch,"Charger 27 (fid=72) not available, trying Charger 10 (fid=70)",1104.0,10,,
Car 860,,70,10,,,start_charge,starting to charge at Charger 10 (fid=70),1104.126540502722,,5.0,
Car 578,,,,43,,arrived,arrived,1105.0,,,
Car 654,,,,28,,arrived,arrived,1105.0,,,
Car 253,71.0,47,7,,,done,done charging,1105.0,,,84.69595902991848
Car 578,,48,21,,,start_charge,starting to charge at Charger 21 (fid=48),1105.0,,0.0,
Car 654,,23,14,,,start_charge,starting to charge at Charger 14 (fid=23),1105.0,,0.0,
Car 1066,76.0,65,26,,,done,done charging,1106.3399643928494,,,194.91903392436296
Car 419,,,,60,,arrived,arrived,1108.0,,,
Car 717,,,,10,,arrived,arrived,1108.0,,,
Car 496,81.0,58,18,,,done,done charging,1108.0,,,60.39930873776547
Car 183,70.0,17,4,,,done,done charging,1108.6056414532113,,,50.44993305249392
Car 1410,58.0,6,15,,,done,done charging,1109.0,,,130.04592452284498
Car 419,,6,15,,,start_charge,starting to charge at Charger 15 (fid=6),1109.0,,1.0,
Car 755,,,,,11,switch,"Charger 11 (fid=66) not available, trying Charger 21 (fid=48)",1109.4094890612248,21,,
Car 834,,,,,11,switch,"Charger 11 (fid=66) not available, trying Charger 7 (fid=47)",1110.4301664789623,7,,
Car 307,,,,89,,arrived,arrived,1111.0,,,
Car 400,,,,37,,arrived,arrived,1111.0,,,
Car 1078,,,,41,,arrived,arrived,1111.0,,,
Car 1086,,,,37,,arrived,arrived,1111.0,,,
Car 1325,71.0,33,8,,,done,done charging,1111.0,,,17.082945559851378
Car 307,,89,23,,,start_charge,starting to charge at Charger 23 (fid=89),1111.0,,0.0,
Car 1078,,33,8,,,start_charge,starting to charge at Charger 8 (fid=33),1111.0,,0.0,
Car 1218,71.0,1,0,,,done,done charging,1111.501413110544,,,79.21563543900055
Car 1237,,,,37,,arrived,arrived,1112.0,,,
Car 1364,,,,31,,arrived,arrived,1112.0,,,
Car 82,117.0,6,15,,,done,done charging,1112.0,,,126.33398464785847
Car 1364,,17,4,,,start_charge,starting to charge at Charger 4 (fid=17),1112.0,,0.0,
Car 1440,,,,73,,arrived,arrived,1113.0,,,
Car 144,52.0,23,14,,,done,done charging,1113.0,,,108.90468805795132
Car 717,,,,,11,switch,"Charger 11 (fid=66) not available, trying Charger 26 (fid=65)",1113.0,26,,
Car 1440,,65,26,,,start_charge,starting to charge at Charger 26 (fid=65),1113.0,,0.0,
Car 755,,48,21,,,start_charge,starting to charge at Charger 21 (fid=48),1113.8909948029177,,15.0,
Car 426,,,,15,,arrived,arrived,1114.0,,,
Car 802,,,,4,,arrived,arrived,1114.0,,,
Car 1353,105.0,26,13,,,done,done charging,1114.0,,,0.0
Car 1415,69.0,3,5,,,done,done charging,1114.0,,,68.53159922986113
Car 426,,15,9,,,start_charge,starting to charge at Charger 9 (fid=15),1114.0,,0.0,
Car 802,,6,15,,,start_charge,starting to charge at Charger 15 (fid=6),1114.0,,0.0,
Car 834,,47,7,,,start_charge,starting to charge at Charger 7 (fid=47),1114.6204331737172,,15.0,
Car 296,,,,85,,arrived,arrived,1115.0,,,
Car 617,,,,30,,arrived,arrived,1115.0,,,
Car 1245,120.0,3,5,,,done,done charging,1115.0,,,39.714584953154606
Car 313,91.0,21,17,,,done,done charging,1115.0,,,65.74620646091854
Car 296,,85,19,,,start_charge,starting to charge at Charger 19 (fid=85),1115.0,,0.0,
Car 617,,31,29,,,start_charge,starting to charge at Charger 29 (fid=31),1115.0,,0.0,
Car 400,,,,,12,switch,"Charger 12 (fid=67) not available, trying Charger 26 (fid=65)",1116.0,26,,
Car 1086,,,,,12,switch,"Charger 12 (fid=67) not available, trying Charger 26 (fid=65)",1116.0,26,,
Car 420,59.0,1,0,,,done,done charging,1116.501413110544,,,125.06771210832234
Car 787,54.0,3,5,,,done,done charging,1116.9362870596833,,,158.98721317452672
Car 242,92.0,3,5,,,done,done charging,1117.0,,,68.53159922986113
Car 1237,,,,,12,switch,"Charger 12 (fid=67) not available, trying Charger 26 (fid=65)",1117.0,26,,
Car 1312,,,,52,,arrived,arrived,1118.0,,,
Car 204,69.0,72,27,,,done,done charging,1118.0,,,49.900990150494394
Car 1312,,7,1,,,start_charge,starting to charge at Charger 1 (fid=7),1118.0,,0.0,
Car 492,,,,3,,arrived,arrived,1119.0,,,
Car 492,,21,17,,,start_charge,starting to charge at Charger 17 (fid=21),1119.0,,0.0,
Car 717,,,,,26,switch,"Charger 26 (fid=65) not available, trying Charger 12 (fid=67)",1120.3399643928494,12,,
Car 1186,,,,115,,arrived,arrived,1121.0,,,
Car 1186,,115,22,,,start_charge,starting to charge at Charger 22 (fid=115),1121.0,,0.0,
Car 842,75.0,47,7,,,done,done charging,1121.3175538346047,,,257.15520063960224
Car 201,,,,34,,arrived,arrived,1122.0,,,
Car 415,,,,73,,arrived,arrived,1122.0,,,
Car 1050,,,,72,,arrived,arrived,1122.0,,,
Car 1253,,,,1,,arrived,arrived,1122.0,,,
Car 1458,76.0,70,10,,,done,done charging,1122.0,,,39.83469850517974
Car 201,,32,16,,,start_charge,starting to charge at Charger 16 (fid=32),1122.0,,0.0,
Car 1050,,72,27,,,start_charge,starting to charge at Charger 27 (fid=72),1122.0,,0.0,
Car 1253,,1,0,,,start_charge,starting to charge at Charger 0 (fid=1),1122.0,,0.0,
Car 200,,,,71,,arrived,arrived,1123.0,,,
Car 576,,,,37,,arrived,arrived,1123.0,,,
Car 683,,,,86,,arrived,arrived,1123.0,,,
Car 828,,,,8,,arrived,arrived,1123.0,,,
Car 1505,,,,30,,arrived,arrived,1123.0,,,
Car 133,45.0,32,16,,,done,done charging,1123.0,,,0.0
Car 200,,70,10,,,start_charge,starting to charge at Charger 10 (fid=70),1123.0,,0.0,
Car 683,,85,19,,,start_charge,starting to charge at Charger 19 (fid=85),1123.0,,0.0,
Car 1505,,33,8,,,start_charge,starting to charge at Charger 8 (fid=33),1123.0,,0.0,
Car 400,,,,,26,switch,"Charger 26 (fid=65) not available, trying Charger 7 (fid=47)",1123.5996994779348,7,,
Car 1086,,,,,26,switch,"Charger 26 (fid=65) not available, trying Charger 7 (fid=47)",1123.5996994779348,7,,
Car 587,,,,67,,arrived,arrived,1124.0,,,
Car 1266,,,,55,,arrived,arrived,1124.0,,,
Car 1237,,,,,26,switch,"Charger 26 (fid=65) not available, trying Charger 7 (fid=47)",1124.5996994779348,7,,
Car 1261,,,,57,,arrived,arrived,1125.0,,,
Car 400,,47,7,,,start_charge,starting to charge at Charger 7 (fid=47),1125.8189218444047,,10.0,
Car 1090,,,,63,,arrived,arrived,1126.0,,,
Car 1500,,,,79,,arrived,arrived,1126.0,,,
Car 1500,,23,14,,,start_charge,starting to charge at Charger 14 (fid=23),1126.0,,0.0,
Car 423,,,,54,,arrived,arrived,1127.0,,,
Car 644,,,,69,,arrived,arrived,1127.0,,,
Car 415,,,,,26,switch,"Charger 26 (fid=65) not available, trying Charger 12 (fid=67)",1127.0,12,,
Car 644,,70,10,,,start_charge,starting to charge at Charger 10 (fid=70),1127.0,,0.0,
Car 717,,,,,12,switch,"Charger 12 (fid=67) not available, trying Charger 7 (fid=47)",1127.9396638707842,7,,
Car 1278,,,,23,,arrived,arrived,1128.0,,,
Car 576,,,,,12,switch,"Charger 12 (fid=67) not available, trying Charger 26 (fid=65)",1128.0,26,,
Car 828,,,,,26,switch,"Charger 26 (fid=65) not available, trying Charger 11 (fid=66)",1128.0,11,,
Car 1278,,23,25,,,start_charge,starting to charge at Charger 25 (fid=23),1128.0,,0.0,
Car 587,,,,,12,switch,"Charger 12 (fid=67) not available, trying Charger 4 (fid=17)",1129.0,4,,
Car 1266,,,,,27,switch,"Charger 27 (fid=72) not available, trying Charger 10 (fid=70)",1129.0,10,,
Car 1261,,,,,27,switch,"Charger 27 (fid=72) not available, trying Charger 10 (fid=70)",1130.0,10,,
Car 4,79.0,47,7,,,done,done charging,1130.8189218444047,,,141.2437299493071
Car 1086,,,,,7,switch,"Charger 7 (fid=47) not available, trying Charger 4 (fid=17)",1130.8189218444047,4,,
Car 328,,,,35,,arrived,arrived,1131.0,,,
Car 1090,,,,,26,switch,"Charger 26 (fid=65) not available, trying Charger 7 (fid=47)",1131.0,7,,
Car 328,,32,16,,,start_charge,starting to charge at Charger 16 (fid=32),1131.0,,0.0,
Car 1237,,,,,7,switch,"Charger 7 (fid=47) not available, trying Charger 4 (fid=17)",1131.8189218444047,4,,
Car 1228,74.0,85,19,,,done,done charging,1132.0,,,18.18884166187431
Car 423,,,,,12,switch,"Charger 12 (fid=67) not available, trying Charger 27 (fid=72)",1132.0,27,,
Car 63,,,,52,,arrived,arrived,1133.0,,,
Car 63,,7,1,,,start_charge,starting to charge at Charger 1 (fid=7),1133.0,,0.0,
Car 1,,,,5,,arrived,arrived,1134.0,,,
Car 291,,,,25,,arrived,arrived,1134.0,,,
Car 638,,,,37,,arrived,arrived,1134.0,,,
Car 1351,,,,36,,arrived,arrived,1134.0,,,
Car 132,88.0,17,2,,,done,done charging,1134.0,,,107.35151360364253
Car 1,,58,18,,,start_charge,starting to charge at Charger 18 (fid=58),1134.0,,0.0,
Car 1351,,15,9,,,start_charge,starting to charge at Charger 9 (fid=15),1134.0,,0.0,
Car 1266,,,,,10,switch,"Charger 10 (fid=70) not available, trying Charger 29 (fid=31)",1134.126540502722,29,,
Car 717,,,,,7,switch,"Charger 7 (fid=47) not available, trying Charger 2 (fid=17)",1134.3175538346047,2,,
Car 1266,,31,29,,,start_charge,starting to charge at Charger 29 (fid=31),1134.4863337099748,,10.0,
Car 415,,,,,12,switch,"Charger 12 (fid=67) not available, trying Charger 11 (fid=66)",1134.5996994779348,11,,
Car 587,,,,,4,switch,"Charger 4 (fid=17) not available, trying Charger 7 (fid=47)",1134.6056414532113,7,,
Car 1256,,,,65,,arrived,arrived,1135.0,,,
Car 1261,,,,,10,switch,"Charger 10 (fid=70) not available, trying Charger 29 (fid=31)",1135.126540502722,29,,
Car 828,,,,,11,switch,"Charger 11 (fid=66) not available, trying Charger 12 (fid=67)",1135.3399643928494,12,,
Car 576,,,,,26,switch,"Charger 26 (fid=65) not available, trying Charger 7 (fid=47)",1135.5996994779348,7,,
Car 297,,,,46,,arrived,arrived,1136.0,,,
Car 516,,,,13,,arrived,arrived,1136.0,,,
Car 1011,,,,6,,arrived,arrived,1136.0,,,
Car 330,117.0,72,27,,,done,done charging,1136.0,,,0.0
Car 38,116.0,24,6,,,done,done charging,1136.0,,,24.044531540458287
Car 423,,72,27,,,start_charge,starting to charge at Charger 27 (fid=72),1136.0,,7.502461147463691,
Car 1369,71.0,31,29,,,done,done charging,1136.7602353661882,,,85.54541461119372
Car 1261,,31,29,,,start_charge,starting to charge at Charger 29 (fid=31),1136.7602353661882,,11.273901656213411,
Car 1086,,,,,4,switch,"Charger 4 (fid=17) not available, trying Charger 21 (fid=48)",1136.9205910363762,21,,
Car 160,,,,81,,arrived,arrived,1137.0,,,
Car 528,,,,77,,arrived,arrived,1137.0,,,
Car 1206,82.0,51,24,,,done,done charging,1137.0,,,91.67281497261143
Car 528,,51,24,,,start_charge,starting to charge at Charger 24 (fid=51),1137.0,,0.0,
Car 717,,17,2,,,start_charge,starting to charge at Charger 2 (fid=17),1137.5362967479646,,20.0,
Car 1237,,,,,4,switch,"Charger 4 (fid=17) not available, trying Charger 21 (fid=48)",1137.9205910363762,21,,
Car 651,,,,40,,arrived,arrived,1138.0,,,
Car 924,,,,64,,arrived,arrived,1138.0,,,
Car 301,105.0,72,27,,,done,done charging,1138.0,,,13.19412839106531
Car 1134,86.0,23,14,,,done,done charging,1138.0,,,5.390518435139498
Car 651,,3,5,,,start_charge,starting to charge at Charger 5 (fid=3),1138.0,,0.0,
Car 924,,58,18,,,start_charge,starting to charge at Charger 18 (fid=58),1138.0,,0.0,
Car 291,,23,14,,,start_charge,starting to charge at Charger 14 (fid=23),1138.0,,4.0,
Car 1090,,,,,7,switch,"Charger 7 (fid=47) not available, trying Charger 11 (fid=66)",1138.21922236647,11,,
Car 1086,,48,21,,,start_charge,starting to charge at Charger 21 (fid=48),1138.445220914259,,20.0,
Car 1384,79.0,1,0,,,done,done charging,1138.501413110544,,,90.63231188161029
Car 858,,,,77,,arrived,arrived,1139.0,,,
Car 1039,92.0,89,23,,,done,done charging,1139.0,,,0.0
Car 638,,,,,12,switch,"Charger 12 (fid=67) not available, trying Charger 26 (fid=65)",1139.0,26,,
Car 1237,,48,21,,,start_charge,starting to charge at Charger 21 (fid=48),1139.445220914259,,20.0,
Car 1256,,,,,26,switch,"Charger 26 (fid=65) not available, trying Charger 7 (fid=47)",1140.0,7,,
Car 587,,,,,7,switch,"Charger 7 (fid=47) not available, trying Charger 27 (fid=72)",1140.7073106451828,27,,
Car 89,,,,38,,arrived,arrived,1141.0,,,
Car 367,,,,7,,arrived,arrived,1141.0,,,
Car 297,,,,,7,switch,"Charger 7 (fid=47) not available, trying Charger 4 (fid=17)",1141.0,4,,
Car 516,,,,,12,switch,"Charger 12 (fid=67) not available, trying Charger 4 (fid=17)",1141.0,4,,
Car 1011,,,,,15,switch,"Charger 15 (fid=6) not available, trying Charger 2 (fid=17)",1141.0,2,,
Car 940,72.0,3,5,,,done,done charging,1141.6590307436882,,,0.009486832998543878
Car 1011,,17,2,,,start_charge,starting to charge at Charger 2 (fid=17),1141.8289111198803,,5.0,
Car 160,,,,,15,switch,"Charger 15 (fid=6) not available, trying Charger 9 (fid=15)",1142.0,9,,
Car 576,,,,,7,switch,"Charger 7 (fid=47) not available, trying Charger 4 (fid=17)",1142.8189218444047,4,,
Car 160,,15,9,,,start_charge,starting to charge at Charger 9 (fid=15),1142.8689851131892,,5.0,
Car 1068,,,,17,,arrived,arrived,1143.0,,,
Car 342,102.0,58,18,,,done,done charging,1143.0,,,89.95471915359529
Car 1068,,17,2,,,start_charge,starting to charge at Charger 2 (fid=17),1143.0,,0.0,
Car 415,,,,,11,switch,"Charger 11 (fid=66) not available, trying Charger 7 (fid=47)",1143.4301664789623,7,,
Car 587,,72,27,,,start_charge,starting to charge at Charger 27 (fid=72),1143.5615075279695,,15.0,
Car 1298,95.0,33,8,,,done,done charging,1144.0,,,17.082945559851378
Car 858,,,,,24,switch,"Charger 24 (fid=51) not available, trying Charger 5 (fid=3)",1144.0,5,,
Car 828,,,,,12,switch,"Charger 12 (fid=67) not available, trying Charger 7 (fid=47)",1144.170431393877,7,,
Car 858,,3,5,,,start_charge,starting to charge at Charger 5 (fid=3),1144.799834236576,,5.0,
Car 520,,,,31,,arrived,arrived,1145.0,,,
Car 1235,,,,67,,arrived,arrived,1145.0,,,
Car 1451,,,,60,,arrived,arrived,1145.0,,,
Car 1233,99.0,58,18,,,done,done charging,1145.0,,,89.95471915359529
Car 124,,,,51,,arrived,arrived,1146.0,,,
Car 1220,,,,20,,arrived,arrived,1146.0,,,
Car 89,,,,,7,switch,"Charger 7 (fid=47) not available, trying Charger 21 (fid=48)",1146.0,21,,
Car 367,,,,,1,switch,"Charger 1 (fid=7) not available, trying Charger 0 (fid=1)",1146.0,0,,
Car 1220,,21,20,,,start_charge,starting to charge at Charger 20 (fid=21),1146.0,,0.0,
Car 567,114.0,85,19,,,done,done charging,1146.1978261172444,,,132.96967479842345
Car 638,,,,,26,switch,"Charger 26 (fid=65) not available, trying Charger 7 (fid=47)",1146.5996994779348,7,,
Car 516,,,,,4,switch,"Charger 4 (fid=17) not available, trying Charger 10 (fid=70)",1146.6056414532113,10,,
Car 367,,1,0,,,start_charge,starting to charge at Charger 0 (fid=1),1146.9452241234303,,5.0,
Car 876,,,,74,,arrived,arrived,1147.0,,,
Car 876,,21,17,,,start_charge,starting to charge at Charger 17 (fid=21),1147.0,,0.0,
Car 297,,,,,4,switch,"Charger 4 (fid=17) not available, trying Charger 21 (fid=48)",1147.1016691919715,21,,
Car 1256,,,,,7,switch,"Charger 7 (fid=47) not available, trying Charger 11 (fid=66)",1147.21922236647,11,,
Car 1090,,,,,11,switch,"Charger 11 (fid=66) not available, trying Charger 12 (fid=67)",1147.4094890612248,12,,
Car 469,,,,15,,arrived,arrived,1148.0,,,
Car 1299,,,,54,,arrived,arrived,1148.0,,,
Car 469,,75,28,,,start_charge,starting to charge at Charger 28 (fid=75),1148.0,,0.0,
Car 865,94.0,17,4,,,done,done charging,1148.0974245133018,,,56.96530415086324
Car 576,,17,4,,,start_charge,starting to charge at Charger 4 (fid=17),1148.0974245133018,,19.176833476925594,
Car 670,,,,73,,arrived,arrived,1149.0,,,
Car 1026,49.0,58,18,,,done,done charging,1149.0,,,60.39930873776547
Car 520,,,,,29,switch,"Charger 29 (fid=31) not available, trying Charger 16 (fid=32)",1150.0,16,,
Car 1235,,,,,12,switch,"Charger 12 (fid=67) not available, trying Charger 4 (fid=17)",1150.0,4,,
Car 1451,,,,,15,switch,"Charger 15 (fid=6) not available, trying Charger 24 (fid=51)",1150.0,24,,
Car 520,,32,16,,,start_charge,starting to charge at Charger 16 (fid=32),1150.0619630953217,,5.0,
Car 828,,,,,7,switch,"Charger 7 (fid=47) not available, trying Charger 4 (fid=17)",1150.5483213576974,4,,
Car 124,,,,,24,switch,"Charger 24 (fid=51) not available, trying Charger 5 (fid=3)",1151.0,5,,
Car 1153,62.0,66,11,,,done,done charging,1151.0681806972439,,,80.78257328161338
Car 1256,,66,11,,,start_charge,starting to charge at Charger 11 (fid=66),1151.4094890612248,,10.0,
Car 89,,,,,21,switch,"Charger 21 (fid=48) not available, trying Charger 26 (fid=65)",1151.4853130291847,26,,
Car 124,,3,5,,,start_charge,starting to charge at Charger 5 (fid=3),1151.799834236576,,5.0,
Car 478,106.0,47,7,,,done,done charging,1151.8189218444047,,,141.2437299493071
Car 415,,47,7,,,start_charge,starting to charge at Charger 7 (fid=47),1151.8189218444047,,19.19848867068754,
Car 434,,,,9,,arrived,arrived,1152.0,,,
Car 1013,,,,61,,arrived,arrived,1152.0,,,
Car 1429,,,,79,,arrived,arrived,1152.0,,,
Car 427,,,,50,,arrived,arrived,1153.0,,,
Car 889,,,,27,,arrived,arrived,1153.0,,,
Car 1362,,,,77,,arrived,arrived,1153.0,,,
Car 1299,,,,,12,switch,"Charger 12 (fid=67) not available, trying Charger 27 (fid=72)",1153.0,27,,
Car 427,,3,5,,,start_charge,starting to charge at Charger 5 (fid=3),1153.0,,0.0,
Car 531,65.0,1,0,,,done,done charging,1153.3514067023764,,,103.04602253846483
Car 516,,,,,10,switch,"Charger 10 (fid=70) not available, trying Charger 27 (fid=72)",1153.464486860517,27,,
Car 297,,,,,21,switch,"Charger 21 (fid=48) not available, trying Charger 12 (fid=67)",1153.6262990698542,12,,
Car 638,,,,,7,switch,"Charger 7 (fid=47) not available, trying Charger 4 (fid=17)",1153.8189218444047,4,,
Car 370,,,,29,,arrived,arrived,1154.0,,,
Car 670,,,,,26,switch,"Charger 26 (fid=65) not available, trying Charger 12 (fid=67)",1154.0,12,,
Car 642,,,,47,,arrived,arrived,1155.0,,,
Car 1235,,,,,4,switch,"Charger 4 (fid=17) not available, trying Charger 7 (fid=47)",1155.6056414532113,7,,
Car 234,,,,5,,arrived,arrived,1156.0,,,
Car 329,,,,86,,arrived,arrived,1156.0,,,
Car 662,,,,82,,arrived,arrived,1156.0,,,
Car 417,69.0,67,12,,,done,done charging,1156.0,,,0.0
Car 329,,85,19,,,start_charge,starting to charge at Charger 19 (fid=85),1156.0,,0.0,
Car 662,,85,19,,,start_charge,starting to charge at Charger 19 (fid=85),1156.0,,0.0,
Car 1090,,67,12,,,start_charge,starting to charge at Charger 12 (fid=67),1156.0,,19.760043937747696,
Car 674,71.0,17,4,,,done,done charging,1156.649990549669,,,226.96083866827195
Car 828,,,,,4,switch,"Charger 4 (fid=17) not available, trying Charger 21 (fid=48)",1156.649990549669,21,,
Car 881,,,,63,,arrived,arrived,1157.0,,,
Car 1119,,,,45,,arrived,arrived,1157.0,,,
Car 434,,,,,11,switch,"Charger 11 (fid=66) not available, trying Charger 26 (fid=65)",1157.0,26,,
Car 1013,,,,,11,switch,"Charger 11 (fid=66) not available, trying Charger 5 (fid=3)",1157.0,5,,
Car 1429,,,,,14,switch,"Charger 14 (fid=23) not available, trying Charger 15 (fid=6)",1157.0,15,,
Car 1451,,,,,24,switch,"Charger 24 (fid=51) not available, trying Charger 5 (fid=3)",1157.4485408552343,5,,
Car 799,118.0,6,15,,,done,done charging,1158.0,,,86.22002937834127
Car 152,102.0,7,1,,,done,done charging,1158.0,,,0.0
Car 889,,,,,14,switch,"Charger 14 (fid=23) not available, trying Charger 20 (fid=21)",1158.0,20,,
Car 1362,,,,,24,switch,"Charger 24 (fid=51) not available, trying Charger 5 (fid=3)",1158.0,5,,
Car 1119,,6,15,,,start_charge,starting to charge at Charger 15 (fid=6),1158.0,,1.0,
Car 889,,21,20,,,start_charge,starting to charge at Charger 20 (fid=21),1158.129570492675,,5.0,
Car 1451,,3,5,,,start_charge,starting to charge at Charger 5 (fid=3),1158.2483750918104,,10.0,
Car 516,,,,,27,switch,"Charger 27 (fid=72) not available, trying Charger 3 (fid=19)",1158.591027363239,3,,
Car 89,,,,,26,switch,"Charger 26 (fid=65) not available, trying Charger 6 (fid=24)",1158.841011496093,6,,
Car 516,,19,3,,,start_charge,starting to charge at Charger 3 (fid=19),1158.973442689243,,20.0,
Car 370,,,,,14,switch,"Charger 14 (fid=23) not available, trying Charger 16 (fid=32)",1159.0,16,,
Car 1299,,,,,27,switch,"Charger 27 (fid=72) not available, trying Charger 29 (fid=31)",1159.4975388525363,29,,
Car 370,,32,16,,,start_charge,starting to charge at Charger 16 (fid=32),1159.576443027031,,5.0,
Car 638,,,,,4,switch,"Charger 4 (fid=17) not available, trying Charger 21 (fid=48)",1159.9205910363762,21,,
Car 384,,,,78,,arrived,arrived,1160.0,,,
Car 642,,,,,7,switch,"Charger 7 (fid=47) not available, trying Charger 21 (fid=48)",1160.0,21,,
Car 297,,,,,12,switch,"Charger 12 (fid=67) not available, trying Charger 8 (fid=33)",1160.4842682183057,8,,
Car 262,,,,29,,arrived,arrived,1161.0,,,
Car 234,,,,,7,switch,"Charger 7 (fid=47) not available, trying Charger 21 (fid=48)",1161.0,21,,
Car 670,,,,,12,switch,"Charger 12 (fid=67) not available, trying Charger 11 (fid=66)",1161.5996994779348,11,,
Car 89,,24,6,,,start_charge,starting to charge at Charger 6 (fid=24),1161.607835308546,,15.0,
Car 1235,,,,,7,switch,"Charger 7 (fid=47) not available, trying Charger 27 (fid=72)",1161.7073106451828,27,,
Car 399,,,,18,,arrived,arrived,1162.0,,,
Car 790,93.0,23,14,,,done,done charging,1162.0,,,108.90468805795132
Car 881,,,,,26,switch,"Charger 26 (fid=65) not available, trying Charger 7 (fid=47)",1162.0,7,,
Car 262,,23,14,,,start_charge,starting to charge at Charger 14 (fid=23),1162.0,,1.0,
Car 297,,33,8,,,start_charge,starting to charge at Charger 8 (fid=33),1162.1178237828049,,20.0,
Car 1072,91.0,23,14,,,done,done charging,1163.0,,,30.352942526217433
Car 828,,,,,21,switch,"Charger 21 (fid=48) not available, trying Charger 2 (fid=17)",1163.1746204275516,2,,
Car 1265,91.0,48,21,,,done,done charging,1163.4853130291847,,,95.24211176260054
Car 642,,48,21,,,start_charge,starting to charge at Charger 21 (fid=48),1163.4853130291847,,8.0,
Car 1429,,,,,15,switch,"Charger 15 (fid=6) not available, trying Charger 9 (fid=15)",1163.610147898842,9,,
Car 1362,,,,,5,switch,"Charger 5 (fid=3) not available, trying Charger 15 (fid=6)",1163.799834236576,15,,
Car 1046,,,,38,,arrived,arrived,1164.0,,,
Car 434,,,,,26,switch,"Charger 26 (fid=65) not available, trying Charger 5 (fid=3)",1164.3399643928494,5,,
Car 1429,,15,9,,,start_charge,starting to charge at Charger 9 (fid=15),1164.479133012031,,10.0,
Car 1013,,,,,5,switch,"Charger 5 (fid=3) not available, trying Charger 24 (fid=51)",1164.659030743688,24,,
Car 1299,,,,,29,switch,"Charger 29 (fid=31) not available, trying Charger 16 (fid=32)",1164.7602353661882,16,,
Car 35,,,,25,,arrived,arrived,1165.0,,,
Car 366,,,,37,,arrived,arrived,1165.0,,,
Car 467,,,,60,,arrived,arrived,1165.0,,,
Car 384,,,,,26,switch,"Charger 26 (fid=65) not available, trying Charger 11 (fid=66)",1165.0,11,,
Car 35,,23,14,,,start_charge,starting to charge at Charger 14 (fid=23),1165.0,,0.0,
Car 216,80.0,47,7,,,done,done charging,1165.21922236647,,,203.63506897632593
Car 1046,,47,7,,,start_charge,starting to charge at Charger 7 (fid=47),1165.21922236647,,1.2192223664699213,
Car 990,,,,60,,arrived,arrived,1166.0,,,
Car 263,113.0,115,22,,,done,done charging,1166.0,,,44.76134967805504
Car 638,,,,,21,switch,"Charger 21 (fid=48) not available, trying Charger 2 (fid=17)",1166.445220914259,2,,
Car 234,,,,,21,switch,"Charger 21 (fid=48) not available, trying Charger 26 (fid=65)",1166.4853130291847,26,,
Car 828,,17,2,,,start_charge,starting to charge at Charger 2 (fid=17),1166.8782056634386,,30.0,
Car 71,78.0,17,4,,,done,done charging,1166.9205910363762,,,144.75845650600084
Car 1304,,,,38,,arrived,arrived,1167.0,,,
Car 785,115.0,66,11,,,done,done charging,1167.0,,,0.0
Car 228,68.0,32,16,,,done,done charging,1167.0,,,11.098255718787485
Car 307,56.0,89,23,,,done,done charging,1167.0,,,0.0
Car 399,,,,,27,switch,"Charger 27 (fid=72) not available, trying Charger 29 (fid=31)",1167.0,29,,
Car 670,,66,11,,,start_charge,starting to charge at Charger 11 (fid=66),1167.0,,11.569833521037708,
Car 1299,,32,16,,,start_charge,starting to charge at Charger 16 (fid=32),1167.0,,17.17780153849003,
Car 597,,,,21,,arrived,arrived,1168.0,,,
Car 597,,21,20,,,start_charge,starting to charge at Charger 20 (fid=21),1168.0,,0.0,
Car 405,,,,44,,arrived,arrived,1169.0,,,
Car 1440,56.0,65,26,,,done,done charging,1169.0,,,113.8475167274432
Car 234,,65,26,,,start_charge,starting to charge at Charger 26 (fid=65),1169.0,,10.15898850390704,
Car 881,,,,,7,switch,"Charger 7 (fid=47) not available, trying Charger 11 (fid=66)",1169.21922236647,11,,
Car 1235,,,,,27,switch,"Charger 27 (fid=72) not available, trying Charger 10 (fid=70)",1169.5615075279695,10,,
Car 589,105.0,17,4,,,done,done charging,1169.9205910363762,,,144.75845650600084
Car 722,75.0,51,24,,,done,done charging,1170.0,,,52.26007319168327
Car 366,,,,,12,switch,"Charger 12 (fid=67) not available, trying Charger 26 (fid=65)",1170.0,26,,
Car 467,,,,,15,switch,"Charger 15 (fid=6) not available, trying Charger 24 (fid=51)",1170.0,24,,
Car 1013,,51,24,,,start_charge,starting to charge at Charger 24 (fid=51),1170.0,,14.541135019735975,
Car 990,,,,,15,switch,"Charger 15 (fid=6) not available, trying Charger 24 (fid=51)",1171.0,24,,
Car 1362,,,,,15,switch,"Charger 15 (fid=6) not available, trying Charger 0 (fid=1)",1171.683685327733,0,,
Car 225,95.0,72,27,,,done,done charging,1172.0,,,49.900990150494394
Car 592,95.0,31,29,,,done,done charging,1172.0,,,5.412631245533699
Car 1186,51.0,115,22,,,done,done charging,1172.0,,,0.0
Car 1304,,,,,7,switch,"Charger 7 (fid=47) not available, trying Charger 21 (fid=48)",1172.0,21,,
Car 399,,31,29,,,start_charge,starting to charge at Charger 29 (fid=31),1172.0,,9.737303486348083,
Car 384,,,,,11,switch,"Charger 11 (fid=66) not available, trying Charger 7 (fid=47)",1172.3399643928494,7,,
Car 898,,,,55,,arrived,arrived,1173.0,,,
Car 1377,,,,18,,arrived,arrived,1173.0,,,
Car 857,87.0,75,28,,,done,done charging,1173.0,,,38.302789715608114
Car 898,,72,27,,,start_charge,starting to charge at Charger 27 (fid=72),1173.0,,0.0,
Car 1362,,1,0,,,start_charge,starting to charge at Charger 0 (fid=1),1173.0350920301094,,15.0,
Car 434,,,,,5,switch,"Charger 5 (fid=3) not available, trying Charger 2 (fid=17)",1173.9362870596833,2,,
Car 1197,,,,22,,arrived,arrived,1174.0,,,
Car 1315,,,,42,,arrived,arrived,1174.0,,,
Car 1015,100.0,6,15,,,done,done charging,1174.0,,,0.0
Car 405,,,,,7,switch,"Charger 7 (fid=47) not available, trying Charger 8 (fid=33)",1174.0,8,,
Car 1197,,17,4,,,start_charge,starting to charge at Charger 4 (fid=17),1174.0,,0.0,
Car 1315,,17,4,,,start_charge,starting to charge at Charger 4 (fid=17),1174.0,,0.0,
Car 1235,,,,,10,switch,"Charger 10 (fid=70) not available, trying Charger 29 (fid=31)",1174.6880480306916,29,,
Car 243,,,,13,,arrived,arrived,1175.0,,,
Car 838,,,,67,,arrived,arrived,1175.0,,,
Car 638,,,,,2,switch,"Charger 2 (fid=17) not available, trying Charger 29 (fid=31)",1175.148806150146,29,,
Car 339,80.0,67,12,,,done,done charging,1175.170431393877,,,191.1562589297049
Car 243,,67,12,,,start_charge,starting to charge at Charger 12 (fid=67),1175.170431393877,,0.17043139387692463,
Car 1393,,,,8,,arrived,arrived,1176.0,,,
Car 150,,,,61,,arrived,arrived,1177.0,,,
Car 561,,,,45,,arrived,arrived,1177.0,,,
Car 759,,,,17,,arrived,arrived,1177.0,,,
Car 1170,,,,37,,arrived,arrived,1177.0,,,
Car 561,,6,15,,,start_charge,starting to charge at Charger 15 (fid=6),1177.0,,0.0,
Car 467,,,,,24,switch,"Charger 24 (fid=51) not available, trying Charger 5 (fid=3)",1177.4485408552343,5,,
Car 1304,,,,,21,switch,"Charger 21 (fid=48) not available, trying Charger 26 (fid=65)",1177.4853130291847,26,,
Car 366,,,,,26,switch,"Charger 26 (fid=65) not available, trying Charger 7 (fid=47)",1177.5996994779348,7,,
Car 834,63.0,47,7,,,done,done charging,1177.6204331737172,,,190.5088466318159
Car 384,,47,7,,,start_charge,starting to charge at Charger 7 (fid=47),1177.6204331737172,,11.090202086112868,
Car 26,,,,70,,arrived,arrived,1178.0,,,
Car 499,,,,37,,arrived,arrived,1178.0,,,
Car 933,114.0,67,12,,,done,done charging,1178.0,,,107.1141266920381
Car 1377,,,,,27,switch,"Charger 27 (fid=72) not available, trying Charger 29 (fid=31)",1178.0,29,,
Car 838,,67,12,,,start_charge,starting to charge at Charger 12 (fid=67),1178.0,,3.0,
Car 881,,,,,11,switch,"Charger 11 (fid=66) not available, trying Charger 12 (fid=67)",1178.4094890612248,12,,
Car 990,,,,,24,switch,"Charger 24 (fid=51) not available, trying Charger 5 (fid=3)",1178.4485408552343,5,,
Car 644,52.0,70,10,,,done,done charging,1179.0,,,5.400202311015656
Car 26,,70,10,,,start_charge,starting to charge at Charger 10 (fid=70),1179.0,,1.0,
Car 405,,,,,8,switch,"Charger 8 (fid=33) not available, trying Charger 13 (fid=26)",1179.7854170967225,13,,
Car 1235,,,,,29,switch,"Charger 29 (fid=31) not available, trying Charger 8 (fid=33)",1180.0478412379443,8,,
Car 405,,26,13,,,start_charge,starting to charge at Charger 13 (fid=26),1180.0780538689205,,10.0,
Car 638,,,,,29,switch,"Charger 29 (fid=31) not available, trying Charger 27 (fid=72)",1180.734156197575,27,,
Car 400,55.0,47,7,,,done,done charging,1180.8189218444047,,,141.2437299493071
Car 366,,47,7,,,start_charge,starting to charge at Charger 7 (fid=47),1180.8189218444047,,11.0,
Car 1198,120.0,7,1,,,done,done charging,1181.0,,,0.0
Car 235,83.0,51,24,,,done,done charging,1181.0,,,91.67281497261143
Car 328,50.0,32,16,,,done,done charging,1181.0,,,16.87024961282752
Car 1393,,,,,26,switch,"Charger 26 (fid=65) not available, trying Charger 11 (fid=66)",1181.0,11,,
Car 419,73.0,6,15,,,done,done charging,1182.0,,,126.33398464785847
Car 1078,71.0,33,8,,,done,done charging,1182.0,,,32.41140313222794
Car 1364,70.0,17,4,,,done,done charging,1182.0,,,50.95512642512205
Car 150,,,,,11,switch,"Charger 11 (fid=66) not available, trying Charger 5 (fid=3)",1182.0,5,,
Car 759,,,,,4,switch,"Charger 4 (fid=17) not available, trying Charger 12 (fid=67)",1182.0,12,,
Car 1170,,,,,12,switch,"Charger 12 (fid=67) not available, trying Charger 26 (fid=65)",1182.0,26,,
Car 434,,,,,2,switch,"Charger 2 (fid=17) not available, trying Charger 15 (fid=6)",1182.405734361789,15,,
Car 588,,,,1,,arrived,arrived,1183.0,,,
Car 499,,,,,12,switch,"Charger 12 (fid=67) not available, trying Charger 26 (fid=65)",1183.0,26,,
Car 588,,1,0,,,start_charge,starting to charge at Charger 0 (fid=1),1183.0,,0.0,
Car 1235,,33,8,,,start_charge,starting to charge at Charger 8 (fid=33),1183.1584634185683,,30.0,
Car 434,,6,15,,,start_charge,starting to charge at Charger 15 (fid=6),1183.2346454816693,,20.0,
Car 467,,,,,5,switch,"Charger 5 (fid=3) not available, trying Charger 2 (fid=17)",1183.2483750918104,2,,
Car 1377,,,,,29,switch,"Charger 29 (fid=31) not available, trying Charger 16 (fid=32)",1183.262696513652,16,,
Car 1377,,32,16,,,start_charge,starting to charge at Charger 16 (fid=32),1183.3246596089737,,10.0,
Car 438,110.0,33,8,,,done,done charging,1184.0,,,28.3922700043593
Car 990,,,,,5,switch,"Charger 5 (fid=3) not available, trying Charger 2 (fid=17)",1184.2483750918104,2,,
Car 1304,,,,,26,switch,"Charger 26 (fid=65) not available, trying Charger 6 (fid=24)",1184.841011496093,6,,
Car 698,,,,24,,arrived,arrived,1185.0,,,
Car 698,,24,6,,,start_charge,starting to charge at Charger 6 (fid=24),1185.0,,0.0,
Car 638,,,,,27,switch,"Charger 27 (fid=72) not available, trying Charger 13 (fid=26)",1185.996852711227,13,,
Car 462,,,,51,,arrived,arrived,1186.0,,,
Car 709,,,,8,,arrived,arrived,1186.0,,,
Car 924,48.0,58,18,,,done,done charging,1186.0,,,60.39930873776547
Car 462,,51,24,,,start_charge,starting to charge at Charger 24 (fid=51),1186.0,,0.0,
Car 1309,,,,69,,arrived,arrived,1187.0,,,
Car 237,111.0,66,11,,,done,done charging,1187.0,,,166.61423346465116
Car 1393,,66,11,,,start_charge,starting to charge at Charger 11 (fid=66),1187.0,,8.660035607150576,
Car 881,,,,,12,switch,"Charger 12 (fid=67) not available, trying Charger 21 (fid=48)",1187.2399560622523,21,,
Car 759,,,,,12,switch,"Charger 12 (fid=67) not available, trying Charger 8 (fid=33)",1187.6056414532113,8,,
Car 1304,,24,6,,,start_charge,starting to charge at Charger 6 (fid=24),1187.607835308546,,15.0,
Car 488,,,,37,,arrived,arrived,1188.0,,,
Car 627,,,,38,,arrived,arrived,1188.0,,,
Car 699,,,,61,,arrived,arrived,1188.0,,,
Car 692,112.0,7,1,,,done,done charging,1189.0,,,0.0
Car 638,,26,13,,,start_charge,starting to charge at Charger 13 (fid=26),1189.1295873101028,,40.0,
Car 759,,33,8,,,start_charge,starting to charge at Charger 8 (fid=33),1189.2391970177105,,10.0,
Car 1170,,,,,26,switch,"Charger 26 (fid=65) not available, trying Charger 7 (fid=47)",1189.5996994779348,7,,
Car 150,,,,,5,switch,"Charger 5 (fid=3) not available, trying Charger 24 (fid=51)",1189.659030743688,24,,
Car 1054,,,,37,,arrived,arrived,1190.0,,,
Car 578,85.0,48,21,,,done,done charging,1190.0,,,24.25327608799757
Car 881,,48,21,,,start_charge,starting to charge at Charger 21 (fid=48),1190.0,,20.902074789296194,
Car 499,,,,,26,switch,"Charger 26 (fid=65) not available, trying Charger 7 (fid=47)",1190.5996994779348,7,,
Car 1349,106.0,26,13,,,done,done charging,1191.0,,,8.0825061707424
Car 709,,,,,26,switch,"Charger 26 (fid=65) not available, trying Charger 11 (fid=66)",1191.0,11,,
Car 467,,,,,2,switch,"Charger 2 (fid=17) not available, trying Charger 0 (fid=1)",1191.717822393916,0,,
Car 1309,,,,,10,switch,"Charger 10 (fid=70) not available, trying Charger 27 (fid=72)",1192.0,27,,
Car 990,,,,,2,switch,"Charger 2 (fid=17) not available, trying Charger 0 (fid=1)",1192.717822393916,0,,
Car 141,,,,34,,arrived,arrived,1193.0,,,
Car 749,,,,14,,arrived,arrived,1193.0,,,
Car 200,70.0,70,10,,,done,done charging,1193.0,,,5.223090655911267
Car 488,,,,,12,switch,"Charger 12 (fid=67) not available, trying Charger 26 (fid=65)",1193.0,26,,
Car 627,,,,,7,switch,"Charger 7 (fid=47) not available, trying Charger 21 (fid=48)",1193.0,21,,
Car 699,,,,,11,switch,"Charger 11 (fid=66) not available, trying Charger 5 (fid=3)",1193.0,5,,
Car 467,,1,0,,,start_charge,starting to charge at Charger 0 (fid=1),1193.8868665780421,,20.0,
Car 1035,,,,18,,arrived,arrived,1194.0,,,
Car 1065,,,,9,,arrived,arrived,1194.0,,,
Car 296,79.0,85,19,,,done,done charging,1194.0,,,0.0
Car 1351,60.0,15,9,,,done,done charging,1194.0,,,28.850520983198756
Car 645,,,,11,,arrived,arrived,1195.0,,,
Car 521,111.0,33,8,,,done,done charging,1195.0,,,11.506014166488136
Car 1054,,,,,12,switch,"Charger 12 (fid=67) not available, trying Charger 26 (fid=65)",1195.0,26,,
Car 150,,,,,24,switch,"Charger 24 (fid=51) not available, trying Charger 15 (fid=6)",1195.458864980264,15,,
Car 802,82.0,6,15,,,done,done charging,1196.0,,,86.22002937834127
Car 492,77.0,21,17,,,done,done charging,1196.0,,,58.93180745574896
Car 1170,,,,,7,switch,"Charger 7 (fid=47) not available, trying Charger 4 (fid=17)",1196.8189218444047,4,,
Car 53,,,,45,,arrived,arrived,1197.0,,,
Car 864,,,,9,,arrived,arrived,1197.0,,,
Car 469,49.0,75,28,,,done,done charging,1197.0,,,0.012206555630439934
Car 53,,6,15,,,start_charge,starting to charge at Charger 15 (fid=6),1197.0,,0.0,
Car 1309,,,,,27,switch,"Charger 27 (fid=72) not available, trying Charger 3 (fid=19)",1197.126540502722,3,,
Car 1309,,19,3,,,start_charge,starting to charge at Charger 3 (fid=19),1197.5089558287261,,10.0,
Car 499,,,,,7,switch,"Charger 7 (fid=47) not available, trying Charger 4 (fid=17)",1197.8189218444047,4,,
Car 334,,,,61,,arrived,arrived,1198.0,,,
Car 559,,,,23,,arrived,arrived,1198.0,,,
Car 141,,,,,16,switch,"Charger 16 (fid=32) not available, trying Charger 29 (fid=31)",1198.0,29,,
Car 749,,,,,29,switch,"Charger 29 (fid=31) not available, trying Charger 16 (fid=32)",1198.0,16,,
Car 709,,,,,11,switch,"Charger 11 (fid=66) not available, trying Charger 12 (fid=67)",1198.3399643928494,12,,
Car 627,,,,,21,switch,"Charger 21 (fid=48) not available, trying Charger 26 (fid=65)",1198.4853130291847,26,,
Car 1230,,,,73,,arrived,arrived,1199.0,,,
Car 617,84.0,31,29,,,done,done charging,1199.0,,,5.412631245533699
Car 1035,,,,,27,switch,"Charger 27 (fid=72) not available, trying Charger 29 (fid=31)",1199.0,29,,
Car 1065,,,,,11,switch,"Charger 11 (fid=66) not available, trying Charger 26 (fid=65)",1199.0,26,,
Car 141,,31,29,,,start_charge,starting to charge at Charger 29 (fid=31),1199.0,,5.938036904678256,
Car 990,,,,,0,switch,"Charger 0 (fid=1) not available, trying Charger 9 (fid=15)",1199.8868665780421,9,,
Car 67,,,,73,,arrived,arrived,1200.0,,,
Car 645,,,,,2,switch,"Charger 2 (fid=17) not available, trying Charger 15 (fid=6)",1200.0,15,,
Car 488,,,,,26,switch,"Charger 26 (fid=65) not available, trying Charger 7 (fid=47)",1200.5996994779348,7,,
Car 699,,,,,5,switch,"Charger 5 (fid=3) not available, trying Charger 24 (fid=51)",1200.659030743688,24,,
Car 1316,,,,54,,arrived,arrived,1201.0,,,
Car 1367,,,,7,,arrived,arrived,1201.0,,,
Car 1367,,7,1,,,start_charge,starting to charge at Charger 1 (fid=7),1201.0,,0.0,
Car 1261,65.0,31,29,,,done,done charging,1201.7602353661882,,,60.66664080036635
Car 1035,,31,29,,,start_charge,starting to charge at Charger 29 (fid=31),1201.7602353661882,,7.497538852536309,
Car 278,,,,89,,arrived,arrived,1202.0,,,
Car 811,,,,33,,arrived,arrived,1202.0,,,
Car 1411,,,,4,,arrived,arrived,1202.0,,,
Car 864,,,,,11,switch,"Charger 11 (fid=66) not available, trying Charger 26 (fid=65)",1202.0,26,,
Car 278,,89,23,,,start_charge,starting to charge at Charger 23 (fid=89),1202.0,,0.0,
Car 990,,15,9,,,start_charge,starting to charge at Charger 9 (fid=15),1202.0400161983628,,25.0,
Car 1054,,,,,26,switch,"Charger 26 (fid=65) not available, trying Charger 7 (fid=47)",1202.5996994779348,7,,
Car 150,,,,,15,switch,"Charger 15 (fid=6) not available, trying Charger 2 (fid=17)",1202.9074058354984,2,,
Car 1170,,,,,4,switch,"Charger 4 (fid=17) not available, trying Charger 21 (fid=48)",1202.9205910363762,21,,
Car 356,,,,58,,arrived,arrived,1203.0,,,
Car 334,,,,,11,switch,"Charger 11 (fid=66) not available, trying Charger 5 (fid=3)",1203.0,5,,
Car 559,,,,,14,switch,"Charger 14 (fid=23) not available, trying Charger 20 (fid=21)",1203.0,20,,
Car 356,,58,18,,,start_charge,starting to charge at Charger 18 (fid=58),1203.0,,0.0,
Car 749,,,,,16,switch,"Charger 16 (fid=32) not available, trying Charger 2 (fid=17)",1203.0619630953217,2,,
Car 559,,21,20,,,start_charge,starting to charge at Charger 20 (fid=21),1203.129570492675,,5.0,
Car 499,,,,,4,switch,"Charger 4 (fid=17) not available, trying Charger 21 (fid=48)",1203.9205910363762,21,,
Car 448,,,,4,,arrived,arrived,1204.0,,,
Car 1447,,,,46,,arrived,arrived,1204.0,,,
Car 1230,,,,,26,switch,"Charger 26 (fid=65) not available, trying Charger 12 (fid=67)",1204.0,12,,
Car 654,100.0,23,14,,,done,done charging,1205.0,,,30.352942526217433
Car 67,,,,,26,switch,"Charger 26 (fid=65) not available, trying Charger 12 (fid=67)",1205.0,12,,
Car 645,,,,,15,switch,"Charger 15 (fid=6) not available, trying Charger 9 (fid=15)",1205.8289111198803,9,,
Car 627,,,,,26,switch,"Charger 26 (fid=65) not available, trying Charger 6 (fid=24)",1205.841011496093,6,,
Car 72,,,,18,,arrived,arrived,1206.0,,,
Car 458,,,,62,,arrived,arrived,1206.0,,,
Car 1399,,,,39,,arrived,arrived,1206.0,,,
Car 1316,,,,,12,switch,"Charger 12 (fid=67) not available, trying Charger 27 (fid=72)",1206.0,27,,
Car 1065,,,,,26,switch,"Charger 26 (fid=65) not available, trying Charger 5 (fid=3)",1206.3399643928494,5,,
Car 699,,,,,24,switch,"Charger 24 (fid=51) not available, trying Charger 15 (fid=6)",1206.458864980264,15,,
Car 645,,15,9,,,start_charge,starting to charge at Charger 9 (fid=15),1206.6978962330695,,10.0,
Car 102,,,,60,,arrived,arrived,1207.0,,,
Car 1242,,,,36,,arrived,arrived,1207.0,,,
Car 1355,,,,37,,arrived,arrived,1207.0,,,
Car 811,,,,,16,switch,"Charger 16 (fid=32) not available, trying Charger 29 (fid=31)",1207.0,29,,
Car 1411,,,,,15,switch,"Charger 15 (fid=6) not available, trying Charger 0 (fid=1)",1207.0,0,,
Car 709,,,,,12,switch,"Charger 12 (fid=67) not available, trying Charger 7 (fid=47)",1207.170431393877,7,,
Car 488,,,,,7,switch,"Charger 7 (fid=47) not available, trying Charger 4 (fid=17)",1207.8189218444047,4,,
Car 1259,,,,60,,arrived,arrived,1208.0,,,
Car 528,71.0,51,24,,,done,done charging,1208.0,,,91.67281497261143
Car 627,,24,6,,,start_charge,starting to charge at Charger 6 (fid=24),1208.607835308546,,15.0,
Car 749,,,,,2,switch,"Charger 2 (fid=17) not available, trying Charger 27 (fid=72)",1208.618015403459,27,,
Car 150,,,,,2,switch,"Charger 2 (fid=17) not available, trying Charger 0 (fid=1)",1208.7363169553787,0,,
Car 426,95.0,15,9,,,done,done charging,1209.0,,,0.0
Car 683,86.0,85,19,,,done,done charging,1209.0,,,5.766894224797834
Car 448,,,,,26,switch,"Charger 26 (fid=65) not available, trying Charger 7 (fid=47)",1209.0,7,,
Car 1447,,,,,7,switch,"Charger 7 (fid=47) not available, trying Charger 4 (fid=17)",1209.0,4,,
Car 1242,,15,9,,,start_charge,starting to charge at Charger 9 (fid=15),1209.0,,2.0,
Car 864,,,,,26,switch,"Charger 26 (fid=65) not available, trying Charger 5 (fid=3)",1209.3399643928494,5,,
Car 1170,,,,,21,switch,"Charger 21 (fid=48) not available, trying Charger 2 (fid=17)",1209.445220914259,2,,
Car 1054,,,,,7,switch,"Charger 7 (fid=47) not available, trying Charger 4 (fid=17)",1209.8189218444047,4,,
Car 903,,,,4,,arrived,arrived,1210.0,,,
Car 1220,64.0,21,20,,,done,done charging,1210.0,,,5.385146701803676
Car 499,,,,,21,switch,"Charger 21 (fid=48) not available, trying Charger 2 (fid=17)",1210.445220914259,2,,
Car 89,49.0,24,6,,,done,done charging,1210.607835308546,,,131.0315105385076
Car 334,,,,,5,switch,"Charger 5 (fid=3) not available, trying Charger 24 (fid=51)",1210.659030743688,24,,
Car 1376,120.0,85,19,,,done,done charging,1211.0,,,18.18884166187431
Car 1,77.0,58,18,,,done,done charging,1211.0,,,89.95471915359529
Car 72,,,,,27,switch,"Charger 27 (fid=72) not available, trying Charger 29 (fid=31)",1211.0,29,,
Car 458,,,,,15,switch,"Charger 15 (fid=6) not available, trying Charger 5 (fid=3)",1211.0,5,,
Car 1399,,,,,5,switch,"Charger 5 (fid=3) not available, trying Charger 24 (fid=51)",1211.0,24,,
Car 1237,72.0,48,21,,,done,done charging,1211.445220914259,,,174.76878454974607
Car 334,,51,24,,,start_charge,starting to charge at Charger 24 (fid=51),1211.458864980264,,10.0,
Car 1230,,,,,12,switch,"Charger 12 (fid=67) not available, trying Charger 11 (fid=66)",1211.5996994779348,11,,
Car 169,,,,22,,arrived,arrived,1212.0,,,
Car 665,,,,61,,arrived,arrived,1212.0,,,
Car 736,,,,23,,arrived,arrived,1212.0,,,
Car 1069,,,,5,,arrived,arrived,1212.0,,,
Car 1091,,,,33,,arrived,arrived,1212.0,,,
Car 1247,,,,54,,arrived,arrived,1212.0,,,
Car 157,112.0,17,2,,,done,done charging,1212.0,,,107.35151360364253
Car 102,,,,,15,switch,"Charger 15 (fid=6) not available, trying Charger 24 (fid=51)",1212.0,24,,
Car 1355,,,,,12,switch,"Charger 12 (fid=67) not available, trying Charger 26 (fid=65)",1212.0,26,,
Car 169,,21,20,,,start_charge,starting to charge at Charger 20 (fid=21),1212.0,,0.0,
Car 736,,23,25,,,start_charge,starting to charge at Charger 25 (fid=23),1212.0,,0.0,
Car 1091,,33,8,,,start_charge,starting to charge at Charger 8 (fid=33),1212.0,,0.0,
Car 811,,,,,29,switch,"Charger 29 (fid=31) not available, trying Charger 27 (fid=72)",1212.0619630953217,27,,
Car 1046,47.0,47,7,,,done,done charging,1212.21922236647,,,82.84729644951521
Car 709,,47,7,,,start_charge,starting to charge at Charger 7 (fid=47),1212.21922236647,,18.67090100877249,
Car 1316,,,,,27,switch,"Charger 27 (fid=72) not available, trying Charger 29 (fid=31)",1212.4975388525363,29,,
Car 67,,,,,12,switch,"Charger 12 (fid=67) not available, trying Charger 11 (fid=66)",1212.5996994779348,11,,
Car 367,66.0,1,0,,,done,done charging,1212.9452241234303,,,78.73716948175102
Car 1411,,1,0,,,start_charge,starting to charge at Charger 0 (fid=1),1212.9452241234303,,9.593817421053927,
Car 194,120.0,24,6,,,done,done charging,1213.0,,,12.433871681824385
Car 670,46.0,66,11,,,done,done charging,1213.0,,,166.61423346465116
Car 1259,,,,,15,switch,"Charger 15 (fid=6) not available, trying Charger 24 (fid=51)",1213.0,24,,
Car 665,,66,11,,,start_charge,starting to charge at Charger 11 (fid=66),1213.0,,1.0,
Car 1170,,17,2,,,start_charge,starting to charge at Charger 2 (fid=17),1213.148806150146,,25.0,
Car 1448,117.0,31,29,,,done,done charging,1213.262696513652,,,16.044241334509135
Car 72,,31,29,,,start_charge,starting to charge at Charger 29 (fid=31),1213.262696513652,,7.0,
Car 699,,,,,15,switch,"Charger 15 (fid=6) not available, trying Charger 2 (fid=17)",1213.9074058354984,2,,
Car 488,,,,,4,switch,"Charger 4 (fid=17) not available, trying Charger 21 (fid=48)",1213.9205910363762,21,,
Car 85,,,,81,,arrived,arrived,1214.0,,,
Car 749,,,,,27,switch,"Charger 27 (fid=72) not available, trying Charger 9 (fid=15)",1214.4582311620295,9,,
Car 903,,,,,26,switch,"Charger 26 (fid=65) not available, trying Charger 7 (fid=47)",1215.0,7,,
Car 1447,,,,,4,switch,"Charger 4 (fid=17) not available, trying Charger 21 (fid=48)",1215.1016691919715,21,,
Car 488,,48,21,,,start_charge,starting to charge at Charger 21 (fid=48),1215.445220914259,,20.0,
Car 150,,,,,0,switch,"Charger 0 (fid=1) not available, trying Charger 28 (fid=75)",1215.9053611395047,28,,
Car 1054,,,,,4,switch,"Charger 4 (fid=17) not available, trying Charger 21 (fid=48)",1215.9205910363762,21,,
Car 1065,,,,,5,switch,"Charger 5 (fid=3) not available, trying Charger 2 (fid=17)",1215.9362870596833,2,,
Car 28,,,,60,,arrived,arrived,1216.0,,,
Car 448,,,,,7,switch,"Charger 7 (fid=47) not available, trying Charger 21 (fid=48)",1216.21922236647,21,,
Car 1256,65.0,66,11,,,done,done charging,1216.4094890612248,,,194.91903392436296
Car 1230,,66,11,,,start_charge,starting to charge at Charger 11 (fid=66),1216.4094890612248,,10.979322582262512,
Car 858,72.0,3,5,,,done,done charging,1216.799834236576,,,114.71650315889154
Car 1399,,,,,24,switch,"Charger 24 (fid=51) not available, trying Charger 28 (fid=75)",1216.799834236576,28,,
Car 458,,3,5,,,start_charge,starting to charge at Charger 5 (fid=3),1216.799834236576,,7.9159831454192044,
Car 239,,,,67,,arrived,arrived,1217.0,,,
Car 876,70.0,21,17,,,done,done charging,1217.0,,,65.74620646091854
Car 1069,,,,,7,switch,"Charger 7 (fid=47) not available, trying Charger 21 (fid=48)",1217.0,21,,
Car 1247,,,,,12,switch,"Charger 12 (fid=67) not available, trying Charger 27 (fid=72)",1217.0,27,,
Car 811,,,,,27,switch,"Charger 27 (fid=72) not available, trying Charger 9 (fid=15)",1217.3246596089737,9,,
Car 1316,,,,,29,switch,"Charger 29 (fid=31) not available, trying Charger 16 (fid=32)",1217.7602353661882,16,,
Car 1299,51.0,32,16,,,done,done charging,1218.0,,,89.63789363881364
Car 1316,,32,16,,,start_charge,starting to charge at Charger 16 (fid=32),1218.0,,15.17780153849003,
Car 1399,,75,28,,,start_charge,starting to charge at Charger 28 (fid=75),1218.1686634442074,,10.0,
Car 150,,75,28,,,start_charge,starting to charge at Charger 28 (fid=75),1218.2197734167667,,30.0,
Car 864,,,,,5,switch,"Charger 5 (fid=3) not available, trying Charger 2 (fid=17)",1218.9362870596833,2,,
Car 1096,,,,55,,arrived,arrived,1219.0,,,
Car 1482,,,,117,,arrived,arrived,1219.0,,,
Car 85,,,,,15,switch,"Charger 15 (fid=6) not available, trying Charger 9 (fid=15)",1219.0,9,,
Car 1482,,21,17,,,start_charge,starting to charge at Charger 17 (fid=21),1219.0,,0.0,
Car 499,,,,,2,switch,"Charger 2 (fid=17) not available, trying Charger 29 (fid=31)",1219.148806150146,29,,
Car 102,,,,,24,switch,"Charger 24 (fid=51) not available, trying Charger 5 (fid=3)",1219.4485408552343,5,,
Car 1355,,,,,26,switch,"Charger 26 (fid=65) not available, trying Charger 7 (fid=47)",1219.5996994779348,7,,
Car 699,,,,,2,switch,"Charger 2 (fid=17) not available, trying Charger 0 (fid=1)",1219.7363169553787,0,,
Car 160,77.0,15,9,,,done,done charging,1219.8689851131892,,,100.11335289564695
Car 749,,15,9,,,start_charge,starting to charge at Charger 9 (fid=15),1219.8689851131892,,24.6858760962823,
Car 828,53.0,17,2,,,done,done charging,1219.8782056634386,,,242.86211358091026
Car 1065,,17,2,,,start_charge,starting to charge at Charger 2 (fid=17),1219.8782056634386,,15.472471301649648,
Car 303,,,,15,,arrived,arrived,1220.0,,,
Car 303,,75,28,,,start_charge,starting to charge at Charger 28 (fid=75),1220.0,,0.0,
Car 1259,,,,,24,switch,"Charger 24 (fid=51) not available, trying Charger 5 (fid=3)",1220.4485408552343,5,,
Car 669,,,,53,,arrived,arrived,1221.0,,,
Car 651,83.0,3,5,,,done,done charging,1221.0,,,68.53159922986113
Car 28,,,,,15,switch,"Charger 15 (fid=6) not available, trying Charger 24 (fid=51)",1221.0,24,,
Car 102,,3,5,,,start_charge,starting to charge at Charger 5 (fid=3),1221.0,,10.75162490818957,
Car 67,,,,,11,switch,"Charger 11 (fid=66) not available, trying Charger 7 (fid=47)",1221.4301664789623,7,,
Car 1447,,,,,21,switch,"Charger 21 (fid=48) not available, trying Charger 12 (fid=67)",1221.6262990698542,12,,
Car 448,,,,,21,switch,"Charger 21 (fid=48) not available, trying Charger 12 (fid=67)",1221.7045353956546,12,,
Car 415,70.0,47,7,,,done,done charging,1221.8189218444047,,,190.5088466318159
Car 903,,47,7,,,start_charge,starting to charge at Charger 7 (fid=47),1221.8189218444047,,9.599699477934792,
Car 173,,,,86,,arrived,arrived,1222.0,,,
Car 1282,,,,10,,arrived,arrived,1222.0,,,
Car 427,69.0,3,5,,,done,done charging,1222.0,,,39.714584953154606
Car 239,,,,,12,switch,"Charger 12 (fid=67) not available, trying Charger 4 (fid=17)",1222.0,4,,
Car 173,,85,19,,,start_charge,starting to charge at Charger 19 (fid=85),1222.0,,0.0,
Car 1259,,3,5,,,start_charge,starting to charge at Charger 5 (fid=3),1222.0,,10.75162490818957,
Car 860,118.0,70,10,,,done,done charging,1222.126540502722,,,10.540823876746988
Car 1054,,,,,21,switch,"Charger 21 (fid=48) not available, trying Charger 2 (fid=17)",1222.445220914259,2,,
Car 1069,,,,,21,switch,"Charger 21 (fid=48) not available, trying Charger 26 (fid=65)",1222.4853130291847,26,,
Car 329,67.0,85,19,,,done,done charging,1223.0,,,5.766894224797834
Car 838,45.0,67,12,,,done,done charging,1223.0,,,0.0
Car 811,,,,,9,switch,"Charger 9 (fid=15) not available, trying Charger 10 (fid=70)",1223.049537463851,10,,
Car 297,61.0,33,8,,,done,done charging,1223.1178237828049,,,84.4954911519194
Car 1447,,67,12,,,start_charge,starting to charge at Charger 12 (fid=67),1223.4842682183057,,15.0,
Car 1266,89.0,31,29,,,done,done charging,1223.4863337099748,,,58.28024794902319
Car 499,,31,29,,,start_charge,starting to charge at Charger 29 (fid=31),1223.4863337099748,,33.75217751239984,
Car 1247,,,,,27,switch,"Charger 27 (fid=72) not available, trying Charger 29 (fid=31)",1223.4975388525363,29,,
Car 124,72.0,3,5,,,done,done charging,1223.799834236576,,,66.62619190678491
Car 811,,70,10,,,start_charge,starting to charge at Charger 10 (fid=70),1223.8568357952106,,20.0,
Car 91,,,,63,,arrived,arrived,1224.0,,,
Car 1096,,,,,27,switch,"Charger 27 (fid=72) not available, trying Charger 10 (fid=70)",1224.0,10,,
Car 1096,,70,10,,,start_charge,starting to charge at Charger 10 (fid=70),1224.126540502722,,5.0,
Car 85,,,,,9,switch,"Charger 9 (fid=15) not available, trying Charger 0 (fid=1)",1224.8689851131892,0,,
Car 201,103.0,32,16,,,done,done charging,1225.0,,,11.098255718787485
Car 910,,,,38,,arrived,arrived,1226.0,,,
Car 1504,,,,62,,arrived,arrived,1226.0,,,
Car 669,,,,,24,switch,"Charger 24 (fid=51) not available, trying Charger 28 (fid=75)",1226.0,28,,
Car 1355,,,,,7,switch,"Charger 7 (fid=47) not available, trying Charger 4 (fid=17)",1226.8189218444047,4,,
Car 699,,,,,0,switch,"Charger 0 (fid=1) not available, trying Charger 28 (fid=75)",1226.9053611395047,28,,
Car 733,,,,37,,arrived,arrived,1227.0,,,
Car 291,89.0,23,14,,,done,done charging,1227.0,,,18.500904031961415
Car 1282,,,,,11,switch,"Charger 11 (fid=66) not available, trying Charger 26 (fid=65)",1227.0,26,,
Car 669,,75,28,,,start_charge,starting to charge at Charger 28 (fid=75),1227.3688292076313,,5.0,
Car 864,,,,,2,switch,"Charger 2 (fid=17) not available, trying Charger 15 (fid=6)",1227.405734361789,15,,
Car 239,,,,,4,switch,"Charger 4 (fid=17) not available, trying Charger 7 (fid=47)",1227.6056414532113,7,,
Car 1505,105.0,33,8,,,done,done charging,1228.0,,,40.85266779540837
Car 28,,,,,24,switch,"Charger 24 (fid=51) not available, trying Charger 5 (fid=3)",1228.4485408552343,5,,
Car 448,,,,,12,switch,"Charger 12 (fid=67) not available, trying Charger 6 (fid=24)",1228.562504544106,6,,
Car 1247,,,,,29,switch,"Charger 29 (fid=31) not available, trying Charger 16 (fid=32)",1228.7602353661882,16,,
Car 1247,,32,16,,,start_charge,starting to charge at Charger 16 (fid=32),1228.82219846151,,15.0,
Car 1315,55.0,17,4,,,done,done charging,1229.0,,,35.968865217030135
Car 91,,,,,26,switch,"Charger 26 (fid=65) not available, trying Charger 7 (fid=47)",1229.0,7,,
Car 1355,,17,4,,,start_charge,starting to charge at Charger 4 (fid=17),1229.0,,16.07940896362379,
Car 576,81.0,17,4,,,done,done charging,1229.0974245133018,,,144.75845650600084
Car 699,,75,28,,,start_charge,starting to charge at Charger 28 (fid=75),1229.2197734167667,,30.0,
Car 28,,3,5,,,start_charge,starting to charge at Charger 5 (fid=3),1229.2483750918104,,10.0,
Car 1377,46.0,32,16,,,done,done charging,1229.3246596089737,,,21.188406381802338
Car 1011,88.0,17,2,,,done,done charging,1229.8289111198803,,,69.04829628602889
Car 1054,,17,2,,,start_charge,starting to charge at Charger 2 (fid=17),1229.8289111198803,,28.68010496973443,
Car 1069,,,,,26,switch,"Charger 26 (fid=65) not available, trying Charger 6 (fid=24)",1229.841011496093,6,,
Car 138,,,,8,,arrived,arrived,1230.0,,,
Car 498,,,,4,,arrived,arrived,1230.0,,,
Car 1297,,,,63,,arrived,arrived,1230.0,,,
Car 67,,,,,7,switch,"Charger 7 (fid=47) not available, trying Charger 4 (fid=17)",1230.6204331737172,4,,
Car 448,,24,6,,,start_charge,starting to charge at Charger 6 (fid=24),1230.98324081956,,20.0,
Car 1094,,,,48,,arrived,arrived,1231.0,,,
Car 910,,,,,7,switch,"Charger 7 (fid=47) not available, trying Charger 21 (fid=48)",1231.0,21,,
Car 1504,,,,,15,switch,"Charger 15 (fid=6) not available, trying Charger 5 (fid=3)",1231.0,5,,
Car 67,,17,4,,,start_charge,starting to charge at Charger 4 (fid=17),1231.7221023656887,,20.0,
Car 55,,,,77,,arrived,arrived,1232.0,,,
Car 733,,,,,12,switch,"Charger 12 (fid=67) not available, trying Charger 26 (fid=65)",1232.0,26,,
Car 85,,,,,0,switch,"Charger 0 (fid=1) not available, trying Charger 2 (fid=17)",1232.0221347335098,2,,
Car 1069,,24,6,,,start_charge,starting to charge at Charger 6 (fid=24),1232.607835308546,,15.0,
Car 864,,,,,15,switch,"Charger 15 (fid=6) not available, trying Charger 12 (fid=67)",1233.2346454816693,12,,
Car 239,,,,,7,switch,"Charger 7 (fid=47) not available, trying Charger 27 (fid=72)",1233.7073106451828,27,,
Car 755,120.0,48,21,,,done,done charging,1233.8909948029177,,,196.22968229346202
Car 1094,,48,21,,,start_charge,starting to charge at Charger 21 (fid=48),1233.8909948029177,,2.890994802917703,
Car 1229,,,,15,,arrived,arrived,1234.0,,,
Car 1282,,,,,26,switch,"Charger 26 (fid=65) not available, trying Charger 12 (fid=67)",1234.3399643928494,12,,
Car 255,,,,9,,arrived,arrived,1235.0,,,
Car 441,,,,9,,arrived,arrived,1235.0,,,
Car 846,,,,61,,arrived,arrived,1235.0,,,
Car 138,,,,,26,switch,"Charger 26 (fid=65) not available, trying Charger 11 (fid=66)",1235.0,11,,
Car 498,,,,,15,switch,"Charger 15 (fid=6) not available, trying Charger 0 (fid=1)",1235.0,0,,
Car 1297,,,,,26,switch,"Charger 26 (fid=65) not available, trying Charger 7 (fid=47)",1235.0,7,,
Car 642,72.0,48,21,,,done,done charging,1235.4853130291847,,,40.42657533108959
Car 910,,48,21,,,start_charge,starting to charge at Charger 21 (fid=48),1235.4853130291847,,9.0,
Car 384,58.0,47,7,,,done,done charging,1235.6204331737172,,,258.7885317725439
Car 91,,47,7,,,start_charge,starting to charge at Charger 7 (fid=47),1235.6204331737172,,9.401210807247253,
Car 766,,,,2,,arrived,arrived,1236.0,,,
Car 1155,,,,84,,arrived,arrived,1236.0,,,
Car 1312,118.0,7,1,,,done,done charging,1236.0,,,54.86803450095119
Car 766,,7,1,,,start_charge,starting to charge at Charger 1 (fid=7),1236.0,,0.0,
Car 1155,,85,19,,,start_charge,starting to charge at Charger 19 (fid=85),1236.0,,0.0,
Car 1235,53.0,33,8,,,done,done charging,1236.1584634185683,,,136.07517852277627
Car 1161,,,,80,,arrived,arrived,1237.0,,,
Car 1223,,,,31,,arrived,arrived,1237.0,,,
Car 1500,111.0,23,14,,,done,done charging,1237.0,,,108.90468805795132
Car 55,,,,,24,switch,"Charger 24 (fid=51) not available, trying Charger 5 (fid=3)",1237.0,5,,
Car 1214,,,,30,,arrived,arrived,1238.0,,,
Car 1050,116.0,72,27,,,done,done charging,1238.0,,,0.0
Car 1090,82.0,67,12,,,done,done charging,1238.0,,,182.91288948569206
Car 1214,,33,8,,,start_charge,starting to charge at Charger 8 (fid=33),1238.0,,0.0,
Car 239,,72,27,,,start_charge,starting to charge at Charger 27 (fid=72),1238.0,,16.438492472030475,
Car 864,,67,12,,,start_charge,starting to charge at Charger 12 (fid=67),1238.0,,27.104050792145927,
Car 1504,,,,,5,switch,"Charger 5 (fid=3) not available, trying Charger 2 (fid=17)",1238.8838510911569,2,,
Car 1229,,,,,9,switch,"Charger 9 (fid=15) not available, trying Charger 2 (fid=17)",1239.0,2,,
Car 85,,,,,2,switch,"Charger 2 (fid=17) not available, trying Charger 17 (fid=21)",1239.1911789176359,17,,
Car 733,,,,,26,switch,"Charger 26 (fid=65) not available, trying Charger 7 (fid=47)",1239.5996994779348,7,,
Car 51,,,,73,,arrived,arrived,1240.0,,,
Car 909,,,,11,,arrived,arrived,1240.0,,,
Car 1253,118.0,1,0,,,done,done charging,1240.0,,,0.0
Car 255,,,,,11,switch,"Charger 11 (fid=66) not available, trying Charger 26 (fid=65)",1240.0,26,,
Car 441,,,,,11,switch,"Charger 11 (fid=66) not available, trying Charger 26 (fid=65)",1240.0,26,,
Car 846,,,,,11,switch,"Charger 11 (fid=66) not available, trying Charger 5 (fid=3)",1240.0,5,,
Car 498,,1,0,,,start_charge,starting to charge at Charger 0 (fid=1),1240.0,,8.64859329762362,
Car 529,,,,37,,arrived,arrived,1241.0,,,
Car 1319,,,,4,,arrived,arrived,1241.0,,,
Car 1282,,,,,12,switch,"Charger 12 (fid=67) not available, trying Charger 7 (fid=47)",1241.9396638707842,7,,
Car 780,,,,17,,arrived,arrived,1242.0,,,
Car 1049,,,,47,,arrived,arrived,1242.0,,,
Car 1171,,,,4,,arrived,arrived,1242.0,,,
Car 1013,72.0,51,24,,,done,done charging,1242.0,,,163.6678377812614
Car 1161,,,,,9,switch,"Charger 9 (fid=15) not available, trying Charger 15 (fid=6)",1242.0,15,,
Car 1223,,,,,29,switch,"Charger 29 (fid=31) not available, trying Charger 16 (fid=32)",1242.0,16,,
Car 85,,21,17,,,start_charge,starting to charge at Charger 17 (fid=21),1242.0219777800376,,20.0,
Car 1223,,32,16,,,start_charge,starting to charge at Charger 16 (fid=32),1242.0619630953217,,5.0,
Car 1297,,,,,7,switch,"Charger 7 (fid=47) not available, trying Charger 11 (fid=66)",1242.21922236647,11,,
Car 138,,,,,11,switch,"Charger 11 (fid=66) not available, trying Charger 12 (fid=67)",1242.3399643928494,12,,
Car 1309,45.0,19,3,,,done,done charging,1242.5089558287261,,,16.0105391851831
Car 55,,,,,5,switch,"Charger 5 (fid=3) not available, trying Charger 15 (fid=6)",1242.799834236576,15,,
Car 1278,115.0,23,25,,,done,done charging,1243.0,,,0.0
Car 898,71.0,72,27,,,done,done charging,1244.0,,,47.10763714089415
Car 1229,,,,,2,switch,"Charger 2 (fid=17) not available, trying Charger 16 (fid=32)",1244.2536541789354,16,,
Car 587,101.0,72,27,,,done,done charging,1244.5615075279695,,,124.7449864162683
Car 305,,,,54,,arrived,arrived,1245.0,,,
Car 1468,,,,55,,arrived,arrived,1245.0,,,
Car 423,109.0,72,27,,,done,done charging,1245.0,,,84.84242495942729
Car 35,80.0,23,14,,,done,done charging,1245.0,,,18.500904031961415
Car 51,,,,,26,switch,"Charger 26 (fid=65) not available, trying Charger 12 (fid=67)",1245.0,12,,
Car 909,,,,,2,switch,"Charger 2 (fid=17) not available, trying Charger 15 (fid=6)",1245.0,15,,
Car 1468,,72,27,,,start_charge,starting to charge at Charger 27 (fid=72),1245.0,,0.0,
Car 12,,,,76,,arrived,arrived,1246.0,,,
Car 139,,,,73,,arrived,arrived,1246.0,,,
Car 1337,,,,16,,arrived,arrived,1246.0,,,
Car 234,77.0,65,26,,,done,done charging,1246.0,,,101.74924339766292
Car 529,,,,,12,switch,"Charger 12 (fid=67) not available, trying Charger 26 (fid=65)",1246.0,26,,
Car 1319,,,,,26,switch,"Charger 26 (fid=65) not available, trying Charger 7 (fid=47)",1246.0,7,,
Car 12,,85,19,,,start_charge,starting to charge at Charger 19 (fid=85),1246.0,,0.0,
Car 370,87.0,32,16,,,done,done charging,1246.576443027031,,,37.40158266704373
Car 1229,,32,16,,,start_charge,starting to charge at Charger 16 (fid=32),1246.576443027031,,11.766736539958401,
Car 733,,,,,7,switch,"Charger 7 (fid=47) not available, trying Charger 4 (fid=17)",1246.8189218444047,4,,
Car 324,,,,73,,arrived,arrived,1247.0,,,
Car 404,,,,66,,arrived,arrived,1247.0,,,
Car 63,114.0,7,1,,,done,done charging,1247.0,,,54.86803450095119
Car 780,,,,,2,switch,"Charger 2 (fid=17) not available, trying Charger 9 (fid=15)",1247.0,9,,
Car 1049,,,,,7,switch,"Charger 7 (fid=47) not available, trying Charger 21 (fid=48)",1247.0,21,,
Car 1171,,,,,15,switch,"Charger 15 (fid=6) not available, trying Charger 0 (fid=1)",1247.0,0,,
Car 255,,,,,26,switch,"Charger 26 (fid=65) not available, trying Charger 5 (fid=3)",1247.3399643928494,5,,
Car 441,,,,,26,switch,"Charger 26 (fid=65) not available, trying Charger 5 (fid=3)",1247.3399643928494,5,,
Car 1504,,,,,2,switch,"Charger 2 (fid=17) not available, trying Charger 11 (fid=66)",1247.3532983932625,11,,
Car 846,,,,,5,switch,"Charger 5 (fid=3) not available, trying Charger 24 (fid=51)",1247.659030743688,24,,
Car 1161,,,,,15,switch,"Charger 15 (fid=6) not available, trying Charger 2 (fid=17)",1247.8689851131892,2,,
Car 504,,,,68,,arrived,arrived,1248.0,,,
Car 1282,,,,,7,switch,"Charger 7 (fid=47) not available, trying Charger 2 (fid=17)",1248.3175538346047,2,,
Car 846,,51,24,,,start_charge,starting to charge at Charger 24 (fid=51),1248.458864980264,,10.0,
Car 778,,,,4,,arrived,arrived,1249.0,,,
Car 966,,,,45,,arrived,arrived,1250.0,,,
Car 305,,,,,12,switch,"Charger 12 (fid=67) not available, trying Charger 27 (fid=72)",1250.0,27,,
Car 717,113.0,17,2,,,done,done charging,1250.5362967479646,,,259.806192174072
Car 1337,,17,2,,,start_charge,starting to charge at Charger 2 (fid=17),1250.5362967479646,,4.53629674796457,
Car 55,,,,,15,switch,"Charger 15 (fid=6) not available, trying Charger 0 (fid=1)",1250.683685327733,0,,
Car 909,,,,,15,switch,"Charger 15 (fid=6) not available, trying Charger 9 (fid=15)",1250.8289111198803,9,,
Car 941,,,,60,,arrived,arrived,1251.0,,,
Car 1311,,,,37,,arrived,arrived,1251.0,,,
Car 1488,,,,23,,arrived,arrived,1251.0,,,
Car 561,74.0,6,15,,,done,done charging,1251.0,,,130.04592452284498
Car 139,,,,,26,switch,"Charger 26 (fid=65) not available, trying Charger 12 (fid=67)",1251.0,12,,
Car 1488,,23,14,,,start_charge,starting to charge at Charger 14 (fid=23),1251.0,,0.0,
Car 966,,6,15,,,start_charge,starting to charge at Charger 15 (fid=6),1251.0,,1.0,
Car 138,,,,,12,switch,"Charger 12 (fid=67) not available, trying Charger 7 (fid=47)",1251.170431393877,7,,
Car 1297,,,,,11,switch,"Charger 11 (fid=66) not available, trying Charger 12 (fid=67)",1251.4094890612248,12,,
Car 305,,72,27,,,start_charge,starting to charge at Charger 27 (fid=72),1251.4975388525363,,5.0,
Car 324,,,,,26,switch,"Charger 26 (fid=65) not available, trying Charger 12 (fid=67)",1252.0,12,,
Car 404,,,,,11,switch,"Charger 11 (fid=66) not available, trying Charger 26 (fid=65)",1252.0,26,,
Car 559,49.0,21,20,,,done,done charging,1252.129570492675,,,10.793222039816854
Car 780,,,,,9,switch,"Charger 9 (fid=15) not available, trying Charger 16 (fid=32)",1252.2536541789354,16,,
Car 1049,,,,,21,switch,"Charger 21 (fid=48) not available, trying Charger 13 (fid=26)",1252.4853130291847,13,,
Car 51,,,,,12,switch,"Charger 12 (fid=67) not available, trying Charger 11 (fid=66)",1252.5996994779348,11,,
Car 733,,,,,4,switch,"Charger 4 (fid=17) not available, trying Charger 21 (fid=48)",1252.9205910363762,21,,
Car 662,97.0,85,19,,,done,done charging,1253.0,,,18.18884166187431
Car 504,,,,,10,switch,"Charger 10 (fid=70) not available, trying Charger 3 (fid=19)",1253.0,3,,
Car 1049,,26,13,,,start_charge,starting to charge at Charger 13 (fid=26),1253.0452247871442,,10.0,
Car 520,103.0,32,16,,,done,done charging,1253.0619630953217,,,5.161525840301837
Car 780,,32,16,,,start_charge,starting to charge at Charger 16 (fid=32),1253.0619630953217,,10.394211632855104,
Car 1319,,,,,7,switch,"Charger 7 (fid=47) not available, trying Charger 21 (fid=48)",1253.21922236647,21,,
Car 434,70.0,6,15,,,done,done charging,1253.2346454816693,,,240.17846497972496
Car 941,,6,15,,,start_charge,starting to charge at Charger 15 (fid=6),1253.2346454816693,,2.234645481669304,
Car 504,,19,3,,,start_charge,starting to charge at Charger 3 (fid=19),1253.2564304242967,,5.0,
Car 1171,,,,,0,switch,"Charger 0 (fid=1) not available, trying Charger 24 (fid=51)",1253.3514067023764,24,,
Car 529,,,,,26,switch,"Charger 26 (fid=65) not available, trying Charger 7 (fid=47)",1253.5996994779348,7,,
Car 1161,,,,,2,switch,"Charger 2 (fid=17) not available, trying Charger 16 (fid=32)",1253.6978962330695,16,,
Car 845,,,,5,,arrived,arrived,1254.0,,,
Car 932,,,,115,,arrived,arrived,1254.0,,,
Car 1068,111.0,17,2,,,done,done charging,1254.0,,,0.0
Car 778,,,,,26,switch,"Charger 26 (fid=65) not available, trying Charger 7 (fid=47)",1254.0,7,,
Car 932,,115,22,,,start_charge,starting to charge at Charger 22 (fid=115),1254.0,,0.0,
Car 1282,,17,2,,,start_charge,starting to charge at Charger 2 (fid=17),1254.0,,22.46370325203543,
Car 881,65.0,48,21,,,done,done charging,1255.0,,,196.0382332607512
Car 1319,,48,21,,,start_charge,starting to charge at Charger 21 (fid=48),1255.0,,11.295464604345398,
Car 1311,,,,,12,switch,"Charger 12 (fid=67) not available, trying Charger 26 (fid=65)",1256.0,26,,
Car 1504,,,,,11,switch,"Charger 11 (fid=66) not available, trying Charger 24 (fid=51)",1256.0681806972439,24,,
Car 1086,118.0,48,21,,,done,done charging,1256.445220914259,,,174.76878454974607
Car 733,,48,21,,,start_charge,starting to charge at Charger 21 (fid=48),1256.445220914259,,22.0,
Car 1304,69.0,24,6,,,done,done charging,1256.607835308546,,,131.0315105385076
Car 909,,,,,9,switch,"Charger 9 (fid=15) not available, trying Charger 29 (fid=31)",1256.6978962330695,29,,
Car 255,,,,,5,switch,"Charger 5 (fid=3) not available, trying Charger 2 (fid=17)",1256.9362870596833,2,,
Car 441,,,,,5,switch,"Charger 5 (fid=3) not available, trying Charger 2 (fid=17)",1256.9362870596833,2,,
Car 55,,,,,0,switch,"Charger 0 (fid=1) not available, trying Charger 2 (fid=17)",1257.0350920301094,2,,
Car 138,,,,,7,switch,"Charger 7 (fid=47) not available, trying Charger 4 (fid=17)",1257.5483213576974,4,,
Car 1127,,,,17,,arrived,arrived,1258.0,,,
Car 990,56.0,15,9,,,done,done charging,1258.0400161983628,,,177.0549415859365
Car 139,,,,,12,switch,"Charger 12 (fid=67) not available, trying Charger 11 (fid=66)",1258.5996994779348,11,,
Car 927,,,,32,,arrived,arrived,1259.0,,,
Car 1191,,,,7,,arrived,arrived,1259.0,,,
Car 1306,,,,14,,arrived,arrived,1259.0,,,
Car 698,74.0,24,6,,,done,done charging,1259.0,,,0.0
Car 845,,,,,7,switch,"Charger 7 (fid=47) not available, trying Charger 21 (fid=48)",1259.0,21,,
Car 1191,,7,1,,,start_charge,starting to charge at Charger 1 (fid=7),1259.0,,0.0,
Car 1161,,,,,16,switch,"Charger 16 (fid=32) not available, trying Charger 14 (fid=23)",1259.2539485412067,14,,
Car 404,,,,,26,switch,"Charger 26 (fid=65) not available, trying Charger 5 (fid=3)",1259.3399643928494,5,,
Car 324,,,,,12,switch,"Charger 12 (fid=67) not available, trying Charger 11 (fid=66)",1259.5996994779348,11,,
Car 1161,,23,14,,,start_charge,starting to charge at Charger 14 (fid=23),1259.8303915682377,,20.0,
Car 338,,,,83,,arrived,arrived,1260.0,,,
Car 1167,,,,37,,arrived,arrived,1260.0,,,
Car 338,,85,19,,,start_charge,starting to charge at Charger 19 (fid=85),1260.0,,0.0,
Car 1171,,,,,24,switch,"Charger 24 (fid=51) not available, trying Charger 2 (fid=17)",1260.1963518382738,2,,
Car 1297,,,,,12,switch,"Charger 12 (fid=67) not available, trying Charger 21 (fid=48)",1260.2399560622523,21,,
Car 529,,,,,7,switch,"Charger 7 (fid=47) not available, trying Charger 4 (fid=17)",1260.8189218444047,4,,
Car 399,89.0,31,29,,,done,done charging,1261.0,,,16.044241334509135
Car 909,,31,29,,,start_charge,starting to charge at Charger 29 (fid=31),1261.0,,18.83836564041553,
Car 778,,,,,7,switch,"Charger 7 (fid=47) not available, trying Charger 21 (fid=48)",1261.21922236647,21,,
Car 51,,,,,11,switch,"Charger 11 (fid=66) not available, trying Charger 7 (fid=47)",1261.4301664789623,7,,
Car 334,50.0,51,24,,,done,done charging,1261.458864980264,,,163.6678377812614
Car 1504,,51,24,,,start_charge,starting to charge at Charger 24 (fid=51),1261.458864980264,,22.124997767326704,
Car 14,,,,12,,arrived,arrived,1262.0,,,
Car 1263,,,,37,,arrived,arrived,1262.0,,,
Car 14,,21,17,,,start_charge,starting to charge at Charger 17 (fid=21),1262.0,,0.0,
Car 379,,,,37,,arrived,arrived,1263.0,,,
Car 1119,105.0,6,15,,,done,done charging,1263.0,,,130.04592452284498
Car 1127,,,,,2,switch,"Charger 2 (fid=17) not available, trying Charger 9 (fid=15)",1263.0,9,,
Car 1127,,15,9,,,start_charge,starting to charge at Charger 9 (fid=15),1263.2536541789354,,5.0,
Car 1311,,,,,26,switch,"Charger 26 (fid=65) not available, trying Charger 7 (fid=47)",1263.5996994779348,7,,
Car 138,,,,,4,switch,"Charger 4 (fid=17) not available, trying Charger 21 (fid=48)",1263.649990549669,21,,
Car 1197,90.0,17,4,,,done,done charging,1264.0,,,76.76344030853062
Car 927,,,,,16,switch,"Charger 16 (fid=32) not available, trying Charger 29 (fid=31)",1264.0,29,,
Car 1306,,,,,29,switch,"Charger 29 (fid=31) not available, trying Charger 16 (fid=32)",1264.0,16,,
Car 529,,17,4,,,start_charge,starting to charge at Charger 4 (fid=17),1264.0,,17.07940896362379,
Car 55,,,,,2,switch,"Charger 2 (fid=17) not available, trying Charger 1 (fid=7)",1264.2041362142354,1,,
Car 845,,,,,21,switch,"Charger 21 (fid=48) not available, trying Charger 26 (fid=65)",1264.4853130291847,26,,
Car 1167,,,,,12,switch,"Charger 12 (fid=67) not available, trying Charger 26 (fid=65)",1265.0,26,,
Car 1362,92.0,1,0,,,done,done charging,1265.0350920301094,,,129.11660621313655
Car 255,,,,,2,switch,"Charger 2 (fid=17) not available, trying Charger 15 (fid=6)",1265.405734361789,15,,
Car 441,,,,,2,switch,"Charger 2 (fid=17) not available, trying Charger 15 (fid=6)",1265.405734361789,15,,
Car 356,63.0,58,18,,,done,done charging,1266.0,,,0.0
Car 255,,6,15,,,start_charge,starting to charge at Charger 15 (fid=6),1266.2346454816693,,20.0,
Car 778,,,,,21,switch,"Charger 21 (fid=48) not available, trying Charger 12 (fid=67)",1266.7045353956546,12,,
Car 1145,,,,5,,arrived,arrived,1267.0,,,
Car 278,65.0,89,23,,,done,done charging,1267.0,,,0.0
Car 1263,,,,,12,switch,"Charger 12 (fid=67) not available, trying Charger 26 (fid=65)",1267.0,26,,
Car 1145,,58,18,,,start_charge,starting to charge at Charger 18 (fid=58),1267.0,,0.0,
Car 1297,,,,,21,switch,"Charger 21 (fid=48) not available, trying Charger 4 (fid=17)",1267.0979252107038,4,,
Car 55,,7,1,,,start_charge,starting to charge at Charger 1 (fid=7),1267.3150845396879,,25.0,
Car 139,,,,,11,switch,"Charger 11 (fid=66) not available, trying Charger 7 (fid=47)",1267.4301664789623,7,,
Car 1452,,,,31,,arrived,arrived,1268.0,,,
Car 141,69.0,31,29,,,done,done charging,1268.0,,,16.18224474539421
Car 379,,,,,12,switch,"Charger 12 (fid=67) not available, trying Charger 26 (fid=65)",1268.0,26,,
Car 927,,31,29,,,start_charge,starting to charge at Charger 29 (fid=31),1268.0,,8.938036904678256,
Car 1451,110.0,3,5,,,done,done charging,1268.2483750918104,,,132.863055771727
Car 404,,3,5,,,start_charge,starting to charge at Charger 5 (fid=3),1268.2483750918104,,14.312088032127122,
Car 1171,,,,,2,switch,"Charger 2 (fid=17) not available, trying Charger 9 (fid=15)",1268.3525777550506,9,,
Car 324,,,,,11,switch,"Charger 11 (fid=66) not available, trying Charger 7 (fid=47)",1268.4301664789623,7,,
Car 236,,,,124,,arrived,arrived,1269.0,,,
Car 236,,115,22,,,start_charge,starting to charge at Charger 22 (fid=115),1269.0,,0.0,
Car 1306,,,,,16,switch,"Charger 16 (fid=32) not available, trying Charger 2 (fid=17)",1269.0619630953217,2,,
Car 1096,46.0,70,10,,,done,done charging,1270.126540502722,,,52.91910075765818
Car 889,112.0,21,20,,,done,done charging,1270.129570492675,,,35.78834349338002
Car 138,,,,,21,switch,"Charger 21 (fid=48) not available, trying Charger 2 (fid=17)",1270.1746204275516,2,,
Car 51,,,,,7,switch,"Charger 7 (fid=47) not available, trying Charger 4 (fid=17)",1270.6204331737172,4,,
Car 1311,,,,,7,switch,"Charger 7 (fid=47) not available, trying Charger 4 (fid=17)",1270.8189218444047,4,,
Car 638,82.0,26,13,,,done,done charging,1271.1295873101028,,,195.95014002801443
Car 441,,,,,15,switch,"Charger 15 (fid=6) not available, trying Charger 12 (fid=67)",1271.2346454816693,12,,
Car 845,,,,,26,switch,"Charger 26 (fid=65) not available, trying Charger 6 (fid=24)",1271.841011496093,6,,
Car 222,,,,61,,arrived,arrived,1272.0,,,
Car 433,,,,117,,arrived,arrived,1272.0,,,
Car 433,,21,17,,,start_charge,starting to charge at Charger 17 (fid=21),1272.0,,0.0,
Car 1429,108.0,15,9,,,done,done charging,1272.479133012031,,,111.77356722414558
Car 1171,,15,9,,,start_charge,starting to charge at Charger 9 (fid=15),1272.479133012031,,23.87290107804506,
Car 1167,,,,,26,switch,"Charger 26 (fid=65) not available, trying Charger 7 (fid=47)",1272.5996994779348,7,,
Car 50,,,,34,,arrived,arrived,1273.0,,,
Car 462,87.0,51,24,,,done,done charging,1273.0,,,0.0
Car 1452,,,,,29,switch,"Charger 29 (fid=31) not available, trying Charger 16 (fid=32)",1273.0,16,,
Car 50,,33,8,,,start_charge,starting to charge at Charger 8 (fid=33),1273.0,,0.0,
Car 778,,,,,12,switch,"Charger 12 (fid=67) not available, trying Charger 6 (fid=24)",1273.562504544106,6,,
Car 1297,,,,,4,switch,"Charger 4 (fid=17) not available, trying Charger 13 (fid=26)",1273.6225550885865,13,,
Car 1118,,,,8,,arrived,arrived,1274.0,,,
Car 597,106.0,21,20,,,done,done charging,1274.0,,,0.0
Car 1263,,,,,26,switch,"Charger 26 (fid=65) not available, trying Charger 7 (fid=47)",1274.5996994779348,7,,
Car 845,,24,6,,,start_charge,starting to charge at Charger 6 (fid=24),1274.607835308546,,15.0,
Car 1306,,,,,2,switch,"Charger 2 (fid=17) not available, trying Charger 27 (fid=72)",1274.618015403459,27,,
Car 811,51.0,70,10,,,done,done charging,1274.8568357952106,,,35.19412583087922
Car 1297,,26,13,,,start_charge,starting to charge at Charger 13 (fid=26),1274.917909519285,,30.0,
Car 613,,,,38,,arrived,arrived,1275.0,,,
Car 818,,,,47,,arrived,arrived,1275.0,,,
Car 1306,,72,27,,,start_charge,starting to charge at Charger 27 (fid=72),1275.4582311620295,,15.0,
Car 379,,,,,26,switch,"Charger 26 (fid=65) not available, trying Charger 7 (fid=47)",1275.5996994779348,7,,
Car 778,,24,6,,,start_charge,starting to charge at Charger 6 (fid=24),1275.98324081956,,20.0,
Car 950,,,,85,,arrived,arrived,1276.0,,,
Car 950,,85,19,,,start_charge,starting to charge at Charger 19 (fid=85),1276.0,,0.0,
Car 139,,,,,7,switch,"Charger 7 (fid=47) not available, trying Charger 4 (fid=17)",1276.6204331737172,4,,
Car 51,,,,,4,switch,"Charger 4 (fid=17) not available, trying Charger 2 (fid=17)",1276.7221023656887,2,,
Car 1311,,,,,4,switch,"Charger 4 (fid=17) not available, trying Charger 21 (fid=48)",1276.9205910363762,21,,
Car 274,,,,39,,arrived,arrived,1277.0,,,
Car 262,115.0,23,14,,,done,done charging,1277.0,,,34.352079209258335
Car 26,98.0,70,10,,,done,done charging,1277.0,,,0.0
Car 1367,76.0,7,1,,,done,done charging,1277.0,,,0.0
Car 222,,,,,11,switch,"Charger 11 (fid=66) not available, trying Charger 5 (fid=3)",1277.0,5,,
Car 499,54.0,31,29,,,done,done charging,1277.4863337099748,,,194.4978507156341
Car 627,69.0,24,6,,,done,done charging,1277.607835308546,,,131.0315105385076
Car 324,,,,,7,switch,"Charger 7 (fid=47) not available, trying Charger 4 (fid=17)",1277.6204331737172,4,,
Car 458,61.0,3,5,,,done,done charging,1277.799834236576,,,158.98721317452672
Car 274,,3,5,,,start_charge,starting to charge at Charger 5 (fid=3),1277.799834236576,,0.7998342365760891,
Car 1108,,,,5,,arrived,arrived,1278.0,,,
Car 1242,69.0,15,9,,,done,done charging,1278.0,,,28.850520983198756
Car 1108,,58,18,,,start_charge,starting to charge at Charger 18 (fid=58),1278.0,,0.0,
Car 1452,,,,,16,switch,"Charger 16 (fid=32) not available, trying Charger 27 (fid=72)",1278.0619630953217,27,,
Car 699,49.0,75,28,,,done,done charging,1278.2197734167667,,,271.5537218636337
Car 903,57.0,47,7,,,done,done charging,1278.8189218444047,,,140.18407333216967
Car 1167,,47,7,,,start_charge,starting to charge at Charger 7 (fid=47),1278.8189218444047,,14.0,
Car 138,,,,,2,switch,"Charger 2 (fid=17) not available, trying Charger 13 (fid=26)",1278.8782056634386,13,,
Car 441,,,,,12,switch,"Charger 12 (fid=67) not available, trying Charger 24 (fid=51)",1278.895949207854,24,,
Car 1411,66.0,1,0,,,done,done charging,1278.9452241234303,,,103.04602253846483
Car 516,120.0,19,3,,,done,done charging,1278.973442689243,,,99.88276184607984
Car 245,,,,15,,arrived,arrived,1279.0,,,
Car 1345,,,,89,,arrived,arrived,1279.0,,,
Car 1486,,,,72,,arrived,arrived,1279.0,,,
Car 1118,,,,,26,switch,"Charger 26 (fid=65) not available, trying Charger 11 (fid=66)",1279.0,11,,
Car 245,,75,28,,,start_charge,starting to charge at Charger 28 (fid=75),1279.0,,0.0,
Car 1345,,89,23,,,start_charge,starting to charge at Charger 23 (fid=89),1279.0,,0.0,
Car 16,,,,75,,arrived,arrived,1280.0,,,
Car 613,,,,,7,switch,"Charger 7 (fid=47) not available, trying Charger 21 (fid=48)",1280.0,21,,
Car 818,,,,,7,switch,"Charger 7 (fid=47) not available, trying Charger 21 (fid=48)",1280.0,21,,
Car 53,84.0,6,15,,,done,done charging,1281.0,,,130.04592452284498
Car 669,54.0,75,28,,,done,done charging,1281.3688292076313,,,66.73637383016752
Car 16,,75,28,,,start_charge,starting to charge at Charger 28 (fid=75),1281.3688292076313,,1.3688292076312791,
Car 1263,,,,,7,switch,"Charger 7 (fid=47) not available, trying Charger 4 (fid=17)",1281.8189218444047,4,,
Car 493,,,,30,,arrived,arrived,1282.0,,,
Car 493,,31,29,,,start_charge,starting to charge at Charger 29 (fid=31),1282.0,,0.0,
Car 138,,26,13,,,start_charge,starting to charge at Charger 13 (fid=26),1282.5065043790396,,35.0,
Car 139,,,,,4,switch,"Charger 4 (fid=17) not available, trying Charger 2 (fid=17)",1282.7221023656887,2,,
Car 379,,,,,7,switch,"Charger 7 (fid=47) not available, trying Charger 4 (fid=17)",1282.8189218444047,4,,
Car 424,,,,118,,arrived,arrived,1283.0,,,
Car 761,,,,68,,arrived,arrived,1283.0,,,
Car 761,,70,10,,,start_charge,starting to charge at Charger 10 (fid=70),1283.0,,0.0,
Car 1452,,,,,27,switch,"Charger 27 (fid=72) not available, trying Charger 10 (fid=70)",1283.3733478890897,10,,
Car 1311,,,,,21,switch,"Charger 21 (fid=48) not available, trying Charger 2 (fid=17)",1283.445220914259,2,,
Car 1452,,70,10,,,start_charge,starting to charge at Charger 10 (fid=70),1283.4998883918117,,15.0,
Car 441,,51,24,,,start_charge,starting to charge at Charger 24 (fid=51),1283.560137623014,,30.0,
Car 324,,,,,4,switch,"Charger 4 (fid=17) not available, trying Charger 2 (fid=17)",1283.7221023656887,2,,
Car 467,90.0,1,0,,,done,done charging,1283.8868665780421,,,162.14671048157606
Car 801,,,,75,,arrived,arrived,1284.0,,,
Car 665,71.0,66,11,,,done,done charging,1284.0,,,108.42953806045905
Car 1486,,,,,27,switch,"Charger 27 (fid=72) not available, trying Charger 10 (fid=70)",1284.0,10,,
Car 1118,,66,11,,,start_charge,starting to charge at Charger 11 (fid=66),1284.0,,7.660035607150576,
Car 51,,,,,2,switch,"Charger 2 (fid=17) not available, trying Charger 9 (fid=15)",1284.0849058273332,9,,
Car 1486,,70,10,,,start_charge,starting to charge at Charger 10 (fid=70),1284.126540502722,,5.0,
Car 51,,15,9,,,start_charge,starting to charge at Charger 9 (fid=15),1284.3385600062686,,30.0,
Car 222,,,,,5,switch,"Charger 5 (fid=3) not available, trying Charger 24 (fid=51)",1284.659030743688,24,,
Car 366,104.0,47,7,,,done,done charging,1284.8189218444047,,,141.2437299493071
Car 613,,,,,21,switch,"Charger 21 (fid=48) not available, trying Charger 26 (fid=65)",1285.4853130291847,26,,
Car 818,,,,,21,switch,"Charger 21 (fid=48) not available, trying Charger 13 (fid=26)",1285.4853130291847,13,,
Car 317,,,,4,,arrived,arrived,1286.0,,,
Car 588,103.0,1,0,,,done,done charging,1286.0,,,0.0
Car 818,,26,13,,,start_charge,starting to charge at Charger 13 (fid=26),1286.0452247871442,,10.0,
Car 1230,70.0,66,11,,,done,done charging,1286.4094890612248,,,166.61423346465116
Car 1069,54.0,24,6,,,done,done charging,1286.607835308546,,,134.55516246137196
Car 1035,85.0,31,29,,,done,done charging,1286.7602353661882,,,16.044241334509135
Car 1094,53.0,48,21,,,done,done charging,1286.8909948029177,,,0.0
Car 1426,,,,8,,arrived,arrived,1287.0,,,
Car 1170,74.0,17,2,,,done,done charging,1287.148806150146,,,186.2728267085428
Car 139,,17,2,,,start_charge,starting to charge at Charger 2 (fid=17),1287.148806150146,,27.063900322812742,
Car 1263,,,,,4,switch,"Charger 4 (fid=17) not available, trying Charger 21 (fid=48)",1287.9205910363762,21,,
Car 1091,76.0,33,8,,,done,done charging,1288.0,,,0.0
Car 239,50.0,72,27,,,done,done charging,1288.0,,,124.7449864162683
Car 424,,,,,17,switch,"Charger 17 (fid=21) not available, trying Charger 19 (fid=85)",1288.0,19,,
Car 91,53.0,47,7,,,done,done charging,1288.6204331737172,,,175.5352111714144
Car 379,,,,,4,switch,"Charger 4 (fid=17) not available, trying Charger 21 (fid=48)",1288.9205910363762,21,,
Car 46,,,,78,,arrived,arrived,1289.0,,,
Car 357,,,,80,,arrived,arrived,1289.0,,,
Car 856,,,,26,,arrived,arrived,1289.0,,,
Car 1135,,,,4,,arrived,arrived,1289.0,,,
Car 801,,,,,28,switch,"Charger 28 (fid=75) not available, trying Charger 18 (fid=58)",1289.0,18,,
Car 1263,,48,21,,,start_charge,starting to charge at Charger 21 (fid=48),1289.445220914259,,20.0,
Car 801,,58,18,,,start_charge,starting to charge at Charger 18 (fid=58),1289.7196453243282,,5.0,
Car 824,,,,10,,arrived,arrived,1290.0,,,
Car 863,,,,30,,arrived,arrived,1290.0,,,
Car 824,,66,11,,,start_charge,starting to charge at Charger 11 (fid=66),1290.0,,0.0,
Car 863,,31,29,,,start_charge,starting to charge at Charger 29 (fid=31),1290.0,,0.0,
Car 222,,,,,24,switch,"Charger 24 (fid=51) not available, trying Charger 15 (fid=6)",1290.458864980264,15,,
Car 317,,,,,26,switch,"Charger 26 (fid=65) not available, trying Charger 7 (fid=47)",1291.0,7,,
Car 324,,,,,2,switch,"Charger 2 (fid=17) not available, trying Charger 9 (fid=15)",1291.0849058273332,9,,
Car 243,116.0,67,12,,,done,done charging,1291.170431393877,,,60.81908042713097
Car 1054,62.0,17,2,,,done,done charging,1291.8289111198803,,,186.2728267085428
Car 1311,,17,2,,,start_charge,starting to charge at Charger 2 (fid=17),1291.8289111198803,,29.68010496973443,
Car 123,,,,5,,arrived,arrived,1292.0,,,
Car 256,,,,63,,arrived,arrived,1292.0,,,
Car 464,,,,12,,arrived,arrived,1292.0,,,
Car 1020,,,,36,,arrived,arrived,1292.0,,,
Car 1221,,,,45,,arrived,arrived,1292.0,,,
Car 1426,,,,,26,switch,"Charger 26 (fid=65) not available, trying Charger 11 (fid=66)",1292.0,11,,
Car 123,,47,7,,,start_charge,starting to charge at Charger 7 (fid=47),1292.0,,0.0,
Car 1221,,6,15,,,start_charge,starting to charge at Charger 15 (fid=6),1292.0,,0.0,
Car 613,,,,,26,switch,"Charger 26 (fid=65) not available, trying Charger 6 (fid=24)",1292.841011496093,6,,
Car 317,,47,7,,,start_charge,starting to charge at Charger 7 (fid=47),1293.21922236647,,5.0,
Car 448,63.0,24,6,,,done,done charging,1293.98324081956,,,188.73201913033165
Car 864,56.0,67,12,,,done,done charging,1294.0,,,241.46029015348913
Car 46,,,,,26,switch,"Charger 26 (fid=65) not available, trying Charger 11 (fid=66)",1294.0,11,,
Car 357,,,,,9,switch,"Charger 9 (fid=15) not available, trying Charger 15 (fid=6)",1294.0,15,,
Car 856,,,,,13,switch,"Charger 13 (fid=26) not available, trying Charger 8 (fid=33)",1294.0,8,,
Car 1135,,,,,26,switch,"Charger 26 (fid=65) not available, trying Charger 7 (fid=47)",1294.0,7,,
Car 856,,33,8,,,start_charge,starting to charge at Charger 8 (fid=33),1294.292636772198,,5.0,
Car 78,,,,49,,arrived,arrived,1295.0,,,
Car 78,,24,6,,,start_charge,starting to charge at Charger 6 (fid=24),1295.0,,0.0,
Car 424,,,,,19,switch,"Charger 19 (fid=85) not available, trying Charger 23 (fid=89)",1295.1978261172444,23,,
Car 379,,,,,21,switch,"Charger 21 (fid=48) not available, trying Charger 2 (fid=17)",1295.445220914259,2,,
Car 424,,89,23,,,start_charge,starting to charge at Charger 23 (fid=89),1295.476641119219,,10.0,
Car 613,,24,6,,,start_charge,starting to charge at Charger 6 (fid=24),1295.607835308546,,15.0,
Car 324,,,,,9,switch,"Charger 9 (fid=15) not available, trying Charger 29 (fid=31)",1296.3385600062686,29,,
Car 408,,,,4,,arrived,arrived,1297.0,,,
Car 256,,,,,26,switch,"Charger 26 (fid=65) not available, trying Charger 7 (fid=47)",1297.0,7,,
Car 464,,,,,17,switch,"Charger 17 (fid=21) not available, trying Charger 0 (fid=1)",1297.0,0,,
Car 1020,,,,,9,switch,"Charger 9 (fid=15) not available, trying Charger 16 (fid=32)",1297.0,16,,
Car 405,117.0,26,13,,,done,done charging,1297.0780538689205,,,60.50035776753061
Car 759,108.0,33,8,,,done,done charging,1297.2391970177105,,,91.41546195804632
Car 222,,,,,15,switch,"Charger 15 (fid=6) not available, trying Charger 2 (fid=17)",1297.9074058354984,2,,
Car 303,78.0,75,28,,,done,done charging,1298.0,,,0.012206555630439934
Car 488,83.0,48,21,,,done,done charging,1298.445220914259,,,174.76878454974607
Car 464,,1,0,,,start_charge,starting to charge at Charger 0 (fid=1),1298.501413110544,,5.0,
Car 471,,,,8,,arrived,arrived,1299.0,,,
Car 1426,,,,,11,switch,"Charger 11 (fid=66) not available, trying Charger 12 (fid=67)",1299.3399643928494,12,,
Car 357,,,,,15,switch,"Charger 15 (fid=6) not available, trying Charger 2 (fid=17)",1299.8689851131892,2,,
Car 172,,,,39,,arrived,arrived,1300.0,,,
Car 1465,,,,37,,arrived,arrived,1300.0,,,
Car 1316,82.0,32,16,,,done,done charging,1300.0,,,89.63789363881364
Car 1465,,67,12,,,start_charge,starting to charge at Charger 12 (fid=67),1300.0,,0.0,
Car 1020,,32,16,,,start_charge,starting to charge at Charger 16 (fid=32),1300.0,,7.585902716468809,
Car 1214,63.0,33,8,,,done,done charging,1301.0,,,40.85266779540837
Car 498,61.0,1,0,,,done,done charging,1301.0,,,103.04602253846483
Car 1135,,,,,7,switch,"Charger 7 (fid=47) not available, trying Charger 21 (fid=48)",1301.21922236647,21,,
Car 46,,,,,11,switch,"Charger 11 (fid=66) not available, trying Charger 7 (fid=47)",1301.3399643928494,7,,
Car 846,53.0,51,24,,,done,done charging,1301.458864980264,,,163.6678377812614
Car 1135,,48,21,,,start_charge,starting to charge at Charger 21 (fid=48),1301.7045353956546,,10.0,
Car 324,,,,,29,switch,"Charger 29 (fid=31) not available, trying Charger 16 (fid=32)",1301.8022981327836,16,,
Car 1177,,,,76,,arrived,arrived,1302.0,,,
Car 408,,,,,15,switch,"Charger 15 (fid=6) not available, trying Charger 0 (fid=1)",1302.0,0,,
Car 905,,,,68,,arrived,arrived,1303.0,,,
Car 1426,,67,12,,,start_charge,starting to charge at Charger 12 (fid=67),1303.170431393877,,10.0,
Car 408,,1,0,,,start_charge,starting to charge at Charger 0 (fid=1),1303.3514067023764,,5.0,
Car 222,,,,,2,switch,"Charger 2 (fid=17) not available, trying Charger 0 (fid=1)",1303.7363169553787,0,,
Car 819,,,,14,,arrived,arrived,1304.0,,,
Car 1441,,,,17,,arrived,arrived,1304.0,,,
Car 1393,117.0,66,11,,,done,done charging,1304.0,,,145.62807570314592
Car 102,83.0,3,5,,,done,done charging,1304.0,,,132.863055771727
Car 471,,,,,26,switch,"Charger 26 (fid=65) not available, trying Charger 11 (fid=66)",1304.0,11,,
Car 172,,3,5,,,start_charge,starting to charge at Charger 5 (fid=3),1304.0,,4.0,
Car 379,,,,,2,switch,"Charger 2 (fid=17) not available, trying Charger 29 (fid=31)",1304.148806150146,29,,
Car 256,,,,,7,switch,"Charger 7 (fid=47) not available, trying Charger 11 (fid=66)",1304.21922236647,11,,
Car 645,98.0,15,9,,,done,done charging,1304.6978962330695,,,128.45432125852753
Car 347,,,,24,,arrived,arrived,1305.0,,,
Car 347,,23,14,,,start_charge,starting to charge at Charger 14 (fid=23),1305.0,,0.0,
Car 357,,,,,2,switch,"Charger 2 (fid=17) not available, trying Charger 16 (fid=32)",1305.6978962330695,16,,
Car 222,,1,0,,,start_charge,starting to charge at Charger 0 (fid=1),1305.9053611395047,,25.0,
Car 377,,,,55,,arrived,arrived,1306.0,,,
Car 377,,72,27,,,start_charge,starting to charge at Charger 27 (fid=72),1306.0,,0.0,
Car 471,,66,11,,,start_charge,starting to charge at Charger 11 (fid=66),1306.3399643928494,,5.0,
Car 324,,,,,16,switch,"Charger 16 (fid=32) not available, trying Charger 21 (fid=48)",1306.8642612281053,21,,
Car 917,,,,60,,arrived,arrived,1307.0,,,
Car 1177,,,,,19,switch,"Charger 19 (fid=85) not available, trying Charger 23 (fid=89)",1307.0,23,,
Car 1177,,89,23,,,start_charge,starting to charge at Charger 23 (fid=89),1307.2788150019746,,5.0,
Car 1259,86.0,3,5,,,done,done charging,1308.0,,,132.863055771727
Car 905,,,,,10,switch,"Charger 10 (fid=70) not available, trying Charger 3 (fid=19)",1308.0,3,,
Car 905,,19,3,,,start_charge,starting to charge at Charger 3 (fid=19),1308.2564304242967,,5.0,
Car 67,77.0,17,4,,,done,done charging,1308.7221023656887,,,195.64407842046415
Car 1441,,17,4,,,start_charge,starting to charge at Charger 4 (fid=17),1308.7221023656887,,4.72210236568867,
Car 749,89.0,15,9,,,done,done charging,1308.8689851131892,,,47.30489203027742
Car 1267,,,,26,,arrived,arrived,1309.0,,,
Car 819,,,,,29,switch,"Charger 29 (fid=31) not available, trying Charger 16 (fid=32)",1309.0,16,,
Car 1267,,26,13,,,start_charge,starting to charge at Charger 13 (fid=26),1309.0,,0.0,
Car 379,,,,,29,switch,"Charger 29 (fid=31) not available, trying Charger 27 (fid=72)",1309.734156197575,27,,
Car 1126,,,,72,,arrived,arrived,1310.0,,,
Car 150,92.0,75,28,,,done,done charging,1310.2197734167667,,,271.5537218636337
Car 733,54.0,48,21,,,done,done charging,1310.445220914259,,,174.76878454974607
Car 324,,48,21,,,start_charge,starting to charge at Charger 21 (fid=48),1310.445220914259,,45.05103969553011,
Car 46,,,,,7,switch,"Charger 7 (fid=47) not available, trying Charger 12 (fid=67)",1310.5302310876043,12,,
Car 357,,,,,16,switch,"Charger 16 (fid=32) not available, trying Charger 14 (fid=23)",1311.2539485412067,14,,
Car 357,,23,14,,,start_charge,starting to charge at Charger 14 (fid=23),1311.8303915682377,,20.0,
Car 686,,,,32,,arrived,arrived,1312.0,,,
Car 917,,,,,15,switch,"Charger 15 (fid=6) not available, trying Charger 24 (fid=51)",1312.0,24,,
Car 970,,,,28,,arrived,arrived,1313.0,,,
Car 932,59.0,115,22,,,done,done charging,1313.0,,,0.0
Car 1191,54.0,7,1,,,done,done charging,1313.0,,,0.0
Car 970,,23,14,,,start_charge,starting to charge at Charger 14 (fid=23),1313.0,,0.0,
Car 256,,,,,11,switch,"Charger 11 (fid=66) not available, trying Charger 12 (fid=67)",1313.4094890612248,12,,
Car 23,,,,60,,arrived,arrived,1314.0,,,
Car 869,,,,51,,arrived,arrived,1314.0,,,
Car 1482,95.0,21,17,,,done,done charging,1314.0,,,35.623130294799026
Car 1319,59.0,48,21,,,done,done charging,1314.0,,,152.23002986599647
Car 869,,51,24,,,start_charge,starting to charge at Charger 24 (fid=51),1314.0,,0.0,
Car 819,,,,,16,switch,"Charger 16 (fid=32) not available, trying Charger 2 (fid=17)",1314.0619630953217,2,,
Car 379,,,,,27,switch,"Charger 27 (fid=72) not available, trying Charger 13 (fid=26)",1314.996852711227,13,,
Car 501,,,,4,,arrived,arrived,1315.0,,,
Car 1310,,,,74,,arrived,arrived,1315.0,,,
Car 1126,,,,,27,switch,"Charger 27 (fid=72) not available, trying Charger 10 (fid=70)",1315.0,10,,
Car 1310,,21,17,,,start_charge,starting to charge at Charger 17 (fid=21),1315.0,,0.0,
Car 543,,,,31,,arrived,arrived,1316.0,,,
Car 736,104.0,23,25,,,done,done charging,1316.0,,,0.0
Car 46,,,,,12,switch,"Charger 12 (fid=67) not available, trying Charger 21 (fid=48)",1316.9081210514248,21,,
Car 1071,,,,24,,arrived,arrived,1317.0,,,
Car 686,,,,,16,switch,"Charger 16 (fid=32) not available, trying Charger 29 (fid=31)",1317.0,29,,
Car 966,67.0,6,15,,,done,done charging,1318.0,,,130.04592452284498
Car 23,,6,15,,,start_charge,starting to charge at Charger 15 (fid=6),1318.0,,4.0,
Car 46,,48,21,,,start_charge,starting to charge at Charger 21 (fid=48),1318.7660901998763,,20.0,
Car 373,,,,32,,arrived,arrived,1319.0,,,
Car 917,,,,,24,switch,"Charger 24 (fid=51) not available, trying Charger 5 (fid=3)",1319.4485408552343,5,,
Car 819,,,,,2,switch,"Charger 2 (fid=17) not available, trying Charger 27 (fid=72)",1319.618015403459,27,,
Car 830,,,,16,,arrived,arrived,1320.0,,,
Car 173,98.0,85,19,,,done,done charging,1320.0,,,5.766894224797834
Car 501,,,,,26,switch,"Charger 26 (fid=65) not available, trying Charger 7 (fid=47)",1320.0,7,,
Car 1223,78.0,32,16,,,done,done charging,1320.0619630953217,,,5.161525840301837
Car 373,,32,16,,,start_charge,starting to charge at Charger 16 (fid=32),1320.0619630953217,,1.0619630953217438,
Car 1126,,,,,10,switch,"Charger 10 (fid=70) not available, trying Charger 29 (fid=31)",1320.126540502722,29,,
Car 917,,3,5,,,start_charge,starting to charge at Charger 5 (fid=3),1320.2483750918104,,10.0,
Car 1229,74.0,32,16,,,done,done charging,1320.576443027031,,,34.49430371815599
Car 1252,,,,13,,arrived,arrived,1321.0,,,
Car 1338,,,,80,,arrived,arrived,1321.0,,,
Car 1339,,,,16,,arrived,arrived,1321.0,,,
Car 1282,67.0,17,2,,,done,done charging,1321.0,,,259.806192174072
Car 543,,,,,29,switch,"Charger 29 (fid=31) not available, trying Charger 16 (fid=32)",1321.0,16,,
Car 1338,,15,9,,,start_charge,starting to charge at Charger 9 (fid=15),1321.0,,0.0,
Car 830,,17,2,,,start_charge,starting to charge at Charger 2 (fid=17),1321.0,,1.0,
Car 543,,32,16,,,start_charge,starting to charge at Charger 16 (fid=32),1321.0619630953217,,5.0,
Car 1297,47.0,26,13,,,done,done charging,1321.917909519285,,,231.18096876690043
Car 379,,26,13,,,start_charge,starting to charge at Charger 13 (fid=26),1321.917909519285,,43.7883222091823,
Car 1071,,,,,14,switch,"Charger 14 (fid=23) not available, trying Charger 20 (fid=21)",1322.0,20,,
Car 686,,,,,29,switch,"Charger 29 (fid=31) not available, trying Charger 27 (fid=72)",1322.0619630953217,27,,
Car 1071,,21,20,,,start_charge,starting to charge at Charger 20 (fid=21),1322.129570492675,,5.0,
Car 709,110.0,47,7,,,done,done charging,1322.21922236647,,,203.63506897632593
Car 501,,47,7,,,start_charge,starting to charge at Charger 7 (fid=47),1322.21922236647,,5.0,
Car 256,,,,,12,switch,"Charger 12 (fid=67) not available, trying Charger 21 (fid=48)",1322.2399560622523,21,,
Car 72,109.0,31,29,,,done,done charging,1322.262696513652,,,16.044241334509135
Car 1126,,31,29,,,start_charge,starting to charge at Charger 29 (fid=31),1322.262696513652,,11.776362803677102,
Car 1084,,,,8,,arrived,arrived,1323.0,,,
Car 28,94.0,3,5,,,done,done charging,1323.2483750918104,,,132.863055771727
Car 1399,106.0,75,28,,,done,done charging,1324.1686634442074,,,158.677968287963
Car 380,,,,83,,arrived,arrived,1325.0,,,
Car 50,52.0,33,8,,,done,done charging,1325.0,,,32.95450324314671
Car 380,,85,19,,,start_charge,starting to charge at Charger 19 (fid=85),1325.0,,0.0,
Car 819,,,,,27,switch,"Charger 27 (fid=72) not available, trying Charger 9 (fid=15)",1325.4582311620295,9,,
Car 963,,,,20,,arrived,arrived,1326.0,,,
Car 169,114.0,21,20,,,done,done charging,1326.0,,,5.39369863824874
Car 1252,,,,,12,switch,"Charger 12 (fid=67) not available, trying Charger 4 (fid=17)",1326.0,4,,
Car 1339,,,,,2,switch,"Charger 2 (fid=17) not available, trying Charger 9 (fid=15)",1326.0,9,,
Car 963,,21,20,,,start_charge,starting to charge at Charger 20 (fid=21),1326.0,,0.0,
Car 819,,15,9,,,start_charge,starting to charge at Charger 9 (fid=15),1326.1831090169069,,20.0,
Car 226,,,,37,,arrived,arrived,1327.0,,,
Car 976,,,,33,,arrived,arrived,1327.0,,,
Car 1412,,,,73,,arrived,arrived,1327.0,,,
Car 976,,33,8,,,start_charge,starting to charge at Charger 8 (fid=33),1327.0,,0.0,
Car 686,,,,,27,switch,"Charger 27 (fid=72) not available, trying Charger 10 (fid=70)",1327.3246596089737,10,,
Car 1161,68.0,23,14,,,done,done charging,1327.8303915682377,,,82.98625019241197
Car 1093,,,,28,,arrived,arrived,1328.0,,,
Car 1321,,,,37,,arrived,arrived,1328.0,,,
Car 1406,,,,8,,arrived,arrived,1328.0,,,
Car 433,56.0,21,17,,,done,done charging,1328.0,,,35.623130294799026
Car 1084,,,,,26,switch,"Charger 26 (fid=65) not available, trying Charger 11 (fid=66)",1328.0,11,,
Car 1093,,23,14,,,start_charge,starting to charge at Charger 14 (fid=23),1328.0,,0.0,
Car 256,,,,,21,switch,"Charger 21 (fid=48) not available, trying Charger 4 (fid=17)",1329.0979252107038,4,,
Car 1065,110.0,17,2,,,done,done charging,1329.8782056634386,,,232.13972624262385
Car 908,,,,50,,arrived,arrived,1330.0,,,
Car 908,,3,5,,,start_charge,starting to charge at Charger 5 (fid=3),1330.0,,0.0,
Car 269,,,,1,,arrived,arrived,1331.0,,,
Car 960,,,,66,,arrived,arrived,1331.0,,,
Car 1108,53.0,58,18,,,done,done charging,1331.0,,,89.95471915359529
Car 269,,1,0,,,start_charge,starting to charge at Charger 0 (fid=1),1331.0,,0.0,
Car 1049,78.0,26,13,,,done,done charging,1331.0452247871442,,,56.34492112873024
Car 1339,,,,,9,switch,"Charger 9 (fid=15) not available, trying Charger 29 (fid=31)",1331.2536541789354,29,,
Car 1252,,,,,4,switch,"Charger 4 (fid=17) not available, trying Charger 10 (fid=70)",1331.6056414532113,10,,
Car 226,,,,,12,switch,"Charger 12 (fid=67) not available, trying Charger 26 (fid=65)",1332.0,26,,
Car 1412,,,,,26,switch,"Charger 26 (fid=65) not available, trying Charger 12 (fid=67)",1332.0,12,,
Car 686,,,,,10,switch,"Charger 10 (fid=70) not available, trying Charger 9 (fid=15)",1332.4512001116957,9,,
Car 748,,,,72,,arrived,arrived,1333.0,,,
Car 1321,,,,,12,switch,"Charger 12 (fid=67) not available, trying Charger 26 (fid=65)",1333.0,26,,
Car 1406,,,,,26,switch,"Charger 26 (fid=65) not available, trying Charger 11 (fid=66)",1333.0,11,,
Car 1486,49.0,70,10,,,done,done charging,1333.126540502722,,,10.540823876746988
Car 1252,,70,10,,,start_charge,starting to charge at Charger 10 (fid=70),1333.464486860517,,10.0,
Car 1247,105.0,32,16,,,done,done charging,1333.82219846151,,,89.63789363881364
Car 519,,,,77,,arrived,arrived,1334.0,,,
Car 656,,,,38,,arrived,arrived,1335.0,,,
Car 1084,,,,,11,switch,"Charger 11 (fid=66) not available, trying Charger 12 (fid=67)",1335.3399643928494,12,,
Car 1504,74.0,51,24,,,done,done charging,1335.458864980264,,,168.53263476550177
Car 519,,51,24,,,start_charge,starting to charge at Charger 24 (fid=51),1335.458864980264,,1.4588649802640248,
Car 256,,,,,4,switch,"Charger 4 (fid=17) not available, trying Charger 13 (fid=26)",1335.6225550885865,13,,
Car 960,,,,,11,switch,"Charger 11 (fid=66) not available, trying Charger 26 (fid=65)",1336.0,26,,
Car 1339,,,,,29,switch,"Charger 29 (fid=31) not available, trying Charger 16 (fid=32)",1336.7173923054504,16,,
Car 1339,,32,16,,,start_charge,starting to charge at Charger 16 (fid=32),1336.7793554007721,,15.0,
Car 256,,26,13,,,start_charge,starting to charge at Charger 13 (fid=26),1336.917909519285,,30.0,
Car 374,,,,26,,arrived,arrived,1337.0,,,
Car 575,,,,47,,arrived,arrived,1337.0,,,
Car 1355,108.0,17,4,,,done,done charging,1337.0,,,144.75845650600084
Car 1263,48.0,48,21,,,done,done charging,1337.445220914259,,,174.76878454974607
Car 1387,,,,39,,arrived,arrived,1338.0,,,
Car 748,,,,,27,switch,"Charger 27 (fid=72) not available, trying Charger 10 (fid=70)",1338.0,10,,
Car 686,,,,,9,switch,"Charger 9 (fid=15) not available, trying Charger 2 (fid=17)",1338.2584984430553,2,,
Car 686,,17,2,,,start_charge,starting to charge at Charger 2 (fid=17),1338.5121526219907,,25.0,
Car 1337,88.0,17,2,,,done,done charging,1338.5362967479646,,,27.818216998902926
Car 510,,,,117,,arrived,arrived,1339.0,,,
Car 1463,,,,19,,arrived,arrived,1339.0,,,
Car 510,,21,17,,,start_charge,starting to charge at Charger 17 (fid=21),1339.0,,0.0,
Car 1463,,19,3,,,start_charge,starting to charge at Charger 3 (fid=19),1339.0,,0.0,
Car 1447,116.0,67,12,,,done,done charging,1339.4842682183057,,,78.91414223700791
Car 1412,,67,12,,,start_charge,starting to charge at Charger 12 (fid=67),1339.4842682183057,,9.884568740370923,
Car 226,,,,,26,switch,"Charger 26 (fid=65) not available, trying Charger 7 (fid=47)",1339.5996994779348,7,,
Car 5,,,,52,,arrived,arrived,1340.0,,,
Car 791,,,,53,,arrived,arrived,1340.0,,,
Car 656,,,,,7,switch,"Charger 7 (fid=47) not available, trying Charger 21 (fid=48)",1340.0,21,,
Car 5,,7,1,,,start_charge,starting to charge at Charger 1 (fid=7),1340.0,,0.0,
Car 1406,,,,,11,switch,"Charger 11 (fid=66) not available, trying Charger 12 (fid=67)",1340.3399643928494,12,,
Car 656,,48,21,,,start_charge,starting to charge at Charger 21 (fid=48),1340.4853130291847,,5.0,
Car 1321,,,,,26,switch,"Charger 26 (fid=65) not available, trying Charger 7 (fid=47)",1340.5996994779348,7,,
Car 1202,,,,22,,arrived,arrived,1341.0,,,
Car 1202,,17,4,,,start_charge,starting to charge at Charger 4 (fid=17),1341.0,,0.0,
Car 333,,,,32,,arrived,arrived,1342.0,,,
Car 529,78.0,17,4,,,done,done charging,1342.0,,,144.75845650600084
Car 374,,,,,14,switch,"Charger 14 (fid=23) not available, trying Charger 20 (fid=21)",1342.0,20,,
Car 575,,,,,7,switch,"Charger 7 (fid=47) not available, trying Charger 21 (fid=48)",1342.0,21,,
Car 374,,21,20,,,start_charge,starting to charge at Charger 20 (fid=21),1342.129570492675,,5.0,
Car 1167,64.0,47,7,,,done,done charging,1342.8189218444047,,,141.2437299493071
Car 226,,47,7,,,start_charge,starting to charge at Charger 7 (fid=47),1342.8189218444047,,11.0,
Car 766,107.0,7,1,,,done,done charging,1343.0,,,81.2900161151567
Car 863,53.0,31,29,,,done,done charging,1343.0,,,5.412631245533699
Car 1387,,,,,5,switch,"Charger 5 (fid=3) not available, trying Charger 24 (fid=51)",1343.0,24,,
Car 748,,,,,10,switch,"Charger 10 (fid=70) not available, trying Charger 29 (fid=31)",1343.126540502722,29,,
Car 139,56.0,17,2,,,done,done charging,1343.148806150146,,,196.36375038428906
Car 960,,,,,26,switch,"Charger 26 (fid=65) not available, trying Charger 5 (fid=3)",1343.3399643928494,5,,
Car 910,108.0,48,21,,,done,done charging,1343.4853130291847,,,92.18328053392605
Car 575,,48,21,,,start_charge,starting to charge at Charger 21 (fid=48),1343.4853130291847,,6.0,
Car 748,,31,29,,,start_charge,starting to charge at Charger 29 (fid=31),1343.4863337099748,,10.0,
Car 657,,,,52,,arrived,arrived,1344.0,,,
Car 701,,,,33,,arrived,arrived,1344.0,,,
Car 1030,,,,15,,arrived,arrived,1344.0,,,
Car 123,52.0,47,7,,,done,done charging,1344.0,,,84.69595902991848
Car 657,,7,1,,,start_charge,starting to charge at Charger 1 (fid=7),1344.0,,0.0,
Car 1030,,75,28,,,start_charge,starting to charge at Charger 28 (fid=75),1344.0,,0.0,
Car 1321,,47,7,,,start_charge,starting to charge at Charger 7 (fid=47),1344.0,,11.181078155595287,
Car 85,102.0,21,17,,,done,done charging,1344.0219777800376,,,124.55943822931393
Car 1084,,,,,12,switch,"Charger 12 (fid=67) not available, trying Charger 7 (fid=47)",1344.170431393877,7,,
Car 1468,100.0,72,27,,,done,done charging,1345.0,,,47.10763714089415
Car 791,,,,,24,switch,"Charger 24 (fid=51) not available, trying Charger 28 (fid=75)",1345.0,28,,
Car 691,,,,23,,arrived,arrived,1346.0,,,
Car 691,,23,25,,,start_charge,starting to charge at Charger 25 (fid=23),1346.0,,0.0,
Car 791,,75,28,,,start_charge,starting to charge at Charger 28 (fid=75),1346.3688292076313,,5.0,
Car 868,,,,117,,arrived,arrived,1347.0,,,
Car 333,,,,,16,switch,"Charger 16 (fid=32) not available, trying Charger 29 (fid=31)",1347.0,29,,
Car 868,,21,17,,,start_charge,starting to charge at Charger 17 (fid=21),1347.0,,0.0,
Car 305,96.0,72,27,,,done,done charging,1347.4975388525363,,,84.84242495942729
Car 493,66.0,31,29,,,done,done charging,1348.0,,,5.412631245533699
Car 333,,31,29,,,start_charge,starting to charge at Charger 29 (fid=31),1348.0,,5.938036904678256,
Car 464,50.0,1,0,,,done,done charging,1348.501413110544,,,90.63231188161029
Car 1387,,,,,24,switch,"Charger 24 (fid=51) not available, trying Charger 28 (fid=75)",1348.799834236576,28,,
Car 485,,,,26,,arrived,arrived,1349.0,,,
Car 1140,,,,7,,arrived,arrived,1349.0,,,
Car 1155,113.0,85,19,,,done,done charging,1349.0,,,8.766127366169387
Car 701,,,,,16,switch,"Charger 16 (fid=32) not available, trying Charger 29 (fid=31)",1349.0,29,,
Car 1140,,7,1,,,start_charge,starting to charge at Charger 1 (fid=7),1349.0,,0.0,
Car 1406,,,,,12,switch,"Charger 12 (fid=67) not available, trying Charger 7 (fid=47)",1349.170431393877,7,,
Car 504,96.0,19,3,,,done,done charging,1349.2564304242967,,,10.798154749778018
Car 1171,77.0,15,9,,,done,done charging,1349.479133012031,,,152.6003913002896
Car 1387,,75,28,,,start_charge,starting to charge at Charger 28 (fid=75),1350.1686634442074,,10.0,
Car 941,97.0,6,15,,,done,done charging,1350.2346454816693,,,126.33398464785847
Car 1084,,,,,7,switch,"Charger 7 (fid=47) not available, trying Charger 4 (fid=17)",1350.5483213576974,4,,
Car 12,105.0,85,19,,,done,done charging,1351.0,,,64.31247021377396
Car 172,47.0,3,5,,,done,done charging,1351.0,,,0.009486832998543878
Car 960,,3,5,,,start_charge,starting to charge at Charger 5 (fid=3),1351.0,,13.063712940316691,
Car 1084,,17,4,,,start_charge,starting to charge at Charger 4 (fid=17),1351.649990549669,,20.0,
Car 1145,85.0,58,18,,,done,done charging,1352.0,,,89.95471915359529
Car 138,70.0,26,13,,,done,done charging,1352.5065043790396,,,259.9292709719403
Car 485,,26,13,,,start_charge,starting to charge at Charger 13 (fid=26),1352.5065043790396,,3.5065043790395976,
Car 1417,,,,47,,arrived,arrived,1354.0,,,
Car 1422,,,,67,,arrived,arrived,1354.0,,,
Car 701,,,,,29,switch,"Charger 29 (fid=31) not available, trying Charger 27 (fid=72)",1354.0619630953217,27,,
Car 701,,72,27,,,start_charge,starting to charge at Charger 27 (fid=72),1354.3246596089737,,10.0,
Car 424,59.0,89,23,,,done,done charging,1354.476641119219,,,149.51180057773385
Car 394,,,,5,,arrived,arrived,1355.0,,,
Car 1058,,,,21,,arrived,arrived,1355.0,,,
Car 1385,,,,3,,arrived,arrived,1355.0,,,
Car 1419,,,,40,,arrived,arrived,1355.0,,,
Car 338,95.0,85,19,,,done,done charging,1355.0,,,72.23389941709169
Car 14,93.0,21,17,,,done,done charging,1355.0,,,37.99048340046035
Car 394,,58,18,,,start_charge,starting to charge at Charger 18 (fid=58),1355.0,,0.0,
Car 1058,,21,20,,,start_charge,starting to charge at Charger 20 (fid=21),1355.0,,0.0,
Car 1385,,21,17,,,start_charge,starting to charge at Charger 17 (fid=21),1355.0,,0.0,
Car 404,87.0,3,5,,,done,done charging,1355.2483750918104,,,221.49726094921147
Car 1419,,3,5,,,start_charge,starting to charge at Charger 5 (fid=3),1355.2483750918104,,0.2483750918104306,
Car 1406,,,,,7,switch,"Charger 7 (fid=47) not available, trying Charger 4 (fid=17)",1355.5483213576974,4,,
Car 1221,64.0,6,15,,,done,done charging,1356.0,,,130.04592452284498
Car 1452,73.0,70,10,,,done,done charging,1356.4998883918117,,,29.97077416416114
Car 606,,,,78,,arrived,arrived,1357.0,,,
Car 818,71.0,26,13,,,done,done charging,1357.0452247871442,,,56.34492112873024
Car 764,,,,61,,arrived,arrived,1358.0,,,
Car 996,,,,9,,arrived,arrived,1358.0,,,
Car 1503,,,,38,,arrived,arrived,1358.0,,,
Car 1118,74.0,66,11,,,done,done charging,1358.0,,,145.62807570314592
Car 764,,66,11,,,start_charge,starting to charge at Charger 11 (fid=66),1358.0,,0.0,
Car 17,,,,16,,arrived,arrived,1359.0,,,
Car 660,,,,5,,arrived,arrived,1359.0,,,
Car 1417,,,,,7,switch,"Charger 7 (fid=47) not available, trying Charger 21 (fid=48)",1359.0,21,,
Car 1422,,,,,12,switch,"Charger 12 (fid=67) not available, trying Charger 4 (fid=17)",1359.0,4,,
Car 17,,17,2,,,start_charge,starting to charge at Charger 2 (fid=17),1359.0,,0.0,
Car 660,,58,18,,,start_charge,starting to charge at Charger 18 (fid=58),1359.0,,0.0,
Car 594,,,,21,,arrived,arrived,1360.0,,,
Car 1027,,,,61,,arrived,arrived,1360.0,,,
Car 1308,,,,77,,arrived,arrived,1360.0,,,
Car 594,,21,20,,,start_charge,starting to charge at Charger 20 (fid=21),1360.0,,0.0,
Car 55,93.0,7,1,,,done,done charging,1360.3150845396879,,,180.82839704536696
Car 1406,,,,,4,switch,"Charger 4 (fid=17) not available, trying Charger 21 (fid=48)",1361.649990549669,21,,
Car 684,,,,115,,arrived,arrived,1362.0,,,
Car 606,,,,,26,switch,"Charger 26 (fid=65) not available, trying Charger 11 (fid=66)",1362.0,11,,
Car 684,,115,22,,,start_charge,starting to charge at Charger 22 (fid=115),1362.0,,0.0,
Car 780,109.0,32,16,,,done,done charging,1362.0619630953217,,,46.31915726783275
Car 996,,,,,11,switch,"Charger 11 (fid=66) not available, trying Charger 26 (fid=65)",1363.0,26,,
Car 1503,,,,,7,switch,"Charger 7 (fid=47) not available, trying Charger 21 (fid=48)",1363.0,21,,
Car 396,,,,30,,arrived,arrived,1364.0,,,
Car 396,,33,8,,,start_charge,starting to charge at Charger 8 (fid=33),1364.0,,0.0,
Car 1417,,,,,21,switch,"Charger 21 (fid=48) not available, trying Charger 13 (fid=26)",1364.4853130291847,13,,
Car 1422,,,,,4,switch,"Charger 4 (fid=17) not available, trying Charger 7 (fid=47)",1364.6056414532113,7,,
Car 778,89.0,24,6,,,done,done charging,1364.98324081956,,,188.73201913033165
Car 1027,,,,,11,switch,"Charger 11 (fid=66) not available, trying Charger 5 (fid=3)",1365.0,5,,
Car 1308,,,,,24,switch,"Charger 24 (fid=51) not available, trying Charger 5 (fid=3)",1365.0,5,,
Car 1417,,26,13,,,start_charge,starting to charge at Charger 13 (fid=26),1365.0452247871442,,10.0,
Car 909,105.0,31,29,,,done,done charging,1366.0,,,145.24443785563923
Car 1127,103.0,15,9,,,done,done charging,1366.2536541789354,,,21.129393105329726
Car 1372,,,,1,,arrived,arrived,1367.0,,,
Car 1372,,1,0,,,start_charge,starting to charge at Charger 0 (fid=1),1367.0,,0.0,
Car 869,54.0,51,24,,,done,done charging,1368.0,,,0.0
Car 1406,,,,,21,switch,"Charger 21 (fid=48) not available, trying Charger 2 (fid=17)",1368.1746204275516,2,,
Car 1503,,,,,21,switch,"Charger 21 (fid=48) not available, trying Charger 26 (fid=65)",1368.4853130291847,26,,
Car 845,94.0,24,6,,,done,done charging,1368.607835308546,,,134.55516246137196
Car 1135,67.0,48,21,,,done,done charging,1368.7045353956546,,,152.23002986599647
Car 1142,,,,54,,arrived,arrived,1369.0,,,
Car 1488,118.0,23,14,,,done,done charging,1369.0,,,0.0
Car 606,,,,,11,switch,"Charger 11 (fid=66) not available, trying Charger 7 (fid=47)",1369.3399643928494,7,,
Car 441,86.0,51,24,,,done,done charging,1369.560137623014,,,252.86256232586456
Car 801,80.0,58,18,,,done,done charging,1369.7196453243282,,,59.94645551654726
Car 1311,78.0,17,2,,,done,done charging,1369.8289111198803,,,186.2728267085428
Car 835,,,,24,,arrived,arrived,1370.0,,,
Car 347,65.0,23,14,,,done,done charging,1370.0,,,5.390518435139498
Car 835,,24,6,,,start_charge,starting to charge at Charger 6 (fid=24),1370.0,,0.0,
Car 996,,,,,26,switch,"Charger 26 (fid=65) not available, trying Charger 5 (fid=3)",1370.3399643928494,5,,
Car 613,75.0,24,6,,,done,done charging,1370.607835308546,,,131.0315105385076
Car 1422,,,,,7,switch,"Charger 7 (fid=47) not available, trying Charger 27 (fid=72)",1370.7073106451828,27,,
Car 1308,,,,,5,switch,"Charger 5 (fid=3) not available, trying Charger 15 (fid=6)",1370.799834236576,15,,
Car 1416,,,,19,,arrived,arrived,1371.0,,,
Car 824,81.0,66,11,,,done,done charging,1371.0,,,91.99007895419939
Car 1416,,19,3,,,start_charge,starting to charge at Charger 3 (fid=19),1371.0,,0.0,
Car 51,87.0,15,9,,,done,done charging,1371.3385600062686,,,216.03624037641578
Car 1406,,17,2,,,start_charge,starting to charge at Charger 2 (fid=17),1371.8782056634386,,30.0,
Car 352,,,,51,,arrived,arrived,1372.0,,,
Car 636,,,,23,,arrived,arrived,1372.0,,,
Car 1401,,,,118,,arrived,arrived,1372.0,,,
Car 352,,51,24,,,start_charge,starting to charge at Charger 24 (fid=51),1372.0,,0.0,
Car 636,,23,14,,,start_charge,starting to charge at Charger 14 (fid=23),1372.0,,0.0,
Car 1027,,,,,5,switch,"Charger 5 (fid=3) not available, trying Charger 24 (fid=51)",1372.659030743688,24,,
Car 928,,,,1,,arrived,arrived,1373.0,,,
Car 984,,,,37,,arrived,arrived,1373.0,,,
Car 1183,,,,82,,arrived,arrived,1373.0,,,
Car 928,,1,0,,,start_charge,starting to charge at Charger 0 (fid=1),1373.0,,0.0,
Car 1183,,85,19,,,start_charge,starting to charge at Charger 19 (fid=85),1373.0,,0.0,
Car 1027,,51,24,,,start_charge,starting to charge at Charger 24 (fid=51),1373.458864980264,,10.0,
Car 1422,,72,27,,,start_charge,starting to charge at Charger 27 (fid=72),1373.5615075279695,,15.0,
Car 1308,,6,15,,,start_charge,starting to charge at Charger 15 (fid=6),1373.683685327733,,10.0,
Car 377,68.0,72,27,,,done,done charging,1374.0,,,47.10763714089415
Car 1142,,,,,12,switch,"Charger 12 (fid=67) not available, trying Charger 27 (fid=72)",1374.0,27,,
Car 477,,,,37,,arrived,arrived,1375.0,,,
Car 931,,,,45,,arrived,arrived,1375.0,,,
Car 931,,6,15,,,start_charge,starting to charge at Charger 15 (fid=6),1375.0,,0.0,
Car 1142,,72,27,,,start_charge,starting to charge at Charger 27 (fid=72),1375.4975388525363,,5.0,
Car 1503,,,,,26,switch,"Charger 26 (fid=65) not available, trying Charger 6 (fid=24)",1375.841011496093,6,,
Car 916,,,,4,,arrived,arrived,1376.0,,,
Car 373,56.0,32,16,,,done,done charging,1376.0619630953217,,,0.0
Car 856,82.0,33,8,,,done,done charging,1376.292636772198,,,24.376643124092123
Car 750,,,,77,,arrived,arrived,1377.0,,,
Car 1040,,,,118,,arrived,arrived,1377.0,,,
Car 1465,77.0,67,12,,,done,done charging,1377.0,,,107.1141266920381
Car 1401,,,,,17,switch,"Charger 17 (fid=21) not available, trying Charger 19 (fid=85)",1377.0,19,,
Car 984,,67,12,,,start_charge,starting to charge at Charger 12 (fid=67),1377.0,,4.0,
Car 1291,,,,71,,arrived,arrived,1378.0,,,
Car 761,95.0,70,10,,,done,done charging,1378.0,,,10.715066215369578
Car 1291,,70,10,,,start_charge,starting to charge at Charger 10 (fid=70),1378.0,,0.0,
Car 606,,,,,7,switch,"Charger 7 (fid=47) not available, trying Charger 12 (fid=67)",1378.5302310876043,12,,
Car 1503,,24,6,,,start_charge,starting to charge at Charger 6 (fid=24),1378.607835308546,,15.0,
Car 601,,,,15,,arrived,arrived,1379.0,,,
Car 601,,15,9,,,start_charge,starting to charge at Charger 9 (fid=15),1379.0,,0.0,
Car 1401,,85,19,,,start_charge,starting to charge at Charger 19 (fid=85),1379.1978261172444,,5.0,
Car 274,102.0,3,5,,,done,done charging,1379.799834236576,,,0.009486832998543878
Car 996,,3,5,,,start_charge,starting to charge at Charger 5 (fid=3),1379.799834236576,,14.86354717689278,
Car 537,,,,91,,arrived,arrived,1380.0,,,
Car 245,101.0,75,28,,,done,done charging,1380.0,,,0.012206555630439934
Car 477,,,,,12,switch,"Charger 12 (fid=67) not available, trying Charger 26 (fid=65)",1380.0,26,,
Car 537,,89,23,,,start_charge,starting to charge at Charger 23 (fid=89),1380.0,,0.0,
Car 1477,,,,89,,arrived,arrived,1381.0,,,
Car 950,105.0,85,19,,,done,done charging,1381.0,,,0.0
Car 916,,,,,15,switch,"Charger 15 (fid=6) not available, trying Charger 0 (fid=1)",1381.0,0,,
Car 1477,,89,23,,,start_charge,starting to charge at Charger 23 (fid=89),1381.0,,0.0,
Car 1426,78.0,67,12,,,done,done charging,1381.170431393877,,,191.1562589297049
Car 606,,67,12,,,start_charge,starting to charge at Charger 12 (fid=67),1381.170431393877,,16.26231034245211,
Car 927,114.0,31,29,,,done,done charging,1382.0,,,5.161525840301837
Car 236,113.0,115,22,,,done,done charging,1382.0,,,44.76134967805504
Car 963,56.0,21,20,,,done,done charging,1382.0,,,5.385146701803676
Car 750,,,,,24,switch,"Charger 24 (fid=51) not available, trying Charger 5 (fid=3)",1382.0,5,,
Car 1040,,,,,17,switch,"Charger 17 (fid=21) not available, trying Charger 19 (fid=85)",1382.0,19,,
Car 302,,,,11,,arrived,arrived,1383.0,,,
Car 1338,62.0,15,9,,,done,done charging,1383.0,,,61.645175788545046
Car 269,52.0,1,0,,,done,done charging,1383.0,,,0.0
Car 302,,17,2,,,start_charge,starting to charge at Charger 2 (fid=17),1383.0,,0.0,
Car 916,,1,0,,,start_charge,starting to charge at Charger 0 (fid=1),1383.0,,5.64859329762362,
Car 255,117.0,6,15,,,done,done charging,1383.2346454816693,,,240.17846497972496
Car 1441,75.0,17,4,,,done,done charging,1383.7221023656887,,,0.0
Car 46,65.0,48,21,,,done,done charging,1383.7660901998763,,,276.443031125757
Car 970,71.0,23,14,,,done,done charging,1384.0,,,30.352942526217433
Car 1040,,85,19,,,start_charge,starting to charge at Charger 19 (fid=85),1384.1978261172444,,5.0,
Car 16,103.0,75,28,,,done,done charging,1384.3688292076313,,,0.0
Car 222,80.0,1,0,,,done,done charging,1385.9053611395047,,,265.66932660166555
Car 359,,,,66,,arrived,arrived,1386.0,,,
Car 1185,,,,56,,arrived,arrived,1386.0,,,
Car 359,,66,11,,,start_charge,starting to charge at Charger 11 (fid=66),1386.0,,0.0,
Car 1185,,70,10,,,start_charge,starting to charge at Charger 10 (fid=70),1386.0,,0.0,
Car 78,92.0,24,6,,,done,done charging,1387.0,,,24.044531540458287
Car 830,66.0,17,2,,,done,done charging,1387.0,,,27.818216998902926
Car 477,,,,,26,switch,"Charger 26 (fid=65) not available, trying Charger 7 (fid=47)",1387.5996994779348,7,,
Car 750,,,,,5,switch,"Charger 5 (fid=3) not available, trying Charger 15 (fid=6)",1387.799834236576,15,,
Car 1258,,,,89,,arrived,arrived,1388.0,,,
Car 1258,,89,23,,,start_charge,starting to charge at Charger 23 (fid=89),1388.0,,0.0,
Car 187,,,,62,,arrived,arrived,1389.0,,,
Car 187,,6,15,,,start_charge,starting to charge at Charger 15 (fid=6),1389.0,,0.0,
Car 324,79.0,48,21,,,done,done charging,1389.445220914259,,,221.23814253873346
Car 319,,,,78,,arrived,arrived,1391.0,,,
Car 1330,,,,33,,arrived,arrived,1391.0,,,
Car 1330,,32,16,,,start_charge,starting to charge at Charger 16 (fid=32),1391.0,,0.0,
Car 179,,,,26,,arrived,arrived,1392.0,,,
Car 1067,,,,78,,arrived,arrived,1392.0,,,
Car 1345,113.0,89,23,,,done,done charging,1392.0,,,0.0
Car 436,,,,1,,arrived,arrived,1393.0,,,
Car 1427,,,,52,,arrived,arrived,1393.0,,,
Car 380,68.0,85,19,,,done,done charging,1393.0,,,72.23389941709169
Car 436,,1,0,,,start_charge,starting to charge at Charger 0 (fid=1),1393.0,,0.0,
Car 1427,,7,1,,,start_charge,starting to charge at Charger 1 (fid=7),1393.0,,0.0,
Car 575,50.0,48,21,,,done,done charging,1393.4853130291847,,,40.42657533108959
Car 652,,,,5,,arrived,arrived,1394.0,,,
Car 652,,58,18,,,start_charge,starting to charge at Charger 18 (fid=58),1394.0,,0.0,
Car 1126,72.0,31,29,,,done,done charging,1394.262696513652,,,21.882619587212005
Car 1306,119.0,72,27,,,done,done charging,1394.4582311620295,,,44.99439453972026
Car 477,,,,,7,switch,"Charger 7 (fid=47) not available, trying Charger 4 (fid=17)",1394.8189218444047,4,,
Car 473,,,,7,,arrived,arrived,1395.0,,,
Car 1267,86.0,26,13,,,done,done charging,1395.0,,,0.0
Car 473,,7,1,,,start_charge,starting to charge at Charger 1 (fid=7),1395.0,,0.0,
Car 179,,26,13,,,start_charge,starting to charge at Charger 13 (fid=26),1395.0,,3.0,
Car 750,,,,,15,switch,"Charger 15 (fid=6) not available, trying Charger 0 (fid=1)",1395.683685327733,0,,
Car 477,,17,4,,,start_charge,starting to charge at Charger 4 (fid=17),1395.9205910363762,,15.0,
Car 319,,,,,26,switch,"Charger 26 (fid=65) not available, trying Charger 11 (fid=66)",1396.0,11,,
Car 1339,60.0,32,16,,,done,done charging,1396.7793554007721,,,55.87625510896168
Car 1067,,,,,26,switch,"Charger 26 (fid=65) not available, trying Charger 11 (fid=66)",1397.0,11,,
Car 317,104.0,47,7,,,done,done charging,1397.21922236647,,,140.18407333216967
Car 791,52.0,75,28,,,done,done charging,1398.3688292076313,,,66.73637383016752
Car 357,87.0,23,14,,,done,done charging,1398.8303915682377,,,82.98625019241197
Car 793,,,,10,,arrived,arrived,1399.0,,,
Car 1071,77.0,21,20,,,done,done charging,1399.129570492675,,,16.18370034942323
Car 1412,60.0,67,12,,,done,done charging,1399.4842682183057,,,154.3903278641214
Car 748,56.0,31,29,,,done,done charging,1399.4863337099748,,,21.882619587212005
Car 1310,85.0,21,17,,,done,done charging,1400.0,,,65.74620646091854
Car 1202,60.0,17,4,,,done,done charging,1401.0,,,76.76344030853062
Car 61,,,,77,,arrived,arrived,1402.0,,,
Car 1020,102.0,32,16,,,done,done charging,1402.0,,,30.631968268463975
Car 960,51.0,3,5,,,done,done charging,1402.0,,,221.49726094921147
Car 750,,,,,0,switch,"Charger 0 (fid=1) not available, trying Charger 2 (fid=17)",1402.0350920301094,2,,
Car 686,64.0,17,2,,,done,done charging,1402.5121526219907,,,46.31915726783275
Car 566,,,,56,,arrived,arrived,1403.0,,,
Car 319,,,,,11,switch,"Charger 11 (fid=66) not available, trying Charger 7 (fid=47)",1403.3399643928494,7,,
Car 1138,,,,72,,arrived,arrived,1404.0,,,
Car 793,,,,,11,switch,"Charger 11 (fid=66) not available, trying Charger 26 (fid=65)",1404.0,26,,
Car 1138,,72,27,,,start_charge,starting to charge at Charger 27 (fid=72),1404.0,,0.0,
Car 750,,17,2,,,start_charge,starting to charge at Charger 2 (fid=17),1404.2041362142354,,20.0,
Car 1177,97.0,89,23,,,done,done charging,1404.2788150019746,,,67.37046285278666
Car 1067,,,,,11,switch,"Charger 11 (fid=66) not available, trying Charger 7 (fid=47)",1404.3399643928494,7,,
Car 742,,,,37,,arrived,arrived,1405.0,,,
Car 1257,,,,12,,arrived,arrived,1405.0,,,
Car 908,75.0,3,5,,,done,done charging,1405.0,,,39.714584953154606
Car 742,,67,12,,,start_charge,starting to charge at Charger 12 (fid=67),1405.0,,0.0,
Car 1257,,21,17,,,start_charge,starting to charge at Charger 17 (fid=21),1405.0,,0.0,
Car 379,84.0,26,13,,,done,done charging,1405.917909519285,,,195.95014002801443
Car 691,60.0,23,25,,,done,done charging,1406.0,,,0.0
Car 447,,,,67,,arrived,arrived,1407.0,,,
Car 333,59.0,31,29,,,done,done charging,1407.0,,,5.161525840301837
Car 1140,58.0,7,1,,,done,done charging,1407.0,,,0.0
Car 61,,,,,24,switch,"Charger 24 (fid=51) not available, trying Charger 5 (fid=3)",1407.0,5,,
Car 319,,47,7,,,start_charge,starting to charge at Charger 7 (fid=47),1407.5302310876043,,10.0,
Car 61,,3,5,,,start_charge,starting to charge at Charger 5 (fid=3),1407.799834236576,,5.0,
Car 566,,,,,10,switch,"Charger 10 (fid=70) not available, trying Charger 27 (fid=72)",1408.0,27,,
Car 341,,,,84,,arrived,arrived,1409.0,,,
Car 394,54.0,58,18,,,done,done charging,1409.0,,,89.95471915359529
Car 341,,85,19,,,start_charge,starting to charge at Charger 19 (fid=85),1409.0,,0.0,
Car 396,46.0,33,8,,,done,done charging,1410.0,,,40.85266779540837
Car 1093,83.0,23,14,,,done,done charging,1411.0,,,30.352942526217433
Car 5,71.0,7,1,,,done,done charging,1411.0,,,54.86803450095119
Car 793,,,,,26,switch,"Charger 26 (fid=65) not available, trying Charger 12 (fid=67)",1411.3399643928494,12,,
Car 250,,,,37,,arrived,arrived,1412.0,,,
Car 449,,,,75,,arrived,arrived,1412.0,,,
Car 962,,,,77,,arrived,arrived,1412.0,,,
Car 447,,,,,12,switch,"Charger 12 (fid=67) not available, trying Charger 4 (fid=17)",1412.0,4,,
Car 449,,75,28,,,start_charge,starting to charge at Charger 28 (fid=75),1412.0,,0.0,
Car 447,,17,4,,,start_charge,starting to charge at Charger 4 (fid=17),1412.6056414532113,,5.0,
Car 361,,,,32,,arrived,arrived,1413.0,,,
Car 1273,,,,38,,arrived,arrived,1413.0,,,
Car 361,,32,16,,,start_charge,starting to charge at Charger 16 (fid=32),1413.0,,0.0,
Car 566,,,,,27,switch,"Charger 27 (fid=72) not available, trying Charger 3 (fid=19)",1413.126540502722,3,,
Car 566,,19,3,,,start_charge,starting to charge at Charger 3 (fid=19),1413.5089558287261,,10.0,
Car 1067,,,,,7,switch,"Charger 7 (fid=47) not available, trying Charger 12 (fid=67)",1413.5302310876043,12,,
Car 805,,,,15,,arrived,arrived,1414.0,,,
Car 967,,,,29,,arrived,arrived,1414.0,,,
Car 1301,,,,64,,arrived,arrived,1414.0,,,
Car 805,,75,28,,,start_charge,starting to charge at Charger 28 (fid=75),1414.0,,0.0,
Car 967,,33,8,,,start_charge,starting to charge at Charger 8 (fid=33),1414.0,,0.0,
Car 1301,,58,18,,,start_charge,starting to charge at Charger 18 (fid=58),1414.0,,0.0,
Car 410,,,,8,,arrived,arrived,1415.0,,,
Car 883,,,,37,,arrived,arrived,1415.0,,,
Car 408,112.0,1,0,,,done,done charging,1415.3514067023764,,,103.04602253846483
Car 257,,,,42,,arrived,arrived,1416.0,,,
Car 792,,,,115,,arrived,arrived,1416.0,,,
Car 17,57.0,17,2,,,done,done charging,1416.0,,,27.818216998902926
Car 792,,115,22,,,start_charge,starting to charge at Charger 22 (fid=115),1416.0,,0.0,
Car 250,,,,,12,switch,"Charger 12 (fid=67) not available, trying Charger 26 (fid=65)",1417.0,26,,
Car 962,,,,,24,switch,"Charger 24 (fid=51) not available, trying Charger 5 (fid=3)",1417.0,5,,
Car 962,,3,5,,,start_charge,starting to charge at Charger 5 (fid=3),1417.799834236576,,5.0,
Car 636,46.0,23,14,,,done,done charging,1418.0,,,0.0
Car 1273,,,,,7,switch,"Charger 7 (fid=47) not available, trying Charger 21 (fid=48)",1418.0,21,,
Car 701,64.0,72,27,,,done,done charging,1418.3246596089737,,,29.466655069735832
Car 1273,,48,21,,,start_charge,starting to charge at Charger 21 (fid=48),1418.4853130291847,,5.0,
Car 793,,,,,12,switch,"Charger 12 (fid=67) not available, trying Charger 7 (fid=47)",1418.9396638707842,7,,
Car 1088,,,,2,,arrived,arrived,1419.0,,,
Car 1088,,7,1,,,start_charge,starting to charge at Charger 1 (fid=7),1419.0,,0.0,
Car 374,77.0,21,20,,,done,done charging,1419.129570492675,,,33.726306008828615
Car 519,84.0,51,24,,,done,done charging,1419.458864980264,,,91.67281497261143
Car 1067,,,,,12,switch,"Charger 12 (fid=67) not available, trying Charger 21 (fid=48)",1419.9081210514248,21,,
Car 582,,,,61,,arrived,arrived,1420.0,,,
Car 410,,,,,26,switch,"Charger 26 (fid=65) not available, trying Charger 11 (fid=66)",1420.0,11,,
Car 883,,,,,12,switch,"Charger 12 (fid=67) not available, trying Charger 26 (fid=65)",1420.0,26,,
Car 543,99.0,32,16,,,done,done charging,1420.0619630953217,,,5.161525840301837
Car 687,,,,8,,arrived,arrived,1421.0,,,
Car 257,,,,,4,switch,"Charger 4 (fid=17) not available, trying Charger 7 (fid=47)",1421.0,7,,
Car 1067,,48,21,,,start_charge,starting to charge at Charger 21 (fid=48),1421.7660901998763,,20.0,
Car 1285,,,,63,,arrived,arrived,1422.0,,,
Car 609,,,,9,,arrived,arrived,1423.0,,,
Car 972,,,,40,,arrived,arrived,1423.0,,,
Car 819,97.0,15,9,,,done,done charging,1423.1831090169069,,,47.30489203027742
Car 471,118.0,66,11,,,done,done charging,1424.3399643928494,,,145.62807570314592
Car 582,,66,11,,,start_charge,starting to charge at Charger 11 (fid=66),1424.3399643928494,,4.339964392849424,
Car 250,,,,,26,switch,"Charger 26 (fid=65) not available, trying Charger 7 (fid=47)",1424.5996994779348,7,,
Car 793,,,,,7,switch,"Charger 7 (fid=47) not available, trying Charger 2 (fid=17)",1425.3175538346047,2,,
Car 979,,,,69,,arrived,arrived,1426.0,,,
Car 684,64.0,115,22,,,done,done charging,1426.0,,,0.0
Car 1291,48.0,70,10,,,done,done charging,1426.0,,,5.223090655911267
Car 687,,,,,26,switch,"Charger 26 (fid=65) not available, trying Charger 11 (fid=66)",1426.0,11,,
Car 979,,70,10,,,start_charge,starting to charge at Charger 10 (fid=70),1426.0,,0.0,
Car 1285,,,,,26,switch,"Charger 26 (fid=65) not available, trying Charger 7 (fid=47)",1427.0,7,,
Car 257,,,,,7,switch,"Charger 7 (fid=47) not available, trying Charger 8 (fid=33)",1427.1016691919715,8,,
Car 905,119.0,19,3,,,done,done charging,1427.2564304242967,,,10.798154749778018
Car 410,,,,,11,switch,"Charger 11 (fid=66) not available, trying Charger 12 (fid=67)",1427.3399643928494,12,,
Car 883,,,,,26,switch,"Charger 26 (fid=65) not available, trying Charger 7 (fid=47)",1427.5996994779348,7,,
Car 257,,33,8,,,start_charge,starting to charge at Charger 8 (fid=33),1427.887086288694,,10.0,
Car 1433,,,,16,,arrived,arrived,1428.0,,,
Car 609,,,,,11,switch,"Charger 11 (fid=66) not available, trying Charger 26 (fid=65)",1428.0,26,,
Car 972,,,,,5,switch,"Charger 5 (fid=3) not available, trying Charger 24 (fid=51)",1428.0,24,,
Car 1433,,17,2,,,start_charge,starting to charge at Charger 2 (fid=17),1428.0,,0.0,
Car 1419,73.0,3,5,,,done,done charging,1428.2483750918104,,,68.53159922986113
Car 1252,95.0,70,10,,,done,done charging,1428.464486860517,,,94.03927173261216
Car 793,,17,2,,,start_charge,starting to charge at Charger 2 (fid=17),1428.5362967479646,,20.0,
Car 972,,51,24,,,start_charge,starting to charge at Charger 24 (fid=51),1428.799834236576,,5.0,
Car 355,,,,33,,arrived,arrived,1429.0,,,
Car 355,,32,16,,,start_charge,starting to charge at Charger 16 (fid=32),1429.0,,0.0,
Car 1503,51.0,24,6,,,done,done charging,1429.607835308546,,,131.0315105385076
Car 1463,91.0,19,3,,,done,done charging,1430.0,,,0.0
Car 250,,,,,7,switch,"Charger 7 (fid=47) not available, trying Charger 4 (fid=17)",1431.8189218444047,4,,
Car 1031,,,,22,,arrived,arrived,1433.0,,,
Car 1477,52.0,89,23,,,done,done charging,1433.0,,,0.0
Car 1031,,21,20,,,start_charge,starting to charge at Charger 20 (fid=21),1433.0,,0.0,
Car 687,,,,,11,switch,"Charger 11 (fid=66) not available, trying Charger 12 (fid=67)",1433.3399643928494,12,,
Car 868,87.0,21,17,,,done,done charging,1434.0,,,35.623130294799026
Car 1285,,,,,7,switch,"Charger 7 (fid=47) not available, trying Charger 11 (fid=66)",1434.21922236647,11,,
Car 883,,,,,7,switch,"Charger 7 (fid=47) not available, trying Charger 4 (fid=17)",1434.8189218444047,4,,
Car 1073,,,,73,,arrived,arrived,1435.0,,,
Car 23,117.0,6,15,,,done,done charging,1435.0,,,126.33398464785847
Car 976,108.0,33,8,,,done,done charging,1435.0,,,0.0
Car 501,113.0,47,7,,,done,done charging,1435.21922236647,,,140.18407333216967
Car 609,,,,,26,switch,"Charger 26 (fid=65) not available, trying Charger 5 (fid=3)",1435.3399643928494,5,,
Car 364,,,,35,,arrived,arrived,1436.0,,,
Car 1249,,,,38,,arrived,arrived,1436.0,,,
Car 1030,92.0,75,28,,,done,done charging,1436.0,,,0.012206555630439934
Car 364,,32,16,,,start_charge,starting to charge at Charger 16 (fid=32),1436.0,,0.0,
Car 1249,,47,7,,,start_charge,starting to charge at Charger 7 (fid=47),1436.0,,0.0,
Car 410,,,,,12,switch,"Charger 12 (fid=67) not available, trying Charger 7 (fid=47)",1436.170431393877,7,,
Car 917,116.0,3,5,,,done,done charging,1436.2483750918104,,,132.863055771727
Car 226,94.0,47,7,,,done,done charging,1436.8189218444047,,,141.2437299493071
Car 1302,,,,54,,arrived,arrived,1437.0,,,
Car 410,,47,7,,,start_charge,starting to charge at Charger 7 (fid=47),1437.5483213576974,,15.0,
Car 250,,,,,4,switch,"Charger 4 (fid=17) not available, trying Charger 21 (fid=48)",1437.9205910363762,21,,
Car 345,,,,83,,arrived,arrived,1439.0,,,
Car 345,,85,19,,,start_charge,starting to charge at Charger 19 (fid=85),1439.0,,0.0,
Car 250,,48,21,,,start_charge,starting to charge at Charger 21 (fid=48),1439.445220914259,,20.0,
Car 609,,3,5,,,start_charge,starting to charge at Charger 5 (fid=3),1439.9362870596833,,10.0,
