car,charge_time,charger_fid,charger_id,destination_fid,from_charger_id,kind,last_charger_id,msg,t,to_charger_id,walking_dist_m
Car 231,,,,29,,arrived,,arrived,0.0,,
Car 231,,22,2,,,start_charge,,starting to charge at Charger 2 (fid=22),0.0,,
Car 223,,,,5,,arrived,,arrived,3.0,,
Car 223,,33,0,,,start_charge,,starting to charge at Charger 0 (fid=33),3.0,,
Car 256,,,,40,,arrived,,arrived,13.0,,
Car 256,,50,1,,,start_charge,,starting to charge at Charger 1 (fid=50),13.0,,
Car 193,,,,33,,arrived,,arrived,14.0,,
Car 193,,,,,2,switch,,"Charger 2 (fid=22) not available, trying Charger 3 (fid=118)",15.0,3,
Car 101,,,,15,,arrived,,arrived,18.0,,
Car 136,,,,38,,arrived,,arrived,19.0,,
Car 101,,,,,2,switch,,"Charger 2 (fid=22) not available, trying Charger 3 (fid=118)",19.0,3,
Car 254,,,,17,,arrived,,arrived,20.0,,
Car 136,,,,,0,switch,,"Charger 0 (fid=33) not available, trying Charger 2 (fid=22)",20.0,2,
Car 193,,118,3,,,start_charge,,starting to charge at Charger 3 (fid=118),20.725680591582055,,
Car 254,,,,,2,switch,,"Charger 2 (fid=22) not available, trying Charger 0 (fid=33)",21.0,0,
Car 136,,,,,2,switch,,"Charger 2 (fid=22) not available, trying Charger 1 (fid=50)",23.098280487337462,1,
Car 254,,,,,0,switch,,"Charger 0 (fid=33) not available, trying Charger 3 (fid=118)",24.098280487337465,3,
Car 101,,,,,3,switch,,"Charger 3 (fid=118) not available, trying Charger 1 (fid=50)",25.725680591582055,1,
Car 12,,,,10,,arrived,,arrived,28.0,,
Car 12,,,,,1,switch,,"Charger 1 (fid=50) not available, trying Charger 0 (fid=33)",29.0,0,
Car 136,,,,,1,switch,,"Charger 1 (fid=50) not available, trying Charger 3 (fid=118)",31.41604753742086,3,
Car 254,,,,,3,switch,,"Charger 3 (fid=118) not available, trying Charger 1 (fid=50)",32.79830624442697,1,
Car 101,,,,,1,switch,,"Charger 1 (fid=50) not available, trying Charger 0 (fid=33)",34.248498884010196,0,
Car 12,,,,,0,switch,,"Charger 0 (fid=33) not available, trying Charger 2 (fid=22)",38.59709701725905,2,
Car 136,,,,,,gave_up,3,"no alternate charger available, gave up",39.93886582984899,,
Car 254,,,,,,gave_up,1,"no alternate charger available, gave up",41.32112453685511,,
Car 12,,,,,2,switch,,"Charger 2 (fid=22) not available, trying Charger 3 (fid=118)",41.695377504596514,3,
Car 101,,,,,,gave_up,0,"no alternate charger available, gave up",43.84559590126925,,
Car 12,,,,,,gave_up,3,"no alternate charger available, gave up",48.42105809617857,,
Car 231,50.0,22,2,,,done,,done charging,50.0,,288.08293504404725
Car 253,,,,40,,arrived,,arrived,52.0,,
Car 253,,,,,1,switch,,"Charger 1 (fid=50) not available, trying Charger 2 (fid=22)",53.0,2,
Car 253,,22,2,,,start_charge,,starting to charge at Charger 2 (fid=22),60.3177670500834,,
Car 185,,,,89,,arrived,,arrived,62.0,,
Car 185,,,,,1,switch,,"Charger 1 (fid=50) not available, trying Charger 3 (fid=118)",63.0,3,
Car 74,,,,45,,arrived,,arrived,64.0,,
Car 74,,,,,1,switch,,"Charger 1 (fid=50) not available, trying Charger 2 (fid=22)",65.0,2,
Car 164,,,,66,,arrived,,arrived,66.0,,
Car 164,,,,,1,switch,,"Charger 1 (fid=50) not available, trying Charger 0 (fid=33)",67.0,0,
Car 185,,,,,3,switch,,"Charger 3 (fid=118) not available, trying Charger 2 (fid=22)",71.52281829242814,2,
Car 74,,,,,2,switch,,"Charger 2 (fid=22) not available, trying Charger 3 (fid=118)",73.3177670500834,3,
Car 164,,,,,0,switch,,"Charger 0 (fid=33) not available, trying Charger 2 (fid=22)",76.59709701725905,2,
Car 173,,,,88,,arrived,,arrived,78.0,,
Car 185,,,,,2,switch,,"Charger 2 (fid=22) not available, trying Charger 0 (fid=33)",78.2484988840102,0,
Car 79,,,,56,,arrived,,arrived,79.0,,
Car 173,,,,,1,switch,,"Charger 1 (fid=50) not available, trying Charger 3 (fid=118)",79.0,3,
Car 164,,,,,2,switch,,"Charger 2 (fid=22) not available, trying Charger 3 (fid=118)",79.69537750459651,3,
Car 141,,,,8,,arrived,,arrived,80.0,,
Car 299,,,,34,,arrived,,arrived,80.0,,
Car 79,,,,,2,switch,,"Charger 2 (fid=22) not available, trying Charger 0 (fid=33)",80.0,0,
Car 74,,,,,3,switch,,"Charger 3 (fid=118) not available, trying Charger 0 (fid=33)",80.04344764166547,0,
Car 193,60.0,118,3,,,done,,done charging,80.72568059158206,,377.9407464467927
Car 141,,,,,1,switch,,"Charger 1 (fid=50) not available, trying Charger 0 (fid=33)",81.0,0,
Car 299,,,,,0,switch,,"Charger 0 (fid=33) not available, trying Charger 2 (fid=22)",81.0,2,
Car 185,,,,,,gave_up,0,"no alternate charger available, gave up",81.34677937134767,,
Car 0,,,,30,,arrived,,arrived,82.0,,
Car 142,,,,34,,arrived,,arrived,83.0,,
Car 0,,,,,2,switch,,"Charger 2 (fid=22) not available, trying Charger 0 (fid=33)",83.0,0,
Car 79,,,,,0,switch,,"Charger 0 (fid=33) not available, trying Charger 3 (fid=118)",83.09828048733746,3,
Car 104,,,,31,,arrived,,arrived,84.0,,
Car 142,,,,,2,switch,,"Charger 2 (fid=22) not available, trying Charger 3 (fid=118)",84.0,3,
Car 299,,,,,2,switch,,"Charger 2 (fid=22) not available, trying Charger 3 (fid=118)",84.09828048733746,3,
Car 223,82.0,33,0,,,done,,done charging,85.0,,316.9270217104447
Car 104,,,,,2,switch,,"Charger 2 (fid=22) not available, trying Charger 0 (fid=33)",85.0,0,
Car 0,,33,0,,,start_charge,,starting to charge at Charger 0 (fid=33),85.09828048733746,,
Car 164,,118,3,,,start_charge,,starting to charge at Charger 3 (fid=118),85.42105809617857,,
Car 94,,,,5,,arrived,,arrived,86.0,,
Car 94,,,,,1,switch,,"Charger 1 (fid=50) not available, trying Charger 3 (fid=118)",87.0,3,
Car 173,,,,,3,switch,,"Charger 3 (fid=118) not available, trying Charger 2 (fid=22)",87.52281829242814,2,
Car 104,,,,,0,switch,,"Charger 0 (fid=33) not available, trying Charger 3 (fid=118)",88.09828048733746,3,
Car 74,,,,,,gave_up,0,"no alternate charger available, gave up",88.74347339875497,,
Car 141,,,,,0,switch,,"Charger 0 (fid=33) not available, trying Charger 2 (fid=22)",90.59709701725905,2,
Car 142,,,,,3,switch,,"Charger 3 (fid=118) not available, trying Charger 1 (fid=50)",90.72568059158206,1,
Car 299,,,,,3,switch,,"Charger 3 (fid=118) not available, trying Charger 1 (fid=50)",90.82396107891952,1,
Car 176,,,,27,,arrived,,arrived,91.0,,
Car 291,,,,35,,arrived,,arrived,91.0,,
Car 79,,,,,3,switch,,"Charger 3 (fid=118) not available, trying Charger 1 (fid=50)",91.79830624442695,1,
Car 41,,,,4,,arrived,,arrived,92.0,,
Car 176,,,,,0,switch,,"Charger 0 (fid=33) not available, trying Charger 2 (fid=22)",92.0,2,
Car 291,,,,,2,switch,,"Charger 2 (fid=22) not available, trying Charger 3 (fid=118)",92.0,3,
Car 65,,,,61,,arrived,,arrived,93.0,,
Car 41,,,,,0,switch,,"Charger 0 (fid=33) not available, trying Charger 2 (fid=22)",93.0,2,
Car 141,,,,,2,switch,,"Charger 2 (fid=22) not available, trying Charger 3 (fid=118)",93.69537750459651,3,
Car 65,,,,,1,switch,,"Charger 1 (fid=50) not available, trying Charger 2 (fid=22)",94.0,2,
Car 173,,,,,2,switch,,"Charger 2 (fid=22) not available, trying Charger 0 (fid=33)",94.2484988840102,0,
Car 176,,,,,2,switch,,"Charger 2 (fid=22) not available, trying Charger 3 (fid=118)",95.09828048733746,3,
Car 94,,,,,3,switch,,"Charger 3 (fid=118) not available, trying Charger 2 (fid=22)",95.52281829242814,2,
Car 41,,,,,2,switch,,"Charger 2 (fid=22) not available, trying Charger 1 (fid=50)",96.09828048733746,1,
Car 104,,,,,3,switch,,"Charger 3 (fid=118) not available, trying Charger 1 (fid=50)",96.79830624442695,1,
Car 173,,,,,,gave_up,0,"no alternate charger available, gave up",97.34677937134767,,
Car 291,,,,,3,switch,,"Charger 3 (fid=118) not available, trying Charger 1 (fid=50)",98.72568059158206,1,
Car 142,,,,,1,switch,,"Charger 1 (fid=50) not available, trying Charger 0 (fid=33)",99.2484988840102,0,
Car 299,,,,,,gave_up,1,"no alternate charger available, gave up",99.34677937134767,,
Car 79,,,,,,gave_up,1,"no alternate charger available, gave up",100.3211245368551,,
Car 141,,,,,,gave_up,3,"no alternate charger available, gave up",100.42105809617857,,
Car 176,,,,,3,switch,,"Charger 3 (fid=118) not available, trying Charger 1 (fid=50)",101.82396107891952,1,
Car 94,,,,,2,switch,,"Charger 2 (fid=22) not available, trying Charger 0 (fid=33)",102.2484988840102,0,
Car 65,,,,,2,switch,,"Charger 2 (fid=22) not available, trying Charger 3 (fid=118)",102.3177670500834,3,
Car 41,,,,,1,switch,,"Charger 1 (fid=50) not available, trying Charger 3 (fid=118)",104.41604753742085,3,
Car 104,,,,,,gave_up,1,"no alternate charger available, gave up",105.3211245368551,,
Car 94,,,,,,gave_up,0,"no alternate charger available, gave up",105.34677937134767,,
Car 252,,,,25,,arrived,,arrived,107.0,,
Car 278,,,,18,,arrived,,arrived,107.0,,
Car 291,,,,,1,switch,,"Charger 1 (fid=50) not available, trying Charger 0 (fid=33)",107.2484988840102,0,
Car 256,95.0,50,1,,,done,,done charging,108.0,,55.35955402462531
Car 252,,,,,0,switch,,"Charger 0 (fid=33) not available, trying Charger 2 (fid=22)",108.0,2,
Car 278,,,,,2,switch,,"Charger 2 (fid=22) not available, trying Charger 0 (fid=33)",108.0,0,
Car 142,,,,,,gave_up,0,"no alternate charger available, gave up",108.84559590126925,,
Car 65,,,,,3,switch,,"Charger 3 (fid=118) not available, trying Charger 0 (fid=33)",109.04344764166547,0,
Car 176,,50,1,,,start_charge,,starting to charge at Charger 1 (fid=50),109.34677937134767,,
Car 252,,,,,2,switch,,"Charger 2 (fid=22) not available, trying Charger 1 (fid=50)",111.09828048733746,1,
Car 278,,,,,0,switch,,"Charger 0 (fid=33) not available, trying Charger 3 (fid=118)",111.09828048733746,3,
Car 41,,,,,,gave_up,3,"no alternate charger available, gave up",112.938865829849,,
Car 158,,,,32,,arrived,,arrived,113.0,,
Car 158,,,,,0,switch,,"Charger 0 (fid=33) not available, trying Charger 2 (fid=22)",114.0,2,
Car 291,,,,,,gave_up,0,"no alternate charger available, gave up",116.84559590126925,,
Car 158,,,,,2,switch,,"Charger 2 (fid=22) not available, trying Charger 3 (fid=118)",117.09828048733746,3,
Car 65,,,,,,gave_up,0,"no alternate charger available, gave up",117.74347339875497,,
Car 56,,,,89,,arrived,,arrived,118.0,,
Car 212,,,,42,,arrived,,arrived,118.0,,
Car 56,,,,,1,switch,,"Charger 1 (fid=50) not available, trying Charger 3 (fid=118)",119.0,3,
Car 212,,,,,2,switch,,"Charger 2 (fid=22) not available, trying Charger 0 (fid=33)",119.0,0,
Car 252,,,,,1,switch,,"Charger 1 (fid=50) not available, trying Charger 3 (fid=118)",119.41604753742085,3,
Car 278,,,,,3,switch,,"Charger 3 (fid=118) not available, trying Charger 1 (fid=50)",119.79830624442695,1,
Car 212,,,,,0,switch,,"Charger 0 (fid=33) not available, trying Charger 1 (fid=50)",122.09828048733746,1,
Car 158,,,,,3,switch,,"Charger 3 (fid=118) not available, trying Charger 1 (fid=50)",123.82396107891952,1,
Car 56,,,,,3,switch,,"Charger 3 (fid=118) not available, trying Charger 2 (fid=22)",127.52281829242814,2,
Car 252,,,,,,gave_up,3,"no alternate charger available, gave up",127.938865829849,,
Car 15,,,,21,,arrived,,arrived,128.0,,
Car 184,,,,11,,arrived,,arrived,128.0,,
Car 278,,,,,,gave_up,1,"no alternate charger available, gave up",128.3211245368551,,
Car 15,,,,,2,switch,,"Charger 2 (fid=22) not available, trying Charger 0 (fid=33)",129.0,0,
Car 184,,,,,1,switch,,"Charger 1 (fid=50) not available, trying Charger 2 (fid=22)",129.0,2,
Car 125,,,,4,,arrived,,arrived,130.0,,
Car 280,,,,89,,arrived,,arrived,130.0,,
Car 125,,,,,0,switch,,"Charger 0 (fid=33) not available, trying Charger 2 (fid=22)",131.0,2,
Car 280,,,,,1,switch,,"Charger 1 (fid=50) not available, trying Charger 3 (fid=118)",131.0,3,
Car 212,,,,,1,switch,,"Charger 1 (fid=50) not available, trying Charger 3 (fid=118)",131.6953775045965,3,
Car 15,,,,,0,switch,,"Charger 0 (fid=33) not available, trying Charger 3 (fid=118)",132.09828048733746,3,
Car 253,72.0,22,2,,,done,,done charging,132.3177670500834,,608.454822528885
Car 158,,,,,,gave_up,1,"no alternate charger available, gave up",132.34677937134765,,
Car 164,47.0,118,3,,,done,,done charging,132.42105809617857,,753.4140145022635
Car 125,,22,2,,,start_charge,,starting to charge at Charger 2 (fid=22),133.09828048733746,,
Car 117,,,,91,,arrived,,arrived,134.0,,
Car 56,,,,,2,switch,,"Charger 2 (fid=22) not available, trying Charger 0 (fid=33)",134.2484988840102,0,
Car 140,,,,90,,arrived,,arrived,135.0,,
Car 117,,,,,1,switch,,"Charger 1 (fid=50) not available, trying Charger 3 (fid=118)",135.0,3,
Car 140,,,,,1,switch,,"Charger 1 (fid=50) not available, trying Charger 3 (fid=118)",136.0,3,
Car 184,,,,,2,switch,,"Charger 2 (fid=22) not available, trying Charger 0 (fid=33)",137.3177670500834,0,
Car 56,,,,,,gave_up,0,"no alternate charger available, gave up",137.34677937134765,,
Car 280,,118,3,,,start_charge,,starting to charge at Charger 3 (fid=118),138.52281829242813,,
Car 212,,,,,,gave_up,3,"no alternate charger available, gave up",140.21819579702463,,
Car 184,,,,,0,switch,,"Charger 0 (fid=33) not available, trying Charger 3 (fid=118)",140.41604753742087,3,
Car 15,,,,,3,switch,,"Charger 3 (fid=118) not available, trying Charger 1 (fid=50)",140.79830624442695,1,
Car 50,,,,25,,arrived,,arrived,143.0,,
Car 117,,,,,3,switch,,"Charger 3 (fid=118) not available, trying Charger 2 (fid=22)",143.52281829242813,2,
Car 50,,,,,2,switch,,"Charger 2 (fid=22) not available, trying Charger 3 (fid=118)",144.0,3,
Car 140,,,,,3,switch,,"Charger 3 (fid=118) not available, trying Charger 2 (fid=22)",144.52281829242813,2,
Car 109,,,,34,,arrived,,arrived,145.0,,
Car 109,,,,,2,switch,,"Charger 2 (fid=22) not available, trying Charger 3 (fid=118)",146.0,3,
Car 292,,,,1,,arrived,,arrived,148.0,,
Car 292,,,,,1,switch,,"Charger 1 (fid=50) not available, trying Charger 3 (fid=118)",149.0,3,
Car 184,,,,,,gave_up,3,"no alternate charger available, gave up",149.11607329451036,,
Car 15,,,,,,gave_up,1,"no alternate charger available, gave up",149.32112453685508,,
Car 117,,,,,2,switch,,"Charger 2 (fid=22) not available, trying Charger 0 (fid=33)",150.2484988840102,0,
Car 50,,,,,3,switch,,"Charger 3 (fid=118) not available, trying Charger 0 (fid=33)",150.72568059158206,0,
Car 140,,,,,2,switch,,"Charger 2 (fid=22) not available, trying Charger 0 (fid=33)",151.2484988840102,0,
Car 109,,,,,3,switch,,"Charger 3 (fid=118) not available, trying Charger 1 (fid=50)",152.72568059158206,1,
Car 117,,,,,,gave_up,0,"no alternate charger available, gave up",153.34677937134765,,
Car 140,,,,,,gave_up,0,"no alternate charger available, gave up",154.34677937134765,,
Car 292,,,,,3,switch,,"Charger 3 (fid=118) not available, trying Charger 2 (fid=22)",157.52281829242813,2,
Car 207,,,,78,,arrived,,arrived,159.0,,
Car 50,,,,,0,switch,,"Charger 0 (fid=33) not available, trying Charger 1 (fid=50)",159.42570634867155,1,
Car 207,,,,,1,switch,,"Charger 1 (fid=50) not available, trying Charger 0 (fid=33)",160.0,0,
Car 109,,,,,1,switch,,"Charger 1 (fid=50) not available, trying Charger 0 (fid=33)",161.2484988840102,0,
Car 176,54.0,50,1,,,done,,done charging,163.34677937134768,,675.4927320408045
Car 292,,,,,2,switch,,"Charger 2 (fid=22) not available, trying Charger 0 (fid=33)",164.2484988840102,0,
Car 201,,,,11,,arrived,,arrived,165.0,,
Car 201,,50,1,,,start_charge,,starting to charge at Charger 1 (fid=50),165.0,,
Car 292,,,,,,gave_up,0,"no alternate charger available, gave up",167.34677937134765,,
Car 35,,,,37,,arrived,,arrived,168.0,,
Car 35,,,,,2,switch,,"Charger 2 (fid=22) not available, trying Charger 0 (fid=33)",169.0,0,
Car 50,,,,,,gave_up,1,"no alternate charger available, gave up",169.0228033659306,,
Car 207,,,,,0,switch,,"Charger 0 (fid=33) not available, trying Charger 2 (fid=22)",169.59709701725905,2,
Car 109,,,,,,gave_up,0,"no alternate charger available, gave up",170.84559590126923,,
Car 183,,,,31,,arrived,,arrived,172.0,,
Car 35,,,,,0,switch,,"Charger 0 (fid=33) not available, trying Charger 1 (fid=50)",172.09828048733746,1,
Car 207,,,,,2,switch,,"Charger 2 (fid=22) not available, trying Charger 3 (fid=118)",172.6953775045965,3,
Car 183,,,,,2,switch,,"Charger 2 (fid=22) not available, trying Charger 0 (fid=33)",173.0,0,
Car 295,,,,9,,arrived,,arrived,175.0,,
Car 295,,,,,1,switch,,"Charger 1 (fid=50) not available, trying Charger 2 (fid=22)",176.0,2,
Car 183,,,,,0,switch,,"Charger 0 (fid=33) not available, trying Charger 3 (fid=118)",176.09828048733746,3,
Car 207,,,,,,gave_up,3,"no alternate charger available, gave up",179.42105809617857,,
Car 35,,,,,1,switch,,"Charger 1 (fid=50) not available, trying Charger 3 (fid=118)",181.6953775045965,3,
Car 0,98.0,33,0,,,done,,done charging,183.09828048733746,,396.19746625792385
Car 295,,,,,2,switch,,"Charger 2 (fid=22) not available, trying Charger 0 (fid=33)",184.3177670500834,0,
Car 183,,,,,3,switch,,"Charger 3 (fid=118) not available, trying Charger 1 (fid=50)",184.79830624442695,1,
Car 295,,33,0,,,start_charge,,starting to charge at Charger 0 (fid=33),186.41604753742087,,
Car 35,,,,,,gave_up,3,"no alternate charger available, gave up",190.21819579702463,,
Car 103,,,,38,,arrived,,arrived,191.0,,
Car 103,,,,,0,switch,,"Charger 0 (fid=33) not available, trying Charger 2 (fid=22)",192.0,2,
Car 125,59.0,22,2,,,done,,done charging,192.09828048733746,,371.6291039835901
Car 183,,,,,,gave_up,1,"no alternate charger available, gave up",193.32112453685508,,
Car 4,,,,69,,arrived,,arrived,194.0,,
Car 4,,22,2,,,start_charge,,starting to charge at Charger 2 (fid=22),194.0,,
Car 103,,,,,2,switch,,"Charger 2 (fid=22) not available, trying Charger 1 (fid=50)",195.09828048733746,1,
Car 119,,,,45,,arrived,,arrived,200.0,,
Car 280,62.0,118,3,,,done,,done charging,200.52281829242813,,495.8379181414739
Car 119,,,,,1,switch,,"Charger 1 (fid=50) not available, trying Charger 2 (fid=22)",201.0,2,
Car 103,,,,,1,switch,,"Charger 1 (fid=50) not available, trying Charger 3 (fid=118)",203.41604753742087,3,
Car 88,,,,54,,arrived,,arrived,205.0,,
Car 8,,,,40,,arrived,,arrived,206.0,,
Car 40,,,,88,,arrived,,arrived,206.0,,
Car 88,,,,,2,switch,,"Charger 2 (fid=22) not available, trying Charger 0 (fid=33)",206.0,0,
Car 8,,,,,1,switch,,"Charger 1 (fid=50) not available, trying Charger 2 (fid=22)",207.0,2,
Car 40,,,,,1,switch,,"Charger 1 (fid=50) not available, trying Charger 3 (fid=118)",207.0,3,
Car 233,,,,83,,arrived,,arrived,208.0,,
Car 233,,118,3,,,start_charge,,starting to charge at Charger 3 (fid=118),208.0,,
Car 88,,,,,0,switch,,"Charger 0 (fid=33) not available, trying Charger 1 (fid=50)",209.09828048733746,1,
Car 119,,,,,2,switch,,"Charger 2 (fid=22) not available, trying Charger 3 (fid=118)",209.3177670500834,3,
Car 103,,,,,,gave_up,3,"no alternate charger available, gave up",211.938865829849,,
Car 241,,,,46,,arrived,,arrived,215.0,,
Car 8,,,,,2,switch,,"Charger 2 (fid=22) not available, trying Charger 3 (fid=118)",215.3177670500834,3,
Car 40,,,,,3,switch,,"Charger 3 (fid=118) not available, trying Charger 2 (fid=22)",215.52281829242813,2,
Car 241,,,,,2,switch,,"Charger 2 (fid=22) not available, trying Charger 0 (fid=33)",216.0,0,
Car 119,,,,,3,switch,,"Charger 3 (fid=118) not available, trying Charger 0 (fid=33)",216.04344764166547,0,
Car 88,,,,,1,switch,,"Charger 1 (fid=50) not available, trying Charger 3 (fid=118)",218.6953775045965,3,
Car 302,,,,62,,arrived,,arrived,219.0,,
Car 241,,,,,0,switch,,"Charger 0 (fid=33) not available, trying Charger 1 (fid=50)",219.09828048733746,1,
Car 302,,,,,1,switch,,"Charger 1 (fid=50) not available, trying Charger 2 (fid=22)",220.0,2,
Car 216,,,,31,,arrived,,arrived,222.0,,
Car 8,,,,,3,switch,,"Charger 3 (fid=118) not available, trying Charger 0 (fid=33)",222.04344764166547,0,
Car 40,,,,,2,switch,,"Charger 2 (fid=22) not available, trying Charger 0 (fid=33)",222.2484988840102,0,
Car 19,,,,34,,arrived,,arrived,223.0,,
Car 216,,,,,2,switch,,"Charger 2 (fid=22) not available, trying Charger 0 (fid=33)",223.0,0,
Car 19,,,,,2,switch,,"Charger 2 (fid=22) not available, trying Charger 3 (fid=118)",224.0,3,
Car 119,,,,,,gave_up,0,"no alternate charger available, gave up",224.74347339875496,,
Car 40,,,,,,gave_up,0,"no alternate charger available, gave up",225.34677937134765,,
Car 216,,,,,0,switch,,"Charger 0 (fid=33) not available, trying Charger 3 (fid=118)",226.09828048733746,3,
Car 88,,,,,,gave_up,3,"no alternate charger available, gave up",227.21819579702463,,
Car 302,,,,,2,switch,,"Charger 2 (fid=22) not available, trying Charger 3 (fid=118)",228.3177670500834,3,
Car 241,,,,,1,switch,,"Charger 1 (fid=50) not available, trying Charger 3 (fid=118)",228.6953775045965,3,
Car 19,,,,,3,switch,,"Charger 3 (fid=118) not available, trying Charger 1 (fid=50)",230.72568059158206,1,
Car 8,,,,,,gave_up,0,"no alternate charger available, gave up",230.74347339875496,,
Car 216,,,,,3,switch,,"Charger 3 (fid=118) not available, trying Charger 1 (fid=50)",234.79830624442695,1,
Car 302,,,,,3,switch,,"Charger 3 (fid=118) not available, trying Charger 0 (fid=33)",235.04344764166547,0,
Car 45,,,,4,,arrived,,arrived,237.0,,
Car 241,,,,,,gave_up,3,"no alternate charger available, gave up",237.21819579702463,,
Car 45,,,,,1,switch,,"Charger 1 (fid=50) not available, trying Charger 3 (fid=118)",238.0,3,
Car 38,,,,78,,arrived,,arrived,239.0,,
Car 19,,,,,1,switch,,"Charger 1 (fid=50) not available, trying Charger 0 (fid=33)",239.2484988840102,0,
Car 58,,,,66,,arrived,,arrived,240.0,,
Car 38,,,,,1,switch,,"Charger 1 (fid=50) not available, trying Charger 0 (fid=33)",240.0,0,
Car 58,,,,,1,switch,,"Charger 1 (fid=50) not available, trying Charger 0 (fid=33)",241.0,0,
Car 237,,,,60,,arrived,,arrived,242.0,,
Car 127,,,,56,,arrived,,arrived,243.0,,
Car 237,,,,,1,switch,,"Charger 1 (fid=50) not available, trying Charger 2 (fid=22)",243.0,2,
Car 216,,,,,,gave_up,1,"no alternate charger available, gave up",243.32112453685508,,
Car 302,,,,,,gave_up,0,"no alternate charger available, gave up",243.74347339875496,,
Car 127,,,,,2,switch,,"Charger 2 (fid=22) not available, trying Charger 0 (fid=33)",244.0,0,
Car 44,,,,44,,arrived,,arrived,245.0,,
Car 44,,,,,0,switch,,"Charger 0 (fid=33) not available, trying Charger 2 (fid=22)",246.0,2,
Car 295,60.0,33,0,,,done,,done charging,246.41604753742087,,526.2746381743392
Car 127,,33,0,,,start_charge,,starting to charge at Charger 0 (fid=33),246.41604753742087,,
Car 45,,,,,3,switch,,"Charger 3 (fid=118) not available, trying Charger 2 (fid=22)",246.52281829242813,2,
Car 230,,,,31,,arrived,,arrived,247.0,,
Car 230,,,,,2,switch,,"Charger 2 (fid=22) not available, trying Charger 0 (fid=33)",248.0,0,
Car 19,,,,,,gave_up,0,"no alternate charger available, gave up",248.84559590126923,,
Car 44,,,,,2,switch,,"Charger 2 (fid=22) not available, trying Charger 3 (fid=118)",249.09828048733746,3,
Car 38,,,,,0,switch,,"Charger 0 (fid=33) not available, trying Charger 2 (fid=22)",249.59709701725905,2,
Car 58,,,,,0,switch,,"Charger 0 (fid=33) not available, trying Charger 2 (fid=22)",250.59709701725905,2,
Car 230,,,,,0,switch,,"Charger 0 (fid=33) not available, trying Charger 3 (fid=118)",251.09828048733746,3,
Car 237,,,,,2,switch,,"Charger 2 (fid=22) not available, trying Charger 3 (fid=118)",251.3177670500834,3,
Car 38,,,,,2,switch,,"Charger 2 (fid=22) not available, trying Charger 3 (fid=118)",252.6953775045965,3,
Car 47,,,,54,,arrived,,arrived,253.0,,
Car 45,,,,,2,switch,,"Charger 2 (fid=22) not available, trying Charger 0 (fid=33)",253.2484988840102,0,
Car 58,,,,,2,switch,,"Charger 2 (fid=22) not available, trying Charger 3 (fid=118)",253.6953775045965,3,
Car 43,,,,71,,arrived,,arrived,254.0,,
Car 113,,,,54,,arrived,,arrived,254.0,,
Car 47,,,,,2,switch,,"Charger 2 (fid=22) not available, trying Charger 0 (fid=33)",254.0,0,
Car 20,,,,61,,arrived,,arrived,255.0,,
Car 43,,,,,2,switch,,"Charger 2 (fid=22) not available, trying Charger 0 (fid=33)",255.0,0,
Car 113,,,,,2,switch,,"Charger 2 (fid=22) not available, trying Charger 0 (fid=33)",255.0,0,
Car 44,,,,,3,switch,,"Charger 3 (fid=118) not available, trying Charger 1 (fid=50)",255.82396107891952,1,
Car 203,,,,91,,arrived,,arrived,256.0,,
Car 4,62.0,22,2,,,done,,done charging,256.0,,154.61994071296635
Car 20,,,,,1,switch,,"Charger 1 (fid=50) not available, trying Charger 2 (fid=22)",256.0,2,
Car 45,,,,,,gave_up,0,"no alternate charger available, gave up",256.3467793713477,,
Car 203,,,,,1,switch,,"Charger 1 (fid=50) not available, trying Charger 3 (fid=118)",257.0,3,
Car 47,,,,,0,switch,,"Charger 0 (fid=33) not available, trying Charger 1 (fid=50)",257.0982804873375,1,
Car 237,,,,,3,switch,,"Charger 3 (fid=118) not available, trying Charger 0 (fid=33)",258.04344764166547,0,
Car 43,,,,,0,switch,,"Charger 0 (fid=33) not available, trying Charger 3 (fid=118)",258.0982804873375,3,
Car 113,,,,,0,switch,,"Charger 0 (fid=33) not available, trying Charger 1 (fid=50)",258.0982804873375,1,
Car 38,,,,,,gave_up,3,"no alternate charger available, gave up",259.42105809617857,,
Car 230,,,,,3,switch,,"Charger 3 (fid=118) not available, trying Charger 1 (fid=50)",259.79830624442695,1,
Car 170,,,,34,,arrived,,arrived,260.0,,
Car 58,,,,,,gave_up,3,"no alternate charger available, gave up",260.42105809617857,,
Car 170,,,,,0,switch,,"Charger 0 (fid=33) not available, trying Charger 2 (fid=22)",261.0,2,
Car 170,,22,2,,,start_charge,,starting to charge at Charger 2 (fid=22),263.0982804873375,,
Car 20,,,,,2,switch,,"Charger 2 (fid=22) not available, trying Charger 3 (fid=118)",264.3177670500834,3,
Car 44,,,,,,gave_up,1,"no alternate charger available, gave up",264.3467793713477,,
Car 203,,,,,3,switch,,"Charger 3 (fid=118) not available, trying Charger 2 (fid=22)",265.52281829242816,2,
Car 197,,,,4,,arrived,,arrived,266.0,,
Car 47,,,,,1,switch,,"Charger 1 (fid=50) not available, trying Charger 3 (fid=118)",266.69537750459654,3,
Car 237,,,,,,gave_up,0,"no alternate charger available, gave up",266.743473398755,,
Car 43,,,,,3,switch,,"Charger 3 (fid=118) not available, trying Charger 1 (fid=50)",266.798306244427,1,
Car 82,,,,118,,arrived,,arrived,267.0,,
Car 197,,,,,1,switch,,"Charger 1 (fid=50) not available, trying Charger 3 (fid=118)",267.0,3,
Car 113,,,,,1,switch,,"Charger 1 (fid=50) not available, trying Charger 3 (fid=118)",267.69537750459654,3,
Car 82,,,,,3,switch,,"Charger 3 (fid=118) not available, trying Charger 2 (fid=22)",268.0,2,
Car 230,,,,,,gave_up,1,"no alternate charger available, gave up",268.3211245368551,,
Car 206,,,,67,,arrived,,arrived,270.0,,
Car 206,,,,,2,switch,,"Charger 2 (fid=22) not available, trying Charger 0 (fid=33)",271.0,0,
Car 20,,,,,3,switch,,"Charger 3 (fid=118) not available, trying Charger 0 (fid=33)",271.0434476416654,0,
Car 203,,,,,2,switch,,"Charger 2 (fid=22) not available, trying Charger 0 (fid=33)",272.2484988840102,0,
Car 206,,,,,0,switch,,"Charger 0 (fid=33) not available, trying Charger 1 (fid=50)",274.0982804873375,1,
Car 82,,,,,2,switch,,"Charger 2 (fid=22) not available, trying Charger 1 (fid=50)",274.72568059158203,1,
Car 47,,,,,,gave_up,3,"no alternate charger available, gave up",275.2181957970247,,
Car 43,,,,,,gave_up,1,"no alternate charger available, gave up",275.32112453685517,,
Car 203,,,,,,gave_up,0,"no alternate charger available, gave up",275.3467793713477,,
Car 197,,,,,3,switch,,"Charger 3 (fid=118) not available, trying Charger 2 (fid=22)",275.52281829242816,2,
Car 113,,,,,,gave_up,3,"no alternate charger available, gave up",276.2181957970247,,
Car 20,,,,,,gave_up,0,"no alternate charger available, gave up",279.74347339875493,,
Car 197,,,,,2,switch,,"Charger 2 (fid=22) not available, trying Charger 0 (fid=33)",282.2484988840102,0,
Car 82,,,,,1,switch,,"Charger 1 (fid=50) not available, trying Charger 0 (fid=33)",283.0434476416654,0,
Car 206,,,,,1,switch,,"Charger 1 (fid=50) not available, trying Charger 3 (fid=118)",283.69537750459654,3,
Car 201,120.0,50,1,,,done,,done charging,285.0,,287.45053370172894
Car 197,,,,,,gave_up,0,"no alternate charger available, gave up",285.3467793713477,,
Car 259,,,,84,,arrived,,arrived,288.0,,
Car 259,,50,1,,,start_charge,,starting to charge at Charger 1 (fid=50),288.0,,
Car 209,,,,66,,arrived,,arrived,291.0,,
Car 209,,,,,1,switch,,"Charger 1 (fid=50) not available, trying Charger 0 (fid=33)",292.0,0,
Car 206,,,,,,gave_up,3,"no alternate charger available, gave up",292.2181957970247,,
Car 82,,,,,,gave_up,0,"no alternate charger available, gave up",292.64054465892445,,
Car 209,,,,,0,switch,,"Charger 0 (fid=33) not available, trying Charger 2 (fid=22)",301.59709701725905,2,
Car 132,,,,63,,arrived,,arrived,303.0,,
Car 263,,,,51,,arrived,,arrived,303.0,,
Car 132,,,,,2,switch,,"Charger 2 (fid=22) not available, trying Charger 0 (fid=33)",304.0,0,
Car 263,,,,,1,switch,,"Charger 1 (fid=50) not available, trying Charger 3 (fid=118)",304.0,3,
Car 209,,,,,2,switch,,"Charger 2 (fid=22) not available, trying Charger 3 (fid=118)",304.69537750459654,3,
Car 28,,,,30,,arrived,,arrived,306.0,,
Car 28,,,,,0,switch,,"Charger 0 (fid=33) not available, trying Charger 2 (fid=22)",307.0,2,
Car 132,,,,,0,switch,,"Charger 0 (fid=33) not available, trying Charger 1 (fid=50)",307.0982804873375,1,
Car 131,,,,11,,arrived,,arrived,309.0,,
Car 233,101.0,118,3,,,done,,done charging,309.0,,77.98052682196844
Car 131,,,,,1,switch,,"Charger 1 (fid=50) not available, trying Charger 2 (fid=22)",310.0,2,
Car 28,,,,,2,switch,,"Charger 2 (fid=22) not available, trying Charger 3 (fid=118)",310.0982804873375,3,
Car 209,,118,3,,,start_charge,,starting to charge at Charger 3 (fid=118),310.42105809617857,,
Car 263,,,,,3,switch,,"Charger 3 (fid=118) not available, trying Charger 2 (fid=22)",312.52281829242816,2,
Car 63,,,,62,,arrived,,arrived,314.0,,
Car 296,,,,47,,arrived,,arrived,314.0,,
Car 63,,,,,1,switch,,"Charger 1 (fid=50) not available, trying Charger 2 (fid=22)",315.0,2,
Car 296,,,,,0,switch,,"Charger 0 (fid=33) not available, trying Charger 2 (fid=22)",315.0,2,
Car 93,,,,32,,arrived,,arrived,316.0,,
Car 127,70.0,33,0,,,done,,done charging,316.41604753742087,,435.54861923470827
Car 132,,,,,1,switch,,"Charger 1 (fid=50) not available, trying Charger 3 (fid=118)",316.69537750459654,3,
Car 28,,,,,3,switch,,"Charger 3 (fid=118) not available, trying Charger 1 (fid=50)",316.8239610789195,1,
Car 93,,,,,2,switch,,"Charger 2 (fid=22) not available, trying Charger 0 (fid=33)",317.0,0,
Car 296,,,,,2,switch,,"Charger 2 (fid=22) not available, trying Charger 1 (fid=50)",318.0982804873375,1,
Car 131,,,,,2,switch,,"Charger 2 (fid=22) not available, trying Charger 0 (fid=33)",318.3177670500834,0,
Car 93,,33,0,,,start_charge,,starting to charge at Charger 0 (fid=33),319.0982804873375,,
Car 263,,,,,2,switch,,"Charger 2 (fid=22) not available, trying Charger 0 (fid=33)",319.2484988840102,0,
Car 131,,,,,0,switch,,"Charger 0 (fid=33) not available, trying Charger 3 (fid=118)",321.41604753742087,3,
Car 263,,,,,,gave_up,0,"no alternate charger available, gave up",322.3467793713477,,
Car 63,,,,,2,switch,,"Charger 2 (fid=22) not available, trying Charger 3 (fid=118)",323.3177670500834,3,
Car 132,,,,,,gave_up,3,"no alternate charger available, gave up",325.2181957970247,,
Car 28,,,,,,gave_up,1,"no alternate charger available, gave up",325.3467793713477,,
Car 296,,,,,1,switch,,"Charger 1 (fid=50) not available, trying Charger 3 (fid=118)",326.41604753742087,3,
Car 63,,,,,3,switch,,"Charger 3 (fid=118) not available, trying Charger 0 (fid=33)",330.0434476416654,0,
Car 131,,,,,,gave_up,3,"no alternate charger available, gave up",330.1160732945104,,
Car 57,,,,38,,arrived,,arrived,331.0,,
Car 57,,,,,0,switch,,"Charger 0 (fid=33) not available, trying Charger 2 (fid=22)",332.0,2,
Car 238,,,,8,,arrived,,arrived,334.0,,
Car 296,,,,,,gave_up,3,"no alternate charger available, gave up",334.938865829849,,
Car 238,,,,,1,switch,,"Charger 1 (fid=50) not available, trying Charger 0 (fid=33)",335.0,0,
Car 57,,,,,2,switch,,"Charger 2 (fid=22) not available, trying Charger 1 (fid=50)",335.0982804873375,1,
Car 63,,,,,,gave_up,0,"no alternate charger available, gave up",338.74347339875493,,
Car 76,,,,50,,arrived,,arrived,339.0,,
Car 76,,,,,1,switch,,"Charger 1 (fid=50) not available, trying Charger 2 (fid=22)",340.0,2,
Car 57,,,,,1,switch,,"Charger 1 (fid=50) not available, trying Charger 3 (fid=118)",343.41604753742087,3,
Car 238,,,,,0,switch,,"Charger 0 (fid=33) not available, trying Charger 2 (fid=22)",344.59709701725905,2,
Car 170,82.0,22,2,,,done,,done charging,345.0982804873375,,122.40878015767329
Car 238,,22,2,,,start_charge,,starting to charge at Charger 2 (fid=22),346.69537750459654,,
Car 76,,,,,2,switch,,"Charger 2 (fid=22) not available, trying Charger 3 (fid=118)",348.3177670500834,3,
Car 39,,,,37,,arrived,,arrived,349.0,,
Car 39,,,,,2,switch,,"Charger 2 (fid=22) not available, trying Charger 0 (fid=33)",350.0,0,
Car 57,,,,,,gave_up,3,"no alternate charger available, gave up",351.938865829849,,
Car 39,,,,,0,switch,,"Charger 0 (fid=33) not available, trying Charger 1 (fid=50)",353.0982804873375,1,
Car 76,,,,,3,switch,,"Charger 3 (fid=118) not available, trying Charger 0 (fid=33)",355.0434476416654,0,
Car 259,74.0,50,1,,,done,,done charging,362.0,,503.25391148130177
Car 39,,50,1,,,start_charge,,starting to charge at Charger 1 (fid=50),362.0,,
Car 76,,,,,,gave_up,0,"no alternate charger available, gave up",363.74347339875493,,
Car 190,,,,2,,arrived,,arrived,364.0,,
Car 190,,,,,1,switch,,"Charger 1 (fid=50) not available, trying Charger 3 (fid=118)",365.0,3,
Car 190,,,,,3,switch,,"Charger 3 (fid=118) not available, trying Charger 2 (fid=22)",373.52281829242816,2,
Car 93,59.0,33,0,,,done,,done charging,378.0982804873375,,399.28945342205395
Car 190,,,,,2,switch,,"Charger 2 (fid=22) not available, trying Charger 0 (fid=33)",380.2484988840102,0,
Car 195,,,,51,,arrived,,arrived,382.0,,
Car 265,,,,50,,arrived,,arrived,382.0,,
Car 270,,,,41,,arrived,,arrived,382.0,,
Car 190,,33,0,,,start_charge,,starting to charge at Charger 0 (fid=33),382.3467793713477,,
Car 195,,,,,1,switch,,"Charger 1 (fid=50) not available, trying Charger 3 (fid=118)",383.0,3,
Car 265,,,,,1,switch,,"Charger 1 (fid=50) not available, trying Charger 2 (fid=22)",383.0,2,
Car 270,,,,,2,switch,,"Charger 2 (fid=22) not available, trying Charger 0 (fid=33)",383.0,0,
Car 81,,,,61,,arrived,,arrived,385.0,,
Car 81,,,,,1,switch,,"Charger 1 (fid=50) not available, trying Charger 2 (fid=22)",386.0,2,
Car 270,,,,,0,switch,,"Charger 0 (fid=33) not available, trying Charger 3 (fid=118)",386.0982804873375,3,
Car 25,,,,4,,arrived,,arrived,387.0,,
Car 25,,,,,0,switch,,"Charger 0 (fid=33) not available, trying Charger 2 (fid=22)",388.0,2,
Car 37,,,,28,,arrived,,arrived,389.0,,
Car 286,,,,41,,arrived,,arrived,389.0,,
Car 86,,,,13,,arrived,,arrived,390.0,,
Car 37,,,,,2,switch,,"Charger 2 (fid=22) not available, trying Charger 3 (fid=118)",390.0,3,
Car 286,,,,,2,switch,,"Charger 2 (fid=22) not available, trying Charger 0 (fid=33)",390.0,0,
Car 260,,,,11,,arrived,,arrived,391.0,,
Car 86,,,,,2,switch,,"Charger 2 (fid=22) not available, trying Charger 0 (fid=33)",391.0,0,
Car 25,,,,,2,switch,,"Charger 2 (fid=22) not available, trying Charger 1 (fid=50)",391.0982804873375,1,
Car 265,,,,,2,switch,,"Charger 2 (fid=22) not available, trying Charger 3 (fid=118)",391.3177670500834,3,
Car 195,,,,,3,switch,,"Charger 3 (fid=118) not available, trying Charger 2 (fid=22)",391.52281829242816,2,
Car 260,,,,,1,switch,,"Charger 1 (fid=50) not available, trying Charger 2 (fid=22)",392.0,2,
Car 286,,,,,0,switch,,"Charger 0 (fid=33) not available, trying Charger 3 (fid=118)",393.0982804873375,3,
Car 86,,,,,0,switch,,"Charger 0 (fid=33) not available, trying Charger 3 (fid=118)",394.0982804873375,3,
Car 81,,,,,2,switch,,"Charger 2 (fid=22) not available, trying Charger 3 (fid=118)",394.3177670500834,3,
Car 270,,,,,3,switch,,"Charger 3 (fid=118) not available, trying Charger 1 (fid=50)",394.798306244427,1,
Car 37,,,,,3,switch,,"Charger 3 (fid=118) not available, trying Charger 1 (fid=50)",396.72568059158203,1,
Car 46,,,,115,,arrived,,arrived,398.0,,
Car 265,,,,,3,switch,,"Charger 3 (fid=118) not available, trying Charger 0 (fid=33)",398.0434476416654,0,
Car 195,,,,,2,switch,,"Charger 2 (fid=22) not available, trying Charger 0 (fid=33)",398.2484988840102,0,
Car 46,,,,,2,switch,,"Charger 2 (fid=22) not available, trying Charger 0 (fid=33)",399.0,0,
Car 25,,,,,1,switch,,"Charger 1 (fid=50) not available, trying Charger 3 (fid=118)",399.41604753742087,3,
Car 260,,,,,2,switch,,"Charger 2 (fid=22) not available, trying Charger 0 (fid=33)",400.3177670500834,0,
Car 81,,,,,3,switch,,"Charger 3 (fid=118) not available, trying Charger 0 (fid=33)",401.0434476416654,0,
Car 195,,,,,,gave_up,0,"no alternate charger available, gave up",401.3467793713477,,
Car 286,,,,,3,switch,,"Charger 3 (fid=118) not available, trying Charger 1 (fid=50)",401.798306244427,1,
Car 46,,,,,0,switch,,"Charger 0 (fid=33) not available, trying Charger 3 (fid=118)",402.0982804873375,3,
Car 86,,,,,3,switch,,"Charger 3 (fid=118) not available, trying Charger 1 (fid=50)",402.798306244427,1,
Car 270,,,,,,gave_up,1,"no alternate charger available, gave up",403.32112453685517,,
Car 260,,,,,0,switch,,"Charger 0 (fid=33) not available, trying Charger 3 (fid=118)",403.41604753742087,3,
Car 37,,,,,1,switch,,"Charger 1 (fid=50) not available, trying Charger 0 (fid=33)",405.2484988840102,0,
Car 265,,,,,,gave_up,0,"no alternate charger available, gave up",406.74347339875493,,
Car 25,,,,,,gave_up,3,"no alternate charger available, gave up",407.938865829849,,
Car 209,98.0,118,3,,,done,,done charging,408.42105809617857,,753.4140145022635
Car 81,,,,,,gave_up,0,"no alternate charger available, gave up",409.74347339875493,,
Car 46,,118,3,,,start_charge,,starting to charge at Charger 3 (fid=118),409.798306244427,,
Car 286,,,,,,gave_up,1,"no alternate charger available, gave up",410.32112453685517,,
Car 86,,,,,,gave_up,1,"no alternate charger available, gave up",411.32112453685517,,
Car 260,,,,,,gave_up,3,"no alternate charger available, gave up",412.1160732945104,,
Car 37,,,,,,gave_up,0,"no alternate charger available, gave up",414.84559590126923,,
Car 21,,,,115,,arrived,,arrived,416.0,,
Car 21,,,,,2,switch,,"Charger 2 (fid=22) not available, trying Charger 0 (fid=33)",417.0,0,
Car 268,,,,65,,arrived,,arrived,418.0,,
Car 268,,,,,0,switch,,"Charger 0 (fid=33) not available, trying Charger 2 (fid=22)",419.0,2,
Car 21,,,,,0,switch,,"Charger 0 (fid=33) not available, trying Charger 3 (fid=118)",420.0982804873375,3,
Car 149,,,,33,,arrived,,arrived,422.0,,
Car 268,,,,,2,switch,,"Charger 2 (fid=22) not available, trying Charger 1 (fid=50)",422.0982804873375,1,
Car 238,76.0,22,2,,,done,,done charging,422.69537750459654,,496.5822805108088
Car 149,,22,2,,,start_charge,,starting to charge at Charger 2 (fid=22),422.69537750459654,,
Car 128,,,,71,,arrived,,arrived,424.0,,
Car 100,,,,42,,arrived,,arrived,425.0,,
Car 192,,,,1,,arrived,,arrived,425.0,,
Car 128,,,,,2,switch,,"Charger 2 (fid=22) not available, trying Charger 0 (fid=33)",425.0,0,
Car 100,,,,,2,switch,,"Charger 2 (fid=22) not available, trying Charger 0 (fid=33)",426.0,0,
Car 192,,,,,1,switch,,"Charger 1 (fid=50) not available, trying Charger 3 (fid=118)",426.0,3,
Car 128,,,,,0,switch,,"Charger 0 (fid=33) not available, trying Charger 3 (fid=118)",428.0982804873375,3,
Car 21,,,,,3,switch,,"Charger 3 (fid=118) not available, trying Charger 1 (fid=50)",428.798306244427,1,
Car 100,,,,,0,switch,,"Charger 0 (fid=33) not available, trying Charger 1 (fid=50)",429.0982804873375,1,
Car 268,,,,,1,switch,,"Charger 1 (fid=50) not available, trying Charger 3 (fid=118)",430.41604753742087,3,
Car 192,,,,,3,switch,,"Charger 3 (fid=118) not available, trying Charger 2 (fid=22)",434.52281829242816,2,
Car 128,,,,,3,switch,,"Charger 3 (fid=118) not available, trying Charger 1 (fid=50)",436.798306244427,1,
Car 84,,,,2,,arrived,,arrived,437.0,,
Car 21,,,,,,gave_up,1,"no alternate charger available, gave up",437.32112453685517,,
Car 84,,,,,1,switch,,"Charger 1 (fid=50) not available, trying Charger 3 (fid=118)",438.0,3,
Car 100,,,,,1,switch,,"Charger 1 (fid=50) not available, trying Charger 3 (fid=118)",438.69537750459654,3,
Car 268,,,,,,gave_up,3,"no alternate charger available, gave up",438.938865829849,,
Car 32,,,,26,,arrived,,arrived,440.0,,
Car 32,,,,,0,switch,,"Charger 0 (fid=33) not available, trying Charger 2 (fid=22)",441.0,2,
Car 192,,,,,2,switch,,"Charger 2 (fid=22) not available, trying Charger 0 (fid=33)",441.2484988840102,0,
Car 179,,,,26,,arrived,,arrived,442.0,,
Car 179,,,,,2,switch,,"Charger 2 (fid=22) not available, trying Charger 3 (fid=118)",443.0,3,
Car 32,,,,,2,switch,,"Charger 2 (fid=22) not available, trying Charger 3 (fid=118)",444.0982804873375,3,
Car 192,,,,,,gave_up,0,"no alternate charger available, gave up",444.3467793713477,,
Car 128,,,,,,gave_up,1,"no alternate charger available, gave up",445.32112453685517,,
Car 84,,,,,3,switch,,"Charger 3 (fid=118) not available, trying Charger 2 (fid=22)",446.52281829242816,2,
Car 100,,,,,,gave_up,3,"no alternate charger available, gave up",447.2181957970247,,
Car 179,,,,,3,switch,,"Charger 3 (fid=118) not available, trying Charger 0 (fid=33)",449.72568059158203,0,
Car 267,,,,90,,arrived,,arrived,450.0,,
Car 32,,,,,3,switch,,"Charger 3 (fid=118) not available, trying Charger 1 (fid=50)",450.8239610789195,1,
Car 267,,,,,1,switch,,"Charger 1 (fid=50) not available, trying Charger 3 (fid=118)",451.0,3,
Car 118,,,,7,,arrived,,arrived,452.0,,
Car 118,,,,,1,switch,,"Charger 1 (fid=50) not available, trying Charger 3 (fid=118)",453.0,3,
Car 84,,,,,2,switch,,"Charger 2 (fid=22) not available, trying Charger 0 (fid=33)",453.2484988840102,0,
Car 16,,,,27,,arrived,,arrived,454.0,,
Car 39,92.0,50,1,,,done,,done charging,454.0,,406.9316582714677
Car 16,,,,,2,switch,,"Charger 2 (fid=22) not available, trying Charger 3 (fid=118)",455.0,3,
Car 72,,,,71,,arrived,,arrived,456.0,,
Car 84,,,,,,gave_up,0,"no alternate charger available, gave up",456.3467793713477,,
Car 46,47.0,118,3,,,done,,done charging,456.798306244427,,387.91689428392266
Car 72,,,,,2,switch,,"Charger 2 (fid=22) not available, trying Charger 0 (fid=33)",457.0,0,
Car 32,,50,1,,,start_charge,,starting to charge at Charger 1 (fid=50),458.3467793713477,,
Car 179,,,,,0,switch,,"Charger 0 (fid=33) not available, trying Charger 1 (fid=50)",458.42570634867155,1,
Car 267,,118,3,,,start_charge,,starting to charge at Charger 3 (fid=118),458.52281829242816,,
Car 72,,,,,0,switch,,"Charger 0 (fid=33) not available, trying Charger 3 (fid=118)",460.0982804873375,3,
Car 118,,,,,3,switch,,"Charger 3 (fid=118) not available, trying Charger 2 (fid=22)",461.52281829242816,2,
Car 16,,,,,3,switch,,"Charger 3 (fid=118) not available, trying Charger 0 (fid=33)",461.72568059158203,0,
Car 179,,,,,,gave_up,1,"no alternate charger available, gave up",468.0228033659306,,
Car 118,,,,,2,switch,,"Charger 2 (fid=22) not available, trying Charger 0 (fid=33)",468.2484988840102,0,
Car 72,,,,,3,switch,,"Charger 3 (fid=118) not available, trying Charger 1 (fid=50)",468.798306244427,1,
Car 16,,,,,0,switch,,"Charger 0 (fid=33) not available, trying Charger 1 (fid=50)",470.42570634867155,1,
Car 190,89.0,33,0,,,done,,done charging,471.3467793713477,,800.4869164080991
Car 118,,,,,,gave_up,0,"no alternate charger available, gave up",471.3467793713477,,
Car 228,,,,61,,arrived,,arrived,475.0,,
Car 228,,,,,1,switch,,"Charger 1 (fid=50) not available, trying Charger 2 (fid=22)",476.0,2,
Car 271,,,,68,,arrived,,arrived,477.0,,
Car 72,,,,,,gave_up,1,"no alternate charger available, gave up",477.32112453685517,,
Car 271,,,,,2,switch,,"Charger 2 (fid=22) not available, trying Charger 0 (fid=33)",478.0,0,
Car 16,,,,,,gave_up,1,"no alternate charger available, gave up",480.0228033659306,,
Car 271,,,,,0,switch,,"Charger 0 (fid=33) not available, trying Charger 3 (fid=118)",481.0982804873375,3,
Car 228,,,,,2,switch,,"Charger 2 (fid=22) not available, trying Charger 3 (fid=118)",484.3177670500834,3,
Car 157,,,,33,,arrived,,arrived,489.0,,
Car 271,,,,,3,switch,,"Charger 3 (fid=118) not available, trying Charger 1 (fid=50)",489.798306244427,1,
Car 157,,,,,2,switch,,"Charger 2 (fid=22) not available, trying Charger 3 (fid=118)",490.0,3,
Car 66,,,,85,,arrived,,arrived,491.0,,
Car 228,,,,,3,switch,,"Charger 3 (fid=118) not available, trying Charger 0 (fid=33)",491.0434476416654,0,
Car 66,,,,,1,switch,,"Charger 1 (fid=50) not available, trying Charger 3 (fid=118)",492.0,3,
Car 157,,,,,3,switch,,"Charger 3 (fid=118) not available, trying Charger 1 (fid=50)",496.72568059158203,1,
Car 271,,,,,,gave_up,1,"no alternate charger available, gave up",498.32112453685517,,
Car 228,,,,,,gave_up,0,"no alternate charger available, gave up",499.74347339875493,,
Car 66,,,,,3,switch,,"Charger 3 (fid=118) not available, trying Charger 2 (fid=22)",500.52281829242816,2,
Car 157,,,,,1,switch,,"Charger 1 (fid=50) not available, trying Charger 0 (fid=33)",505.2484988840102,0,
Car 66,,,,,2,switch,,"Charger 2 (fid=22) not available, trying Charger 0 (fid=33)",507.2484988840102,0,
Car 66,,,,,,gave_up,0,"no alternate charger available, gave up",510.3467793713477,,
Car 288,,,,74,,arrived,,arrived,514.0,,
Car 157,,,,,,gave_up,0,"no alternate charger available, gave up",514.8455959012692,,
Car 288,,,,,3,switch,,"Charger 3 (fid=118) not available, trying Charger 2 (fid=22)",515.0,2,
Car 276,,,,78,,arrived,,arrived,521.0,,
Car 290,,,,54,,arrived,,arrived,521.0,,
Car 149,99.0,22,2,,,done,,done charging,521.6953775045965,,263.4017934946688
Car 288,,22,2,,,start_charge,,starting to charge at Charger 2 (fid=22),521.6953775045965,,
Car 276,,,,,1,switch,,"Charger 1 (fid=50) not available, trying Charger 0 (fid=33)",522.0,0,
Car 290,,,,,2,switch,,"Charger 2 (fid=22) not available, trying Charger 0 (fid=33)",522.0,0,
Car 285,,,,4,,arrived,,arrived,523.0,,
Car 285,,,,,1,switch,,"Charger 1 (fid=50) not available, trying Charger 3 (fid=118)",524.0,3,
Car 91,,,,15,,arrived,,arrived,525.0,,
Car 290,,,,,0,switch,,"Charger 0 (fid=33) not available, trying Charger 1 (fid=50)",525.0982804873374,1,
Car 138,,,,67,,arrived,,arrived,526.0,,
Car 91,,,,,2,switch,,"Charger 2 (fid=22) not available, trying Charger 3 (fid=118)",526.0,3,
Car 138,,,,,2,switch,,"Charger 2 (fid=22) not available, trying Charger 0 (fid=33)",527.0,0,
Car 138,,,,,0,switch,,"Charger 0 (fid=33) not available, trying Charger 1 (fid=50)",530.0982804873374,1,
Car 276,,,,,0,switch,,"Charger 0 (fid=33) not available, trying Charger 2 (fid=22)",531.5970970172591,2,
Car 54,,,,40,,arrived,,arrived,532.0,,
Car 285,,,,,3,switch,,"Charger 3 (fid=118) not available, trying Charger 2 (fid=22)",532.5228182924282,2,
Car 91,,,,,3,switch,,"Charger 3 (fid=118) not available, trying Charger 1 (fid=50)",532.7256805915821,1,
Car 11,,,,7,,arrived,,arrived,533.0,,
Car 54,,,,,1,switch,,"Charger 1 (fid=50) not available, trying Charger 2 (fid=22)",533.0,2,
Car 32,75.0,50,1,,,done,,done charging,533.3467793713477,,718.0294757760392
Car 11,,50,1,,,start_charge,,starting to charge at Charger 1 (fid=50),533.3467793713477,,
Car 123,,,,65,,arrived,,arrived,534.0,,
Car 290,,,,,1,switch,,"Charger 1 (fid=50) not available, trying Charger 3 (fid=118)",534.6953775045965,3,
Car 276,,,,,2,switch,,"Charger 2 (fid=22) not available, trying Charger 3 (fid=118)",534.6953775045965,3,
Car 123,,,,,0,switch,,"Charger 0 (fid=33) not available, trying Charger 2 (fid=22)",535.0,2,
Car 236,,,,35,,arrived,,arrived,537.0,,
Car 236,,,,,2,switch,,"Charger 2 (fid=22) not available, trying Charger 3 (fid=118)",538.0,3,
Car 123,,,,,2,switch,,"Charger 2 (fid=22) not available, trying Charger 1 (fid=50)",538.0982804873374,1,
Car 285,,,,,2,switch,,"Charger 2 (fid=22) not available, trying Charger 0 (fid=33)",539.2484988840102,0,
Car 138,,,,,1,switch,,"Charger 1 (fid=50) not available, trying Charger 3 (fid=118)",539.6953775045965,3,
Car 91,,,,,1,switch,,"Charger 1 (fid=50) not available, trying Charger 0 (fid=33)",541.2484988840102,0,
Car 54,,,,,2,switch,,"Charger 2 (fid=22) not available, trying Charger 3 (fid=118)",541.3177670500834,3,
Car 276,,,,,,gave_up,3,"no alternate charger available, gave up",541.4210580961786,,
Car 285,,,,,,gave_up,0,"no alternate charger available, gave up",542.3467793713477,,
Car 290,,,,,,gave_up,3,"no alternate charger available, gave up",543.2181957970247,,
Car 236,,,,,3,switch,,"Charger 3 (fid=118) not available, trying Charger 1 (fid=50)",544.7256805915821,1,
Car 123,,,,,1,switch,,"Charger 1 (fid=50) not available, trying Charger 3 (fid=118)",546.4160475374208,3,
Car 54,,,,,3,switch,,"Charger 3 (fid=118) not available, trying Charger 0 (fid=33)",548.0434476416655,0,
Car 138,,,,,,gave_up,3,"no alternate charger available, gave up",548.2181957970247,,
Car 91,,,,,,gave_up,0,"no alternate charger available, gave up",550.8455959012693,,
Car 267,94.0,118,3,,,done,,done charging,552.5228182924282,,476.15022673941263
Car 236,,,,,1,switch,,"Charger 1 (fid=50) not available, trying Charger 0 (fid=33)",553.2484988840102,0,
Car 123,,118,3,,,start_charge,,starting to charge at Charger 3 (fid=118),553.938865829849,,
Car 54,,,,,,gave_up,0,"no alternate charger available, gave up",556.743473398755,,
Car 236,,,,,,gave_up,0,"no alternate charger available, gave up",562.8455959012693,,
Car 31,,,,59,,arrived,,arrived,564.0,,
Car 31,,,,,1,switch,,"Charger 1 (fid=50) not available, trying Charger 3 (fid=118)",565.0,3,
Car 229,,,,70,,arrived,,arrived,573.0,,
Car 31,,,,,3,switch,,"Charger 3 (fid=118) not available, trying Charger 2 (fid=22)",573.5228182924282,2,
Car 229,,,,,2,switch,,"Charger 2 (fid=22) not available, trying Charger 0 (fid=33)",574.0,0,
Car 229,,,,,0,switch,,"Charger 0 (fid=33) not available, trying Charger 3 (fid=118)",577.0982804873374,3,
Car 239,,,,58,,arrived,,arrived,579.0,,
Car 234,,,,23,,arrived,,arrived,580.0,,
Car 239,,,,,1,switch,,"Charger 1 (fid=50) not available, trying Charger 3 (fid=118)",580.0,3,
Car 31,,,,,2,switch,,"Charger 2 (fid=22) not available, trying Charger 0 (fid=33)",580.2484988840102,0,
Car 234,,,,,0,switch,,"Charger 0 (fid=33) not available, trying Charger 2 (fid=22)",581.0,2,
Car 31,,,,,,gave_up,0,"no alternate charger available, gave up",583.3467793713477,,
Car 234,,,,,2,switch,,"Charger 2 (fid=22) not available, trying Charger 1 (fid=50)",584.0982804873374,1,
Car 229,,,,,3,switch,,"Charger 3 (fid=118) not available, trying Charger 1 (fid=50)",585.798306244427,1,
Car 239,,,,,3,switch,,"Charger 3 (fid=118) not available, trying Charger 2 (fid=22)",588.5228182924282,2,
Car 288,70.0,22,2,,,done,,done charging,591.6953775045965,,550.7109862294604
Car 234,,,,,1,switch,,"Charger 1 (fid=50) not available, trying Charger 3 (fid=118)",592.4160475374208,3,
Car 120,,,,51,,arrived,,arrived,593.0,,
Car 279,,,,73,,arrived,,arrived,593.0,,
Car 120,,,,,1,switch,,"Charger 1 (fid=50) not available, trying Charger 3 (fid=118)",594.0,3,
Car 279,,,,,1,switch,,"Charger 1 (fid=50) not available, trying Charger 2 (fid=22)",594.0,2,
Car 239,,22,2,,,start_charge,,starting to charge at Charger 2 (fid=22),594.2484988840102,,
Car 229,,,,,,gave_up,1,"no alternate charger available, gave up",594.3211245368551,,
Car 205,,,,42,,arrived,,arrived,596.0,,
Car 205,,,,,2,switch,,"Charger 2 (fid=22) not available, trying Charger 0 (fid=33)",597.0,0,
Car 243,,,,50,,arrived,,arrived,598.0,,
Car 243,,,,,1,switch,,"Charger 1 (fid=50) not available, trying Charger 2 (fid=22)",599.0,2,
Car 205,,,,,0,switch,,"Charger 0 (fid=33) not available, trying Charger 1 (fid=50)",600.0982804873374,1,
Car 234,,,,,,gave_up,3,"no alternate charger available, gave up",600.938865829849,,
Car 171,,,,29,,arrived,,arrived,601.0,,
Car 171,,,,,0,switch,,"Charger 0 (fid=33) not available, trying Charger 2 (fid=22)",602.0,2,
Car 279,,,,,2,switch,,"Charger 2 (fid=22) not available, trying Charger 0 (fid=33)",602.3177670500834,0,
Car 120,,,,,3,switch,,"Charger 3 (fid=118) not available, trying Charger 2 (fid=22)",602.5228182924282,2,
Car 171,,,,,2,switch,,"Charger 2 (fid=22) not available, trying Charger 3 (fid=118)",605.0982804873374,3,
Car 279,,,,,0,switch,,"Charger 0 (fid=33) not available, trying Charger 3 (fid=118)",605.4160475374208,3,
Car 199,,,,31,,arrived,,arrived,606.0,,
Car 304,,,,87,,arrived,,arrived,607.0,,
Car 199,,,,,2,switch,,"Charger 2 (fid=22) not available, trying Charger 0 (fid=33)",607.0,0,
Car 243,,,,,2,switch,,"Charger 2 (fid=22) not available, trying Charger 3 (fid=118)",607.3177670500834,3,
Car 304,,,,,1,switch,,"Charger 1 (fid=50) not available, trying Charger 3 (fid=118)",608.0,3,
Car 120,,,,,2,switch,,"Charger 2 (fid=22) not available, trying Charger 0 (fid=33)",609.2484988840102,0,
Car 205,,,,,1,switch,,"Charger 1 (fid=50) not available, trying Charger 3 (fid=118)",609.6953775045965,3,
Car 199,,,,,0,switch,,"Charger 0 (fid=33) not available, trying Charger 3 (fid=118)",610.0982804873374,3,
Car 225,,,,13,,arrived,,arrived,611.0,,
Car 171,,,,,3,switch,,"Charger 3 (fid=118) not available, trying Charger 1 (fid=50)",611.8239610789195,1,
Car 110,,,,47,,arrived,,arrived,612.0,,
Car 225,,,,,2,switch,,"Charger 2 (fid=22) not available, trying Charger 0 (fid=33)",612.0,0,
Car 120,,,,,,gave_up,0,"no alternate charger available, gave up",612.3467793713477,,
Car 110,,,,,0,switch,,"Charger 0 (fid=33) not available, trying Charger 2 (fid=22)",613.0,2,
Car 251,,,,16,,arrived,,arrived,614.0,,
Car 243,,,,,3,switch,,"Charger 3 (fid=118) not available, trying Charger 0 (fid=33)",614.0434476416655,0,
Car 279,,,,,,gave_up,3,"no alternate charger available, gave up",614.1160732945103,,
Car 251,,,,,2,switch,,"Charger 2 (fid=22) not available, trying Charger 1 (fid=50)",615.0,1,
Car 225,,,,,0,switch,,"Charger 0 (fid=33) not available, trying Charger 3 (fid=118)",615.0982804873374,3,
Car 110,,,,,2,switch,,"Charger 2 (fid=22) not available, trying Charger 1 (fid=50)",616.0982804873374,1,
Car 304,,,,,3,switch,,"Charger 3 (fid=118) not available, trying Charger 2 (fid=22)",616.5228182924282,2,
Car 205,,,,,,gave_up,3,"no alternate charger available, gave up",618.2181957970247,,
Car 199,,,,,3,switch,,"Charger 3 (fid=118) not available, trying Charger 1 (fid=50)",618.798306244427,1,
Car 87,,,,32,,arrived,,arrived,619.0,,
Car 153,,,,57,,arrived,,arrived,619.0,,
Car 155,,,,87,,arrived,,arrived,620.0,,
Car 87,,,,,2,switch,,"Charger 2 (fid=22) not available, trying Charger 0 (fid=33)",620.0,0,
Car 153,,,,,2,switch,,"Charger 2 (fid=22) not available, trying Charger 0 (fid=33)",620.0,0,
Car 171,,,,,,gave_up,1,"no alternate charger available, gave up",620.3467793713477,,
Car 155,,,,,1,switch,,"Charger 1 (fid=50) not available, trying Charger 3 (fid=118)",621.0,3,
Car 243,,,,,,gave_up,0,"no alternate charger available, gave up",622.743473398755,,
Car 87,,,,,0,switch,,"Charger 0 (fid=33) not available, trying Charger 3 (fid=118)",623.0982804873374,3,
Car 153,,,,,0,switch,,"Charger 0 (fid=33) not available, trying Charger 1 (fid=50)",623.0982804873374,1,
Car 304,,,,,2,switch,,"Charger 2 (fid=22) not available, trying Charger 0 (fid=33)",623.2484988840102,0,
Car 251,,,,,1,switch,,"Charger 1 (fid=50) not available, trying Charger 0 (fid=33)",623.3177670500834,0,
Car 225,,,,,3,switch,,"Charger 3 (fid=118) not available, trying Charger 1 (fid=50)",623.798306244427,1,
Car 110,,,,,1,switch,,"Charger 1 (fid=50) not available, trying Charger 3 (fid=118)",624.4160475374208,3,
Car 181,,,,32,,arrived,,arrived,625.0,,
Car 181,,,,,0,switch,,"Charger 0 (fid=33) not available, trying Charger 2 (fid=22)",626.0,2,
Car 304,,,,,,gave_up,0,"no alternate charger available, gave up",626.3467793713477,,
Car 123,73.0,118,3,,,done,,done charging,626.938865829849,,797.3969328837227
Car 199,,,,,,gave_up,1,"no alternate charger available, gave up",627.3211245368551,,
Car 155,,118,3,,,start_charge,,starting to charge at Charger 3 (fid=118),628.5228182924282,,
Car 181,,,,,2,switch,,"Charger 2 (fid=22) not available, trying Charger 3 (fid=118)",629.0982804873374,3,
Car 108,,,,20,,arrived,,arrived,630.0,,
Car 202,,,,17,,arrived,,arrived,630.0,,
Car 108,,,,,2,switch,,"Charger 2 (fid=22) not available, trying Charger 0 (fid=33)",631.0,0,
Car 202,,,,,2,switch,,"Charger 2 (fid=22) not available, trying Charger 1 (fid=50)",631.0,1,
Car 87,,,,,3,switch,,"Charger 3 (fid=118) not available, trying Charger 1 (fid=50)",631.798306244427,1,
Car 225,,,,,,gave_up,1,"no alternate charger available, gave up",632.3211245368551,,
Car 153,,,,,1,switch,,"Charger 1 (fid=50) not available, trying Charger 3 (fid=118)",632.6953775045965,3,
Car 251,,,,,0,switch,,"Charger 0 (fid=33) not available, trying Charger 3 (fid=118)",632.9148640673425,3,
Car 110,,,,,,gave_up,3,"no alternate charger available, gave up",632.938865829849,,
Car 108,,,,,0,switch,,"Charger 0 (fid=33) not available, trying Charger 3 (fid=118)",634.0982804873374,3,
Car 6,,,,11,,arrived,,arrived,635.0,,
Car 69,,,,44,,arrived,,arrived,635.0,,
Car 181,,,,,3,switch,,"Charger 3 (fid=118) not available, trying Charger 1 (fid=50)",635.8239610789195,1,
Car 6,,,,,1,switch,,"Charger 1 (fid=50) not available, trying Charger 2 (fid=22)",636.0,2,
Car 69,,,,,0,switch,,"Charger 0 (fid=33) not available, trying Charger 2 (fid=22)",636.0,2,
Car 289,,,,58,,arrived,,arrived,639.0,,
Car 69,,,,,2,switch,,"Charger 2 (fid=22) not available, trying Charger 3 (fid=118)",639.0982804873374,3,
Car 202,,,,,1,switch,,"Charger 1 (fid=50) not available, trying Charger 3 (fid=118)",639.3177670500834,3,
Car 289,,,,,1,switch,,"Charger 1 (fid=50) not available, trying Charger 3 (fid=118)",640.0,3,
Car 87,,,,,,gave_up,1,"no alternate charger available, gave up",640.3211245368551,,
Car 153,,,,,,gave_up,3,"no alternate charger available, gave up",641.2181957970247,,
Car 251,,,,,,gave_up,3,"no alternate charger available, gave up",641.614889824432,,
Car 108,,,,,3,switch,,"Charger 3 (fid=118) not available, trying Charger 1 (fid=50)",642.798306244427,1,
Car 6,,,,,2,switch,,"Charger 2 (fid=22) not available, trying Charger 0 (fid=33)",644.3177670500834,0,
Car 11,111.0,50,1,,,done,,done charging,644.3467793713477,,329.0254089625098
Car 181,,,,,,gave_up,1,"no alternate charger available, gave up",644.3467793713477,,
Car 69,,,,,3,switch,,"Charger 3 (fid=118) not available, trying Charger 1 (fid=50)",645.8239610789195,1,
Car 6,,,,,0,switch,,"Charger 0 (fid=33) not available, trying Charger 3 (fid=118)",647.4160475374208,3,
Car 202,,,,,3,switch,,"Charger 3 (fid=118) not available, trying Charger 0 (fid=33)",647.8405853425115,0,
Car 289,,,,,3,switch,,"Charger 3 (fid=118) not available, trying Charger 2 (fid=22)",648.5228182924282,2,
Car 108,,,,,,gave_up,1,"no alternate charger available, gave up",651.3211245368551,,
Car 69,,,,,,gave_up,1,"no alternate charger available, gave up",654.3467793713477,,
Car 18,,,,23,,arrived,,arrived,655.0,,
Car 289,,,,,2,switch,,"Charger 2 (fid=22) not available, trying Charger 0 (fid=33)",655.2484988840102,0,
Car 18,,,,,0,switch,,"Charger 0 (fid=33) not available, trying Charger 2 (fid=22)",656.0,2,
Car 6,,,,,,gave_up,3,"no alternate charger available, gave up",656.1160732945103,,
Car 202,,,,,,gave_up,0,"no alternate charger available, gave up",656.540611099601,,
Car 289,,,,,,gave_up,0,"no alternate charger available, gave up",658.3467793713477,,
Car 137,,,,4,,arrived,,arrived,659.0,,
Car 18,,,,,2,switch,,"Charger 2 (fid=22) not available, trying Charger 1 (fid=50)",659.0982804873374,1,
Car 137,,,,,1,switch,,"Charger 1 (fid=50) not available, trying Charger 3 (fid=118)",660.0,3,
Car 284,,,,60,,arrived,,arrived,661.0,,
Car 284,,,,,1,switch,,"Charger 1 (fid=50) not available, trying Charger 2 (fid=22)",662.0,2,
Car 187,,,,80,,arrived,,arrived,664.0,,
Car 187,,,,,2,switch,,"Charger 2 (fid=22) not available, trying Charger 3 (fid=118)",665.0,3,
Car 18,,,,,1,switch,,"Charger 1 (fid=50) not available, trying Charger 3 (fid=118)",667.4160475374208,3,
Car 137,,,,,3,switch,,"Charger 3 (fid=118) not available, trying Charger 2 (fid=22)",668.5228182924282,2,
Car 284,,,,,2,switch,,"Charger 2 (fid=22) not available, trying Charger 3 (fid=118)",670.3177670500834,3,
Car 187,,,,,3,switch,,"Charger 3 (fid=118) not available, trying Charger 1 (fid=50)",671.7256805915821,1,
Car 137,,,,,2,switch,,"Charger 2 (fid=22) not available, trying Charger 0 (fid=33)",675.2484988840102,0,
Car 18,,,,,,gave_up,3,"no alternate charger available, gave up",675.938865829849,,
Car 261,,,,43,,arrived,,arrived,676.0,,
Car 239,82.0,22,2,,,done,,done charging,676.2484988840102,,743.7781996801723
Car 143,,,,22,,arrived,,arrived,677.0,,
Car 261,,,,,0,switch,,"Charger 0 (fid=33) not available, trying Charger 2 (fid=22)",677.0,2,
Car 143,,22,2,,,start_charge,,starting to charge at Charger 2 (fid=22),677.0,,
Car 284,,,,,3,switch,,"Charger 3 (fid=118) not available, trying Charger 0 (fid=33)",677.0434476416655,0,
Car 137,,,,,,gave_up,0,"no alternate charger available, gave up",678.3467793713477,,
Car 261,,,,,2,switch,,"Charger 2 (fid=22) not available, trying Charger 1 (fid=50)",680.0982804873374,1,
Car 187,,,,,1,switch,,"Charger 1 (fid=50) not available, trying Charger 0 (fid=33)",680.2484988840102,0,
Car 154,,,,8,,arrived,,arrived,681.0,,
Car 14,,,,28,,arrived,,arrived,682.0,,
Car 102,,,,38,,arrived,,arrived,682.0,,
Car 154,,,,,1,switch,,"Charger 1 (fid=50) not available, trying Charger 0 (fid=33)",682.0,0,
Car 14,,,,,2,switch,,"Charger 2 (fid=22) not available, trying Charger 3 (fid=118)",683.0,3,
Car 102,,,,,0,switch,,"Charger 0 (fid=33) not available, trying Charger 2 (fid=22)",683.0,2,
Car 284,,,,,,gave_up,0,"no alternate charger available, gave up",685.743473398755,,
Car 102,,,,,2,switch,,"Charger 2 (fid=22) not available, trying Charger 1 (fid=50)",686.0982804873374,1,
Car 261,,,,,1,switch,,"Charger 1 (fid=50) not available, trying Charger 3 (fid=118)",688.4160475374208,3,
Car 14,,,,,3,switch,,"Charger 3 (fid=118) not available, trying Charger 1 (fid=50)",689.7256805915821,1,
Car 187,,,,,,gave_up,0,"no alternate charger available, gave up",689.8455959012693,,
Car 112,,,,15,,arrived,,arrived,690.0,,
Car 277,,,,30,,arrived,,arrived,690.0,,
Car 112,,,,,1,switch,,"Charger 1 (fid=50) not available, trying Charger 3 (fid=118)",691.0,3,
Car 277,,,,,2,switch,,"Charger 2 (fid=22) not available, trying Charger 0 (fid=33)",691.0,0,
Car 154,,,,,0,switch,,"Charger 0 (fid=33) not available, trying Charger 2 (fid=22)",691.5970970172591,2,
Car 277,,,,,0,switch,,"Charger 0 (fid=33) not available, trying Charger 3 (fid=118)",694.0982804873374,3,
Car 102,,,,,1,switch,,"Charger 1 (fid=50) not available, trying Charger 3 (fid=118)",694.4160475374208,3,
Car 154,,,,,2,switch,,"Charger 2 (fid=22) not available, trying Charger 3 (fid=118)",694.6953775045965,3,
Car 261,,,,,,gave_up,3,"no alternate charger available, gave up",696.938865829849,,
Car 220,,,,31,,arrived,,arrived,697.0,,
Car 220,,,,,2,switch,,"Charger 2 (fid=22) not available, trying Charger 0 (fid=33)",698.0,0,
Car 14,,,,,1,switch,,"Charger 1 (fid=50) not available, trying Charger 0 (fid=33)",698.2484988840102,0,
Car 112,,,,,3,switch,,"Charger 3 (fid=118) not available, trying Charger 2 (fid=22)",699.5228182924282,2,
Car 220,,,,,0,switch,,"Charger 0 (fid=33) not available, trying Charger 3 (fid=118)",701.0982804873374,3,
Car 154,,,,,,gave_up,3,"no alternate charger available, gave up",701.4210580961786,,
Car 277,,,,,3,switch,,"Charger 3 (fid=118) not available, trying Charger 1 (fid=50)",702.798306244427,1,
Car 102,,,,,,gave_up,3,"no alternate charger available, gave up",702.938865829849,,
Car 196,,,,78,,arrived,,arrived,705.0,,
Car 196,,,,,1,switch,,"Charger 1 (fid=50) not available, trying Charger 0 (fid=33)",706.0,0,
Car 112,,,,,2,switch,,"Charger 2 (fid=22) not available, trying Charger 0 (fid=33)",706.2484988840102,0,
Car 155,78.0,118,3,,,done,,done charging,706.5228182924282,,498.6950960714856
Car 14,,,,,,gave_up,0,"no alternate charger available, gave up",707.8455959012693,,
Car 220,,118,3,,,start_charge,,starting to charge at Charger 3 (fid=118),708.798306244427,,
Car 112,,,,,,gave_up,0,"no alternate charger available, gave up",709.3467793713477,,
Car 277,,,,,,gave_up,1,"no alternate charger available, gave up",711.3211245368551,,
Car 196,,,,,0,switch,,"Charger 0 (fid=33) not available, trying Charger 2 (fid=22)",715.5970970172591,2,
Car 51,,,,49,,arrived,,arrived,717.0,,
Car 51,,,,,0,switch,,"Charger 0 (fid=33) not available, trying Charger 2 (fid=22)",718.0,2,
Car 196,,,,,2,switch,,"Charger 2 (fid=22) not available, trying Charger 3 (fid=118)",718.6953775045965,3,
Car 67,,,,68,,arrived,,arrived,721.0,,
Car 188,,,,8,,arrived,,arrived,721.0,,
Car 301,,,,36,,arrived,,arrived,721.0,,
Car 51,,,,,2,switch,,"Charger 2 (fid=22) not available, trying Charger 1 (fid=50)",721.0982804873374,1,
Car 67,,,,,2,switch,,"Charger 2 (fid=22) not available, trying Charger 0 (fid=33)",722.0,0,
Car 188,,,,,1,switch,,"Charger 1 (fid=50) not available, trying Charger 0 (fid=33)",722.0,0,
Car 301,,,,,2,switch,,"Charger 2 (fid=22) not available, trying Charger 3 (fid=118)",722.0,3,
Car 67,,,,,0,switch,,"Charger 0 (fid=33) not available, trying Charger 3 (fid=118)",725.0982804873374,3,
Car 196,,,,,,gave_up,3,"no alternate charger available, gave up",725.4210580961786,,
Car 221,,,,52,,arrived,,arrived,727.0,,
Car 221,,,,,1,switch,,"Charger 1 (fid=50) not available, trying Charger 3 (fid=118)",728.0,3,
Car 301,,,,,3,switch,,"Charger 3 (fid=118) not available, trying Charger 1 (fid=50)",728.7256805915821,1,
Car 51,,,,,1,switch,,"Charger 1 (fid=50) not available, trying Charger 3 (fid=118)",729.4160475374208,3,
Car 175,,,,89,,arrived,,arrived,730.0,,
Car 175,,,,,1,switch,,"Charger 1 (fid=50) not available, trying Charger 3 (fid=118)",731.0,3,
Car 188,,,,,0,switch,,"Charger 0 (fid=33) not available, trying Charger 2 (fid=22)",731.5970970172591,2,
Car 67,,,,,3,switch,,"Charger 3 (fid=118) not available, trying Charger 1 (fid=50)",733.798306244427,1,
Car 188,,,,,2,switch,,"Charger 2 (fid=22) not available, trying Charger 3 (fid=118)",734.6953775045965,3,
Car 221,,,,,3,switch,,"Charger 3 (fid=118) not available, trying Charger 2 (fid=22)",736.5228182924282,2,
Car 301,,,,,1,switch,,"Charger 1 (fid=50) not available, trying Charger 0 (fid=33)",737.2484988840102,0,
Car 51,,,,,,gave_up,3,"no alternate charger available, gave up",737.938865829849,,
Car 175,,,,,3,switch,,"Charger 3 (fid=118) not available, trying Charger 2 (fid=22)",739.5228182924282,2,
Car 198,,,,38,,arrived,,arrived,741.0,,
Car 188,,,,,,gave_up,3,"no alternate charger available, gave up",741.4210580961786,,
Car 198,,,,,0,switch,,"Charger 0 (fid=33) not available, trying Charger 2 (fid=22)",742.0,2,
Car 67,,,,,,gave_up,1,"no alternate charger available, gave up",742.3211245368551,,
Car 221,,,,,2,switch,,"Charger 2 (fid=22) not available, trying Charger 0 (fid=33)",743.2484988840102,0,
Car 198,,,,,2,switch,,"Charger 2 (fid=22) not available, trying Charger 1 (fid=50)",745.0982804873374,1,
Car 175,,,,,2,switch,,"Charger 2 (fid=22) not available, trying Charger 0 (fid=33)",746.2484988840102,0,
Car 221,,,,,,gave_up,0,"no alternate charger available, gave up",746.3467793713477,,
Car 301,,,,,,gave_up,0,"no alternate charger available, gave up",746.8455959012693,,
Car 191,,,,8,,arrived,,arrived,749.0,,
Car 175,,,,,,gave_up,0,"no alternate charger available, gave up",749.3467793713477,,
Car 191,,,,,1,switch,,"Charger 1 (fid=50) not available, trying Charger 0 (fid=33)",750.0,0,
Car 198,,,,,1,switch,,"Charger 1 (fid=50) not available, trying Charger 3 (fid=118)",753.4160475374208,3,
Car 191,,,,,0,switch,,"Charger 0 (fid=33) not available, trying Charger 2 (fid=22)",759.5970970172591,2,
Car 174,,,,85,,arrived,,arrived,760.0,,
Car 174,,,,,1,switch,,"Charger 1 (fid=50) not available, trying Charger 3 (fid=118)",761.0,3,
Car 198,,,,,,gave_up,3,"no alternate charger available, gave up",761.938865829849,,
Car 99,,,,23,,arrived,,arrived,762.0,,
Car 191,,,,,2,switch,,"Charger 2 (fid=22) not available, trying Charger 3 (fid=118)",762.6953775045965,3,
Car 99,,,,,0,switch,,"Charger 0 (fid=33) not available, trying Charger 2 (fid=22)",763.0,2,
Car 99,,,,,2,switch,,"Charger 2 (fid=22) not available, trying Charger 1 (fid=50)",766.0982804873374,1,
Car 191,,,,,,gave_up,3,"no alternate charger available, gave up",769.4210580961786,,
Car 174,,,,,3,switch,,"Charger 3 (fid=118) not available, trying Charger 2 (fid=22)",769.5228182924282,2,
Car 99,,,,,1,switch,,"Charger 1 (fid=50) not available, trying Charger 3 (fid=118)",774.4160475374208,3,
Car 139,,,,65,,arrived,,arrived,776.0,,
Car 174,,,,,2,switch,,"Charger 2 (fid=22) not available, trying Charger 0 (fid=33)",776.2484988840102,0,
Car 139,,,,,0,switch,,"Charger 0 (fid=33) not available, trying Charger 2 (fid=22)",777.0,2,
Car 143,102.0,22,2,,,done,,done charging,779.0,,10.3238123084409
Car 139,,22,2,,,start_charge,,starting to charge at Charger 2 (fid=22),779.0982804873374,,
Car 174,,,,,,gave_up,0,"no alternate charger available, gave up",779.3467793713477,,
Car 99,,,,,,gave_up,3,"no alternate charger available, gave up",782.938865829849,,
Car 156,,,,7,,arrived,,arrived,785.0,,
Car 156,,,,,1,switch,,"Charger 1 (fid=50) not available, trying Charger 3 (fid=118)",786.0,3,
Car 162,,,,52,,arrived,,arrived,791.0,,
Car 162,,,,,1,switch,,"Charger 1 (fid=50) not available, trying Charger 3 (fid=118)",792.0,3,
Car 156,,,,,3,switch,,"Charger 3 (fid=118) not available, trying Charger 2 (fid=22)",794.5228182924282,2,
Car 62,,,,15,,arrived,,arrived,795.0,,
Car 269,,,,4,,arrived,,arrived,795.0,,
Car 62,,,,,1,switch,,"Charger 1 (fid=50) not available, trying Charger 3 (fid=118)",796.0,3,
Car 269,,,,,1,switch,,"Charger 1 (fid=50) not available, trying Charger 3 (fid=118)",796.0,3,
Car 162,,,,,3,switch,,"Charger 3 (fid=118) not available, trying Charger 2 (fid=22)",800.5228182924282,2,
Car 156,,,,,2,switch,,"Charger 2 (fid=22) not available, trying Charger 0 (fid=33)",801.2484988840102,0,
Car 156,,,,,,gave_up,0,"no alternate charger available, gave up",804.3467793713477,,
Car 62,,,,,3,switch,,"Charger 3 (fid=118) not available, trying Charger 2 (fid=22)",804.5228182924282,2,
Car 269,,,,,3,switch,,"Charger 3 (fid=118) not available, trying Charger 2 (fid=22)",804.5228182924282,2,
Car 162,,,,,2,switch,,"Charger 2 (fid=22) not available, trying Charger 0 (fid=33)",807.2484988840102,0,
Car 162,,,,,,gave_up,0,"no alternate charger available, gave up",810.3467793713477,,
Car 62,,,,,2,switch,,"Charger 2 (fid=22) not available, trying Charger 0 (fid=33)",811.2484988840102,0,
Car 269,,,,,2,switch,,"Charger 2 (fid=22) not available, trying Charger 0 (fid=33)",811.2484988840102,0,
Car 220,103.0,118,3,,,done,,done charging,811.798306244427,,569.9263505369365
Car 62,,,,,,gave_up,0,"no alternate charger available, gave up",814.3467793713477,,
Car 269,,,,,,gave_up,0,"no alternate charger available, gave up",814.3467793713477,,
Car 218,,,,20,,arrived,,arrived,816.0,,
Car 218,,,,,2,switch,,"Charger 2 (fid=22) not available, trying Charger 0 (fid=33)",817.0,0,
Car 218,,,,,0,switch,,"Charger 0 (fid=33) not available, trying Charger 3 (fid=118)",820.0982804873374,3,
Car 242,,,,83,,arrived,,arrived,826.0,,
Car 242,,118,3,,,start_charge,,starting to charge at Charger 3 (fid=118),826.0,,
Car 218,,,,,3,switch,,"Charger 3 (fid=118) not available, trying Charger 1 (fid=50)",828.798306244427,1,
Car 218,,,,,,gave_up,1,"no alternate charger available, gave up",837.3211245368551,,
Car 161,,,,4,,arrived,,arrived,842.0,,
Car 273,,,,52,,arrived,,arrived,842.0,,
Car 161,,,,,1,switch,,"Charger 1 (fid=50) not available, trying Charger 3 (fid=118)",843.0,3,
Car 273,,,,,1,switch,,"Charger 1 (fid=50) not available, trying Charger 3 (fid=118)",843.0,3,
Car 139,64.0,22,2,,,done,,done charging,843.0982804873374,,401.04892244785594
Car 248,,,,24,,arrived,,arrived,850.0,,
Car 248,,22,2,,,start_charge,,starting to charge at Charger 2 (fid=22),850.0,,
Car 161,,,,,3,switch,,"Charger 3 (fid=118) not available, trying Charger 2 (fid=22)",851.5228182924282,2,
Car 273,,,,,3,switch,,"Charger 3 (fid=118) not available, trying Charger 2 (fid=22)",851.5228182924282,2,
Car 213,,,,115,,arrived,,arrived,854.0,,
Car 159,,,,15,,arrived,,arrived,855.0,,
Car 213,,,,,2,switch,,"Charger 2 (fid=22) not available, trying Charger 0 (fid=33)",855.0,0,
Car 75,,,,87,,arrived,,arrived,856.0,,
Car 159,,,,,2,switch,,"Charger 2 (fid=22) not available, trying Charger 3 (fid=118)",856.0,3,
Car 75,,,,,1,switch,,"Charger 1 (fid=50) not available, trying Charger 3 (fid=118)",857.0,3,
Car 33,,,,64,,arrived,,arrived,858.0,,
Car 213,,,,,0,switch,,"Charger 0 (fid=33) not available, trying Charger 3 (fid=118)",858.0982804873374,3,
Car 161,,,,,2,switch,,"Charger 2 (fid=22) not available, trying Charger 0 (fid=33)",858.2484988840102,0,
Car 273,,,,,2,switch,,"Charger 2 (fid=22) not available, trying Charger 0 (fid=33)",858.2484988840102,0,
Car 33,,,,,1,switch,,"Charger 1 (fid=50) not available, trying Charger 3 (fid=118)",859.0,3,
Car 208,,,,34,,arrived,,arrived,860.0,,
Car 208,,,,,2,switch,,"Charger 2 (fid=22) not available, trying Charger 3 (fid=118)",861.0,3,
Car 161,,,,,,gave_up,0,"no alternate charger available, gave up",861.3467793713477,,
Car 273,,,,,,gave_up,0,"no alternate charger available, gave up",861.3467793713477,,
Car 159,,,,,3,switch,,"Charger 3 (fid=118) not available, trying Charger 1 (fid=50)",862.7256805915821,1,
Car 262,,,,72,,arrived,,arrived,863.0,,
Car 262,,,,,2,switch,,"Charger 2 (fid=22) not available, trying Charger 0 (fid=33)",864.0,0,
Car 75,,,,,3,switch,,"Charger 3 (fid=118) not available, trying Charger 2 (fid=22)",865.5228182924282,2,
Car 122,,,,9,,arrived,,arrived,866.0,,
Car 213,,,,,3,switch,,"Charger 3 (fid=118) not available, trying Charger 1 (fid=50)",866.798306244427,1,
Car 122,,,,,1,switch,,"Charger 1 (fid=50) not available, trying Charger 2 (fid=22)",867.0,2,
Car 262,,,,,0,switch,,"Charger 0 (fid=33) not available, trying Charger 3 (fid=118)",867.0982804873374,3,
Car 33,,,,,3,switch,,"Charger 3 (fid=118) not available, trying Charger 2 (fid=22)",867.5228182924282,2,
Car 208,,,,,3,switch,,"Charger 3 (fid=118) not available, trying Charger 1 (fid=50)",867.7256805915821,1,
Car 159,,,,,1,switch,,"Charger 1 (fid=50) not available, trying Charger 0 (fid=33)",871.2484988840102,0,
Car 182,,,,26,,arrived,,arrived,872.0,,
Car 75,,,,,2,switch,,"Charger 2 (fid=22) not available, trying Charger 0 (fid=33)",872.2484988840102,0,
Car 114,,,,4,,arrived,,arrived,873.0,,
Car 182,,,,,0,switch,,"Charger 0 (fid=33) not available, trying Charger 2 (fid=22)",873.0,2,
Car 114,,,,,1,switch,,"Charger 1 (fid=50) not available, trying Charger 3 (fid=118)",874.0,3,
Car 33,,,,,2,switch,,"Charger 2 (fid=22) not available, trying Charger 0 (fid=33)",874.2484988840102,0,
Car 266,,,,91,,arrived,,arrived,875.0,,
Car 122,,,,,2,switch,,"Charger 2 (fid=22) not available, trying Charger 0 (fid=33)",875.3177670500834,0,
Car 213,,,,,,gave_up,1,"no alternate charger available, gave up",875.3211245368551,,
Car 75,,,,,,gave_up,0,"no alternate charger available, gave up",875.3467793713477,,
Car 262,,,,,3,switch,,"Charger 3 (fid=118) not available, trying Charger 1 (fid=50)",875.798306244427,1,
Car 266,,,,,1,switch,,"Charger 1 (fid=50) not available, trying Charger 3 (fid=118)",876.0,3,
Car 182,,,,,2,switch,,"Charger 2 (fid=22) not available, trying Charger 3 (fid=118)",876.0982804873374,3,
Car 208,,,,,1,switch,,"Charger 1 (fid=50) not available, trying Charger 0 (fid=33)",876.2484988840102,0,
Car 33,,,,,,gave_up,0,"no alternate charger available, gave up",877.3467793713477,,
Car 122,,,,,0,switch,,"Charger 0 (fid=33) not available, trying Charger 3 (fid=118)",878.4160475374208,3,
Car 159,,,,,,gave_up,0,"no alternate charger available, gave up",880.8455959012693,,
Car 275,,,,65,,arrived,,arrived,881.0,,
Car 275,,,,,0,switch,,"Charger 0 (fid=33) not available, trying Charger 2 (fid=22)",882.0,2,
Car 114,,,,,3,switch,,"Charger 3 (fid=118) not available, trying Charger 2 (fid=22)",882.5228182924282,2,
Car 182,,,,,3,switch,,"Charger 3 (fid=118) not available, trying Charger 1 (fid=50)",882.8239610789195,1,
Car 124,,,,21,,arrived,,arrived,883.0,,
Car 219,,,,19,,arrived,,arrived,884.0,,
Car 124,,,,,2,switch,,"Charger 2 (fid=22) not available, trying Charger 0 (fid=33)",884.0,0,
Car 262,,,,,,gave_up,1,"no alternate charger available, gave up",884.3211245368551,,
Car 266,,,,,3,switch,,"Charger 3 (fid=118) not available, trying Charger 2 (fid=22)",884.5228182924282,2,
Car 219,,,,,2,switch,,"Charger 2 (fid=22) not available, trying Charger 0 (fid=33)",885.0,0,
Car 275,,,,,2,switch,,"Charger 2 (fid=22) not available, trying Charger 1 (fid=50)",885.0982804873374,1,
Car 208,,,,,,gave_up,0,"no alternate charger available, gave up",885.8455959012693,,
Car 124,,,,,0,switch,,"Charger 0 (fid=33) not available, trying Charger 3 (fid=118)",887.0982804873374,3,
Car 122,,,,,,gave_up,3,"no alternate charger available, gave up",887.1160732945103,,
Car 219,,,,,0,switch,,"Charger 0 (fid=33) not available, trying Charger 3 (fid=118)",888.0982804873374,3,
Car 114,,,,,2,switch,,"Charger 2 (fid=22) not available, trying Charger 0 (fid=33)",889.2484988840102,0,
Car 266,,,,,2,switch,,"Charger 2 (fid=22) not available, trying Charger 0 (fid=33)",891.2484988840102,0,
Car 182,,,,,,gave_up,1,"no alternate charger available, gave up",891.3467793713477,,
Car 114,,,,,,gave_up,0,"no alternate charger available, gave up",892.3467793713477,,
Car 275,,,,,1,switch,,"Charger 1 (fid=50) not available, trying Charger 3 (fid=118)",893.4160475374208,3,
Car 266,,,,,,gave_up,0,"no alternate charger available, gave up",894.3467793713477,,
Car 124,,,,,3,switch,,"Charger 3 (fid=118) not available, trying Charger 1 (fid=50)",895.798306244427,1,
Car 219,,,,,3,switch,,"Charger 3 (fid=118) not available, trying Charger 1 (fid=50)",896.798306244427,1,
Car 293,,,,6,,arrived,,arrived,897.0,,
Car 293,,,,,1,switch,,"Charger 1 (fid=50) not available, trying Charger 2 (fid=22)",898.0,2,
Car 275,,,,,,gave_up,3,"no alternate charger available, gave up",901.938865829849,,
Car 297,,,,68,,arrived,,arrived,902.0,,
Car 214,,,,23,,arrived,,arrived,903.0,,
Car 297,,,,,2,switch,,"Charger 2 (fid=22) not available, trying Charger 0 (fid=33)",903.0,0,
Car 214,,,,,2,switch,,"Charger 2 (fid=22) not available, trying Charger 3 (fid=118)",904.0,3,
Car 124,,,,,,gave_up,1,"no alternate charger available, gave up",904.3211245368551,,
Car 219,,,,,,gave_up,1,"no alternate charger available, gave up",905.3211245368551,,
Car 297,,,,,0,switch,,"Charger 0 (fid=33) not available, trying Charger 3 (fid=118)",906.0982804873374,3,
Car 293,,,,,2,switch,,"Charger 2 (fid=22) not available, trying Charger 3 (fid=118)",906.3177670500834,3,
Car 211,,,,70,,arrived,,arrived,910.0,,
Car 214,,,,,3,switch,,"Charger 3 (fid=118) not available, trying Charger 0 (fid=33)",910.7256805915821,0,
Car 211,,,,,2,switch,,"Charger 2 (fid=22) not available, trying Charger 0 (fid=33)",911.0,0,
Car 293,,,,,3,switch,,"Charger 3 (fid=118) not available, trying Charger 0 (fid=33)",913.0434476416655,0,
Car 211,,,,,0,switch,,"Charger 0 (fid=33) not available, trying Charger 3 (fid=118)",914.0982804873374,3,
Car 297,,,,,3,switch,,"Charger 3 (fid=118) not available, trying Charger 1 (fid=50)",914.798306244427,1,
Car 214,,,,,0,switch,,"Charger 0 (fid=33) not available, trying Charger 1 (fid=50)",919.4257063486716,1,
Car 293,,,,,,gave_up,0,"no alternate charger available, gave up",921.743473398755,,
Car 211,,,,,3,switch,,"Charger 3 (fid=118) not available, trying Charger 1 (fid=50)",922.798306244427,1,
Car 297,,,,,,gave_up,1,"no alternate charger available, gave up",923.3211245368551,,
Car 90,,,,90,,arrived,,arrived,927.0,,
Car 90,,,,,1,switch,,"Charger 1 (fid=50) not available, trying Charger 3 (fid=118)",928.0,3,
Car 282,,,,21,,arrived,,arrived,929.0,,
Car 214,,,,,,gave_up,1,"no alternate charger available, gave up",929.0228033659307,,
Car 282,,,,,2,switch,,"Charger 2 (fid=22) not available, trying Charger 0 (fid=33)",930.0,0,
Car 211,,,,,,gave_up,1,"no alternate charger available, gave up",931.3211245368551,,
Car 282,,,,,0,switch,,"Charger 0 (fid=33) not available, trying Charger 3 (fid=118)",933.0982804873374,3,
Car 90,,,,,3,switch,,"Charger 3 (fid=118) not available, trying Charger 2 (fid=22)",936.5228182924282,2,
Car 64,,,,83,,arrived,,arrived,937.0,,
Car 130,,,,43,,arrived,,arrived,938.0,,
Car 64,,,,,3,switch,,"Charger 3 (fid=118) not available, trying Charger 2 (fid=22)",938.0,2,
Car 130,,,,,0,switch,,"Charger 0 (fid=33) not available, trying Charger 2 (fid=22)",939.0,2,
Car 242,114.0,118,3,,,done,,done charging,940.0,,77.98052682196844
Car 282,,118,3,,,start_charge,,starting to charge at Charger 3 (fid=118),940.798306244427,,
Car 130,,,,,2,switch,,"Charger 2 (fid=22) not available, trying Charger 1 (fid=50)",942.0982804873374,1,
Car 90,,,,,2,switch,,"Charger 2 (fid=22) not available, trying Charger 0 (fid=33)",943.2484988840102,0,
Car 64,,,,,2,switch,,"Charger 2 (fid=22) not available, trying Charger 1 (fid=50)",944.7256805915821,1,
Car 90,,,,,,gave_up,0,"no alternate charger available, gave up",946.3467793713477,,
Car 130,,,,,1,switch,,"Charger 1 (fid=50) not available, trying Charger 3 (fid=118)",950.4160475374208,3,
Car 64,,,,,1,switch,,"Charger 1 (fid=50) not available, trying Charger 0 (fid=33)",953.0434476416655,0,
Car 248,105.0,22,2,,,done,,done charging,955.0,,227.98973711094786
Car 80,,,,6,,arrived,,arrived,956.0,,
Car 80,,,,,1,switch,,"Charger 1 (fid=50) not available, trying Charger 2 (fid=22)",957.0,2,
Car 130,,,,,,gave_up,3,"no alternate charger available, gave up",958.938865829849,,
Car 64,,,,,,gave_up,0,"no alternate charger available, gave up",962.6405446589246,,
Car 163,,,,88,,arrived,,arrived,964.0,,
Car 215,,,,10,,arrived,,arrived,964.0,,
Car 80,,22,2,,,start_charge,,starting to charge at Charger 2 (fid=22),964.3177670500834,,
Car 227,,,,10,,arrived,,arrived,965.0,,
Car 163,,,,,1,switch,,"Charger 1 (fid=50) not available, trying Charger 3 (fid=118)",965.0,3,
Car 215,,,,,1,switch,,"Charger 1 (fid=50) not available, trying Charger 0 (fid=33)",965.0,0,
Car 227,,,,,1,switch,,"Charger 1 (fid=50) not available, trying Charger 0 (fid=33)",966.0,0,
Car 163,,,,,3,switch,,"Charger 3 (fid=118) not available, trying Charger 2 (fid=22)",973.5228182924282,2,
Car 215,,,,,0,switch,,"Charger 0 (fid=33) not available, trying Charger 2 (fid=22)",974.5970970172591,2,
Car 27,,,,8,,arrived,,arrived,975.0,,
Car 227,,,,,0,switch,,"Charger 0 (fid=33) not available, trying Charger 2 (fid=22)",975.5970970172591,2,
Car 2,,,,40,,arrived,,arrived,976.0,,
Car 27,,,,,1,switch,,"Charger 1 (fid=50) not available, trying Charger 0 (fid=33)",976.0,0,
Car 2,,,,,1,switch,,"Charger 1 (fid=50) not available, trying Charger 2 (fid=22)",977.0,2,
Car 215,,,,,2,switch,,"Charger 2 (fid=22) not available, trying Charger 3 (fid=118)",977.6953775045965,3,
Car 227,,,,,2,switch,,"Charger 2 (fid=22) not available, trying Charger 3 (fid=118)",978.6953775045965,3,
Car 107,,,,81,,arrived,,arrived,979.0,,
Car 107,,,,,3,switch,,"Charger 3 (fid=118) not available, trying Charger 2 (fid=22)",980.0,2,
Car 163,,,,,2,switch,,"Charger 2 (fid=22) not available, trying Charger 0 (fid=33)",980.2484988840102,0,
Car 163,,,,,,gave_up,0,"no alternate charger available, gave up",983.3467793713477,,
Car 215,,,,,,gave_up,3,"no alternate charger available, gave up",984.4210580961786,,
Car 2,,,,,2,switch,,"Charger 2 (fid=22) not available, trying Charger 3 (fid=118)",985.3177670500834,3,
Car 227,,,,,,gave_up,3,"no alternate charger available, gave up",985.4210580961786,,
Car 27,,,,,0,switch,,"Charger 0 (fid=33) not available, trying Charger 2 (fid=22)",985.5970970172591,2,
Car 107,,,,,2,switch,,"Charger 2 (fid=22) not available, trying Charger 1 (fid=50)",986.7256805915821,1,
Car 150,,,,17,,arrived,,arrived,987.0,,
Car 150,,,,,2,switch,,"Charger 2 (fid=22) not available, trying Charger 0 (fid=33)",988.0,0,
Car 27,,,,,2,switch,,"Charger 2 (fid=22) not available, trying Charger 3 (fid=118)",988.6953775045965,3,
Car 222,,,,84,,arrived,,arrived,989.0,,
Car 222,,,,,1,switch,,"Charger 1 (fid=50) not available, trying Charger 3 (fid=118)",990.0,3,
Car 150,,,,,0,switch,,"Charger 0 (fid=33) not available, trying Charger 3 (fid=118)",991.0982804873374,3,
Car 2,,,,,3,switch,,"Charger 3 (fid=118) not available, trying Charger 0 (fid=33)",992.0434476416655,0,
Car 1,,,,46,,arrived,,arrived,995.0,,
Car 177,,,,29,,arrived,,arrived,995.0,,
Car 107,,,,,1,switch,,"Charger 1 (fid=50) not available, trying Charger 0 (fid=33)",995.0434476416655,0,
Car 27,,,,,,gave_up,3,"no alternate charger available, gave up",995.4210580961786,,
Car 36,,,,65,,arrived,,arrived,996.0,,
Car 1,,,,,2,switch,,"Charger 2 (fid=22) not available, trying Charger 0 (fid=33)",996.0,0,
Car 177,,,,,2,switch,,"Charger 2 (fid=22) not available, trying Charger 3 (fid=118)",996.0,3,
Car 78,,,,28,,arrived,,arrived,997.0,,
Car 36,,,,,0,switch,,"Charger 0 (fid=33) not available, trying Charger 2 (fid=22)",997.0,2,
Car 78,,,,,0,switch,,"Charger 0 (fid=33) not available, trying Charger 2 (fid=22)",998.0,2,
Car 222,,,,,3,switch,,"Charger 3 (fid=118) not available, trying Charger 2 (fid=22)",998.5228182924282,2,
Car 1,,,,,0,switch,,"Charger 0 (fid=33) not available, trying Charger 1 (fid=50)",999.0982804873374,1,
Car 150,,,,,3,switch,,"Charger 3 (fid=118) not available, trying Charger 1 (fid=50)",999.798306244427,1,
Car 36,,,,,2,switch,,"Charger 2 (fid=22) not available, trying Charger 1 (fid=50)",1000.0982804873374,1,
Car 2,,,,,,gave_up,0,"no alternate charger available, gave up",1000.743473398755,,
Car 78,,,,,2,switch,,"Charger 2 (fid=22) not available, trying Charger 3 (fid=118)",1001.0982804873374,3,
Car 177,,,,,3,switch,,"Charger 3 (fid=118) not available, trying Charger 1 (fid=50)",1002.7256805915821,1,
Car 300,,,,25,,arrived,,arrived,1003.0,,
Car 167,,,,12,,arrived,,arrived,1004.0,,
Car 300,,,,,2,switch,,"Charger 2 (fid=22) not available, trying Charger 3 (fid=118)",1004.0,3,
Car 107,,,,,,gave_up,0,"no alternate charger available, gave up",1004.6405446589246,,
Car 167,,,,,3,switch,,"Charger 3 (fid=118) not available, trying Charger 1 (fid=50)",1005.0,1,
Car 222,,,,,2,switch,,"Charger 2 (fid=22) not available, trying Charger 0 (fid=33)",1005.2484988840102,0,
Car 78,,,,,3,switch,,"Charger 3 (fid=118) not available, trying Charger 1 (fid=50)",1007.8239610789195,1,
Car 34,,,,73,,arrived,,arrived,1008.0,,
Car 150,,,,,,gave_up,1,"no alternate charger available, gave up",1008.3211245368551,,
Car 222,,,,,,gave_up,0,"no alternate charger available, gave up",1008.3467793713477,,
Car 36,,,,,1,switch,,"Charger 1 (fid=50) not available, trying Charger 3 (fid=118)",1008.4160475374208,3,
Car 1,,,,,1,switch,,"Charger 1 (fid=50) not available, trying Charger 3 (fid=118)",1008.6953775045965,3,
Car 34,,,,,1,switch,,"Charger 1 (fid=50) not available, trying Charger 2 (fid=22)",1009.0,2,
Car 294,,,,52,,arrived,,arrived,1010.0,,
Car 300,,,,,3,switch,,"Charger 3 (fid=118) not available, trying Charger 0 (fid=33)",1010.7256805915821,0,
Car 294,,,,,1,switch,,"Charger 1 (fid=50) not available, trying Charger 3 (fid=118)",1011.0,3,
Car 177,,,,,1,switch,,"Charger 1 (fid=50) not available, trying Charger 0 (fid=33)",1011.2484988840102,0,
Car 167,,,,,1,switch,,"Charger 1 (fid=50) not available, trying Charger 2 (fid=22)",1013.5228182924282,2,
Car 282,73.0,118,3,,,done,,done charging,1013.798306244427,,386.1166615076777
Car 36,,118,3,,,start_charge,,starting to charge at Charger 3 (fid=118),1015.938865829849,,
Car 78,,,,,,gave_up,1,"no alternate charger available, gave up",1016.3467793713477,,
Car 1,,,,,,gave_up,3,"no alternate charger available, gave up",1017.2181957970247,,
Car 34,,,,,2,switch,,"Charger 2 (fid=22) not available, trying Charger 0 (fid=33)",1017.3177670500834,0,
Car 300,,,,,0,switch,,"Charger 0 (fid=33) not available, trying Charger 1 (fid=50)",1019.4257063486716,1,
Car 294,,,,,3,switch,,"Charger 3 (fid=118) not available, trying Charger 2 (fid=22)",1019.5228182924282,2,
Car 134,,,,124,,arrived,,arrived,1020.0,,
Car 34,,,,,0,switch,,"Charger 0 (fid=33) not available, trying Charger 3 (fid=118)",1020.4160475374208,3,
Car 177,,,,,,gave_up,0,"no alternate charger available, gave up",1020.8455959012693,,
Car 134,,,,,2,switch,,"Charger 2 (fid=22) not available, trying Charger 0 (fid=33)",1021.0,0,
Car 167,,,,,2,switch,,"Charger 2 (fid=22) not available, trying Charger 0 (fid=33)",1021.8405853425115,0,
Car 134,,,,,0,switch,,"Charger 0 (fid=33) not available, trying Charger 3 (fid=118)",1024.0982804873374,3,
Car 167,,,,,,gave_up,0,"no alternate charger available, gave up",1024.938865829849,,
Car 294,,,,,2,switch,,"Charger 2 (fid=22) not available, trying Charger 0 (fid=33)",1026.2484988840101,0,
Car 146,,,,4,,arrived,,arrived,1028.0,,
Car 146,,,,,1,switch,,"Charger 1 (fid=50) not available, trying Charger 3 (fid=118)",1029.0,3,
Car 300,,,,,,gave_up,1,"no alternate charger available, gave up",1029.0228033659307,,
Car 34,,,,,,gave_up,3,"no alternate charger available, gave up",1029.1160732945102,,
Car 294,,,,,,gave_up,0,"no alternate charger available, gave up",1029.3467793713476,,
Car 52,,,,53,,arrived,,arrived,1031.0,,
Car 52,,,,,1,switch,,"Charger 1 (fid=50) not available, trying Charger 3 (fid=118)",1032.0,3,
Car 134,,,,,3,switch,,"Charger 3 (fid=118) not available, trying Charger 1 (fid=50)",1032.7983062444268,1,
Car 3,,,,15,,arrived,,arrived,1033.0,,
Car 145,,,,43,,arrived,,arrived,1034.0,,
Car 3,,,,,2,switch,,"Charger 2 (fid=22) not available, trying Charger 3 (fid=118)",1034.0,3,
Car 145,,,,,0,switch,,"Charger 0 (fid=33) not available, trying Charger 2 (fid=22)",1035.0,2,
Car 146,,,,,3,switch,,"Charger 3 (fid=118) not available, trying Charger 2 (fid=22)",1037.5228182924282,2,
Car 145,,,,,2,switch,,"Charger 2 (fid=22) not available, trying Charger 1 (fid=50)",1038.0982804873374,1,
Car 52,,,,,3,switch,,"Charger 3 (fid=118) not available, trying Charger 2 (fid=22)",1040.5228182924282,2,
Car 3,,,,,3,switch,,"Charger 3 (fid=118) not available, trying Charger 1 (fid=50)",1040.725680591582,1,
Car 61,,,,29,,arrived,,arrived,1041.0,,
Car 204,,,,28,,arrived,,arrived,1041.0,,
Car 134,,,,,,gave_up,1,"no alternate charger available, gave up",1041.321124536855,,
Car 61,,,,,0,switch,,"Charger 0 (fid=33) not available, trying Charger 2 (fid=22)",1042.0,2,
Car 204,,,,,2,switch,,"Charger 2 (fid=22) not available, trying Charger 3 (fid=118)",1042.0,3,
Car 146,,,,,2,switch,,"Charger 2 (fid=22) not available, trying Charger 0 (fid=33)",1044.2484988840101,0,
Car 61,,,,,2,switch,,"Charger 2 (fid=22) not available, trying Charger 3 (fid=118)",1045.0982804873374,3,
Car 145,,,,,1,switch,,"Charger 1 (fid=50) not available, trying Charger 3 (fid=118)",1046.4160475374208,3,
Car 52,,,,,2,switch,,"Charger 2 (fid=22) not available, trying Charger 0 (fid=33)",1047.2484988840101,0,
Car 146,,,,,,gave_up,0,"no alternate charger available, gave up",1047.3467793713476,,
Car 272,,,,84,,arrived,,arrived,1048.0,,
Car 80,84.0,22,2,,,done,,done charging,1048.3177670500834,,444.3515987269631
Car 204,,,,,3,switch,,"Charger 3 (fid=118) not available, trying Charger 1 (fid=50)",1048.725680591582,1,
Car 272,,,,,1,switch,,"Charger 1 (fid=50) not available, trying Charger 3 (fid=118)",1049.0,3,
Car 3,,,,,1,switch,,"Charger 1 (fid=50) not available, trying Charger 0 (fid=33)",1049.2484988840101,0,
Car 52,,,,,,gave_up,0,"no alternate charger available, gave up",1050.3467793713476,,
Car 61,,,,,3,switch,,"Charger 3 (fid=118) not available, trying Charger 1 (fid=50)",1051.8239610789194,1,
Car 145,,,,,,gave_up,3,"no alternate charger available, gave up",1054.938865829849,,
Car 204,,,,,1,switch,,"Charger 1 (fid=50) not available, trying Charger 0 (fid=33)",1057.2484988840101,0,
Car 272,,,,,3,switch,,"Charger 3 (fid=118) not available, trying Charger 2 (fid=22)",1057.5228182924282,2,
Car 3,,,,,,gave_up,0,"no alternate charger available, gave up",1058.8455959012692,,
Car 61,,,,,,gave_up,1,"no alternate charger available, gave up",1060.3467793713476,,
Car 172,,,,22,,arrived,,arrived,1062.0,,
Car 172,,22,2,,,start_charge,,starting to charge at Charger 2 (fid=22),1062.0,,
Car 272,,,,,2,switch,,"Charger 2 (fid=22) not available, trying Charger 0 (fid=33)",1064.2484988840101,0,
Car 178,,,,74,,arrived,,arrived,1065.0,,
Car 178,,,,,3,switch,,"Charger 3 (fid=118) not available, trying Charger 2 (fid=22)",1066.0,2,
Car 204,,,,,,gave_up,0,"no alternate charger available, gave up",1066.8455959012692,,
Car 133,,,,56,,arrived,,arrived,1067.0,,
Car 272,,,,,,gave_up,0,"no alternate charger available, gave up",1067.3467793713476,,
Car 133,,,,,2,switch,,"Charger 2 (fid=22) not available, trying Charger 0 (fid=33)",1068.0,0,
Car 240,,,,70,,arrived,,arrived,1071.0,,
Car 133,,,,,0,switch,,"Charger 0 (fid=33) not available, trying Charger 3 (fid=118)",1071.0982804873374,3,
Car 240,,,,,2,switch,,"Charger 2 (fid=22) not available, trying Charger 0 (fid=33)",1072.0,0,
Car 178,,,,,2,switch,,"Charger 2 (fid=22) not available, trying Charger 1 (fid=50)",1072.725680591582,1,
Car 264,,,,36,,arrived,,arrived,1073.0,,
Car 287,,,,39,,arrived,,arrived,1074.0,,
Car 264,,,,,2,switch,,"Charger 2 (fid=22) not available, trying Charger 3 (fid=118)",1074.0,3,
Car 36,59.0,118,3,,,done,,done charging,1074.938865829849,,797.3969328837227
Car 287,,,,,1,switch,,"Charger 1 (fid=50) not available, trying Charger 2 (fid=22)",1075.0,2,
Car 240,,,,,0,switch,,"Charger 0 (fid=33) not available, trying Charger 3 (fid=118)",1075.0982804873374,3,
Car 126,,,,51,,arrived,,arrived,1076.0,,
Car 126,,,,,1,switch,,"Charger 1 (fid=50) not available, trying Charger 3 (fid=118)",1077.0,3,
Car 133,,118,3,,,start_charge,,starting to charge at Charger 3 (fid=118),1078.7983062444268,,
Car 264,,,,,3,switch,,"Charger 3 (fid=118) not available, trying Charger 1 (fid=50)",1080.725680591582,1,
Car 178,,,,,1,switch,,"Charger 1 (fid=50) not available, trying Charger 0 (fid=33)",1081.0434476416654,0,
Car 287,,,,,2,switch,,"Charger 2 (fid=22) not available, trying Charger 3 (fid=118)",1083.3177670500834,3,
Car 240,,,,,3,switch,,"Charger 3 (fid=118) not available, trying Charger 1 (fid=50)",1083.7983062444268,1,
Car 126,,,,,3,switch,,"Charger 3 (fid=118) not available, trying Charger 2 (fid=22)",1085.5228182924282,2,
Car 264,,,,,1,switch,,"Charger 1 (fid=50) not available, trying Charger 0 (fid=33)",1089.2484988840101,0,
Car 5,,,,117,,arrived,,arrived,1090.0,,
Car 287,,,,,3,switch,,"Charger 3 (fid=118) not available, trying Charger 0 (fid=33)",1090.0434476416654,0,
Car 178,,,,,,gave_up,0,"no alternate charger available, gave up",1090.6405446589245,,
Car 5,,,,,3,switch,,"Charger 3 (fid=118) not available, trying Charger 2 (fid=22)",1091.0,2,
Car 126,,,,,2,switch,,"Charger 2 (fid=22) not available, trying Charger 0 (fid=33)",1092.2484988840101,0,
Car 240,,,,,,gave_up,1,"no alternate charger available, gave up",1092.321124536855,,
Car 126,,,,,,gave_up,0,"no alternate charger available, gave up",1095.3467793713476,,
Car 5,,,,,2,switch,,"Charger 2 (fid=22) not available, trying Charger 1 (fid=50)",1097.725680591582,1,
Car 287,,,,,,gave_up,0,"no alternate charger available, gave up",1098.7434733987548,,
Car 264,,,,,,gave_up,0,"no alternate charger available, gave up",1098.8455959012692,,
Car 5,,,,,1,switch,,"Charger 1 (fid=50) not available, trying Charger 0 (fid=33)",1106.0434476416654,0,
Car 135,,,,68,,arrived,,arrived,1111.0,,
Car 17,,,,51,,arrived,,arrived,1112.0,,
Car 135,,,,,2,switch,,"Charger 2 (fid=22) not available, trying Charger 0 (fid=33)",1112.0,0,
Car 17,,,,,1,switch,,"Charger 1 (fid=50) not available, trying Charger 3 (fid=118)",1113.0,3,
Car 135,,,,,0,switch,,"Charger 0 (fid=33) not available, trying Charger 3 (fid=118)",1115.0982804873374,3,
Car 5,,,,,,gave_up,0,"no alternate charger available, gave up",1115.6405446589245,,
Car 226,,,,68,,arrived,,arrived,1116.0,,
Car 226,,,,,2,switch,,"Charger 2 (fid=22) not available, trying Charger 0 (fid=33)",1117.0,0,
Car 226,,,,,0,switch,,"Charger 0 (fid=33) not available, trying Charger 3 (fid=118)",1120.0982804873374,3,
Car 17,,,,,3,switch,,"Charger 3 (fid=118) not available, trying Charger 2 (fid=22)",1121.5228182924282,2,
Car 172,60.0,22,2,,,done,,done charging,1122.0,,10.3238123084409
Car 106,,,,14,,arrived,,arrived,1123.0,,
Car 106,,22,2,,,start_charge,,starting to charge at Charger 2 (fid=22),1123.0,,
Car 135,,,,,3,switch,,"Charger 3 (fid=118) not available, trying Charger 1 (fid=50)",1123.7983062444268,1,
Car 17,,,,,2,switch,,"Charger 2 (fid=22) not available, trying Charger 0 (fid=33)",1128.2484988840101,0,
Car 226,,,,,3,switch,,"Charger 3 (fid=118) not available, trying Charger 1 (fid=50)",1128.7983062444268,1,
Car 10,,,,54,,arrived,,arrived,1131.0,,
Car 17,,,,,,gave_up,0,"no alternate charger available, gave up",1131.3467793713476,,
Car 10,,,,,2,switch,,"Charger 2 (fid=22) not available, trying Charger 0 (fid=33)",1132.0,0,
Car 135,,,,,,gave_up,1,"no alternate charger available, gave up",1132.321124536855,,
Car 10,,,,,0,switch,,"Charger 0 (fid=33) not available, trying Charger 1 (fid=50)",1135.0982804873374,1,
Car 226,,,,,,gave_up,1,"no alternate charger available, gave up",1137.321124536855,,
Car 95,,,,36,,arrived,,arrived,1143.0,,
Car 298,,,,84,,arrived,,arrived,1144.0,,
Car 95,,,,,2,switch,,"Charger 2 (fid=22) not available, trying Charger 3 (fid=118)",1144.0,3,
Car 10,,,,,1,switch,,"Charger 1 (fid=50) not available, trying Charger 3 (fid=118)",1144.6953775045965,3,
Car 298,,,,,1,switch,,"Charger 1 (fid=50) not available, trying Charger 3 (fid=118)",1145.0,3,
Car 111,,,,28,,arrived,,arrived,1148.0,,
Car 111,,,,,0,switch,,"Charger 0 (fid=33) not available, trying Charger 2 (fid=22)",1149.0,2,
Car 95,,,,,3,switch,,"Charger 3 (fid=118) not available, trying Charger 1 (fid=50)",1150.725680591582,1,
Car 111,,,,,2,switch,,"Charger 2 (fid=22) not available, trying Charger 3 (fid=118)",1152.0982804873374,3,
Car 10,,,,,,gave_up,3,"no alternate charger available, gave up",1153.2181957970247,,
Car 298,,,,,3,switch,,"Charger 3 (fid=118) not available, trying Charger 2 (fid=22)",1153.5228182924282,2,
Car 111,,,,,3,switch,,"Charger 3 (fid=118) not available, trying Charger 1 (fid=50)",1158.8239610789194,1,
Car 95,,,,,1,switch,,"Charger 1 (fid=50) not available, trying Charger 0 (fid=33)",1159.2484988840101,0,
Car 298,,,,,2,switch,,"Charger 2 (fid=22) not available, trying Charger 0 (fid=33)",1160.2484988840101,0,
Car 96,,,,28,,arrived,,arrived,1162.0,,
Car 96,,,,,0,switch,,"Charger 0 (fid=33) not available, trying Charger 2 (fid=22)",1163.0,2,
Car 298,,,,,,gave_up,0,"no alternate charger available, gave up",1163.3467793713476,,
Car 55,,,,19,,arrived,,arrived,1166.0,,
Car 96,,,,,2,switch,,"Charger 2 (fid=22) not available, trying Charger 3 (fid=118)",1166.0982804873374,3,
Car 55,,,,,2,switch,,"Charger 2 (fid=22) not available, trying Charger 0 (fid=33)",1167.0,0,
Car 111,,,,,,gave_up,1,"no alternate charger available, gave up",1167.3467793713476,,
Car 95,,,,,,gave_up,0,"no alternate charger available, gave up",1168.8455959012692,,
Car 55,,,,,0,switch,,"Charger 0 (fid=33) not available, trying Charger 3 (fid=118)",1170.0982804873374,3,
Car 96,,,,,3,switch,,"Charger 3 (fid=118) not available, trying Charger 1 (fid=50)",1172.8239610789194,1,
Car 133,99.0,118,3,,,done,,done charging,1177.7983062444268,,505.54923430091804
Car 55,,118,3,,,start_charge,,starting to charge at Charger 3 (fid=118),1177.7983062444268,,
Car 24,,,,27,,arrived,,arrived,1178.0,,
Car 24,,,,,2,switch,,"Charger 2 (fid=22) not available, trying Charger 3 (fid=118)",1179.0,3,
Car 96,,,,,,gave_up,1,"no alternate charger available, gave up",1181.3467793713476,,
Car 24,,,,,3,switch,,"Charger 3 (fid=118) not available, trying Charger 0 (fid=33)",1185.725680591582,0,
Car 232,,,,78,,arrived,,arrived,1191.0,,
Car 232,,,,,1,switch,,"Charger 1 (fid=50) not available, trying Charger 0 (fid=33)",1192.0,0,
Car 105,,,,33,,arrived,,arrived,1194.0,,
Car 24,,,,,0,switch,,"Charger 0 (fid=33) not available, trying Charger 1 (fid=50)",1194.4257063486714,1,
Car 105,,,,,2,switch,,"Charger 2 (fid=22) not available, trying Charger 3 (fid=118)",1195.0,3,
Car 121,,,,79,,arrived,,arrived,1197.0,,
Car 121,,,,,3,switch,,"Charger 3 (fid=118) not available, trying Charger 2 (fid=22)",1198.0,2,
Car 232,,,,,0,switch,,"Charger 0 (fid=33) not available, trying Charger 2 (fid=22)",1201.597097017259,2,
Car 105,,,,,3,switch,,"Charger 3 (fid=118) not available, trying Charger 1 (fid=50)",1201.725680591582,1,
Car 22,,,,33,,arrived,,arrived,1203.0,,
Car 22,,,,,2,switch,,"Charger 2 (fid=22) not available, trying Charger 3 (fid=118)",1204.0,3,
Car 24,,,,,,gave_up,1,"no alternate charger available, gave up",1204.0228033659305,,
Car 232,,,,,2,switch,,"Charger 2 (fid=22) not available, trying Charger 3 (fid=118)",1204.6953775045965,3,
Car 121,,,,,2,switch,,"Charger 2 (fid=22) not available, trying Charger 0 (fid=33)",1204.725680591582,0,
Car 121,,,,,0,switch,,"Charger 0 (fid=33) not available, trying Charger 1 (fid=50)",1207.8239610789194,1,
Car 68,,,,33,,arrived,,arrived,1208.0,,
Car 68,,,,,0,switch,,"Charger 0 (fid=33) not available, trying Charger 2 (fid=22)",1209.0,2,
Car 246,,,,53,,arrived,,arrived,1210.0,,
Car 105,,,,,1,switch,,"Charger 1 (fid=50) not available, trying Charger 0 (fid=33)",1210.2484988840101,0,
Car 22,,,,,3,switch,,"Charger 3 (fid=118) not available, trying Charger 1 (fid=50)",1210.725680591582,1,
Car 246,,,,,1,switch,,"Charger 1 (fid=50) not available, trying Charger 3 (fid=118)",1211.0,3,
Car 232,,,,,,gave_up,3,"no alternate charger available, gave up",1211.4210580961785,,
Car 68,,,,,2,switch,,"Charger 2 (fid=22) not available, trying Charger 3 (fid=118)",1212.0982804873374,3,
Car 121,,,,,,gave_up,1,"no alternate charger available, gave up",1217.4210580961785,,
Car 106,95.0,22,2,,,done,,done charging,1218.0,,228.92944439928175
Car 68,,,,,3,switch,,"Charger 3 (fid=118) not available, trying Charger 1 (fid=50)",1218.8239610789194,1,
Car 235,,,,9,,arrived,,arrived,1219.0,,
Car 22,,,,,1,switch,,"Charger 1 (fid=50) not available, trying Charger 0 (fid=33)",1219.2484988840101,0,
Car 246,,,,,3,switch,,"Charger 3 (fid=118) not available, trying Charger 2 (fid=22)",1219.5228182924282,2,
Car 105,,,,,,gave_up,0,"no alternate charger available, gave up",1219.8455959012692,,
Car 235,,,,,1,switch,,"Charger 1 (fid=50) not available, trying Charger 2 (fid=22)",1220.0,2,
Car 23,,,,90,,arrived,,arrived,1221.0,,
Car 23,,,,,1,switch,,"Charger 1 (fid=50) not available, trying Charger 3 (fid=118)",1222.0,3,
Car 246,,22,2,,,start_charge,,starting to charge at Charger 2 (fid=22),1225.2484988840101,,
Car 68,,,,,,gave_up,1,"no alternate charger available, gave up",1227.3467793713476,,
Car 235,,,,,2,switch,,"Charger 2 (fid=22) not available, trying Charger 0 (fid=33)",1228.3177670500834,0,
Car 22,,,,,,gave_up,0,"no alternate charger available, gave up",1228.8455959012692,,
Car 148,,,,118,,arrived,,arrived,1229.0,,
Car 148,,,,,3,switch,,"Charger 3 (fid=118) not available, trying Charger 2 (fid=22)",1230.0,2,
Car 23,,,,,3,switch,,"Charger 3 (fid=118) not available, trying Charger 2 (fid=22)",1230.5228182924282,2,
Car 235,,,,,0,switch,,"Charger 0 (fid=33) not available, trying Charger 3 (fid=118)",1231.4160475374208,3,
Car 42,,,,75,,arrived,,arrived,1233.0,,
Car 42,,,,,1,switch,,"Charger 1 (fid=50) not available, trying Charger 3 (fid=118)",1234.0,3,
Car 148,,,,,2,switch,,"Charger 2 (fid=22) not available, trying Charger 1 (fid=50)",1236.725680591582,1,
Car 23,,,,,2,switch,,"Charger 2 (fid=22) not available, trying Charger 0 (fid=33)",1237.2484988840101,0,
Car 194,,,,26,,arrived,,arrived,1238.0,,
Car 305,,,,52,,arrived,,arrived,1238.0,,
Car 194,,,,,2,switch,,"Charger 2 (fid=22) not available, trying Charger 3 (fid=118)",1239.0,3,
Car 305,,,,,1,switch,,"Charger 1 (fid=50) not available, trying Charger 3 (fid=118)",1239.0,3,
Car 217,,,,76,,arrived,,arrived,1240.0,,
Car 235,,,,,,gave_up,3,"no alternate charger available, gave up",1240.1160732945102,,
Car 23,,,,,,gave_up,0,"no alternate charger available, gave up",1240.3467793713476,,
Car 283,,,,24,,arrived,,arrived,1241.0,,
Car 217,,,,,3,switch,,"Charger 3 (fid=118) not available, trying Charger 1 (fid=50)",1241.0,1,
Car 283,,,,,0,switch,,"Charger 0 (fid=33) not available, trying Charger 2 (fid=22)",1242.0,2,
Car 42,,,,,3,switch,,"Charger 3 (fid=118) not available, trying Charger 2 (fid=22)",1242.5228182924282,2,
Car 151,,,,65,,arrived,,arrived,1244.0,,
Car 151,,,,,0,switch,,"Charger 0 (fid=33) not available, trying Charger 2 (fid=22)",1245.0,2,
Car 148,,,,,1,switch,,"Charger 1 (fid=50) not available, trying Charger 0 (fid=33)",1245.0434476416654,0,
Car 283,,,,,2,switch,,"Charger 2 (fid=22) not available, trying Charger 1 (fid=50)",1245.0982804873374,1,
Car 194,,,,,3,switch,,"Charger 3 (fid=118) not available, trying Charger 0 (fid=33)",1245.725680591582,0,
Car 281,,,,45,,arrived,,arrived,1246.0,,
Car 281,,,,,1,switch,,"Charger 1 (fid=50) not available, trying Charger 2 (fid=22)",1247.0,2,
Car 305,,,,,3,switch,,"Charger 3 (fid=118) not available, trying Charger 2 (fid=22)",1247.5228182924282,2,
Car 151,,,,,2,switch,,"Charger 2 (fid=22) not available, trying Charger 1 (fid=50)",1248.0982804873374,1,
Car 168,,,,77,,arrived,,arrived,1249.0,,
Car 303,,,,61,,arrived,,arrived,1249.0,,
Car 42,,,,,2,switch,,"Charger 2 (fid=22) not available, trying Charger 0 (fid=33)",1249.2484988840101,0,
Car 217,,,,,1,switch,,"Charger 1 (fid=50) not available, trying Charger 2 (fid=22)",1249.5228182924282,2,
Car 168,,,,,1,switch,,"Charger 1 (fid=50) not available, trying Charger 3 (fid=118)",1250.0,3,
Car 303,,,,,1,switch,,"Charger 1 (fid=50) not available, trying Charger 2 (fid=22)",1250.0,2,
Car 9,,,,71,,arrived,,arrived,1251.0,,
Car 9,,,,,2,switch,,"Charger 2 (fid=22) not available, trying Charger 0 (fid=33)",1252.0,0,
Car 42,,,,,,gave_up,0,"no alternate charger available, gave up",1252.3467793713476,,
Car 283,,,,,1,switch,,"Charger 1 (fid=50) not available, trying Charger 3 (fid=118)",1253.4160475374208,3,
Car 26,,,,117,,arrived,,arrived,1254.0,,
Car 305,,,,,2,switch,,"Charger 2 (fid=22) not available, trying Charger 0 (fid=33)",1254.2484988840101,0,
Car 194,,,,,0,switch,,"Charger 0 (fid=33) not available, trying Charger 1 (fid=50)",1254.4257063486714,1,
Car 148,,,,,,gave_up,0,"no alternate charger available, gave up",1254.6405446589245,,
Car 26,,,,,3,switch,,"Charger 3 (fid=118) not available, trying Charger 2 (fid=22)",1255.0,2,
Car 9,,,,,0,switch,,"Charger 0 (fid=33) not available, trying Charger 3 (fid=118)",1255.0982804873374,3,
Car 281,,,,,2,switch,,"Charger 2 (fid=22) not available, trying Charger 3 (fid=118)",1255.3177670500834,3,
Car 151,,,,,1,switch,,"Charger 1 (fid=50) not available, trying Charger 3 (fid=118)",1256.4160475374208,3,
Car 305,,,,,,gave_up,0,"no alternate charger available, gave up",1257.3467793713476,,
Car 217,,,,,2,switch,,"Charger 2 (fid=22) not available, trying Charger 0 (fid=33)",1257.8405853425115,0,
Car 303,,,,,2,switch,,"Charger 2 (fid=22) not available, trying Charger 3 (fid=118)",1258.3177670500834,3,
Car 168,,,,,3,switch,,"Charger 3 (fid=118) not available, trying Charger 2 (fid=22)",1258.5228182924282,2,
Car 217,,,,,,gave_up,0,"no alternate charger available, gave up",1260.938865829849,,
Car 26,,,,,2,switch,,"Charger 2 (fid=22) not available, trying Charger 1 (fid=50)",1261.725680591582,1,
Car 283,,,,,,gave_up,3,"no alternate charger available, gave up",1261.938865829849,,
Car 281,,,,,3,switch,,"Charger 3 (fid=118) not available, trying Charger 0 (fid=33)",1262.0434476416654,0,
Car 9,,,,,3,switch,,"Charger 3 (fid=118) not available, trying Charger 1 (fid=50)",1263.7983062444268,1,
Car 194,,,,,,gave_up,1,"no alternate charger available, gave up",1264.0228033659305,,
Car 151,,,,,,gave_up,3,"no alternate charger available, gave up",1264.938865829849,,
Car 303,,,,,3,switch,,"Charger 3 (fid=118) not available, trying Charger 0 (fid=33)",1265.0434476416654,0,
Car 168,,,,,2,switch,,"Charger 2 (fid=22) not available, trying Charger 0 (fid=33)",1265.2484988840101,0,
Car 224,,,,52,,arrived,,arrived,1267.0,,
Car 224,,,,,1,switch,,"Charger 1 (fid=50) not available, trying Charger 3 (fid=118)",1268.0,3,
Car 168,,,,,,gave_up,0,"no alternate charger available, gave up",1268.3467793713476,,
Car 49,,,,11,,arrived,,arrived,1270.0,,
Car 26,,,,,1,switch,,"Charger 1 (fid=50) not available, trying Charger 0 (fid=33)",1270.0434476416654,0,
Car 281,,,,,,gave_up,0,"no alternate charger available, gave up",1270.7434733987548,,
Car 257,,,,1,,arrived,,arrived,1271.0,,
Car 49,,,,,1,switch,,"Charger 1 (fid=50) not available, trying Charger 2 (fid=22)",1271.0,2,
Car 257,,,,,1,switch,,"Charger 1 (fid=50) not available, trying Charger 3 (fid=118)",1272.0,3,
Car 9,,,,,,gave_up,1,"no alternate charger available, gave up",1272.321124536855,,
Car 303,,,,,,gave_up,0,"no alternate charger available, gave up",1273.7434733987548,,
Car 129,,,,16,,arrived,,arrived,1276.0,,
Car 224,,,,,3,switch,,"Charger 3 (fid=118) not available, trying Charger 2 (fid=22)",1276.5228182924282,2,
Car 129,,,,,2,switch,,"Charger 2 (fid=22) not available, trying Charger 1 (fid=50)",1277.0,1,
Car 49,,,,,2,switch,,"Charger 2 (fid=22) not available, trying Charger 0 (fid=33)",1279.3177670500834,0,
Car 26,,,,,,gave_up,0,"no alternate charger available, gave up",1279.6405446589245,,
Car 257,,,,,3,switch,,"Charger 3 (fid=118) not available, trying Charger 2 (fid=22)",1280.5228182924282,2,
Car 49,,,,,0,switch,,"Charger 0 (fid=33) not available, trying Charger 3 (fid=118)",1282.4160475374208,3,
Car 55,105.0,118,3,,,done,,done charging,1282.7983062444268,,369.97848781066847
Car 116,,,,63,,arrived,,arrived,1283.0,,
Car 224,,,,,2,switch,,"Charger 2 (fid=22) not available, trying Charger 0 (fid=33)",1283.2484988840101,0,
Car 116,,,,,2,switch,,"Charger 2 (fid=22) not available, trying Charger 0 (fid=33)",1284.0,0,
Car 89,,,,9,,arrived,,arrived,1285.0,,
Car 129,,,,,1,switch,,"Charger 1 (fid=50) not available, trying Charger 0 (fid=33)",1285.3177670500834,0,
Car 89,,,,,1,switch,,"Charger 1 (fid=50) not available, trying Charger 2 (fid=22)",1286.0,2,
Car 224,,,,,,gave_up,0,"no alternate charger available, gave up",1286.3467793713476,,
Car 244,,,,15,,arrived,,arrived,1287.0,,
Car 116,,,,,0,switch,,"Charger 0 (fid=33) not available, trying Charger 1 (fid=50)",1287.0982804873374,1,
Car 257,,,,,2,switch,,"Charger 2 (fid=22) not available, trying Charger 0 (fid=33)",1287.2484988840101,0,
Car 244,,,,,2,switch,,"Charger 2 (fid=22) not available, trying Charger 3 (fid=118)",1288.0,3,
Car 165,,,,37,,arrived,,arrived,1290.0,,
Car 49,,118,3,,,start_charge,,starting to charge at Charger 3 (fid=118),1290.1160732945102,,
Car 257,,,,,,gave_up,0,"no alternate charger available, gave up",1290.3467793713476,,
Car 165,,,,,2,switch,,"Charger 2 (fid=22) not available, trying Charger 0 (fid=33)",1291.0,0,
Car 165,,,,,0,switch,,"Charger 0 (fid=33) not available, trying Charger 1 (fid=50)",1294.0982804873374,1,
Car 89,,,,,2,switch,,"Charger 2 (fid=22) not available, trying Charger 0 (fid=33)",1294.3177670500834,0,
Car 244,,,,,3,switch,,"Charger 3 (fid=118) not available, trying Charger 1 (fid=50)",1294.725680591582,1,
Car 129,,,,,0,switch,,"Charger 0 (fid=33) not available, trying Charger 3 (fid=118)",1294.9148640673425,3,
Car 116,,,,,1,switch,,"Charger 1 (fid=50) not available, trying Charger 3 (fid=118)",1296.6953775045965,3,
Car 89,,,,,0,switch,,"Charger 0 (fid=33) not available, trying Charger 3 (fid=118)",1297.4160475374208,3,
Car 200,,,,37,,arrived,,arrived,1302.0,,
Car 200,,,,,2,switch,,"Charger 2 (fid=22) not available, trying Charger 0 (fid=33)",1303.0,0,
Car 244,,,,,1,switch,,"Charger 1 (fid=50) not available, trying Charger 0 (fid=33)",1303.2484988840101,0,
Car 129,,,,,,gave_up,3,"no alternate charger available, gave up",1303.6148898244319,,
Car 165,,,,,1,switch,,"Charger 1 (fid=50) not available, trying Charger 3 (fid=118)",1303.6953775045965,3,
Car 210,,,,40,,arrived,,arrived,1304.0,,
Car 210,,,,,1,switch,,"Charger 1 (fid=50) not available, trying Charger 2 (fid=22)",1305.0,2,
Car 116,,,,,,gave_up,3,"no alternate charger available, gave up",1305.2181957970247,,
Car 200,,,,,0,switch,,"Charger 0 (fid=33) not available, trying Charger 1 (fid=50)",1306.0982804873374,1,
Car 89,,,,,,gave_up,3,"no alternate charger available, gave up",1306.1160732945102,,
Car 258,,,,77,,arrived,,arrived,1311.0,,
Car 258,,,,,1,switch,,"Charger 1 (fid=50) not available, trying Charger 3 (fid=118)",1312.0,3,
Car 165,,,,,,gave_up,3,"no alternate charger available, gave up",1312.2181957970247,,
Car 244,,,,,,gave_up,0,"no alternate charger available, gave up",1312.8455959012692,,
Car 210,,,,,2,switch,,"Charger 2 (fid=22) not available, trying Charger 3 (fid=118)",1313.3177670500834,3,
Car 200,,,,,1,switch,,"Charger 1 (fid=50) not available, trying Charger 3 (fid=118)",1315.6953775045965,3,
Car 98,,,,27,,arrived,,arrived,1319.0,,
Car 98,,,,,0,switch,,"Charger 0 (fid=33) not available, trying Charger 2 (fid=22)",1320.0,2,
Car 210,,,,,3,switch,,"Charger 3 (fid=118) not available, trying Charger 0 (fid=33)",1320.0434476416654,0,
Car 258,,,,,3,switch,,"Charger 3 (fid=118) not available, trying Charger 2 (fid=22)",1320.5228182924282,2,
Car 246,96.0,22,2,,,done,,done charging,1321.2484988840101,,700.1786906611766
Car 98,,22,2,,,start_charge,,starting to charge at Charger 2 (fid=22),1322.0982804873374,,
Car 200,,,,,,gave_up,3,"no alternate charger available, gave up",1324.2181957970247,,
Car 258,,,,,2,switch,,"Charger 2 (fid=22) not available, trying Charger 0 (fid=33)",1327.2484988840101,0,
Car 210,,,,,,gave_up,0,"no alternate charger available, gave up",1328.7434733987548,,
Car 166,,,,39,,arrived,,arrived,1329.0,,
Car 166,,,,,1,switch,,"Charger 1 (fid=50) not available, trying Charger 2 (fid=22)",1330.0,2,
Car 258,,,,,,gave_up,0,"no alternate charger available, gave up",1330.3467793713476,,
Car 70,,,,9,,arrived,,arrived,1332.0,,
Car 92,,,,72,,arrived,,arrived,1332.0,,
Car 169,,,,14,,arrived,,arrived,1332.0,,
Car 70,,,,,1,switch,,"Charger 1 (fid=50) not available, trying Charger 2 (fid=22)",1333.0,2,
Car 92,,,,,2,switch,,"Charger 2 (fid=22) not available, trying Charger 0 (fid=33)",1333.0,0,
Car 169,,,,,2,switch,,"Charger 2 (fid=22) not available, trying Charger 0 (fid=33)",1333.0,0,
Car 250,,,,34,,arrived,,arrived,1335.0,,
Car 250,,,,,0,switch,,"Charger 0 (fid=33) not available, trying Charger 2 (fid=22)",1336.0,2,
Car 92,,,,,0,switch,,"Charger 0 (fid=33) not available, trying Charger 3 (fid=118)",1336.0982804873374,3,
Car 169,,,,,0,switch,,"Charger 0 (fid=33) not available, trying Charger 3 (fid=118)",1336.0982804873374,3,
Car 166,,,,,2,switch,,"Charger 2 (fid=22) not available, trying Charger 3 (fid=118)",1338.3177670500834,3,
Car 250,,,,,2,switch,,"Charger 2 (fid=22) not available, trying Charger 3 (fid=118)",1339.0982804873374,3,
Car 70,,,,,2,switch,,"Charger 2 (fid=22) not available, trying Charger 0 (fid=33)",1341.3177670500834,0,
Car 144,,,,52,,arrived,,arrived,1343.0,,
Car 144,,,,,1,switch,,"Charger 1 (fid=50) not available, trying Charger 3 (fid=118)",1344.0,3,
Car 70,,,,,0,switch,,"Charger 0 (fid=33) not available, trying Charger 3 (fid=118)",1344.4160475374208,3,
Car 92,,,,,3,switch,,"Charger 3 (fid=118) not available, trying Charger 1 (fid=50)",1344.7983062444268,1,
Car 169,,,,,3,switch,,"Charger 3 (fid=118) not available, trying Charger 1 (fid=50)",1344.7983062444268,1,
Car 152,,,,25,,arrived,,arrived,1345.0,,
Car 166,,,,,3,switch,,"Charger 3 (fid=118) not available, trying Charger 0 (fid=33)",1345.0434476416654,0,
Car 250,,,,,3,switch,,"Charger 3 (fid=118) not available, trying Charger 1 (fid=50)",1345.8239610789194,1,
Car 152,,,,,0,switch,,"Charger 0 (fid=33) not available, trying Charger 2 (fid=22)",1346.0,2,
Car 152,,,,,2,switch,,"Charger 2 (fid=22) not available, trying Charger 1 (fid=50)",1349.0982804873374,1,
Car 144,,,,,3,switch,,"Charger 3 (fid=118) not available, trying Charger 2 (fid=22)",1352.5228182924282,2,
Car 70,,,,,,gave_up,3,"no alternate charger available, gave up",1353.1160732945102,,
Car 92,,,,,,gave_up,1,"no alternate charger available, gave up",1353.321124536855,,
Car 169,,,,,,gave_up,1,"no alternate charger available, gave up",1353.321124536855,,
Car 166,,,,,,gave_up,0,"no alternate charger available, gave up",1353.7434733987548,,
Car 250,,,,,,gave_up,1,"no alternate charger available, gave up",1354.3467793713476,,
Car 152,,,,,1,switch,,"Charger 1 (fid=50) not available, trying Charger 3 (fid=118)",1357.4160475374208,3,
Car 144,,,,,2,switch,,"Charger 2 (fid=22) not available, trying Charger 0 (fid=33)",1359.2484988840101,0,
Car 144,,,,,,gave_up,0,"no alternate charger available, gave up",1362.3467793713476,,
Car 59,,,,19,,arrived,,arrived,1363.0,,
Car 274,,,,34,,arrived,,arrived,1363.0,,
Car 59,,,,,2,switch,,"Charger 2 (fid=22) not available, trying Charger 0 (fid=33)",1364.0,0,
Car 274,,,,,0,switch,,"Charger 0 (fid=33) not available, trying Charger 2 (fid=22)",1364.0,2,
Car 152,,,,,,gave_up,3,"no alternate charger available, gave up",1365.938865829849,,
Car 59,,,,,0,switch,,"Charger 0 (fid=33) not available, trying Charger 3 (fid=118)",1367.0982804873374,3,
Car 274,,,,,2,switch,,"Charger 2 (fid=22) not available, trying Charger 3 (fid=118)",1367.0982804873374,3,
Car 13,,,,69,,arrived,,arrived,1368.0,,
Car 247,,,,34,,arrived,,arrived,1368.0,,
Car 13,,,,,2,switch,,"Charger 2 (fid=22) not available, trying Charger 0 (fid=33)",1369.0,0,
Car 247,,,,,2,switch,,"Charger 2 (fid=22) not available, trying Charger 3 (fid=118)",1369.0,3,
Car 13,,,,,0,switch,,"Charger 0 (fid=33) not available, trying Charger 3 (fid=118)",1372.0982804873374,3,
Car 274,,,,,3,switch,,"Charger 3 (fid=118) not available, trying Charger 1 (fid=50)",1373.8239610789194,1,
Car 247,,,,,3,switch,,"Charger 3 (fid=118) not available, trying Charger 1 (fid=50)",1375.725680591582,1,
Car 59,,,,,3,switch,,"Charger 3 (fid=118) not available, trying Charger 1 (fid=50)",1375.7983062444268,1,
Car 73,,,,63,,arrived,,arrived,1379.0,,
Car 160,,,,77,,arrived,,arrived,1379.0,,
Car 73,,,,,2,switch,,"Charger 2 (fid=22) not available, trying Charger 0 (fid=33)",1380.0,0,
Car 160,,,,,1,switch,,"Charger 1 (fid=50) not available, trying Charger 3 (fid=118)",1380.0,3,
Car 13,,,,,3,switch,,"Charger 3 (fid=118) not available, trying Charger 1 (fid=50)",1380.7983062444268,1,
Car 274,,,,,,gave_up,1,"no alternate charger available, gave up",1382.3467793713476,,
Car 85,,,,59,,arrived,,arrived,1383.0,,
Car 73,,,,,0,switch,,"Charger 0 (fid=33) not available, trying Charger 1 (fid=50)",1383.0982804873374,1,
Car 85,,,,,1,switch,,"Charger 1 (fid=50) not available, trying Charger 3 (fid=118)",1384.0,3,
Car 247,,,,,1,switch,,"Charger 1 (fid=50) not available, trying Charger 0 (fid=33)",1384.2484988840101,0,
Car 59,,,,,,gave_up,1,"no alternate charger available, gave up",1384.321124536855,,
Car 160,,,,,3,switch,,"Charger 3 (fid=118) not available, trying Charger 2 (fid=22)",1388.5228182924282,2,
Car 83,,,,47,,arrived,,arrived,1389.0,,
Car 147,,,,90,,arrived,,arrived,1389.0,,
Car 49,99.0,118,3,,,done,,done charging,1389.1160732945102,,518.4260808690842
Car 13,,,,,,gave_up,1,"no alternate charger available, gave up",1389.321124536855,,
Car 83,,,,,0,switch,,"Charger 0 (fid=33) not available, trying Charger 2 (fid=22)",1390.0,2,
Car 147,,,,,1,switch,,"Charger 1 (fid=50) not available, trying Charger 3 (fid=118)",1390.0,3,
Car 48,,,,3,,arrived,,arrived,1391.0,,
Car 48,,118,3,,,start_charge,,starting to charge at Charger 3 (fid=118),1391.0,,
Car 85,,,,,3,switch,,"Charger 3 (fid=118) not available, trying Charger 2 (fid=22)",1392.5228182924282,2,
Car 73,,,,,1,switch,,"Charger 1 (fid=50) not available, trying Charger 3 (fid=118)",1392.6953775045965,3,
Car 83,,,,,2,switch,,"Charger 2 (fid=22) not available, trying Charger 1 (fid=50)",1393.0982804873374,1,
Car 247,,,,,,gave_up,0,"no alternate charger available, gave up",1393.8455959012692,,
Car 60,,,,46,,arrived,,arrived,1395.0,,
Car 160,,,,,2,switch,,"Charger 2 (fid=22) not available, trying Charger 0 (fid=33)",1395.2484988840101,0,
Car 60,,,,,2,switch,,"Charger 2 (fid=22) not available, trying Charger 0 (fid=33)",1396.0,0,
Car 160,,,,,,gave_up,0,"no alternate charger available, gave up",1398.3467793713476,,
Car 147,,,,,3,switch,,"Charger 3 (fid=118) not available, trying Charger 2 (fid=22)",1398.5228182924282,2,
Car 30,,,,44,,arrived,,arrived,1399.0,,
Car 60,,,,,0,switch,,"Charger 0 (fid=33) not available, trying Charger 1 (fid=50)",1399.0982804873374,1,
Car 85,,,,,2,switch,,"Charger 2 (fid=22) not available, trying Charger 0 (fid=33)",1399.2484988840101,0,
Car 7,,,,37,,arrived,,arrived,1400.0,,
Car 30,,,,,0,switch,,"Charger 0 (fid=33) not available, trying Charger 2 (fid=22)",1400.0,2,
Car 7,,,,,2,switch,,"Charger 2 (fid=22) not available, trying Charger 0 (fid=33)",1401.0,0,
Car 73,,,,,,gave_up,3,"no alternate charger available, gave up",1401.2181957970247,,
Car 83,,,,,1,switch,,"Charger 1 (fid=50) not available, trying Charger 3 (fid=118)",1401.4160475374208,3,
Car 85,,,,,,gave_up,0,"no alternate charger available, gave up",1402.3467793713476,,
Car 30,,,,,2,switch,,"Charger 2 (fid=22) not available, trying Charger 3 (fid=118)",1403.0982804873374,3,
Car 7,,,,,0,switch,,"Charger 0 (fid=33) not available, trying Charger 1 (fid=50)",1404.0982804873374,1,
Car 186,,,,47,,arrived,,arrived,1405.0,,
Car 147,,,,,2,switch,,"Charger 2 (fid=22) not available, trying Charger 0 (fid=33)",1405.2484988840101,0,
Car 255,,,,22,,arrived,,arrived,1406.0,,
Car 186,,,,,0,switch,,"Charger 0 (fid=33) not available, trying Charger 2 (fid=22)",1406.0,2,
Car 115,,,,26,,arrived,,arrived,1407.0,,
Car 255,,,,,2,switch,,"Charger 2 (fid=22) not available, trying Charger 0 (fid=33)",1407.0,0,
Car 115,,,,,0,switch,,"Charger 0 (fid=33) not available, trying Charger 2 (fid=22)",1408.0,2,
Car 147,,,,,,gave_up,0,"no alternate charger available, gave up",1408.3467793713476,,
Car 60,,,,,1,switch,,"Charger 1 (fid=50) not available, trying Charger 3 (fid=118)",1408.6953775045965,3,
Car 186,,,,,2,switch,,"Charger 2 (fid=22) not available, trying Charger 1 (fid=50)",1409.0982804873374,1,
Car 30,,,,,3,switch,,"Charger 3 (fid=118) not available, trying Charger 1 (fid=50)",1409.8239610789194,1,
Car 83,,,,,,gave_up,3,"no alternate charger available, gave up",1409.938865829849,,
Car 255,,,,,0,switch,,"Charger 0 (fid=33) not available, trying Charger 3 (fid=118)",1410.0982804873374,3,
Car 115,,,,,2,switch,,"Charger 2 (fid=22) not available, trying Charger 3 (fid=118)",1411.0982804873374,3,
Car 7,,,,,1,switch,,"Charger 1 (fid=50) not available, trying Charger 3 (fid=118)",1413.6953775045965,3,
Car 189,,,,4,,arrived,,arrived,1416.0,,
Car 189,,,,,1,switch,,"Charger 1 (fid=50) not available, trying Charger 3 (fid=118)",1417.0,3,
Car 60,,,,,,gave_up,3,"no alternate charger available, gave up",1417.2181957970247,,
Car 186,,,,,1,switch,,"Charger 1 (fid=50) not available, trying Charger 3 (fid=118)",1417.4160475374208,3,
Car 115,,,,,3,switch,,"Charger 3 (fid=118) not available, trying Charger 1 (fid=50)",1417.8239610789194,1,
Car 30,,,,,,gave_up,1,"no alternate charger available, gave up",1418.3467793713476,,
Car 255,,,,,3,switch,,"Charger 3 (fid=118) not available, trying Charger 1 (fid=50)",1418.7983062444268,1,
Car 249,,,,56,,arrived,,arrived,1422.0,,
Car 7,,,,,,gave_up,3,"no alternate charger available, gave up",1422.2181957970247,,
Car 249,,,,,2,switch,,"Charger 2 (fid=22) not available, trying Charger 0 (fid=33)",1423.0,0,
Car 189,,,,,3,switch,,"Charger 3 (fid=118) not available, trying Charger 2 (fid=22)",1425.5228182924282,2,
Car 186,,,,,,gave_up,3,"no alternate charger available, gave up",1425.938865829849,,
Car 249,,,,,0,switch,,"Charger 0 (fid=33) not available, trying Charger 3 (fid=118)",1426.0982804873374,3,
Car 115,,,,,,gave_up,1,"no alternate charger available, gave up",1426.3467793713476,,
Car 245,,,,13,,arrived,,arrived,1427.0,,
Car 255,,,,,,gave_up,1,"no alternate charger available, gave up",1427.321124536855,,
Car 245,,,,,2,switch,,"Charger 2 (fid=22) not available, trying Charger 0 (fid=33)",1428.0,0,
Car 71,,,,38,,arrived,,arrived,1430.0,,
Car 180,,,,59,,arrived,,arrived,1430.0,,
Car 98,108.0,22,2,,,done,,done charging,1430.0982804873374,,161.40183022430077
Car 71,,,,,0,switch,,"Charger 0 (fid=33) not available, trying Charger 2 (fid=22)",1431.0,2,
Car 180,,,,,1,switch,,"Charger 1 (fid=50) not available, trying Charger 3 (fid=118)",1431.0,3,
Car 245,,,,,0,switch,,"Charger 0 (fid=33) not available, trying Charger 3 (fid=118)",1431.0982804873374,3,
Car 189,,22,2,,,start_charge,,starting to charge at Charger 2 (fid=22),1431.2484988840101,,
Car 29,,,,30,,arrived,,arrived,1432.0,,
Car 53,,,,118,,arrived,,arrived,1432.0,,
Car 29,,,,,0,switch,,"Charger 0 (fid=33) not available, trying Charger 2 (fid=22)",1433.0,2,
Car 53,,,,,3,switch,,"Charger 3 (fid=118) not available, trying Charger 2 (fid=22)",1433.0,2,
Car 71,,,,,2,switch,,"Charger 2 (fid=22) not available, trying Charger 1 (fid=50)",1434.0982804873374,1,
Car 249,,,,,3,switch,,"Charger 3 (fid=118) not available, trying Charger 1 (fid=50)",1434.7983062444268,1,
Car 77,,,,17,,arrived,,arrived,1436.0,,
Car 97,,,,67,,arrived,,arrived,1436.0,,
Car 29,,,,,2,switch,,"Charger 2 (fid=22) not available, trying Charger 3 (fid=118)",1436.0982804873374,3,
Car 77,,,,,2,switch,,"Charger 2 (fid=22) not available, trying Charger 1 (fid=50)",1437.0,1,
Car 97,,,,,2,switch,,"Charger 2 (fid=22) not available, trying Charger 0 (fid=33)",1437.0,0,
Car 180,,,,,3,switch,,"Charger 3 (fid=118) not available, trying Charger 2 (fid=22)",1439.5228182924282,2,
Car 53,,,,,2,switch,,"Charger 2 (fid=22) not available, trying Charger 1 (fid=50)",1439.725680591582,1,
Car 245,,,,,3,switch,,"Charger 3 (fid=118) not available, trying Charger 1 (fid=50)",1439.7983062444268,1,
