car,charge_time,charger_fid,charger_id,destination_fid,from_charger_id,kind,last_charger_id,msg,t,to_charger_id,waited,walking_dist_m
Car 349,,,,72,,arrived,,arrived,2.0,,,
Car 349,,19,3,,,start_charge,,starting to charge at Charger 3 (fid=19),2.0,,0.0,
Car 70,,,,8,,arrived,,arrived,6.0,,,
Car 70,,17,2,,,start_charge,,starting to charge at Charger 2 (fid=17),6.0,,0.0,
Car 40,,,,17,,arrived,,arrived,13.0,,,
Car 40,,17,2,,,start_charge,,starting to charge at Charger 2 (fid=17),13.0,,0.0,
Car 122,,,,54,,arrived,,arrived,16.0,,,
Car 122,,17,2,,,start_charge,,starting to charge at Charger 2 (fid=17),16.0,,0.0,
Car 691,,,,62,,arrived,,arrived,21.0,,,
Car 691,,17,2,,,start_charge,,starting to charge at Charger 2 (fid=17),21.0,,0.0,
Car 446,,,,33,,arrived,,arrived,24.0,,,
Car 446,,17,2,,,start_charge,,starting to charge at Charger 2 (fid=17),24.0,,0.0,
Car 755,,,,47,,arrived,,arrived,34.0,,,
Car 755,,19,3,,,start_charge,,starting to charge at Charger 3 (fid=19),34.0,,0.0,
Car 266,,,,45,,arrived,,arrived,35.0,,,
Car 183,,,,50,,arrived,,arrived,38.0,,,
Car 183,,1,0,,,start_charge,,starting to charge at Charger 0 (fid=1),38.0,,0.0,
Car 443,,,,118,,arrived,,arrived,39.0,,,
Car 443,,7,1,,,start_charge,,starting to charge at Charger 1 (fid=7),39.0,,0.0,
Car 266,,,,,2,switch,,"Charger 2 (fid=17) not available, trying Charger 0 (fid=1)",40.0,0,,
Car 198,,,,30,,arrived,,arrived,42.0,,,
Car 198,,19,3,,,start_charge,,starting to charge at Charger 3 (fid=19),42.0,,0.0,
Car 266,,1,0,,,start_charge,,starting to charge at Charger 0 (fid=1),42.16904418412601,,5.0,
Car 718,,,,25,,arrived,,arrived,46.0,,,
Car 718,,19,3,,,start_charge,,starting to charge at Charger 3 (fid=19),46.0,,0.0,
Car 315,,,,52,,arrived,,arrived,47.0,,,
Car 315,,7,1,,,start_charge,,starting to charge at Charger 1 (fid=7),47.0,,0.0,
Car 271,,,,60,,arrived,,arrived,48.0,,,
Car 645,,,,62,,arrived,,arrived,48.0,,,
Car 573,,,,50,,arrived,,arrived,50.0,,,
Car 573,,1,0,,,start_charge,,starting to charge at Charger 0 (fid=1),50.0,,0.0,
Car 271,,,,,2,switch,,"Charger 2 (fid=17) not available, trying Charger 0 (fid=1)",53.0,0,,
Car 645,,,,,2,switch,,"Charger 2 (fid=17) not available, trying Charger 0 (fid=1)",53.0,0,,
Car 340,,,,32,,arrived,,arrived,55.0,,,
Car 340,,19,3,,,start_charge,,starting to charge at Charger 3 (fid=19),55.0,,0.0,
Car 271,,1,0,,,start_charge,,starting to charge at Charger 0 (fid=1),55.16904418412601,,5.0,
Car 645,,1,0,,,start_charge,,starting to charge at Charger 0 (fid=1),55.16904418412601,,5.0,
Car 744,,,,31,,arrived,,arrived,56.0,,,
Car 657,,,,51,,arrived,,arrived,57.0,,,
Car 744,,,,,3,switch,,"Charger 3 (fid=19) not available, trying Charger 2 (fid=17)",61.0,2,,
Car 657,,,,,0,switch,,"Charger 0 (fid=1) not available, trying Charger 1 (fid=7)",62.0,1,,
Car 657,,7,1,,,start_charge,,starting to charge at Charger 1 (fid=7),62.945224123430386,,5.0,
Car 351,,,,118,,arrived,,arrived,63.0,,,
Car 351,,7,1,,,start_charge,,starting to charge at Charger 1 (fid=7),63.0,,0.0,
Car 306,,,,14,,arrived,,arrived,66.0,,,
Car 744,,,,,2,switch,,"Charger 2 (fid=17) not available, trying Charger 0 (fid=1)",67.15699634276658,0,,
Car 691,48.0,17,2,,,done,,done charging,69.0,,,161.3068235537577
Car 306,,17,2,,,start_charge,,starting to charge at Charger 2 (fid=17),69.0,,3.0,
Car 490,,,,60,,arrived,,arrived,74.0,,,
Car 70,68.0,17,2,,,done,,done charging,74.0,,,242.86211358091026
Car 490,,17,2,,,start_charge,,starting to charge at Charger 2 (fid=17),74.0,,0.0,
Car 744,,,,,0,switch,,"Charger 0 (fid=1) not available, trying Charger 1 (fid=7)",74.32604052689258,1,,
Car 272,,,,60,,arrived,,arrived,75.0,,,
Car 744,,7,1,,,start_charge,,starting to charge at Charger 1 (fid=7),75.27126465032296,,15.0,
Car 296,,,,4,,arrived,,arrived,76.0,,,
Car 456,,,,73,,arrived,,arrived,77.0,,,
Car 272,,,,,2,switch,,"Charger 2 (fid=17) not available, trying Charger 0 (fid=1)",80.0,0,,
Car 307,,,,1,,arrived,,arrived,81.0,,,
Car 723,,,,71,,arrived,,arrived,81.0,,,
Car 296,,,,,0,switch,,"Charger 0 (fid=1) not available, trying Charger 2 (fid=17)",81.0,2,,
Car 456,,,,,2,switch,,"Charger 2 (fid=17) not available, trying Charger 3 (fid=19)",82.0,3,,
Car 298,,,,71,,arrived,,arrived,83.0,,,
Car 153,,,,84,,arrived,,arrived,86.0,,,
Car 692,,,,19,,arrived,,arrived,86.0,,,
Car 307,,,,,0,switch,,"Charger 0 (fid=1) not available, trying Charger 1 (fid=7)",86.0,1,,
Car 723,,,,,3,switch,,"Charger 3 (fid=19) not available, trying Charger 2 (fid=17)",86.0,2,,
Car 615,,,,10,,arrived,,arrived,87.0,,,
Car 272,,,,,0,switch,,"Charger 0 (fid=1) not available, trying Charger 1 (fid=7)",87.16904418412601,1,,
Car 198,46.0,19,3,,,done,,done charging,88.0,,,208.65238155842465
Car 298,,,,,3,switch,,"Charger 3 (fid=19) not available, trying Charger 2 (fid=17)",88.0,2,,
Car 456,,,,,3,switch,,"Charger 3 (fid=19) not available, trying Charger 0 (fid=1)",88.15699634276658,0,,
Car 296,,,,,2,switch,,"Charger 2 (fid=17) not available, trying Charger 1 (fid=7)",88.16904418412601,1,,
Car 716,,,,20,,arrived,,arrived,90.0,,,
Car 249,,,,52,,arrived,,arrived,91.0,,,
Car 153,,,,,1,switch,,"Charger 1 (fid=7) not available, trying Charger 0 (fid=1)",91.0,0,,
Car 692,,,,,3,switch,,"Charger 3 (fid=19) not available, trying Charger 2 (fid=17)",91.0,2,,
Car 307,,,,,1,switch,,"Charger 1 (fid=7) not available, trying Charger 2 (fid=17)",91.94522412343038,2,,
Car 615,,,,,2,switch,,"Charger 2 (fid=17) not available, trying Charger 3 (fid=19)",92.0,3,,
Car 723,,,,,2,switch,,"Charger 2 (fid=17) not available, trying Charger 0 (fid=1)",92.15699634276658,0,,
Car 349,91.0,19,3,,,done,,done charging,93.0,,,31.855196656143196
Car 716,,19,3,,,start_charge,,starting to charge at Charger 3 (fid=19),93.0,,3.0,
Car 272,,,,,1,switch,,"Charger 1 (fid=7) not available, trying Charger 3 (fid=19)",93.11426830755639,3,,
Car 298,,,,,2,switch,,"Charger 2 (fid=17) not available, trying Charger 0 (fid=1)",94.15699634276658,0,,
Car 567,,,,54,,arrived,,arrived,96.0,,,
Car 122,80.0,17,2,,,done,,done charging,96.0,,,92.64731686345067
Car 249,,,,,1,switch,,"Charger 1 (fid=7) not available, trying Charger 0 (fid=1)",96.0,0,,
Car 692,,17,2,,,start_charge,,starting to charge at Charger 2 (fid=17),96.0,,8.843003657233425,
Car 456,,,,,0,switch,,"Charger 0 (fid=1) not available, trying Charger 1 (fid=7)",96.15025190977373,1,,
Car 296,,,,,1,switch,,"Charger 1 (fid=7) not available, trying Charger 3 (fid=19)",96.27999250957849,3,,
Car 153,,,,,0,switch,,"Charger 0 (fid=1) not available, trying Charger 2 (fid=17)",96.94522412343038,2,,
Car 615,,,,,3,switch,,"Charger 3 (fid=19) not available, trying Charger 0 (fid=1)",98.15699634276658,0,,
Car 16,,,,55,,arrived,,arrived,99.0,,,
Car 447,,,,9,,arrived,,arrived,99.0,,,
Car 723,,,,,0,switch,,"Charger 0 (fid=1) not available, trying Charger 1 (fid=7)",99.32604052689258,1,,
Car 429,,,,77,,arrived,,arrived,100.0,,,
Car 307,,,,,2,switch,,"Charger 2 (fid=17) not available, trying Charger 3 (fid=19)",100.05617244888286,3,,
Car 567,,,,,2,switch,,"Charger 2 (fid=17) not available, trying Charger 3 (fid=19)",101.0,3,,
Car 298,,,,,0,switch,,"Charger 0 (fid=1) not available, trying Charger 1 (fid=7)",101.32604052689258,1,,
Car 249,,,,,0,switch,,"Charger 0 (fid=1) not available, trying Charger 2 (fid=17)",101.94522412343038,2,,
Car 272,,,,,,gave_up,3,"no alternate charger available, gave up",101.9896681411162,,,
Car 456,,,,,,gave_up,1,"no alternate charger available, gave up",102.09547603320411,,,
Car 16,,,,,3,switch,,"Charger 3 (fid=19) not available, trying Charger 2 (fid=17)",104.0,2,,
Car 447,,,,,2,switch,,"Charger 2 (fid=17) not available, trying Charger 0 (fid=1)",104.0,0,,
Car 153,,,,,2,switch,,"Charger 2 (fid=17) not available, trying Charger 3 (fid=19)",104.11426830755639,3,,
Car 464,,,,86,,arrived,,arrived,105.0,,,
Car 521,,,,77,,arrived,,arrived,105.0,,,
Car 429,,,,,0,switch,,"Charger 0 (fid=1) not available, trying Charger 2 (fid=17)",105.0,2,,
Car 296,,,,,,gave_up,3,"no alternate charger available, gave up",105.1553923431383,,,
Car 723,,,,,,gave_up,1,"no alternate charger available, gave up",105.27126465032296,,,
Car 615,,,,,0,switch,,"Charger 0 (fid=1) not available, trying Charger 1 (fid=7)",106.15025190977373,1,,
Car 307,,,,,,gave_up,3,"no alternate charger available, gave up",106.21316879164944,,,
Car 507,,,,47,,arrived,,arrived,107.0,,,
Car 567,,,,,3,switch,,"Charger 3 (fid=19) not available, trying Charger 0 (fid=1)",107.15699634276658,0,,
Car 298,,,,,,gave_up,1,"no alternate charger available, gave up",107.27126465032296,,,
Car 151,,,,8,,arrived,,arrived,109.0,,,
Car 249,,,,,2,switch,,"Charger 2 (fid=17) not available, trying Charger 3 (fid=19)",109.11426830755639,3,,
Car 486,,,,8,,arrived,,arrived,110.0,,,
Car 464,,,,,1,switch,,"Charger 1 (fid=7) not available, trying Charger 0 (fid=1)",110.0,0,,
Car 521,,,,,0,switch,,"Charger 0 (fid=1) not available, trying Charger 2 (fid=17)",110.0,2,,
Car 16,,,,,2,switch,,"Charger 2 (fid=17) not available, trying Charger 0 (fid=1)",110.15699634276658,0,,
Car 153,,,,,,gave_up,3,"no alternate charger available, gave up",110.27126465032296,,,
Car 359,,,,8,,arrived,,arrived,111.0,,,
Car 447,,,,,0,switch,,"Charger 0 (fid=1) not available, trying Charger 3 (fid=19)",111.16904418412601,3,,
Car 507,,,,,3,switch,,"Charger 3 (fid=19) not available, trying Charger 2 (fid=17)",112.0,2,,
Car 615,,,,,,gave_up,1,"no alternate charger available, gave up",112.09547603320411,,,
Car 429,,,,,2,switch,,"Charger 2 (fid=17) not available, trying Charger 1 (fid=7)",112.16904418412601,1,,
Car 166,,,,37,,arrived,,arrived,114.0,,,
Car 151,,,,,2,switch,,"Charger 2 (fid=17) not available, trying Charger 3 (fid=19)",114.0,3,,
Car 183,77.0,1,0,,,done,,done charging,115.0,,,180.4542040102939
Car 486,,,,,2,switch,,"Charger 2 (fid=17) not available, trying Charger 3 (fid=19)",115.0,3,,
Car 567,,1,0,,,start_charge,,starting to charge at Charger 0 (fid=1),115.0,,14.84974809022627,
Car 249,,,,,,gave_up,3,"no alternate charger available, gave up",115.27126465032296,,,
Car 464,,,,,0,switch,,"Charger 0 (fid=1) not available, trying Charger 2 (fid=17)",115.94522412343038,2,,
Car 40,103.0,17,2,,,done,,done charging,116.0,,,0.0
Car 359,,,,,2,switch,,"Charger 2 (fid=17) not available, trying Charger 3 (fid=19)",116.0,3,,
Car 521,,,,,2,switch,,"Charger 2 (fid=17) not available, trying Charger 1 (fid=7)",117.16904418412601,1,,
Car 16,,,,,0,switch,,"Charger 0 (fid=1) not available, trying Charger 1 (fid=7)",117.32604052689258,1,,
Car 507,,,,,2,switch,,"Charger 2 (fid=17) not available, trying Charger 0 (fid=1)",118.15699634276658,0,,
Car 166,,,,,2,switch,,"Charger 2 (fid=17) not available, trying Charger 3 (fid=19)",119.0,3,,
Car 447,,,,,3,switch,,"Charger 3 (fid=19) not available, trying Charger 1 (fid=7)",119.16229975113316,1,,
Car 376,,,,77,,arrived,,arrived,120.0,,,
Car 151,,,,,3,switch,,"Charger 3 (fid=19) not available, trying Charger 0 (fid=1)",120.15699634276658,0,,
Car 429,,,,,1,switch,,"Charger 1 (fid=7) not available, trying Charger 3 (fid=19)",120.27999250957849,3,,
Car 486,,,,,3,switch,,"Charger 3 (fid=19) not available, trying Charger 0 (fid=1)",121.15699634276658,0,,
Car 370,,,,24,,arrived,,arrived,122.0,,,
Car 446,98.0,17,2,,,done,,done charging,122.0,,,46.440926885669754
Car 755,88.0,19,3,,,done,,done charging,122.0,,,251.66182297878854
Car 464,,17,2,,,start_charge,,starting to charge at Charger 2 (fid=17),122.0,,13.885731692443613,
Car 359,,19,3,,,start_charge,,starting to charge at Charger 3 (fid=19),122.0,,9.843003657233425,
Car 16,,,,,,gave_up,1,"no alternate charger available, gave up",123.27126465032296,,,
Car 443,86.0,7,1,,,done,,done charging,125.0,,,156.08363129104393
Car 376,,,,,0,switch,,"Charger 0 (fid=1) not available, trying Charger 2 (fid=17)",125.0,2,,
Car 521,,7,1,,,start_charge,,starting to charge at Charger 1 (fid=7),125.0,,14.720007490421509,
Car 166,,,,,3,switch,,"Charger 3 (fid=19) not available, trying Charger 0 (fid=1)",125.15699634276658,0,,
Car 507,,,,,0,switch,,"Charger 0 (fid=1) not available, trying Charger 1 (fid=7)",125.32604052689258,1,,
Car 660,,,,42,,arrived,,arrived,126.0,,,
Car 351,63.0,7,1,,,done,,done charging,126.0,,,156.08363129104393
Car 447,,7,1,,,start_charge,,starting to charge at Charger 1 (fid=7),126.0,,17.962300415307027,
Car 413,,,,26,,arrived,,arrived,127.0,,,
Car 370,,,,,3,switch,,"Charger 3 (fid=19) not available, trying Charger 2 (fid=17)",127.0,2,,
Car 377,,,,84,,arrived,,arrived,128.0,,,
Car 442,,,,118,,arrived,,arrived,128.0,,,
Car 151,,,,,0,switch,,"Charger 0 (fid=1) not available, trying Charger 1 (fid=7)",128.15025190977371,1,,
Car 284,,,,76,,arrived,,arrived,129.0,,,
Car 727,,,,10,,arrived,,arrived,129.0,,,
Car 340,74.0,19,3,,,done,,done charging,129.0,,,268.7313478178706
Car 429,,19,3,,,start_charge,,starting to charge at Charger 3 (fid=19),129.0,,19.844607656861697,
Car 486,,,,,0,switch,,"Charger 0 (fid=1) not available, trying Charger 1 (fid=7)",129.15025190977371,1,,
Car 66,,,,11,,arrived,,arrived,131.0,,,
Car 573,81.0,1,0,,,done,,done charging,131.0,,,180.4542040102939
Car 660,,,,,3,switch,,"Charger 3 (fid=19) not available, trying Charger 2 (fid=17)",131.0,2,,
Car 166,,1,0,,,start_charge,,starting to charge at Charger 0 (fid=1),131.0,,12.849748090226257,
Car 507,,,,,,gave_up,1,"no alternate charger available, gave up",131.27126465032296,,,
Car 256,,,,37,,arrived,,arrived,132.0,,,
Car 260,,,,118,,arrived,,arrived,132.0,,,
Car 548,,,,38,,arrived,,arrived,132.0,,,
Car 713,,,,77,,arrived,,arrived,132.0,,,
Car 413,,,,,3,switch,,"Charger 3 (fid=19) not available, trying Charger 2 (fid=17)",132.0,2,,
Car 376,,,,,2,switch,,"Charger 2 (fid=17) not available, trying Charger 1 (fid=7)",132.169044184126,1,,
Car 377,,,,,1,switch,,"Charger 1 (fid=7) not available, trying Charger 0 (fid=1)",133.0,0,,
Car 442,,,,,1,switch,,"Charger 1 (fid=7) not available, trying Charger 0 (fid=1)",133.0,0,,
Car 370,,,,,2,switch,,"Charger 2 (fid=17) not available, trying Charger 0 (fid=1)",133.15699634276658,0,,
Car 269,,,,3,,arrived,,arrived,134.0,,,
Car 284,,,,,1,switch,,"Charger 1 (fid=7) not available, trying Charger 0 (fid=1)",134.0,0,,
Car 727,,,,,2,switch,,"Charger 2 (fid=17) not available, trying Charger 3 (fid=19)",134.0,3,,
Car 151,,,,,,gave_up,1,"no alternate charger available, gave up",134.0954760332041,,,
Car 364,,,,5,,arrived,,arrived,135.0,,,
Car 486,,,,,,gave_up,1,"no alternate charger available, gave up",135.0954760332041,,,
Car 66,,,,,2,switch,,"Charger 2 (fid=17) not available, trying Charger 3 (fid=19)",136.0,3,,
Car 256,,,,,2,switch,,"Charger 2 (fid=17) not available, trying Charger 3 (fid=19)",137.0,3,,
Car 260,,,,,1,switch,,"Charger 1 (fid=7) not available, trying Charger 0 (fid=1)",137.0,0,,
Car 548,,,,,2,switch,,"Charger 2 (fid=17) not available, trying Charger 3 (fid=19)",137.0,3,,
Car 713,,,,,0,switch,,"Charger 0 (fid=1) not available, trying Charger 2 (fid=17)",137.0,2,,
Car 660,,,,,2,switch,,"Charger 2 (fid=17) not available, trying Charger 0 (fid=1)",137.15699634276658,0,,
Car 315,91.0,7,1,,,done,,done charging,138.0,,,54.86803450095119
Car 364,,7,1,,,start_charge,,starting to charge at Charger 1 (fid=7),138.0,,3.0,
Car 413,,,,,2,switch,,"Charger 2 (fid=17) not available, trying Charger 0 (fid=1)",138.15699634276658,0,,
Car 377,,,,,0,switch,,"Charger 0 (fid=1) not available, trying Charger 2 (fid=17)",138.9452241234304,2,,
Car 442,,,,,0,switch,,"Charger 0 (fid=1) not available, trying Charger 2 (fid=17)",138.9452241234304,2,,
Car 269,,,,,0,switch,,"Charger 0 (fid=1) not available, trying Charger 1 (fid=7)",139.0,1,,
Car 284,,,,,0,switch,,"Charger 0 (fid=1) not available, trying Charger 2 (fid=17)",139.9452241234304,2,,
Car 727,,,,,3,switch,,"Charger 3 (fid=19) not available, trying Charger 0 (fid=1)",140.15699634276658,0,,
Car 376,,,,,1,switch,,"Charger 1 (fid=7) not available, trying Charger 3 (fid=19)",140.27999250957848,3,,
Car 370,,,,,0,switch,,"Charger 0 (fid=1) not available, trying Charger 1 (fid=7)",140.32604052689257,1,,
Car 405,,,,68,,arrived,,arrived,141.0,,,
Car 66,,,,,3,switch,,"Charger 3 (fid=19) not available, trying Charger 0 (fid=1)",142.15699634276658,0,,
Car 260,,,,,0,switch,,"Charger 0 (fid=1) not available, trying Charger 2 (fid=17)",142.9452241234304,2,,
Car 256,,,,,3,switch,,"Charger 3 (fid=19) not available, trying Charger 0 (fid=1)",143.15699634276658,0,,
Car 548,,,,,3,switch,,"Charger 3 (fid=19) not available, trying Charger 0 (fid=1)",143.15699634276658,0,,
Car 713,,,,,2,switch,,"Charger 2 (fid=17) not available, trying Charger 1 (fid=7)",144.169044184126,1,,
Car 660,,,,,0,switch,,"Charger 0 (fid=1) not available, trying Charger 1 (fid=7)",144.32604052689257,1,,
Car 269,,,,,1,switch,,"Charger 1 (fid=7) not available, trying Charger 2 (fid=17)",144.9452241234304,2,,
Car 413,,,,,0,switch,,"Charger 0 (fid=1) not available, trying Charger 1 (fid=7)",145.32604052689257,1,,
Car 405,,,,,3,switch,,"Charger 3 (fid=19) not available, trying Charger 2 (fid=17)",146.0,2,,
Car 377,,,,,2,switch,,"Charger 2 (fid=17) not available, trying Charger 3 (fid=19)",146.1142683075564,3,,
Car 442,,,,,2,switch,,"Charger 2 (fid=17) not available, trying Charger 3 (fid=19)",146.1142683075564,3,,
Car 370,,,,,,gave_up,1,"no alternate charger available, gave up",146.27126465032296,,,
Car 284,,,,,2,switch,,"Charger 2 (fid=17) not available, trying Charger 3 (fid=19)",147.1142683075564,3,,
Car 727,,,,,0,switch,,"Charger 0 (fid=1) not available, trying Charger 1 (fid=7)",148.15025190977374,1,,
Car 266,106.0,1,0,,,done,,done charging,148.169044184126,,,195.78203285284735
Car 66,,1,0,,,start_charge,,starting to charge at Charger 0 (fid=1),148.169044184126,,13.01879227435225,
Car 27,,,,77,,arrived,,arrived,149.0,,,
Car 664,,,,83,,arrived,,arrived,149.0,,,
Car 376,,,,,,gave_up,3,"no alternate charger available, gave up",149.1553923431383,,,
Car 260,,,,,2,switch,,"Charger 2 (fid=17) not available, trying Charger 3 (fid=19)",150.1142683075564,3,,
Car 660,,,,,,gave_up,1,"no alternate charger available, gave up",150.27126465032296,,,
Car 256,,,,,0,switch,,"Charger 0 (fid=1) not available, trying Charger 1 (fid=7)",151.15025190977374,1,,
Car 548,,,,,0,switch,,"Charger 0 (fid=1) not available, trying Charger 1 (fid=7)",151.15025190977374,1,,
Car 413,,,,,,gave_up,1,"no alternate charger available, gave up",151.27126465032296,,,
Car 139,,,,22,,arrived,,arrived,152.0,,,
Car 405,,,,,2,switch,,"Charger 2 (fid=17) not available, trying Charger 0 (fid=1)",152.15699634276658,0,,
Car 377,,,,,,gave_up,3,"no alternate charger available, gave up",152.27126465032296,,,
Car 442,,,,,,gave_up,3,"no alternate charger available, gave up",152.27126465032296,,,
Car 713,,,,,1,switch,,"Charger 1 (fid=7) not available, trying Charger 3 (fid=19)",152.27999250957848,3,,
Car 287,,,,71,,arrived,,arrived,153.0,,,
Car 269,,,,,2,switch,,"Charger 2 (fid=17) not available, trying Charger 3 (fid=19)",153.05617244888288,3,,
Car 645,98.0,1,0,,,done,,done charging,153.169044184126,,,203.45572547363514
Car 27,,1,0,,,start_charge,,starting to charge at Charger 0 (fid=1),153.169044184126,,4.169044184125994,
Car 284,,,,,,gave_up,3,"no alternate charger available, gave up",153.27126465032296,,,
Car 664,,,,,1,switch,,"Charger 1 (fid=7) not available, trying Charger 0 (fid=1)",154.0,0,,
Car 727,,,,,,gave_up,1,"no alternate charger available, gave up",154.09547603320414,,,
Car 735,,,,4,,arrived,,arrived,155.0,,,
Car 657,93.0,7,1,,,done,,done charging,155.9452241234304,,,163.10633183600606
Car 256,,7,1,,,start_charge,,starting to charge at Charger 1 (fid=7),155.9452241234304,,18.849748090226257,
Car 37,,,,40,,arrived,,arrived,156.0,,,
Car 260,,,,,,gave_up,3,"no alternate charger available, gave up",156.27126465032296,,,
Car 718,111.0,19,3,,,done,,done charging,157.0,,,318.8127859873302
Car 139,,,,,3,switch,,"Charger 3 (fid=19) not available, trying Charger 2 (fid=17)",157.0,2,,
Car 548,,,,,,gave_up,1,"no alternate charger available, gave up",157.09547603320414,,,
Car 193,,,,26,,arrived,,arrived,158.0,,,
Car 287,,,,,3,switch,,"Charger 3 (fid=19) not available, trying Charger 2 (fid=17)",158.0,2,,
Car 269,,,,,,gave_up,3,"no alternate charger available, gave up",159.21316879164945,,,
Car 405,,,,,0,switch,,"Charger 0 (fid=1) not available, trying Charger 1 (fid=7)",159.32604052689257,1,,
Car 664,,,,,0,switch,,"Charger 0 (fid=1) not available, trying Charger 2 (fid=17)",159.9452241234304,2,,
Car 119,,,,11,,arrived,,arrived,160.0,,,
Car 735,,,,,0,switch,,"Charger 0 (fid=1) not available, trying Charger 2 (fid=17)",160.0,2,,
Car 457,,,,73,,arrived,,arrived,161.0,,,
Car 37,,,,,0,switch,,"Charger 0 (fid=1) not available, trying Charger 2 (fid=17)",161.0,2,,
Car 713,,,,,,gave_up,3,"no alternate charger available, gave up",161.1553923431383,,,
Car 193,,,,,3,switch,,"Charger 3 (fid=19) not available, trying Charger 2 (fid=17)",163.0,2,,
Car 139,,,,,2,switch,,"Charger 2 (fid=17) not available, trying Charger 0 (fid=1)",163.15699634276658,0,,
Car 287,,,,,2,switch,,"Charger 2 (fid=17) not available, trying Charger 0 (fid=1)",164.15699634276658,0,,
Car 748,,,,15,,arrived,,arrived,165.0,,,
Car 119,,,,,2,switch,,"Charger 2 (fid=17) not available, trying Charger 3 (fid=19)",165.0,3,,
Car 405,,,,,,gave_up,1,"no alternate charger available, gave up",165.27126465032296,,,
Car 457,,,,,2,switch,,"Charger 2 (fid=17) not available, trying Charger 3 (fid=19)",166.0,3,,
Car 271,111.0,1,0,,,done,,done charging,166.169044184126,,,162.14671048157606
Car 139,,1,0,,,start_charge,,starting to charge at Charger 0 (fid=1),166.169044184126,,10.843003657233425,
Car 664,,,,,2,switch,,"Charger 2 (fid=17) not available, trying Charger 3 (fid=19)",167.1142683075564,3,,
Car 735,,,,,2,switch,,"Charger 2 (fid=17) not available, trying Charger 1 (fid=7)",167.169044184126,1,,
Car 37,,,,,2,switch,,"Charger 2 (fid=17) not available, trying Charger 1 (fid=7)",168.169044184126,1,,
Car 193,,,,,2,switch,,"Charger 2 (fid=17) not available, trying Charger 0 (fid=1)",169.15699634276658,0,,
Car 744,94.0,7,1,,,done,,done charging,169.27126465032296,,,502.823060958831
Car 748,,,,,2,switch,,"Charger 2 (fid=17) not available, trying Charger 3 (fid=19)",170.0,3,,
Car 735,,7,1,,,start_charge,,starting to charge at Charger 1 (fid=7),170.27999250957848,,10.0,
Car 662,,,,33,,arrived,,arrived,171.0,,,
Car 119,,,,,3,switch,,"Charger 3 (fid=19) not available, trying Charger 0 (fid=1)",171.15699634276658,0,,
Car 287,,,,,0,switch,,"Charger 0 (fid=1) not available, trying Charger 1 (fid=7)",171.32604052689257,1,,
Car 457,,,,,3,switch,,"Charger 3 (fid=19) not available, trying Charger 0 (fid=1)",172.15699634276658,0,,
Car 110,,,,73,,arrived,,arrived,173.0,,,
Car 676,,,,28,,arrived,,arrived,173.0,,,
Car 702,,,,54,,arrived,,arrived,173.0,,,
Car 664,,,,,,gave_up,3,"no alternate charger available, gave up",173.27126465032296,,,
Car 306,107.0,17,2,,,done,,done charging,176.0,,,41.381228703346416
Car 662,,,,,2,switch,,"Charger 2 (fid=17) not available, trying Charger 3 (fid=19)",176.0,3,,
Car 748,,,,,3,switch,,"Charger 3 (fid=19) not available, trying Charger 0 (fid=1)",176.15699634276658,0,,
Car 37,,,,,1,switch,,"Charger 1 (fid=7) not available, trying Charger 3 (fid=19)",176.27999250957848,3,,
Car 193,,,,,0,switch,,"Charger 0 (fid=1) not available, trying Charger 1 (fid=7)",176.32604052689257,1,,
Car 287,,,,,,gave_up,1,"no alternate charger available, gave up",177.27126465032296,,,
Car 431,,,,46,,arrived,,arrived,178.0,,,
Car 110,,,,,2,switch,,"Charger 2 (fid=17) not available, trying Charger 3 (fid=19)",178.0,3,,
Car 676,,,,,3,switch,,"Charger 3 (fid=19) not available, trying Charger 2 (fid=17)",178.0,2,,
Car 702,,,,,2,switch,,"Charger 2 (fid=17) not available, trying Charger 3 (fid=19)",178.0,3,,
Car 383,,,,30,,arrived,,arrived,179.0,,,
Car 585,,,,1,,arrived,,arrived,179.0,,,
Car 119,,,,,0,switch,,"Charger 0 (fid=1) not available, trying Charger 1 (fid=7)",179.15025190977374,1,,
Car 457,,,,,0,switch,,"Charger 0 (fid=1) not available, trying Charger 1 (fid=7)",180.15025190977374,1,,
Car 227,,,,54,,arrived,,arrived,181.0,,,
Car 707,,,,16,,arrived,,arrived,181.0,,,
Car 662,,,,,3,switch,,"Charger 3 (fid=19) not available, trying Charger 0 (fid=1)",182.15699634276658,0,,
Car 193,,,,,,gave_up,1,"no alternate charger available, gave up",182.27126465032296,,,
Car 431,,,,,3,switch,,"Charger 3 (fid=19) not available, trying Charger 2 (fid=17)",183.0,2,,
Car 383,,,,,3,switch,,"Charger 3 (fid=19) not available, trying Charger 2 (fid=17)",184.0,2,,
Car 585,,,,,0,switch,,"Charger 0 (fid=1) not available, trying Charger 1 (fid=7)",184.0,1,,
Car 748,,,,,0,switch,,"Charger 0 (fid=1) not available, trying Charger 1 (fid=7)",184.15025190977374,1,,
Car 110,,,,,3,switch,,"Charger 3 (fid=19) not available, trying Charger 0 (fid=1)",184.15699634276658,0,,
Car 676,,,,,2,switch,,"Charger 2 (fid=17) not available, trying Charger 0 (fid=1)",184.15699634276658,0,,
Car 702,,,,,3,switch,,"Charger 3 (fid=19) not available, trying Charger 0 (fid=1)",184.15699634276658,0,,
Car 53,,,,24,,arrived,,arrived,185.0,,,
Car 364,47.0,7,1,,,done,,done charging,185.0,,,200.87575414171835
Car 119,,7,1,,,start_charge,,starting to charge at Charger 1 (fid=7),185.0,,19.904523966795864,
Car 37,,,,,,gave_up,3,"no alternate charger available, gave up",185.1553923431383,,,
Car 227,,,,,2,switch,,"Charger 2 (fid=17) not available, trying Charger 3 (fid=19)",186.0,3,,
Car 707,,,,,2,switch,,"Charger 2 (fid=17) not available, trying Charger 3 (fid=19)",186.0,3,,
Car 457,,,,,,gave_up,1,"no alternate charger available, gave up",186.09547603320414,,,
Car 431,,,,,2,switch,,"Charger 2 (fid=17) not available, trying Charger 0 (fid=1)",189.15699634276658,0,,
Car 585,,,,,1,switch,,"Charger 1 (fid=7) not available, trying Charger 2 (fid=17)",189.9452241234304,2,,
Car 532,,,,79,,arrived,,arrived,190.0,,,
Car 53,,,,,3,switch,,"Charger 3 (fid=19) not available, trying Charger 2 (fid=17)",190.0,2,,
Car 748,,,,,,gave_up,1,"no alternate charger available, gave up",190.09547603320414,,,
Car 662,,,,,0,switch,,"Charger 0 (fid=1) not available, trying Charger 1 (fid=7)",190.15025190977374,1,,
Car 383,,,,,2,switch,,"Charger 2 (fid=17) not available, trying Charger 0 (fid=1)",190.15699634276658,0,,
Car 676,,,,,0,switch,,"Charger 0 (fid=1) not available, trying Charger 1 (fid=7)",191.32604052689257,1,,
Car 121,,,,68,,arrived,,arrived,192.0,,,
Car 110,,,,,0,switch,,"Charger 0 (fid=1) not available, trying Charger 1 (fid=7)",192.15025190977374,1,,
Car 702,,,,,0,switch,,"Charger 0 (fid=1) not available, trying Charger 1 (fid=7)",192.15025190977374,1,,
Car 227,,,,,3,switch,,"Charger 3 (fid=19) not available, trying Charger 0 (fid=1)",192.15699634276658,0,,
Car 707,,,,,3,switch,,"Charger 3 (fid=19) not available, trying Charger 0 (fid=1)",192.15699634276658,0,,
Car 490,120.0,17,2,,,done,,done charging,194.0,,,160.46889726361894
Car 166,63.0,1,0,,,done,,done charging,194.0,,,338.8169414315051
Car 532,,17,2,,,start_charge,,starting to charge at Charger 2 (fid=17),194.0,,4.0,
Car 431,,1,0,,,start_charge,,starting to charge at Charger 0 (fid=1),194.0,,12.67395947310743,
Car 531,,,,45,,arrived,,arrived,196.0,,,
Car 359,74.0,19,3,,,done,,done charging,196.0,,,298.5317685238836
Car 121,,19,3,,,start_charge,,starting to charge at Charger 3 (fid=19),196.0,,4.0,
Car 662,,,,,,gave_up,1,"no alternate charger available, gave up",196.09547603320414,,,
Car 53,,,,,2,switch,,"Charger 2 (fid=17) not available, trying Charger 0 (fid=1)",196.15699634276658,0,,
Car 692,101.0,17,2,,,done,,done charging,197.0,,,96.37779535245595
Car 429,68.0,19,3,,,done,,done charging,197.0,,,270.99185736843816
Car 585,,17,2,,,start_charge,,starting to charge at Charger 2 (fid=17),197.0,,13.943827551117124,
Car 676,,,,,,gave_up,1,"no alternate charger available, gave up",197.27126465032296,,,
Car 383,,,,,0,switch,,"Charger 0 (fid=1) not available, trying Charger 1 (fid=7)",197.32604052689257,1,,
Car 110,,,,,,gave_up,1,"no alternate charger available, gave up",198.09547603320414,,,
Car 702,,,,,,gave_up,1,"no alternate charger available, gave up",198.09547603320414,,,
Car 5,,,,41,,arrived,,arrived,199.0,,,
Car 487,,,,56,,arrived,,arrived,199.0,,,
Car 5,,19,3,,,start_charge,,starting to charge at Charger 3 (fid=19),199.0,,0.0,
Car 227,,,,,0,switch,,"Charger 0 (fid=1) not available, trying Charger 1 (fid=7)",200.15025190977374,1,,
Car 707,,,,,0,switch,,"Charger 0 (fid=1) not available, trying Charger 1 (fid=7)",200.15025190977374,1,,
Car 521,76.0,7,1,,,done,,done charging,201.0,,,180.82839704536696
Car 531,,,,,2,switch,,"Charger 2 (fid=17) not available, trying Charger 0 (fid=1)",201.0,0,,
Car 383,,7,1,,,start_charge,,starting to charge at Charger 1 (fid=7),201.0,,17.728735349677038,
Car 24,,,,115,,arrived,,arrived,203.0,,,
Car 53,,,,,0,switch,,"Charger 0 (fid=1) not available, trying Charger 1 (fid=7)",203.32604052689257,1,,
Car 487,,,,,3,switch,,"Charger 3 (fid=19) not available, trying Charger 2 (fid=17)",204.0,2,,
Car 66,56.0,1,0,,,done,,done charging,204.169044184126,,,216.19634637521833
Car 531,,1,0,,,start_charge,,starting to charge at Charger 0 (fid=1),204.169044184126,,6.0,
Car 273,,,,15,,arrived,,arrived,206.0,,,
Car 227,,,,,,gave_up,1,"no alternate charger available, gave up",206.09547603320414,,,
Car 707,,,,,,gave_up,1,"no alternate charger available, gave up",206.09547603320414,,,
Car 447,82.0,7,1,,,done,,done charging,208.0,,,369.67885795240574
Car 24,,,,,3,switch,,"Charger 3 (fid=19) not available, trying Charger 2 (fid=17)",208.0,2,,
Car 53,,7,1,,,start_charge,,starting to charge at Charger 1 (fid=7),208.0,,18.728735349677038,
Car 27,55.0,1,0,,,done,,done charging,208.169044184126,,,129.11660621313655
Car 487,,,,,2,switch,,"Charger 2 (fid=17) not available, trying Charger 0 (fid=1)",210.15699634276658,0,,
Car 230,,,,62,,arrived,,arrived,211.0,,,
Car 506,,,,70,,arrived,,arrived,211.0,,,
Car 273,,,,,1,switch,,"Charger 1 (fid=7) not available, trying Charger 0 (fid=1)",211.0,0,,
Car 273,,1,0,,,start_charge,,starting to charge at Charger 0 (fid=1),211.9452241234304,,5.0,
Car 134,,,,73,,arrived,,arrived,212.0,,,
Car 583,,,,8,,arrived,,arrived,213.0,,,
Car 716,120.0,19,3,,,done,,done charging,213.0,,,13.135565537860309
Car 506,,19,3,,,start_charge,,starting to charge at Charger 3 (fid=19),213.0,,2.0,
Car 554,,,,46,,arrived,,arrived,214.0,,,
Car 464,92.0,17,2,,,done,,done charging,214.0,,,403.6724669890274
Car 24,,17,2,,,start_charge,,starting to charge at Charger 2 (fid=17),214.0,,9.843003657233425,
Car 80,,,,13,,arrived,,arrived,216.0,,,
Car 158,,,,58,,arrived,,arrived,216.0,,,
Car 514,,,,56,,arrived,,arrived,216.0,,,
Car 230,,,,,2,switch,,"Charger 2 (fid=17) not available, trying Charger 0 (fid=1)",216.0,0,,
Car 134,,,,,2,switch,,"Charger 2 (fid=17) not available, trying Charger 3 (fid=19)",217.0,3,,
Car 487,,,,,0,switch,,"Charger 0 (fid=1) not available, trying Charger 1 (fid=7)",217.32604052689257,1,,
Car 602,,,,53,,arrived,,arrived,218.0,,,
Car 650,,,,37,,arrived,,arrived,218.0,,,
Car 583,,,,,2,switch,,"Charger 2 (fid=17) not available, trying Charger 3 (fid=19)",218.0,3,,
Car 25,,,,18,,arrived,,arrived,219.0,,,
Car 554,,,,,3,switch,,"Charger 3 (fid=19) not available, trying Charger 2 (fid=17)",219.0,2,,
Car 404,,,,87,,arrived,,arrived,220.0,,,
Car 80,,,,,3,switch,,"Charger 3 (fid=19) not available, trying Charger 2 (fid=17)",221.0,2,,
Car 158,,,,,1,switch,,"Charger 1 (fid=7) not available, trying Charger 0 (fid=1)",221.0,0,,
Car 514,,,,,3,switch,,"Charger 3 (fid=19) not available, trying Charger 2 (fid=17)",221.0,2,,
Car 602,,,,,1,switch,,"Charger 1 (fid=7) not available, trying Charger 0 (fid=1)",223.0,0,,
Car 650,,,,,2,switch,,"Charger 2 (fid=17) not available, trying Charger 3 (fid=19)",223.0,3,,
Car 134,,,,,3,switch,,"Charger 3 (fid=19) not available, trying Charger 0 (fid=1)",223.15699634276658,0,,
Car 230,,,,,0,switch,,"Charger 0 (fid=1) not available, trying Charger 3 (fid=19)",223.169044184126,3,,
Car 487,,,,,,gave_up,1,"no alternate charger available, gave up",223.27126465032296,,,
Car 25,,,,,3,switch,,"Charger 3 (fid=19) not available, trying Charger 2 (fid=17)",224.0,2,,
Car 583,,,,,3,switch,,"Charger 3 (fid=19) not available, trying Charger 0 (fid=1)",224.15699634276658,0,,
Car 130,,,,15,,arrived,,arrived,225.0,,,
Car 553,,,,3,,arrived,,arrived,225.0,,,
Car 737,,,,62,,arrived,,arrived,225.0,,,
Car 404,,,,,1,switch,,"Charger 1 (fid=7) not available, trying Charger 0 (fid=1)",225.0,0,,
Car 554,,,,,2,switch,,"Charger 2 (fid=17) not available, trying Charger 0 (fid=1)",225.15699634276658,0,,
Car 158,,,,,0,switch,,"Charger 0 (fid=1) not available, trying Charger 2 (fid=17)",226.9452241234304,2,,
Car 80,,,,,2,switch,,"Charger 2 (fid=17) not available, trying Charger 0 (fid=1)",227.15699634276658,0,,
Car 514,,,,,2,switch,,"Charger 2 (fid=17) not available, trying Charger 0 (fid=1)",227.15699634276658,0,,
Car 533,,,,55,,arrived,,arrived,228.0,,,
Car 602,,,,,0,switch,,"Charger 0 (fid=1) not available, trying Charger 2 (fid=17)",228.9452241234304,2,,
Car 123,,,,37,,arrived,,arrived,229.0,,,
Car 650,,,,,3,switch,,"Charger 3 (fid=19) not available, trying Charger 0 (fid=1)",229.15699634276658,0,,
Car 130,,,,,2,switch,,"Charger 2 (fid=17) not available, trying Charger 3 (fid=19)",230.0,3,,
Car 553,,,,,0,switch,,"Charger 0 (fid=1) not available, trying Charger 1 (fid=7)",230.0,1,,
Car 737,,,,,2,switch,,"Charger 2 (fid=17) not available, trying Charger 0 (fid=1)",230.0,0,,
Car 25,,,,,2,switch,,"Charger 2 (fid=17) not available, trying Charger 0 (fid=1)",230.15699634276658,0,,
Car 139,64.0,1,0,,,done,,done charging,230.169044184126,,,365.17025019161684
Car 404,,1,0,,,start_charge,,starting to charge at Charger 0 (fid=1),230.169044184126,,9.223820060695601,
Car 134,,,,,0,switch,,"Charger 0 (fid=1) not available, trying Charger 1 (fid=7)",231.15025190977374,1,,
Car 230,,,,,3,switch,,"Charger 3 (fid=19) not available, trying Charger 1 (fid=7)",231.16229975113316,1,,
Car 583,,,,,0,switch,,"Charger 0 (fid=1) not available, trying Charger 1 (fid=7)",232.15025190977374,1,,
Car 554,,,,,0,switch,,"Charger 0 (fid=1) not available, trying Charger 1 (fid=7)",232.32604052689257,1,,
Car 119,48.0,7,1,,,done,,done charging,233.0,,,289.9236981345027
Car 533,,,,,3,switch,,"Charger 3 (fid=19) not available, trying Charger 2 (fid=17)",233.0,2,,
Car 553,,7,1,,,start_charge,,starting to charge at Charger 1 (fid=7),233.0,,7.054775876569607,
Car 567,119.0,1,0,,,done,,done charging,234.0,,,269.966922627575
Car 123,,,,,2,switch,,"Charger 2 (fid=17) not available, trying Charger 3 (fid=19)",234.0,3,,
Car 80,,1,0,,,start_charge,,starting to charge at Charger 0 (fid=1),234.0,,14.67395947310743,
Car 158,,,,,2,switch,,"Charger 2 (fid=17) not available, trying Charger 3 (fid=19)",234.1142683075564,3,,
Car 514,,,,,0,switch,,"Charger 0 (fid=1) not available, trying Charger 1 (fid=7)",234.32604052689257,1,,
Car 357,,,,53,,arrived,,arrived,235.0,,,
Car 602,,,,,2,switch,,"Charger 2 (fid=17) not available, trying Charger 3 (fid=19)",236.1142683075564,3,,
Car 130,,,,,3,switch,,"Charger 3 (fid=19) not available, trying Charger 0 (fid=1)",236.15699634276658,0,,
Car 134,,,,,,gave_up,1,"no alternate charger available, gave up",237.09547603320414,,,
Car 650,,,,,0,switch,,"Charger 0 (fid=1) not available, trying Charger 1 (fid=7)",237.15025190977374,1,,
Car 737,,,,,0,switch,,"Charger 0 (fid=1) not available, trying Charger 3 (fid=19)",237.169044184126,3,,
Car 25,,,,,0,switch,,"Charger 0 (fid=1) not available, trying Charger 1 (fid=7)",237.32604052689257,1,,
Car 583,,,,,,gave_up,1,"no alternate charger available, gave up",238.09547603320414,,,
Car 554,,,,,,gave_up,1,"no alternate charger available, gave up",238.27126465032296,,,
Car 533,,,,,2,switch,,"Charger 2 (fid=17) not available, trying Charger 0 (fid=1)",239.15699634276658,0,,
Car 357,,,,,1,switch,,"Charger 1 (fid=7) not available, trying Charger 0 (fid=1)",240.0,0,,
Car 230,,,,,,gave_up,1,"no alternate charger available, gave up",240.03769958469297,,,
Car 123,,,,,3,switch,,"Charger 3 (fid=19) not available, trying Charger 0 (fid=1)",240.15699634276658,0,,
Car 158,,,,,,gave_up,3,"no alternate charger available, gave up",240.27126465032296,,,
Car 514,,,,,,gave_up,1,"no alternate charger available, gave up",240.27126465032296,,,
Car 602,,,,,,gave_up,3,"no alternate charger available, gave up",242.27126465032296,,,
Car 194,,,,59,,arrived,,arrived,243.0,,,
Car 650,,,,,,gave_up,1,"no alternate charger available, gave up",243.09547603320414,,,
Car 25,,,,,,gave_up,1,"no alternate charger available, gave up",243.27126465032296,,,
Car 130,,,,,0,switch,,"Charger 0 (fid=1) not available, trying Charger 1 (fid=7)",244.15025190977374,1,,
Car 337,,,,67,,arrived,,arrived,245.0,,,
Car 539,,,,46,,arrived,,arrived,245.0,,,
Car 737,,,,,3,switch,,"Charger 3 (fid=19) not available, trying Charger 1 (fid=7)",245.16229975113316,1,,
Car 357,,,,,0,switch,,"Charger 0 (fid=1) not available, trying Charger 2 (fid=17)",245.9452241234304,2,,
Car 176,,,,60,,arrived,,arrived,246.0,,,
Car 745,,,,32,,arrived,,arrived,246.0,,,
Car 533,,,,,0,switch,,"Charger 0 (fid=1) not available, trying Charger 1 (fid=7)",246.32604052689257,1,,
Car 236,,,,21,,arrived,,arrived,248.0,,,
Car 194,,,,,1,switch,,"Charger 1 (fid=7) not available, trying Charger 0 (fid=1)",248.0,0,,
Car 123,,,,,0,switch,,"Charger 0 (fid=1) not available, trying Charger 1 (fid=7)",248.15025190977374,1,,
Car 337,,,,,3,switch,,"Charger 3 (fid=19) not available, trying Charger 2 (fid=17)",250.0,2,,
Car 539,,,,,3,switch,,"Charger 3 (fid=19) not available, trying Charger 2 (fid=17)",250.0,2,,
Car 130,,,,,,gave_up,1,"no alternate charger available, gave up",250.09547603320414,,,
Car 176,,,,,2,switch,,"Charger 2 (fid=17) not available, trying Charger 0 (fid=1)",251.0,0,,
Car 745,,,,,2,switch,,"Charger 2 (fid=17) not available, trying Charger 3 (fid=19)",251.0,3,,
Car 474,,,,35,,arrived,,arrived,252.0,,,
Car 533,,,,,,gave_up,1,"no alternate charger available, gave up",252.27126465032296,,,
Car 236,,,,,0,switch,,"Charger 0 (fid=1) not available, trying Charger 1 (fid=7)",253.0,1,,
Car 357,,,,,2,switch,,"Charger 2 (fid=17) not available, trying Charger 3 (fid=19)",253.1142683075564,3,,
Car 194,,,,,0,switch,,"Charger 0 (fid=1) not available, trying Charger 2 (fid=17)",253.9452241234304,2,,
Car 737,,,,,,gave_up,1,"no alternate charger available, gave up",254.03769958469297,,,
Car 123,,,,,,gave_up,1,"no alternate charger available, gave up",254.09547603320414,,,
Car 53,47.0,7,1,,,done,,done charging,255.0,,,612.81946257605
Car 236,,7,1,,,start_charge,,starting to charge at Charger 1 (fid=7),255.0,,6.054775876569607,
Car 177,,,,13,,arrived,,arrived,256.0,,,
Car 337,,,,,2,switch,,"Charger 2 (fid=17) not available, trying Charger 0 (fid=1)",256.15699634276655,0,,
Car 539,,,,,2,switch,,"Charger 2 (fid=17) not available, trying Charger 0 (fid=1)",256.15699634276655,0,,
Car 474,,,,,2,switch,,"Charger 2 (fid=17) not available, trying Charger 3 (fid=19)",257.0,3,,
Car 745,,,,,3,switch,,"Charger 3 (fid=19) not available, trying Charger 0 (fid=1)",257.15699634276655,0,,
Car 273,46.0,1,0,,,done,,done charging,257.9452241234304,,,192.79289411176086
Car 176,,1,0,,,start_charge,,starting to charge at Charger 0 (fid=1),257.9452241234304,,9.776179939304427,
Car 397,,,,4,,arrived,,arrived,259.0,,,
Car 357,,,,,,gave_up,3,"no alternate charger available, gave up",259.27126465032296,,,
Car 735,89.0,7,1,,,done,,done charging,259.2799925095785,,,167.7902022914154
Car 383,59.0,7,1,,,done,,done charging,260.0,,,511.60705841104163
Car 177,,,,,3,switch,,"Charger 3 (fid=19) not available, trying Charger 2 (fid=17)",261.0,2,,
Car 194,,,,,2,switch,,"Charger 2 (fid=17) not available, trying Charger 3 (fid=19)",261.1142683075564,3,,
Car 338,,,,77,,arrived,,arrived,262.0,,,
Car 474,,,,,3,switch,,"Charger 3 (fid=19) not available, trying Charger 0 (fid=1)",263.1569963427666,0,,
Car 337,,,,,0,switch,,"Charger 0 (fid=1) not available, trying Charger 1 (fid=7)",263.32604052689254,1,,
Car 539,,,,,0,switch,,"Charger 0 (fid=1) not available, trying Charger 1 (fid=7)",263.32604052689254,1,,
Car 397,,,,,2,switch,,"Charger 2 (fid=17) not available, trying Charger 3 (fid=19)",264.0,3,,
Car 337,,7,1,,,start_charge,,starting to charge at Charger 1 (fid=7),264.2712646503229,,14.999999999999972,
Car 539,,7,1,,,start_charge,,starting to charge at Charger 1 (fid=7),264.2712646503229,,14.999999999999972,
Car 741,,,,60,,arrived,,arrived,265.0,,,
Car 24,51.0,17,2,,,done,,done charging,265.0,,,109.44362684047219
Car 177,,17,2,,,start_charge,,starting to charge at Charger 2 (fid=17),265.0,,7.843003657233396,
Car 745,,,,,0,switch,,"Charger 0 (fid=1) not available, trying Charger 1 (fid=7)",265.1502519097737,1,,
Car 540,,,,45,,arrived,,arrived,266.0,,,
Car 431,72.0,1,0,,,done,,done charging,266.0,,,407.59729144463586
Car 338,,1,0,,,start_charge,,starting to charge at Charger 0 (fid=1),266.0,,4.0,
Car 194,,,,,,gave_up,3,"no alternate charger available, gave up",267.271264650323,,,
Car 714,,,,57,,arrived,,arrived,268.0,,,
Car 638,,,,23,,arrived,,arrived,269.0,,,
Car 741,,,,,2,switch,,"Charger 2 (fid=17) not available, trying Charger 0 (fid=1)",270.0,0,,
Car 397,,,,,3,switch,,"Charger 3 (fid=19) not available, trying Charger 0 (fid=1)",270.1569963427666,0,,
Car 121,75.0,19,3,,,done,,done charging,271.0,,,10.798154749778018
Car 540,,,,,2,switch,,"Charger 2 (fid=17) not available, trying Charger 0 (fid=1)",271.0,0,,
Car 714,,19,3,,,start_charge,,starting to charge at Charger 3 (fid=19),271.0,,3.0,
Car 745,,,,,,gave_up,1,"no alternate charger available, gave up",271.0954760332041,,,
Car 474,,,,,0,switch,,"Charger 0 (fid=1) not available, trying Charger 1 (fid=7)",271.1502519097738,1,,
Car 295,,,,4,,arrived,,arrived,272.0,,,
Car 427,,,,77,,arrived,,arrived,273.0,,,
Car 545,,,,55,,arrived,,arrived,273.0,,,
Car 238,,,,80,,arrived,,arrived,274.0,,,
Car 638,,,,,3,switch,,"Charger 3 (fid=19) not available, trying Charger 2 (fid=17)",274.0,2,,
Car 256,120.0,7,1,,,done,,done charging,275.9452241234304,,,414.68893613525694
Car 474,,7,1,,,start_charge,,starting to charge at Charger 1 (fid=7),275.9452241234304,,18.849748090226285,
Car 399,,,,14,,arrived,,arrived,276.0,,,
Car 437,,,,52,,arrived,,arrived,277.0,,,
Car 506,64.0,19,3,,,done,,done charging,277.0,,,21.36065434390639
Car 295,,,,,0,switch,,"Charger 0 (fid=1) not available, trying Charger 2 (fid=17)",277.0,2,,
Car 545,,19,3,,,start_charge,,starting to charge at Charger 3 (fid=19),277.0,,4.0,
Car 741,,,,,0,switch,,"Charger 0 (fid=1) not available, trying Charger 1 (fid=7)",277.169044184126,1,,
Car 427,,,,,0,switch,,"Charger 0 (fid=1) not available, trying Charger 2 (fid=17)",278.0,2,,
Car 397,,,,,0,switch,,"Charger 0 (fid=1) not available, trying Charger 1 (fid=7)",278.1502519097738,1,,
Car 540,,,,,0,switch,,"Charger 0 (fid=1) not available, trying Charger 3 (fid=19)",278.169044184126,3,,
Car 238,,,,,2,switch,,"Charger 2 (fid=17) not available, trying Charger 3 (fid=19)",279.0,3,,
Car 701,,,,36,,arrived,,arrived,280.0,,,
Car 638,,,,,2,switch,,"Charger 2 (fid=17) not available, trying Charger 0 (fid=1)",280.1569963427666,0,,
Car 399,,,,,2,switch,,"Charger 2 (fid=17) not available, trying Charger 3 (fid=19)",281.0,3,,
Car 677,,,,14,,arrived,,arrived,282.0,,,
Car 437,,,,,1,switch,,"Charger 1 (fid=7) not available, trying Charger 0 (fid=1)",282.0,0,,
Car 532,89.0,17,2,,,done,,done charging,283.0,,,129.25700006192793
Car 295,,17,2,,,start_charge,,starting to charge at Charger 2 (fid=17),283.0,,8.830955815874006,
Car 741,,,,,1,switch,,"Charger 1 (fid=7) not available, trying Charger 3 (fid=19)",283.11426830755636,3,,
Car 397,,,,,,gave_up,1,"no alternate charger available, gave up",284.09547603320414,,,
Car 154,,,,55,,arrived,,arrived,285.0,,,
Car 5,86.0,19,3,,,done,,done charging,285.0,,,230.61599235307727
Car 701,,,,,2,switch,,"Charger 2 (fid=17) not available, trying Charger 3 (fid=19)",285.0,3,,
Car 238,,19,3,,,start_charge,,starting to charge at Charger 3 (fid=19),285.0,,9.843003657233396,
Car 427,,,,,2,switch,,"Charger 2 (fid=17) not available, trying Charger 1 (fid=7)",285.169044184126,1,,
Car 540,,,,,3,switch,,"Charger 3 (fid=19) not available, trying Charger 1 (fid=7)",286.16229975113316,1,,
Car 531,82.0,1,0,,,done,,done charging,286.169044184126,,,195.78203285284735
Car 638,,1,0,,,start_charge,,starting to charge at Charger 0 (fid=1),286.169044184126,,13.843003657233396,
Car 677,,,,,2,switch,,"Charger 2 (fid=17) not available, trying Charger 3 (fid=19)",287.0,3,,
Car 399,,,,,3,switch,,"Charger 3 (fid=19) not available, trying Charger 0 (fid=1)",287.1569963427666,0,,
Car 437,,,,,0,switch,,"Charger 0 (fid=1) not available, trying Charger 2 (fid=17)",287.94522412343036,2,,
Car 419,,,,14,,arrived,,arrived,288.0,,,
Car 154,,,,,3,switch,,"Charger 3 (fid=19) not available, trying Charger 2 (fid=17)",290.0,2,,
Car 553,58.0,7,1,,,done,,done charging,291.0,,,229.6702105563439
Car 427,,7,1,,,start_charge,,starting to charge at Charger 1 (fid=7),291.0,,12.720007490421494,
Car 701,,,,,3,switch,,"Charger 3 (fid=19) not available, trying Charger 0 (fid=1)",291.1569963427666,0,,
Car 741,,,,,,gave_up,3,"no alternate charger available, gave up",291.98966814111617,,,
Car 546,,,,19,,arrived,,arrived,292.0,,,
Car 115,,,,68,,arrived,,arrived,293.0,,,
Car 419,,,,,2,switch,,"Charger 2 (fid=17) not available, trying Charger 3 (fid=19)",293.0,3,,
Car 677,,,,,3,switch,,"Charger 3 (fid=19) not available, trying Charger 0 (fid=1)",293.1569963427666,0,,
Car 540,,,,,,gave_up,1,"no alternate charger available, gave up",295.037699584693,,,
Car 437,,,,,2,switch,,"Charger 2 (fid=17) not available, trying Charger 3 (fid=19)",295.11426830755636,3,,
Car 399,,,,,0,switch,,"Charger 0 (fid=1) not available, trying Charger 1 (fid=7)",295.1502519097738,1,,
Car 154,,,,,2,switch,,"Charger 2 (fid=17) not available, trying Charger 0 (fid=1)",296.1569963427666,0,,
Car 546,,,,,3,switch,,"Charger 3 (fid=19) not available, trying Charger 2 (fid=17)",297.0,2,,
Car 115,,,,,3,switch,,"Charger 3 (fid=19) not available, trying Charger 2 (fid=17)",298.0,2,,
Car 701,,,,,0,switch,,"Charger 0 (fid=1) not available, trying Charger 1 (fid=7)",299.1502519097738,1,,
Car 419,,,,,3,switch,,"Charger 3 (fid=19) not available, trying Charger 0 (fid=1)",299.1569963427666,0,,
Car 399,,,,,,gave_up,1,"no alternate charger available, gave up",301.09547603320414,,,
Car 677,,,,,0,switch,,"Charger 0 (fid=1) not available, trying Charger 1 (fid=7)",301.1502519097738,1,,
Car 437,,,,,,gave_up,3,"no alternate charger available, gave up",301.27126465032296,,,
Car 258,,,,89,,arrived,,arrived,302.0,,,
Car 675,,,,34,,arrived,,arrived,302.0,,,
Car 21,,,,26,,arrived,,arrived,303.0,,,
Car 58,,,,2,,arrived,,arrived,303.0,,,
Car 546,,,,,2,switch,,"Charger 2 (fid=17) not available, trying Charger 0 (fid=1)",303.1569963427666,0,,
Car 154,,,,,0,switch,,"Charger 0 (fid=1) not available, trying Charger 1 (fid=7)",303.3260405268926,1,,
Car 11,,,,36,,arrived,,arrived,304.0,,,
Car 93,,,,28,,arrived,,arrived,304.0,,,
Car 115,,,,,2,switch,,"Charger 2 (fid=17) not available, trying Charger 0 (fid=1)",304.1569963427666,0,,
Car 211,,,,30,,arrived,,arrived,305.0,,,
Car 701,,,,,,gave_up,1,"no alternate charger available, gave up",305.09547603320414,,,
Car 99,,,,6,,arrived,,arrived,306.0,,,
Car 258,,,,,1,switch,,"Charger 1 (fid=7) not available, trying Charger 0 (fid=1)",307.0,0,,
Car 675,,,,,3,switch,,"Charger 3 (fid=19) not available, trying Charger 2 (fid=17)",307.0,2,,
Car 677,,,,,,gave_up,1,"no alternate charger available, gave up",307.09547603320414,,,
Car 419,,,,,0,switch,,"Charger 0 (fid=1) not available, trying Charger 1 (fid=7)",307.1502519097738,1,,
Car 21,,,,,3,switch,,"Charger 3 (fid=19) not available, trying Charger 2 (fid=17)",308.0,2,,
Car 58,,,,,1,switch,,"Charger 1 (fid=7) not available, trying Charger 0 (fid=1)",308.0,0,,
Car 11,,,,,2,switch,,"Charger 2 (fid=17) not available, trying Charger 3 (fid=19)",309.0,3,,
Car 93,,,,,3,switch,,"Charger 3 (fid=19) not available, trying Charger 2 (fid=17)",309.0,2,,
Car 154,,,,,,gave_up,1,"no alternate charger available, gave up",309.27126465032296,,,
Car 211,,,,,3,switch,,"Charger 3 (fid=19) not available, trying Charger 2 (fid=17)",310.0,2,,
Car 546,,,,,0,switch,,"Charger 0 (fid=1) not available, trying Charger 1 (fid=7)",310.3260405268926,1,,
Car 99,,,,,2,switch,,"Charger 2 (fid=17) not available, trying Charger 0 (fid=1)",311.0,0,,
Car 115,,,,,0,switch,,"Charger 0 (fid=1) not available, trying Charger 1 (fid=7)",311.3260405268926,1,,
Car 258,,,,,0,switch,,"Charger 0 (fid=1) not available, trying Charger 2 (fid=17)",312.94522412343036,2,,
Car 419,,,,,,gave_up,1,"no alternate charger available, gave up",313.09547603320414,,,
Car 675,,,,,2,switch,,"Charger 2 (fid=17) not available, trying Charger 0 (fid=1)",313.1569963427666,0,,
Car 58,,,,,0,switch,,"Charger 0 (fid=1) not available, trying Charger 2 (fid=17)",313.94522412343036,2,,
Car 21,,,,,2,switch,,"Charger 2 (fid=17) not available, trying Charger 0 (fid=1)",314.1569963427666,0,,
Car 11,,,,,3,switch,,"Charger 3 (fid=19) not available, trying Charger 0 (fid=1)",315.1569963427666,0,,
Car 93,,,,,2,switch,,"Charger 2 (fid=17) not available, trying Charger 0 (fid=1)",315.1569963427666,0,,
Car 211,,,,,2,switch,,"Charger 2 (fid=17) not available, trying Charger 0 (fid=1)",316.1569963427666,0,,
Car 546,,,,,,gave_up,1,"no alternate charger available, gave up",316.27126465032296,,,
Car 585,120.0,17,2,,,done,,done charging,317.0,,,180.6813805376962
Car 258,,17,2,,,start_charge,,starting to charge at Charger 2 (fid=17),317.0,,11.885731692443642,
Car 115,,,,,,gave_up,1,"no alternate charger available, gave up",317.27126465032296,,,
Car 143,,,,88,,arrived,,arrived,318.0,,,
Car 99,,,,,0,switch,,"Charger 0 (fid=1) not available, trying Charger 3 (fid=19)",318.169044184126,3,,
Car 338,53.0,1,0,,,done,,done charging,319.0,,,129.11660621313655
Car 675,,1,0,,,start_charge,,starting to charge at Charger 0 (fid=1),319.0,,13.673959473107402,
Car 714,49.0,19,3,,,done,,done charging,320.0,,,72.50654966278888
Car 58,,,,,2,switch,,"Charger 2 (fid=17) not available, trying Charger 3 (fid=19)",321.11426830755636,3,,
Car 99,,19,3,,,start_charge,,starting to charge at Charger 3 (fid=19),321.16229975113316,,10.0,
Car 21,,,,,0,switch,,"Charger 0 (fid=1) not available, trying Charger 1 (fid=7)",321.3260405268926,1,,
Car 93,,,,,0,switch,,"Charger 0 (fid=1) not available, trying Charger 1 (fid=7)",322.3260405268926,1,,
Car 143,,,,,1,switch,,"Charger 1 (fid=7) not available, trying Charger 0 (fid=1)",323.0,0,,
Car 11,,,,,0,switch,,"Charger 0 (fid=1) not available, trying Charger 1 (fid=7)",323.1502519097738,1,,
Car 211,,,,,0,switch,,"Charger 0 (fid=1) not available, trying Charger 1 (fid=7)",323.3260405268926,1,,
Car 159,,,,9,,arrived,,arrived,324.0,,,
Car 186,,,,66,,arrived,,arrived,325.0,,,
Car 539,63.0,7,1,,,done,,done charging,327.2712646503229,,,486.21691345015097
Car 21,,7,1,,,start_charge,,starting to charge at Charger 1 (fid=7),327.2712646503229,,19.999999999999943,
Car 58,,,,,,gave_up,3,"no alternate charger available, gave up",327.27126465032296,,,
Car 538,,,,32,,arrived,,arrived,328.0,,,
Car 93,,,,,,gave_up,1,"no alternate charger available, gave up",328.27126465032296,,,
Car 143,,,,,0,switch,,"Charger 0 (fid=1) not available, trying Charger 2 (fid=17)",328.94522412343036,2,,
Car 159,,,,,2,switch,,"Charger 2 (fid=17) not available, trying Charger 0 (fid=1)",329.0,0,,
Car 11,,,,,,gave_up,1,"no alternate charger available, gave up",329.09547603320414,,,
Car 211,,,,,,gave_up,1,"no alternate charger available, gave up",329.27126465032296,,,
Car 186,,,,,2,switch,,"Charger 2 (fid=17) not available, trying Charger 0 (fid=1)",330.0,0,,
Car 617,,,,55,,arrived,,arrived,331.0,,,
Car 720,,,,23,,arrived,,arrived,332.0,,,
Car 404,102.0,1,0,,,done,,done charging,332.169044184126,,,235.64411589724344
Car 159,,1,0,,,start_charge,,starting to charge at Charger 0 (fid=1),332.169044184126,,6.0,
Car 545,56.0,19,3,,,done,,done charging,333.0,,,69.66534042835744
Car 538,,,,,3,switch,,"Charger 3 (fid=19) not available, trying Charger 2 (fid=17)",333.0,2,,
Car 638,48.0,1,0,,,done,,done charging,334.169044184126,,,224.71691108816054
Car 186,,1,0,,,start_charge,,starting to charge at Charger 0 (fid=1),334.169044184126,,7.0,
Car 428,,,,52,,arrived,,arrived,335.0,,,
Car 617,,,,,3,switch,,"Charger 3 (fid=19) not available, trying Charger 2 (fid=17)",336.0,2,,
Car 143,,,,,2,switch,,"Charger 2 (fid=17) not available, trying Charger 3 (fid=19)",336.11426830755636,3,,
Car 720,,,,,3,switch,,"Charger 3 (fid=19) not available, trying Charger 2 (fid=17)",337.0,2,,
Car 463,,,,61,,arrived,,arrived,338.0,,,
Car 538,,,,,2,switch,,"Charger 2 (fid=17) not available, trying Charger 0 (fid=1)",339.1569963427666,0,,
Car 80,106.0,1,0,,,done,,done charging,340.0,,,327.4519388643353
Car 428,,,,,1,switch,,"Charger 1 (fid=7) not available, trying Charger 0 (fid=1)",340.0,0,,
Car 428,,1,0,,,start_charge,,starting to charge at Charger 0 (fid=1),340.94522412343036,,5.0,
Car 200,,,,61,,arrived,,arrived,341.0,,,
Car 398,,,,48,,arrived,,arrived,341.0,,,
Car 81,,,,54,,arrived,,arrived,342.0,,,
Car 617,,,,,2,switch,,"Charger 2 (fid=17) not available, trying Charger 0 (fid=1)",342.1569963427666,0,,
Car 143,,,,,,gave_up,3,"no alternate charger available, gave up",342.27126465032296,,,
Car 203,,,,70,,arrived,,arrived,343.0,,,
Car 463,,,,,2,switch,,"Charger 2 (fid=17) not available, trying Charger 0 (fid=1)",343.0,0,,
Car 720,,,,,2,switch,,"Charger 2 (fid=17) not available, trying Charger 0 (fid=1)",343.1569963427666,0,,
Car 177,79.0,17,2,,,done,,done charging,344.0,,,148.84089856286295
Car 200,,17,2,,,start_charge,,starting to charge at Charger 2 (fid=17),344.0,,3.0,
Car 475,,,,37,,arrived,,arrived,346.0,,,
Car 398,,,,,3,switch,,"Charger 3 (fid=19) not available, trying Charger 2 (fid=17)",346.0,2,,
Car 538,,,,,0,switch,,"Charger 0 (fid=1) not available, trying Charger 1 (fid=7)",346.3260405268926,1,,
Car 479,,,,54,,arrived,,arrived,347.0,,,
Car 81,,,,,2,switch,,"Charger 2 (fid=17) not available, trying Charger 3 (fid=19)",347.0,3,,
Car 203,,,,,3,switch,,"Charger 3 (fid=19) not available, trying Charger 2 (fid=17)",348.0,2,,
Car 460,,,,58,,arrived,,arrived,349.0,,,
Car 617,,,,,0,switch,,"Charger 0 (fid=1) not available, trying Charger 1 (fid=7)",349.3260405268926,1,,
Car 236,95.0,7,1,,,done,,done charging,350.0,,,129.30687178184516
Car 538,,7,1,,,start_charge,,starting to charge at Charger 1 (fid=7),350.0,,17.728735349677038,
Car 463,,,,,0,switch,,"Charger 0 (fid=1) not available, trying Charger 1 (fid=7)",350.169044184126,1,,
Car 720,,,,,0,switch,,"Charger 0 (fid=1) not available, trying Charger 1 (fid=7)",350.3260405268926,1,,
Car 401,,,,31,,arrived,,arrived,351.0,,,
Car 475,,,,,2,switch,,"Charger 2 (fid=17) not available, trying Charger 3 (fid=19)",351.0,3,,
Car 337,87.0,7,1,,,done,,done charging,351.2712646503229,,,412.98391377871906
Car 460,,7,1,,,start_charge,,starting to charge at Charger 1 (fid=7),351.2712646503229,,2.2712646503229053,
Car 479,,,,,2,switch,,"Charger 2 (fid=17) not available, trying Charger 3 (fid=19)",352.0,3,,
Car 398,,,,,2,switch,,"Charger 2 (fid=17) not available, trying Charger 0 (fid=1)",352.1569963427666,0,,
Car 81,,,,,3,switch,,"Charger 3 (fid=19) not available, trying Charger 0 (fid=1)",353.1569963427666,0,,
Car 253,,,,61,,arrived,,arrived,354.0,,,
Car 699,,,,85,,arrived,,arrived,354.0,,,
Car 427,63.0,7,1,,,done,,done charging,354.0,,,180.82839704536696
Car 617,,7,1,,,start_charge,,starting to charge at Charger 1 (fid=7),354.0,,18.728735349677038,
Car 203,,,,,2,switch,,"Charger 2 (fid=17) not available, trying Charger 0 (fid=1)",354.1569963427666,0,,
Car 543,,,,22,,arrived,,arrived,356.0,,,
Car 401,,,,,3,switch,,"Charger 3 (fid=19) not available, trying Charger 2 (fid=17)",356.0,2,,
Car 463,,,,,1,switch,,"Charger 1 (fid=7) not available, trying Charger 3 (fid=19)",356.11426830755636,3,,
Car 720,,,,,,gave_up,1,"no alternate charger available, gave up",356.27126465032296,,,
Car 475,,,,,3,switch,,"Charger 3 (fid=19) not available, trying Charger 0 (fid=1)",357.1569963427666,0,,
Car 479,,,,,3,switch,,"Charger 3 (fid=19) not available, trying Charger 0 (fid=1)",358.1569963427666,0,,
Car 253,,,,,2,switch,,"Charger 2 (fid=17) not available, trying Charger 0 (fid=1)",359.0,0,,
Car 699,,,,,1,switch,,"Charger 1 (fid=7) not available, trying Charger 0 (fid=1)",359.0,0,,
Car 398,,,,,0,switch,,"Charger 0 (fid=1) not available, trying Charger 1 (fid=7)",359.3260405268926,1,,
Car 754,,,,56,,arrived,,arrived,361.0,,,
Car 543,,,,,3,switch,,"Charger 3 (fid=19) not available, trying Charger 2 (fid=17)",361.0,2,,
Car 81,,,,,0,switch,,"Charger 0 (fid=1) not available, trying Charger 1 (fid=7)",361.1502519097738,1,,
Car 203,,,,,0,switch,,"Charger 0 (fid=1) not available, trying Charger 1 (fid=7)",361.3260405268926,1,,
Car 401,,,,,2,switch,,"Charger 2 (fid=17) not available, trying Charger 0 (fid=1)",362.1569963427666,0,,
Car 643,,,,53,,arrived,,arrived,364.0,,,
Car 699,,,,,0,switch,,"Charger 0 (fid=1) not available, trying Charger 2 (fid=17)",364.94522412343036,2,,
Car 463,,,,,,gave_up,3,"no alternate charger available, gave up",364.98966814111617,,,
Car 475,,,,,0,switch,,"Charger 0 (fid=1) not available, trying Charger 1 (fid=7)",365.1502519097738,1,,
Car 398,,,,,,gave_up,1,"no alternate charger available, gave up",365.27126465032296,,,
Car 754,,,,,3,switch,,"Charger 3 (fid=19) not available, trying Charger 2 (fid=17)",366.0,2,,
Car 479,,,,,0,switch,,"Charger 0 (fid=1) not available, trying Charger 1 (fid=7)",366.1502519097738,1,,
Car 253,,,,,0,switch,,"Charger 0 (fid=1) not available, trying Charger 1 (fid=7)",366.169044184126,1,,
Car 81,,,,,,gave_up,1,"no alternate charger available, gave up",367.09547603320414,,,
Car 543,,,,,2,switch,,"Charger 2 (fid=17) not available, trying Charger 0 (fid=1)",367.1569963427666,0,,
Car 203,,,,,,gave_up,1,"no alternate charger available, gave up",367.27126465032296,,,
Car 513,,,,46,,arrived,,arrived,368.0,,,
Car 643,,,,,1,switch,,"Charger 1 (fid=7) not available, trying Charger 0 (fid=1)",369.0,0,,
Car 401,,,,,0,switch,,"Charger 0 (fid=1) not available, trying Charger 1 (fid=7)",369.3260405268926,1,,
Car 734,,,,69,,arrived,,arrived,370.0,,,
Car 475,,,,,,gave_up,1,"no alternate charger available, gave up",371.09547603320414,,,
Car 176,114.0,1,0,,,done,,done charging,371.9452241234304,,,162.14671048157606
Car 543,,1,0,,,start_charge,,starting to charge at Charger 0 (fid=1),371.9452241234304,,12.619183596537823,
Car 479,,,,,,gave_up,1,"no alternate charger available, gave up",372.09547603320414,,,
Car 699,,,,,2,switch,,"Charger 2 (fid=17) not available, trying Charger 3 (fid=19)",372.11426830755636,3,,
Car 253,,,,,1,switch,,"Charger 1 (fid=7) not available, trying Charger 3 (fid=19)",372.11426830755636,3,,
Car 754,,,,,2,switch,,"Charger 2 (fid=17) not available, trying Charger 0 (fid=1)",372.1569963427666,0,,
Car 595,,,,37,,arrived,,arrived,373.0,,,
Car 513,,,,,3,switch,,"Charger 3 (fid=19) not available, trying Charger 2 (fid=17)",373.0,2,,
Car 643,,,,,0,switch,,"Charger 0 (fid=1) not available, trying Charger 2 (fid=17)",374.94522412343036,2,,
Car 734,,,,,3,switch,,"Charger 3 (fid=19) not available, trying Charger 2 (fid=17)",375.0,2,,
Car 21,48.0,7,1,,,done,,done charging,375.2712646503229,,,272.82558576863767
Car 401,,7,1,,,start_charge,,starting to charge at Charger 1 (fid=7),375.2712646503229,,19.999999999999943,
Car 23,,,,76,,arrived,,arrived,378.0,,,
Car 374,,,,21,,arrived,,arrived,378.0,,,
Car 595,,,,,2,switch,,"Charger 2 (fid=17) not available, trying Charger 3 (fid=19)",378.0,3,,
Car 699,,,,,,gave_up,3,"no alternate charger available, gave up",378.27126465032296,,,
Car 625,,,,20,,arrived,,arrived,379.0,,,
Car 513,,,,,2,switch,,"Charger 2 (fid=17) not available, trying Charger 0 (fid=1)",379.1569963427666,0,,
Car 754,,,,,0,switch,,"Charger 0 (fid=1) not available, trying Charger 1 (fid=7)",379.3260405268926,1,,
Car 474,104.0,7,1,,,done,,done charging,379.9452241234304,,,274.37836114569507
Car 23,,7,1,,,start_charge,,starting to charge at Charger 1 (fid=7),379.9452241234304,,1.945224123430421,
Car 253,,,,,,gave_up,3,"no alternate charger available, gave up",380.98966814111617,,,
Car 734,,,,,2,switch,,"Charger 2 (fid=17) not available, trying Charger 0 (fid=1)",381.1569963427666,0,,
Car 248,,,,58,,arrived,,arrived,382.0,,,
Car 643,,,,,2,switch,,"Charger 2 (fid=17) not available, trying Charger 3 (fid=19)",382.11426830755636,3,,
Car 374,,,,,3,switch,,"Charger 3 (fid=19) not available, trying Charger 2 (fid=17)",383.0,2,,
Car 614,,,,15,,arrived,,arrived,384.0,,,
Car 258,67.0,17,2,,,done,,done charging,384.0,,,406.06612421132473
Car 625,,,,,3,switch,,"Charger 3 (fid=19) not available, trying Charger 2 (fid=17)",384.0,2,,
Car 614,,17,2,,,start_charge,,starting to charge at Charger 2 (fid=17),384.0,,0.0,
Car 595,,,,,3,switch,,"Charger 3 (fid=19) not available, trying Charger 0 (fid=1)",384.1569963427666,0,,
Car 754,,,,,,gave_up,1,"no alternate charger available, gave up",385.27126465032296,,,
Car 513,,,,,0,switch,,"Charger 0 (fid=1) not available, trying Charger 1 (fid=7)",386.3260405268926,1,,
Car 248,,,,,1,switch,,"Charger 1 (fid=7) not available, trying Charger 0 (fid=1)",387.0,0,,
Car 428,47.0,1,0,,,done,,done charging,387.94522412343036,,,68.28471278401751
Car 734,,1,0,,,start_charge,,starting to charge at Charger 0 (fid=1),387.94522412343036,,14.619183596537766,
Car 643,,,,,,gave_up,3,"no alternate charger available, gave up",388.27126465032296,,,
Car 374,,,,,2,switch,,"Charger 2 (fid=17) not available, trying Charger 0 (fid=1)",389.1569963427666,0,,
Car 719,,,,56,,arrived,,arrived,390.0,,,
Car 625,,,,,2,switch,,"Charger 2 (fid=17) not available, trying Charger 0 (fid=1)",390.1569963427666,0,,
Car 407,,,,64,,arrived,,arrived,392.0,,,
Car 595,,,,,0,switch,,"Charger 0 (fid=1) not available, trying Charger 1 (fid=7)",392.1502519097738,1,,
Car 513,,,,,,gave_up,1,"no alternate charger available, gave up",392.27126465032296,,,
Car 248,,,,,0,switch,,"Charger 0 (fid=1) not available, trying Charger 2 (fid=17)",392.94522412343036,2,,
Car 687,,,,2,,arrived,,arrived,393.0,,,
Car 675,74.0,1,0,,,done,,done charging,393.0,,,444.0834137231359
Car 374,,1,0,,,start_charge,,starting to charge at Charger 0 (fid=1),393.0,,11.673959473107402,
Car 295,111.0,17,2,,,done,,done charging,394.0,,,141.61609928960306
Car 695,,,,4,,arrived,,arrived,395.0,,,
Car 719,,,,,3,switch,,"Charger 3 (fid=19) not available, trying Charger 2 (fid=17)",395.0,2,,
Car 248,,17,2,,,start_charge,,starting to charge at Charger 2 (fid=17),395.11426830755636,,10.0,
Car 238,111.0,19,3,,,done,,done charging,396.0,,,109.14818233024246
Car 537,,,,14,,arrived,,arrived,397.0,,,
Car 407,,,,,1,switch,,"Charger 1 (fid=7) not available, trying Charger 0 (fid=1)",397.0,0,,
Car 625,,,,,0,switch,,"Charger 0 (fid=1) not available, trying Charger 1 (fid=7)",397.3260405268926,1,,
Car 687,,,,,1,switch,,"Charger 1 (fid=7) not available, trying Charger 0 (fid=1)",398.0,0,,
Car 595,,,,,,gave_up,1,"no alternate charger available, gave up",398.09547603320414,,,
Car 312,,,,61,,arrived,,arrived,399.0,,,
Car 703,,,,40,,arrived,,arrived,399.0,,,
Car 417,,,,8,,arrived,,arrived,400.0,,,
Car 695,,,,,0,switch,,"Charger 0 (fid=1) not available, trying Charger 2 (fid=17)",400.0,2,,
Car 584,,,,9,,arrived,,arrived,401.0,,,
Car 719,,,,,2,switch,,"Charger 2 (fid=17) not available, trying Charger 0 (fid=1)",401.1569963427666,0,,
Car 537,,,,,2,switch,,"Charger 2 (fid=17) not available, trying Charger 3 (fid=19)",402.0,3,,
Car 407,,,,,0,switch,,"Charger 0 (fid=1) not available, trying Charger 2 (fid=17)",402.94522412343036,2,,
Car 255,,,,23,,arrived,,arrived,403.0,,,
Car 255,,19,3,,,start_charge,,starting to charge at Charger 3 (fid=19),403.0,,0.0,
Car 625,,,,,,gave_up,1,"no alternate charger available, gave up",403.27126465032296,,,
Car 687,,,,,0,switch,,"Charger 0 (fid=1) not available, trying Charger 2 (fid=17)",403.94522412343036,2,,
Car 312,,,,,2,switch,,"Charger 2 (fid=17) not available, trying Charger 0 (fid=1)",404.0,0,,
Car 703,,,,,0,switch,,"Charger 0 (fid=1) not available, trying Charger 2 (fid=17)",404.0,2,,
Car 417,,,,,2,switch,,"Charger 2 (fid=17) not available, trying Charger 3 (fid=19)",405.0,3,,
Car 584,,,,,2,switch,,"Charger 2 (fid=17) not available, trying Charger 0 (fid=1)",406.0,0,,
Car 344,,,,41,,arrived,,arrived,407.0,,,
Car 695,,,,,2,switch,,"Charger 2 (fid=17) not available, trying Charger 1 (fid=7)",407.169044184126,1,,
Car 537,,,,,3,switch,,"Charger 3 (fid=19) not available, trying Charger 0 (fid=1)",408.1569963427666,0,,
Car 719,,,,,0,switch,,"Charger 0 (fid=1) not available, trying Charger 1 (fid=7)",408.3260405268926,1,,
Car 407,,,,,2,switch,,"Charger 2 (fid=17) not available, trying Charger 3 (fid=19)",410.11426830755636,3,,
Car 204,,,,52,,arrived,,arrived,411.0,,,
Car 687,,,,,2,switch,,"Charger 2 (fid=17) not available, trying Charger 3 (fid=19)",411.11426830755636,3,,
Car 417,,,,,3,switch,,"Charger 3 (fid=19) not available, trying Charger 0 (fid=1)",411.1569963427666,0,,
Car 312,,,,,0,switch,,"Charger 0 (fid=1) not available, trying Charger 1 (fid=7)",411.169044184126,1,,
Car 703,,,,,2,switch,,"Charger 2 (fid=17) not available, trying Charger 1 (fid=7)",411.169044184126,1,,
Car 240,,,,117,,arrived,,arrived,412.0,,,
Car 648,,,,61,,arrived,,arrived,412.0,,,
Car 344,,,,,3,switch,,"Charger 3 (fid=19) not available, trying Charger 2 (fid=17)",412.0,2,,
Car 584,,,,,0,switch,,"Charger 0 (fid=1) not available, trying Charger 3 (fid=19)",413.169044184126,3,,
Car 382,,,,5,,arrived,,arrived,414.0,,,
Car 719,,,,,,gave_up,1,"no alternate charger available, gave up",414.27126465032296,,,
Car 695,,,,,1,switch,,"Charger 1 (fid=7) not available, trying Charger 3 (fid=19)",415.2799925095785,3,,
Car 204,,,,,1,switch,,"Charger 1 (fid=7) not available, trying Charger 0 (fid=1)",416.0,0,,
Car 537,,,,,0,switch,,"Charger 0 (fid=1) not available, trying Charger 1 (fid=7)",416.1502519097738,1,,
Car 407,,,,,,gave_up,3,"no alternate charger available, gave up",416.27126465032296,,,
Car 240,,,,,0,switch,,"Charger 0 (fid=1) not available, trying Charger 1 (fid=7)",417.0,1,,
Car 648,,,,,2,switch,,"Charger 2 (fid=17) not available, trying Charger 0 (fid=1)",417.0,0,,
Car 312,,,,,1,switch,,"Charger 1 (fid=7) not available, trying Charger 3 (fid=19)",417.11426830755636,3,,
Car 687,,,,,,gave_up,3,"no alternate charger available, gave up",417.27126465032296,,,
Car 344,,,,,2,switch,,"Charger 2 (fid=17) not available, trying Charger 0 (fid=1)",418.1569963427666,0,,
Car 382,,,,,1,switch,,"Charger 1 (fid=7) not available, trying Charger 0 (fid=1)",419.0,0,,
Car 417,,,,,0,switch,,"Charger 0 (fid=1) not available, trying Charger 1 (fid=7)",419.1502519097738,1,,
Car 703,,,,,1,switch,,"Charger 1 (fid=7) not available, trying Charger 3 (fid=19)",419.2799925095785,3,,
Car 426,,,,22,,arrived,,arrived,420.0,,,
Car 559,,,,18,,arrived,,arrived,421.0,,,
Car 584,,,,,3,switch,,"Charger 3 (fid=19) not available, trying Charger 1 (fid=7)",421.16229975113316,1,,
Car 204,,,,,0,switch,,"Charger 0 (fid=1) not available, trying Charger 2 (fid=17)",421.94522412343036,2,,
Car 537,,,,,,gave_up,1,"no alternate charger available, gave up",422.09547603320414,,,
Car 159,90.0,1,0,,,done,,done charging,422.169044184126,,,308.03475601464464
Car 648,,1,0,,,start_charge,,starting to charge at Charger 0 (fid=1),422.169044184126,,8.0,
Car 240,,,,,1,switch,,"Charger 1 (fid=7) not available, trying Charger 2 (fid=17)",422.94522412343036,2,,
Car 617,70.0,7,1,,,done,,done charging,424.0,,,347.3087243894111
Car 417,,7,1,,,start_charge,,starting to charge at Charger 1 (fid=7),424.0,,18.904523966795864,
Car 695,,,,,,gave_up,3,"no alternate charger available, gave up",424.1553923431383,,,
Car 382,,,,,0,switch,,"Charger 0 (fid=1) not available, trying Charger 2 (fid=17)",424.94522412343036,2,,
Car 235,,,,54,,arrived,,arrived,425.0,,,
Car 426,,,,,3,switch,,"Charger 3 (fid=19) not available, trying Charger 2 (fid=17)",425.0,2,,
Car 344,,,,,0,switch,,"Charger 0 (fid=1) not available, trying Charger 1 (fid=7)",425.3260405268926,1,,
Car 312,,,,,,gave_up,3,"no alternate charger available, gave up",425.98966814111617,,,
Car 473,,,,117,,arrived,,arrived,426.0,,,
Car 559,,,,,3,switch,,"Charger 3 (fid=19) not available, trying Charger 2 (fid=17)",426.0,2,,
Car 228,,,,71,,arrived,,arrived,427.0,,,
Car 336,,,,72,,arrived,,arrived,427.0,,,
Car 635,,,,77,,arrived,,arrived,427.0,,,
Car 524,,,,77,,arrived,,arrived,428.0,,,
Car 703,,,,,,gave_up,3,"no alternate charger available, gave up",428.1553923431383,,,
Car 204,,,,,2,switch,,"Charger 2 (fid=17) not available, trying Charger 3 (fid=19)",429.11426830755636,3,,
Car 235,,,,,2,switch,,"Charger 2 (fid=17) not available, trying Charger 3 (fid=19)",430.0,3,,
Car 584,,,,,,gave_up,1,"no alternate charger available, gave up",430.037699584693,,,
Car 473,,,,,0,switch,,"Charger 0 (fid=1) not available, trying Charger 1 (fid=7)",431.0,1,,
Car 240,,,,,2,switch,,"Charger 2 (fid=17) not available, trying Charger 3 (fid=19)",431.0561724488829,3,,
Car 426,,,,,2,switch,,"Charger 2 (fid=17) not available, trying Charger 0 (fid=1)",431.1569963427666,0,,
Car 344,,,,,,gave_up,1,"no alternate charger available, gave up",431.27126465032296,,,
Car 679,,,,14,,arrived,,arrived,432.0,,,
Car 228,,,,,3,switch,,"Charger 3 (fid=19) not available, trying Charger 2 (fid=17)",432.0,2,,
Car 336,,,,,3,switch,,"Charger 3 (fid=19) not available, trying Charger 2 (fid=17)",432.0,2,,
Car 635,,,,,0,switch,,"Charger 0 (fid=1) not available, trying Charger 2 (fid=17)",432.0,2,,
Car 382,,,,,2,switch,,"Charger 2 (fid=17) not available, trying Charger 3 (fid=19)",432.11426830755636,3,,
Car 559,,,,,2,switch,,"Charger 2 (fid=17) not available, trying Charger 0 (fid=1)",432.1569963427666,0,,
Car 524,,,,,0,switch,,"Charger 0 (fid=1) not available, trying Charger 2 (fid=17)",433.0,2,,
Car 186,99.0,1,0,,,done,,done charging,433.169044184126,,,360.2449084511789
Car 426,,1,0,,,start_charge,,starting to charge at Charger 0 (fid=1),433.3260405268926,,10.0,
Car 614,50.0,17,2,,,done,,done charging,434.0,,,21.129393105329726
Car 679,,17,2,,,start_charge,,starting to charge at Charger 2 (fid=17),434.0,,2.0,
Car 99,113.0,19,3,,,done,,done charging,434.16229975113316,,,152.07997242569024
Car 204,,19,3,,,start_charge,,starting to charge at Charger 3 (fid=19),434.16229975113316,,18.8910351008102,
Car 235,,,,,3,switch,,"Charger 3 (fid=19) not available, trying Charger 0 (fid=1)",436.1569963427666,0,,
Car 473,,,,,1,switch,,"Charger 1 (fid=7) not available, trying Charger 2 (fid=17)",436.94522412343036,2,,
Car 240,,,,,,gave_up,3,"no alternate charger available, gave up",437.2131687916495,,,
Car 76,,,,67,,arrived,,arrived,438.0,,,
Car 688,,,,54,,arrived,,arrived,438.0,,,
Car 228,,,,,2,switch,,"Charger 2 (fid=17) not available, trying Charger 0 (fid=1)",438.1569963427666,0,,
Car 336,,,,,2,switch,,"Charger 2 (fid=17) not available, trying Charger 0 (fid=1)",438.1569963427666,0,,
Car 382,,,,,,gave_up,3,"no alternate charger available, gave up",438.27126465032296,,,
Car 23,59.0,7,1,,,done,,done charging,438.9452241234304,,,109.04044795397377
Car 84,,,,77,,arrived,,arrived,439.0,,,
Car 635,,,,,2,switch,,"Charger 2 (fid=17) not available, trying Charger 1 (fid=7)",439.169044184126,1,,
Car 559,,,,,0,switch,,"Charger 0 (fid=1) not available, trying Charger 1 (fid=7)",439.3260405268926,1,,
Car 524,,,,,2,switch,,"Charger 2 (fid=17) not available, trying Charger 1 (fid=7)",440.169044184126,1,,
Car 559,,7,1,,,start_charge,,starting to charge at Charger 1 (fid=7),440.27126465032296,,15.0,
Car 64,,,,72,,arrived,,arrived,441.0,,,
Car 680,,,,40,,arrived,,arrived,442.0,,,
Car 200,98.0,17,2,,,done,,done charging,442.0,,,262.4309354668153
Car 688,,17,2,,,start_charge,,starting to charge at Charger 2 (fid=17),442.0,,4.0,
Car 76,,,,,3,switch,,"Charger 3 (fid=19) not available, trying Charger 2 (fid=17)",443.0,2,,
Car 190,,,,45,,arrived,,arrived,444.0,,,
Car 84,,,,,0,switch,,"Charger 0 (fid=1) not available, trying Charger 2 (fid=17)",444.0,2,,
Car 235,,,,,0,switch,,"Charger 0 (fid=1) not available, trying Charger 1 (fid=7)",444.1502519097738,1,,
Car 434,,,,36,,arrived,,arrived,445.0,,,
Car 618,,,,8,,arrived,,arrived,445.0,,,
Car 473,,,,,2,switch,,"Charger 2 (fid=17) not available, trying Charger 3 (fid=19)",445.0561724488829,3,,
Car 228,,,,,0,switch,,"Charger 0 (fid=1) not available, trying Charger 1 (fid=7)",445.3260405268926,1,,
Car 336,,,,,0,switch,,"Charger 0 (fid=1) not available, trying Charger 1 (fid=7)",445.3260405268926,1,,
Car 734,58.0,1,0,,,done,,done charging,445.94522412343036,,,244.03541592361765
Car 680,,1,0,,,start_charge,,starting to charge at Charger 0 (fid=1),445.94522412343036,,3.945224123430364,
Car 362,,,,1,,arrived,,arrived,446.0,,,
Car 64,,,,,3,switch,,"Charger 3 (fid=19) not available, trying Charger 2 (fid=17)",446.0,2,,
Car 635,,,,,1,switch,,"Charger 1 (fid=7) not available, trying Charger 3 (fid=19)",447.2799925095785,3,,
Car 524,,,,,1,switch,,"Charger 1 (fid=7) not available, trying Charger 3 (fid=19)",448.2799925095785,3,,
Car 374,56.0,1,0,,,done,,done charging,449.0,,,233.73884088232123
Car 190,,,,,2,switch,,"Charger 2 (fid=17) not available, trying Charger 0 (fid=1)",449.0,0,,
Car 362,,1,0,,,start_charge,,starting to charge at Charger 0 (fid=1),449.0,,3.0,
Car 76,,,,,2,switch,,"Charger 2 (fid=17) not available, trying Charger 0 (fid=1)",449.1569963427666,0,,
Car 31,,,,5,,arrived,,arrived,450.0,,,
Car 434,,,,,2,switch,,"Charger 2 (fid=17) not available, trying Charger 3 (fid=19)",450.0,3,,
Car 618,,,,,2,switch,,"Charger 2 (fid=17) not available, trying Charger 3 (fid=19)",450.0,3,,
Car 235,,,,,,gave_up,1,"no alternate charger available, gave up",450.09547603320414,,,
Car 84,,,,,2,switch,,"Charger 2 (fid=17) not available, trying Charger 1 (fid=7)",451.169044184126,1,,
Car 473,,,,,,gave_up,3,"no alternate charger available, gave up",451.2131687916495,,,
Car 228,,,,,,gave_up,1,"no alternate charger available, gave up",451.27126465032296,,,
Car 336,,,,,,gave_up,1,"no alternate charger available, gave up",451.27126465032296,,,
Car 64,,,,,2,switch,,"Charger 2 (fid=17) not available, trying Charger 0 (fid=1)",452.1569963427666,0,,
Car 31,,,,,2,switch,,"Charger 2 (fid=17) not available, trying Charger 3 (fid=19)",455.0,3,,
Car 418,,,,37,,arrived,,arrived,456.0,,,
Car 248,61.0,17,2,,,done,,done charging,456.11426830755636,,,356.2131919076099
Car 418,,17,2,,,start_charge,,starting to charge at Charger 2 (fid=17),456.11426830755636,,0.1142683075563582,
Car 635,,,,,,gave_up,3,"no alternate charger available, gave up",456.1553923431383,,,
Car 434,,,,,3,switch,,"Charger 3 (fid=19) not available, trying Charger 0 (fid=1)",456.1569963427666,0,,
Car 618,,,,,3,switch,,"Charger 3 (fid=19) not available, trying Charger 0 (fid=1)",456.1569963427666,0,,
Car 190,,,,,0,switch,,"Charger 0 (fid=1) not available, trying Charger 3 (fid=19)",456.169044184126,3,,
Car 76,,,,,0,switch,,"Charger 0 (fid=1) not available, trying Charger 1 (fid=7)",456.3260405268926,1,,
Car 524,,,,,,gave_up,3,"no alternate charger available, gave up",457.1553923431383,,,
Car 700,,,,11,,arrived,,arrived,458.0,,,
Car 525,,,,35,,arrived,,arrived,459.0,,,
Car 84,,,,,1,switch,,"Charger 1 (fid=7) not available, trying Charger 3 (fid=19)",459.2799925095785,3,,
Car 64,,,,,0,switch,,"Charger 0 (fid=1) not available, trying Charger 1 (fid=7)",459.3260405268926,1,,
Car 504,,,,77,,arrived,,arrived,460.0,,,
Car 401,85.0,7,1,,,done,,done charging,460.2712646503229,,,293.47394466290166
Car 76,,7,1,,,start_charge,,starting to charge at Charger 1 (fid=7),460.2712646503229,,17.999999999999943,
Car 225,,,,33,,arrived,,arrived,461.0,,,
Car 31,,,,,3,switch,,"Charger 3 (fid=19) not available, trying Charger 0 (fid=1)",461.1569963427666,0,,
Car 543,90.0,1,0,,,done,,done charging,461.9452241234304,,,229.21109666419156
Car 434,,1,0,,,start_charge,,starting to charge at Charger 0 (fid=1),461.9452241234304,,12.79497221365665,
Car 212,,,,18,,arrived,,arrived,462.0,,,
Car 444,,,,35,,arrived,,arrived,462.0,,,
Car 629,,,,22,,arrived,,arrived,462.0,,,
Car 460,111.0,7,1,,,done,,done charging,462.2712646503229,,,118.72914267356212
Car 64,,7,1,,,start_charge,,starting to charge at Charger 1 (fid=7),462.2712646503229,,16.999999999999943,
Car 106,,,,58,,arrived,,arrived,463.0,,,
Car 538,113.0,7,1,,,done,,done charging,463.0,,,563.7420640629956
Car 700,,,,,2,switch,,"Charger 2 (fid=17) not available, trying Charger 3 (fid=19)",463.0,3,,
Car 106,,7,1,,,start_charge,,starting to charge at Charger 1 (fid=7),463.0,,0.0,
Car 525,,,,,2,switch,,"Charger 2 (fid=17) not available, trying Charger 3 (fid=19)",464.0,3,,
Car 618,,,,,0,switch,,"Charger 0 (fid=1) not available, trying Charger 1 (fid=7)",464.1502519097738,1,,
Car 190,,,,,3,switch,,"Charger 3 (fid=19) not available, trying Charger 1 (fid=7)",464.16229975113316,1,,
Car 504,,,,,0,switch,,"Charger 0 (fid=1) not available, trying Charger 2 (fid=17)",465.0,2,,
Car 225,,,,,2,switch,,"Charger 2 (fid=17) not available, trying Charger 3 (fid=19)",466.0,3,,
Car 212,,,,,3,switch,,"Charger 3 (fid=19) not available, trying Charger 2 (fid=17)",467.0,2,,
Car 444,,,,,2,switch,,"Charger 2 (fid=17) not available, trying Charger 3 (fid=19)",467.0,3,,
Car 629,,,,,3,switch,,"Charger 3 (fid=19) not available, trying Charger 2 (fid=17)",467.0,2,,
Car 88,,,,54,,arrived,,arrived,468.0,,,
Car 733,,,,38,,arrived,,arrived,468.0,,,
Car 84,,,,,,gave_up,3,"no alternate charger available, gave up",468.1553923431383,,,
Car 67,,,,73,,arrived,,arrived,469.0,,,
Car 417,45.0,7,1,,,done,,done charging,469.0,,,434.3320165034798
Car 618,,7,1,,,start_charge,,starting to charge at Charger 1 (fid=7),469.0,,18.904523966795864,
Car 31,,,,,0,switch,,"Charger 0 (fid=1) not available, trying Charger 1 (fid=7)",469.1502519097738,1,,
Car 700,,,,,3,switch,,"Charger 3 (fid=19) not available, trying Charger 0 (fid=1)",469.1569963427666,0,,
Car 525,,,,,3,switch,,"Charger 3 (fid=19) not available, trying Charger 0 (fid=1)",470.1569963427666,0,,
Car 378,,,,4,,arrived,,arrived,472.0,,,
Car 684,,,,10,,arrived,,arrived,472.0,,,
Car 225,,,,,3,switch,,"Charger 3 (fid=19) not available, trying Charger 0 (fid=1)",472.1569963427666,0,,
Car 504,,,,,2,switch,,"Charger 2 (fid=17) not available, trying Charger 1 (fid=7)",472.169044184126,1,,
Car 88,,,,,2,switch,,"Charger 2 (fid=17) not available, trying Charger 3 (fid=19)",473.0,3,,
Car 733,,,,,2,switch,,"Charger 2 (fid=17) not available, trying Charger 3 (fid=19)",473.0,3,,
Car 190,,,,,,gave_up,1,"no alternate charger available, gave up",473.037699584693,,,
Car 212,,,,,2,switch,,"Charger 2 (fid=17) not available, trying Charger 0 (fid=1)",473.1569963427666,0,,
Car 444,,,,,3,switch,,"Charger 3 (fid=19) not available, trying Charger 0 (fid=1)",473.1569963427666,0,,
Car 629,,,,,2,switch,,"Charger 2 (fid=17) not available, trying Charger 0 (fid=1)",473.1569963427666,0,,
Car 67,,,,,2,switch,,"Charger 2 (fid=17) not available, trying Charger 3 (fid=19)",474.0,3,,
Car 328,,,,54,,arrived,,arrived,475.0,,,
Car 31,,,,,,gave_up,1,"no alternate charger available, gave up",475.09547603320414,,,
Car 300,,,,9,,arrived,,arrived,476.0,,,
Car 659,,,,54,,arrived,,arrived,477.0,,,
Car 378,,,,,0,switch,,"Charger 0 (fid=1) not available, trying Charger 2 (fid=17)",477.0,2,,
Car 684,,,,,2,switch,,"Charger 2 (fid=17) not available, trying Charger 3 (fid=19)",477.0,3,,
Car 700,,,,,0,switch,,"Charger 0 (fid=1) not available, trying Charger 1 (fid=7)",477.1502519097738,1,,
Car 369,,,,16,,arrived,,arrived,478.0,,,
Car 525,,,,,0,switch,,"Charger 0 (fid=1) not available, trying Charger 1 (fid=7)",478.1502519097738,1,,
Car 529,,,,7,,arrived,,arrived,479.0,,,
Car 88,,,,,3,switch,,"Charger 3 (fid=19) not available, trying Charger 0 (fid=1)",479.1569963427666,0,,
Car 733,,,,,3,switch,,"Charger 3 (fid=19) not available, trying Charger 0 (fid=1)",479.1569963427666,0,,
Car 648,57.0,1,0,,,done,,done charging,479.169044184126,,,265.66932660166555
Car 225,,1,0,,,start_charge,,starting to charge at Charger 0 (fid=1),479.169044184126,,14.018792274352222,
Car 290,,,,19,,arrived,,arrived,480.0,,,
Car 586,,,,8,,arrived,,arrived,480.0,,,
Car 328,,,,,2,switch,,"Charger 2 (fid=17) not available, trying Charger 3 (fid=19)",480.0,3,,
Car 67,,,,,3,switch,,"Charger 3 (fid=19) not available, trying Charger 0 (fid=1)",480.1569963427666,0,,
Car 504,,,,,1,switch,,"Charger 1 (fid=7) not available, trying Charger 3 (fid=19)",480.2799925095785,3,,
Car 212,,,,,0,switch,,"Charger 0 (fid=1) not available, trying Charger 1 (fid=7)",480.3260405268926,1,,
Car 629,,,,,0,switch,,"Charger 0 (fid=1) not available, trying Charger 1 (fid=7)",480.3260405268926,1,,
Car 32,,,,45,,arrived,,arrived,481.0,,,
Car 300,,,,,2,switch,,"Charger 2 (fid=17) not available, trying Charger 0 (fid=1)",481.0,0,,
Car 444,,,,,0,switch,,"Charger 0 (fid=1) not available, trying Charger 1 (fid=7)",481.1502519097738,1,,
Car 400,,,,37,,arrived,,arrived,482.0,,,
Car 659,,,,,2,switch,,"Charger 2 (fid=17) not available, trying Charger 3 (fid=19)",482.0,3,,
Car 369,,,,,2,switch,,"Charger 2 (fid=17) not available, trying Charger 3 (fid=19)",483.0,3,,
Car 700,,,,,,gave_up,1,"no alternate charger available, gave up",483.09547603320414,,,
Car 684,,,,,3,switch,,"Charger 3 (fid=19) not available, trying Charger 0 (fid=1)",483.1569963427666,0,,
Car 529,,,,,1,switch,,"Charger 1 (fid=7) not available, trying Charger 0 (fid=1)",484.0,0,,
Car 525,,,,,,gave_up,1,"no alternate charger available, gave up",484.09547603320414,,,
Car 378,,,,,2,switch,,"Charger 2 (fid=17) not available, trying Charger 1 (fid=7)",484.169044184126,1,,
Car 290,,,,,3,switch,,"Charger 3 (fid=19) not available, trying Charger 2 (fid=17)",485.0,2,,
Car 586,,,,,2,switch,,"Charger 2 (fid=17) not available, trying Charger 3 (fid=19)",485.0,3,,
Car 756,,,,88,,arrived,,arrived,486.0,,,
Car 32,,,,,2,switch,,"Charger 2 (fid=17) not available, trying Charger 0 (fid=1)",486.0,0,,
Car 328,,,,,3,switch,,"Charger 3 (fid=19) not available, trying Charger 0 (fid=1)",486.1569963427666,0,,
Car 212,,,,,,gave_up,1,"no alternate charger available, gave up",486.27126465032296,,,
Car 629,,,,,,gave_up,1,"no alternate charger available, gave up",486.27126465032296,,,
Car 560,,,,24,,arrived,,arrived,487.0,,,
Car 400,,,,,2,switch,,"Charger 2 (fid=17) not available, trying Charger 3 (fid=19)",487.0,3,,
Car 444,,,,,,gave_up,1,"no alternate charger available, gave up",487.09547603320414,,,
Car 88,,,,,0,switch,,"Charger 0 (fid=1) not available, trying Charger 1 (fid=7)",487.1502519097738,1,,
Car 733,,,,,0,switch,,"Charger 0 (fid=1) not available, trying Charger 1 (fid=7)",487.1502519097738,1,,
Car 67,,,,,0,switch,,"Charger 0 (fid=1) not available, trying Charger 1 (fid=7)",488.1502519097738,1,,
Car 659,,,,,3,switch,,"Charger 3 (fid=19) not available, trying Charger 0 (fid=1)",488.1569963427666,0,,
Car 300,,,,,0,switch,,"Charger 0 (fid=1) not available, trying Charger 3 (fid=19)",488.169044184126,3,,
Car 504,,,,,,gave_up,3,"no alternate charger available, gave up",489.1553923431383,,,
Car 369,,,,,3,switch,,"Charger 3 (fid=19) not available, trying Charger 0 (fid=1)",489.1569963427666,0,,
Car 529,,,,,0,switch,,"Charger 0 (fid=1) not available, trying Charger 2 (fid=17)",489.94522412343036,2,,
Car 391,,,,7,,arrived,,arrived,490.0,,,
Car 756,,,,,1,switch,,"Charger 1 (fid=7) not available, trying Charger 0 (fid=1)",491.0,0,,
Car 684,,,,,0,switch,,"Charger 0 (fid=1) not available, trying Charger 1 (fid=7)",491.1502519097738,1,,
Car 290,,,,,2,switch,,"Charger 2 (fid=17) not available, trying Charger 0 (fid=1)",491.1569963427666,0,,
Car 586,,,,,3,switch,,"Charger 3 (fid=19) not available, trying Charger 0 (fid=1)",491.1569963427666,0,,
Car 560,,,,,3,switch,,"Charger 3 (fid=19) not available, trying Charger 2 (fid=17)",492.0,2,,
Car 378,,,,,1,switch,,"Charger 1 (fid=7) not available, trying Charger 3 (fid=19)",492.2799925095785,3,,
Car 520,,,,56,,arrived,,arrived,493.0,,,
Car 550,,,,19,,arrived,,arrived,493.0,,,
Car 88,,,,,,gave_up,1,"no alternate charger available, gave up",493.09547603320414,,,
Car 733,,,,,,gave_up,1,"no alternate charger available, gave up",493.09547603320414,,,
Car 400,,,,,3,switch,,"Charger 3 (fid=19) not available, trying Charger 0 (fid=1)",493.1569963427666,0,,
Car 32,,,,,0,switch,,"Charger 0 (fid=1) not available, trying Charger 3 (fid=19)",493.169044184126,3,,
Car 255,91.0,19,3,,,done,,done charging,494.0,,,29.308468349617982
Car 300,,19,3,,,start_charge,,starting to charge at Charger 3 (fid=19),494.0,,12.837700248866838,
Car 67,,,,,,gave_up,1,"no alternate charger available, gave up",494.09547603320414,,,
Car 328,,,,,0,switch,,"Charger 0 (fid=1) not available, trying Charger 1 (fid=7)",494.1502519097738,1,,
Car 579,,,,21,,arrived,,arrived,495.0,,,
Car 391,,,,,1,switch,,"Charger 1 (fid=7) not available, trying Charger 0 (fid=1)",495.0,0,,
Car 642,,,,52,,arrived,,arrived,496.0,,,
Car 659,,,,,0,switch,,"Charger 0 (fid=1) not available, trying Charger 1 (fid=7)",496.1502519097738,1,,
Car 756,,,,,0,switch,,"Charger 0 (fid=1) not available, trying Charger 2 (fid=17)",496.94522412343036,2,,
Car 684,,,,,,gave_up,1,"no alternate charger available, gave up",497.09547603320414,,,
Car 529,,,,,2,switch,,"Charger 2 (fid=17) not available, trying Charger 3 (fid=19)",497.11426830755636,3,,
Car 369,,,,,0,switch,,"Charger 0 (fid=1) not available, trying Charger 1 (fid=7)",497.1502519097738,1,,
Car 251,,,,8,,arrived,,arrived,498.0,,,
Car 743,,,,52,,arrived,,arrived,498.0,,,
Car 520,,,,,3,switch,,"Charger 3 (fid=19) not available, trying Charger 2 (fid=17)",498.0,2,,
Car 550,,,,,3,switch,,"Charger 3 (fid=19) not available, trying Charger 2 (fid=17)",498.0,2,,
Car 560,,,,,2,switch,,"Charger 2 (fid=17) not available, trying Charger 0 (fid=1)",498.1569963427666,0,,
Car 290,,,,,0,switch,,"Charger 0 (fid=1) not available, trying Charger 1 (fid=7)",498.3260405268926,1,,
Car 586,,,,,0,switch,,"Charger 0 (fid=1) not available, trying Charger 1 (fid=7)",499.1502519097738,1,,
Car 389,,,,84,,arrived,,arrived,500.0,,,
Car 579,,,,,0,switch,,"Charger 0 (fid=1) not available, trying Charger 1 (fid=7)",500.0,1,,
Car 328,,,,,,gave_up,1,"no alternate charger available, gave up",500.09547603320414,,,
Car 391,,,,,0,switch,,"Charger 0 (fid=1) not available, trying Charger 2 (fid=17)",500.94522412343036,2,,
Car 642,,,,,1,switch,,"Charger 1 (fid=7) not available, trying Charger 0 (fid=1)",501.0,0,,
Car 400,,,,,0,switch,,"Charger 0 (fid=1) not available, trying Charger 1 (fid=7)",501.1502519097738,1,,
Car 378,,,,,,gave_up,3,"no alternate charger available, gave up",501.1553923431383,,,
Car 32,,,,,3,switch,,"Charger 3 (fid=19) not available, trying Charger 1 (fid=7)",501.16229975113316,1,,
Car 570,,,,63,,arrived,,arrived,502.0,,,
Car 362,53.0,1,0,,,done,,done charging,502.0,,,0.0
Car 560,,1,0,,,start_charge,,starting to charge at Charger 0 (fid=1),502.0,,11.673959473107402,
Car 659,,,,,,gave_up,1,"no alternate charger available, gave up",502.09547603320414,,,
Car 251,,,,,2,switch,,"Charger 2 (fid=17) not available, trying Charger 3 (fid=19)",503.0,3,,
Car 743,,,,,1,switch,,"Charger 1 (fid=7) not available, trying Charger 0 (fid=1)",503.0,0,,
Car 369,,,,,,gave_up,1,"no alternate charger available, gave up",503.09547603320414,,,
Car 529,,,,,,gave_up,3,"no alternate charger available, gave up",503.27126465032296,,,
Car 89,,,,42,,arrived,,arrived,504.0,,,
Car 756,,,,,2,switch,,"Charger 2 (fid=17) not available, trying Charger 3 (fid=19)",504.11426830755636,3,,
Car 520,,,,,2,switch,,"Charger 2 (fid=17) not available, trying Charger 0 (fid=1)",504.1569963427666,0,,
Car 550,,,,,2,switch,,"Charger 2 (fid=17) not available, trying Charger 0 (fid=1)",504.1569963427666,0,,
Car 290,,,,,,gave_up,1,"no alternate charger available, gave up",504.27126465032296,,,
Car 694,,,,67,,arrived,,arrived,505.0,,,
Car 389,,,,,1,switch,,"Charger 1 (fid=7) not available, trying Charger 0 (fid=1)",505.0,0,,
Car 586,,,,,,gave_up,1,"no alternate charger available, gave up",505.09547603320414,,,
Car 579,,,,,1,switch,,"Charger 1 (fid=7) not available, trying Charger 2 (fid=17)",505.94522412343036,2,,
Car 642,,,,,0,switch,,"Charger 0 (fid=1) not available, trying Charger 2 (fid=17)",506.94522412343036,2,,
Car 570,,,,,2,switch,,"Charger 2 (fid=17) not available, trying Charger 3 (fid=19)",507.0,3,,
Car 400,,,,,,gave_up,1,"no alternate charger available, gave up",507.09547603320414,,,
Car 172,,,,37,,arrived,,arrived,508.0,,,
Car 670,,,,63,,arrived,,arrived,508.0,,,
Car 730,,,,87,,arrived,,arrived,508.0,,,
Car 391,,,,,2,switch,,"Charger 2 (fid=17) not available, trying Charger 3 (fid=19)",508.11426830755636,3,,
Car 743,,,,,0,switch,,"Charger 0 (fid=1) not available, trying Charger 2 (fid=17)",508.94522412343036,2,,
Car 434,47.0,1,0,,,done,,done charging,508.9452241234304,,,187.64360018130802
Car 389,,1,0,,,start_charge,,starting to charge at Charger 0 (fid=1),508.9452241234304,,8.000000000000057,
Car 89,,,,,3,switch,,"Charger 3 (fid=19) not available, trying Charger 2 (fid=17)",509.0,2,,
Car 251,,,,,3,switch,,"Charger 3 (fid=19) not available, trying Charger 0 (fid=1)",509.1569963427666,0,,
Car 694,,,,,3,switch,,"Charger 3 (fid=19) not available, trying Charger 2 (fid=17)",510.0,2,,
Car 32,,,,,,gave_up,1,"no alternate charger available, gave up",510.037699584693,,,
Car 756,,,,,,gave_up,3,"no alternate charger available, gave up",510.27126465032296,,,
Car 661,,,,67,,arrived,,arrived,511.0,,,
Car 669,,,,37,,arrived,,arrived,511.0,,,
Car 76,51.0,7,1,,,done,,done charging,511.2712646503229,,,412.98391377871906
Car 730,,7,1,,,start_charge,,starting to charge at Charger 1 (fid=7),511.2712646503229,,3.2712646503229053,
Car 520,,,,,0,switch,,"Charger 0 (fid=1) not available, trying Charger 1 (fid=7)",511.3260405268926,1,,
Car 550,,,,,0,switch,,"Charger 0 (fid=1) not available, trying Charger 1 (fid=7)",511.3260405268926,1,,
Car 132,,,,56,,arrived,,arrived,512.0,,,
Car 172,,,,,2,switch,,"Charger 2 (fid=17) not available, trying Charger 3 (fid=19)",513.0,3,,
Car 670,,,,,2,switch,,"Charger 2 (fid=17) not available, trying Charger 3 (fid=19)",513.0,3,,
Car 570,,,,,3,switch,,"Charger 3 (fid=19) not available, trying Charger 0 (fid=1)",513.1569963427667,0,,
Car 426,80.0,1,0,,,done,,done charging,513.3260405268926,,,229.21109666419156
Car 251,,1,0,,,start_charge,,starting to charge at Charger 0 (fid=1),513.3260405268926,,11.175788617118883,
Car 579,,,,,2,switch,,"Charger 2 (fid=17) not available, trying Charger 3 (fid=19)",514.0561724488829,3,,
Car 642,,,,,2,switch,,"Charger 2 (fid=17) not available, trying Charger 3 (fid=19)",514.1142683075564,3,,
Car 391,,,,,,gave_up,3,"no alternate charger available, gave up",514.271264650323,,,
Car 17,,,,77,,arrived,,arrived,515.0,,,
Car 386,,,,75,,arrived,,arrived,515.0,,,
Car 89,,,,,2,switch,,"Charger 2 (fid=17) not available, trying Charger 0 (fid=1)",515.1569963427667,0,,
Car 661,,,,,3,switch,,"Charger 3 (fid=19) not available, trying Charger 2 (fid=17)",516.0,2,,
Car 669,,,,,2,switch,,"Charger 2 (fid=17) not available, trying Charger 3 (fid=19)",516.0,3,,
Car 743,,,,,2,switch,,"Charger 2 (fid=17) not available, trying Charger 3 (fid=19)",516.1142683075564,3,,
Car 694,,,,,2,switch,,"Charger 2 (fid=17) not available, trying Charger 0 (fid=1)",516.1569963427667,0,,
Car 50,,,,63,,arrived,,arrived,517.0,,,
Car 674,,,,4,,arrived,,arrived,517.0,,,
Car 132,,,,,3,switch,,"Charger 3 (fid=19) not available, trying Charger 2 (fid=17)",517.0,2,,
Car 520,,,,,,gave_up,1,"no alternate charger available, gave up",517.271264650323,,,
Car 550,,,,,,gave_up,1,"no alternate charger available, gave up",517.271264650323,,,
Car 68,,,,14,,arrived,,arrived,518.0,,,
Car 418,62.0,17,2,,,done,,done charging,518.1142683075564,,,186.2728267085428
Car 50,,17,2,,,start_charge,,starting to charge at Charger 2 (fid=17),518.1142683075564,,1.1142683075563582,
Car 161,,,,66,,arrived,,arrived,519.0,,,
Car 172,,,,,3,switch,,"Charger 3 (fid=19) not available, trying Charger 0 (fid=1)",519.1569963427665,0,,
Car 670,,,,,3,switch,,"Charger 3 (fid=19) not available, trying Charger 0 (fid=1)",519.1569963427665,0,,
Car 17,,,,,0,switch,,"Charger 0 (fid=1) not available, trying Charger 2 (fid=17)",520.0,2,,
Car 386,,,,,1,switch,,"Charger 1 (fid=7) not available, trying Charger 0 (fid=1)",520.0,0,,
Car 579,,,,,,gave_up,3,"no alternate charger available, gave up",520.2131687916494,,,
Car 642,,,,,,gave_up,3,"no alternate charger available, gave up",520.2712646503229,,,
Car 239,,,,73,,arrived,,arrived,521.0,,,
Car 570,,,,,0,switch,,"Charger 0 (fid=1) not available, trying Charger 1 (fid=7)",521.1502519097738,1,,
Car 209,,,,27,,arrived,,arrived,522.0,,,
Car 231,,,,62,,arrived,,arrived,522.0,,,
Car 106,59.0,7,1,,,done,,done charging,522.0,,,118.72914267356212
Car 674,,,,,2,switch,,"Charger 2 (fid=17) not available, trying Charger 3 (fid=19)",522.0,3,,
Car 570,,7,1,,,start_charge,,starting to charge at Charger 1 (fid=7),522.0954760332042,,15.000000000000057,
Car 661,,,,,2,switch,,"Charger 2 (fid=17) not available, trying Charger 0 (fid=1)",522.1569963427665,0,,
Car 669,,,,,3,switch,,"Charger 3 (fid=19) not available, trying Charger 0 (fid=1)",522.1569963427665,0,,
Car 743,,,,,,gave_up,3,"no alternate charger available, gave up",522.2712646503229,,,
Car 89,,,,,0,switch,,"Charger 0 (fid=1) not available, trying Charger 1 (fid=7)",522.3260405268927,1,,
Car 333,,,,73,,arrived,,arrived,523.0,,,
Car 68,,,,,2,switch,,"Charger 2 (fid=17) not available, trying Charger 3 (fid=19)",523.0,3,,
Car 132,,,,,2,switch,,"Charger 2 (fid=17) not available, trying Charger 0 (fid=1)",523.1569963427665,0,,
Car 694,,,,,0,switch,,"Charger 0 (fid=1) not available, trying Charger 1 (fid=7)",523.3260405268927,1,,
Car 90,,,,18,,arrived,,arrived,524.0,,,
Car 161,,,,,2,switch,,"Charger 2 (fid=17) not available, trying Charger 0 (fid=1)",524.0,0,,
Car 386,,,,,0,switch,,"Charger 0 (fid=1) not available, trying Charger 2 (fid=17)",525.9452241234304,2,,
Car 688,84.0,17,2,,,done,,done charging,526.0,,,92.64731686345067
Car 239,,,,,2,switch,,"Charger 2 (fid=17) not available, trying Charger 3 (fid=19)",526.0,3,,
Car 632,,,,13,,arrived,,arrived,527.0,,,
Car 209,,,,,3,switch,,"Charger 3 (fid=19) not available, trying Charger 2 (fid=17)",527.0,2,,
Car 231,,,,,2,switch,,"Charger 2 (fid=17) not available, trying Charger 0 (fid=1)",527.0,0,,
Car 172,,,,,0,switch,,"Charger 0 (fid=1) not available, trying Charger 1 (fid=7)",527.1502519097737,1,,
Car 670,,,,,0,switch,,"Charger 0 (fid=1) not available, trying Charger 1 (fid=7)",527.1502519097737,1,,
Car 17,,,,,2,switch,,"Charger 2 (fid=17) not available, trying Charger 1 (fid=7)",527.169044184126,1,,
Car 61,,,,27,,arrived,,arrived,528.0,,,
Car 679,94.0,17,2,,,done,,done charging,528.0,,,41.381228703346416
Car 333,,,,,2,switch,,"Charger 2 (fid=17) not available, trying Charger 3 (fid=19)",528.0,3,,
Car 674,,,,,3,switch,,"Charger 3 (fid=19) not available, trying Charger 0 (fid=1)",528.1569963427665,0,,
Car 204,94.0,19,3,,,done,,done charging,528.1622997511331,,,314.6871510182571
Car 90,,19,3,,,start_charge,,starting to charge at Charger 3 (fid=19),528.1622997511331,,4.162299751133105,
Car 89,,,,,,gave_up,1,"no alternate charger available, gave up",528.2712646503231,,,
Car 68,,,,,3,switch,,"Charger 3 (fid=19) not available, trying Charger 0 (fid=1)",529.1569963427665,0,,
Car 694,,,,,,gave_up,1,"no alternate charger available, gave up",529.2712646503231,,,
Car 661,,,,,0,switch,,"Charger 0 (fid=1) not available, trying Charger 1 (fid=7)",529.3260405268926,1,,
Car 669,,,,,0,switch,,"Charger 0 (fid=1) not available, trying Charger 1 (fid=7)",530.1502519097737,1,,
Car 132,,,,,0,switch,,"Charger 0 (fid=1) not available, trying Charger 1 (fid=7)",530.3260405268926,1,,
Car 161,,,,,0,switch,,"Charger 0 (fid=1) not available, trying Charger 3 (fid=19)",531.169044184126,3,,
Car 59,,,,37,,arrived,,arrived,532.0,,,
Car 283,,,,61,,arrived,,arrived,532.0,,,
Car 731,,,,27,,arrived,,arrived,532.0,,,
Car 632,,,,,3,switch,,"Charger 3 (fid=19) not available, trying Charger 2 (fid=17)",532.0,2,,
Car 239,,,,,3,switch,,"Charger 3 (fid=19) not available, trying Charger 0 (fid=1)",532.1569963427665,0,,
Car 61,,,,,3,switch,,"Charger 3 (fid=19) not available, trying Charger 2 (fid=17)",533.0,2,,
Car 172,,,,,,gave_up,1,"no alternate charger available, gave up",533.0954760332041,,,
Car 670,,,,,,gave_up,1,"no alternate charger available, gave up",533.0954760332041,,,
Car 386,,,,,2,switch,,"Charger 2 (fid=17) not available, trying Charger 3 (fid=19)",533.1142683075565,3,,
Car 209,,,,,2,switch,,"Charger 2 (fid=17) not available, trying Charger 0 (fid=1)",533.1569963427665,0,,
Car 333,,,,,3,switch,,"Charger 3 (fid=19) not available, trying Charger 0 (fid=1)",534.1569963427665,0,,
Car 231,,,,,0,switch,,"Charger 0 (fid=1) not available, trying Charger 3 (fid=19)",534.169044184126,3,,
Car 661,,,,,,gave_up,1,"no alternate charger available, gave up",535.271264650323,,,
Car 17,,,,,1,switch,,"Charger 1 (fid=7) not available, trying Charger 3 (fid=19)",535.2799925095785,3,,
Car 133,,,,50,,arrived,,arrived,536.0,,,
Car 669,,,,,,gave_up,1,"no alternate charger available, gave up",536.0954760332041,,,
Car 674,,,,,0,switch,,"Charger 0 (fid=1) not available, trying Charger 1 (fid=7)",536.1502519097737,1,,
Car 132,,,,,,gave_up,1,"no alternate charger available, gave up",536.271264650323,,,
Car 59,,,,,2,switch,,"Charger 2 (fid=17) not available, trying Charger 3 (fid=19)",537.0,3,,
Car 283,,,,,2,switch,,"Charger 2 (fid=17) not available, trying Charger 0 (fid=1)",537.0,0,,
Car 731,,,,,3,switch,,"Charger 3 (fid=19) not available, trying Charger 2 (fid=17)",537.0,2,,
Car 68,,,,,0,switch,,"Charger 0 (fid=1) not available, trying Charger 1 (fid=7)",537.1502519097737,1,,
Car 632,,,,,2,switch,,"Charger 2 (fid=17) not available, trying Charger 0 (fid=1)",538.1569963427665,0,,
Car 61,,,,,2,switch,,"Charger 2 (fid=17) not available, trying Charger 0 (fid=1)",539.1569963427665,0,,
Car 161,,,,,3,switch,,"Charger 3 (fid=19) not available, trying Charger 1 (fid=7)",539.1622997511332,1,,
Car 386,,,,,,gave_up,3,"no alternate charger available, gave up",539.271264650323,,,
Car 239,,,,,0,switch,,"Charger 0 (fid=1) not available, trying Charger 1 (fid=7)",540.1502519097737,1,,
Car 209,,,,,0,switch,,"Charger 0 (fid=1) not available, trying Charger 1 (fid=7)",540.3260405268926,1,,
Car 133,,,,,0,switch,,"Charger 0 (fid=1) not available, trying Charger 1 (fid=7)",541.0,1,,
Car 674,,,,,,gave_up,1,"no alternate charger available, gave up",542.0954760332041,,,
Car 333,,,,,0,switch,,"Charger 0 (fid=1) not available, trying Charger 1 (fid=7)",542.1502519097737,1,,
Car 231,,,,,3,switch,,"Charger 3 (fid=19) not available, trying Charger 1 (fid=7)",542.1622997511332,1,,
Car 74,,,,68,,arrived,,arrived,543.0,,,
Car 285,,,,74,,arrived,,arrived,543.0,,,
Car 618,74.0,7,1,,,done,,done charging,543.0,,,434.3320165034798
Car 68,,7,1,,,start_charge,,starting to charge at Charger 1 (fid=7),543.0,,19.904523966795864,
Car 59,,,,,3,switch,,"Charger 3 (fid=19) not available, trying Charger 0 (fid=1)",543.1569963427665,0,,
Car 731,,,,,2,switch,,"Charger 2 (fid=17) not available, trying Charger 0 (fid=1)",543.1569963427665,0,,
Car 690,,,,32,,arrived,,arrived,544.0,,,
Car 17,,,,,,gave_up,3,"no alternate charger available, gave up",544.1553923431383,,,
Car 283,,,,,0,switch,,"Charger 0 (fid=1) not available, trying Charger 1 (fid=7)",544.169044184126,1,,
Car 632,,,,,0,switch,,"Charger 0 (fid=1) not available, trying Charger 1 (fid=7)",545.3260405268926,1,,
Car 95,,,,52,,arrived,,arrived,546.0,,,
Car 620,,,,62,,arrived,,arrived,546.0,,,
Car 239,,,,,,gave_up,1,"no alternate charger available, gave up",546.0954760332041,,,
Car 225,67.0,1,0,,,done,,done charging,546.169044184126,,,207.9051544839849
Car 61,,1,0,,,start_charge,,starting to charge at Charger 0 (fid=1),546.169044184126,,14.843003657233453,
Car 209,,,,,,gave_up,1,"no alternate charger available, gave up",546.271264650323,,,
Car 133,,,,,1,switch,,"Charger 1 (fid=7) not available, trying Charger 2 (fid=17)",546.9452241234304,2,,
Car 86,,,,6,,arrived,,arrived,547.0,,,
Car 680,102.0,1,0,,,done,,done charging,547.9452241234303,,,214.70989851421444
Car 731,,1,0,,,start_charge,,starting to charge at Charger 0 (fid=1),547.9452241234303,,12.61918359653771,
Car 74,,,,,3,switch,,"Charger 3 (fid=19) not available, trying Charger 2 (fid=17)",548.0,2,,
Car 285,,,,,1,switch,,"Charger 1 (fid=7) not available, trying Charger 0 (fid=1)",548.0,0,,
Car 161,,,,,,gave_up,1,"no alternate charger available, gave up",548.037699584693,,,
Car 333,,,,,,gave_up,1,"no alternate charger available, gave up",548.0954760332041,,,
Car 323,,,,67,,arrived,,arrived,549.0,,,
Car 690,,,,,2,switch,,"Charger 2 (fid=17) not available, trying Charger 3 (fid=19)",549.0,3,,
Car 591,,,,21,,arrived,,arrived,550.0,,,
Car 593,,,,54,,arrived,,arrived,550.0,,,
Car 283,,,,,1,switch,,"Charger 1 (fid=7) not available, trying Charger 3 (fid=19)",550.1142683075565,3,,
Car 112,,,,61,,arrived,,arrived,551.0,,,
Car 95,,,,,1,switch,,"Charger 1 (fid=7) not available, trying Charger 0 (fid=1)",551.0,0,,
Car 620,,,,,2,switch,,"Charger 2 (fid=17) not available, trying Charger 0 (fid=1)",551.0,0,,
Car 231,,,,,,gave_up,1,"no alternate charger available, gave up",551.037699584693,,,
Car 59,,,,,0,switch,,"Charger 0 (fid=1) not available, trying Charger 1 (fid=7)",551.1502519097737,1,,
Car 632,,,,,,gave_up,1,"no alternate charger available, gave up",551.271264650323,,,
Car 145,,,,33,,arrived,,arrived,552.0,,,
Car 86,,,,,2,switch,,"Charger 2 (fid=17) not available, trying Charger 0 (fid=1)",552.0,0,,
Car 285,,,,,0,switch,,"Charger 0 (fid=1) not available, trying Charger 2 (fid=17)",553.9452241234304,2,,
Car 323,,,,,3,switch,,"Charger 3 (fid=19) not available, trying Charger 2 (fid=17)",554.0,2,,
Car 74,,,,,2,switch,,"Charger 2 (fid=17) not available, trying Charger 0 (fid=1)",554.1569963427665,0,,
Car 591,,,,,0,switch,,"Charger 0 (fid=1) not available, trying Charger 1 (fid=7)",555.0,1,,
Car 593,,,,,2,switch,,"Charger 2 (fid=17) not available, trying Charger 3 (fid=19)",555.0,3,,
Car 133,,,,,2,switch,,"Charger 2 (fid=17) not available, trying Charger 3 (fid=19)",555.0561724488829,3,,
Car 690,,,,,3,switch,,"Charger 3 (fid=19) not available, trying Charger 0 (fid=1)",555.1569963427665,0,,
Car 559,115.0,7,1,,,done,,done charging,555.271264650323,,,309.1902174455046
Car 59,,7,1,,,start_charge,,starting to charge at Charger 1 (fid=7),555.271264650323,,18.175788617118883,
Car 112,,,,,2,switch,,"Charger 2 (fid=17) not available, trying Charger 0 (fid=1)",556.0,0,,
Car 95,,,,,0,switch,,"Charger 0 (fid=1) not available, trying Charger 2 (fid=17)",556.9452241234304,2,,
Car 145,,,,,2,switch,,"Charger 2 (fid=17) not available, trying Charger 3 (fid=19)",557.0,3,,
Car 620,,,,,0,switch,,"Charger 0 (fid=1) not available, trying Charger 3 (fid=19)",558.169044184126,3,,
Car 283,,,,,,gave_up,3,"no alternate charger available, gave up",558.9896681411162,,,
Car 86,,,,,0,switch,,"Charger 0 (fid=1) not available, trying Charger 3 (fid=19)",559.169044184126,3,,
Car 245,,,,76,,arrived,,arrived,560.0,,,
Car 323,,,,,2,switch,,"Charger 2 (fid=17) not available, trying Charger 0 (fid=1)",560.1569963427665,0,,
Car 591,,,,,1,switch,,"Charger 1 (fid=7) not available, trying Charger 2 (fid=17)",560.9452241234304,2,,
Car 285,,,,,2,switch,,"Charger 2 (fid=17) not available, trying Charger 3 (fid=19)",561.1142683075565,3,,
Car 593,,,,,3,switch,,"Charger 3 (fid=19) not available, trying Charger 0 (fid=1)",561.1569963427665,0,,
Car 133,,,,,,gave_up,3,"no alternate charger available, gave up",561.2131687916494,,,
Car 74,,,,,0,switch,,"Charger 0 (fid=1) not available, trying Charger 1 (fid=7)",561.3260405268926,1,,
Car 690,,,,,0,switch,,"Charger 0 (fid=1) not available, trying Charger 1 (fid=7)",563.1502519097737,1,,
Car 145,,,,,3,switch,,"Charger 3 (fid=19) not available, trying Charger 0 (fid=1)",563.1569963427665,0,,
Car 112,,,,,0,switch,,"Charger 0 (fid=1) not available, trying Charger 1 (fid=7)",563.169044184126,1,,
Car 300,70.0,19,3,,,done,,done charging,564.0,,,311.1708585279315
Car 620,,19,3,,,start_charge,,starting to charge at Charger 3 (fid=19),564.0,,12.837700248866781,
Car 95,,,,,2,switch,,"Charger 2 (fid=17) not available, trying Charger 3 (fid=19)",564.1142683075565,3,,
Car 560,63.0,1,0,,,done,,done charging,565.0,,,220.28530486169922
Car 245,,,,,1,switch,,"Charger 1 (fid=7) not available, trying Charger 0 (fid=1)",565.0,0,,
Car 323,,1,0,,,start_charge,,starting to charge at Charger 0 (fid=1),565.0,,12.673959473107402,
Car 392,,,,55,,arrived,,arrived,567.0,,,
Car 536,,,,27,,arrived,,arrived,567.0,,,
Car 86,,,,,3,switch,,"Charger 3 (fid=19) not available, trying Charger 1 (fid=7)",567.1622997511332,1,,
Car 285,,,,,,gave_up,3,"no alternate charger available, gave up",567.271264650323,,,
Car 74,,,,,,gave_up,1,"no alternate charger available, gave up",567.271264650323,,,
Car 498,,,,25,,arrived,,arrived,569.0,,,
Car 591,,,,,2,switch,,"Charger 2 (fid=17) not available, trying Charger 3 (fid=19)",569.0561724488829,3,,
Car 690,,,,,,gave_up,1,"no alternate charger available, gave up",569.0954760332041,,,
Car 112,,,,,1,switch,,"Charger 1 (fid=7) not available, trying Charger 3 (fid=19)",569.1142683075565,3,,
Car 593,,,,,0,switch,,"Charger 0 (fid=1) not available, trying Charger 1 (fid=7)",569.1502519097737,1,,
Car 64,107.0,7,1,,,done,,done charging,569.2712646503229,,,313.4586859986404
Car 564,,,,43,,arrived,,arrived,570.0,,,
Car 753,,,,4,,arrived,,arrived,570.0,,,
Car 593,,7,1,,,start_charge,,starting to charge at Charger 1 (fid=7),570.0954760332041,,15.0,
Car 95,,,,,,gave_up,3,"no alternate charger available, gave up",570.271264650323,,,
Car 245,,,,,0,switch,,"Charger 0 (fid=1) not available, trying Charger 2 (fid=17)",570.9452241234304,2,,
Car 210,,,,59,,arrived,,arrived,571.0,,,
Car 145,,,,,0,switch,,"Charger 0 (fid=1) not available, trying Charger 1 (fid=7)",571.1502519097737,1,,
Car 13,,,,51,,arrived,,arrived,572.0,,,
Car 704,,,,37,,arrived,,arrived,572.0,,,
Car 392,,,,,3,switch,,"Charger 3 (fid=19) not available, trying Charger 2 (fid=17)",572.0,2,,
Car 536,,,,,3,switch,,"Charger 3 (fid=19) not available, trying Charger 2 (fid=17)",572.0,2,,
Car 94,,,,51,,arrived,,arrived,573.0,,,
Car 547,,,,5,,arrived,,arrived,573.0,,,
Car 498,,,,,3,switch,,"Charger 3 (fid=19) not available, trying Charger 2 (fid=17)",574.0,2,,
Car 564,,,,,3,switch,,"Charger 3 (fid=19) not available, trying Charger 2 (fid=17)",575.0,2,,
Car 753,,,,,0,switch,,"Charger 0 (fid=1) not available, trying Charger 2 (fid=17)",575.0,2,,
Car 591,,,,,,gave_up,3,"no alternate charger available, gave up",575.2131687916494,,,
Car 210,,,,,1,switch,,"Charger 1 (fid=7) not available, trying Charger 0 (fid=1)",576.0,0,,
Car 86,,,,,,gave_up,1,"no alternate charger available, gave up",576.037699584693,,,
Car 13,,,,,0,switch,,"Charger 0 (fid=1) not available, trying Charger 1 (fid=7)",577.0,1,,
Car 704,,,,,2,switch,,"Charger 2 (fid=17) not available, trying Charger 3 (fid=19)",577.0,3,,
Car 145,,,,,,gave_up,1,"no alternate charger available, gave up",577.0954760332041,,,
Car 112,,,,,,gave_up,3,"no alternate charger available, gave up",577.9896681411162,,,
Car 45,,,,55,,arrived,,arrived,578.0,,,
Car 481,,,,67,,arrived,,arrived,578.0,,,
Car 94,,,,,0,switch,,"Charger 0 (fid=1) not available, trying Charger 1 (fid=7)",578.0,1,,
Car 547,,,,,2,switch,,"Charger 2 (fid=17) not available, trying Charger 3 (fid=19)",578.0,3,,
Car 245,,,,,2,switch,,"Charger 2 (fid=17) not available, trying Charger 3 (fid=19)",578.1142683075565,3,,
Car 392,,,,,2,switch,,"Charger 2 (fid=17) not available, trying Charger 0 (fid=1)",578.1569963427665,0,,
Car 536,,,,,2,switch,,"Charger 2 (fid=17) not available, trying Charger 0 (fid=1)",578.1569963427665,0,,
Car 722,,,,2,,arrived,,arrived,579.0,,,
Car 608,,,,1,,arrived,,arrived,580.0,,,
Car 498,,,,,2,switch,,"Charger 2 (fid=17) not available, trying Charger 0 (fid=1)",580.1569963427665,0,,
Car 655,,,,11,,arrived,,arrived,581.0,,,
Car 564,,,,,2,switch,,"Charger 2 (fid=17) not available, trying Charger 0 (fid=1)",581.1569963427665,0,,
Car 210,,,,,0,switch,,"Charger 0 (fid=1) not available, trying Charger 2 (fid=17)",581.9452241234304,2,,
Car 570,60.0,7,1,,,done,,done charging,582.0954760332042,,,464.8598260336099
Car 13,,7,1,,,start_charge,,starting to charge at Charger 1 (fid=7),582.0954760332042,,9.150251909773829,
Car 753,,,,,2,switch,,"Charger 2 (fid=17) not available, trying Charger 1 (fid=7)",582.169044184126,1,,
Car 45,,,,,3,switch,,"Charger 3 (fid=19) not available, trying Charger 2 (fid=17)",583.0,2,,
Car 481,,,,,3,switch,,"Charger 3 (fid=19) not available, trying Charger 2 (fid=17)",583.0,2,,
Car 50,65.0,17,2,,,done,,done charging,583.1142683075564,,,259.0158400272002
Car 655,,17,2,,,start_charge,,starting to charge at Charger 2 (fid=17),583.1142683075564,,2.114268307556358,
Car 704,,,,,3,switch,,"Charger 3 (fid=19) not available, trying Charger 0 (fid=1)",583.1569963427665,0,,
Car 94,,,,,1,switch,,"Charger 1 (fid=7) not available, trying Charger 2 (fid=17)",583.9452241234304,2,,
Car 722,,,,,1,switch,,"Charger 1 (fid=7) not available, trying Charger 0 (fid=1)",584.0,0,,
Car 547,,,,,3,switch,,"Charger 3 (fid=19) not available, trying Charger 0 (fid=1)",584.1569963427665,0,,
Car 245,,,,,,gave_up,3,"no alternate charger available, gave up",584.271264650323,,,
Car 384,,,,72,,arrived,,arrived,585.0,,,
Car 608,,,,,0,switch,,"Charger 0 (fid=1) not available, trying Charger 1 (fid=7)",585.0,1,,
Car 392,,,,,0,switch,,"Charger 0 (fid=1) not available, trying Charger 1 (fid=7)",585.3260405268926,1,,
Car 536,,,,,0,switch,,"Charger 0 (fid=1) not available, trying Charger 1 (fid=7)",585.3260405268926,1,,
Car 498,,,,,0,switch,,"Charger 0 (fid=1) not available, trying Charger 1 (fid=7)",587.3260405268926,1,,
Car 564,,,,,0,switch,,"Charger 0 (fid=1) not available, trying Charger 1 (fid=7)",588.3260405268926,1,,
Car 210,,,,,2,switch,,"Charger 2 (fid=17) not available, trying Charger 3 (fid=19)",589.1142683075565,3,,
Car 45,,,,,2,switch,,"Charger 2 (fid=17) not available, trying Charger 0 (fid=1)",589.1569963427665,0,,
Car 481,,,,,2,switch,,"Charger 2 (fid=17) not available, trying Charger 0 (fid=1)",589.1569963427665,0,,
Car 90,61.0,19,3,,,done,,done charging,589.1622997511331,,,45.003292524013496
Car 384,,19,3,,,start_charge,,starting to charge at Charger 3 (fid=19),589.1622997511331,,4.162299751133105,
Car 722,,,,,0,switch,,"Charger 0 (fid=1) not available, trying Charger 2 (fid=17)",589.9452241234304,2,,
Car 181,,,,22,,arrived,,arrived,590.0,,,
Car 753,,,,,1,switch,,"Charger 1 (fid=7) not available, trying Charger 3 (fid=19)",590.2799925095785,3,,
Car 608,,,,,1,switch,,"Charger 1 (fid=7) not available, trying Charger 2 (fid=17)",590.9452241234304,2,,
Car 310,,,,25,,arrived,,arrived,591.0,,,
Car 704,,,,,0,switch,,"Charger 0 (fid=1) not available, trying Charger 1 (fid=7)",591.1502519097737,1,,
Car 392,,,,,,gave_up,1,"no alternate charger available, gave up",591.271264650323,,,
Car 536,,,,,,gave_up,1,"no alternate charger available, gave up",591.271264650323,,,
Car 94,,,,,2,switch,,"Charger 2 (fid=17) not available, trying Charger 3 (fid=19)",592.0561724488829,3,,
Car 547,,,,,0,switch,,"Charger 0 (fid=1) not available, trying Charger 1 (fid=7)",592.1502519097737,1,,
Car 512,,,,15,,arrived,,arrived,593.0,,,
Car 498,,,,,,gave_up,1,"no alternate charger available, gave up",593.271264650323,,,
Car 229,,,,78,,arrived,,arrived,594.0,,,
Car 564,,,,,,gave_up,1,"no alternate charger available, gave up",594.271264650323,,,
Car 416,,,,70,,arrived,,arrived,595.0,,,
Car 181,,,,,3,switch,,"Charger 3 (fid=19) not available, trying Charger 2 (fid=17)",595.0,2,,
Car 210,,,,,,gave_up,3,"no alternate charger available, gave up",595.271264650323,,,
Car 3,,,,73,,arrived,,arrived,596.0,,,
Car 310,,,,,3,switch,,"Charger 3 (fid=19) not available, trying Charger 2 (fid=17)",596.0,2,,
Car 45,,,,,0,switch,,"Charger 0 (fid=1) not available, trying Charger 1 (fid=7)",596.3260405268926,1,,
Car 481,,,,,0,switch,,"Charger 0 (fid=1) not available, trying Charger 1 (fid=7)",596.3260405268926,1,,
Car 704,,,,,,gave_up,1,"no alternate charger available, gave up",597.0954760332041,,,
Car 722,,,,,2,switch,,"Charger 2 (fid=17) not available, trying Charger 3 (fid=19)",597.1142683075565,3,,
Car 361,,,,23,,arrived,,arrived,598.0,,,
Car 512,,,,,2,switch,,"Charger 2 (fid=17) not available, trying Charger 3 (fid=19)",598.0,3,,
Car 547,,,,,,gave_up,1,"no alternate charger available, gave up",598.0954760332041,,,
Car 94,,,,,,gave_up,3,"no alternate charger available, gave up",598.2131687916494,,,
Car 229,,,,,2,switch,,"Charger 2 (fid=17) not available, trying Charger 3 (fid=19)",599.0,3,,
Car 608,,,,,2,switch,,"Charger 2 (fid=17) not available, trying Charger 3 (fid=19)",599.0561724488829,3,,
Car 753,,,,,,gave_up,3,"no alternate charger available, gave up",599.1553923431383,,,
Car 416,,,,,3,switch,,"Charger 3 (fid=19) not available, trying Charger 2 (fid=17)",600.0,2,,
Car 68,58.0,7,1,,,done,,done charging,601.0,,,300.32082617093596
Car 3,,,,,2,switch,,"Charger 2 (fid=17) not available, trying Charger 3 (fid=19)",601.0,3,,
Car 45,,7,1,,,start_charge,,starting to charge at Charger 1 (fid=7),601.0,,18.72873534967698,
Car 181,,,,,2,switch,,"Charger 2 (fid=17) not available, trying Charger 0 (fid=1)",601.1569963427665,0,,
Car 251,88.0,1,0,,,done,,done charging,601.3260405268926,,,364.5118355636611
Car 78,,,,68,,arrived,,arrived,602.0,,,
Car 310,,,,,2,switch,,"Charger 2 (fid=17) not available, trying Charger 0 (fid=1)",602.1569963427665,0,,
Car 481,,,,,,gave_up,1,"no alternate charger available, gave up",602.271264650323,,,
Car 361,,,,,3,switch,,"Charger 3 (fid=19) not available, trying Charger 2 (fid=17)",603.0,2,,
Car 722,,,,,,gave_up,3,"no alternate charger available, gave up",603.271264650323,,,
Car 181,,1,0,,,start_charge,,starting to charge at Charger 0 (fid=1),603.3260405268926,,10.0,
Car 512,,,,,3,switch,,"Charger 3 (fid=19) not available, trying Charger 0 (fid=1)",604.1569963427665,0,,
Car 229,,,,,3,switch,,"Charger 3 (fid=19) not available, trying Charger 0 (fid=1)",605.1569963427665,0,,
Car 608,,,,,,gave_up,3,"no alternate charger available, gave up",605.2131687916494,,,
Car 416,,,,,2,switch,,"Charger 2 (fid=17) not available, trying Charger 0 (fid=1)",606.1569963427665,0,,
Car 78,,,,,3,switch,,"Charger 3 (fid=19) not available, trying Charger 2 (fid=17)",607.0,2,,
Car 3,,,,,3,switch,,"Charger 3 (fid=19) not available, trying Charger 0 (fid=1)",607.1569963427665,0,,
Car 389,99.0,1,0,,,done,,done charging,607.9452241234304,,,241.48809645610112
Car 310,,1,0,,,start_charge,,starting to charge at Charger 0 (fid=1),607.9452241234304,,13.619183596537823,
Car 361,,,,,2,switch,,"Charger 2 (fid=17) not available, trying Charger 0 (fid=1)",609.1569963427665,0,,
Car 8,,,,36,,arrived,,arrived,610.0,,,
Car 348,,,,73,,arrived,,arrived,612.0,,,
Car 512,,,,,0,switch,,"Charger 0 (fid=1) not available, trying Charger 1 (fid=7)",612.1502519097737,1,,
Car 229,,,,,0,switch,,"Charger 0 (fid=1) not available, trying Charger 1 (fid=7)",613.1502519097737,1,,
Car 78,,,,,2,switch,,"Charger 2 (fid=17) not available, trying Charger 0 (fid=1)",613.1569963427665,0,,
Car 416,,,,,0,switch,,"Charger 0 (fid=1) not available, trying Charger 1 (fid=7)",613.3260405268926,1,,
Car 87,,,,74,,arrived,,arrived,614.0,,,
Car 117,,,,36,,arrived,,arrived,614.0,,,
Car 8,,,,,2,switch,,"Charger 2 (fid=17) not available, trying Charger 3 (fid=19)",615.0,3,,
Car 3,,,,,0,switch,,"Charger 0 (fid=1) not available, trying Charger 1 (fid=7)",615.1502519097737,1,,
Car 128,,,,5,,arrived,,arrived,616.0,,,
Car 361,,,,,0,switch,,"Charger 0 (fid=1) not available, trying Charger 1 (fid=7)",616.3260405268926,1,,
Car 292,,,,77,,arrived,,arrived,617.0,,,
Car 324,,,,58,,arrived,,arrived,617.0,,,
Car 348,,,,,2,switch,,"Charger 2 (fid=17) not available, trying Charger 3 (fid=19)",617.0,3,,
Car 512,,,,,,gave_up,1,"no alternate charger available, gave up",618.0954760332041,,,
Car 342,,,,33,,arrived,,arrived,619.0,,,
Car 396,,,,14,,arrived,,arrived,619.0,,,
Car 87,,,,,1,switch,,"Charger 1 (fid=7) not available, trying Charger 0 (fid=1)",619.0,0,,
Car 117,,,,,2,switch,,"Charger 2 (fid=17) not available, trying Charger 3 (fid=19)",619.0,3,,
Car 229,,,,,,gave_up,1,"no alternate charger available, gave up",619.0954760332041,,,
Car 416,,,,,,gave_up,1,"no alternate charger available, gave up",619.271264650323,,,
Car 78,,,,,0,switch,,"Charger 0 (fid=1) not available, trying Charger 1 (fid=7)",620.3260405268926,1,,
Car 466,,,,88,,arrived,,arrived,621.0,,,
Car 128,,,,,2,switch,,"Charger 2 (fid=17) not available, trying Charger 3 (fid=19)",621.0,3,,
Car 3,,,,,,gave_up,1,"no alternate charger available, gave up",621.0954760332041,,,
Car 8,,,,,3,switch,,"Charger 3 (fid=19) not available, trying Charger 0 (fid=1)",621.1569963427665,0,,
Car 375,,,,17,,arrived,,arrived,622.0,,,
Car 292,,,,,0,switch,,"Charger 0 (fid=1) not available, trying Charger 2 (fid=17)",622.0,2,,
Car 324,,,,,1,switch,,"Charger 1 (fid=7) not available, trying Charger 0 (fid=1)",622.0,0,,
Car 593,52.0,7,1,,,done,,done charging,622.0954760332041,,,348.6999973114355
Car 361,,7,1,,,start_charge,,starting to charge at Charger 1 (fid=7),622.0954760332041,,19.824211382881117,
Car 59,67.0,7,1,,,done,,done charging,622.271264650323,,,414.68893613525694
Car 466,,7,1,,,start_charge,,starting to charge at Charger 1 (fid=7),622.271264650323,,1.271264650323019,
Car 348,,,,,3,switch,,"Charger 3 (fid=19) not available, trying Charger 0 (fid=1)",623.1569963427665,0,,
Car 616,,,,74,,arrived,,arrived,624.0,,,
Car 342,,,,,2,switch,,"Charger 2 (fid=17) not available, trying Charger 3 (fid=19)",624.0,3,,
Car 396,,,,,2,switch,,"Charger 2 (fid=17) not available, trying Charger 3 (fid=19)",624.0,3,,
Car 87,,,,,0,switch,,"Charger 0 (fid=1) not available, trying Charger 2 (fid=17)",624.9452241234304,2,,
Car 109,,,,82,,arrived,,arrived,625.0,,,
Car 117,,,,,3,switch,,"Charger 3 (fid=19) not available, trying Charger 0 (fid=1)",625.1569963427665,0,,
Car 78,,,,,,gave_up,1,"no alternate charger available, gave up",626.271264650323,,,
Car 334,,,,38,,arrived,,arrived,627.0,,,
Car 445,,,,29,,arrived,,arrived,627.0,,,
Car 598,,,,2,,arrived,,arrived,627.0,,,
Car 375,,,,,3,switch,,"Charger 3 (fid=19) not available, trying Charger 2 (fid=17)",627.0,2,,
Car 128,,,,,3,switch,,"Charger 3 (fid=19) not available, trying Charger 0 (fid=1)",627.1569963427665,0,,
Car 324,,,,,0,switch,,"Charger 0 (fid=1) not available, trying Charger 2 (fid=17)",627.9452241234304,2,,
Car 665,,,,37,,arrived,,arrived,628.0,,,
Car 616,,,,,1,switch,,"Charger 1 (fid=7) not available, trying Charger 0 (fid=1)",629.0,0,,
Car 8,,,,,0,switch,,"Charger 0 (fid=1) not available, trying Charger 1 (fid=7)",629.1502519097737,1,,
Car 292,,,,,2,switch,,"Charger 2 (fid=17) not available, trying Charger 1 (fid=7)",629.169044184126,1,,
Car 47,,,,47,,arrived,,arrived,630.0,,,
Car 689,,,,29,,arrived,,arrived,630.0,,,
Car 109,,,,,1,switch,,"Charger 1 (fid=7) not available, trying Charger 0 (fid=1)",630.0,0,,
Car 342,,,,,3,switch,,"Charger 3 (fid=19) not available, trying Charger 0 (fid=1)",630.1569963427665,0,,
Car 396,,,,,3,switch,,"Charger 3 (fid=19) not available, trying Charger 0 (fid=1)",630.1569963427665,0,,
Car 730,119.0,7,1,,,done,,done charging,630.2712646503229,,,164.62835022255499
Car 598,,7,1,,,start_charge,,starting to charge at Charger 1 (fid=7),630.2712646503229,,3.2712646503229053,
Car 323,66.0,1,0,,,done,,done charging,631.0,,,334.2585657989923
Car 348,,1,0,,,start_charge,,starting to charge at Charger 0 (fid=1),631.0,,14.849748090226285,
Car 480,,,,60,,arrived,,arrived,632.0,,,
Car 334,,,,,2,switch,,"Charger 2 (fid=17) not available, trying Charger 3 (fid=19)",632.0,3,,
Car 445,,,,,3,switch,,"Charger 3 (fid=19) not available, trying Charger 2 (fid=17)",632.0,2,,
Car 87,,,,,2,switch,,"Charger 2 (fid=17) not available, trying Charger 3 (fid=19)",632.1142683075565,3,,
Car 665,,,,,2,switch,,"Charger 2 (fid=17) not available, trying Charger 3 (fid=19)",633.0,3,,
Car 117,,,,,0,switch,,"Charger 0 (fid=1) not available, trying Charger 1 (fid=7)",633.1502519097737,1,,
Car 375,,,,,2,switch,,"Charger 2 (fid=17) not available, trying Charger 0 (fid=1)",633.1569963427665,0,,
Car 402,,,,8,,arrived,,arrived,634.0,,,
Car 616,,,,,0,switch,,"Charger 0 (fid=1) not available, trying Charger 2 (fid=17)",634.9452241234304,2,,
Car 326,,,,2,,arrived,,arrived,635.0,,,
Car 47,,,,,3,switch,,"Charger 3 (fid=19) not available, trying Charger 2 (fid=17)",635.0,2,,
Car 689,,,,,3,switch,,"Charger 3 (fid=19) not available, trying Charger 2 (fid=17)",635.0,2,,
Car 8,,,,,,gave_up,1,"no alternate charger available, gave up",635.0954760332041,,,
Car 324,,,,,2,switch,,"Charger 2 (fid=17) not available, trying Charger 3 (fid=19)",635.1142683075565,3,,
Car 128,,,,,0,switch,,"Charger 0 (fid=1) not available, trying Charger 1 (fid=7)",635.1502519097737,1,,
Car 109,,,,,0,switch,,"Charger 0 (fid=1) not available, trying Charger 2 (fid=17)",635.9452241234304,2,,
Car 356,,,,73,,arrived,,arrived,636.0,,,
Car 671,,,,30,,arrived,,arrived,636.0,,,
Car 420,,,,60,,arrived,,arrived,637.0,,,
Car 480,,,,,2,switch,,"Charger 2 (fid=17) not available, trying Charger 0 (fid=1)",637.0,0,,
Car 292,,,,,1,switch,,"Charger 1 (fid=7) not available, trying Charger 3 (fid=19)",637.2799925095785,3,,
Car 342,,,,,0,switch,,"Charger 0 (fid=1) not available, trying Charger 1 (fid=7)",638.1502519097737,1,,
Car 396,,,,,0,switch,,"Charger 0 (fid=1) not available, trying Charger 1 (fid=7)",638.1502519097737,1,,
Car 334,,,,,3,switch,,"Charger 3 (fid=19) not available, trying Charger 0 (fid=1)",638.1569963427665,0,,
Car 445,,,,,2,switch,,"Charger 2 (fid=17) not available, trying Charger 0 (fid=1)",638.1569963427665,0,,
Car 87,,,,,,gave_up,3,"no alternate charger available, gave up",638.271264650323,,,
Car 402,,,,,2,switch,,"Charger 2 (fid=17) not available, trying Charger 3 (fid=19)",639.0,3,,
Car 117,,,,,,gave_up,1,"no alternate charger available, gave up",639.0954760332041,,,
Car 665,,,,,3,switch,,"Charger 3 (fid=19) not available, trying Charger 0 (fid=1)",639.1569963427665,0,,
Car 326,,,,,1,switch,,"Charger 1 (fid=7) not available, trying Charger 0 (fid=1)",640.0,0,,
Car 655,57.0,17,2,,,done,,done charging,640.1142683075564,,,107.35151360364253
Car 356,,17,2,,,start_charge,,starting to charge at Charger 2 (fid=17),640.1142683075564,,4.114268307556358,
Car 375,,,,,0,switch,,"Charger 0 (fid=1) not available, trying Charger 1 (fid=7)",640.3260405268926,1,,
Car 671,,,,,3,switch,,"Charger 3 (fid=19) not available, trying Charger 2 (fid=17)",641.0,2,,
Car 128,,,,,,gave_up,1,"no alternate charger available, gave up",641.0954760332041,,,
Car 47,,,,,2,switch,,"Charger 2 (fid=17) not available, trying Charger 0 (fid=1)",641.1569963427665,0,,
Car 689,,,,,2,switch,,"Charger 2 (fid=17) not available, trying Charger 0 (fid=1)",641.1569963427665,0,,
Car 324,,,,,,gave_up,3,"no alternate charger available, gave up",641.271264650323,,,
Car 160,,,,44,,arrived,,arrived,642.0,,,
Car 420,,,,,2,switch,,"Charger 2 (fid=17) not available, trying Charger 0 (fid=1)",642.0,0,,
Car 616,,,,,2,switch,,"Charger 2 (fid=17) not available, trying Charger 3 (fid=19)",642.1142683075565,3,,
Car 109,,,,,2,switch,,"Charger 2 (fid=17) not available, trying Charger 3 (fid=19)",643.1142683075565,3,,
Car 61,97.0,1,0,,,done,,done charging,643.169044184126,,,470.49536110148523
Car 480,,1,0,,,start_charge,,starting to charge at Charger 0 (fid=1),643.169044184126,,9.0,
Car 342,,,,,,gave_up,1,"no alternate charger available, gave up",644.0954760332041,,,
Car 396,,,,,,gave_up,1,"no alternate charger available, gave up",644.0954760332041,,,
Car 101,,,,62,,arrived,,arrived,645.0,,,
Car 402,,,,,3,switch,,"Charger 3 (fid=19) not available, trying Charger 0 (fid=1)",645.1569963427665,0,,
Car 445,,,,,0,switch,,"Charger 0 (fid=1) not available, trying Charger 1 (fid=7)",645.3260405268926,1,,
Car 326,,,,,0,switch,,"Charger 0 (fid=1) not available, trying Charger 2 (fid=17)",645.9452241234304,2,,
Car 232,,,,14,,arrived,,arrived,646.0,,,
Car 334,,,,,0,switch,,"Charger 0 (fid=1) not available, trying Charger 1 (fid=7)",646.1502519097737,1,,
Car 292,,,,,,gave_up,3,"no alternate charger available, gave up",646.1553923431383,,,
Car 375,,,,,,gave_up,1,"no alternate charger available, gave up",646.271264650323,,,
Car 160,,,,,3,switch,,"Charger 3 (fid=19) not available, trying Charger 2 (fid=17)",647.0,2,,
Car 665,,,,,0,switch,,"Charger 0 (fid=1) not available, trying Charger 1 (fid=7)",647.1502519097737,1,,
Car 671,,,,,2,switch,,"Charger 2 (fid=17) not available, trying Charger 0 (fid=1)",647.1569963427665,0,,
Car 616,,,,,,gave_up,3,"no alternate charger available, gave up",648.271264650323,,,
Car 47,,,,,0,switch,,"Charger 0 (fid=1) not available, trying Charger 1 (fid=7)",648.3260405268926,1,,
Car 689,,,,,0,switch,,"Charger 0 (fid=1) not available, trying Charger 1 (fid=7)",648.3260405268926,1,,
Car 731,101.0,1,0,,,done,,done charging,648.9452241234303,,,470.49536110148523
Car 420,,1,0,,,start_charge,,starting to charge at Charger 0 (fid=1),648.9452241234303,,9.776179939304257,
Car 267,,,,77,,arrived,,arrived,649.0,,,
Car 710,,,,12,,arrived,,arrived,649.0,,,
Car 109,,,,,,gave_up,3,"no alternate charger available, gave up",649.271264650323,,,
Car 101,,,,,2,switch,,"Charger 2 (fid=17) not available, trying Charger 0 (fid=1)",650.0,0,,
Car 201,,,,76,,arrived,,arrived,651.0,,,
Car 232,,,,,2,switch,,"Charger 2 (fid=17) not available, trying Charger 3 (fid=19)",651.0,3,,
Car 445,,,,,,gave_up,1,"no alternate charger available, gave up",651.271264650323,,,
Car 438,,,,66,,arrived,,arrived,652.0,,,
Car 515,,,,36,,arrived,,arrived,652.0,,,
Car 334,,,,,,gave_up,1,"no alternate charger available, gave up",652.0954760332041,,,
Car 665,,,,,,gave_up,1,"no alternate charger available, gave up",653.0954760332041,,,
Car 326,,,,,2,switch,,"Charger 2 (fid=17) not available, trying Charger 3 (fid=19)",653.1142683075565,3,,
Car 402,,,,,0,switch,,"Charger 0 (fid=1) not available, trying Charger 1 (fid=7)",653.1502519097737,1,,
Car 160,,,,,2,switch,,"Charger 2 (fid=17) not available, trying Charger 0 (fid=1)",653.1569963427665,0,,
Car 267,,,,,0,switch,,"Charger 0 (fid=1) not available, trying Charger 2 (fid=17)",654.0,2,,
Car 710,,,,,0,switch,,"Charger 0 (fid=1) not available, trying Charger 1 (fid=7)",654.0,1,,
Car 47,,,,,,gave_up,1,"no alternate charger available, gave up",654.271264650323,,,
Car 689,,,,,,gave_up,1,"no alternate charger available, gave up",654.271264650323,,,
Car 671,,,,,0,switch,,"Charger 0 (fid=1) not available, trying Charger 1 (fid=7)",654.3260405268926,1,,
Car 201,,,,,1,switch,,"Charger 1 (fid=7) not available, trying Charger 0 (fid=1)",656.0,0,,
Car 438,,,,,2,switch,,"Charger 2 (fid=17) not available, trying Charger 0 (fid=1)",657.0,0,,
Car 515,,,,,2,switch,,"Charger 2 (fid=17) not available, trying Charger 3 (fid=19)",657.0,3,,
Car 232,,,,,3,switch,,"Charger 3 (fid=19) not available, trying Charger 0 (fid=1)",657.1569963427665,0,,
Car 101,,,,,0,switch,,"Charger 0 (fid=1) not available, trying Charger 3 (fid=19)",657.169044184126,3,,
Car 631,,,,80,,arrived,,arrived,659.0,,,
Car 402,,,,,,gave_up,1,"no alternate charger available, gave up",659.0954760332041,,,
Car 326,,,,,,gave_up,3,"no alternate charger available, gave up",659.271264650323,,,
Car 710,,,,,1,switch,,"Charger 1 (fid=7) not available, trying Charger 2 (fid=17)",659.9452241234304,2,,
Car 671,,,,,,gave_up,1,"no alternate charger available, gave up",660.271264650323,,,
Car 160,,,,,0,switch,,"Charger 0 (fid=1) not available, trying Charger 1 (fid=7)",660.3260405268926,1,,
Car 267,,,,,2,switch,,"Charger 2 (fid=17) not available, trying Charger 1 (fid=7)",661.169044184126,1,,
Car 201,,,,,0,switch,,"Charger 0 (fid=1) not available, trying Charger 2 (fid=17)",661.9452241234304,2,,
Car 384,73.0,19,3,,,done,,done charging,662.1622997511331,,,31.855196656143196
Car 515,,19,3,,,start_charge,,starting to charge at Charger 3 (fid=19),662.1622997511331,,9.005303408366558,
Car 620,100.0,19,3,,,done,,done charging,664.0,,,254.6197349225071
Car 631,,,,,2,switch,,"Charger 2 (fid=17) not available, trying Charger 3 (fid=19)",664.0,3,,
Car 101,,19,3,,,start_charge,,starting to charge at Charger 3 (fid=19),664.0,,13.837700248866781,
Car 438,,,,,0,switch,,"Charger 0 (fid=1) not available, trying Charger 3 (fid=19)",664.169044184126,3,,
Car 279,,,,37,,arrived,,arrived,665.0,,,
Car 232,,,,,0,switch,,"Charger 0 (fid=1) not available, trying Charger 1 (fid=7)",665.1502519097737,1,,
Car 9,,,,73,,arrived,,arrived,666.0,,,
Car 535,,,,56,,arrived,,arrived,666.0,,,
Car 160,,,,,,gave_up,1,"no alternate charger available, gave up",666.271264650323,,,
Car 710,,,,,2,switch,,"Charger 2 (fid=17) not available, trying Charger 3 (fid=19)",668.0561724488829,3,,
Car 372,,,,41,,arrived,,arrived,669.0,,,
Car 414,,,,58,,arrived,,arrived,669.0,,,
Car 667,,,,90,,arrived,,arrived,669.0,,,
Car 201,,,,,2,switch,,"Charger 2 (fid=17) not available, trying Charger 3 (fid=19)",669.1142683075565,3,,
Car 267,,,,,1,switch,,"Charger 1 (fid=7) not available, trying Charger 3 (fid=19)",669.2799925095785,3,,
Car 12,,,,60,,arrived,,arrived,670.0,,,
Car 279,,,,,2,switch,,"Charger 2 (fid=17) not available, trying Charger 3 (fid=19)",670.0,3,,
Car 631,,,,,3,switch,,"Charger 3 (fid=19) not available, trying Charger 0 (fid=1)",670.1569963427665,0,,
Car 9,,,,,2,switch,,"Charger 2 (fid=17) not available, trying Charger 3 (fid=19)",671.0,3,,
Car 535,,,,,3,switch,,"Charger 3 (fid=19) not available, trying Charger 2 (fid=17)",671.0,2,,
Car 232,,,,,,gave_up,1,"no alternate charger available, gave up",671.0954760332041,,,
Car 522,,,,43,,arrived,,arrived,672.0,,,
Car 438,,,,,3,switch,,"Charger 3 (fid=19) not available, trying Charger 1 (fid=7)",672.1622997511332,1,,
Car 372,,,,,3,switch,,"Charger 3 (fid=19) not available, trying Charger 2 (fid=17)",674.0,2,,
Car 414,,,,,1,switch,,"Charger 1 (fid=7) not available, trying Charger 0 (fid=1)",674.0,0,,
Car 667,,,,,1,switch,,"Charger 1 (fid=7) not available, trying Charger 0 (fid=1)",674.0,0,,
Car 710,,,,,,gave_up,3,"no alternate charger available, gave up",674.2131687916494,,,
Car 102,,,,10,,arrived,,arrived,675.0,,,
Car 12,,,,,2,switch,,"Charger 2 (fid=17) not available, trying Charger 0 (fid=1)",675.0,0,,
Car 201,,,,,,gave_up,3,"no alternate charger available, gave up",675.271264650323,,,
Car 279,,,,,3,switch,,"Charger 3 (fid=19) not available, trying Charger 0 (fid=1)",676.1569963427665,0,,
Car 522,,,,,3,switch,,"Charger 3 (fid=19) not available, trying Charger 2 (fid=17)",677.0,2,,
Car 9,,,,,3,switch,,"Charger 3 (fid=19) not available, trying Charger 0 (fid=1)",677.1569963427665,0,,
Car 535,,,,,2,switch,,"Charger 2 (fid=17) not available, trying Charger 0 (fid=1)",677.1569963427665,0,,
Car 499,,,,54,,arrived,,arrived,678.0,,,
Car 631,,,,,0,switch,,"Charger 0 (fid=1) not available, trying Charger 1 (fid=7)",678.1502519097737,1,,
Car 267,,,,,,gave_up,3,"no alternate charger available, gave up",678.1553923431383,,,
Car 414,,,,,0,switch,,"Charger 0 (fid=1) not available, trying Charger 2 (fid=17)",679.9452241234304,2,,
Car 667,,,,,0,switch,,"Charger 0 (fid=1) not available, trying Charger 2 (fid=17)",679.9452241234304,2,,
Car 102,,,,,2,switch,,"Charger 2 (fid=17) not available, trying Charger 3 (fid=19)",680.0,3,,
Car 372,,,,,2,switch,,"Charger 2 (fid=17) not available, trying Charger 0 (fid=1)",680.1569963427665,0,,
Car 438,,,,,,gave_up,1,"no alternate charger available, gave up",681.037699584693,,,
Car 12,,,,,0,switch,,"Charger 0 (fid=1) not available, trying Charger 1 (fid=7)",682.169044184126,1,,
Car 499,,,,,2,switch,,"Charger 2 (fid=17) not available, trying Charger 3 (fid=19)",683.0,3,,
Car 361,61.0,7,1,,,done,,done charging,683.0954760332041,,,621.0762863803386
Car 631,,7,1,,,start_charge,,starting to charge at Charger 1 (fid=7),683.0954760332041,,19.0,
Car 522,,,,,2,switch,,"Charger 2 (fid=17) not available, trying Charger 0 (fid=1)",683.1569963427665,0,,
Car 13,102.0,7,1,,,done,,done charging,684.0954760332042,,,163.10633183600606
Car 12,,7,1,,,start_charge,,starting to charge at Charger 1 (fid=7),684.0954760332042,,10.981207725647778,
Car 279,,,,,0,switch,,"Charger 0 (fid=1) not available, trying Charger 1 (fid=7)",684.1502519097737,1,,
Car 535,,,,,0,switch,,"Charger 0 (fid=1) not available, trying Charger 1 (fid=7)",684.3260405268926,1,,
Car 9,,,,,0,switch,,"Charger 0 (fid=1) not available, trying Charger 1 (fid=7)",685.1502519097737,1,,
Car 739,,,,67,,arrived,,arrived,686.0,,,
Car 356,46.0,17,2,,,done,,done charging,686.1142683075564,,,196.36375038428906
Car 414,,17,2,,,start_charge,,starting to charge at Charger 2 (fid=17),686.1142683075564,,13.999999999999886,
Car 102,,,,,3,switch,,"Charger 3 (fid=19) not available, trying Charger 0 (fid=1)",686.1569963427665,0,,
Car 63,,,,77,,arrived,,arrived,687.0,,,
Car 667,,,,,2,switch,,"Charger 2 (fid=17) not available, trying Charger 3 (fid=19)",687.1142683075565,3,,
Car 372,,,,,0,switch,,"Charger 0 (fid=1) not available, trying Charger 1 (fid=7)",687.3260405268926,1,,
Car 208,,,,25,,arrived,,arrived,688.0,,,
Car 56,,,,39,,arrived,,arrived,689.0,,,
Car 683,,,,8,,arrived,,arrived,689.0,,,
Car 499,,,,,3,switch,,"Charger 3 (fid=19) not available, trying Charger 0 (fid=1)",689.1569963427665,0,,
Car 279,,,,,,gave_up,1,"no alternate charger available, gave up",690.0954760332041,,,
Car 535,,,,,,gave_up,1,"no alternate charger available, gave up",690.271264650323,,,
Car 522,,,,,0,switch,,"Charger 0 (fid=1) not available, trying Charger 1 (fid=7)",690.3260405268926,1,,
Car 739,,,,,3,switch,,"Charger 3 (fid=19) not available, trying Charger 2 (fid=17)",691.0,2,,
Car 9,,,,,,gave_up,1,"no alternate charger available, gave up",691.0954760332041,,,
Car 335,,,,35,,arrived,,arrived,692.0,,,
Car 63,,,,,0,switch,,"Charger 0 (fid=1) not available, trying Charger 2 (fid=17)",692.0,2,,
Car 18,,,,37,,arrived,,arrived,693.0,,,
Car 97,,,,16,,arrived,,arrived,693.0,,,
Car 208,,,,,3,switch,,"Charger 3 (fid=19) not available, trying Charger 2 (fid=17)",693.0,2,,
Car 667,,,,,,gave_up,3,"no alternate charger available, gave up",693.271264650323,,,
Car 372,,,,,,gave_up,1,"no alternate charger available, gave up",693.271264650323,,,
Car 56,,,,,0,switch,,"Charger 0 (fid=1) not available, trying Charger 1 (fid=7)",694.0,1,,
Car 683,,,,,2,switch,,"Charger 2 (fid=17) not available, trying Charger 3 (fid=19)",694.0,3,,
Car 102,,,,,0,switch,,"Charger 0 (fid=1) not available, trying Charger 1 (fid=7)",694.1502519097737,1,,
Car 294,,,,24,,arrived,,arrived,695.0,,,
Car 348,64.0,1,0,,,done,,done charging,695.0,,,325.70724508980686
Car 499,,1,0,,,start_charge,,starting to charge at Charger 0 (fid=1),695.0,,12.849748090226285,
Car 522,,,,,,gave_up,1,"no alternate charger available, gave up",696.271264650323,,,
Car 482,,,,10,,arrived,,arrived,697.0,,,
Car 534,,,,12,,arrived,,arrived,697.0,,,
Car 335,,,,,2,switch,,"Charger 2 (fid=17) not available, trying Charger 3 (fid=19)",697.0,3,,
Car 739,,,,,2,switch,,"Charger 2 (fid=17) not available, trying Charger 0 (fid=1)",697.1569963427665,0,,
Car 168,,,,74,,arrived,,arrived,698.0,,,
Car 18,,,,,2,switch,,"Charger 2 (fid=17) not available, trying Charger 3 (fid=19)",698.0,3,,
Car 97,,,,,2,switch,,"Charger 2 (fid=17) not available, trying Charger 3 (fid=19)",698.0,3,,
Car 208,,,,,2,switch,,"Charger 2 (fid=17) not available, trying Charger 0 (fid=1)",699.1569963427665,0,,
Car 63,,,,,2,switch,,"Charger 2 (fid=17) not available, trying Charger 1 (fid=7)",699.169044184126,1,,
Car 56,,,,,1,switch,,"Charger 1 (fid=7) not available, trying Charger 2 (fid=17)",699.9452241234304,2,,
Car 410,,,,65,,arrived,,arrived,700.0,,,
Car 294,,,,,3,switch,,"Charger 3 (fid=19) not available, trying Charger 2 (fid=17)",700.0,2,,
Car 102,,,,,,gave_up,1,"no alternate charger available, gave up",700.0954760332041,,,
Car 683,,,,,3,switch,,"Charger 3 (fid=19) not available, trying Charger 0 (fid=1)",700.1569963427665,0,,
Car 482,,,,,2,switch,,"Charger 2 (fid=17) not available, trying Charger 3 (fid=19)",702.0,3,,
Car 534,,,,,0,switch,,"Charger 0 (fid=1) not available, trying Charger 1 (fid=7)",702.0,1,,
Car 420,54.0,1,0,,,done,,done charging,702.9452241234303,,,162.14671048157606
Car 739,,1,0,,,start_charge,,starting to charge at Charger 0 (fid=1),702.9452241234303,,13.61918359653771,
Car 390,,,,21,,arrived,,arrived,703.0,,,
Car 168,,,,,1,switch,,"Charger 1 (fid=7) not available, trying Charger 0 (fid=1)",703.0,0,,
Car 335,,,,,3,switch,,"Charger 3 (fid=19) not available, trying Charger 0 (fid=1)",703.1569963427665,0,,
Car 598,73.0,7,1,,,done,,done charging,703.2712646503229,,,81.2900161151567
Car 63,,7,1,,,start_charge,,starting to charge at Charger 1 (fid=7),703.2712646503229,,10.9912721407444,
Car 18,,,,,3,switch,,"Charger 3 (fid=19) not available, trying Charger 0 (fid=1)",704.1569963427665,0,,
Car 97,,,,,3,switch,,"Charger 3 (fid=19) not available, trying Charger 0 (fid=1)",704.1569963427665,0,,
Car 379,,,,6,,arrived,,arrived,705.0,,,
Car 523,,,,37,,arrived,,arrived,705.0,,,
Car 410,,,,,2,switch,,"Charger 2 (fid=17) not available, trying Charger 3 (fid=19)",705.0,3,,
Car 294,,,,,2,switch,,"Charger 2 (fid=17) not available, trying Charger 0 (fid=1)",706.1569963427665,0,,
Car 208,,,,,0,switch,,"Charger 0 (fid=1) not available, trying Charger 1 (fid=7)",706.3260405268926,1,,
Car 534,,,,,1,switch,,"Charger 1 (fid=7) not available, trying Charger 2 (fid=17)",707.9452241234304,2,,
Car 390,,,,,0,switch,,"Charger 0 (fid=1) not available, trying Charger 1 (fid=7)",708.0,1,,
Car 56,,,,,2,switch,,"Charger 2 (fid=17) not available, trying Charger 3 (fid=19)",708.0561724488829,3,,
Car 683,,,,,0,switch,,"Charger 0 (fid=1) not available, trying Charger 1 (fid=7)",708.1502519097737,1,,
Car 482,,,,,3,switch,,"Charger 3 (fid=19) not available, trying Charger 0 (fid=1)",708.1569963427665,0,,
Car 310,101.0,1,0,,,done,,done charging,708.9452241234304,,,209.46293341067826
Car 168,,,,,0,switch,,"Charger 0 (fid=1) not available, trying Charger 2 (fid=17)",708.9452241234304,2,,
Car 72,,,,4,,arrived,,arrived,710.0,,,
Car 114,,,,11,,arrived,,arrived,710.0,,,
Car 116,,,,8,,arrived,,arrived,710.0,,,
Car 379,,,,,2,switch,,"Charger 2 (fid=17) not available, trying Charger 0 (fid=1)",710.0,0,,
Car 523,,,,,2,switch,,"Charger 2 (fid=17) not available, trying Charger 3 (fid=19)",710.0,3,,
Car 663,,,,76,,arrived,,arrived,711.0,,,
Car 335,,,,,0,switch,,"Charger 0 (fid=1) not available, trying Charger 1 (fid=7)",711.1502519097737,1,,
Car 410,,,,,3,switch,,"Charger 3 (fid=19) not available, trying Charger 0 (fid=1)",711.1569963427665,0,,
Car 226,,,,52,,arrived,,arrived,712.0,,,
Car 18,,,,,0,switch,,"Charger 0 (fid=1) not available, trying Charger 1 (fid=7)",712.1502519097737,1,,
Car 97,,,,,0,switch,,"Charger 0 (fid=1) not available, trying Charger 1 (fid=7)",712.1502519097737,1,,
Car 208,,,,,,gave_up,1,"no alternate charger available, gave up",712.271264650323,,,
Car 181,109.0,1,0,,,done,,done charging,712.3260405268926,,,365.17025019161684
Car 294,,1,0,,,start_charge,,starting to charge at Charger 0 (fid=1),712.3260405268926,,14.0,
Car 390,,,,,1,switch,,"Charger 1 (fid=7) not available, trying Charger 2 (fid=17)",713.9452241234304,2,,
Car 492,,,,77,,arrived,,arrived,714.0,,,
Car 683,,,,,,gave_up,1,"no alternate charger available, gave up",714.0954760332041,,,
Car 56,,,,,,gave_up,3,"no alternate charger available, gave up",714.2131687916494,,,
Car 72,,,,,0,switch,,"Charger 0 (fid=1) not available, trying Charger 2 (fid=17)",715.0,2,,
Car 114,,,,,2,switch,,"Charger 2 (fid=17) not available, trying Charger 3 (fid=19)",715.0,3,,
Car 116,,,,,2,switch,,"Charger 2 (fid=17) not available, trying Charger 3 (fid=19)",715.0,3,,
Car 387,,,,37,,arrived,,arrived,716.0,,,
Car 503,,,,34,,arrived,,arrived,716.0,,,
Car 45,115.0,7,1,,,done,,done charging,716.0,,,347.3087243894111
Car 663,,,,,1,switch,,"Charger 1 (fid=7) not available, trying Charger 0 (fid=1)",716.0,0,,
Car 534,,,,,2,switch,,"Charger 2 (fid=17) not available, trying Charger 3 (fid=19)",716.0561724488829,3,,
Car 168,,,,,2,switch,,"Charger 2 (fid=17) not available, trying Charger 3 (fid=19)",716.1142683075565,3,,
Car 482,,,,,0,switch,,"Charger 0 (fid=1) not available, trying Charger 1 (fid=7)",716.1502519097737,1,,
Car 523,,,,,3,switch,,"Charger 3 (fid=19) not available, trying Charger 0 (fid=1)",716.1569963427665,0,,
Car 226,,,,,1,switch,,"Charger 1 (fid=7) not available, trying Charger 0 (fid=1)",717.0,0,,
Car 335,,,,,,gave_up,1,"no alternate charger available, gave up",717.0954760332041,,,
Car 379,,,,,0,switch,,"Charger 0 (fid=1) not available, trying Charger 3 (fid=19)",717.169044184126,3,,
Car 18,,,,,,gave_up,1,"no alternate charger available, gave up",718.0954760332041,,,
Car 97,,,,,,gave_up,1,"no alternate charger available, gave up",718.0954760332041,,,
Car 492,,,,,0,switch,,"Charger 0 (fid=1) not available, trying Charger 2 (fid=17)",719.0,2,,
Car 410,,,,,0,switch,,"Charger 0 (fid=1) not available, trying Charger 1 (fid=7)",719.1502519097737,1,,
Car 39,,,,88,,arrived,,arrived,720.0,,,
Car 394,,,,36,,arrived,,arrived,720.0,,,
Car 452,,,,8,,arrived,,arrived,720.0,,,
Car 387,,,,,2,switch,,"Charger 2 (fid=17) not available, trying Charger 3 (fid=19)",721.0,3,,
Car 503,,,,,3,switch,,"Charger 3 (fid=19) not available, trying Charger 2 (fid=17)",721.0,2,,
Car 114,,,,,3,switch,,"Charger 3 (fid=19) not available, trying Charger 0 (fid=1)",721.1569963427665,0,,
Car 116,,,,,3,switch,,"Charger 3 (fid=19) not available, trying Charger 0 (fid=1)",721.1569963427665,0,,
Car 663,,,,,0,switch,,"Charger 0 (fid=1) not available, trying Charger 2 (fid=17)",721.9452241234304,2,,
Car 465,,,,45,,arrived,,arrived,722.0,,,
Car 390,,,,,2,switch,,"Charger 2 (fid=17) not available, trying Charger 3 (fid=19)",722.0561724488829,3,,
Car 482,,,,,,gave_up,1,"no alternate charger available, gave up",722.0954760332041,,,
Car 72,,,,,2,switch,,"Charger 2 (fid=17) not available, trying Charger 1 (fid=7)",722.169044184126,1,,
Car 534,,,,,,gave_up,3,"no alternate charger available, gave up",722.2131687916494,,,
Car 168,,,,,,gave_up,3,"no alternate charger available, gave up",722.271264650323,,,
Car 226,,,,,0,switch,,"Charger 0 (fid=1) not available, trying Charger 2 (fid=17)",722.9452241234304,2,,
Car 523,,,,,0,switch,,"Charger 0 (fid=1) not available, trying Charger 1 (fid=7)",724.1502519097737,1,,
Car 39,,,,,1,switch,,"Charger 1 (fid=7) not available, trying Charger 0 (fid=1)",725.0,0,,
Car 394,,,,,2,switch,,"Charger 2 (fid=17) not available, trying Charger 3 (fid=19)",725.0,3,,
Car 452,,,,,2,switch,,"Charger 2 (fid=17) not available, trying Charger 3 (fid=19)",725.0,3,,
Car 410,,,,,,gave_up,1,"no alternate charger available, gave up",725.0954760332041,,,
Car 379,,,,,3,switch,,"Charger 3 (fid=19) not available, trying Charger 1 (fid=7)",725.1622997511332,1,,
Car 492,,,,,2,switch,,"Charger 2 (fid=17) not available, trying Charger 1 (fid=7)",726.169044184126,1,,
Car 465,,,,,2,switch,,"Charger 2 (fid=17) not available, trying Charger 0 (fid=1)",727.0,0,,
Car 387,,,,,3,switch,,"Charger 3 (fid=19) not available, trying Charger 0 (fid=1)",727.1569963427665,0,,
Car 503,,,,,2,switch,,"Charger 2 (fid=17) not available, trying Charger 0 (fid=1)",727.1569963427665,0,,
Car 390,,,,,,gave_up,3,"no alternate charger available, gave up",728.2131687916494,,,
Car 663,,,,,2,switch,,"Charger 2 (fid=17) not available, trying Charger 3 (fid=19)",729.1142683075565,3,,
Car 114,,,,,0,switch,,"Charger 0 (fid=1) not available, trying Charger 1 (fid=7)",729.1502519097737,1,,
Car 116,,,,,0,switch,,"Charger 0 (fid=1) not available, trying Charger 1 (fid=7)",729.1502519097737,1,,
Car 224,,,,73,,arrived,,arrived,730.0,,,
Car 523,,,,,,gave_up,1,"no alternate charger available, gave up",730.0954760332041,,,
Car 226,,,,,2,switch,,"Charger 2 (fid=17) not available, trying Charger 3 (fid=19)",730.1142683075565,3,,
Car 72,,,,,1,switch,,"Charger 1 (fid=7) not available, trying Charger 3 (fid=19)",730.2799925095785,3,,
Car 39,,,,,0,switch,,"Charger 0 (fid=1) not available, trying Charger 2 (fid=17)",730.9452241234304,2,,
Car 467,,,,18,,arrived,,arrived,731.0,,,
Car 394,,,,,3,switch,,"Charger 3 (fid=19) not available, trying Charger 0 (fid=1)",731.1569963427665,0,,
Car 452,,,,,3,switch,,"Charger 3 (fid=19) not available, trying Charger 0 (fid=1)",731.1569963427665,0,,
Car 163,,,,33,,arrived,,arrived,734.0,,,
Car 379,,,,,,gave_up,1,"no alternate charger available, gave up",734.037699584693,,,
Car 465,,,,,0,switch,,"Charger 0 (fid=1) not available, trying Charger 3 (fid=19)",734.169044184126,3,,
Car 492,,,,,1,switch,,"Charger 1 (fid=7) not available, trying Charger 3 (fid=19)",734.2799925095785,3,,
Car 503,,,,,0,switch,,"Charger 0 (fid=1) not available, trying Charger 1 (fid=7)",734.3260405268926,1,,
Car 224,,,,,2,switch,,"Charger 2 (fid=17) not available, trying Charger 3 (fid=19)",735.0,3,,
Car 114,,,,,,gave_up,1,"no alternate charger available, gave up",735.0954760332041,,,
Car 116,,,,,,gave_up,1,"no alternate charger available, gave up",735.0954760332041,,,
Car 387,,,,,0,switch,,"Charger 0 (fid=1) not available, trying Charger 1 (fid=7)",735.1502519097737,1,,
Car 663,,,,,,gave_up,3,"no alternate charger available, gave up",735.271264650323,,,
Car 415,,,,77,,arrived,,arrived,736.0,,,
Car 600,,,,28,,arrived,,arrived,736.0,,,
Car 101,72.0,19,3,,,done,,done charging,736.0,,,254.6197349225071
Car 467,,,,,3,switch,,"Charger 3 (fid=19) not available, trying Charger 2 (fid=17)",736.0,2,,
Car 466,114.0,7,1,,,done,,done charging,736.271264650323,,,166.04014081542925
Car 226,,,,,,gave_up,3,"no alternate charger available, gave up",736.271264650323,,,
Car 503,,7,1,,,start_charge,,starting to charge at Charger 1 (fid=7),736.271264650323,,16.0,
Car 205,,,,24,,arrived,,arrived,737.0,,,
Car 39,,,,,2,switch,,"Charger 2 (fid=17) not available, trying Charger 3 (fid=19)",738.1142683075565,3,,
Car 303,,,,32,,arrived,,arrived,739.0,,,
Car 163,,,,,2,switch,,"Charger 2 (fid=17) not available, trying Charger 3 (fid=19)",739.0,3,,
Car 394,,,,,0,switch,,"Charger 0 (fid=1) not available, trying Charger 1 (fid=7)",739.1502519097737,1,,
Car 452,,,,,0,switch,,"Charger 0 (fid=1) not available, trying Charger 1 (fid=7)",739.1502519097737,1,,
Car 72,,,,,,gave_up,3,"no alternate charger available, gave up",739.1553923431383,,,
Car 415,,,,,0,switch,,"Charger 0 (fid=1) not available, trying Charger 2 (fid=17)",741.0,2,,
Car 600,,,,,3,switch,,"Charger 3 (fid=19) not available, trying Charger 2 (fid=17)",741.0,2,,
Car 387,,,,,,gave_up,1,"no alternate charger available, gave up",741.0954760332041,,,
Car 224,,,,,3,switch,,"Charger 3 (fid=19) not available, trying Charger 0 (fid=1)",741.1569963427665,0,,
Car 205,,,,,3,switch,,"Charger 3 (fid=19) not available, trying Charger 2 (fid=17)",742.0,2,,
Car 467,,,,,2,switch,,"Charger 2 (fid=17) not available, trying Charger 0 (fid=1)",742.1569963427665,0,,
Car 465,,,,,3,switch,,"Charger 3 (fid=19) not available, trying Charger 1 (fid=7)",742.1622997511332,1,,
Car 492,,,,,,gave_up,3,"no alternate charger available, gave up",743.1553923431383,,,
Car 303,,,,,3,switch,,"Charger 3 (fid=19) not available, trying Charger 2 (fid=17)",744.0,2,,
Car 39,,,,,,gave_up,3,"no alternate charger available, gave up",744.271264650323,,,
Car 469,,,,59,,arrived,,arrived,745.0,,,
Car 394,,,,,,gave_up,1,"no alternate charger available, gave up",745.0954760332041,,,
Car 452,,,,,,gave_up,1,"no alternate charger available, gave up",745.0954760332041,,,
Car 163,,,,,3,switch,,"Charger 3 (fid=19) not available, trying Charger 0 (fid=1)",745.1569963427665,0,,
Car 142,,,,5,,arrived,,arrived,747.0,,,
Car 600,,,,,2,switch,,"Charger 2 (fid=17) not available, trying Charger 0 (fid=1)",747.1569963427665,0,,
Car 572,,,,11,,arrived,,arrived,748.0,,,
Car 630,,,,7,,arrived,,arrived,748.0,,,
Car 205,,,,,2,switch,,"Charger 2 (fid=17) not available, trying Charger 0 (fid=1)",748.1569963427665,0,,
Car 415,,,,,2,switch,,"Charger 2 (fid=17) not available, trying Charger 1 (fid=7)",748.169044184126,1,,
Car 224,,,,,0,switch,,"Charger 0 (fid=1) not available, trying Charger 1 (fid=7)",749.1502519097737,1,,
Car 467,,,,,0,switch,,"Charger 0 (fid=1) not available, trying Charger 1 (fid=7)",749.3260405268926,1,,
Car 469,,,,,1,switch,,"Charger 1 (fid=7) not available, trying Charger 0 (fid=1)",750.0,0,,
Car 303,,,,,2,switch,,"Charger 2 (fid=17) not available, trying Charger 0 (fid=1)",750.1569963427665,0,,
Car 436,,,,53,,arrived,,arrived,751.0,,,
Car 465,,,,,,gave_up,1,"no alternate charger available, gave up",751.037699584693,,,
Car 142,,,,,2,switch,,"Charger 2 (fid=17) not available, trying Charger 3 (fid=19)",752.0,3,,
Car 480,109.0,1,0,,,done,,done charging,752.169044184126,,,162.14671048157606
Car 163,,1,0,,,start_charge,,starting to charge at Charger 0 (fid=1),752.169044184126,,14.018792274352336,
Car 96,,,,61,,arrived,,arrived,753.0,,,
Car 572,,,,,2,switch,,"Charger 2 (fid=17) not available, trying Charger 3 (fid=19)",753.0,3,,
Car 630,,,,,1,switch,,"Charger 1 (fid=7) not available, trying Charger 0 (fid=1)",753.0,0,,
Car 274,,,,73,,arrived,,arrived,754.0,,,
Car 600,,,,,0,switch,,"Charger 0 (fid=1) not available, trying Charger 1 (fid=7)",754.3260405268926,1,,
Car 224,,,,,,gave_up,1,"no alternate charger available, gave up",755.0954760332041,,,
Car 467,,,,,,gave_up,1,"no alternate charger available, gave up",755.271264650323,,,
Car 205,,,,,0,switch,,"Charger 0 (fid=1) not available, trying Charger 1 (fid=7)",755.3260405268926,1,,
Car 469,,,,,0,switch,,"Charger 0 (fid=1) not available, trying Charger 2 (fid=17)",755.9452241234304,2,,
Car 436,,,,,1,switch,,"Charger 1 (fid=7) not available, trying Charger 0 (fid=1)",756.0,0,,
Car 415,,,,,1,switch,,"Charger 1 (fid=7) not available, trying Charger 3 (fid=19)",756.2799925095785,3,,
Car 303,,,,,0,switch,,"Charger 0 (fid=1) not available, trying Charger 1 (fid=7)",757.3260405268926,1,,
Car 4,,,,39,,arrived,,arrived,758.0,,,
Car 150,,,,41,,arrived,,arrived,758.0,,,
Car 393,,,,41,,arrived,,arrived,758.0,,,
Car 96,,,,,2,switch,,"Charger 2 (fid=17) not available, trying Charger 0 (fid=1)",758.0,0,,
Car 142,,,,,3,switch,,"Charger 3 (fid=19) not available, trying Charger 0 (fid=1)",758.1569963427665,0,,
Car 739,56.0,1,0,,,done,,done charging,758.9452241234303,,,334.2585657989923
Car 630,,1,0,,,start_charge,,starting to charge at Charger 0 (fid=1),758.9452241234303,,9.999999999999886,
Car 654,,,,47,,arrived,,arrived,759.0,,,
Car 274,,,,,2,switch,,"Charger 2 (fid=17) not available, trying Charger 3 (fid=19)",759.0,3,,
Car 572,,,,,3,switch,,"Charger 3 (fid=19) not available, trying Charger 0 (fid=1)",759.1569963427665,0,,
Car 311,,,,37,,arrived,,arrived,760.0,,,
Car 557,,,,64,,arrived,,arrived,760.0,,,
Car 600,,,,,,gave_up,1,"no alternate charger available, gave up",760.271264650323,,,
Car 120,,,,26,,arrived,,arrived,761.0,,,
Car 205,,,,,,gave_up,1,"no alternate charger available, gave up",761.271264650323,,,
Car 436,,,,,0,switch,,"Charger 0 (fid=1) not available, trying Charger 2 (fid=17)",761.9452241234304,2,,
Car 55,,,,63,,arrived,,arrived,763.0,,,
Car 4,,,,,0,switch,,"Charger 0 (fid=1) not available, trying Charger 1 (fid=7)",763.0,1,,
Car 150,,,,,3,switch,,"Charger 3 (fid=19) not available, trying Charger 2 (fid=17)",763.0,2,,
Car 393,,,,,3,switch,,"Charger 3 (fid=19) not available, trying Charger 2 (fid=17)",763.0,2,,
Car 469,,,,,2,switch,,"Charger 2 (fid=17) not available, trying Charger 3 (fid=19)",763.1142683075565,3,,
Car 303,,,,,,gave_up,1,"no alternate charger available, gave up",763.271264650323,,,
Car 654,,,,,3,switch,,"Charger 3 (fid=19) not available, trying Charger 2 (fid=17)",764.0,2,,
Car 311,,,,,2,switch,,"Charger 2 (fid=17) not available, trying Charger 3 (fid=19)",765.0,3,,
Car 557,,,,,1,switch,,"Charger 1 (fid=7) not available, trying Charger 0 (fid=1)",765.0,0,,
Car 415,,,,,,gave_up,3,"no alternate charger available, gave up",765.1553923431383,,,
Car 274,,,,,3,switch,,"Charger 3 (fid=19) not available, trying Charger 0 (fid=1)",765.1569963427665,0,,
Car 96,,,,,0,switch,,"Charger 0 (fid=1) not available, trying Charger 1 (fid=7)",765.169044184126,1,,
Car 120,,,,,3,switch,,"Charger 3 (fid=19) not available, trying Charger 2 (fid=17)",766.0,2,,
Car 142,,,,,0,switch,,"Charger 0 (fid=1) not available, trying Charger 1 (fid=7)",766.1502519097737,1,,
Car 572,,,,,0,switch,,"Charger 0 (fid=1) not available, trying Charger 1 (fid=7)",767.1502519097737,1,,
Car 411,,,,4,,arrived,,arrived,768.0,,,
Car 55,,,,,2,switch,,"Charger 2 (fid=17) not available, trying Charger 3 (fid=19)",768.0,3,,
Car 4,,,,,1,switch,,"Charger 1 (fid=7) not available, trying Charger 2 (fid=17)",768.9452241234304,2,,
Car 189,,,,60,,arrived,,arrived,769.0,,,
Car 414,83.0,17,2,,,done,,done charging,769.1142683075564,,,356.2131919076099
Car 436,,17,2,,,start_charge,,starting to charge at Charger 2 (fid=17),769.1142683075564,,14.999999999999886,
Car 150,,,,,2,switch,,"Charger 2 (fid=17) not available, trying Charger 0 (fid=1)",769.1569963427665,0,,
Car 393,,,,,2,switch,,"Charger 2 (fid=17) not available, trying Charger 0 (fid=1)",769.1569963427665,0,,
Car 469,,,,,,gave_up,3,"no alternate charger available, gave up",769.271264650323,,,
Car 12,86.0,7,1,,,done,,done charging,770.0954760332042,,,221.33813887803169
Car 96,,7,1,,,start_charge,,starting to charge at Charger 1 (fid=7),770.0954760332042,,13.981207725647778,
Car 654,,,,,2,switch,,"Charger 2 (fid=17) not available, trying Charger 0 (fid=1)",770.1569963427665,0,,
Car 557,,,,,0,switch,,"Charger 0 (fid=1) not available, trying Charger 2 (fid=17)",770.9452241234304,2,,
Car 311,,,,,3,switch,,"Charger 3 (fid=19) not available, trying Charger 0 (fid=1)",771.1569963427665,0,,
Car 142,,,,,,gave_up,1,"no alternate charger available, gave up",772.0954760332041,,,
Car 120,,,,,2,switch,,"Charger 2 (fid=17) not available, trying Charger 0 (fid=1)",772.1569963427665,0,,
Car 411,,,,,0,switch,,"Charger 0 (fid=1) not available, trying Charger 2 (fid=17)",773.0,2,,
Car 572,,,,,,gave_up,1,"no alternate charger available, gave up",773.0954760332041,,,
Car 274,,,,,0,switch,,"Charger 0 (fid=1) not available, trying Charger 1 (fid=7)",773.1502519097737,1,,
Car 241,,,,66,,arrived,,arrived,774.0,,,
Car 189,,,,,2,switch,,"Charger 2 (fid=17) not available, trying Charger 0 (fid=1)",774.0,0,,
Car 55,,,,,3,switch,,"Charger 3 (fid=19) not available, trying Charger 0 (fid=1)",774.1569963427665,0,,
Car 515,113.0,19,3,,,done,,done charging,775.1622997511331,,,62.71297419991698
Car 113,,,,3,,arrived,,arrived,776.0,,,
Car 347,,,,19,,arrived,,arrived,776.0,,,
Car 347,,19,3,,,start_charge,,starting to charge at Charger 3 (fid=19),776.0,,0.0,
Car 150,,,,,0,switch,,"Charger 0 (fid=1) not available, trying Charger 1 (fid=7)",776.3260405268926,1,,
Car 393,,,,,0,switch,,"Charger 0 (fid=1) not available, trying Charger 1 (fid=7)",776.3260405268926,1,,
Car 147,,,,73,,arrived,,arrived,777.0,,,
Car 580,,,,51,,arrived,,arrived,777.0,,,
Car 4,,,,,2,switch,,"Charger 2 (fid=17) not available, trying Charger 3 (fid=19)",777.0561724488829,3,,
Car 654,,,,,0,switch,,"Charger 0 (fid=1) not available, trying Charger 1 (fid=7)",777.3260405268926,1,,
Car 717,,,,31,,arrived,,arrived,778.0,,,
Car 557,,,,,2,switch,,"Charger 2 (fid=17) not available, trying Charger 3 (fid=19)",778.1142683075565,3,,
Car 14,,,,81,,arrived,,arrived,779.0,,,
Car 36,,,,54,,arrived,,arrived,779.0,,,
Car 241,,,,,2,switch,,"Charger 2 (fid=17) not available, trying Charger 0 (fid=1)",779.0,0,,
Car 274,,,,,,gave_up,1,"no alternate charger available, gave up",779.0954760332041,,,
Car 311,,,,,0,switch,,"Charger 0 (fid=1) not available, trying Charger 1 (fid=7)",779.1502519097737,1,,
Car 120,,,,,0,switch,,"Charger 0 (fid=1) not available, trying Charger 1 (fid=7)",779.3260405268926,1,,
Car 411,,,,,2,switch,,"Charger 2 (fid=17) not available, trying Charger 1 (fid=7)",780.169044184126,1,,
Car 222,,,,11,,arrived,,arrived,781.0,,,
Car 633,,,,9,,arrived,,arrived,781.0,,,
Car 113,,,,,0,switch,,"Charger 0 (fid=1) not available, trying Charger 1 (fid=7)",781.0,1,,
Car 189,,,,,0,switch,,"Charger 0 (fid=1) not available, trying Charger 1 (fid=7)",781.169044184126,1,,
Car 147,,,,,2,switch,,"Charger 2 (fid=17) not available, trying Charger 3 (fid=19)",782.0,3,,
Car 580,,,,,0,switch,,"Charger 0 (fid=1) not available, trying Charger 1 (fid=7)",782.0,1,,
Car 55,,,,,0,switch,,"Charger 0 (fid=1) not available, trying Charger 1 (fid=7)",782.1502519097737,1,,
Car 150,,,,,,gave_up,1,"no alternate charger available, gave up",782.271264650323,,,
Car 393,,,,,,gave_up,1,"no alternate charger available, gave up",782.271264650323,,,
Car 219,,,,43,,arrived,,arrived,783.0,,,
Car 717,,,,,3,switch,,"Charger 3 (fid=19) not available, trying Charger 2 (fid=17)",783.0,2,,
Car 4,,,,,,gave_up,3,"no alternate charger available, gave up",783.2131687916494,,,
Car 654,,,,,,gave_up,1,"no alternate charger available, gave up",783.271264650323,,,
Car 170,,,,63,,arrived,,arrived,784.0,,,
Car 14,,,,,0,switch,,"Charger 0 (fid=1) not available, trying Charger 2 (fid=17)",784.0,2,,
Car 36,,,,,2,switch,,"Charger 2 (fid=17) not available, trying Charger 3 (fid=19)",784.0,3,,
Car 557,,,,,,gave_up,3,"no alternate charger available, gave up",784.271264650323,,,
Car 54,,,,30,,arrived,,arrived,785.0,,,
Car 631,102.0,7,1,,,done,,done charging,785.0954760332041,,,213.79174619242036
Car 311,,,,,,gave_up,1,"no alternate charger available, gave up",785.0954760332041,,,
Car 120,,,,,,gave_up,1,"no alternate charger available, gave up",785.271264650323,,,
Car 237,,,,66,,arrived,,arrived,786.0,,,
Car 331,,,,91,,arrived,,arrived,786.0,,,
Car 222,,,,,2,switch,,"Charger 2 (fid=17) not available, trying Charger 3 (fid=19)",786.0,3,,
Car 633,,,,,2,switch,,"Charger 2 (fid=17) not available, trying Charger 0 (fid=1)",786.0,0,,
Car 241,,,,,0,switch,,"Charger 0 (fid=1) not available, trying Charger 3 (fid=19)",786.169044184126,3,,
Car 113,,,,,1,switch,,"Charger 1 (fid=7) not available, trying Charger 2 (fid=17)",786.9452241234304,2,,
Car 530,,,,18,,arrived,,arrived,787.0,,,
Car 189,,,,,1,switch,,"Charger 1 (fid=7) not available, trying Charger 3 (fid=19)",787.1142683075565,3,,
Car 580,,,,,1,switch,,"Charger 1 (fid=7) not available, trying Charger 2 (fid=17)",787.9452241234304,2,,
Car 219,,,,,3,switch,,"Charger 3 (fid=19) not available, trying Charger 2 (fid=17)",788.0,2,,
Car 55,,,,,,gave_up,1,"no alternate charger available, gave up",788.0954760332041,,,
Car 147,,,,,3,switch,,"Charger 3 (fid=19) not available, trying Charger 0 (fid=1)",788.1569963427665,0,,
Car 411,,,,,1,switch,,"Charger 1 (fid=7) not available, trying Charger 3 (fid=19)",788.2799925095785,3,,
Car 705,,,,4,,arrived,,arrived,789.0,,,
Car 170,,,,,2,switch,,"Charger 2 (fid=17) not available, trying Charger 3 (fid=19)",789.0,3,,
Car 717,,,,,2,switch,,"Charger 2 (fid=17) not available, trying Charger 0 (fid=1)",789.1569963427665,0,,
Car 54,,,,,3,switch,,"Charger 3 (fid=19) not available, trying Charger 2 (fid=17)",790.0,2,,
Car 36,,,,,3,switch,,"Charger 3 (fid=19) not available, trying Charger 0 (fid=1)",790.1569963427665,0,,
Car 732,,,,118,,arrived,,arrived,791.0,,,
Car 237,,,,,2,switch,,"Charger 2 (fid=17) not available, trying Charger 0 (fid=1)",791.0,0,,
Car 331,,,,,1,switch,,"Charger 1 (fid=7) not available, trying Charger 0 (fid=1)",791.0,0,,
Car 14,,,,,2,switch,,"Charger 2 (fid=17) not available, trying Charger 3 (fid=19)",791.169044184126,3,,
Car 195,,,,8,,arrived,,arrived,792.0,,,
Car 530,,,,,3,switch,,"Charger 3 (fid=19) not available, trying Charger 2 (fid=17)",792.0,2,,
Car 222,,,,,3,switch,,"Charger 3 (fid=19) not available, trying Charger 0 (fid=1)",792.1569963427665,0,,
Car 633,,,,,0,switch,,"Charger 0 (fid=1) not available, trying Charger 3 (fid=19)",793.169044184126,3,,
Car 705,,,,,2,switch,,"Charger 2 (fid=17) not available, trying Charger 3 (fid=19)",794.0,3,,
Car 219,,,,,2,switch,,"Charger 2 (fid=17) not available, trying Charger 0 (fid=1)",794.1569963427665,0,,
Car 241,,,,,3,switch,,"Charger 3 (fid=19) not available, trying Charger 1 (fid=7)",794.1622997511332,1,,
Car 497,,,,5,,arrived,,arrived,795.0,,,
Car 647,,,,62,,arrived,,arrived,795.0,,,
Car 113,,,,,2,switch,,"Charger 2 (fid=17) not available, trying Charger 3 (fid=19)",795.0561724488829,3,,
Car 170,,,,,3,switch,,"Charger 3 (fid=19) not available, trying Charger 0 (fid=1)",795.1569963427665,0,,
Car 189,,,,,,gave_up,3,"no alternate charger available, gave up",795.9896681411162,,,
Car 527,,,,65,,arrived,,arrived,796.0,,,
Car 732,,,,,1,switch,,"Charger 1 (fid=7) not available, trying Charger 0 (fid=1)",796.0,0,,
Car 580,,,,,2,switch,,"Charger 2 (fid=17) not available, trying Charger 3 (fid=19)",796.0561724488829,3,,
Car 147,,,,,0,switch,,"Charger 0 (fid=1) not available, trying Charger 1 (fid=7)",796.1502519097737,1,,
Car 54,,,,,2,switch,,"Charger 2 (fid=17) not available, trying Charger 0 (fid=1)",796.1569963427665,0,,
Car 717,,,,,0,switch,,"Charger 0 (fid=1) not available, trying Charger 1 (fid=7)",796.3260405268926,1,,
Car 331,,,,,0,switch,,"Charger 0 (fid=1) not available, trying Charger 2 (fid=17)",796.9452241234304,2,,
Car 715,,,,56,,arrived,,arrived,797.0,,,
Car 195,,,,,2,switch,,"Charger 2 (fid=17) not available, trying Charger 3 (fid=19)",797.0,3,,
Car 411,,,,,,gave_up,3,"no alternate charger available, gave up",797.1553923431383,,,
Car 294,85.0,1,0,,,done,,done charging,797.3260405268926,,,534.1476056016842
Car 14,,,,,3,switch,,"Charger 3 (fid=19) not available, trying Charger 1 (fid=7)",797.3260405268926,1,,
Car 36,,1,0,,,start_charge,,starting to charge at Charger 0 (fid=1),797.3260405268926,,14.175788617118883,
Car 77,,,,10,,arrived,,arrived,798.0,,,
Car 530,,,,,2,switch,,"Charger 2 (fid=17) not available, trying Charger 0 (fid=1)",798.1569963427665,0,,
Car 237,,,,,0,switch,,"Charger 0 (fid=1) not available, trying Charger 3 (fid=19)",798.169044184126,3,,
Car 499,104.0,1,0,,,done,,done charging,799.0,,,269.966922627575
Car 222,,1,0,,,start_charge,,starting to charge at Charger 0 (fid=1),799.0,,13.849748090226285,
Car 503,63.0,7,1,,,done,,done charging,799.271264650323,,,522.318840014391
Car 497,,7,1,,,start_charge,,starting to charge at Charger 1 (fid=7),799.271264650323,,4.271264650323019,
Car 647,,,,,2,switch,,"Charger 2 (fid=17) not available, trying Charger 0 (fid=1)",800.0,0,,
Car 705,,,,,3,switch,,"Charger 3 (fid=19) not available, trying Charger 0 (fid=1)",800.1569963427665,0,,
Car 216,,,,72,,arrived,,arrived,801.0,,,
Car 527,,,,,2,switch,,"Charger 2 (fid=17) not available, trying Charger 3 (fid=19)",801.0,3,,
Car 633,,,,,3,switch,,"Charger 3 (fid=19) not available, trying Charger 1 (fid=7)",801.1622997511332,1,,
Car 113,,,,,,gave_up,3,"no alternate charger available, gave up",801.2131687916494,,,
Car 219,,,,,0,switch,,"Charger 0 (fid=1) not available, trying Charger 1 (fid=7)",801.3260405268926,1,,
Car 732,,,,,0,switch,,"Charger 0 (fid=1) not available, trying Charger 2 (fid=17)",801.9452241234304,2,,
Car 715,,,,,3,switch,,"Charger 3 (fid=19) not available, trying Charger 2 (fid=17)",802.0,2,,
Car 147,,,,,,gave_up,1,"no alternate charger available, gave up",802.0954760332041,,,
Car 580,,,,,,gave_up,3,"no alternate charger available, gave up",802.2131687916494,,,
Car 717,,,,,,gave_up,1,"no alternate charger available, gave up",802.271264650323,,,
Car 77,,,,,2,switch,,"Charger 2 (fid=17) not available, trying Charger 3 (fid=19)",803.0,3,,
Car 241,,,,,,gave_up,1,"no alternate charger available, gave up",803.037699584693,,,
Car 170,,,,,0,switch,,"Charger 0 (fid=1) not available, trying Charger 1 (fid=7)",803.1502519097737,1,,
Car 195,,,,,3,switch,,"Charger 3 (fid=19) not available, trying Charger 0 (fid=1)",803.1569963427665,0,,
Car 63,100.0,7,1,,,done,,done charging,803.2712646503229,,,180.82839704536696
Car 14,,7,1,,,start_charge,,starting to charge at Charger 1 (fid=7),803.2712646503229,,17.069824289870553,
Car 54,,,,,0,switch,,"Charger 0 (fid=1) not available, trying Charger 1 (fid=7)",803.3260405268926,1,,
Car 331,,,,,2,switch,,"Charger 2 (fid=17) not available, trying Charger 3 (fid=19)",804.1142683075565,3,,
Car 79,,,,9,,arrived,,arrived,805.0,,,
Car 530,,,,,0,switch,,"Charger 0 (fid=1) not available, trying Charger 1 (fid=7)",805.3260405268926,1,,
Car 216,,,,,3,switch,,"Charger 3 (fid=19) not available, trying Charger 2 (fid=17)",806.0,2,,
Car 237,,,,,3,switch,,"Charger 3 (fid=19) not available, trying Charger 1 (fid=7)",806.1622997511332,1,,
Car 263,,,,30,,arrived,,arrived,807.0,,,
Car 527,,,,,3,switch,,"Charger 3 (fid=19) not available, trying Charger 0 (fid=1)",807.1569963427665,0,,
Car 647,,,,,0,switch,,"Charger 0 (fid=1) not available, trying Charger 3 (fid=19)",807.169044184126,3,,
Car 219,,,,,,gave_up,1,"no alternate charger available, gave up",807.271264650323,,,
Car 705,,,,,0,switch,,"Charger 0 (fid=1) not available, trying Charger 1 (fid=7)",808.1502519097737,1,,
Car 715,,,,,2,switch,,"Charger 2 (fid=17) not available, trying Charger 0 (fid=1)",808.1569963427665,0,,
Car 170,,,,,,gave_up,1,"no alternate charger available, gave up",809.0954760332041,,,
Car 732,,,,,2,switch,,"Charger 2 (fid=17) not available, trying Charger 3 (fid=19)",809.1142683075565,3,,
Car 77,,,,,3,switch,,"Charger 3 (fid=19) not available, trying Charger 0 (fid=1)",809.1569963427665,0,,
Car 54,,,,,,gave_up,1,"no alternate charger available, gave up",809.271264650323,,,
Car 454,,,,116,,arrived,,arrived,810.0,,,
Car 79,,,,,2,switch,,"Charger 2 (fid=17) not available, trying Charger 0 (fid=1)",810.0,0,,
Car 633,,,,,,gave_up,1,"no alternate charger available, gave up",810.037699584693,,,
Car 331,,,,,,gave_up,3,"no alternate charger available, gave up",810.271264650323,,,
Car 630,52.0,1,0,,,done,,done charging,810.9452241234303,,,78.73716948175102
Car 195,,1,0,,,start_charge,,starting to charge at Charger 0 (fid=1),810.9452241234303,,14.794972213656592,
Car 261,,,,8,,arrived,,arrived,811.0,,,
Car 530,,,,,,gave_up,1,"no alternate charger available, gave up",811.271264650323,,,
Car 711,,,,4,,arrived,,arrived,812.0,,,
Car 263,,,,,3,switch,,"Charger 3 (fid=19) not available, trying Charger 2 (fid=17)",812.0,2,,
Car 216,,,,,2,switch,,"Charger 2 (fid=17) not available, trying Charger 0 (fid=1)",812.1569963427665,0,,
Car 171,,,,72,,arrived,,arrived,813.0,,,
Car 461,,,,2,,arrived,,arrived,814.0,,,
Car 705,,,,,,gave_up,1,"no alternate charger available, gave up",814.0954760332041,,,
Car 509,,,,2,,arrived,,arrived,815.0,,,
Car 454,,,,,3,switch,,"Charger 3 (fid=19) not available, trying Charger 2 (fid=17)",815.0,2,,
Car 237,,,,,,gave_up,1,"no alternate charger available, gave up",815.037699584693,,,
Car 527,,,,,0,switch,,"Charger 0 (fid=1) not available, trying Charger 1 (fid=7)",815.1502519097737,1,,
Car 647,,,,,3,switch,,"Charger 3 (fid=19) not available, trying Charger 1 (fid=7)",815.1622997511332,1,,
Car 732,,,,,,gave_up,3,"no alternate charger available, gave up",815.271264650323,,,
Car 715,,,,,0,switch,,"Charger 0 (fid=1) not available, trying Charger 1 (fid=7)",815.3260405268926,1,,
Car 246,,,,30,,arrived,,arrived,816.0,,,
Car 749,,,,63,,arrived,,arrived,816.0,,,
Car 261,,,,,2,switch,,"Charger 2 (fid=17) not available, trying Charger 3 (fid=19)",816.0,3,,
Car 69,,,,64,,arrived,,arrived,817.0,,,
Car 711,,,,,0,switch,,"Charger 0 (fid=1) not available, trying Charger 2 (fid=17)",817.0,2,,
Car 77,,,,,0,switch,,"Charger 0 (fid=1) not available, trying Charger 1 (fid=7)",817.1502519097737,1,,
Car 79,,,,,0,switch,,"Charger 0 (fid=1) not available, trying Charger 3 (fid=19)",817.169044184126,3,,
Car 171,,,,,3,switch,,"Charger 3 (fid=19) not available, trying Charger 2 (fid=17)",818.0,2,,
Car 263,,,,,2,switch,,"Charger 2 (fid=17) not available, trying Charger 0 (fid=1)",818.1569963427665,0,,
Car 644,,,,57,,arrived,,arrived,819.0,,,
Car 461,,,,,1,switch,,"Charger 1 (fid=7) not available, trying Charger 0 (fid=1)",819.0,0,,
Car 216,,,,,0,switch,,"Charger 0 (fid=1) not available, trying Charger 1 (fid=7)",819.3260405268926,1,,
Car 509,,,,,1,switch,,"Charger 1 (fid=7) not available, trying Charger 0 (fid=1)",820.0,0,,
Car 436,51.0,17,2,,,done,,done charging,820.1142683075564,,,288.1550111311549
Car 749,,17,2,,,start_charge,,starting to charge at Charger 2 (fid=17),820.1142683075564,,4.114268307556358,
Car 500,,,,56,,arrived,,arrived,821.0,,,
Car 246,,,,,3,switch,,"Charger 3 (fid=19) not available, trying Charger 2 (fid=17)",821.0,2,,
Car 527,,,,,,gave_up,1,"no alternate charger available, gave up",821.0954760332041,,,
Car 454,,,,,2,switch,,"Charger 2 (fid=17) not available, trying Charger 0 (fid=1)",821.1569963427665,0,,
Car 715,,,,,,gave_up,1,"no alternate charger available, gave up",821.271264650323,,,
Car 610,,,,9,,arrived,,arrived,822.0,,,
Car 69,,,,,1,switch,,"Charger 1 (fid=7) not available, trying Charger 0 (fid=1)",822.0,0,,
Car 261,,,,,3,switch,,"Charger 3 (fid=19) not available, trying Charger 0 (fid=1)",822.1569963427665,0,,
Car 65,,,,72,,arrived,,arrived,823.0,,,
Car 77,,,,,,gave_up,1,"no alternate charger available, gave up",823.0954760332041,,,
Car 19,,,,34,,arrived,,arrived,824.0,,,
Car 644,,,,,3,switch,,"Charger 3 (fid=19) not available, trying Charger 2 (fid=17)",824.0,2,,
Car 647,,,,,,gave_up,1,"no alternate charger available, gave up",824.037699584693,,,
Car 171,,,,,2,switch,,"Charger 2 (fid=17) not available, trying Charger 0 (fid=1)",824.1569963427665,0,,
Car 711,,,,,2,switch,,"Charger 2 (fid=17) not available, trying Charger 1 (fid=7)",824.169044184126,1,,
Car 461,,,,,0,switch,,"Charger 0 (fid=1) not available, trying Charger 2 (fid=17)",824.9452241234304,2,,
Car 79,,,,,3,switch,,"Charger 3 (fid=19) not available, trying Charger 1 (fid=7)",825.1622997511332,1,,
Car 216,,,,,,gave_up,1,"no alternate charger available, gave up",825.271264650323,,,
Car 263,,,,,0,switch,,"Charger 0 (fid=1) not available, trying Charger 1 (fid=7)",825.3260405268926,1,,
Car 509,,,,,0,switch,,"Charger 0 (fid=1) not available, trying Charger 2 (fid=17)",825.9452241234304,2,,
Car 500,,,,,3,switch,,"Charger 3 (fid=19) not available, trying Charger 2 (fid=17)",826.0,2,,
Car 281,,,,36,,arrived,,arrived,827.0,,,
Car 610,,,,,2,switch,,"Charger 2 (fid=17) not available, trying Charger 0 (fid=1)",827.0,0,,
Car 246,,,,,2,switch,,"Charger 2 (fid=17) not available, trying Charger 0 (fid=1)",827.1569963427665,0,,
Car 69,,,,,0,switch,,"Charger 0 (fid=1) not available, trying Charger 2 (fid=17)",827.9452241234304,2,,
Car 65,,,,,3,switch,,"Charger 3 (fid=19) not available, trying Charger 2 (fid=17)",828.0,2,,
Car 454,,,,,0,switch,,"Charger 0 (fid=1) not available, trying Charger 1 (fid=7)",828.3260405268926,1,,
Car 125,,,,8,,arrived,,arrived,829.0,,,
Car 19,,,,,2,switch,,"Charger 2 (fid=17) not available, trying Charger 3 (fid=19)",829.0,3,,
Car 261,,,,,0,switch,,"Charger 0 (fid=1) not available, trying Charger 1 (fid=7)",830.1502519097737,1,,
Car 644,,,,,2,switch,,"Charger 2 (fid=17) not available, trying Charger 0 (fid=1)",830.1569963427665,0,,
Car 263,,,,,,gave_up,1,"no alternate charger available, gave up",831.271264650323,,,
Car 171,,,,,0,switch,,"Charger 0 (fid=1) not available, trying Charger 1 (fid=7)",831.3260405268926,1,,
Car 656,,,,71,,arrived,,arrived,832.0,,,
Car 281,,,,,2,switch,,"Charger 2 (fid=17) not available, trying Charger 3 (fid=19)",832.0,3,,
Car 461,,,,,2,switch,,"Charger 2 (fid=17) not available, trying Charger 3 (fid=19)",832.1142683075565,3,,
Car 500,,,,,2,switch,,"Charger 2 (fid=17) not available, trying Charger 0 (fid=1)",832.1569963427665,0,,
Car 711,,,,,1,switch,,"Charger 1 (fid=7) not available, trying Charger 3 (fid=19)",832.2799925095785,3,,
Car 509,,,,,2,switch,,"Charger 2 (fid=17) not available, trying Charger 3 (fid=19)",833.1142683075565,3,,
Car 35,,,,18,,arrived,,arrived,834.0,,,
Car 125,,,,,2,switch,,"Charger 2 (fid=17) not available, trying Charger 3 (fid=19)",834.0,3,,
Car 79,,,,,,gave_up,1,"no alternate charger available, gave up",834.037699584693,,,
Car 65,,,,,2,switch,,"Charger 2 (fid=17) not available, trying Charger 0 (fid=1)",834.1569963427665,0,,
Car 610,,,,,0,switch,,"Charger 0 (fid=1) not available, trying Charger 3 (fid=19)",834.169044184126,3,,
Car 454,,,,,,gave_up,1,"no alternate charger available, gave up",834.271264650323,,,
Car 246,,,,,0,switch,,"Charger 0 (fid=1) not available, trying Charger 1 (fid=7)",834.3260405268926,1,,
Car 69,,,,,2,switch,,"Charger 2 (fid=17) not available, trying Charger 3 (fid=19)",835.1142683075565,3,,
Car 19,,,,,3,switch,,"Charger 3 (fid=19) not available, trying Charger 0 (fid=1)",835.1569963427665,0,,
Car 261,,,,,,gave_up,1,"no alternate charger available, gave up",836.0954760332041,,,
Car 656,,,,,3,switch,,"Charger 3 (fid=19) not available, trying Charger 2 (fid=17)",837.0,2,,
Car 171,,,,,,gave_up,1,"no alternate charger available, gave up",837.271264650323,,,
Car 644,,,,,0,switch,,"Charger 0 (fid=1) not available, trying Charger 1 (fid=7)",837.3260405268926,1,,
Car 339,,,,61,,arrived,,arrived,838.0,,,
Car 281,,,,,3,switch,,"Charger 3 (fid=19) not available, trying Charger 0 (fid=1)",838.1569963427665,0,,
Car 461,,,,,,gave_up,3,"no alternate charger available, gave up",838.271264650323,,,
Car 35,,,,,3,switch,,"Charger 3 (fid=19) not available, trying Charger 2 (fid=17)",839.0,2,,
Car 509,,,,,,gave_up,3,"no alternate charger available, gave up",839.271264650323,,,
Car 500,,,,,0,switch,,"Charger 0 (fid=1) not available, trying Charger 1 (fid=7)",839.3260405268926,1,,
Car 125,,,,,3,switch,,"Charger 3 (fid=19) not available, trying Charger 0 (fid=1)",840.1569963427665,0,,
Car 246,,,,,,gave_up,1,"no alternate charger available, gave up",840.271264650323,,,
Car 711,,,,,,gave_up,3,"no alternate charger available, gave up",841.1553923431383,,,
Car 69,,,,,,gave_up,3,"no alternate charger available, gave up",841.271264650323,,,
Car 65,,,,,0,switch,,"Charger 0 (fid=1) not available, trying Charger 1 (fid=7)",841.3260405268926,1,,
Car 558,,,,45,,arrived,,arrived,842.0,,,
Car 610,,,,,3,switch,,"Charger 3 (fid=19) not available, trying Charger 1 (fid=7)",842.1622997511332,1,,
Car 339,,,,,2,switch,,"Charger 2 (fid=17) not available, trying Charger 0 (fid=1)",843.0,0,,
Car 19,,,,,0,switch,,"Charger 0 (fid=1) not available, trying Charger 1 (fid=7)",843.1502519097737,1,,
Car 656,,,,,2,switch,,"Charger 2 (fid=17) not available, trying Charger 0 (fid=1)",843.1569963427665,0,,
Car 644,,,,,,gave_up,1,"no alternate charger available, gave up",843.271264650323,,,
Car 35,,,,,2,switch,,"Charger 2 (fid=17) not available, trying Charger 0 (fid=1)",845.1569963427665,0,,
Car 163,93.0,1,0,,,done,,done charging,845.169044184126,,,207.9051544839849
Car 281,,1,0,,,start_charge,,starting to charge at Charger 0 (fid=1),845.169044184126,,14.018792274352336,
Car 500,,,,,,gave_up,1,"no alternate charger available, gave up",845.271264650323,,,
Car 288,,,,8,,arrived,,arrived,847.0,,,
Car 558,,,,,2,switch,,"Charger 2 (fid=17) not available, trying Charger 0 (fid=1)",847.0,0,,
Car 65,,,,,,gave_up,1,"no alternate charger available, gave up",847.271264650323,,,
Car 627,,,,37,,arrived,,arrived,848.0,,,
Car 125,,,,,0,switch,,"Charger 0 (fid=1) not available, trying Charger 1 (fid=7)",848.1502519097737,1,,
Car 178,,,,9,,arrived,,arrived,849.0,,,
Car 566,,,,77,,arrived,,arrived,849.0,,,
Car 19,,,,,,gave_up,1,"no alternate charger available, gave up",849.0954760332041,,,
Car 270,,,,40,,arrived,,arrived,850.0,,,
Car 339,,,,,0,switch,,"Charger 0 (fid=1) not available, trying Charger 1 (fid=7)",850.169044184126,1,,
Car 656,,,,,0,switch,,"Charger 0 (fid=1) not available, trying Charger 1 (fid=7)",850.3260405268926,1,,
Car 441,,,,88,,arrived,,arrived,851.0,,,
Car 610,,,,,,gave_up,1,"no alternate charger available, gave up",851.037699584693,,,
Car 288,,,,,2,switch,,"Charger 2 (fid=17) not available, trying Charger 3 (fid=19)",852.0,3,,
Car 35,,,,,0,switch,,"Charger 0 (fid=1) not available, trying Charger 1 (fid=7)",852.3260405268926,1,,
Car 627,,,,,2,switch,,"Charger 2 (fid=17) not available, trying Charger 3 (fid=19)",853.0,3,,
Car 178,,,,,2,switch,,"Charger 2 (fid=17) not available, trying Charger 0 (fid=1)",854.0,0,,
Car 566,,,,,0,switch,,"Charger 0 (fid=1) not available, trying Charger 2 (fid=17)",854.0,2,,
Car 125,,,,,,gave_up,1,"no alternate charger available, gave up",854.0954760332041,,,
Car 558,,,,,0,switch,,"Charger 0 (fid=1) not available, trying Charger 3 (fid=19)",854.169044184126,3,,
Car 297,,,,73,,arrived,,arrived,855.0,,,
Car 270,,,,,0,switch,,"Charger 0 (fid=1) not available, trying Charger 2 (fid=17)",855.0,2,,
Car 441,,,,,1,switch,,"Charger 1 (fid=7) not available, trying Charger 0 (fid=1)",856.0,0,,
Car 339,,,,,1,switch,,"Charger 1 (fid=7) not available, trying Charger 3 (fid=19)",856.1142683075565,3,,
Car 656,,,,,,gave_up,1,"no alternate charger available, gave up",856.271264650323,,,
Car 497,58.0,7,1,,,done,,done charging,857.271264650323,,,200.87575414171835
Car 35,,7,1,,,start_charge,,starting to charge at Charger 1 (fid=7),857.271264650323,,19.0,
Car 288,,,,,3,switch,,"Charger 3 (fid=19) not available, trying Charger 0 (fid=1)",858.1569963427665,0,,
Car 627,,,,,3,switch,,"Charger 3 (fid=19) not available, trying Charger 0 (fid=1)",859.1569963427665,0,,
Car 297,,,,,2,switch,,"Charger 2 (fid=17) not available, trying Charger 3 (fid=19)",860.0,3,,
Car 52,,,,40,,arrived,,arrived,861.0,,,
Car 62,,,,69,,arrived,,arrived,861.0,,,
Car 282,,,,82,,arrived,,arrived,861.0,,,
Car 178,,,,,0,switch,,"Charger 0 (fid=1) not available, trying Charger 3 (fid=19)",861.169044184126,3,,
Car 566,,,,,2,switch,,"Charger 2 (fid=17) not available, trying Charger 1 (fid=7)",861.169044184126,1,,
Car 195,51.0,1,0,,,done,,done charging,861.9452241234303,,,364.5118355636611
Car 441,,1,0,,,start_charge,,starting to charge at Charger 0 (fid=1),861.9452241234303,,9.999999999999886,
Car 558,,,,,3,switch,,"Charger 3 (fid=19) not available, trying Charger 1 (fid=7)",862.1622997511332,1,,
Car 270,,,,,2,switch,,"Charger 2 (fid=17) not available, trying Charger 1 (fid=7)",862.169044184126,1,,
Car 108,,,,37,,arrived,,arrived,864.0,,,
Car 339,,,,,,gave_up,3,"no alternate charger available, gave up",864.9896681411162,,,
Car 252,,,,85,,arrived,,arrived,865.0,,,
Car 385,,,,4,,arrived,,arrived,865.0,,,
Car 363,,,,73,,arrived,,arrived,866.0,,,
Car 52,,,,,0,switch,,"Charger 0 (fid=1) not available, trying Charger 2 (fid=17)",866.0,2,,
Car 62,,,,,3,switch,,"Charger 3 (fid=19) not available, trying Charger 2 (fid=17)",866.0,2,,
Car 282,,,,,1,switch,,"Charger 1 (fid=7) not available, trying Charger 0 (fid=1)",866.0,0,,
Car 288,,,,,0,switch,,"Charger 0 (fid=1) not available, trying Charger 1 (fid=7)",866.1502519097737,1,,
Car 297,,,,,3,switch,,"Charger 3 (fid=19) not available, trying Charger 0 (fid=1)",866.1569963427665,0,,
Car 627,,,,,0,switch,,"Charger 0 (fid=1) not available, trying Charger 1 (fid=7)",867.1502519097737,1,,
Car 299,,,,16,,arrived,,arrived,869.0,,,
Car 108,,,,,2,switch,,"Charger 2 (fid=17) not available, trying Charger 3 (fid=19)",869.0,3,,
Car 178,,,,,3,switch,,"Charger 3 (fid=19) not available, trying Charger 1 (fid=7)",869.1622997511332,1,,
Car 566,,,,,1,switch,,"Charger 1 (fid=7) not available, trying Charger 3 (fid=19)",869.2799925095785,3,,
Car 252,,,,,1,switch,,"Charger 1 (fid=7) not available, trying Charger 0 (fid=1)",870.0,0,,
Car 385,,,,,2,switch,,"Charger 2 (fid=17) not available, trying Charger 3 (fid=19)",870.0,3,,
Car 270,,,,,1,switch,,"Charger 1 (fid=7) not available, trying Charger 3 (fid=19)",870.2799925095785,3,,
Car 646,,,,10,,arrived,,arrived,871.0,,,
Car 347,95.0,19,3,,,done,,done charging,871.0,,,0.0
Car 363,,,,,2,switch,,"Charger 2 (fid=17) not available, trying Charger 3 (fid=19)",871.0,3,,
Car 108,,19,3,,,start_charge,,starting to charge at Charger 3 (fid=19),871.0,,5.843003657233453,
Car 558,,,,,,gave_up,1,"no alternate charger available, gave up",871.037699584693,,,
Car 282,,,,,0,switch,,"Charger 0 (fid=1) not available, trying Charger 2 (fid=17)",871.9452241234304,2,,
Car 314,,,,62,,arrived,,arrived,872.0,,,
Car 288,,,,,,gave_up,1,"no alternate charger available, gave up",872.0954760332041,,,
Car 62,,,,,2,switch,,"Charger 2 (fid=17) not available, trying Charger 0 (fid=1)",872.1569963427665,0,,
Car 627,,,,,,gave_up,1,"no alternate charger available, gave up",873.0954760332041,,,
Car 52,,,,,2,switch,,"Charger 2 (fid=17) not available, trying Charger 1 (fid=7)",873.169044184126,1,,
Car 222,75.0,1,0,,,done,,done charging,874.0,,,216.19634637521833
Car 299,,,,,2,switch,,"Charger 2 (fid=17) not available, trying Charger 3 (fid=19)",874.0,3,,
Car 297,,1,0,,,start_charge,,starting to charge at Charger 0 (fid=1),874.0,,14.849748090226285,
Car 252,,,,,0,switch,,"Charger 0 (fid=1) not available, trying Charger 2 (fid=17)",875.9452241234304,2,,
Car 646,,,,,2,switch,,"Charger 2 (fid=17) not available, trying Charger 3 (fid=19)",876.0,3,,
Car 385,,,,,3,switch,,"Charger 3 (fid=19) not available, trying Charger 0 (fid=1)",876.1569963427665,0,,
Car 314,,,,,2,switch,,"Charger 2 (fid=17) not available, trying Charger 0 (fid=1)",877.0,0,,
Car 363,,,,,3,switch,,"Charger 3 (fid=19) not available, trying Charger 0 (fid=1)",877.1569963427665,0,,
Car 178,,,,,,gave_up,1,"no alternate charger available, gave up",878.037699584693,,,
Car 96,108.0,7,1,,,done,,done charging,878.0954760332042,,,309.1814914980797
Car 52,,7,1,,,start_charge,,starting to charge at Charger 1 (fid=7),878.0954760332042,,11.815483523625744,
Car 566,,,,,,gave_up,3,"no alternate charger available, gave up",878.1553923431383,,,
Car 214,,,,72,,arrived,,arrived,879.0,,,
Car 282,,,,,2,switch,,"Charger 2 (fid=17) not available, trying Charger 3 (fid=19)",879.1142683075565,3,,
Car 270,,,,,,gave_up,3,"no alternate charger available, gave up",879.1553923431383,,,
Car 62,,,,,0,switch,,"Charger 0 (fid=1) not available, trying Charger 1 (fid=7)",879.3260405268926,1,,
Car 299,,,,,3,switch,,"Charger 3 (fid=19) not available, trying Charger 0 (fid=1)",880.1569963427665,0,,
Car 575,,,,8,,arrived,,arrived,882.0,,,
Car 646,,,,,3,switch,,"Charger 3 (fid=19) not available, trying Charger 0 (fid=1)",882.1569963427665,0,,
Car 252,,,,,2,switch,,"Charger 2 (fid=17) not available, trying Charger 3 (fid=19)",883.1142683075565,3,,
Car 29,,,,3,,arrived,,arrived,884.0,,,
Car 175,,,,45,,arrived,,arrived,884.0,,,
Car 422,,,,91,,arrived,,arrived,884.0,,,
Car 623,,,,61,,arrived,,arrived,884.0,,,
Car 214,,,,,3,switch,,"Charger 3 (fid=19) not available, trying Charger 2 (fid=17)",884.0,2,,
Car 385,,,,,0,switch,,"Charger 0 (fid=1) not available, trying Charger 1 (fid=7)",884.1502519097737,1,,
Car 314,,,,,0,switch,,"Charger 0 (fid=1) not available, trying Charger 3 (fid=19)",884.169044184126,3,,
Car 363,,,,,0,switch,,"Charger 0 (fid=1) not available, trying Charger 1 (fid=7)",885.1502519097737,1,,
Car 282,,,,,,gave_up,3,"no alternate charger available, gave up",885.271264650323,,,
Car 62,,,,,,gave_up,1,"no alternate charger available, gave up",885.271264650323,,,
Car 425,,,,78,,arrived,,arrived,886.0,,,
Car 729,,,,81,,arrived,,arrived,886.0,,,
Car 575,,,,,2,switch,,"Charger 2 (fid=17) not available, trying Charger 3 (fid=19)",887.0,3,,
Car 299,,,,,0,switch,,"Charger 0 (fid=1) not available, trying Charger 1 (fid=7)",888.1502519097737,1,,
Car 29,,,,,0,switch,,"Charger 0 (fid=1) not available, trying Charger 1 (fid=7)",889.0,1,,
Car 175,,,,,2,switch,,"Charger 2 (fid=17) not available, trying Charger 0 (fid=1)",889.0,0,,
Car 422,,,,,1,switch,,"Charger 1 (fid=7) not available, trying Charger 0 (fid=1)",889.0,0,,
Car 623,,,,,2,switch,,"Charger 2 (fid=17) not available, trying Charger 0 (fid=1)",889.0,0,,
Car 252,,,,,,gave_up,3,"no alternate charger available, gave up",889.271264650323,,,
Car 131,,,,30,,arrived,,arrived,890.0,,,
Car 385,,,,,,gave_up,1,"no alternate charger available, gave up",890.0954760332041,,,
Car 646,,,,,0,switch,,"Charger 0 (fid=1) not available, trying Charger 1 (fid=7)",890.1502519097737,1,,
Car 214,,,,,2,switch,,"Charger 2 (fid=17) not available, trying Charger 0 (fid=1)",890.1569963427665,0,,
Car 234,,,,63,,arrived,,arrived,891.0,,,
Car 425,,,,,2,switch,,"Charger 2 (fid=17) not available, trying Charger 3 (fid=19)",891.0,3,,
Car 729,,,,,0,switch,,"Charger 0 (fid=1) not available, trying Charger 2 (fid=17)",891.0,2,,
Car 363,,,,,,gave_up,1,"no alternate charger available, gave up",891.0954760332041,,,
Car 314,,,,,3,switch,,"Charger 3 (fid=19) not available, trying Charger 1 (fid=7)",892.1622997511332,1,,
Car 575,,,,,3,switch,,"Charger 3 (fid=19) not available, trying Charger 0 (fid=1)",893.1569963427665,0,,
Car 358,,,,38,,arrived,,arrived,894.0,,,
Car 571,,,,29,,arrived,,arrived,894.0,,,
Car 299,,,,,,gave_up,1,"no alternate charger available, gave up",894.0954760332041,,,
Car 14,91.0,7,1,,,done,,done charging,894.2712646503229,,,169.29961141715492
Car 29,,7,1,,,start_charge,,starting to charge at Charger 1 (fid=7),894.2712646503229,,9.326040526892484,
Car 422,,,,,0,switch,,"Charger 0 (fid=1) not available, trying Charger 2 (fid=17)",894.9452241234304,2,,
Car 131,,,,,3,switch,,"Charger 3 (fid=19) not available, trying Charger 2 (fid=17)",895.0,2,,
Car 581,,,,9,,arrived,,arrived,896.0,,,
Car 234,,,,,2,switch,,"Charger 2 (fid=17) not available, trying Charger 3 (fid=19)",896.0,3,,
Car 646,,,,,,gave_up,1,"no alternate charger available, gave up",896.0954760332041,,,
Car 175,,,,,0,switch,,"Charger 0 (fid=1) not available, trying Charger 3 (fid=19)",896.169044184126,3,,
Car 623,,,,,0,switch,,"Charger 0 (fid=1) not available, trying Charger 1 (fid=7)",896.169044184126,1,,
Car 425,,,,,3,switch,,"Charger 3 (fid=19) not available, trying Charger 0 (fid=1)",897.1569963427665,0,,
Car 214,,,,,0,switch,,"Charger 0 (fid=1) not available, trying Charger 1 (fid=7)",897.3260405268926,1,,
Car 729,,,,,2,switch,,"Charger 2 (fid=17) not available, trying Charger 3 (fid=19)",898.169044184126,3,,
Car 358,,,,,2,switch,,"Charger 2 (fid=17) not available, trying Charger 3 (fid=19)",899.0,3,,
Car 571,,,,,3,switch,,"Charger 3 (fid=19) not available, trying Charger 2 (fid=17)",899.0,2,,
Car 144,,,,40,,arrived,,arrived,900.0,,,
Car 697,,,,115,,arrived,,arrived,901.0,,,
Car 581,,,,,2,switch,,"Charger 2 (fid=17) not available, trying Charger 0 (fid=1)",901.0,0,,
Car 314,,,,,,gave_up,1,"no alternate charger available, gave up",901.037699584693,,,
Car 575,,,,,0,switch,,"Charger 0 (fid=1) not available, trying Charger 1 (fid=7)",901.1502519097737,1,,
Car 131,,,,,2,switch,,"Charger 2 (fid=17) not available, trying Charger 0 (fid=1)",901.1569963427665,0,,
Car 422,,,,,2,switch,,"Charger 2 (fid=17) not available, trying Charger 3 (fid=19)",902.1142683075565,3,,
Car 623,,,,,1,switch,,"Charger 1 (fid=7) not available, trying Charger 3 (fid=19)",902.1142683075565,3,,
Car 234,,,,,3,switch,,"Charger 3 (fid=19) not available, trying Charger 0 (fid=1)",902.1569963427665,0,,
Car 164,,,,77,,arrived,,arrived,903.0,,,
Car 281,58.0,1,0,,,done,,done charging,903.169044184126,,,187.64360018130802
Car 144,,1,0,,,start_charge,,starting to charge at Charger 0 (fid=1),903.169044184126,,3.169044184126051,
Car 214,,,,,,gave_up,1,"no alternate charger available, gave up",903.271264650323,,,
Car 496,,,,37,,arrived,,arrived,904.0,,,
Car 175,,,,,3,switch,,"Charger 3 (fid=19) not available, trying Charger 1 (fid=7)",904.1622997511332,1,,
Car 729,,,,,3,switch,,"Charger 3 (fid=19) not available, trying Charger 1 (fid=7)",904.3260405268926,1,,
Car 468,,,,25,,arrived,,arrived,905.0,,,
Car 425,,,,,0,switch,,"Charger 0 (fid=1) not available, trying Charger 1 (fid=7)",905.1502519097737,1,,
Car 358,,,,,3,switch,,"Charger 3 (fid=19) not available, trying Charger 0 (fid=1)",905.1569963427665,0,,
Car 571,,,,,2,switch,,"Charger 2 (fid=17) not available, trying Charger 0 (fid=1)",905.1569963427665,0,,
Car 380,,,,18,,arrived,,arrived,906.0,,,
Car 697,,,,,3,switch,,"Charger 3 (fid=19) not available, trying Charger 2 (fid=17)",906.0,2,,
Car 575,,,,,,gave_up,1,"no alternate charger available, gave up",907.0954760332041,,,
Car 488,,,,40,,arrived,,arrived,908.0,,,
Car 164,,,,,0,switch,,"Charger 0 (fid=1) not available, trying Charger 2 (fid=17)",908.0,2,,
Car 581,,,,,0,switch,,"Charger 0 (fid=1) not available, trying Charger 3 (fid=19)",908.169044184126,3,,
Car 422,,,,,,gave_up,3,"no alternate charger available, gave up",908.271264650323,,,
Car 131,,,,,0,switch,,"Charger 0 (fid=1) not available, trying Charger 1 (fid=7)",908.3260405268926,1,,
Car 350,,,,53,,arrived,,arrived,909.0,,,
Car 472,,,,65,,arrived,,arrived,909.0,,,
Car 496,,,,,2,switch,,"Charger 2 (fid=17) not available, trying Charger 3 (fid=19)",909.0,3,,
Car 468,,,,,3,switch,,"Charger 3 (fid=19) not available, trying Charger 2 (fid=17)",910.0,2,,
Car 234,,,,,0,switch,,"Charger 0 (fid=1) not available, trying Charger 1 (fid=7)",910.1502519097737,1,,
Car 36,113.0,1,0,,,done,,done charging,910.3260405268926,,,269.966922627575
Car 571,,1,0,,,start_charge,,starting to charge at Charger 0 (fid=1),910.3260405268926,,13.0,
Car 623,,,,,,gave_up,3,"no alternate charger available, gave up",910.9896681411162,,,
Car 380,,,,,3,switch,,"Charger 3 (fid=19) not available, trying Charger 2 (fid=17)",911.0,2,,
Car 425,,,,,,gave_up,1,"no alternate charger available, gave up",911.0954760332041,,,
Car 138,,,,68,,arrived,,arrived,912.0,,,
Car 510,,,,34,,arrived,,arrived,912.0,,,
Car 749,92.0,17,2,,,done,,done charging,912.1142683075564,,,259.0158400272002
Car 697,,17,2,,,start_charge,,starting to charge at Charger 2 (fid=17),912.1142683075564,,9.957271964789811,
Car 488,,,,,0,switch,,"Charger 0 (fid=1) not available, trying Charger 2 (fid=17)",913.0,2,,
Car 175,,,,,,gave_up,1,"no alternate charger available, gave up",913.037699584693,,,
Car 358,,,,,0,switch,,"Charger 0 (fid=1) not available, trying Charger 1 (fid=7)",913.1502519097737,1,,
Car 729,,,,,,gave_up,1,"no alternate charger available, gave up",913.2014403604524,,,
Car 350,,,,,1,switch,,"Charger 1 (fid=7) not available, trying Charger 0 (fid=1)",914.0,0,,
Car 472,,,,,2,switch,,"Charger 2 (fid=17) not available, trying Charger 3 (fid=19)",914.0,3,,
Car 131,,,,,,gave_up,1,"no alternate charger available, gave up",914.271264650323,,,
Car 496,,,,,3,switch,,"Charger 3 (fid=19) not available, trying Charger 0 (fid=1)",915.1569963427665,0,,
Car 164,,,,,2,switch,,"Charger 2 (fid=17) not available, trying Charger 1 (fid=7)",915.169044184126,1,,
Car 612,,,,8,,arrived,,arrived,916.0,,,
Car 234,,,,,,gave_up,1,"no alternate charger available, gave up",916.0954760332041,,,
Car 468,,,,,2,switch,,"Charger 2 (fid=17) not available, trying Charger 0 (fid=1)",916.1569963427665,0,,
Car 581,,,,,3,switch,,"Charger 3 (fid=19) not available, trying Charger 1 (fid=7)",916.1622997511332,1,,
Car 138,,,,,3,switch,,"Charger 3 (fid=19) not available, trying Charger 2 (fid=17)",917.0,2,,
Car 510,,,,,2,switch,,"Charger 2 (fid=17) not available, trying Charger 3 (fid=19)",917.0,3,,
Car 380,,,,,2,switch,,"Charger 2 (fid=17) not available, trying Charger 0 (fid=1)",917.1569963427665,0,,
Car 489,,,,55,,arrived,,arrived,919.0,,,
Car 358,,,,,,gave_up,1,"no alternate charger available, gave up",919.0954760332041,,,
Car 350,,,,,0,switch,,"Charger 0 (fid=1) not available, trying Charger 2 (fid=17)",919.9452241234304,2,,
Car 472,,,,,3,switch,,"Charger 3 (fid=19) not available, trying Charger 0 (fid=1)",920.1569963427665,0,,
Car 488,,,,,2,switch,,"Charger 2 (fid=17) not available, trying Charger 1 (fid=7)",920.169044184126,1,,
Car 322,,,,61,,arrived,,arrived,921.0,,,
Car 491,,,,52,,arrived,,arrived,921.0,,,
Car 612,,,,,2,switch,,"Charger 2 (fid=17) not available, trying Charger 3 (fid=19)",921.0,3,,
Car 496,,,,,0,switch,,"Charger 0 (fid=1) not available, trying Charger 1 (fid=7)",923.1502519097737,1,,
Car 138,,,,,2,switch,,"Charger 2 (fid=17) not available, trying Charger 0 (fid=1)",923.1569963427665,0,,
Car 510,,,,,3,switch,,"Charger 3 (fid=19) not available, trying Charger 0 (fid=1)",923.1569963427665,0,,
Car 164,,,,,1,switch,,"Charger 1 (fid=7) not available, trying Charger 3 (fid=19)",923.2799925095785,3,,
Car 468,,,,,0,switch,,"Charger 0 (fid=1) not available, trying Charger 1 (fid=7)",923.3260405268926,1,,
Car 489,,,,,3,switch,,"Charger 3 (fid=19) not available, trying Charger 2 (fid=17)",924.0,2,,
Car 380,,,,,0,switch,,"Charger 0 (fid=1) not available, trying Charger 1 (fid=7)",924.3260405268926,1,,
Car 581,,,,,,gave_up,1,"no alternate charger available, gave up",925.037699584693,,,
Car 693,,,,66,,arrived,,arrived,926.0,,,
Car 322,,,,,2,switch,,"Charger 2 (fid=17) not available, trying Charger 0 (fid=1)",926.0,0,,
Car 491,,,,,1,switch,,"Charger 1 (fid=7) not available, trying Charger 0 (fid=1)",926.0,0,,
Car 350,,,,,2,switch,,"Charger 2 (fid=17) not available, trying Charger 3 (fid=19)",927.1142683075565,3,,
Car 612,,,,,3,switch,,"Charger 3 (fid=19) not available, trying Charger 0 (fid=1)",927.1569963427665,0,,
Car 472,,,,,0,switch,,"Charger 0 (fid=1) not available, trying Charger 1 (fid=7)",928.1502519097737,1,,
Car 488,,,,,1,switch,,"Charger 1 (fid=7) not available, trying Charger 3 (fid=19)",928.2799925095785,3,,
Car 505,,,,64,,arrived,,arrived,929.0,,,
Car 496,,,,,,gave_up,1,"no alternate charger available, gave up",929.0954760332041,,,
Car 468,,,,,,gave_up,1,"no alternate charger available, gave up",929.271264650323,,,
Car 489,,,,,2,switch,,"Charger 2 (fid=17) not available, trying Charger 0 (fid=1)",930.1569963427665,0,,
Car 380,,,,,,gave_up,1,"no alternate charger available, gave up",930.271264650323,,,
Car 138,,,,,0,switch,,"Charger 0 (fid=1) not available, trying Charger 1 (fid=7)",930.3260405268926,1,,
Car 738,,,,37,,arrived,,arrived,931.0,,,
Car 693,,,,,2,switch,,"Charger 2 (fid=17) not available, trying Charger 0 (fid=1)",931.0,0,,
Car 510,,,,,0,switch,,"Charger 0 (fid=1) not available, trying Charger 1 (fid=7)",931.1502519097737,1,,
Car 491,,,,,0,switch,,"Charger 0 (fid=1) not available, trying Charger 2 (fid=17)",931.9452241234304,2,,
Car 594,,,,33,,arrived,,arrived,932.0,,,
Car 603,,,,88,,arrived,,arrived,932.0,,,
Car 164,,,,,,gave_up,3,"no alternate charger available, gave up",932.1553923431383,,,
Car 322,,,,,0,switch,,"Charger 0 (fid=1) not available, trying Charger 1 (fid=7)",933.169044184126,1,,
Car 350,,,,,,gave_up,3,"no alternate charger available, gave up",933.271264650323,,,
Car 505,,,,,1,switch,,"Charger 1 (fid=7) not available, trying Charger 0 (fid=1)",934.0,0,,
Car 472,,,,,,gave_up,1,"no alternate charger available, gave up",934.0954760332041,,,
Car 35,77.0,7,1,,,done,,done charging,934.271264650323,,,309.1902174455046
Car 138,,7,1,,,start_charge,,starting to charge at Charger 1 (fid=7),934.271264650323,,18.0,
Car 612,,,,,0,switch,,"Charger 0 (fid=1) not available, trying Charger 1 (fid=7)",935.1502519097737,1,,
Car 637,,,,56,,arrived,,arrived,936.0,,,
Car 738,,,,,2,switch,,"Charger 2 (fid=17) not available, trying Charger 3 (fid=19)",936.0,3,,
Car 327,,,,48,,arrived,,arrived,937.0,,,
Car 478,,,,54,,arrived,,arrived,937.0,,,
Car 594,,,,,2,switch,,"Charger 2 (fid=17) not available, trying Charger 3 (fid=19)",937.0,3,,
Car 603,,,,,1,switch,,"Charger 1 (fid=7) not available, trying Charger 0 (fid=1)",937.0,0,,
Car 510,,,,,,gave_up,1,"no alternate charger available, gave up",937.0954760332041,,,
Car 488,,,,,,gave_up,3,"no alternate charger available, gave up",937.1553923431383,,,
Car 489,,,,,0,switch,,"Charger 0 (fid=1) not available, trying Charger 1 (fid=7)",937.3260405268926,1,,
Car 257,,,,4,,arrived,,arrived,938.0,,,
Car 302,,,,18,,arrived,,arrived,938.0,,,
Car 686,,,,45,,arrived,,arrived,938.0,,,
Car 693,,,,,0,switch,,"Charger 0 (fid=1) not available, trying Charger 3 (fid=19)",938.169044184126,3,,
Car 180,,,,76,,arrived,,arrived,939.0,,,
Car 491,,,,,2,switch,,"Charger 2 (fid=17) not available, trying Charger 3 (fid=19)",939.1142683075565,3,,
Car 322,,,,,1,switch,,"Charger 1 (fid=7) not available, trying Charger 3 (fid=19)",939.1142683075565,3,,
Car 505,,,,,0,switch,,"Charger 0 (fid=1) not available, trying Charger 2 (fid=17)",939.9452241234304,2,,
Car 148,,,,4,,arrived,,arrived,941.0,,,
Car 637,,,,,3,switch,,"Charger 3 (fid=19) not available, trying Charger 2 (fid=17)",941.0,2,,
Car 612,,,,,,gave_up,1,"no alternate charger available, gave up",941.0954760332041,,,
Car 327,,,,,3,switch,,"Charger 3 (fid=19) not available, trying Charger 2 (fid=17)",942.0,2,,
Car 478,,,,,2,switch,,"Charger 2 (fid=17) not available, trying Charger 3 (fid=19)",942.0,3,,
Car 738,,,,,3,switch,,"Charger 3 (fid=19) not available, trying Charger 0 (fid=1)",942.1569963427665,0,,
Car 603,,,,,0,switch,,"Charger 0 (fid=1) not available, trying Charger 2 (fid=17)",942.9452241234304,2,,
Car 257,,,,,0,switch,,"Charger 0 (fid=1) not available, trying Charger 2 (fid=17)",943.0,2,,
Car 302,,,,,3,switch,,"Charger 3 (fid=19) not available, trying Charger 2 (fid=17)",943.0,2,,
Car 686,,,,,2,switch,,"Charger 2 (fid=17) not available, trying Charger 0 (fid=1)",943.0,0,,
Car 594,,,,,3,switch,,"Charger 3 (fid=19) not available, trying Charger 0 (fid=1)",943.1569963427665,0,,
Car 489,,,,,,gave_up,1,"no alternate charger available, gave up",943.271264650323,,,
Car 180,,,,,1,switch,,"Charger 1 (fid=7) not available, trying Charger 0 (fid=1)",944.0,0,,
Car 491,,,,,,gave_up,3,"no alternate charger available, gave up",945.271264650323,,,
Car 148,,,,,0,switch,,"Charger 0 (fid=1) not available, trying Charger 2 (fid=17)",946.0,2,,
Car 693,,,,,3,switch,,"Charger 3 (fid=19) not available, trying Charger 1 (fid=7)",946.1622997511332,1,,
Car 518,,,,37,,arrived,,arrived,947.0,,,
Car 505,,,,,2,switch,,"Charger 2 (fid=17) not available, trying Charger 3 (fid=19)",947.1142683075565,3,,
Car 637,,,,,2,switch,,"Charger 2 (fid=17) not available, trying Charger 0 (fid=1)",947.1569963427665,0,,
Car 322,,,,,,gave_up,3,"no alternate charger available, gave up",947.9896681411162,,,
Car 327,,,,,2,switch,,"Charger 2 (fid=17) not available, trying Charger 0 (fid=1)",948.1569963427665,0,,
Car 478,,,,,3,switch,,"Charger 3 (fid=19) not available, trying Charger 0 (fid=1)",948.1569963427665,0,,
Car 302,,,,,2,switch,,"Charger 2 (fid=17) not available, trying Charger 0 (fid=1)",949.1569963427665,0,,
Car 441,88.0,1,0,,,done,,done charging,949.9452241234303,,,236.0497112728635
Car 180,,1,0,,,start_charge,,starting to charge at Charger 0 (fid=1),949.9452241234303,,9.999999999999886,
Car 603,,,,,2,switch,,"Charger 2 (fid=17) not available, trying Charger 3 (fid=19)",950.1142683075565,3,,
Car 738,,,,,0,switch,,"Charger 0 (fid=1) not available, trying Charger 1 (fid=7)",950.1502519097737,1,,
Car 257,,,,,2,switch,,"Charger 2 (fid=17) not available, trying Charger 1 (fid=7)",950.169044184126,1,,
Car 686,,,,,0,switch,,"Charger 0 (fid=1) not available, trying Charger 3 (fid=19)",950.169044184126,3,,
Car 594,,,,,0,switch,,"Charger 0 (fid=1) not available, trying Charger 1 (fid=7)",951.1502519097737,1,,
Car 518,,,,,2,switch,,"Charger 2 (fid=17) not available, trying Charger 3 (fid=19)",952.0,3,,
Car 148,,,,,2,switch,,"Charger 2 (fid=17) not available, trying Charger 1 (fid=7)",953.169044184126,1,,
Car 505,,,,,,gave_up,3,"no alternate charger available, gave up",953.271264650323,,,
Car 637,,,,,0,switch,,"Charger 0 (fid=1) not available, trying Charger 1 (fid=7)",954.3260405268926,1,,
Car 199,,,,31,,arrived,,arrived,955.0,,,
Car 108,84.0,19,3,,,done,,done charging,955.0,,,223.61854673751242
Car 603,,19,3,,,start_charge,,starting to charge at Charger 3 (fid=19),955.0,,18.72873534967698,
Car 693,,,,,,gave_up,1,"no alternate charger available, gave up",955.037699584693,,,
Car 327,,,,,0,switch,,"Charger 0 (fid=1) not available, trying Charger 1 (fid=7)",955.3260405268926,1,,
Car 738,,,,,,gave_up,1,"no alternate charger available, gave up",956.0954760332041,,,
Car 478,,,,,0,switch,,"Charger 0 (fid=1) not available, trying Charger 1 (fid=7)",956.1502519097737,1,,
Car 302,,,,,0,switch,,"Charger 0 (fid=1) not available, trying Charger 1 (fid=7)",956.3260405268926,1,,
Car 594,,,,,,gave_up,1,"no alternate charger available, gave up",957.0954760332041,,,
Car 518,,,,,3,switch,,"Charger 3 (fid=19) not available, trying Charger 0 (fid=1)",958.1569963427665,0,,
Car 686,,,,,3,switch,,"Charger 3 (fid=19) not available, trying Charger 1 (fid=7)",958.1622997511332,1,,
Car 257,,,,,1,switch,,"Charger 1 (fid=7) not available, trying Charger 3 (fid=19)",958.2799925095785,3,,
Car 297,85.0,1,0,,,done,,done charging,959.0,,,325.70724508980686
Car 259,,,,4,,arrived,,arrived,960.0,,,
Car 367,,,,18,,arrived,,arrived,960.0,,,
Car 199,,,,,3,switch,,"Charger 3 (fid=19) not available, trying Charger 2 (fid=17)",960.0,2,,
Car 259,,1,0,,,start_charge,,starting to charge at Charger 0 (fid=1),960.0,,0.0,
Car 697,48.0,17,2,,,done,,done charging,960.1142683075564,,,109.44362684047219
Car 637,,,,,,gave_up,1,"no alternate charger available, gave up",960.271264650323,,,
Car 604,,,,73,,arrived,,arrived,961.0,,,
Car 604,,17,2,,,start_charge,,starting to charge at Charger 2 (fid=17),961.0,,0.0,
Car 327,,,,,,gave_up,1,"no alternate charger available, gave up",961.271264650323,,,
Car 148,,,,,1,switch,,"Charger 1 (fid=7) not available, trying Charger 3 (fid=19)",961.2799925095785,3,,
Car 478,,,,,,gave_up,1,"no alternate charger available, gave up",962.0954760332041,,,
Car 302,,,,,,gave_up,1,"no alternate charger available, gave up",962.271264650323,,,
Car 264,,,,31,,arrived,,arrived,963.0,,,
Car 174,,,,38,,arrived,,arrived,964.0,,,
Car 367,,,,,3,switch,,"Charger 3 (fid=19) not available, trying Charger 2 (fid=17)",965.0,2,,
Car 634,,,,35,,arrived,,arrived,966.0,,,
Car 518,,,,,0,switch,,"Charger 0 (fid=1) not available, trying Charger 1 (fid=7)",966.1502519097737,1,,
Car 199,,,,,2,switch,,"Charger 2 (fid=17) not available, trying Charger 0 (fid=1)",966.1569963427665,0,,
Car 686,,,,,,gave_up,1,"no alternate charger available, gave up",967.037699584693,,,
Car 257,,,,,,gave_up,3,"no alternate charger available, gave up",967.1553923431383,,,
Car 264,,,,,3,switch,,"Charger 3 (fid=19) not available, trying Charger 2 (fid=17)",968.0,2,,
Car 174,,,,,2,switch,,"Charger 2 (fid=17) not available, trying Charger 3 (fid=19)",969.0,3,,
Car 52,92.0,7,1,,,done,,done charging,970.0954760332042,,,252.91851543527181
Car 518,,7,1,,,start_charge,,starting to charge at Charger 1 (fid=7),970.0954760332042,,18.000000000000114,
Car 148,,,,,,gave_up,3,"no alternate charger available, gave up",970.1553923431383,,,
Car 571,60.0,1,0,,,done,,done charging,970.3260405268926,,,442.7386709561417
Car 199,,1,0,,,start_charge,,starting to charge at Charger 0 (fid=1),970.3260405268926,,12.0,
Car 634,,,,,2,switch,,"Charger 2 (fid=17) not available, trying Charger 3 (fid=19)",971.0,3,,
Car 367,,,,,2,switch,,"Charger 2 (fid=17) not available, trying Charger 0 (fid=1)",971.1569963427665,0,,
Car 624,,,,44,,arrived,,arrived,972.0,,,
Car 724,,,,30,,arrived,,arrived,972.0,,,
Car 728,,,,52,,arrived,,arrived,972.0,,,
Car 264,,,,,2,switch,,"Charger 2 (fid=17) not available, trying Charger 0 (fid=1)",974.1569963427665,0,,
Car 174,,,,,3,switch,,"Charger 3 (fid=19) not available, trying Charger 0 (fid=1)",975.1569963427665,0,,
Car 624,,,,,3,switch,,"Charger 3 (fid=19) not available, trying Charger 2 (fid=17)",977.0,2,,
Car 724,,,,,3,switch,,"Charger 3 (fid=19) not available, trying Charger 2 (fid=17)",977.0,2,,
Car 728,,,,,1,switch,,"Charger 1 (fid=7) not available, trying Charger 0 (fid=1)",977.0,0,,
Car 634,,,,,3,switch,,"Charger 3 (fid=19) not available, trying Charger 0 (fid=1)",977.1569963427665,0,,
Car 321,,,,61,,arrived,,arrived,978.0,,,
Car 592,,,,46,,arrived,,arrived,978.0,,,
Car 367,,,,,0,switch,,"Charger 0 (fid=1) not available, trying Charger 1 (fid=7)",978.3260405268926,1,,
Car 264,,,,,0,switch,,"Charger 0 (fid=1) not available, trying Charger 1 (fid=7)",981.3260405268926,1,,
Car 75,,,,78,,arrived,,arrived,982.0,,,
Car 728,,,,,0,switch,,"Charger 0 (fid=1) not available, trying Charger 2 (fid=17)",982.9452241234304,2,,
Car 291,,,,4,,arrived,,arrived,983.0,,,
Car 721,,,,14,,arrived,,arrived,983.0,,,
Car 321,,,,,2,switch,,"Charger 2 (fid=17) not available, trying Charger 0 (fid=1)",983.0,0,,
Car 592,,,,,3,switch,,"Charger 3 (fid=19) not available, trying Charger 2 (fid=17)",983.0,2,,
Car 174,,,,,0,switch,,"Charger 0 (fid=1) not available, trying Charger 1 (fid=7)",983.1502519097737,1,,
Car 624,,,,,2,switch,,"Charger 2 (fid=17) not available, trying Charger 0 (fid=1)",983.1569963427665,0,,
Car 724,,,,,2,switch,,"Charger 2 (fid=17) not available, trying Charger 0 (fid=1)",983.1569963427665,0,,
Car 367,,,,,,gave_up,1,"no alternate charger available, gave up",984.271264650323,,,
Car 0,,,,9,,arrived,,arrived,985.0,,,
Car 455,,,,34,,arrived,,arrived,985.0,,,
Car 634,,,,,0,switch,,"Charger 0 (fid=1) not available, trying Charger 1 (fid=7)",985.1502519097737,1,,
Car 34,,,,73,,arrived,,arrived,987.0,,,
Car 75,,,,,2,switch,,"Charger 2 (fid=17) not available, trying Charger 3 (fid=19)",987.0,3,,
Car 264,,,,,,gave_up,1,"no alternate charger available, gave up",987.271264650323,,,
Car 291,,,,,0,switch,,"Charger 0 (fid=1) not available, trying Charger 2 (fid=17)",988.0,2,,
Car 721,,,,,2,switch,,"Charger 2 (fid=17) not available, trying Charger 3 (fid=19)",988.0,3,,
Car 574,,,,7,,arrived,,arrived,989.0,,,
Car 174,,,,,,gave_up,1,"no alternate charger available, gave up",989.0954760332041,,,
Car 592,,,,,2,switch,,"Charger 2 (fid=17) not available, trying Charger 0 (fid=1)",989.1569963427665,0,,
Car 57,,,,37,,arrived,,arrived,990.0,,,
Car 0,,,,,2,switch,,"Charger 2 (fid=17) not available, trying Charger 0 (fid=1)",990.0,0,,
Car 455,,,,,3,switch,,"Charger 3 (fid=19) not available, trying Charger 2 (fid=17)",990.0,2,,
Car 728,,,,,2,switch,,"Charger 2 (fid=17) not available, trying Charger 3 (fid=19)",990.1142683075565,3,,
Car 321,,,,,0,switch,,"Charger 0 (fid=1) not available, trying Charger 1 (fid=7)",990.169044184126,1,,
Car 624,,,,,0,switch,,"Charger 0 (fid=1) not available, trying Charger 1 (fid=7)",990.3260405268926,1,,
Car 724,,,,,0,switch,,"Charger 0 (fid=1) not available, trying Charger 1 (fid=7)",990.3260405268926,1,,
Car 141,,,,86,,arrived,,arrived,991.0,,,
Car 459,,,,70,,arrived,,arrived,991.0,,,
Car 634,,,,,,gave_up,1,"no alternate charger available, gave up",991.0954760332041,,,
Car 34,,,,,2,switch,,"Charger 2 (fid=17) not available, trying Charger 3 (fid=19)",992.0,3,,
Car 276,,,,5,,arrived,,arrived,993.0,,,
Car 75,,,,,3,switch,,"Charger 3 (fid=19) not available, trying Charger 0 (fid=1)",993.1569963427665,0,,
Car 574,,,,,1,switch,,"Charger 1 (fid=7) not available, trying Charger 0 (fid=1)",994.0,0,,
Car 721,,,,,3,switch,,"Charger 3 (fid=19) not available, trying Charger 0 (fid=1)",994.1569963427665,0,,
Car 85,,,,8,,arrived,,arrived,995.0,,,
Car 57,,,,,2,switch,,"Charger 2 (fid=17) not available, trying Charger 3 (fid=19)",995.0,3,,
Car 291,,,,,2,switch,,"Charger 2 (fid=17) not available, trying Charger 1 (fid=7)",995.169044184126,1,,
Car 30,,,,71,,arrived,,arrived,996.0,,,
Car 141,,,,,1,switch,,"Charger 1 (fid=7) not available, trying Charger 0 (fid=1)",996.0,0,,
Car 459,,,,,3,switch,,"Charger 3 (fid=19) not available, trying Charger 2 (fid=17)",996.0,2,,
Car 321,,,,,1,switch,,"Charger 1 (fid=7) not available, trying Charger 3 (fid=19)",996.1142683075565,3,,
Car 455,,,,,2,switch,,"Charger 2 (fid=17) not available, trying Charger 0 (fid=1)",996.1569963427665,0,,
Car 144,93.0,1,0,,,done,,done charging,996.169044184126,,,214.70989851421444
Car 592,,1,0,,,start_charge,,starting to charge at Charger 0 (fid=1),996.169044184126,,14.843003657233453,
Car 728,,,,,,gave_up,3,"no alternate charger available, gave up",996.271264650323,,,
Car 624,,,,,,gave_up,1,"no alternate charger available, gave up",996.271264650323,,,
Car 724,,,,,,gave_up,1,"no alternate charger available, gave up",996.271264650323,,,
Car 0,,,,,0,switch,,"Charger 0 (fid=1) not available, trying Charger 3 (fid=19)",997.169044184126,3,,
Car 276,,,,,2,switch,,"Charger 2 (fid=17) not available, trying Charger 3 (fid=19)",998.0,3,,
Car 34,,,,,3,switch,,"Charger 3 (fid=19) not available, trying Charger 0 (fid=1)",998.1569963427665,0,,
Car 574,,,,,0,switch,,"Charger 0 (fid=1) not available, trying Charger 2 (fid=17)",999.9452241234304,2,,
Car 85,,,,,2,switch,,"Charger 2 (fid=17) not available, trying Charger 3 (fid=19)",1000.0,3,,
Car 30,,,,,3,switch,,"Charger 3 (fid=19) not available, trying Charger 2 (fid=17)",1001.0,2,,
Car 75,,,,,0,switch,,"Charger 0 (fid=1) not available, trying Charger 1 (fid=7)",1001.1502519097737,1,,
Car 57,,,,,3,switch,,"Charger 3 (fid=19) not available, trying Charger 0 (fid=1)",1001.1569963427665,0,,
Car 141,,,,,0,switch,,"Charger 0 (fid=1) not available, trying Charger 2 (fid=17)",1001.9452241234304,2,,
Car 353,,,,36,,arrived,,arrived,1002.0,,,
Car 721,,,,,0,switch,,"Charger 0 (fid=1) not available, trying Charger 1 (fid=7)",1002.1502519097737,1,,
Car 459,,,,,2,switch,,"Charger 2 (fid=17) not available, trying Charger 0 (fid=1)",1002.1569963427665,0,,
Car 291,,,,,1,switch,,"Charger 1 (fid=7) not available, trying Charger 3 (fid=19)",1003.2799925095785,3,,
Car 455,,,,,0,switch,,"Charger 0 (fid=1) not available, trying Charger 1 (fid=7)",1003.3260405268926,1,,
Car 276,,,,,3,switch,,"Charger 3 (fid=19) not available, trying Charger 0 (fid=1)",1004.1569963427665,0,,
Car 29,110.0,7,1,,,done,,done charging,1004.2712646503229,,,117.71695507445588
Car 75,,7,1,,,start_charge,,starting to charge at Charger 1 (fid=7),1004.2712646503229,,17.17578861711877,
Car 321,,,,,,gave_up,3,"no alternate charger available, gave up",1004.9896681411162,,,
Car 0,,,,,3,switch,,"Charger 3 (fid=19) not available, trying Charger 1 (fid=7)",1005.1622997511332,1,,
Car 34,,,,,0,switch,,"Charger 0 (fid=1) not available, trying Charger 1 (fid=7)",1006.1502519097737,1,,
Car 85,,,,,3,switch,,"Charger 3 (fid=19) not available, trying Charger 0 (fid=1)",1006.1569963427665,0,,
Car 353,,,,,2,switch,,"Charger 2 (fid=17) not available, trying Charger 3 (fid=19)",1007.0,3,,
Car 574,,,,,2,switch,,"Charger 2 (fid=17) not available, trying Charger 3 (fid=19)",1007.1142683075565,3,,
Car 30,,,,,2,switch,,"Charger 2 (fid=17) not available, trying Charger 0 (fid=1)",1007.1569963427665,0,,
Car 721,,,,,,gave_up,1,"no alternate charger available, gave up",1008.0954760332041,,,
Car 141,,,,,2,switch,,"Charger 2 (fid=17) not available, trying Charger 3 (fid=19)",1009.1142683075565,3,,
Car 57,,,,,0,switch,,"Charger 0 (fid=1) not available, trying Charger 1 (fid=7)",1009.1502519097737,1,,
Car 455,,,,,,gave_up,1,"no alternate charger available, gave up",1009.271264650323,,,
Car 459,,,,,0,switch,,"Charger 0 (fid=1) not available, trying Charger 1 (fid=7)",1009.3260405268926,1,,
Car 599,,,,34,,arrived,,arrived,1010.0,,,
Car 736,,,,6,,arrived,,arrived,1011.0,,,
Car 319,,,,29,,arrived,,arrived,1012.0,,,
Car 34,,,,,,gave_up,1,"no alternate charger available, gave up",1012.0954760332041,,,
Car 276,,,,,0,switch,,"Charger 0 (fid=1) not available, trying Charger 1 (fid=7)",1012.1502519097737,1,,
Car 291,,,,,,gave_up,3,"no alternate charger available, gave up",1012.1553923431383,,,
Car 353,,,,,3,switch,,"Charger 3 (fid=19) not available, trying Charger 0 (fid=1)",1013.1569963427665,0,,
Car 574,,,,,,gave_up,3,"no alternate charger available, gave up",1013.271264650323,,,
Car 0,,,,,,gave_up,1,"no alternate charger available, gave up",1014.037699584693,,,
Car 85,,,,,0,switch,,"Charger 0 (fid=1) not available, trying Charger 1 (fid=7)",1014.1502519097737,1,,
Car 30,,,,,0,switch,,"Charger 0 (fid=1) not available, trying Charger 1 (fid=7)",1014.3260405268926,1,,
Car 599,,,,,3,switch,,"Charger 3 (fid=19) not available, trying Charger 2 (fid=17)",1015.0,2,,
Car 57,,,,,,gave_up,1,"no alternate charger available, gave up",1015.0954760332041,,,
Car 141,,,,,,gave_up,3,"no alternate charger available, gave up",1015.271264650323,,,
Car 459,,,,,,gave_up,1,"no alternate charger available, gave up",1015.271264650323,,,
Car 736,,,,,2,switch,,"Charger 2 (fid=17) not available, trying Charger 0 (fid=1)",1016.0,0,,
Car 603,62.0,19,3,,,done,,done charging,1017.0,,,445.89793993691825
Car 319,,,,,3,switch,,"Charger 3 (fid=19) not available, trying Charger 2 (fid=17)",1017.0,2,,
Car 180,68.0,1,0,,,done,,done charging,1017.9452241234303,,,173.18431029397772
Car 353,,1,0,,,start_charge,,starting to charge at Charger 0 (fid=1),1017.9452241234303,,11.794972213656592,
Car 276,,,,,,gave_up,1,"no alternate charger available, gave up",1018.0954760332041,,,
Car 138,84.0,7,1,,,done,,done charging,1018.271264650323,,,320.9642182798482
Car 85,,7,1,,,start_charge,,starting to charge at Charger 1 (fid=7),1018.271264650323,,18.175788617118883,
Car 30,,,,,,gave_up,1,"no alternate charger available, gave up",1020.271264650323,,,
Car 599,,,,,2,switch,,"Charger 2 (fid=17) not available, trying Charger 0 (fid=1)",1021.1569963427665,0,,
Car 319,,,,,2,switch,,"Charger 2 (fid=17) not available, trying Charger 0 (fid=1)",1023.1569963427665,0,,
Car 736,,,,,0,switch,,"Charger 0 (fid=1) not available, trying Charger 3 (fid=19)",1023.169044184126,3,,
Car 10,,,,1,,arrived,,arrived,1026.0,,,
Car 202,,,,78,,arrived,,arrived,1027.0,,,
Car 609,,,,69,,arrived,,arrived,1027.0,,,
Car 599,,,,,0,switch,,"Charger 0 (fid=1) not available, trying Charger 1 (fid=7)",1028.3260405268925,1,,
Car 244,,,,23,,arrived,,arrived,1029.0,,,
Car 319,,,,,0,switch,,"Charger 0 (fid=1) not available, trying Charger 1 (fid=7)",1030.3260405268925,1,,
Car 409,,,,62,,arrived,,arrived,1031.0,,,
Car 10,,,,,0,switch,,"Charger 0 (fid=1) not available, trying Charger 1 (fid=7)",1031.0,1,,
Car 736,,,,,3,switch,,"Charger 3 (fid=19) not available, trying Charger 1 (fid=7)",1031.162299751133,1,,
Car 341,,,,73,,arrived,,arrived,1032.0,,,
Car 202,,,,,2,switch,,"Charger 2 (fid=17) not available, trying Charger 3 (fid=19)",1032.0,3,,
Car 609,,,,,3,switch,,"Charger 3 (fid=19) not available, trying Charger 2 (fid=17)",1032.0,2,,
Car 244,,,,,3,switch,,"Charger 3 (fid=19) not available, trying Charger 2 (fid=17)",1034.0,2,,
Car 599,,,,,,gave_up,1,"no alternate charger available, gave up",1034.2712646503228,,,
Car 502,,,,13,,arrived,,arrived,1035.0,,,
Car 48,,,,46,,arrived,,arrived,1036.0,,,
Car 409,,,,,2,switch,,"Charger 2 (fid=17) not available, trying Charger 0 (fid=1)",1036.0,0,,
Car 319,,,,,,gave_up,1,"no alternate charger available, gave up",1036.2712646503228,,,
Car 10,,,,,1,switch,,"Charger 1 (fid=7) not available, trying Charger 2 (fid=17)",1036.9452241234303,2,,
Car 341,,,,,2,switch,,"Charger 2 (fid=17) not available, trying Charger 3 (fid=19)",1037.0,3,,
Car 202,,,,,3,switch,,"Charger 3 (fid=19) not available, trying Charger 0 (fid=1)",1038.1569963427667,0,,
Car 609,,,,,2,switch,,"Charger 2 (fid=17) not available, trying Charger 0 (fid=1)",1038.1569963427667,0,,
Car 408,,,,26,,arrived,,arrived,1039.0,,,
Car 502,,,,,3,switch,,"Charger 3 (fid=19) not available, trying Charger 2 (fid=17)",1040.0,2,,
Car 736,,,,,,gave_up,1,"no alternate charger available, gave up",1040.037699584693,,,
Car 244,,,,,2,switch,,"Charger 2 (fid=17) not available, trying Charger 0 (fid=1)",1040.1569963427667,0,,
Car 259,81.0,1,0,,,done,,done charging,1041.0,,,103.04602253846483
Car 48,,,,,3,switch,,"Charger 3 (fid=19) not available, trying Charger 2 (fid=17)",1041.0,2,,
Car 409,,1,0,,,start_charge,,starting to charge at Charger 0 (fid=1),1041.0,,7.830955815873949,
Car 254,,,,39,,arrived,,arrived,1043.0,,,
Car 341,,,,,3,switch,,"Charger 3 (fid=19) not available, trying Charger 0 (fid=1)",1043.1569963427667,0,,
Car 408,,,,,3,switch,,"Charger 3 (fid=19) not available, trying Charger 2 (fid=17)",1044.0,2,,
Car 10,,,,,2,switch,,"Charger 2 (fid=17) not available, trying Charger 3 (fid=19)",1045.0561724488828,3,,
Car 609,,,,,0,switch,,"Charger 0 (fid=1) not available, trying Charger 1 (fid=7)",1045.3260405268927,1,,
Car 202,,,,,0,switch,,"Charger 0 (fid=1) not available, trying Charger 1 (fid=7)",1046.1502519097737,1,,
Car 502,,,,,2,switch,,"Charger 2 (fid=17) not available, trying Charger 0 (fid=1)",1046.1569963427667,0,,
Car 395,,,,2,,arrived,,arrived,1047.0,,,
Car 628,,,,21,,arrived,,arrived,1047.0,,,
Car 48,,,,,2,switch,,"Charger 2 (fid=17) not available, trying Charger 0 (fid=1)",1047.1569963427667,0,,
Car 244,,,,,0,switch,,"Charger 0 (fid=1) not available, trying Charger 1 (fid=7)",1047.3260405268927,1,,
Car 262,,,,86,,arrived,,arrived,1048.0,,,
Car 254,,,,,0,switch,,"Charger 0 (fid=1) not available, trying Charger 1 (fid=7)",1048.0,1,,
Car 43,,,,5,,arrived,,arrived,1049.0,,,
Car 424,,,,91,,arrived,,arrived,1049.0,,,
Car 167,,,,15,,arrived,,arrived,1050.0,,,
Car 408,,,,,2,switch,,"Charger 2 (fid=17) not available, trying Charger 0 (fid=1)",1050.1569963427667,0,,
Car 341,,,,,0,switch,,"Charger 0 (fid=1) not available, trying Charger 1 (fid=7)",1051.1502519097737,1,,
Car 10,,,,,,gave_up,3,"no alternate charger available, gave up",1051.2131687916494,,,
Car 609,,,,,,gave_up,1,"no alternate charger available, gave up",1051.271264650323,,,
Car 395,,,,,1,switch,,"Charger 1 (fid=7) not available, trying Charger 0 (fid=1)",1052.0,0,,
Car 628,,,,,0,switch,,"Charger 0 (fid=1) not available, trying Charger 1 (fid=7)",1052.0,1,,
Car 202,,,,,,gave_up,1,"no alternate charger available, gave up",1052.095476033204,,,
Car 360,,,,54,,arrived,,arrived,1053.0,,,
Car 262,,,,,1,switch,,"Charger 1 (fid=7) not available, trying Charger 0 (fid=1)",1053.0,0,,
Car 244,,,,,,gave_up,1,"no alternate charger available, gave up",1053.271264650323,,,
Car 502,,,,,0,switch,,"Charger 0 (fid=1) not available, trying Charger 1 (fid=7)",1053.3260405268927,1,,
Car 254,,,,,1,switch,,"Charger 1 (fid=7) not available, trying Charger 2 (fid=17)",1053.9452241234303,2,,
Car 43,,,,,2,switch,,"Charger 2 (fid=17) not available, trying Charger 3 (fid=19)",1054.0,3,,
Car 424,,,,,1,switch,,"Charger 1 (fid=7) not available, trying Charger 0 (fid=1)",1054.0,0,,
Car 199,84.0,1,0,,,done,,done charging,1054.3260405268925,,,216.7791493156326
Car 48,,1,0,,,start_charge,,starting to charge at Charger 0 (fid=1),1054.3260405268925,,14.999999999999773,
Car 167,,,,,2,switch,,"Charger 2 (fid=17) not available, trying Charger 3 (fid=19)",1055.0,3,,
Car 191,,,,73,,arrived,,arrived,1056.0,,,
Car 641,,,,37,,arrived,,arrived,1056.0,,,
Car 341,,,,,,gave_up,1,"no alternate charger available, gave up",1057.095476033204,,,
Car 408,,,,,0,switch,,"Charger 0 (fid=1) not available, trying Charger 1 (fid=7)",1057.3260405268927,1,,
Car 395,,,,,0,switch,,"Charger 0 (fid=1) not available, trying Charger 2 (fid=17)",1057.9452241234303,2,,
Car 628,,,,,1,switch,,"Charger 1 (fid=7) not available, trying Charger 2 (fid=17)",1057.9452241234303,2,,
Car 360,,,,,2,switch,,"Charger 2 (fid=17) not available, trying Charger 3 (fid=19)",1058.0,3,,
Car 262,,,,,0,switch,,"Charger 0 (fid=1) not available, trying Charger 2 (fid=17)",1058.9452241234303,2,,
Car 502,,,,,,gave_up,1,"no alternate charger available, gave up",1059.271264650323,,,
Car 424,,,,,0,switch,,"Charger 0 (fid=1) not available, trying Charger 2 (fid=17)",1059.9452241234303,2,,
Car 46,,,,41,,arrived,,arrived,1060.0,,,
Car 43,,,,,3,switch,,"Charger 3 (fid=19) not available, trying Charger 0 (fid=1)",1060.1569963427667,0,,
Car 197,,,,24,,arrived,,arrived,1061.0,,,
Car 191,,,,,2,switch,,"Charger 2 (fid=17) not available, trying Charger 3 (fid=19)",1061.0,3,,
Car 641,,,,,2,switch,,"Charger 2 (fid=17) not available, trying Charger 3 (fid=19)",1061.0,3,,
Car 167,,,,,3,switch,,"Charger 3 (fid=19) not available, trying Charger 0 (fid=1)",1061.1569963427667,0,,
Car 552,,,,17,,arrived,,arrived,1062.0,,,
Car 254,,,,,2,switch,,"Charger 2 (fid=17) not available, trying Charger 3 (fid=19)",1062.0561724488828,3,,
Car 458,,,,54,,arrived,,arrived,1063.0,,,
Car 604,102.0,17,2,,,done,,done charging,1063.0,,,196.36375038428906
Car 395,,17,2,,,start_charge,,starting to charge at Charger 2 (fid=17),1063.0,,12.885731692443642,
Car 408,,,,,,gave_up,1,"no alternate charger available, gave up",1063.271264650323,,,
Car 360,,,,,3,switch,,"Charger 3 (fid=19) not available, trying Charger 0 (fid=1)",1064.1569963427667,0,,
Car 46,,,,,3,switch,,"Charger 3 (fid=19) not available, trying Charger 2 (fid=17)",1065.0,2,,
Car 197,,,,,3,switch,,"Charger 3 (fid=19) not available, trying Charger 2 (fid=17)",1066.0,2,,
Car 628,,,,,2,switch,,"Charger 2 (fid=17) not available, trying Charger 3 (fid=19)",1066.0561724488828,3,,
Car 262,,,,,2,switch,,"Charger 2 (fid=17) not available, trying Charger 3 (fid=19)",1066.1142683075564,3,,
Car 552,,,,,2,switch,,"Charger 2 (fid=17) not available, trying Charger 3 (fid=19)",1067.0,3,,
Car 424,,,,,2,switch,,"Charger 2 (fid=17) not available, trying Charger 3 (fid=19)",1067.1142683075564,3,,
Car 191,,,,,3,switch,,"Charger 3 (fid=19) not available, trying Charger 0 (fid=1)",1067.1569963427667,0,,
Car 641,,,,,3,switch,,"Charger 3 (fid=19) not available, trying Charger 0 (fid=1)",1067.1569963427667,0,,
Car 458,,,,,2,switch,,"Charger 2 (fid=17) not available, trying Charger 3 (fid=19)",1068.0,3,,
Car 43,,,,,0,switch,,"Charger 0 (fid=1) not available, trying Charger 1 (fid=7)",1068.1502519097737,1,,
Car 254,,,,,,gave_up,3,"no alternate charger available, gave up",1068.2131687916494,,,
Car 453,,,,73,,arrived,,arrived,1069.0,,,
Car 167,,,,,0,switch,,"Charger 0 (fid=1) not available, trying Charger 1 (fid=7)",1069.1502519097737,1,,
Car 555,,,,71,,arrived,,arrived,1070.0,,,
Car 46,,,,,2,switch,,"Charger 2 (fid=17) not available, trying Charger 0 (fid=1)",1071.1569963427667,0,,
Car 75,67.0,7,1,,,done,,done charging,1071.2712646503228,,,471.95432984344626
Car 43,,7,1,,,start_charge,,starting to charge at Charger 1 (fid=7),1071.2712646503228,,17.17578861711877,
Car 1,,,,117,,arrived,,arrived,1072.0,,,
Car 360,,,,,0,switch,,"Charger 0 (fid=1) not available, trying Charger 1 (fid=7)",1072.1502519097737,1,,
Car 197,,,,,2,switch,,"Charger 2 (fid=17) not available, trying Charger 0 (fid=1)",1072.1569963427667,0,,
Car 628,,,,,,gave_up,3,"no alternate charger available, gave up",1072.2131687916494,,,
Car 262,,,,,,gave_up,3,"no alternate charger available, gave up",1072.271264650323,,,
Car 308,,,,81,,arrived,,arrived,1073.0,,,
Car 552,,,,,3,switch,,"Charger 3 (fid=19) not available, trying Charger 0 (fid=1)",1073.1569963427667,0,,
Car 424,,,,,,gave_up,3,"no alternate charger available, gave up",1073.271264650323,,,
Car 182,,,,83,,arrived,,arrived,1074.0,,,
Car 453,,,,,2,switch,,"Charger 2 (fid=17) not available, trying Charger 3 (fid=19)",1074.0,3,,
Car 458,,,,,3,switch,,"Charger 3 (fid=19) not available, trying Charger 0 (fid=1)",1074.1569963427667,0,,
Car 555,,,,,3,switch,,"Charger 3 (fid=19) not available, trying Charger 2 (fid=17)",1075.0,2,,
Car 167,,,,,,gave_up,1,"no alternate charger available, gave up",1075.095476033204,,,
Car 191,,,,,0,switch,,"Charger 0 (fid=1) not available, trying Charger 1 (fid=7)",1075.1502519097737,1,,
Car 641,,,,,0,switch,,"Charger 0 (fid=1) not available, trying Charger 1 (fid=7)",1075.1502519097737,1,,
Car 709,,,,3,,arrived,,arrived,1077.0,,,
Car 1,,,,,0,switch,,"Charger 0 (fid=1) not available, trying Charger 1 (fid=7)",1077.0,1,,
Car 343,,,,34,,arrived,,arrived,1078.0,,,
Car 308,,,,,0,switch,,"Charger 0 (fid=1) not available, trying Charger 2 (fid=17)",1078.0,2,,
Car 360,,,,,,gave_up,1,"no alternate charger available, gave up",1078.095476033204,,,
Car 46,,,,,0,switch,,"Charger 0 (fid=1) not available, trying Charger 1 (fid=7)",1078.3260405268927,1,,
Car 563,,,,1,,arrived,,arrived,1079.0,,,
Car 182,,,,,1,switch,,"Charger 1 (fid=7) not available, trying Charger 0 (fid=1)",1079.0,0,,
Car 197,,,,,0,switch,,"Charger 0 (fid=1) not available, trying Charger 1 (fid=7)",1079.3260405268927,1,,
Car 453,,,,,3,switch,,"Charger 3 (fid=19) not available, trying Charger 0 (fid=1)",1080.1569963427667,0,,
Car 309,,,,18,,arrived,,arrived,1081.0,,,
Car 191,,,,,,gave_up,1,"no alternate charger available, gave up",1081.095476033204,,,
Car 641,,,,,,gave_up,1,"no alternate charger available, gave up",1081.095476033204,,,
Car 552,,,,,0,switch,,"Charger 0 (fid=1) not available, trying Charger 1 (fid=7)",1081.1502519097737,1,,
Car 555,,,,,2,switch,,"Charger 2 (fid=17) not available, trying Charger 0 (fid=1)",1081.1569963427667,0,,
Car 100,,,,69,,arrived,,arrived,1082.0,,,
Car 706,,,,55,,arrived,,arrived,1082.0,,,
Car 709,,,,,0,switch,,"Charger 0 (fid=1) not available, trying Charger 1 (fid=7)",1082.0,1,,
Car 458,,,,,0,switch,,"Charger 0 (fid=1) not available, trying Charger 1 (fid=7)",1082.1502519097737,1,,
Car 592,86.0,1,0,,,done,,done charging,1082.169044184126,,,407.59729144463586
Car 563,,1,0,,,start_charge,,starting to charge at Charger 0 (fid=1),1082.169044184126,,3.169044184126051,
Car 1,,,,,1,switch,,"Charger 1 (fid=7) not available, trying Charger 2 (fid=17)",1082.9452241234303,2,,
Car 549,,,,49,,arrived,,arrived,1083.0,,,
Car 343,,,,,3,switch,,"Charger 3 (fid=19) not available, trying Charger 2 (fid=17)",1083.0,2,,
Car 118,,,,4,,arrived,,arrived,1084.0,,,
Car 613,,,,37,,arrived,,arrived,1084.0,,,
Car 46,,,,,,gave_up,1,"no alternate charger available, gave up",1084.271264650323,,,
Car 182,,,,,0,switch,,"Charger 0 (fid=1) not available, trying Charger 2 (fid=17)",1084.9452241234303,2,,
Car 308,,,,,2,switch,,"Charger 2 (fid=17) not available, trying Charger 3 (fid=19)",1085.169044184126,3,,
Car 197,,,,,,gave_up,1,"no alternate charger available, gave up",1085.271264650323,,,
Car 309,,,,,3,switch,,"Charger 3 (fid=19) not available, trying Charger 2 (fid=17)",1086.0,2,,
Car 100,,,,,3,switch,,"Charger 3 (fid=19) not available, trying Charger 2 (fid=17)",1087.0,2,,
Car 706,,,,,3,switch,,"Charger 3 (fid=19) not available, trying Charger 2 (fid=17)",1087.0,2,,
Car 552,,,,,,gave_up,1,"no alternate charger available, gave up",1087.095476033204,,,
Car 709,,,,,1,switch,,"Charger 1 (fid=7) not available, trying Charger 2 (fid=17)",1087.9452241234303,2,,
Car 549,,,,,3,switch,,"Charger 3 (fid=19) not available, trying Charger 2 (fid=17)",1088.0,2,,
Car 458,,,,,,gave_up,1,"no alternate charger available, gave up",1088.095476033204,,,
Car 453,,,,,0,switch,,"Charger 0 (fid=1) not available, trying Charger 1 (fid=7)",1088.1502519097737,1,,
Car 555,,,,,0,switch,,"Charger 0 (fid=1) not available, trying Charger 1 (fid=7)",1088.3260405268927,1,,
Car 20,,,,54,,arrived,,arrived,1089.0,,,
Car 118,,,,,0,switch,,"Charger 0 (fid=1) not available, trying Charger 2 (fid=17)",1089.0,2,,
Car 613,,,,,2,switch,,"Charger 2 (fid=17) not available, trying Charger 3 (fid=19)",1089.0,3,,
Car 343,,,,,2,switch,,"Charger 2 (fid=17) not available, trying Charger 0 (fid=1)",1089.1569963427667,0,,
Car 518,120.0,7,1,,,done,,done charging,1090.0954760332042,,,414.68893613525694
Car 453,,7,1,,,start_charge,,starting to charge at Charger 1 (fid=7),1090.0954760332042,,16.000000000000227,
Car 92,,,,85,,arrived,,arrived,1091.0,,,
Car 1,,,,,2,switch,,"Charger 2 (fid=17) not available, trying Charger 3 (fid=19)",1091.0561724488828,3,,
Car 308,,,,,3,switch,,"Charger 3 (fid=19) not available, trying Charger 1 (fid=7)",1091.3260405268927,1,,
Car 485,,,,46,,arrived,,arrived,1092.0,,,
Car 182,,,,,2,switch,,"Charger 2 (fid=17) not available, trying Charger 3 (fid=19)",1092.1142683075564,3,,
Car 309,,,,,2,switch,,"Charger 2 (fid=17) not available, trying Charger 0 (fid=1)",1092.1569963427667,0,,
Car 100,,,,,2,switch,,"Charger 2 (fid=17) not available, trying Charger 0 (fid=1)",1093.1569963427667,0,,
Car 706,,,,,2,switch,,"Charger 2 (fid=17) not available, trying Charger 0 (fid=1)",1093.1569963427667,0,,
Car 406,,,,4,,arrived,,arrived,1094.0,,,
Car 20,,,,,2,switch,,"Charger 2 (fid=17) not available, trying Charger 3 (fid=19)",1094.0,3,,
Car 549,,,,,2,switch,,"Charger 2 (fid=17) not available, trying Charger 0 (fid=1)",1094.1569963427667,0,,
Car 555,,,,,,gave_up,1,"no alternate charger available, gave up",1094.271264650323,,,
Car 613,,,,,3,switch,,"Charger 3 (fid=19) not available, trying Charger 0 (fid=1)",1095.1569963427667,0,,
Car 92,,,,,1,switch,,"Charger 1 (fid=7) not available, trying Charger 0 (fid=1)",1096.0,0,,
Car 709,,,,,2,switch,,"Charger 2 (fid=17) not available, trying Charger 3 (fid=19)",1096.0561724488828,3,,
Car 118,,,,,2,switch,,"Charger 2 (fid=17) not available, trying Charger 1 (fid=7)",1096.169044184126,1,,
Car 343,,,,,0,switch,,"Charger 0 (fid=1) not available, trying Charger 1 (fid=7)",1096.3260405268927,1,,
Car 485,,,,,3,switch,,"Charger 3 (fid=19) not available, trying Charger 2 (fid=17)",1097.0,2,,
Car 1,,,,,,gave_up,3,"no alternate charger available, gave up",1097.2131687916494,,,
Car 519,,,,17,,arrived,,arrived,1098.0,,,
Car 672,,,,37,,arrived,,arrived,1098.0,,,
Car 182,,,,,,gave_up,3,"no alternate charger available, gave up",1098.271264650323,,,
Car 82,,,,32,,arrived,,arrived,1099.0,,,
Car 406,,,,,0,switch,,"Charger 0 (fid=1) not available, trying Charger 2 (fid=17)",1099.0,2,,
Car 309,,,,,0,switch,,"Charger 0 (fid=1) not available, trying Charger 1 (fid=7)",1099.3260405268927,1,,
Car 146,,,,30,,arrived,,arrived,1100.0,,,
Car 213,,,,62,,arrived,,arrived,1100.0,,,
Car 666,,,,50,,arrived,,arrived,1100.0,,,
Car 20,,,,,3,switch,,"Charger 3 (fid=19) not available, trying Charger 0 (fid=1)",1100.1569963427667,0,,
Car 308,,,,,,gave_up,1,"no alternate charger available, gave up",1100.2014403604526,,,
Car 100,,,,,0,switch,,"Charger 0 (fid=1) not available, trying Charger 1 (fid=7)",1100.3260405268927,1,,
Car 706,,,,,0,switch,,"Charger 0 (fid=1) not available, trying Charger 1 (fid=7)",1100.3260405268927,1,,
Car 184,,,,70,,arrived,,arrived,1101.0,,,
Car 365,,,,37,,arrived,,arrived,1101.0,,,
Car 606,,,,18,,arrived,,arrived,1101.0,,,
Car 549,,,,,0,switch,,"Charger 0 (fid=1) not available, trying Charger 1 (fid=7)",1101.3260405268927,1,,
Car 92,,,,,0,switch,,"Charger 0 (fid=1) not available, trying Charger 2 (fid=17)",1101.9452241234303,2,,
Car 709,,,,,,gave_up,3,"no alternate charger available, gave up",1102.2131687916494,,,
Car 343,,,,,,gave_up,1,"no alternate charger available, gave up",1102.271264650323,,,
Car 250,,,,82,,arrived,,arrived,1103.0,,,
Car 577,,,,88,,arrived,,arrived,1103.0,,,
Car 519,,,,,3,switch,,"Charger 3 (fid=19) not available, trying Charger 2 (fid=17)",1103.0,2,,
Car 672,,,,,2,switch,,"Charger 2 (fid=17) not available, trying Charger 3 (fid=19)",1103.0,3,,
Car 613,,,,,0,switch,,"Charger 0 (fid=1) not available, trying Charger 1 (fid=7)",1103.1502519097737,1,,
Car 485,,,,,2,switch,,"Charger 2 (fid=17) not available, trying Charger 0 (fid=1)",1103.1569963427667,0,,
Car 421,,,,61,,arrived,,arrived,1104.0,,,
Car 82,,,,,2,switch,,"Charger 2 (fid=17) not available, trying Charger 3 (fid=19)",1104.0,3,,
Car 118,,,,,1,switch,,"Charger 1 (fid=7) not available, trying Charger 3 (fid=19)",1104.2799925095785,3,,
Car 277,,,,46,,arrived,,arrived,1105.0,,,
Car 146,,,,,3,switch,,"Charger 3 (fid=19) not available, trying Charger 2 (fid=17)",1105.0,2,,
Car 213,,,,,2,switch,,"Charger 2 (fid=17) not available, trying Charger 0 (fid=1)",1105.0,0,,
Car 666,,,,,0,switch,,"Charger 0 (fid=1) not available, trying Charger 1 (fid=7)",1105.0,1,,
Car 309,,,,,,gave_up,1,"no alternate charger available, gave up",1105.271264650323,,,
Car 184,,,,,3,switch,,"Charger 3 (fid=19) not available, trying Charger 2 (fid=17)",1106.0,2,,
Car 365,,,,,2,switch,,"Charger 2 (fid=17) not available, trying Charger 3 (fid=19)",1106.0,3,,
Car 606,,,,,3,switch,,"Charger 3 (fid=19) not available, trying Charger 2 (fid=17)",1106.0,2,,
Car 406,,,,,2,switch,,"Charger 2 (fid=17) not available, trying Charger 1 (fid=7)",1106.169044184126,1,,
Car 85,88.0,7,1,,,done,,done charging,1106.271264650323,,,434.3320165034798
Car 100,,,,,,gave_up,1,"no alternate charger available, gave up",1106.271264650323,,,
Car 706,,,,,,gave_up,1,"no alternate charger available, gave up",1106.271264650323,,,
Car 42,,,,10,,arrived,,arrived,1107.0,,,
Car 549,,,,,,gave_up,1,"no alternate charger available, gave up",1107.271264650323,,,
Car 601,,,,4,,arrived,,arrived,1108.0,,,
Car 250,,,,,1,switch,,"Charger 1 (fid=7) not available, trying Charger 0 (fid=1)",1108.0,0,,
Car 577,,,,,1,switch,,"Charger 1 (fid=7) not available, trying Charger 0 (fid=1)",1108.0,0,,
Car 20,,,,,0,switch,,"Charger 0 (fid=1) not available, trying Charger 1 (fid=7)",1108.1502519097737,1,,
Car 605,,,,38,,arrived,,arrived,1109.0,,,
Car 421,,,,,2,switch,,"Charger 2 (fid=17) not available, trying Charger 0 (fid=1)",1109.0,0,,
Car 613,,,,,,gave_up,1,"no alternate charger available, gave up",1109.095476033204,,,
Car 92,,,,,2,switch,,"Charger 2 (fid=17) not available, trying Charger 3 (fid=19)",1109.1142683075564,3,,
Car 519,,,,,2,switch,,"Charger 2 (fid=17) not available, trying Charger 0 (fid=1)",1109.1569963427667,0,,
Car 672,,,,,3,switch,,"Charger 3 (fid=19) not available, trying Charger 0 (fid=1)",1109.1569963427667,0,,
Car 277,,,,,3,switch,,"Charger 3 (fid=19) not available, trying Charger 2 (fid=17)",1110.0,2,,
Car 82,,,,,3,switch,,"Charger 3 (fid=19) not available, trying Charger 0 (fid=1)",1110.1569963427667,0,,
Car 485,,,,,0,switch,,"Charger 0 (fid=1) not available, trying Charger 1 (fid=7)",1110.3260405268927,1,,
Car 666,,,,,1,switch,,"Charger 1 (fid=7) not available, trying Charger 2 (fid=17)",1110.9452241234303,2,,
Car 146,,,,,2,switch,,"Charger 2 (fid=17) not available, trying Charger 0 (fid=1)",1111.1569963427667,0,,
Car 44,,,,64,,arrived,,arrived,1112.0,,,
Car 42,,,,,2,switch,,"Charger 2 (fid=17) not available, trying Charger 3 (fid=19)",1112.0,3,,
Car 184,,,,,2,switch,,"Charger 2 (fid=17) not available, trying Charger 0 (fid=1)",1112.1569963427667,0,,
Car 365,,,,,3,switch,,"Charger 3 (fid=19) not available, trying Charger 0 (fid=1)",1112.1569963427667,0,,
Car 606,,,,,2,switch,,"Charger 2 (fid=17) not available, trying Charger 0 (fid=1)",1112.1569963427667,0,,
Car 213,,,,,0,switch,,"Charger 0 (fid=1) not available, trying Charger 3 (fid=19)",1112.169044184126,3,,
Car 293,,,,8,,arrived,,arrived,1113.0,,,
Car 601,,,,,2,switch,,"Charger 2 (fid=17) not available, trying Charger 3 (fid=19)",1113.0,3,,
Car 118,,,,,,gave_up,3,"no alternate charger available, gave up",1113.1553923431384,,,
Car 250,,,,,0,switch,,"Charger 0 (fid=1) not available, trying Charger 2 (fid=17)",1113.9452241234303,2,,
Car 577,,,,,0,switch,,"Charger 0 (fid=1) not available, trying Charger 2 (fid=17)",1113.9452241234303,2,,
Car 185,,,,78,,arrived,,arrived,1114.0,,,
Car 278,,,,1,,arrived,,arrived,1114.0,,,
Car 605,,,,,2,switch,,"Charger 2 (fid=17) not available, trying Charger 3 (fid=19)",1114.0,3,,
Car 20,,,,,,gave_up,1,"no alternate charger available, gave up",1114.095476033204,,,
Car 406,,,,,1,switch,,"Charger 1 (fid=7) not available, trying Charger 3 (fid=19)",1114.2799925095785,3,,
Car 33,,,,21,,arrived,,arrived,1115.0,,,
Car 136,,,,57,,arrived,,arrived,1115.0,,,
Car 92,,,,,,gave_up,3,"no alternate charger available, gave up",1115.271264650323,,,
Car 48,61.0,1,0,,,done,,done charging,1115.3260405268925,,,407.59729144463586
Car 421,,1,0,,,start_charge,,starting to charge at Charger 0 (fid=1),1115.3260405268925,,9.156996342766433,
Car 277,,,,,2,switch,,"Charger 2 (fid=17) not available, trying Charger 0 (fid=1)",1116.1569963427667,0,,
Car 485,,,,,,gave_up,1,"no alternate charger available, gave up",1116.271264650323,,,
Car 519,,,,,0,switch,,"Charger 0 (fid=1) not available, trying Charger 1 (fid=7)",1116.3260405268927,1,,
Car 44,,,,,1,switch,,"Charger 1 (fid=7) not available, trying Charger 0 (fid=1)",1117.0,0,,
Car 672,,,,,0,switch,,"Charger 0 (fid=1) not available, trying Charger 1 (fid=7)",1117.1502519097737,1,,
Car 221,,,,7,,arrived,,arrived,1118.0,,,
Car 293,,,,,2,switch,,"Charger 2 (fid=17) not available, trying Charger 3 (fid=19)",1118.0,3,,
Car 82,,,,,0,switch,,"Charger 0 (fid=1) not available, trying Charger 1 (fid=7)",1118.1502519097737,1,,
Car 42,,,,,3,switch,,"Charger 3 (fid=19) not available, trying Charger 0 (fid=1)",1118.1569963427667,0,,
Car 146,,,,,0,switch,,"Charger 0 (fid=1) not available, trying Charger 1 (fid=7)",1118.3260405268927,1,,
Car 185,,,,,2,switch,,"Charger 2 (fid=17) not available, trying Charger 3 (fid=19)",1119.0,3,,
Car 278,,,,,0,switch,,"Charger 0 (fid=1) not available, trying Charger 1 (fid=7)",1119.0,1,,
Car 666,,,,,2,switch,,"Charger 2 (fid=17) not available, trying Charger 3 (fid=19)",1119.0561724488828,3,,
Car 601,,,,,3,switch,,"Charger 3 (fid=19) not available, trying Charger 0 (fid=1)",1119.1569963427667,0,,
Car 184,,,,,0,switch,,"Charger 0 (fid=1) not available, trying Charger 1 (fid=7)",1119.3260405268927,1,,
Car 606,,,,,0,switch,,"Charger 0 (fid=1) not available, trying Charger 1 (fid=7)",1119.3260405268927,1,,
Car 33,,,,,0,switch,,"Charger 0 (fid=1) not available, trying Charger 1 (fid=7)",1120.0,1,,
Car 136,,,,,3,switch,,"Charger 3 (fid=19) not available, trying Charger 2 (fid=17)",1120.0,2,,
Car 365,,,,,0,switch,,"Charger 0 (fid=1) not available, trying Charger 1 (fid=7)",1120.1502519097737,1,,
Car 605,,,,,3,switch,,"Charger 3 (fid=19) not available, trying Charger 0 (fid=1)",1120.1569963427667,0,,
Car 213,,,,,3,switch,,"Charger 3 (fid=19) not available, trying Charger 1 (fid=7)",1120.162299751133,1,,
Car 250,,,,,2,switch,,"Charger 2 (fid=17) not available, trying Charger 3 (fid=19)",1121.1142683075564,3,,
Car 577,,,,,2,switch,,"Charger 2 (fid=17) not available, trying Charger 3 (fid=19)",1121.1142683075564,3,,
Car 519,,,,,,gave_up,1,"no alternate charger available, gave up",1122.271264650323,,,
Car 44,,,,,0,switch,,"Charger 0 (fid=1) not available, trying Charger 2 (fid=17)",1122.9452241234303,2,,
Car 221,,,,,1,switch,,"Charger 1 (fid=7) not available, trying Charger 0 (fid=1)",1123.0,0,,
Car 672,,,,,,gave_up,1,"no alternate charger available, gave up",1123.095476033204,,,
Car 406,,,,,,gave_up,3,"no alternate charger available, gave up",1123.1553923431384,,,
Car 277,,,,,0,switch,,"Charger 0 (fid=1) not available, trying Charger 1 (fid=7)",1123.3260405268927,1,,
Car 129,,,,11,,arrived,,arrived,1124.0,,,
Car 82,,,,,,gave_up,1,"no alternate charger available, gave up",1124.095476033204,,,
Car 293,,,,,3,switch,,"Charger 3 (fid=19) not available, trying Charger 0 (fid=1)",1124.1569963427667,0,,
Car 146,,,,,,gave_up,1,"no alternate charger available, gave up",1124.271264650323,,,
Car 278,,,,,1,switch,,"Charger 1 (fid=7) not available, trying Charger 2 (fid=17)",1124.9452241234303,2,,
Car 71,,,,21,,arrived,,arrived,1125.0,,,
Car 185,,,,,3,switch,,"Charger 3 (fid=19) not available, trying Charger 0 (fid=1)",1125.1569963427667,0,,
Car 666,,,,,,gave_up,3,"no alternate charger available, gave up",1125.2131687916494,,,
Car 184,,,,,,gave_up,1,"no alternate charger available, gave up",1125.271264650323,,,
Car 606,,,,,,gave_up,1,"no alternate charger available, gave up",1125.271264650323,,,
Car 33,,,,,1,switch,,"Charger 1 (fid=7) not available, trying Charger 2 (fid=17)",1125.9452241234303,2,,
Car 49,,,,77,,arrived,,arrived,1126.0,,,
Car 403,,,,37,,arrived,,arrived,1126.0,,,
Car 495,,,,23,,arrived,,arrived,1126.0,,,
Car 365,,,,,,gave_up,1,"no alternate charger available, gave up",1126.095476033204,,,
Car 42,,,,,0,switch,,"Charger 0 (fid=1) not available, trying Charger 1 (fid=7)",1126.1502519097737,1,,
Car 136,,,,,2,switch,,"Charger 2 (fid=17) not available, trying Charger 0 (fid=1)",1126.1569963427667,0,,
Car 286,,,,31,,arrived,,arrived,1127.0,,,
Car 601,,,,,0,switch,,"Charger 0 (fid=1) not available, trying Charger 1 (fid=7)",1127.1502519097737,1,,
Car 250,,,,,,gave_up,3,"no alternate charger available, gave up",1127.271264650323,,,
Car 577,,,,,,gave_up,3,"no alternate charger available, gave up",1127.271264650323,,,
Car 353,110.0,1,0,,,done,,done charging,1127.9452241234303,,,187.64360018130802
Car 605,,1,0,,,start_charge,,starting to charge at Charger 0 (fid=1),1127.9452241234303,,14.794972213656592,
Car 155,,,,30,,arrived,,arrived,1128.0,,,
Car 289,,,,73,,arrived,,arrived,1128.0,,,
Car 221,,,,,0,switch,,"Charger 0 (fid=1) not available, trying Charger 2 (fid=17)",1128.9452241234303,2,,
Car 129,,,,,2,switch,,"Charger 2 (fid=17) not available, trying Charger 3 (fid=19)",1129.0,3,,
Car 213,,,,,,gave_up,1,"no alternate charger available, gave up",1129.037699584693,,,
Car 277,,,,,,gave_up,1,"no alternate charger available, gave up",1129.271264650323,,,
Car 265,,,,29,,arrived,,arrived,1130.0,,,
Car 435,,,,4,,arrived,,arrived,1130.0,,,
Car 71,,,,,3,switch,,"Charger 3 (fid=19) not available, trying Charger 2 (fid=17)",1130.0,2,,
Car 44,,,,,2,switch,,"Charger 2 (fid=17) not available, trying Charger 3 (fid=19)",1130.1142683075564,3,,
Car 409,90.0,1,0,,,done,,done charging,1131.0,,,203.45572547363514
Car 49,,,,,0,switch,,"Charger 0 (fid=1) not available, trying Charger 2 (fid=17)",1131.0,2,,
Car 403,,,,,2,switch,,"Charger 2 (fid=17) not available, trying Charger 3 (fid=19)",1131.0,3,,
Car 495,,,,,3,switch,,"Charger 3 (fid=19) not available, trying Charger 2 (fid=17)",1131.0,2,,
Car 73,,,,68,,arrived,,arrived,1132.0,,,
Car 286,,,,,3,switch,,"Charger 3 (fid=19) not available, trying Charger 2 (fid=17)",1132.0,2,,
Car 42,,,,,,gave_up,1,"no alternate charger available, gave up",1132.095476033204,,,
Car 293,,,,,0,switch,,"Charger 0 (fid=1) not available, trying Charger 1 (fid=7)",1132.1502519097737,1,,
Car 155,,,,,3,switch,,"Charger 3 (fid=19) not available, trying Charger 2 (fid=17)",1133.0,2,,
Car 289,,,,,2,switch,,"Charger 2 (fid=17) not available, trying Charger 3 (fid=19)",1133.0,3,,
Car 278,,,,,2,switch,,"Charger 2 (fid=17) not available, trying Charger 3 (fid=19)",1133.0561724488828,3,,
Car 601,,,,,,gave_up,1,"no alternate charger available, gave up",1133.095476033204,,,
Car 185,,,,,0,switch,,"Charger 0 (fid=1) not available, trying Charger 1 (fid=7)",1133.1502519097737,1,,
Car 136,,,,,0,switch,,"Charger 0 (fid=1) not available, trying Charger 1 (fid=7)",1133.3260405268927,1,,
Car 352,,,,37,,arrived,,arrived,1134.0,,,
Car 33,,,,,2,switch,,"Charger 2 (fid=17) not available, trying Charger 3 (fid=19)",1134.0561724488828,3,,
Car 477,,,,71,,arrived,,arrived,1135.0,,,
Car 265,,,,,3,switch,,"Charger 3 (fid=19) not available, trying Charger 2 (fid=17)",1135.0,2,,
Car 435,,,,,0,switch,,"Charger 0 (fid=1) not available, trying Charger 2 (fid=17)",1135.0,2,,
Car 129,,,,,3,switch,,"Charger 3 (fid=19) not available, trying Charger 0 (fid=1)",1135.1569963427667,0,,
Car 221,,,,,2,switch,,"Charger 2 (fid=17) not available, trying Charger 3 (fid=19)",1136.1142683075564,3,,
Car 71,,,,,2,switch,,"Charger 2 (fid=17) not available, trying Charger 0 (fid=1)",1136.1569963427667,0,,
Car 44,,,,,,gave_up,3,"no alternate charger available, gave up",1136.271264650323,,,
Car 73,,,,,3,switch,,"Charger 3 (fid=19) not available, trying Charger 2 (fid=17)",1137.0,2,,
Car 403,,,,,3,switch,,"Charger 3 (fid=19) not available, trying Charger 0 (fid=1)",1137.1569963427667,0,,
Car 495,,,,,2,switch,,"Charger 2 (fid=17) not available, trying Charger 0 (fid=1)",1137.1569963427667,0,,
Car 268,,,,88,,arrived,,arrived,1138.0,,,
Car 685,,,,48,,arrived,,arrived,1138.0,,,
Car 293,,,,,,gave_up,1,"no alternate charger available, gave up",1138.095476033204,,,
Car 286,,,,,2,switch,,"Charger 2 (fid=17) not available, trying Charger 0 (fid=1)",1138.1569963427667,0,,
Car 49,,,,,2,switch,,"Charger 2 (fid=17) not available, trying Charger 1 (fid=7)",1138.169044184126,1,,
Car 494,,,,6,,arrived,,arrived,1139.0,,,
Car 352,,,,,2,switch,,"Charger 2 (fid=17) not available, trying Charger 3 (fid=19)",1139.0,3,,
Car 185,,,,,,gave_up,1,"no alternate charger available, gave up",1139.095476033204,,,
Car 155,,,,,2,switch,,"Charger 2 (fid=17) not available, trying Charger 0 (fid=1)",1139.1569963427667,0,,
Car 289,,,,,3,switch,,"Charger 3 (fid=19) not available, trying Charger 0 (fid=1)",1139.1569963427667,0,,
Car 278,,,,,,gave_up,3,"no alternate charger available, gave up",1139.2131687916494,,,
Car 136,,,,,,gave_up,1,"no alternate charger available, gave up",1139.271264650323,,,
Car 477,,,,,3,switch,,"Charger 3 (fid=19) not available, trying Charger 2 (fid=17)",1140.0,2,,
Car 33,,,,,,gave_up,3,"no alternate charger available, gave up",1140.2131687916494,,,
Car 265,,,,,2,switch,,"Charger 2 (fid=17) not available, trying Charger 0 (fid=1)",1141.1569963427667,0,,
Car 188,,,,31,,arrived,,arrived,1142.0,,,
Car 435,,,,,2,switch,,"Charger 2 (fid=17) not available, trying Charger 1 (fid=7)",1142.169044184126,1,,
Car 221,,,,,,gave_up,3,"no alternate charger available, gave up",1142.271264650323,,,
Car 268,,,,,1,switch,,"Charger 1 (fid=7) not available, trying Charger 0 (fid=1)",1143.0,0,,
Car 685,,,,,3,switch,,"Charger 3 (fid=19) not available, trying Charger 2 (fid=17)",1143.0,2,,
Car 129,,,,,0,switch,,"Charger 0 (fid=1) not available, trying Charger 1 (fid=7)",1143.1502519097737,1,,
Car 73,,,,,2,switch,,"Charger 2 (fid=17) not available, trying Charger 0 (fid=1)",1143.1569963427667,0,,
Car 71,,,,,0,switch,,"Charger 0 (fid=1) not available, trying Charger 1 (fid=7)",1143.3260405268927,1,,
Car 494,,,,,2,switch,,"Charger 2 (fid=17) not available, trying Charger 0 (fid=1)",1144.0,0,,
Car 495,,,,,0,switch,,"Charger 0 (fid=1) not available, trying Charger 1 (fid=7)",1144.3260405268927,1,,
Car 698,,,,22,,arrived,,arrived,1145.0,,,
Car 403,,,,,0,switch,,"Charger 0 (fid=1) not available, trying Charger 1 (fid=7)",1145.1502519097737,1,,
Car 352,,,,,3,switch,,"Charger 3 (fid=19) not available, trying Charger 0 (fid=1)",1145.1569963427667,0,,
Car 286,,,,,0,switch,,"Charger 0 (fid=1) not available, trying Charger 1 (fid=7)",1145.3260405268927,1,,
Car 477,,,,,2,switch,,"Charger 2 (fid=17) not available, trying Charger 0 (fid=1)",1146.1569963427667,0,,
Car 49,,,,,1,switch,,"Charger 1 (fid=7) not available, trying Charger 3 (fid=19)",1146.2799925095785,3,,
Car 155,,,,,0,switch,,"Charger 0 (fid=1) not available, trying Charger 1 (fid=7)",1146.3260405268927,1,,
Car 508,,,,37,,arrived,,arrived,1147.0,,,
Car 588,,,,33,,arrived,,arrived,1147.0,,,
Car 658,,,,33,,arrived,,arrived,1147.0,,,
Car 188,,,,,3,switch,,"Charger 3 (fid=19) not available, trying Charger 2 (fid=17)",1147.0,2,,
Car 289,,,,,0,switch,,"Charger 0 (fid=1) not available, trying Charger 1 (fid=7)",1147.1502519097737,1,,
Car 265,,,,,0,switch,,"Charger 0 (fid=1) not available, trying Charger 1 (fid=7)",1148.3260405268927,1,,
Car 268,,,,,0,switch,,"Charger 0 (fid=1) not available, trying Charger 2 (fid=17)",1148.9452241234303,2,,
Car 651,,,,72,,arrived,,arrived,1149.0,,,
Car 129,,,,,,gave_up,1,"no alternate charger available, gave up",1149.095476033204,,,
Car 685,,,,,2,switch,,"Charger 2 (fid=17) not available, trying Charger 0 (fid=1)",1149.1569963427667,0,,
Car 563,67.0,1,0,,,done,,done charging,1149.169044184126,,,0.0
Car 73,,1,0,,,start_charge,,starting to charge at Charger 0 (fid=1),1149.169044184126,,13.84300365723334,
Car 71,,,,,,gave_up,1,"no alternate charger available, gave up",1149.271264650323,,,
Car 653,,,,66,,arrived,,arrived,1150.0,,,
Car 698,,,,,3,switch,,"Charger 3 (fid=19) not available, trying Charger 2 (fid=17)",1150.0,2,,
Car 495,,,,,,gave_up,1,"no alternate charger available, gave up",1150.271264650323,,,
Car 435,,,,,1,switch,,"Charger 1 (fid=7) not available, trying Charger 3 (fid=19)",1150.2799925095785,3,,
Car 462,,,,84,,arrived,,arrived,1151.0,,,
Car 403,,,,,,gave_up,1,"no alternate charger available, gave up",1151.095476033204,,,
Car 494,,,,,0,switch,,"Charger 0 (fid=1) not available, trying Charger 3 (fid=19)",1151.169044184126,3,,
Car 286,,,,,,gave_up,1,"no alternate charger available, gave up",1151.271264650323,,,
Car 22,,,,11,,arrived,,arrived,1152.0,,,
Car 373,,,,16,,arrived,,arrived,1152.0,,,
Car 708,,,,40,,arrived,,arrived,1152.0,,,
Car 751,,,,52,,arrived,,arrived,1152.0,,,
Car 508,,,,,2,switch,,"Charger 2 (fid=17) not available, trying Charger 3 (fid=19)",1152.0,3,,
Car 588,,,,,2,switch,,"Charger 2 (fid=17) not available, trying Charger 3 (fid=19)",1152.0,3,,
Car 658,,,,,3,switch,,"Charger 3 (fid=19) not available, trying Charger 2 (fid=17)",1152.0,2,,
Car 155,,,,,,gave_up,1,"no alternate charger available, gave up",1152.271264650323,,,
Car 105,,,,15,,arrived,,arrived,1153.0,,,
Car 289,,,,,,gave_up,1,"no alternate charger available, gave up",1153.095476033204,,,
Car 352,,,,,0,switch,,"Charger 0 (fid=1) not available, trying Charger 1 (fid=7)",1153.1502519097737,1,,
Car 188,,,,,2,switch,,"Charger 2 (fid=17) not available, trying Charger 0 (fid=1)",1153.1569963427667,0,,
Car 477,,,,,0,switch,,"Charger 0 (fid=1) not available, trying Charger 1 (fid=7)",1153.3260405268927,1,,
Car 651,,,,,3,switch,,"Charger 3 (fid=19) not available, trying Charger 2 (fid=17)",1154.0,2,,
Car 43,83.0,7,1,,,done,,done charging,1154.2712646503228,,,521.310956256428
Car 265,,7,1,,,start_charge,,starting to charge at Charger 1 (fid=7),1154.2712646503228,,19.999999999999773,
Car 127,,,,43,,arrived,,arrived,1155.0,,,
Car 653,,,,,2,switch,,"Charger 2 (fid=17) not available, trying Charger 0 (fid=1)",1155.0,0,,
Car 49,,,,,,gave_up,3,"no alternate charger available, gave up",1155.1553923431384,,,
Car 462,,,,,1,switch,,"Charger 1 (fid=7) not available, trying Charger 0 (fid=1)",1156.0,0,,
Car 268,,,,,2,switch,,"Charger 2 (fid=17) not available, trying Charger 3 (fid=19)",1156.1142683075564,3,,
Car 698,,,,,2,switch,,"Charger 2 (fid=17) not available, trying Charger 0 (fid=1)",1156.1569963427667,0,,
Car 685,,,,,0,switch,,"Charger 0 (fid=1) not available, trying Charger 1 (fid=7)",1156.3260405268927,1,,
Car 22,,,,,2,switch,,"Charger 2 (fid=17) not available, trying Charger 3 (fid=19)",1157.0,3,,
Car 373,,,,,2,switch,,"Charger 2 (fid=17) not available, trying Charger 3 (fid=19)",1157.0,3,,
Car 708,,,,,0,switch,,"Charger 0 (fid=1) not available, trying Charger 2 (fid=17)",1157.0,2,,
Car 751,,,,,1,switch,,"Charger 1 (fid=7) not available, trying Charger 0 (fid=1)",1157.0,0,,
Car 746,,,,8,,arrived,,arrived,1158.0,,,
Car 105,,,,,2,switch,,"Charger 2 (fid=17) not available, trying Charger 3 (fid=19)",1158.0,3,,
Car 508,,,,,3,switch,,"Charger 3 (fid=19) not available, trying Charger 0 (fid=1)",1158.1569963427667,0,,
Car 588,,,,,3,switch,,"Charger 3 (fid=19) not available, trying Charger 0 (fid=1)",1158.1569963427667,0,,
Car 658,,,,,2,switch,,"Charger 2 (fid=17) not available, trying Charger 0 (fid=1)",1158.1569963427667,0,,
Car 725,,,,50,,arrived,,arrived,1159.0,,,
Car 352,,,,,,gave_up,1,"no alternate charger available, gave up",1159.095476033204,,,
Car 435,,,,,,gave_up,3,"no alternate charger available, gave up",1159.1553923431384,,,
Car 494,,,,,3,switch,,"Charger 3 (fid=19) not available, trying Charger 1 (fid=7)",1159.162299751133,1,,
Car 477,,,,,,gave_up,1,"no alternate charger available, gave up",1159.271264650323,,,
Car 206,,,,31,,arrived,,arrived,1160.0,,,
Car 127,,,,,3,switch,,"Charger 3 (fid=19) not available, trying Charger 2 (fid=17)",1160.0,2,,
Car 651,,,,,2,switch,,"Charger 2 (fid=17) not available, trying Charger 0 (fid=1)",1160.1569963427667,0,,
Car 188,,,,,0,switch,,"Charger 0 (fid=1) not available, trying Charger 1 (fid=7)",1160.3260405268927,1,,
Car 462,,,,,0,switch,,"Charger 0 (fid=1) not available, trying Charger 2 (fid=17)",1161.9452241234303,2,,
Car 107,,,,66,,arrived,,arrived,1162.0,,,
Car 562,,,,8,,arrived,,arrived,1162.0,,,
Car 653,,,,,0,switch,,"Charger 0 (fid=1) not available, trying Charger 3 (fid=19)",1162.169044184126,3,,
Car 268,,,,,,gave_up,3,"no alternate charger available, gave up",1162.271264650323,,,
Car 685,,,,,,gave_up,1,"no alternate charger available, gave up",1162.271264650323,,,
Car 751,,,,,0,switch,,"Charger 0 (fid=1) not available, trying Charger 2 (fid=17)",1162.9452241234303,2,,
Car 746,,,,,2,switch,,"Charger 2 (fid=17) not available, trying Charger 3 (fid=19)",1163.0,3,,
Car 22,,,,,3,switch,,"Charger 3 (fid=19) not available, trying Charger 0 (fid=1)",1163.1569963427667,0,,
Car 373,,,,,3,switch,,"Charger 3 (fid=19) not available, trying Charger 0 (fid=1)",1163.1569963427667,0,,
Car 698,,,,,0,switch,,"Charger 0 (fid=1) not available, trying Charger 1 (fid=7)",1163.3260405268927,1,,
Car 470,,,,52,,arrived,,arrived,1164.0,,,
Car 725,,,,,0,switch,,"Charger 0 (fid=1) not available, trying Charger 1 (fid=7)",1164.0,1,,
Car 105,,,,,3,switch,,"Charger 3 (fid=19) not available, trying Charger 0 (fid=1)",1164.1569963427667,0,,
Car 708,,,,,2,switch,,"Charger 2 (fid=17) not available, trying Charger 1 (fid=7)",1164.169044184126,1,,
Car 206,,,,,3,switch,,"Charger 3 (fid=19) not available, trying Charger 2 (fid=17)",1165.0,2,,
Car 658,,,,,0,switch,,"Charger 0 (fid=1) not available, trying Charger 1 (fid=7)",1165.3260405268927,1,,
Car 508,,,,,0,switch,,"Charger 0 (fid=1) not available, trying Charger 1 (fid=7)",1166.1502519097737,1,,
Car 588,,,,,0,switch,,"Charger 0 (fid=1) not available, trying Charger 1 (fid=7)",1166.1502519097737,1,,
Car 127,,,,,2,switch,,"Charger 2 (fid=17) not available, trying Charger 0 (fid=1)",1166.1569963427667,0,,
Car 188,,,,,,gave_up,1,"no alternate charger available, gave up",1166.271264650323,,,
Car 107,,,,,2,switch,,"Charger 2 (fid=17) not available, trying Charger 0 (fid=1)",1167.0,0,,
Car 562,,,,,2,switch,,"Charger 2 (fid=17) not available, trying Charger 3 (fid=19)",1167.0,3,,
Car 651,,,,,0,switch,,"Charger 0 (fid=1) not available, trying Charger 1 (fid=7)",1167.3260405268927,1,,
Car 395,105.0,17,2,,,done,,done charging,1168.0,,,339.2036524877252
Car 462,,17,2,,,start_charge,,starting to charge at Charger 2 (fid=17),1168.0,,13.885731692443642,
Car 494,,,,,,gave_up,1,"no alternate charger available, gave up",1168.037699584693,,,
Car 470,,,,,1,switch,,"Charger 1 (fid=7) not available, trying Charger 0 (fid=1)",1169.0,0,,
Car 746,,,,,3,switch,,"Charger 3 (fid=19) not available, trying Charger 0 (fid=1)",1169.1569963427667,0,,
Car 698,,,,,,gave_up,1,"no alternate charger available, gave up",1169.271264650323,,,
Car 725,,,,,1,switch,,"Charger 1 (fid=7) not available, trying Charger 2 (fid=17)",1169.9452241234303,2,,
Car 751,,,,,2,switch,,"Charger 2 (fid=17) not available, trying Charger 3 (fid=19)",1170.1142683075564,3,,
Car 653,,,,,3,switch,,"Charger 3 (fid=19) not available, trying Charger 1 (fid=7)",1170.162299751133,1,,
Car 22,,,,,0,switch,,"Charger 0 (fid=1) not available, trying Charger 1 (fid=7)",1171.1502519097737,1,,
Car 373,,,,,0,switch,,"Charger 0 (fid=1) not available, trying Charger 1 (fid=7)",1171.1502519097737,1,,
Car 206,,,,,2,switch,,"Charger 2 (fid=17) not available, trying Charger 0 (fid=1)",1171.1569963427667,0,,
Car 658,,,,,,gave_up,1,"no alternate charger available, gave up",1171.271264650323,,,
Car 508,,,,,,gave_up,1,"no alternate charger available, gave up",1172.095476033204,,,
Car 588,,,,,,gave_up,1,"no alternate charger available, gave up",1172.095476033204,,,
Car 105,,,,,0,switch,,"Charger 0 (fid=1) not available, trying Charger 1 (fid=7)",1172.1502519097737,1,,
Car 708,,,,,1,switch,,"Charger 1 (fid=7) not available, trying Charger 3 (fid=19)",1172.2799925095785,3,,
Car 440,,,,8,,arrived,,arrived,1173.0,,,
Car 562,,,,,3,switch,,"Charger 3 (fid=19) not available, trying Charger 0 (fid=1)",1173.1569963427667,0,,
Car 651,,,,,,gave_up,1,"no alternate charger available, gave up",1173.271264650323,,,
Car 127,,,,,0,switch,,"Charger 0 (fid=1) not available, trying Charger 1 (fid=7)",1173.3260405268927,1,,
Car 107,,,,,0,switch,,"Charger 0 (fid=1) not available, trying Charger 3 (fid=19)",1174.169044184126,3,,
Car 470,,,,,0,switch,,"Charger 0 (fid=1) not available, trying Charger 2 (fid=17)",1174.9452241234303,2,,
Car 751,,,,,,gave_up,3,"no alternate charger available, gave up",1176.271264650323,,,
Car 6,,,,7,,arrived,,arrived,1177.0,,,
Car 22,,,,,,gave_up,1,"no alternate charger available, gave up",1177.095476033204,,,
Car 373,,,,,,gave_up,1,"no alternate charger available, gave up",1177.095476033204,,,
Car 746,,,,,0,switch,,"Charger 0 (fid=1) not available, trying Charger 1 (fid=7)",1177.1502519097737,1,,
Car 440,,,,,2,switch,,"Charger 2 (fid=17) not available, trying Charger 3 (fid=19)",1178.0,3,,
Car 725,,,,,2,switch,,"Charger 2 (fid=17) not available, trying Charger 3 (fid=19)",1178.0561724488828,3,,
Car 105,,,,,,gave_up,1,"no alternate charger available, gave up",1178.095476033204,,,
Car 206,,,,,0,switch,,"Charger 0 (fid=1) not available, trying Charger 1 (fid=7)",1178.3260405268927,1,,
Car 450,,,,31,,arrived,,arrived,1179.0,,,
Car 471,,,,23,,arrived,,arrived,1179.0,,,
Car 653,,,,,,gave_up,1,"no alternate charger available, gave up",1179.037699584693,,,
Car 127,,,,,,gave_up,1,"no alternate charger available, gave up",1179.271264650323,,,
Car 453,90.0,7,1,,,done,,done charging,1180.0954760332042,,,398.01753603828024
Car 6,,7,1,,,start_charge,,starting to charge at Charger 1 (fid=7),1180.0954760332042,,3.0954760332042497,
Car 562,,,,,0,switch,,"Charger 0 (fid=1) not available, trying Charger 1 (fid=7)",1181.1502519097737,1,,
Car 708,,,,,,gave_up,3,"no alternate charger available, gave up",1181.1553923431384,,,
Car 215,,,,11,,arrived,,arrived,1182.0,,,
Car 470,,,,,2,switch,,"Charger 2 (fid=17) not available, trying Charger 3 (fid=19)",1182.1142683075564,3,,
Car 107,,,,,3,switch,,"Charger 3 (fid=19) not available, trying Charger 1 (fid=7)",1182.162299751133,1,,
Car 621,,,,80,,arrived,,arrived,1183.0,,,
Car 746,,,,,,gave_up,1,"no alternate charger available, gave up",1183.095476033204,,,
Car 38,,,,60,,arrived,,arrived,1184.0,,,
Car 450,,,,,3,switch,,"Charger 3 (fid=19) not available, trying Charger 2 (fid=17)",1184.0,2,,
Car 471,,,,,3,switch,,"Charger 3 (fid=19) not available, trying Charger 2 (fid=17)",1184.0,2,,
Car 440,,,,,3,switch,,"Charger 3 (fid=19) not available, trying Charger 0 (fid=1)",1184.1569963427667,0,,
Car 725,,,,,,gave_up,3,"no alternate charger available, gave up",1184.2131687916494,,,
Car 206,,,,,,gave_up,1,"no alternate charger available, gave up",1184.271264650323,,,
Car 15,,,,78,,arrived,,arrived,1185.0,,,
Car 215,,,,,2,switch,,"Charger 2 (fid=17) not available, trying Charger 3 (fid=19)",1187.0,3,,
Car 562,,,,,,gave_up,1,"no alternate charger available, gave up",1187.095476033204,,,
Car 98,,,,70,,arrived,,arrived,1188.0,,,
Car 280,,,,13,,arrived,,arrived,1188.0,,,
Car 621,,,,,2,switch,,"Charger 2 (fid=17) not available, trying Charger 3 (fid=19)",1188.0,3,,
Car 470,,,,,,gave_up,3,"no alternate charger available, gave up",1188.271264650323,,,
Car 423,,,,54,,arrived,,arrived,1189.0,,,
Car 38,,,,,2,switch,,"Charger 2 (fid=17) not available, trying Charger 0 (fid=1)",1189.0,0,,
Car 517,,,,36,,arrived,,arrived,1190.0,,,
Car 15,,,,,2,switch,,"Charger 2 (fid=17) not available, trying Charger 3 (fid=19)",1190.0,3,,
Car 450,,,,,2,switch,,"Charger 2 (fid=17) not available, trying Charger 0 (fid=1)",1190.1569963427667,0,,
Car 471,,,,,2,switch,,"Charger 2 (fid=17) not available, trying Charger 0 (fid=1)",1190.1569963427667,0,,
Car 368,,,,57,,arrived,,arrived,1191.0,,,
Car 107,,,,,,gave_up,1,"no alternate charger available, gave up",1191.037699584693,,,
Car 317,,,,37,,arrived,,arrived,1192.0,,,
Car 440,,,,,0,switch,,"Charger 0 (fid=1) not available, trying Charger 1 (fid=7)",1192.1502519097737,1,,
Car 169,,,,3,,arrived,,arrived,1193.0,,,
Car 98,,,,,3,switch,,"Charger 3 (fid=19) not available, trying Charger 2 (fid=17)",1193.0,2,,
Car 280,,,,,3,switch,,"Charger 3 (fid=19) not available, trying Charger 2 (fid=17)",1193.0,2,,
Car 215,,,,,3,switch,,"Charger 3 (fid=19) not available, trying Charger 0 (fid=1)",1193.1569963427667,0,,
Car 423,,,,,2,switch,,"Charger 2 (fid=17) not available, trying Charger 3 (fid=19)",1194.0,3,,
Car 621,,,,,3,switch,,"Charger 3 (fid=19) not available, trying Charger 0 (fid=1)",1194.1569963427667,0,,
Car 354,,,,64,,arrived,,arrived,1195.0,,,
Car 517,,,,,2,switch,,"Charger 2 (fid=17) not available, trying Charger 3 (fid=19)",1195.0,3,,
Car 368,,,,,3,switch,,"Charger 3 (fid=19) not available, trying Charger 2 (fid=17)",1196.0,2,,
Car 15,,,,,3,switch,,"Charger 3 (fid=19) not available, trying Charger 0 (fid=1)",1196.1569963427667,0,,
Car 38,,,,,0,switch,,"Charger 0 (fid=1) not available, trying Charger 1 (fid=7)",1196.169044184126,1,,
Car 569,,,,6,,arrived,,arrived,1197.0,,,
Car 317,,,,,2,switch,,"Charger 2 (fid=17) not available, trying Charger 3 (fid=19)",1197.0,3,,
Car 450,,,,,0,switch,,"Charger 0 (fid=1) not available, trying Charger 1 (fid=7)",1197.3260405268927,1,,
Car 471,,,,,0,switch,,"Charger 0 (fid=1) not available, trying Charger 1 (fid=7)",1197.3260405268927,1,,
Car 169,,,,,0,switch,,"Charger 0 (fid=1) not available, trying Charger 1 (fid=7)",1198.0,1,,
Car 440,,,,,,gave_up,1,"no alternate charger available, gave up",1198.095476033204,,,
Car 98,,,,,2,switch,,"Charger 2 (fid=17) not available, trying Charger 0 (fid=1)",1199.1569963427667,0,,
Car 280,,,,,2,switch,,"Charger 2 (fid=17) not available, trying Charger 0 (fid=1)",1199.1569963427667,0,,
Car 354,,,,,1,switch,,"Charger 1 (fid=7) not available, trying Charger 0 (fid=1)",1200.0,0,,
Car 423,,,,,3,switch,,"Charger 3 (fid=19) not available, trying Charger 0 (fid=1)",1200.1569963427667,0,,
Car 301,,,,54,,arrived,,arrived,1201.0,,,
Car 215,,,,,0,switch,,"Charger 0 (fid=1) not available, trying Charger 1 (fid=7)",1201.1502519097737,1,,
Car 517,,,,,3,switch,,"Charger 3 (fid=19) not available, trying Charger 0 (fid=1)",1201.1569963427667,0,,
Car 569,,,,,2,switch,,"Charger 2 (fid=17) not available, trying Charger 0 (fid=1)",1202.0,0,,
Car 38,,,,,1,switch,,"Charger 1 (fid=7) not available, trying Charger 3 (fid=19)",1202.1142683075564,3,,
Car 621,,,,,0,switch,,"Charger 0 (fid=1) not available, trying Charger 1 (fid=7)",1202.1502519097737,1,,
Car 368,,,,,2,switch,,"Charger 2 (fid=17) not available, trying Charger 0 (fid=1)",1202.1569963427667,0,,
Car 673,,,,1,,arrived,,arrived,1203.0,,,
Car 317,,,,,3,switch,,"Charger 3 (fid=19) not available, trying Charger 0 (fid=1)",1203.1569963427667,0,,
Car 450,,,,,,gave_up,1,"no alternate charger available, gave up",1203.271264650323,,,
Car 471,,,,,,gave_up,1,"no alternate charger available, gave up",1203.271264650323,,,
Car 169,,,,,1,switch,,"Charger 1 (fid=7) not available, trying Charger 2 (fid=17)",1203.9452241234303,2,,
Car 15,,,,,0,switch,,"Charger 0 (fid=1) not available, trying Charger 1 (fid=7)",1204.1502519097737,1,,
Car 265,51.0,7,1,,,done,,done charging,1205.2712646503228,,,521.1415960619526
Car 215,,7,1,,,start_charge,,starting to charge at Charger 1 (fid=7),1205.2712646503228,,18.17578861711877,
Car 354,,,,,0,switch,,"Charger 0 (fid=1) not available, trying Charger 2 (fid=17)",1205.9452241234303,2,,
Car 301,,,,,2,switch,,"Charger 2 (fid=17) not available, trying Charger 3 (fid=19)",1206.0,3,,
Car 98,,,,,0,switch,,"Charger 0 (fid=1) not available, trying Charger 1 (fid=7)",1206.3260405268927,1,,
Car 280,,,,,0,switch,,"Charger 0 (fid=1) not available, trying Charger 1 (fid=7)",1206.3260405268927,1,,
Car 60,,,,77,,arrived,,arrived,1207.0,,,
Car 740,,,,55,,arrived,,arrived,1207.0,,,
Car 73,58.0,1,0,,,done,,done charging,1207.169044184126,,,246.47798485463568
Car 673,,1,0,,,start_charge,,starting to charge at Charger 0 (fid=1),1207.169044184126,,4.169044184126051,
Car 621,,,,,,gave_up,1,"no alternate charger available, gave up",1208.095476033204,,,
Car 423,,,,,0,switch,,"Charger 0 (fid=1) not available, trying Charger 1 (fid=7)",1208.1502519097737,1,,
Car 517,,,,,0,switch,,"Charger 0 (fid=1) not available, trying Charger 1 (fid=7)",1209.1502519097737,1,,
Car 569,,,,,0,switch,,"Charger 0 (fid=1) not available, trying Charger 3 (fid=19)",1209.169044184126,3,,
Car 368,,,,,0,switch,,"Charger 0 (fid=1) not available, trying Charger 1 (fid=7)",1209.3260405268927,1,,
Car 220,,,,61,,arrived,,arrived,1210.0,,,
Car 15,,,,,,gave_up,1,"no alternate charger available, gave up",1210.095476033204,,,
Car 38,,,,,,gave_up,3,"no alternate charger available, gave up",1210.9896681411162,,,
Car 317,,,,,0,switch,,"Charger 0 (fid=1) not available, trying Charger 1 (fid=7)",1211.1502519097737,1,,
Car 582,,,,61,,arrived,,arrived,1212.0,,,
Car 60,,,,,0,switch,,"Charger 0 (fid=1) not available, trying Charger 2 (fid=17)",1212.0,2,,
Car 740,,,,,3,switch,,"Charger 3 (fid=19) not available, trying Charger 2 (fid=17)",1212.0,2,,
Car 169,,,,,2,switch,,"Charger 2 (fid=17) not available, trying Charger 3 (fid=19)",1212.0561724488828,3,,
Car 301,,,,,3,switch,,"Charger 3 (fid=19) not available, trying Charger 0 (fid=1)",1212.1569963427667,0,,
Car 98,,,,,,gave_up,1,"no alternate charger available, gave up",1212.271264650323,,,
Car 280,,,,,,gave_up,1,"no alternate charger available, gave up",1212.271264650323,,,
Car 544,,,,52,,arrived,,arrived,1213.0,,,
Car 354,,,,,2,switch,,"Charger 2 (fid=17) not available, trying Charger 3 (fid=19)",1213.1142683075564,3,,
Car 605,86.0,1,0,,,done,,done charging,1213.9452241234303,,,447.66577841062815
Car 423,,,,,,gave_up,1,"no alternate charger available, gave up",1214.095476033204,,,
Car 712,,,,50,,arrived,,arrived,1215.0,,,
Car 220,,,,,2,switch,,"Charger 2 (fid=17) not available, trying Charger 0 (fid=1)",1215.0,0,,
Car 712,,1,0,,,start_charge,,starting to charge at Charger 0 (fid=1),1215.0,,0.0,
Car 517,,,,,,gave_up,1,"no alternate charger available, gave up",1215.095476033204,,,
Car 368,,,,,,gave_up,1,"no alternate charger available, gave up",1215.271264650323,,,
Car 542,,,,11,,arrived,,arrived,1217.0,,,
Car 582,,,,,2,switch,,"Charger 2 (fid=17) not available, trying Charger 0 (fid=1)",1217.0,0,,
Car 317,,,,,,gave_up,1,"no alternate charger available, gave up",1217.095476033204,,,
Car 569,,,,,3,switch,,"Charger 3 (fid=19) not available, trying Charger 1 (fid=7)",1217.162299751133,1,,
Car 544,,,,,1,switch,,"Charger 1 (fid=7) not available, trying Charger 0 (fid=1)",1218.0,0,,
Car 740,,,,,2,switch,,"Charger 2 (fid=17) not available, trying Charger 0 (fid=1)",1218.1569963427667,0,,
Car 169,,,,,,gave_up,3,"no alternate charger available, gave up",1218.2131687916494,,,
Car 649,,,,44,,arrived,,arrived,1219.0,,,
Car 60,,,,,2,switch,,"Charger 2 (fid=17) not available, trying Charger 1 (fid=7)",1219.169044184126,1,,
Car 354,,,,,,gave_up,3,"no alternate charger available, gave up",1219.271264650323,,,
Car 622,,,,29,,arrived,,arrived,1220.0,,,
Car 301,,,,,0,switch,,"Charger 0 (fid=1) not available, trying Charger 1 (fid=7)",1220.1502519097737,1,,
Car 597,,,,40,,arrived,,arrived,1222.0,,,
Car 542,,,,,2,switch,,"Charger 2 (fid=17) not available, trying Charger 3 (fid=19)",1222.0,3,,
Car 220,,,,,0,switch,,"Charger 0 (fid=1) not available, trying Charger 1 (fid=7)",1222.169044184126,1,,
Car 544,,,,,0,switch,,"Charger 0 (fid=1) not available, trying Charger 2 (fid=17)",1223.9452241234303,2,,
Car 493,,,,30,,arrived,,arrived,1224.0,,,
Car 649,,,,,3,switch,,"Charger 3 (fid=19) not available, trying Charger 2 (fid=17)",1224.0,2,,
Car 582,,,,,0,switch,,"Charger 0 (fid=1) not available, trying Charger 1 (fid=7)",1224.169044184126,1,,
Car 149,,,,68,,arrived,,arrived,1225.0,,,
Car 622,,,,,3,switch,,"Charger 3 (fid=19) not available, trying Charger 2 (fid=17)",1225.0,2,,
Car 421,110.0,1,0,,,done,,done charging,1225.3260405268925,,,265.66932660166555
Car 740,,1,0,,,start_charge,,starting to charge at Charger 0 (fid=1),1225.3260405268925,,14.999999999999773,
Car 569,,,,,,gave_up,1,"no alternate charger available, gave up",1226.037699584693,,,
Car 301,,,,,,gave_up,1,"no alternate charger available, gave up",1226.095476033204,,,
Car 597,,,,,0,switch,,"Charger 0 (fid=1) not available, trying Charger 2 (fid=17)",1227.0,2,,
Car 60,,,,,1,switch,,"Charger 1 (fid=7) not available, trying Charger 3 (fid=19)",1227.2799925095785,3,,
Car 220,,,,,1,switch,,"Charger 1 (fid=7) not available, trying Charger 3 (fid=19)",1228.1142683075564,3,,
Car 542,,,,,3,switch,,"Charger 3 (fid=19) not available, trying Charger 0 (fid=1)",1228.1569963427667,0,,
Car 493,,,,,3,switch,,"Charger 3 (fid=19) not available, trying Charger 2 (fid=17)",1229.0,2,,
Car 149,,,,,3,switch,,"Charger 3 (fid=19) not available, trying Charger 2 (fid=17)",1230.0,2,,
Car 582,,,,,1,switch,,"Charger 1 (fid=7) not available, trying Charger 3 (fid=19)",1230.1142683075564,3,,
Car 649,,,,,2,switch,,"Charger 2 (fid=17) not available, trying Charger 0 (fid=1)",1230.1569963427667,0,,
Car 544,,,,,2,switch,,"Charger 2 (fid=17) not available, trying Charger 3 (fid=19)",1231.1142683075564,3,,
Car 622,,,,,2,switch,,"Charger 2 (fid=17) not available, trying Charger 0 (fid=1)",1231.1569963427667,0,,
Car 432,,,,37,,arrived,,arrived,1232.0,,,
Car 576,,,,53,,arrived,,arrived,1234.0,,,
Car 597,,,,,2,switch,,"Charger 2 (fid=17) not available, trying Charger 1 (fid=7)",1234.169044184126,1,,
Car 493,,,,,2,switch,,"Charger 2 (fid=17) not available, trying Charger 0 (fid=1)",1235.1569963427667,0,,
Car 542,,,,,0,switch,,"Charger 0 (fid=1) not available, trying Charger 1 (fid=7)",1236.1502519097737,1,,
Car 60,,,,,,gave_up,3,"no alternate charger available, gave up",1236.1553923431384,,,
Car 149,,,,,2,switch,,"Charger 2 (fid=17) not available, trying Charger 0 (fid=1)",1236.1569963427667,0,,
Car 220,,,,,,gave_up,3,"no alternate charger available, gave up",1236.9896681411162,,,
Car 528,,,,77,,arrived,,arrived,1237.0,,,
Car 432,,,,,2,switch,,"Charger 2 (fid=17) not available, trying Charger 3 (fid=19)",1237.0,3,,
Car 544,,,,,,gave_up,3,"no alternate charger available, gave up",1237.271264650323,,,
Car 649,,,,,0,switch,,"Charger 0 (fid=1) not available, trying Charger 1 (fid=7)",1237.3260405268927,1,,
Car 622,,,,,0,switch,,"Charger 0 (fid=1) not available, trying Charger 1 (fid=7)",1238.3260405268927,1,,
Car 582,,,,,,gave_up,3,"no alternate charger available, gave up",1238.9896681411162,,,
Car 611,,,,62,,arrived,,arrived,1239.0,,,
Car 576,,,,,1,switch,,"Charger 1 (fid=7) not available, trying Charger 0 (fid=1)",1239.0,0,,
Car 124,,,,24,,arrived,,arrived,1241.0,,,
Car 6,61.0,7,1,,,done,,done charging,1241.0954760332042,,,0.0
Car 542,,7,1,,,start_charge,,starting to charge at Charger 1 (fid=7),1241.0954760332042,,19.000000000000227,
Car 541,,,,77,,arrived,,arrived,1242.0,,,
Car 528,,,,,0,switch,,"Charger 0 (fid=1) not available, trying Charger 2 (fid=17)",1242.0,2,,
Car 597,,,,,1,switch,,"Charger 1 (fid=7) not available, trying Charger 3 (fid=19)",1242.2799925095785,3,,
Car 493,,,,,0,switch,,"Charger 0 (fid=1) not available, trying Charger 1 (fid=7)",1242.3260405268927,1,,
Car 325,,,,56,,arrived,,arrived,1243.0,,,
Car 432,,,,,3,switch,,"Charger 3 (fid=19) not available, trying Charger 0 (fid=1)",1243.1569963427667,0,,
Car 649,,,,,,gave_up,1,"no alternate charger available, gave up",1243.271264650323,,,
Car 149,,,,,0,switch,,"Charger 0 (fid=1) not available, trying Charger 1 (fid=7)",1243.3260405268927,1,,
Car 345,,,,4,,arrived,,arrived,1244.0,,,
Car 611,,,,,2,switch,,"Charger 2 (fid=17) not available, trying Charger 0 (fid=1)",1244.0,0,,
Car 622,,,,,,gave_up,1,"no alternate charger available, gave up",1244.271264650323,,,
Car 576,,,,,0,switch,,"Charger 0 (fid=1) not available, trying Charger 2 (fid=17)",1244.9452241234303,2,,
Car 124,,,,,3,switch,,"Charger 3 (fid=19) not available, trying Charger 2 (fid=17)",1246.0,2,,
Car 541,,,,,0,switch,,"Charger 0 (fid=1) not available, trying Charger 2 (fid=17)",1247.0,2,,
Car 430,,,,24,,arrived,,arrived,1248.0,,,
Car 325,,,,,3,switch,,"Charger 3 (fid=19) not available, trying Charger 2 (fid=17)",1248.0,2,,
Car 493,,,,,,gave_up,1,"no alternate charger available, gave up",1248.271264650323,,,
Car 345,,,,,0,switch,,"Charger 0 (fid=1) not available, trying Charger 2 (fid=17)",1249.0,2,,
Car 528,,,,,2,switch,,"Charger 2 (fid=17) not available, trying Charger 1 (fid=7)",1249.169044184126,1,,
Car 149,,,,,,gave_up,1,"no alternate charger available, gave up",1249.271264650323,,,
Car 432,,,,,0,switch,,"Charger 0 (fid=1) not available, trying Charger 1 (fid=7)",1251.1502519097737,1,,
Car 597,,,,,,gave_up,3,"no alternate charger available, gave up",1251.1553923431384,,,
Car 611,,,,,0,switch,,"Charger 0 (fid=1) not available, trying Charger 3 (fid=19)",1251.169044184126,3,,
Car 366,,,,1,,arrived,,arrived,1252.0,,,
Car 587,,,,6,,arrived,,arrived,1252.0,,,
Car 576,,,,,2,switch,,"Charger 2 (fid=17) not available, trying Charger 3 (fid=19)",1252.1142683075564,3,,
Car 124,,,,,2,switch,,"Charger 2 (fid=17) not available, trying Charger 0 (fid=1)",1252.1569963427667,0,,
Car 430,,,,,3,switch,,"Charger 3 (fid=19) not available, trying Charger 2 (fid=17)",1253.0,2,,
Car 325,,,,,2,switch,,"Charger 2 (fid=17) not available, trying Charger 0 (fid=1)",1254.1569963427667,0,,
Car 541,,,,,2,switch,,"Charger 2 (fid=17) not available, trying Charger 1 (fid=7)",1254.169044184126,1,,
Car 448,,,,20,,arrived,,arrived,1255.0,,,
Car 242,,,,23,,arrived,,arrived,1256.0,,,
Car 501,,,,73,,arrived,,arrived,1256.0,,,
Car 345,,,,,2,switch,,"Charger 2 (fid=17) not available, trying Charger 1 (fid=7)",1256.169044184126,1,,
Car 412,,,,72,,arrived,,arrived,1257.0,,,
Car 366,,,,,0,switch,,"Charger 0 (fid=1) not available, trying Charger 1 (fid=7)",1257.0,1,,
Car 587,,,,,2,switch,,"Charger 2 (fid=17) not available, trying Charger 0 (fid=1)",1257.0,0,,
Car 432,,,,,,gave_up,1,"no alternate charger available, gave up",1257.095476033204,,,
Car 528,,,,,1,switch,,"Charger 1 (fid=7) not available, trying Charger 3 (fid=19)",1257.2799925095785,3,,
Car 304,,,,73,,arrived,,arrived,1258.0,,,
Car 576,,,,,,gave_up,3,"no alternate charger available, gave up",1258.271264650323,,,
Car 430,,,,,2,switch,,"Charger 2 (fid=17) not available, trying Charger 0 (fid=1)",1259.1569963427667,0,,
Car 611,,,,,3,switch,,"Charger 3 (fid=19) not available, trying Charger 1 (fid=7)",1259.162299751133,1,,
Car 124,,,,,0,switch,,"Charger 0 (fid=1) not available, trying Charger 1 (fid=7)",1259.3260405268927,1,,
Car 448,,,,,3,switch,,"Charger 3 (fid=19) not available, trying Charger 2 (fid=17)",1260.0,2,,
Car 242,,,,,3,switch,,"Charger 3 (fid=19) not available, trying Charger 2 (fid=17)",1261.0,2,,
Car 501,,,,,2,switch,,"Charger 2 (fid=17) not available, trying Charger 3 (fid=19)",1261.0,3,,
Car 325,,,,,0,switch,,"Charger 0 (fid=1) not available, trying Charger 1 (fid=7)",1261.3260405268927,1,,
Car 412,,,,,3,switch,,"Charger 3 (fid=19) not available, trying Charger 2 (fid=17)",1262.0,2,,
Car 541,,,,,1,switch,,"Charger 1 (fid=7) not available, trying Charger 3 (fid=19)",1262.2799925095785,3,,
Car 366,,,,,1,switch,,"Charger 1 (fid=7) not available, trying Charger 2 (fid=17)",1262.9452241234303,2,,
Car 162,,,,45,,arrived,,arrived,1263.0,,,
Car 304,,,,,2,switch,,"Charger 2 (fid=17) not available, trying Charger 3 (fid=19)",1263.0,3,,
Car 476,,,,55,,arrived,,arrived,1264.0,,,
Car 587,,,,,0,switch,,"Charger 0 (fid=1) not available, trying Charger 3 (fid=19)",1264.169044184126,3,,
Car 345,,,,,1,switch,,"Charger 1 (fid=7) not available, trying Charger 3 (fid=19)",1264.2799925095785,3,,
Car 484,,,,5,,arrived,,arrived,1265.0,,,
Car 124,,,,,,gave_up,1,"no alternate charger available, gave up",1265.271264650323,,,
Car 528,,,,,,gave_up,3,"no alternate charger available, gave up",1266.1553923431384,,,
Car 448,,,,,2,switch,,"Charger 2 (fid=17) not available, trying Charger 0 (fid=1)",1266.1569963427667,0,,
Car 430,,,,,0,switch,,"Charger 0 (fid=1) not available, trying Charger 1 (fid=7)",1266.3260405268927,1,,
Car 242,,,,,2,switch,,"Charger 2 (fid=17) not available, trying Charger 0 (fid=1)",1267.1569963427667,0,,
Car 501,,,,,3,switch,,"Charger 3 (fid=19) not available, trying Charger 0 (fid=1)",1267.1569963427667,0,,
Car 325,,,,,,gave_up,1,"no alternate charger available, gave up",1267.271264650323,,,
Car 162,,,,,2,switch,,"Charger 2 (fid=17) not available, trying Charger 0 (fid=1)",1268.0,0,,
Car 611,,,,,,gave_up,1,"no alternate charger available, gave up",1268.037699584693,,,
Car 412,,,,,2,switch,,"Charger 2 (fid=17) not available, trying Charger 0 (fid=1)",1268.1569963427667,0,,
Car 476,,,,,3,switch,,"Charger 3 (fid=19) not available, trying Charger 2 (fid=17)",1269.0,2,,
Car 304,,,,,3,switch,,"Charger 3 (fid=19) not available, trying Charger 0 (fid=1)",1269.1569963427667,0,,
Car 590,,,,51,,arrived,,arrived,1270.0,,,
Car 484,,,,,2,switch,,"Charger 2 (fid=17) not available, trying Charger 3 (fid=19)",1270.0,3,,
Car 126,,,,73,,arrived,,arrived,1271.0,,,
Car 366,,,,,2,switch,,"Charger 2 (fid=17) not available, trying Charger 3 (fid=19)",1271.0561724488828,3,,
Car 541,,,,,,gave_up,3,"no alternate charger available, gave up",1271.1553923431384,,,
Car 678,,,,7,,arrived,,arrived,1272.0,,,
Car 587,,,,,3,switch,,"Charger 3 (fid=19) not available, trying Charger 1 (fid=7)",1272.162299751133,1,,
Car 430,,,,,,gave_up,1,"no alternate charger available, gave up",1272.271264650323,,,
Car 207,,,,8,,arrived,,arrived,1273.0,,,
Car 345,,,,,,gave_up,3,"no alternate charger available, gave up",1273.1553923431384,,,
Car 448,,,,,0,switch,,"Charger 0 (fid=1) not available, trying Charger 1 (fid=7)",1273.3260405268927,1,,
Car 607,,,,79,,arrived,,arrived,1274.0,,,
Car 242,,,,,0,switch,,"Charger 0 (fid=1) not available, trying Charger 1 (fid=7)",1274.3260405268927,1,,
Car 590,,,,,0,switch,,"Charger 0 (fid=1) not available, trying Charger 1 (fid=7)",1275.0,1,,
Car 501,,,,,0,switch,,"Charger 0 (fid=1) not available, trying Charger 1 (fid=7)",1275.1502519097737,1,,
Car 476,,,,,2,switch,,"Charger 2 (fid=17) not available, trying Charger 0 (fid=1)",1275.1569963427667,0,,
Car 162,,,,,0,switch,,"Charger 0 (fid=1) not available, trying Charger 3 (fid=19)",1275.169044184126,3,,
Car 412,,,,,0,switch,,"Charger 0 (fid=1) not available, trying Charger 1 (fid=7)",1275.3260405268927,1,,
Car 696,,,,61,,arrived,,arrived,1276.0,,,
Car 126,,,,,2,switch,,"Charger 2 (fid=17) not available, trying Charger 3 (fid=19)",1276.0,3,,
Car 484,,,,,3,switch,,"Charger 3 (fid=19) not available, trying Charger 0 (fid=1)",1276.1569963427667,0,,
Car 678,,,,,1,switch,,"Charger 1 (fid=7) not available, trying Charger 0 (fid=1)",1277.0,0,,
Car 304,,,,,0,switch,,"Charger 0 (fid=1) not available, trying Charger 1 (fid=7)",1277.1502519097737,1,,
Car 366,,,,,,gave_up,3,"no alternate charger available, gave up",1277.2131687916494,,,
Car 207,,,,,2,switch,,"Charger 2 (fid=17) not available, trying Charger 3 (fid=19)",1278.0,3,,
Car 607,,,,,2,switch,,"Charger 2 (fid=17) not available, trying Charger 3 (fid=19)",1279.0,3,,
Car 448,,,,,,gave_up,1,"no alternate charger available, gave up",1279.271264650323,,,
Car 217,,,,26,,arrived,,arrived,1280.0,,,
Car 215,75.0,7,1,,,done,,done charging,1280.2712646503228,,,289.9236981345027
Car 242,,7,1,,,start_charge,,starting to charge at Charger 1 (fid=7),1280.2712646503228,,19.999999999999773,
Car 590,,,,,1,switch,,"Charger 1 (fid=7) not available, trying Charger 2 (fid=17)",1280.9452241234303,2,,
Car 696,,,,,2,switch,,"Charger 2 (fid=17) not available, trying Charger 0 (fid=1)",1281.0,0,,
Car 587,,,,,,gave_up,1,"no alternate charger available, gave up",1281.037699584693,,,
Car 501,,,,,,gave_up,1,"no alternate charger available, gave up",1281.095476033204,,,
Car 412,,,,,,gave_up,1,"no alternate charger available, gave up",1281.271264650323,,,
Car 126,,,,,3,switch,,"Charger 3 (fid=19) not available, trying Charger 0 (fid=1)",1282.1569963427667,0,,
Car 476,,,,,0,switch,,"Charger 0 (fid=1) not available, trying Charger 1 (fid=7)",1282.3260405268927,1,,
Car 678,,,,,0,switch,,"Charger 0 (fid=1) not available, trying Charger 2 (fid=17)",1282.9452241234303,2,,
Car 462,115.0,17,2,,,done,,done charging,1283.0,,,405.32612716799036
Car 304,,,,,,gave_up,1,"no alternate charger available, gave up",1283.095476033204,,,
Car 162,,,,,3,switch,,"Charger 3 (fid=19) not available, trying Charger 1 (fid=7)",1283.162299751133,1,,
Car 590,,17,2,,,start_charge,,starting to charge at Charger 2 (fid=17),1284.0561724488828,,10.0,
Car 484,,,,,0,switch,,"Charger 0 (fid=1) not available, trying Charger 1 (fid=7)",1284.1502519097737,1,,
Car 207,,,,,3,switch,,"Charger 3 (fid=19) not available, trying Charger 0 (fid=1)",1284.1569963427667,0,,
Car 668,,,,37,,arrived,,arrived,1285.0,,,
Car 217,,,,,3,switch,,"Charger 3 (fid=19) not available, trying Charger 2 (fid=17)",1285.0,2,,
Car 607,,,,,3,switch,,"Charger 3 (fid=19) not available, trying Charger 0 (fid=1)",1285.1569963427667,0,,
Car 233,,,,82,,arrived,,arrived,1288.0,,,
Car 696,,,,,0,switch,,"Charger 0 (fid=1) not available, trying Charger 1 (fid=7)",1288.169044184126,1,,
Car 476,,,,,,gave_up,1,"no alternate charger available, gave up",1288.271264650323,,,
Car 346,,,,22,,arrived,,arrived,1289.0,,,
Car 91,,,,61,,arrived,,arrived,1290.0,,,
Car 668,,,,,2,switch,,"Charger 2 (fid=17) not available, trying Charger 3 (fid=19)",1290.0,3,,
Car 484,,,,,,gave_up,1,"no alternate charger available, gave up",1290.095476033204,,,
Car 678,,,,,2,switch,,"Charger 2 (fid=17) not available, trying Charger 3 (fid=19)",1290.1142683075564,3,,
Car 126,,,,,0,switch,,"Charger 0 (fid=1) not available, trying Charger 1 (fid=7)",1290.1502519097737,1,,
Car 673,83.0,1,0,,,done,,done charging,1290.169044184126,,,0.0
Car 207,,1,0,,,start_charge,,starting to charge at Charger 0 (fid=1),1290.169044184126,,13.018792274352336,
Car 217,,,,,2,switch,,"Charger 2 (fid=17) not available, trying Charger 0 (fid=1)",1291.1569963427667,0,,
Car 162,,,,,,gave_up,1,"no alternate charger available, gave up",1292.037699584693,,,
Car 233,,,,,1,switch,,"Charger 1 (fid=7) not available, trying Charger 0 (fid=1)",1293.0,0,,
Car 607,,,,,0,switch,,"Charger 0 (fid=1) not available, trying Charger 1 (fid=7)",1293.1502519097737,1,,
Car 26,,,,60,,arrived,,arrived,1294.0,,,
Car 346,,,,,3,switch,,"Charger 3 (fid=19) not available, trying Charger 2 (fid=17)",1294.0,2,,
Car 696,,,,,1,switch,,"Charger 1 (fid=7) not available, trying Charger 3 (fid=19)",1294.1142683075564,3,,
Car 91,,,,,2,switch,,"Charger 2 (fid=17) not available, trying Charger 0 (fid=1)",1295.0,0,,
Car 126,,,,,,gave_up,1,"no alternate charger available, gave up",1296.095476033204,,,
Car 668,,,,,3,switch,,"Charger 3 (fid=19) not available, trying Charger 0 (fid=1)",1296.1569963427667,0,,
Car 678,,,,,,gave_up,3,"no alternate charger available, gave up",1296.271264650323,,,
Car 83,,,,5,,arrived,,arrived,1297.0,,,
Car 217,,,,,0,switch,,"Charger 0 (fid=1) not available, trying Charger 1 (fid=7)",1298.3260405268927,1,,
Car 233,,,,,0,switch,,"Charger 0 (fid=1) not available, trying Charger 2 (fid=17)",1298.9452241234303,2,,
Car 26,,,,,2,switch,,"Charger 2 (fid=17) not available, trying Charger 0 (fid=1)",1299.0,0,,
Car 607,,,,,,gave_up,1,"no alternate charger available, gave up",1299.095476033204,,,
Car 165,,,,61,,arrived,,arrived,1300.0,,,
Car 346,,,,,2,switch,,"Charger 2 (fid=17) not available, trying Charger 0 (fid=1)",1300.1569963427667,0,,
Car 104,,,,56,,arrived,,arrived,1301.0,,,
Car 305,,,,1,,arrived,,arrived,1301.0,,,
Car 83,,,,,2,switch,,"Charger 2 (fid=17) not available, trying Charger 3 (fid=19)",1302.0,3,,
Car 91,,,,,0,switch,,"Charger 0 (fid=1) not available, trying Charger 1 (fid=7)",1302.169044184126,1,,
Car 696,,,,,,gave_up,3,"no alternate charger available, gave up",1302.9896681411162,,,
Car 626,,,,116,,arrived,,arrived,1304.0,,,
Car 668,,,,,0,switch,,"Charger 0 (fid=1) not available, trying Charger 1 (fid=7)",1304.1502519097737,1,,
Car 217,,,,,,gave_up,1,"no alternate charger available, gave up",1304.271264650323,,,
Car 275,,,,38,,arrived,,arrived,1305.0,,,
Car 682,,,,32,,arrived,,arrived,1305.0,,,
Car 165,,,,,2,switch,,"Charger 2 (fid=17) not available, trying Charger 0 (fid=1)",1305.0,0,,
Car 740,80.0,1,0,,,done,,done charging,1305.3260405268925,,,269.37326105797405
Car 305,,1,0,,,start_charge,,starting to charge at Charger 0 (fid=1),1305.3260405268925,,4.326040526892484,
Car 104,,,,,3,switch,,"Charger 3 (fid=19) not available, trying Charger 2 (fid=17)",1306.0,2,,
Car 233,,,,,2,switch,,"Charger 2 (fid=17) not available, trying Charger 3 (fid=19)",1306.1142683075564,3,,
Car 26,,,,,0,switch,,"Charger 0 (fid=1) not available, trying Charger 1 (fid=7)",1306.169044184126,1,,
Car 243,,,,14,,arrived,,arrived,1307.0,,,
Car 346,,,,,0,switch,,"Charger 0 (fid=1) not available, trying Charger 1 (fid=7)",1307.3260405268927,1,,
Car 91,,,,,1,switch,,"Charger 1 (fid=7) not available, trying Charger 3 (fid=19)",1308.1142683075564,3,,
Car 83,,,,,3,switch,,"Charger 3 (fid=19) not available, trying Charger 0 (fid=1)",1308.1569963427667,0,,
Car 626,,,,,3,switch,,"Charger 3 (fid=19) not available, trying Charger 2 (fid=17)",1309.0,2,,
Car 275,,,,,2,switch,,"Charger 2 (fid=17) not available, trying Charger 3 (fid=19)",1310.0,3,,
Car 682,,,,,2,switch,,"Charger 2 (fid=17) not available, trying Charger 3 (fid=19)",1310.0,3,,
Car 668,,,,,,gave_up,1,"no alternate charger available, gave up",1310.095476033204,,,
Car 712,97.0,1,0,,,done,,done charging,1312.0,,,180.4542040102939
Car 243,,,,,2,switch,,"Charger 2 (fid=17) not available, trying Charger 3 (fid=19)",1312.0,3,,
Car 165,,1,0,,,start_charge,,starting to charge at Charger 0 (fid=1),1312.0,,9.83095581587395,
Car 26,,,,,1,switch,,"Charger 1 (fid=7) not available, trying Charger 3 (fid=19)",1312.1142683075564,3,,
Car 104,,,,,2,switch,,"Charger 2 (fid=17) not available, trying Charger 0 (fid=1)",1312.1569963427667,0,,
Car 233,,,,,,gave_up,3,"no alternate charger available, gave up",1312.271264650323,,,
Car 196,,,,80,,arrived,,arrived,1313.0,,,
Car 346,,,,,,gave_up,1,"no alternate charger available, gave up",1313.271264650323,,,
Car 332,,,,9,,arrived,,arrived,1314.0,,,
Car 626,,,,,2,switch,,"Charger 2 (fid=17) not available, trying Charger 0 (fid=1)",1315.1569963427667,0,,
Car 83,,,,,0,switch,,"Charger 0 (fid=1) not available, trying Charger 1 (fid=7)",1316.1502519097737,1,,
Car 275,,,,,3,switch,,"Charger 3 (fid=19) not available, trying Charger 0 (fid=1)",1316.1569963427667,0,,
Car 682,,,,,3,switch,,"Charger 3 (fid=19) not available, trying Charger 0 (fid=1)",1316.1569963427667,0,,
Car 91,,,,,,gave_up,3,"no alternate charger available, gave up",1316.9896681411162,,,
Car 28,,,,86,,arrived,,arrived,1317.0,,,
Car 578,,,,61,,arrived,,arrived,1317.0,,,
Car 511,,,,60,,arrived,,arrived,1318.0,,,
Car 196,,,,,2,switch,,"Charger 2 (fid=17) not available, trying Charger 3 (fid=19)",1318.0,3,,
Car 243,,,,,3,switch,,"Charger 3 (fid=19) not available, trying Charger 0 (fid=1)",1318.1569963427667,0,,
Car 332,,,,,2,switch,,"Charger 2 (fid=17) not available, trying Charger 0 (fid=1)",1319.0,0,,
Car 104,,,,,0,switch,,"Charger 0 (fid=1) not available, trying Charger 1 (fid=7)",1319.3260405268927,1,,
Car 26,,,,,,gave_up,3,"no alternate charger available, gave up",1320.9896681411162,,,
Car 639,,,,8,,arrived,,arrived,1321.0,,,
Car 28,,,,,1,switch,,"Charger 1 (fid=7) not available, trying Charger 0 (fid=1)",1322.0,0,,
Car 578,,,,,2,switch,,"Charger 2 (fid=17) not available, trying Charger 0 (fid=1)",1322.0,0,,
Car 83,,,,,,gave_up,1,"no alternate charger available, gave up",1322.095476033204,,,
Car 626,,,,,0,switch,,"Charger 0 (fid=1) not available, trying Charger 1 (fid=7)",1322.3260405268927,1,,
Car 152,,,,71,,arrived,,arrived,1323.0,,,
Car 511,,,,,2,switch,,"Charger 2 (fid=17) not available, trying Charger 0 (fid=1)",1323.0,0,,
Car 318,,,,44,,arrived,,arrived,1324.0,,,
Car 275,,,,,0,switch,,"Charger 0 (fid=1) not available, trying Charger 1 (fid=7)",1324.1502519097737,1,,
Car 682,,,,,0,switch,,"Charger 0 (fid=1) not available, trying Charger 1 (fid=7)",1324.1502519097737,1,,
Car 196,,,,,3,switch,,"Charger 3 (fid=19) not available, trying Charger 0 (fid=1)",1324.1569963427667,0,,
Car 104,,,,,,gave_up,1,"no alternate charger available, gave up",1325.271264650323,,,
Car 639,,,,,2,switch,,"Charger 2 (fid=17) not available, trying Charger 3 (fid=19)",1326.0,3,,
Car 542,85.0,7,1,,,done,,done charging,1326.0954760332042,,,289.9236981345027
Car 626,,7,1,,,start_charge,,starting to charge at Charger 1 (fid=7),1326.0954760332042,,17.82421138288123,
Car 243,,,,,0,switch,,"Charger 0 (fid=1) not available, trying Charger 1 (fid=7)",1326.1502519097737,1,,
Car 332,,,,,0,switch,,"Charger 0 (fid=1) not available, trying Charger 3 (fid=19)",1326.169044184126,3,,
Car 28,,,,,0,switch,,"Charger 0 (fid=1) not available, trying Charger 2 (fid=17)",1327.9452241234303,2,,
Car 152,,,,,3,switch,,"Charger 3 (fid=19) not available, trying Charger 2 (fid=17)",1328.0,2,,
Car 318,,,,,3,switch,,"Charger 3 (fid=19) not available, trying Charger 2 (fid=17)",1329.0,2,,
Car 578,,,,,0,switch,,"Charger 0 (fid=1) not available, trying Charger 1 (fid=7)",1329.169044184126,1,,
Car 275,,,,,,gave_up,1,"no alternate charger available, gave up",1330.095476033204,,,
Car 682,,,,,,gave_up,1,"no alternate charger available, gave up",1330.095476033204,,,
Car 511,,,,,0,switch,,"Charger 0 (fid=1) not available, trying Charger 1 (fid=7)",1330.169044184126,1,,
Car 243,,,,,,gave_up,1,"no alternate charger available, gave up",1332.095476033204,,,
Car 196,,,,,0,switch,,"Charger 0 (fid=1) not available, trying Charger 1 (fid=7)",1332.1502519097737,1,,
Car 639,,,,,3,switch,,"Charger 3 (fid=19) not available, trying Charger 0 (fid=1)",1332.1569963427667,0,,
Car 7,,,,55,,arrived,,arrived,1333.0,,,
Car 152,,,,,2,switch,,"Charger 2 (fid=17) not available, trying Charger 0 (fid=1)",1334.1569963427667,0,,
Car 332,,,,,3,switch,,"Charger 3 (fid=19) not available, trying Charger 1 (fid=7)",1334.162299751133,1,,
Car 28,,,,,2,switch,,"Charger 2 (fid=17) not available, trying Charger 3 (fid=19)",1335.1142683075564,3,,
Car 578,,,,,1,switch,,"Charger 1 (fid=7) not available, trying Charger 3 (fid=19)",1335.1142683075564,3,,
Car 318,,,,,2,switch,,"Charger 2 (fid=17) not available, trying Charger 0 (fid=1)",1335.1569963427667,0,,
Car 179,,,,8,,arrived,,arrived,1336.0,,,
Car 511,,,,,1,switch,,"Charger 1 (fid=7) not available, trying Charger 3 (fid=19)",1336.1142683075564,3,,
Car 7,,,,,3,switch,,"Charger 3 (fid=19) not available, trying Charger 2 (fid=17)",1338.0,2,,
Car 196,,,,,,gave_up,1,"no alternate charger available, gave up",1338.095476033204,,,
Car 449,,,,72,,arrived,,arrived,1339.0,,,
Car 135,,,,115,,arrived,,arrived,1340.0,,,
Car 483,,,,54,,arrived,,arrived,1340.0,,,
Car 639,,,,,0,switch,,"Charger 0 (fid=1) not available, trying Charger 1 (fid=7)",1340.1502519097737,1,,
Car 156,,,,37,,arrived,,arrived,1341.0,,,
Car 179,,,,,2,switch,,"Charger 2 (fid=17) not available, trying Charger 3 (fid=19)",1341.0,3,,
Car 28,,,,,,gave_up,3,"no alternate charger available, gave up",1341.271264650323,,,
Car 152,,,,,0,switch,,"Charger 0 (fid=1) not available, trying Charger 1 (fid=7)",1341.3260405268927,1,,
Car 318,,,,,0,switch,,"Charger 0 (fid=1) not available, trying Charger 1 (fid=7)",1342.3260405268927,1,,
Car 332,,,,,,gave_up,1,"no alternate charger available, gave up",1343.037699584693,,,
Car 578,,,,,,gave_up,3,"no alternate charger available, gave up",1343.9896681411162,,,
Car 173,,,,25,,arrived,,arrived,1344.0,,,
Car 449,,,,,3,switch,,"Charger 3 (fid=19) not available, trying Charger 2 (fid=17)",1344.0,2,,
Car 7,,,,,2,switch,,"Charger 2 (fid=17) not available, trying Charger 0 (fid=1)",1344.1569963427667,0,,
Car 511,,,,,,gave_up,3,"no alternate charger available, gave up",1344.9896681411162,,,
Car 135,,,,,3,switch,,"Charger 3 (fid=19) not available, trying Charger 2 (fid=17)",1345.0,2,,
Car 483,,,,,2,switch,,"Charger 2 (fid=17) not available, trying Charger 3 (fid=19)",1345.0,3,,
Car 156,,,,,2,switch,,"Charger 2 (fid=17) not available, trying Charger 3 (fid=19)",1346.0,3,,
Car 639,,,,,,gave_up,1,"no alternate charger available, gave up",1346.095476033204,,,
Car 179,,,,,3,switch,,"Charger 3 (fid=19) not available, trying Charger 0 (fid=1)",1347.1569963427667,0,,
Car 152,,,,,,gave_up,1,"no alternate charger available, gave up",1347.271264650323,,,
Car 318,,,,,,gave_up,1,"no alternate charger available, gave up",1348.271264650323,,,
Car 316,,,,62,,arrived,,arrived,1349.0,,,
Car 173,,,,,3,switch,,"Charger 3 (fid=19) not available, trying Charger 2 (fid=17)",1349.0,2,,
Car 449,,,,,2,switch,,"Charger 2 (fid=17) not available, trying Charger 0 (fid=1)",1350.1569963427667,0,,
Car 135,,,,,2,switch,,"Charger 2 (fid=17) not available, trying Charger 0 (fid=1)",1351.1569963427667,0,,
Car 483,,,,,3,switch,,"Charger 3 (fid=19) not available, trying Charger 0 (fid=1)",1351.1569963427667,0,,
Car 7,,,,,0,switch,,"Charger 0 (fid=1) not available, trying Charger 1 (fid=7)",1351.3260405268927,1,,
Car 320,,,,57,,arrived,,arrived,1352.0,,,
Car 156,,,,,3,switch,,"Charger 3 (fid=19) not available, trying Charger 0 (fid=1)",1352.1569963427667,0,,
Car 51,,,,59,,arrived,,arrived,1354.0,,,
Car 316,,,,,2,switch,,"Charger 2 (fid=17) not available, trying Charger 0 (fid=1)",1354.0,0,,
Car 223,,,,72,,arrived,,arrived,1355.0,,,
Car 179,,,,,0,switch,,"Charger 0 (fid=1) not available, trying Charger 1 (fid=7)",1355.1502519097737,1,,
Car 173,,,,,2,switch,,"Charger 2 (fid=17) not available, trying Charger 0 (fid=1)",1355.1569963427667,0,,
Car 187,,,,24,,arrived,,arrived,1356.0,,,
Car 355,,,,31,,arrived,,arrived,1357.0,,,
Car 636,,,,4,,arrived,,arrived,1357.0,,,
Car 726,,,,40,,arrived,,arrived,1357.0,,,
Car 747,,,,16,,arrived,,arrived,1357.0,,,
Car 320,,,,,3,switch,,"Charger 3 (fid=19) not available, trying Charger 2 (fid=17)",1357.0,2,,
Car 207,67.0,1,0,,,done,,done charging,1357.169044184126,,,364.5118355636611
Car 449,,1,0,,,start_charge,,starting to charge at Charger 0 (fid=1),1357.169044184126,,14.84300365723334,
Car 7,,,,,,gave_up,1,"no alternate charger available, gave up",1357.271264650323,,,
Car 135,,,,,0,switch,,"Charger 0 (fid=1) not available, trying Charger 1 (fid=7)",1358.3260405268927,1,,
Car 51,,,,,1,switch,,"Charger 1 (fid=7) not available, trying Charger 0 (fid=1)",1359.0,0,,
Car 483,,,,,0,switch,,"Charger 0 (fid=1) not available, trying Charger 1 (fid=7)",1359.1502519097737,1,,
Car 223,,,,,3,switch,,"Charger 3 (fid=19) not available, trying Charger 2 (fid=17)",1360.0,2,,
Car 156,,,,,0,switch,,"Charger 0 (fid=1) not available, trying Charger 1 (fid=7)",1360.1502519097737,1,,
Car 381,,,,16,,arrived,,arrived,1361.0,,,
Car 187,,,,,3,switch,,"Charger 3 (fid=19) not available, trying Charger 2 (fid=17)",1361.0,2,,
Car 179,,,,,,gave_up,1,"no alternate charger available, gave up",1361.095476033204,,,
Car 316,,,,,0,switch,,"Charger 0 (fid=1) not available, trying Charger 3 (fid=19)",1361.169044184126,3,,
Car 355,,,,,3,switch,,"Charger 3 (fid=19) not available, trying Charger 2 (fid=17)",1362.0,2,,
Car 636,,,,,0,switch,,"Charger 0 (fid=1) not available, trying Charger 2 (fid=17)",1362.0,2,,
Car 726,,,,,0,switch,,"Charger 0 (fid=1) not available, trying Charger 2 (fid=17)",1362.0,2,,
Car 747,,,,,2,switch,,"Charger 2 (fid=17) not available, trying Charger 3 (fid=19)",1362.0,3,,
Car 173,,,,,0,switch,,"Charger 0 (fid=1) not available, trying Charger 1 (fid=7)",1362.3260405268927,1,,
Car 320,,,,,2,switch,,"Charger 2 (fid=17) not available, trying Charger 0 (fid=1)",1363.1569963427667,0,,
Car 590,80.0,17,2,,,done,,done charging,1364.0561724488828,,,262.91361886750457
Car 381,,17,2,,,start_charge,,starting to charge at Charger 2 (fid=17),1364.0561724488828,,3.056172448882762,
Car 135,,,,,,gave_up,1,"no alternate charger available, gave up",1364.271264650323,,,
Car 51,,,,,0,switch,,"Charger 0 (fid=1) not available, trying Charger 2 (fid=17)",1364.9452241234303,2,,
Car 596,,,,69,,arrived,,arrived,1365.0,,,
Car 483,,,,,,gave_up,1,"no alternate charger available, gave up",1365.095476033204,,,
Car 218,,,,6,,arrived,,arrived,1366.0,,,
Car 556,,,,31,,arrived,,arrived,1366.0,,,
Car 156,,,,,,gave_up,1,"no alternate charger available, gave up",1366.095476033204,,,
Car 223,,,,,2,switch,,"Charger 2 (fid=17) not available, trying Charger 0 (fid=1)",1366.1569963427667,0,,
Car 187,,,,,2,switch,,"Charger 2 (fid=17) not available, trying Charger 0 (fid=1)",1367.1569963427667,0,,
Car 355,,,,,2,switch,,"Charger 2 (fid=17) not available, trying Charger 0 (fid=1)",1368.1569963427667,0,,
Car 747,,,,,3,switch,,"Charger 3 (fid=19) not available, trying Charger 0 (fid=1)",1368.1569963427667,0,,
Car 173,,,,,,gave_up,1,"no alternate charger available, gave up",1368.271264650323,,,
Car 316,,,,,3,switch,,"Charger 3 (fid=19) not available, trying Charger 1 (fid=7)",1369.162299751133,1,,
Car 636,,,,,2,switch,,"Charger 2 (fid=17) not available, trying Charger 1 (fid=7)",1369.169044184126,1,,
Car 726,,,,,2,switch,,"Charger 2 (fid=17) not available, trying Charger 1 (fid=7)",1369.169044184126,1,,
Car 247,,,,84,,arrived,,arrived,1370.0,,,
Car 596,,,,,3,switch,,"Charger 3 (fid=19) not available, trying Charger 2 (fid=17)",1370.0,2,,
Car 320,,,,,0,switch,,"Charger 0 (fid=1) not available, trying Charger 1 (fid=7)",1370.3260405268927,1,,
Car 439,,,,124,,arrived,,arrived,1371.0,,,
Car 526,,,,77,,arrived,,arrived,1371.0,,,
Car 561,,,,40,,arrived,,arrived,1371.0,,,
Car 218,,,,,2,switch,,"Charger 2 (fid=17) not available, trying Charger 0 (fid=1)",1371.0,0,,
Car 556,,,,,3,switch,,"Charger 3 (fid=19) not available, trying Charger 2 (fid=17)",1371.0,2,,
Car 589,,,,61,,arrived,,arrived,1372.0,,,
Car 752,,,,4,,arrived,,arrived,1372.0,,,
Car 51,,,,,2,switch,,"Charger 2 (fid=17) not available, trying Charger 3 (fid=19)",1372.1142683075564,3,,
Car 223,,,,,0,switch,,"Charger 0 (fid=1) not available, trying Charger 1 (fid=7)",1373.3260405268927,1,,
Car 187,,,,,0,switch,,"Charger 0 (fid=1) not available, trying Charger 1 (fid=7)",1374.3260405268927,1,,
Car 247,,,,,1,switch,,"Charger 1 (fid=7) not available, trying Charger 0 (fid=1)",1375.0,0,,
Car 626,49.0,7,1,,,done,,done charging,1375.0954760332042,,,224.75360047172373
Car 320,,7,1,,,start_charge,,starting to charge at Charger 1 (fid=7),1375.0954760332042,,18.82421138288123,
Car 355,,,,,0,switch,,"Charger 0 (fid=1) not available, trying Charger 1 (fid=7)",1375.3260405268927,1,,
Car 652,,,,15,,arrived,,arrived,1376.0,,,
Car 439,,,,,3,switch,,"Charger 3 (fid=19) not available, trying Charger 2 (fid=17)",1376.0,2,,
Car 526,,,,,0,switch,,"Charger 0 (fid=1) not available, trying Charger 2 (fid=17)",1376.0,2,,
Car 561,,,,,0,switch,,"Charger 0 (fid=1) not available, trying Charger 2 (fid=17)",1376.0,2,,
Car 747,,,,,0,switch,,"Charger 0 (fid=1) not available, trying Charger 1 (fid=7)",1376.1502519097737,1,,
Car 596,,,,,2,switch,,"Charger 2 (fid=17) not available, trying Charger 0 (fid=1)",1376.1569963427667,0,,
Car 589,,,,,2,switch,,"Charger 2 (fid=17) not available, trying Charger 0 (fid=1)",1377.0,0,,
Car 752,,,,,0,switch,,"Charger 0 (fid=1) not available, trying Charger 2 (fid=17)",1377.0,2,,
Car 556,,,,,2,switch,,"Charger 2 (fid=17) not available, trying Charger 0 (fid=1)",1377.1569963427667,0,,
Car 636,,,,,1,switch,,"Charger 1 (fid=7) not available, trying Charger 3 (fid=19)",1377.2799925095785,3,,
Car 726,,,,,1,switch,,"Charger 1 (fid=7) not available, trying Charger 3 (fid=19)",1377.2799925095785,3,,
Car 316,,,,,,gave_up,1,"no alternate charger available, gave up",1378.037699584693,,,
Car 218,,,,,0,switch,,"Charger 0 (fid=1) not available, trying Charger 3 (fid=19)",1378.169044184126,3,,
Car 51,,,,,,gave_up,3,"no alternate charger available, gave up",1378.271264650323,,,
Car 305,73.0,1,0,,,done,,done charging,1378.3260405268925,,,0.0
Car 247,,1,0,,,start_charge,,starting to charge at Charger 0 (fid=1),1378.3260405268925,,7.380816403462177,
Car 223,,,,,,gave_up,1,"no alternate charger available, gave up",1379.271264650323,,,
Car 187,,,,,,gave_up,1,"no alternate charger available, gave up",1380.271264650323,,,
Car 652,,,,,1,switch,,"Charger 1 (fid=7) not available, trying Charger 0 (fid=1)",1381.0,0,,
Car 355,,,,,,gave_up,1,"no alternate charger available, gave up",1381.271264650323,,,
Car 747,,,,,,gave_up,1,"no alternate charger available, gave up",1382.095476033204,,,
Car 439,,,,,2,switch,,"Charger 2 (fid=17) not available, trying Charger 0 (fid=1)",1382.1569963427667,0,,
Car 451,,,,15,,arrived,,arrived,1383.0,,,
Car 526,,,,,2,switch,,"Charger 2 (fid=17) not available, trying Charger 1 (fid=7)",1383.169044184126,1,,
Car 561,,,,,2,switch,,"Charger 2 (fid=17) not available, trying Charger 1 (fid=7)",1383.169044184126,1,,
Car 596,,,,,0,switch,,"Charger 0 (fid=1) not available, trying Charger 1 (fid=7)",1383.3260405268927,1,,
Car 589,,,,,0,switch,,"Charger 0 (fid=1) not available, trying Charger 1 (fid=7)",1384.169044184126,1,,
Car 752,,,,,2,switch,,"Charger 2 (fid=17) not available, trying Charger 1 (fid=7)",1384.169044184126,1,,
Car 556,,,,,0,switch,,"Charger 0 (fid=1) not available, trying Charger 1 (fid=7)",1384.3260405268927,1,,
Car 140,,,,4,,arrived,,arrived,1385.0,,,
Car 516,,,,58,,arrived,,arrived,1386.0,,,
Car 636,,,,,,gave_up,3,"no alternate charger available, gave up",1386.1553923431384,,,
Car 726,,,,,,gave_up,3,"no alternate charger available, gave up",1386.1553923431384,,,
Car 218,,,,,3,switch,,"Charger 3 (fid=19) not available, trying Charger 1 (fid=7)",1386.162299751133,1,,
Car 652,,,,,0,switch,,"Charger 0 (fid=1) not available, trying Charger 2 (fid=17)",1386.9452241234303,2,,
Car 165,75.0,1,0,,,done,,done charging,1387.0,,,265.66932660166555
Car 439,,1,0,,,start_charge,,starting to charge at Charger 0 (fid=1),1387.0,,12.673959473107288,
Car 750,,,,50,,arrived,,arrived,1388.0,,,
Car 451,,,,,2,switch,,"Charger 2 (fid=17) not available, trying Charger 3 (fid=19)",1388.0,3,,
Car 596,,,,,,gave_up,1,"no alternate charger available, gave up",1389.271264650323,,,
Car 388,,,,39,,arrived,,arrived,1390.0,,,
Car 140,,,,,2,switch,,"Charger 2 (fid=17) not available, trying Charger 3 (fid=19)",1390.0,3,,
Car 589,,,,,1,switch,,"Charger 1 (fid=7) not available, trying Charger 3 (fid=19)",1390.1142683075564,3,,
Car 556,,,,,,gave_up,1,"no alternate charger available, gave up",1390.271264650323,,,
Car 516,,,,,1,switch,,"Charger 1 (fid=7) not available, trying Charger 0 (fid=1)",1391.0,0,,
Car 526,,,,,1,switch,,"Charger 1 (fid=7) not available, trying Charger 3 (fid=19)",1391.2799925095785,3,,
Car 561,,,,,1,switch,,"Charger 1 (fid=7) not available, trying Charger 3 (fid=19)",1391.2799925095785,3,,
Car 752,,,,,1,switch,,"Charger 1 (fid=7) not available, trying Charger 3 (fid=19)",1392.2799925095785,3,,
Car 750,,,,,0,switch,,"Charger 0 (fid=1) not available, trying Charger 1 (fid=7)",1393.0,1,,
Car 111,,,,62,,arrived,,arrived,1394.0,,,
Car 652,,,,,2,switch,,"Charger 2 (fid=17) not available, trying Charger 3 (fid=19)",1394.1142683075564,3,,
Car 451,,,,,3,switch,,"Charger 3 (fid=19) not available, trying Charger 0 (fid=1)",1394.1569963427667,0,,
Car 242,114.0,7,1,,,done,,done charging,1394.2712646503228,,,296.5794834525741
Car 218,,7,1,,,start_charge,,starting to charge at Charger 1 (fid=7),1394.2712646503228,,19.23356506562982,
Car 388,,,,,0,switch,,"Charger 0 (fid=1) not available, trying Charger 1 (fid=7)",1395.0,1,,
Car 140,,,,,3,switch,,"Charger 3 (fid=19) not available, trying Charger 0 (fid=1)",1396.1569963427667,0,,
Car 516,,,,,0,switch,,"Charger 0 (fid=1) not available, trying Charger 2 (fid=17)",1396.9452241234303,2,,
Car 750,,,,,1,switch,,"Charger 1 (fid=7) not available, trying Charger 2 (fid=17)",1398.9452241234303,2,,
Car 589,,,,,,gave_up,3,"no alternate charger available, gave up",1398.9896681411162,,,
Car 111,,,,,2,switch,,"Charger 2 (fid=17) not available, trying Charger 0 (fid=1)",1399.0,0,,
Car 526,,,,,,gave_up,3,"no alternate charger available, gave up",1400.1553923431384,,,
Car 561,,,,,,gave_up,3,"no alternate charger available, gave up",1400.1553923431384,,,
Car 652,,,,,,gave_up,3,"no alternate charger available, gave up",1400.271264650323,,,
Car 388,,,,,1,switch,,"Charger 1 (fid=7) not available, trying Charger 2 (fid=17)",1400.9452241234303,2,,
Car 313,,,,62,,arrived,,arrived,1401.0,,,
Car 752,,,,,,gave_up,3,"no alternate charger available, gave up",1401.1553923431384,,,
Car 137,,,,60,,arrived,,arrived,1402.0,,,
Car 451,,,,,0,switch,,"Charger 0 (fid=1) not available, trying Charger 1 (fid=7)",1402.1502519097737,1,,
Car 516,,,,,2,switch,,"Charger 2 (fid=17) not available, trying Charger 3 (fid=19)",1404.1142683075564,3,,
Car 140,,,,,0,switch,,"Charger 0 (fid=1) not available, trying Charger 1 (fid=7)",1404.1502519097737,1,,
Car 313,,,,,2,switch,,"Charger 2 (fid=17) not available, trying Charger 0 (fid=1)",1406.0,0,,
Car 111,,,,,0,switch,,"Charger 0 (fid=1) not available, trying Charger 3 (fid=19)",1406.169044184126,3,,
Car 742,,,,35,,arrived,,arrived,1407.0,,,
Car 137,,,,,2,switch,,"Charger 2 (fid=17) not available, trying Charger 0 (fid=1)",1407.0,0,,
Car 750,,,,,2,switch,,"Charger 2 (fid=17) not available, trying Charger 3 (fid=19)",1407.0561724488828,3,,
Car 451,,,,,,gave_up,1,"no alternate charger available, gave up",1408.095476033204,,,
Car 388,,,,,2,switch,,"Charger 2 (fid=17) not available, trying Charger 3 (fid=19)",1409.0561724488828,3,,
Car 568,,,,23,,arrived,,arrived,1410.0,,,
Car 140,,,,,,gave_up,1,"no alternate charger available, gave up",1410.095476033204,,,
Car 516,,,,,,gave_up,3,"no alternate charger available, gave up",1410.271264650323,,,
Car 742,,,,,2,switch,,"Charger 2 (fid=17) not available, trying Charger 3 (fid=19)",1412.0,3,,
Car 619,,,,86,,arrived,,arrived,1413.0,,,
Car 313,,,,,0,switch,,"Charger 0 (fid=1) not available, trying Charger 3 (fid=19)",1413.169044184126,3,,
Car 750,,,,,,gave_up,3,"no alternate charger available, gave up",1413.2131687916494,,,
Car 192,,,,62,,arrived,,arrived,1414.0,,,
Car 111,,,,,3,switch,,"Charger 3 (fid=19) not available, trying Charger 1 (fid=7)",1414.162299751133,1,,
Car 137,,,,,0,switch,,"Charger 0 (fid=1) not available, trying Charger 1 (fid=7)",1414.169044184126,1,,
Car 433,,,,85,,arrived,,arrived,1415.0,,,
Car 568,,,,,3,switch,,"Charger 3 (fid=19) not available, trying Charger 2 (fid=17)",1415.0,2,,
Car 388,,,,,,gave_up,3,"no alternate charger available, gave up",1415.2131687916494,,,
Car 619,,,,,1,switch,,"Charger 1 (fid=7) not available, trying Charger 0 (fid=1)",1418.0,0,,
Car 742,,,,,3,switch,,"Charger 3 (fid=19) not available, trying Charger 0 (fid=1)",1418.1569963427667,0,,
Car 192,,,,,2,switch,,"Charger 2 (fid=17) not available, trying Charger 0 (fid=1)",1419.0,0,,
Car 433,,,,,1,switch,,"Charger 1 (fid=7) not available, trying Charger 0 (fid=1)",1420.0,0,,
Car 137,,,,,1,switch,,"Charger 1 (fid=7) not available, trying Charger 3 (fid=19)",1420.1142683075564,3,,
Car 568,,,,,2,switch,,"Charger 2 (fid=17) not available, trying Charger 0 (fid=1)",1421.1569963427667,0,,
Car 313,,,,,3,switch,,"Charger 3 (fid=19) not available, trying Charger 1 (fid=7)",1421.162299751133,1,,
Car 565,,,,77,,arrived,,arrived,1423.0,,,
Car 111,,,,,,gave_up,1,"no alternate charger available, gave up",1423.037699584693,,,
Car 619,,,,,0,switch,,"Charger 0 (fid=1) not available, trying Charger 2 (fid=17)",1423.9452241234303,2,,
Car 41,,,,69,,arrived,,arrived,1425.0,,,
Car 330,,,,117,,arrived,,arrived,1425.0,,,
Car 433,,,,,0,switch,,"Charger 0 (fid=1) not available, trying Charger 2 (fid=17)",1425.9452241234303,2,,
Car 742,,,,,0,switch,,"Charger 0 (fid=1) not available, trying Charger 1 (fid=7)",1426.1502519097737,1,,
Car 192,,,,,0,switch,,"Charger 0 (fid=1) not available, trying Charger 3 (fid=19)",1426.169044184126,3,,
Car 551,,,,34,,arrived,,arrived,1427.0,,,
Car 157,,,,25,,arrived,,arrived,1428.0,,,
Car 565,,,,,0,switch,,"Charger 0 (fid=1) not available, trying Charger 2 (fid=17)",1428.0,2,,
Car 568,,,,,0,switch,,"Charger 0 (fid=1) not available, trying Charger 1 (fid=7)",1428.3260405268927,1,,
Car 137,,,,,,gave_up,3,"no alternate charger available, gave up",1428.9896681411162,,,
Car 103,,,,28,,arrived,,arrived,1430.0,,,
Car 41,,,,,3,switch,,"Charger 3 (fid=19) not available, trying Charger 2 (fid=17)",1430.0,2,,
Car 330,,,,,0,switch,,"Charger 0 (fid=1) not available, trying Charger 1 (fid=7)",1430.0,1,,
Car 313,,,,,,gave_up,1,"no alternate charger available, gave up",1430.037699584693,,,
Car 619,,,,,2,switch,,"Charger 2 (fid=17) not available, trying Charger 3 (fid=19)",1431.1142683075564,3,,
Car 329,,,,51,,arrived,,arrived,1432.0,,,
Car 551,,,,,2,switch,,"Charger 2 (fid=17) not available, trying Charger 3 (fid=19)",1432.0,3,,
Car 742,,,,,,gave_up,1,"no alternate charger available, gave up",1432.095476033204,,,
Car 157,,,,,3,switch,,"Charger 3 (fid=19) not available, trying Charger 2 (fid=17)",1433.0,2,,
Car 433,,,,,2,switch,,"Charger 2 (fid=17) not available, trying Charger 3 (fid=19)",1433.1142683075564,3,,
Car 371,,,,47,,arrived,,arrived,1434.0,,,
Car 681,,,,5,,arrived,,arrived,1434.0,,,
Car 192,,,,,3,switch,,"Charger 3 (fid=19) not available, trying Charger 1 (fid=7)",1434.162299751133,1,,
Car 568,,,,,,gave_up,1,"no alternate charger available, gave up",1434.271264650323,,,
Car 103,,,,,3,switch,,"Charger 3 (fid=19) not available, trying Charger 2 (fid=17)",1435.0,2,,
Car 565,,,,,2,switch,,"Charger 2 (fid=17) not available, trying Charger 1 (fid=7)",1435.169044184126,1,,
Car 247,57.0,1,0,,,done,,done charging,1435.3260405268925,,,241.48809645610112
Car 329,,1,0,,,start_charge,,starting to charge at Charger 0 (fid=1),1435.3260405268925,,3.326040526892484,
Car 330,,,,,1,switch,,"Charger 1 (fid=7) not available, trying Charger 2 (fid=17)",1435.9452241234303,2,,
Car 2,,,,54,,arrived,,arrived,1436.0,,,
Car 640,,,,62,,arrived,,arrived,1436.0,,,
Car 41,,,,,2,switch,,"Charger 2 (fid=17) not available, trying Charger 0 (fid=1)",1436.1569963427667,0,,
Car 619,,,,,,gave_up,3,"no alternate charger available, gave up",1437.271264650323,,,
Car 381,74.0,17,2,,,done,,done charging,1438.0561724488828,,,27.818216998902926
Car 681,,17,2,,,start_charge,,starting to charge at Charger 2 (fid=17),1438.0561724488828,,4.056172448882762,
Car 551,,,,,3,switch,,"Charger 3 (fid=19) not available, trying Charger 0 (fid=1)",1438.1569963427667,0,,
Car 371,,,,,3,switch,,"Charger 3 (fid=19) not available, trying Charger 2 (fid=17)",1439.0,2,,
Car 157,,,,,2,switch,,"Charger 2 (fid=17) not available, trying Charger 0 (fid=1)",1439.1569963427667,0,,
Car 433,,,,,,gave_up,3,"no alternate charger available, gave up",1439.271264650323,,,
