car,charge_time,charger_fid,charger_id,destination_fid,from_charger_id,kind,last_charger_id,msg,t,to_charger_id,waited,walking_dist_m
Car 0,,,,59,,arrived,,arrived,8.061854646744074,,,
Car 0,,7,12,,,start_charge,,starting to charge at Charger 12 (fid=7),8.061854646744074,,0.0,
Car 1,,,,27,,arrived,,arrived,15.3041415443653,,,
Car 1,,308440,0,,,start_charge,,starting to charge at Charger 0 (fid=308440),15.3041415443653,,0.0,
Car 2,,,,75,,arrived,,arrived,45.82647713859684,,,
Car 2,,3,8,,,start_charge,,starting to charge at Charger 8 (fid=3),45.82647713859684,,0.0,
Car 3,,,,65,,arrived,,arrived,50.84602421623396,,,
Car 3,,4,10,,,start_charge,,starting to charge at Charger 10 (fid=4),50.84602421623396,,0.0,
Car 1,53.0,308440,0,,,done,,done charging,68.30414154436531,,,125.09112601081497
Car 0,62.0,7,12,,,done,,done charging,70.06185464674408,,,114.49203245899174
Car 4,,,,8,,arrived,,arrived,86.96946388732428,,,
Car 4,,8,13,,,start_charge,,starting to charge at Charger 13 (fid=8),86.96946388732428,,0.0,
Car 5,,,,5,,arrived,,arrived,89.72610522551645,,,
Car 5,,5,5,,,start_charge,,starting to charge at Charger 5 (fid=5),89.72610522551645,,0.0,
Car 6,,,,45,,arrived,,arrived,99.09557836336577,,,
Car 6,,6,11,,,start_charge,,starting to charge at Charger 11 (fid=6),99.09557836336577,,0.0,
Car 7,,,,70,,arrived,,arrived,107.32340106813079,,,
Car 7,,308440,0,,,start_charge,,starting to charge at Charger 0 (fid=308440),107.32340106813079,,0.0,
Car 8,,,,73,,arrived,,arrived,121.70084859132038,,,
Car 8,,9,14,,,start_charge,,starting to charge at Charger 14 (fid=9),121.70084859132038,,0.0,
Car 9,,,,60,,arrived,,arrived,125.63157520645409,,,
Car 9,,6,11,,,start_charge,,starting to charge at Charger 11 (fid=6),125.63157520645409,,0.0,
Car 5,48.0,5,5,,,done,,done charging,137.72610522551645,,,33.65698085203282
Car 10,,,,15,,arrived,,arrived,145.9660240743032,,,
Car 10,,3,8,,,start_charge,,starting to charge at Charger 8 (fid=3),145.9660240743032,,0.0,
Car 7,45.0,308440,0,,,done,,done charging,152.3234010681308,,,107.15313332298842
Car 2,108.0,3,8,,,done,,done charging,153.82647713859683,,,285.83423461119764
Car 3,105.0,4,10,,,done,,done charging,155.84602421623396,,,109.82653338866565
Car 4,71.0,8,13,,,done,,done charging,157.96946388732428,,,51.031920891441445
Car 11,,,,3,,arrived,,arrived,170.14590623519217,,,
Car 11,,307904,2,,,start_charge,,starting to charge at Charger 2 (fid=307904),170.14590623519217,,0.0,
Car 12,,,,1,,arrived,,arrived,180.12636320106665,,,
Car 12,,1,6,,,start_charge,,starting to charge at Charger 6 (fid=1),180.12636320106665,,0.0,
Car 6,94.0,6,11,,,done,,done charging,193.09557836336577,,,176.09454725946887
Car 9,74.0,6,11,,,done,,done charging,199.6315752064541,,,195.74335520353986
Car 8,79.0,9,14,,,done,,done charging,200.70084859132038,,,173.15604487774573
Car 10,58.0,3,8,,,done,,done charging,203.9660240743032,,,285.8460534904614
Car 13,,,,69,,arrived,,arrived,206.72323164328807,,,
Car 13,,308440,0,,,start_charge,,starting to charge at Charger 0 (fid=308440),206.72323164328807,,0.0,
Car 11,48.0,307904,2,,,done,,done charging,218.14590623519217,,,134.89564883798306
Car 14,,,,73,,arrived,,arrived,223.29240194044695,,,
Car 14,,9,14,,,start_charge,,starting to charge at Charger 14 (fid=9),223.29240194044695,,0.0,
Car 15,,,,21,,arrived,,arrived,225.73680494747651,,,
Car 15,,308440,0,,,start_charge,,starting to charge at Charger 0 (fid=308440),225.73680494747651,,0.0,
Car 16,,,,27,,arrived,,arrived,241.8353989820132,,,
Car 16,,308702,1,,,start_charge,,starting to charge at Charger 1 (fid=308702),241.8353989820132,,0.0,
Car 17,,,,23,,arrived,,arrived,253.72573327622715,,,
Car 17,,,,,0,switch,,"Charger 0 (fid=308440) not available, trying Charger 11 (fid=6)",258.7257332762272,11,,
Car 17,,6,11,,,start_charge,,starting to charge at Charger 11 (fid=6),262.89426426508,,5.000000000000028,
Car 18,,,,67,,arrived,,arrived,294.085647456689,,,
Car 18,,308702,1,,,start_charge,,starting to charge at Charger 1 (fid=308702),294.085647456689,,0.0,
Car 12,114.0,1,6,,,done,,done charging,294.1263632010666,,,44.57383313613112
Car 19,,,,29,,arrived,,arrived,296.71624173323534,,,
Car 13,93.0,308440,0,,,done,,done charging,299.72323164328805,,,50.96015061371372
Car 20,,,,43,,arrived,,arrived,301.52675165960767,,,
Car 19,,,,,1,switch,,"Charger 1 (fid=308702) not available, trying Charger 0 (fid=308440)",301.71624173323534,0,,
Car 21,,,,23,,arrived,,arrived,301.74244725449205,,,
Car 21,,5,5,,,start_charge,,starting to charge at Charger 5 (fid=5),301.74244725449205,,0.0,
Car 19,,308440,0,,,start_charge,,starting to charge at Charger 0 (fid=308440),304.8266943606338,,5.0,
Car 20,,,,,1,switch,,"Charger 1 (fid=308702) not available, trying Charger 5 (fid=5)",306.52675165960767,5,,
Car 20,,5,5,,,start_charge,,starting to charge at Charger 5 (fid=5),310.0818650170276,,5.0,
Car 22,,,,16,,arrived,,arrived,312.9959638278368,,,
Car 22,,,,,0,switch,,"Charger 0 (fid=308440) not available, trying Charger 11 (fid=6)",317.9959638278368,11,,
Car 22,,6,11,,,start_charge,,starting to charge at Charger 11 (fid=6),322.1644948166896,,5.0,
Car 14,99.0,9,14,,,done,,done charging,322.29240194044695,,,173.15604487774573
Car 23,,,,10,,arrived,,arrived,322.87225426129277,,,
Car 23,,8,13,,,start_charge,,starting to charge at Charger 13 (fid=8),322.87225426129277,,0.0,
Car 24,,,,5,,arrived,,arrived,325.32699453496303,,,
Car 24,,,,,5,switch,,"Charger 5 (fid=5) not available, trying Charger 10 (fid=4)",330.32699453496303,10,,
Car 24,,4,10,,,start_charge,,starting to charge at Charger 10 (fid=4),331.21539458335104,,5.0,
Car 25,,,,26,,arrived,,arrived,332.48474836760977,,,
Car 25,,,,,1,switch,,"Charger 1 (fid=308702) not available, trying Charger 5 (fid=5)",337.48474836760977,5,,
Car 15,112.0,308440,0,,,done,,done charging,337.7368049474765,,,55.536708431710515
Car 16,101.0,308702,1,,,done,,done charging,342.8353989820132,,,116.69421385311595
Car 25,,,,,5,switch,,"Charger 5 (fid=5) not available, trying Charger 10 (fid=4)",346.0398617250297,10,,
Car 25,,4,10,,,start_charge,,starting to charge at Charger 10 (fid=4),346.9282617734177,,10.0,
Car 26,,,,54,,arrived,,arrived,356.34894976671063,,,
Car 26,,308440,0,,,start_charge,,starting to charge at Charger 0 (fid=308440),356.34894976671063,,0.0,
Car 20,47.0,5,5,,,done,,done charging,357.0818650170276,,,249.6213205840353
Car 27,,,,34,,arrived,,arrived,361.2893823159545,,,
Car 27,,,,,0,switch,,"Charger 0 (fid=308440) not available, trying Charger 11 (fid=6)",366.2893823159545,11,,
Car 28,,,,34,,arrived,,arrived,367.2533975883484,,,
Car 28,,308702,1,,,start_charge,,starting to charge at Charger 1 (fid=308702),367.2533975883484,,0.0,
Car 18,74.0,308702,1,,,done,,done charging,368.085647456689,,,192.27447817342818
Car 29,,,,87,,arrived,,arrived,371.1543759536831,,,
Car 29,,91,9,,,start_charge,,starting to charge at Charger 9 (fid=91),371.1543759536831,,0.0,
Car 30,,,,40,,arrived,,arrived,373.1268622402613,,,
Car 30,,3,8,,,start_charge,,starting to charge at Charger 8 (fid=3),373.1268622402613,,0.0,
Car 31,,,,51,,arrived,,arrived,373.3014999763821,,,
Car 31,,7,12,,,start_charge,,starting to charge at Charger 12 (fid=7),373.3014999763821,,0.0,
Car 32,,,,42,,arrived,,arrived,373.85199249245903,,,
Car 32,,308702,1,,,start_charge,,starting to charge at Charger 1 (fid=308702),373.85199249245903,,0.0,
Car 33,,,,37,,arrived,,arrived,373.9850670154544,,,
Car 27,,,,,11,switch,,"Charger 11 (fid=6) not available, trying Charger 2 (fid=307904)",375.45791330480733,2,,
Car 34,,,,8,,arrived,,arrived,377.38689687542916,,,
Car 34,,8,13,,,start_charge,,starting to charge at Charger 13 (fid=8),377.38689687542916,,0.0,
Car 17,115.0,6,11,,,done,,done charging,377.89426426508,,,284.68385879725327
Car 27,,307904,2,,,start_charge,,starting to charge at Charger 2 (fid=307904),378.7825975432667,,10.0,
Car 33,,,,,10,switch,,"Charger 10 (fid=4) not available, trying Charger 5 (fid=5)",378.9850670154544,5,,
Car 22,57.0,6,11,,,done,,done charging,379.1644948166896,,,219.7779854804626
Car 33,,5,5,,,start_charge,,starting to charge at Charger 5 (fid=5),379.8734670638424,,5.0,
Car 35,,,,9,,arrived,,arrived,379.9617111216077,,,
Car 35,,9,14,,,start_charge,,starting to charge at Charger 14 (fid=9),379.9617111216077,,0.0,
Car 36,,,,54,,arrived,,arrived,386.27325561903433,,,
Car 37,,,,38,,arrived,,arrived,387.576207944264,,,
Car 38,,,,50,,arrived,,arrived,389.74873448291106,,,
Car 38,,3,8,,,start_charge,,starting to charge at Charger 8 (fid=3),389.74873448291106,,0.0,
Car 36,,,,,0,switch,,"Charger 0 (fid=308440) not available, trying Charger 1 (fid=308702)",391.27325561903433,1,,
Car 37,,,,,10,switch,,"Charger 10 (fid=4) not available, trying Charger 5 (fid=5)",392.576207944264,5,,
Car 39,,,,71,,arrived,,arrived,393.387259359146,,,
Car 39,,,,,0,switch,,"Charger 0 (fid=308440) not available, trying Charger 11 (fid=6)",398.387259359146,11,,
Car 37,,,,,5,switch,,"Charger 5 (fid=5) not available, trying Charger 1 (fid=308702)",398.464607992652,1,,
Car 40,,,,60,,arrived,,arrived,398.53766177594673,,,
Car 40,,6,11,,,start_charge,,starting to charge at Charger 11 (fid=6),398.53766177594673,,0.0,
Car 36,,,,,1,switch,,"Charger 1 (fid=308702) not available, trying Charger 14 (fid=9)",399.3837082464328,14,,
Car 39,,6,11,,,start_charge,,starting to charge at Charger 11 (fid=6),402.5557903479988,,5.0,
Car 41,,,,15,,arrived,,arrived,403.2890644549961,,,
Car 36,,9,14,,,start_charge,,starting to charge at Charger 14 (fid=9),404.304959981719,,10.0,
Car 23,82.0,8,13,,,done,,done charging,404.87225426129277,,,114.86945504744664
Car 37,,,,,1,switch,,"Charger 1 (fid=308702) not available, trying Charger 13 (fid=8)",407.01972135007196,13,,
Car 19,103.0,308440,0,,,done,,done charging,407.8266943606338,,,263.8987994553637
Car 41,,308440,0,,,start_charge,,starting to charge at Charger 0 (fid=308440),407.8266943606338,,4.5376299056376865,
Car 42,,,,116,,arrived,,arrived,410.25467853975437,,,
Car 43,,,,56,,arrived,,arrived,411.5967917277174,,,
Car 37,,8,13,,,start_charge,,starting to charge at Charger 13 (fid=8),411.86887527406,,15.0,
Car 42,,,,,0,switch,,"Charger 0 (fid=308440) not available, trying Charger 11 (fid=6)",415.25467853975437,11,,
Car 43,,,,,0,switch,,"Charger 0 (fid=308440) not available, trying Charger 1 (fid=308702)",416.5967917277174,1,,
Car 21,116.0,5,5,,,done,,done charging,417.74244725449205,,,221.2671675559766
Car 24,87.0,4,10,,,done,,done charging,418.21539458335104,,,74.00372403072136
Car 44,,,,23,,arrived,,arrived,419.5526047305639,,,
Car 45,,,,37,,arrived,,arrived,421.77449783801444,,,
Car 45,,4,10,,,start_charge,,starting to charge at Charger 10 (fid=4),421.77449783801444,,0.0,
Car 46,,,,37,,arrived,,arrived,422.0715498090805,,,
Car 31,49.0,7,12,,,done,,done charging,422.3014999763821,,,225.85566574813592
Car 47,,,,66,,arrived,,arrived,422.60923742139164,,,
Car 42,,,,,11,switch,,"Charger 11 (fid=6) not available, trying Charger 2 (fid=307904)",424.4232095286072,2,,
Car 44,,,,,0,switch,,"Charger 0 (fid=308440) not available, trying Charger 11 (fid=6)",424.5526047305639,11,,
Car 43,,,,,1,switch,,"Charger 1 (fid=308702) not available, trying Charger 14 (fid=9)",424.70724435511585,14,,
Car 46,,,,,10,switch,,"Charger 10 (fid=4) not available, trying Charger 5 (fid=5)",427.0715498090805,5,,
Car 47,,,,,14,switch,,"Charger 14 (fid=9) not available, trying Charger 8 (fid=3)",427.60923742139164,8,,
Car 46,,5,5,,,start_charge,,starting to charge at Charger 5 (fid=5),427.95994985746853,,5.0,
Car 48,,,,39,,arrived,,arrived,430.38044409474304,,,
Car 42,,,,,2,switch,,"Charger 2 (fid=307904) not available, trying Charger 3 (fid=307905)",432.74789376706656,3,,
Car 42,,307905,3,,,start_charge,,starting to charge at Charger 3 (fid=307905),433.0115199486306,,15.0,
Car 44,,,,,11,switch,,"Charger 11 (fid=6) not available, trying Charger 2 (fid=307904)",433.72113571941674,2,,
Car 49,,,,79,,arrived,,arrived,434.56439841258407,,,
Car 43,,,,,14,switch,,"Charger 14 (fid=9) not available, trying Charger 11 (fid=6)",434.62849609040205,11,,
Car 48,,,,,8,switch,,"Charger 8 (fid=3) not available, trying Charger 14 (fid=9)",435.38044409474304,14,,
Car 47,,,,,8,switch,,"Charger 8 (fid=3) not available, trying Charger 13 (fid=8)",436.696990722607,13,,
Car 38,48.0,3,8,,,done,,done charging,437.74873448291106,,,259.51105596595494
Car 50,,,,77,,arrived,,arrived,438.20211065597505,,,
Car 50,,1,6,,,start_charge,,starting to charge at Charger 6 (fid=1),438.20211065597505,,0.0,
Car 49,,,,,2,switch,,"Charger 2 (fid=307904) not available, trying Charger 3 (fid=307905)",439.56439841258407,3,,
Car 44,,,,,2,switch,,"Charger 2 (fid=307904) not available, trying Charger 3 (fid=307905)",442.0458199578761,3,,
Car 51,,,,45,,arrived,,arrived,442.48218123009843,,,
Car 52,,,,51,,arrived,,arrived,443.5953056978536,,,
Car 52,,7,12,,,start_charge,,starting to charge at Charger 12 (fid=7),443.5953056978536,,0.0,
Car 43,,,,,11,switch,,"Charger 11 (fid=6) not available, trying Charger 2 (fid=307904)",444.04442908795255,2,,
Car 48,,,,,14,switch,,"Charger 14 (fid=9) not available, trying Charger 11 (fid=6)",444.4681973959584,11,,
Car 49,,,,,3,switch,,"Charger 3 (fid=307905) not available, trying Charger 0 (fid=308440)",444.82802459414813,0,,
Car 53,,,,59,,arrived,,arrived,444.8588399580465,,,
Car 53,,7,12,,,start_charge,,starting to charge at Charger 12 (fid=7),444.8588399580465,,0.0,
Car 54,,,,27,,arrived,,arrived,445.3264199976849,,,
Car 55,,,,52,,arrived,,arrived,446.3376978026738,,,
Car 55,,1,6,,,start_charge,,starting to charge at Charger 6 (fid=1),446.3376978026738,,0.0,
Car 47,,,,,13,switch,,"Charger 13 (fid=8) not available, trying Charger 11 (fid=6)",446.6661819204745,11,,
Car 33,67.0,5,5,,,done,,done charging,446.8734670638424,,,148.86565000518124
Car 44,,,,,3,switch,,"Charger 3 (fid=307905) not available, trying Charger 1 (fid=308702)",447.3094461394402,1,,
Car 51,,,,,11,switch,,"Charger 11 (fid=6) not available, trying Charger 14 (fid=9)",447.48218123009843,14,,
Car 27,69.0,307904,2,,,done,,done charging,447.7825975432667,,,237.68822165740877
Car 43,,307904,2,,,start_charge,,starting to charge at Charger 2 (fid=307904),447.7825975432667,,20.413484216854783,
Car 56,,,,42,,arrived,,arrived,449.3816112277355,,,
Car 57,,,,56,,arrived,,arrived,450.31702923477604,,,
Car 54,,,,,1,switch,,"Charger 1 (fid=308702) not available, trying Charger 5 (fid=5)",450.3264199976849,5,,
Car 58,,,,48,,arrived,,arrived,450.5055892949989,,,
Car 59,,,,78,,arrived,,arrived,451.25630505678873,,,
Car 60,,,,57,,arrived,,arrived,452.9279256832892,,,
Car 54,,5,5,,,start_charge,,starting to charge at Charger 5 (fid=5),453.88153335510486,,5.0,
Car 48,,,,,11,switch,,"Charger 11 (fid=6) not available, trying Charger 13 (fid=8)",453.8841303935089,13,,
Car 49,,,,,0,switch,,"Charger 0 (fid=308440) not available, trying Charger 6 (fid=1)",454.1808489246622,6,,
Car 56,,,,,1,switch,,"Charger 1 (fid=308702) not available, trying Charger 10 (fid=4)",454.3816112277355,10,,
Car 61,,,,91,,arrived,,arrived,455.25483636861355,,,
Car 61,,91,9,,,start_charge,,starting to charge at Charger 9 (fid=91),455.25483636861355,,0.0,
Car 57,,,,,0,switch,,"Charger 0 (fid=308440) not available, trying Charger 1 (fid=308702)",455.31702923477604,1,,
Car 62,,,,77,,arrived,,arrived,455.34013547895313,,,
Car 26,99.0,308440,0,,,done,,done charging,455.34894976671063,,,186.2715086920258
Car 60,,308440,0,,,start_charge,,starting to charge at Charger 0 (fid=308440),455.34894976671063,,2.4210240834214574,
Car 58,,,,,1,switch,,"Charger 1 (fid=308702) not available, trying Charger 5 (fid=5)",455.5055892949989,5,,
Car 25,109.0,4,10,,,done,,done charging,455.9282617734177,,,317.2168296614027
Car 59,,,,,14,switch,,"Charger 14 (fid=9) not available, trying Charger 13 (fid=8)",456.25630505678873,13,,
Car 51,,,,,14,switch,,"Charger 14 (fid=9) not available, trying Charger 8 (fid=3)",456.89811422764893,8,,
Car 47,,,,,11,switch,,"Charger 11 (fid=6) not available, trying Charger 5 (fid=5)",456.96355281467726,5,,
Car 56,,4,10,,,start_charge,,starting to charge at Charger 10 (fid=4),457.73072701815204,,5.0,
Car 44,,,,,1,switch,,"Charger 1 (fid=308702) not available, trying Charger 6 (fid=1)",458.81356234920634,6,,
Car 63,,,,4,,arrived,,arrived,460.21833398484426,,,
Car 62,,,,,6,switch,,"Charger 6 (fid=1) not available, trying Charger 12 (fid=7)",460.34013547895313,12,,
Car 64,,,,8,,arrived,,arrived,460.46914983013966,,,
Car 51,,3,8,,,start_charge,,starting to charge at Charger 8 (fid=3),460.9858675288643,,10.0,
Car 65,,,,47,,arrived,,arrived,462.1824457239379,,,
Car 66,,,,26,,arrived,,arrived,462.6715061817168,,,
Car 59,,,,,13,switch,,"Charger 13 (fid=8) not available, trying Charger 5 (fid=5)",462.6762095800155,5,,
Car 57,,,,,1,switch,,"Charger 1 (fid=308702) not available, trying Charger 14 (fid=9)",463.4274818621745,14,,
Car 58,,,,,5,switch,,"Charger 5 (fid=5) not available, trying Charger 10 (fid=4)",464.06070265241885,10,,
Car 48,,,,,13,switch,,"Charger 13 (fid=8) not available, trying Charger 12 (fid=7)",464.1815012877116,12,,
Car 49,,,,,6,switch,,"Charger 6 (fid=1) not available, trying Charger 11 (fid=6)",464.45990063493275,11,,
Car 63,,,,,11,switch,,"Charger 11 (fid=6) not available, trying Charger 6 (fid=1)",465.21833398484426,6,,
Car 64,,,,,13,switch,,"Charger 13 (fid=8) not available, trying Charger 14 (fid=9)",465.46914983013966,14,,
Car 67,,,,77,,arrived,,arrived,466.70655690000876,,,
Car 65,,,,,1,switch,,"Charger 1 (fid=308702) not available, trying Charger 5 (fid=5)",467.1824457239379,5,,
Car 62,,,,,12,switch,,"Charger 12 (fid=7) not available, trying Charger 4 (fid=308108)",467.2645743671712,4,,
Car 47,,,,,5,switch,,"Charger 5 (fid=5) not available, trying Charger 10 (fid=4)",467.4975779216058,10,,
Car 66,,,,,0,switch,,"Charger 0 (fid=308440) not available, trying Charger 11 (fid=6)",467.6715061817168,11,,
Car 68,,,,37,,arrived,,arrived,467.8442548532582,,,
Car 62,,308108,4,,,start_charge,,starting to charge at Charger 4 (fid=308108),468.92690370260175,,10.0,
Car 36,65.0,9,14,,,done,,done charging,469.304959981719,,,238.88947575450624
Car 64,,9,14,,,start_charge,,starting to charge at Charger 14 (fid=9),469.304959981719,,7.4159056283525615,
Car 34,92.0,8,13,,,done,,done charging,469.38689687542916,,,51.031920891441445
Car 69,,,,14,,arrived,,arrived,469.8021415964596,,,
Car 32,96.0,308702,1,,,done,,done charging,469.85199249245903,,,76.21854080028722
Car 58,,,,,10,switch,,"Charger 10 (fid=4) not available, trying Charger 0 (fid=308440)",469.94910270080686,0,,
Car 59,,,,,5,switch,,"Charger 5 (fid=5) not available, trying Charger 10 (fid=4)",470.61157751963515,10,,
Car 44,,,,,6,switch,,"Charger 6 (fid=1) not available, trying Charger 14 (fid=9)",470.6774921514911,14,,
Car 70,,,,55,,arrived,,arrived,470.7718451056988,,,
Car 67,,,,,6,switch,,"Charger 6 (fid=1) not available, trying Charger 12 (fid=7)",471.70655690000876,12,,
Car 49,,,,,11,switch,,"Charger 11 (fid=6) not available, trying Charger 12 (fid=7)",472.7765841236365,12,,
Car 68,,,,,10,switch,,"Charger 10 (fid=4) not available, trying Charger 5 (fid=5)",472.8442548532582,5,,
Car 71,,,,65,,arrived,,arrived,472.94874004991146,,,
Car 57,,,,,14,switch,,"Charger 14 (fid=9) not available, trying Charger 11 (fid=6)",473.3487335974607,11,,
Car 47,,,,,10,switch,,"Charger 10 (fid=4) not available, trying Charger 6 (fid=1)",473.3859779699938,6,,
Car 63,,,,,6,switch,,"Charger 6 (fid=1) not available, trying Charger 2 (fid=307904)",473.535017473548,2,,
Car 41,66.0,308440,0,,,done,,done charging,473.8266943606338,,,195.81624931145276
Car 69,,308440,0,,,start_charge,,starting to charge at Charger 0 (fid=308440),473.8266943606338,,4.024552764174189,
Car 48,,,,,12,switch,,"Charger 12 (fid=7) not available, trying Charger 6 (fid=1)",475.67762066569543,6,,
Car 65,,,,,5,switch,,"Charger 5 (fid=5) not available, trying Charger 10 (fid=4)",475.73755908135786,10,,
Car 70,,,,,0,switch,,"Charger 0 (fid=308440) not available, trying Charger 1 (fid=308702)",475.7718451056988,1,,
Car 72,,,,47,,arrived,,arrived,476.1864352079676,,,
Car 72,,308702,1,,,start_charge,,starting to charge at Charger 1 (fid=308702),476.1864352079676,,0.0,
Car 59,,,,,10,switch,,"Charger 10 (fid=4) not available, trying Charger 8 (fid=3)",476.49997756802316,8,,
Car 66,,,,,11,switch,,"Charger 11 (fid=6) not available, trying Charger 2 (fid=307904)",476.8400371705696,2,,
Car 71,,,,,10,switch,,"Charger 10 (fid=4) not available, trying Charger 13 (fid=8)",477.94874004991146,13,,
Car 67,,,,,12,switch,,"Charger 12 (fid=7) not available, trying Charger 4 (fid=308108)",478.6309957882268,4,,
Car 68,,,,,5,switch,,"Charger 5 (fid=5) not available, trying Charger 14 (fid=9)",478.7326549016462,14,,
Car 29,108.0,91,9,,,done,,done charging,479.1543759536831,,,95.48681310494425
Car 63,,,,,2,switch,,"Charger 2 (fid=307904) not available, trying Charger 3 (fid=307905)",479.72487103486856,3,,
Car 67,,308108,4,,,start_charge,,starting to charge at Charger 4 (fid=308108),480.2933251236574,,10.0,
Car 58,,,,,0,switch,,"Charger 0 (fid=308440) not available, trying Charger 13 (fid=8)",480.3002884442706,13,,
Car 73,,,,53,,arrived,,arrived,480.3425477670236,,,
Car 71,,8,13,,,start_charge,,starting to charge at Charger 13 (fid=8),480.4140448692838,,5.0,
Car 44,,,,,14,switch,,"Charger 14 (fid=9) not available, trying Charger 12 (fid=7)",481.156803812747,12,,
Car 65,,,,,10,switch,,"Charger 10 (fid=4) not available, trying Charger 0 (fid=308440)",481.62595912974587,0,,
Car 49,,,,,12,switch,,"Charger 12 (fid=7) not available, trying Charger 9 (fid=91)",481.71478065949424,9,,
Car 30,109.0,3,8,,,done,,done charging,482.1268622402613,,,258.39588322360373
Car 48,,,,,6,switch,,"Charger 6 (fid=1) not available, trying Charger 4 (fid=308108)",482.6020595539135,4,,
Car 57,,,,,11,switch,,"Charger 11 (fid=6) not available, trying Charger 2 (fid=307904)",482.7646665950112,2,,
Car 59,,3,8,,,start_charge,,starting to charge at Charger 8 (fid=3),483.0894736719319,,20.0,
Car 74,,,,3,,arrived,,arrived,483.36739785124445,,,
Car 70,,,,,1,switch,,"Charger 1 (fid=308702) not available, trying Charger 14 (fid=9)",483.88229773309723,14,,
Car 49,,91,9,,,start_charge,,starting to charge at Charger 9 (fid=91),484.50662840807064,,30.0,
Car 63,,,,,3,switch,,"Charger 3 (fid=307905) not available, trying Charger 12 (fid=7)",484.9884972164326,12,,
Car 66,,,,,2,switch,,"Charger 2 (fid=307904) not available, trying Charger 3 (fid=307905)",485.16472140902897,3,,
Car 47,,,,,6,switch,,"Charger 6 (fid=1) not available, trying Charger 12 (fid=7)",485.32367318603275,12,,
Car 73,,,,,12,switch,,"Charger 12 (fid=7) not available, trying Charger 4 (fid=308108)",485.3425477670236,4,,
Car 39,84.0,6,11,,,done,,done charging,486.5557903479988,,,290.66103614831763
Car 28,120.0,308702,1,,,done,,done charging,487.2533975883484,,,94.36390151276416
Car 68,,,,,14,switch,,"Charger 14 (fid=9) not available, trying Charger 13 (fid=8)",487.38609380995103,13,,
Car 74,,,,,2,switch,,"Charger 2 (fid=307904) not available, trying Charger 3 (fid=307905)",488.36739785124445,3,,
Car 35,110.0,9,14,,,done,,done charging,489.9617111216077,,,44.85426999366072
Car 70,,9,14,,,start_charge,,starting to charge at Charger 14 (fid=9),489.9617111216077,,11.158161653224283,
Car 75,,,,37,,arrived,,arrived,490.22095181134085,,,
Car 66,,,,,3,switch,,"Charger 3 (fid=307905) not available, trying Charger 1 (fid=308702)",490.42834759059303,1,,
Car 48,,,,,4,switch,,"Charger 4 (fid=308108) not available, trying Charger 2 (fid=307904)",490.45343904487294,2,,
Car 58,,,,,13,switch,,"Charger 13 (fid=8) not available, trying Charger 14 (fid=9)",490.8899247250332,14,,
Car 57,,,,,2,switch,,"Charger 2 (fid=307904) not available, trying Charger 3 (fid=307905)",491.0893508334706,3,,
Car 44,,,,,12,switch,,"Charger 12 (fid=7) not available, trying Charger 8 (fid=3)",491.7714852940786,8,,
Car 65,,,,,0,switch,,"Charger 0 (fid=308440) not available, trying Charger 13 (fid=8)",491.9771448732096,13,,
Car 73,,,,,4,switch,,"Charger 4 (fid=308108) not available, trying Charger 8 (fid=3)",492.00487710245415,8,,
Car 47,,,,,12,switch,,"Charger 12 (fid=7) not available, trying Charger 4 (fid=308108)",492.2481120742508,4,,
Car 63,,,,,12,switch,,"Charger 12 (fid=7) not available, trying Charger 7 (fid=2)",492.58402645994335,7,,
Car 74,,,,,3,switch,,"Charger 3 (fid=307905) not available, trying Charger 6 (fid=1)",493.6310240328085,6,,
Car 68,,,,,13,switch,,"Charger 13 (fid=8) not available, trying Charger 1 (fid=308702)",493.8059983331778,1,,
Car 76,,,,28,,arrived,,arrived,493.93056768378085,,,
Car 63,,2,7,,,start_charge,,starting to charge at Charger 7 (fid=2),494.768246925398,,25.0,
Car 75,,,,,10,switch,,"Charger 10 (fid=4) not available, trying Charger 5 (fid=5)",495.22095181134085,5,,
Car 52,52.0,7,12,,,done,,done charging,495.5953056978536,,,225.85566574813592
Car 77,,,,15,,arrived,,arrived,496.15676864648526,,,
Car 57,,,,,3,switch,,"Charger 3 (fid=307905) not available, trying Charger 10 (fid=4)",496.35297701503464,10,,
Car 66,,308702,1,,,start_charge,,starting to charge at Charger 1 (fid=308702),496.9324638003592,,20.0,
Car 58,,,,,14,switch,,"Charger 14 (fid=9) not available, trying Charger 11 (fid=6)",497.30982924826,11,,
Car 47,,,,,4,switch,,"Charger 4 (fid=308108) not available, trying Charger 2 (fid=307904)",498.91044140968137,2,,
Car 76,,,,,0,switch,,"Charger 0 (fid=308440) not available, trying Charger 11 (fid=6)",498.93056768378085,11,,
Car 48,,,,,2,switch,,"Charger 2 (fid=307904) not available, trying Charger 3 (fid=307905)",498.95957205950435,3,,
Car 74,,,,,6,switch,,"Charger 6 (fid=1) not available, trying Charger 0 (fid=308440)",499.83721442574983,0,,
Car 75,,,,,5,switch,,"Charger 5 (fid=5) not available, trying Charger 14 (fid=9)",501.10935185972886,14,,
Car 77,,,,,8,switch,,"Charger 8 (fid=3) not available, trying Charger 12 (fid=7)",501.15676864648526,12,,
Car 58,,6,11,,,start_charge,,starting to charge at Charger 11 (fid=6),501.7257622458105,,30.0,
Car 44,,,,,8,switch,,"Charger 8 (fid=3) not available, trying Charger 9 (fid=91)",502.54524283048477,9,,
Car 65,,,,,13,switch,,"Charger 13 (fid=8) not available, trying Charger 14 (fid=9)",502.5667811539722,14,,
Car 73,,,,,8,switch,,"Charger 8 (fid=3) not available, trying Charger 6 (fid=1)",502.9572290140845,6,,
Car 78,,,,115,,arrived,,arrived,503.61598118267483,,,
Car 68,,,,,1,switch,,"Charger 1 (fid=308702) not available, trying Charger 11 (fid=6)",503.6551522571658,11,,
Car 48,,,,,3,switch,,"Charger 3 (fid=307905) not available, trying Charger 7 (fid=2)",504.2231982410684,7,,
Car 79,,,,81,,arrived,,arrived,505.565440781289,,,
Car 37,95.0,8,13,,,done,,done charging,506.86887527406,,,289.25598788029225
Car 77,,7,12,,,start_charge,,starting to charge at Charger 12 (fid=7),506.9305261828914,,5.0,
Car 42,74.0,307905,3,,,done,,done charging,507.0115199486306,,,293.9578000989665
Car 47,,,,,2,switch,,"Charger 2 (fid=307904) not available, trying Charger 3 (fid=307905)",507.4165744243128,3,,
Car 48,,2,7,,,start_charge,,starting to charge at Charger 7 (fid=2),507.53463989671843,,45.0,
Car 80,,,,22,,arrived,,arrived,507.5479039146401,,,
Car 47,,307905,3,,,start_charge,,starting to charge at Charger 3 (fid=307905),507.68020060587685,,50.0,
Car 76,,,,,11,switch,,"Charger 11 (fid=6) not available, trying Charger 2 (fid=307904)",508.09909867263366,2,,
Car 57,,,,,10,switch,,"Charger 10 (fid=4) not available, trying Charger 5 (fid=5)",508.3266231199532,5,,
Car 78,,,,,0,switch,,"Charger 0 (fid=308440) not available, trying Charger 1 (fid=308702)",508.61598118267483,1,,
Car 65,,,,,14,switch,,"Charger 14 (fid=9) not available, trying Charger 11 (fid=6)",508.986685677199,11,,
Car 75,,,,,14,switch,,"Charger 14 (fid=9) not available, trying Charger 13 (fid=8)",509.7627907680337,13,,
Car 74,,,,,0,switch,,"Charger 0 (fid=308440) not available, trying Charger 12 (fid=7)",510.1162661360204,12,,
Car 81,,,,12,,arrived,,arrived,510.134313506009,,,
Car 79,,,,,2,switch,,"Charger 2 (fid=307904) not available, trying Charger 3 (fid=307905)",510.565440781289,3,,
Car 82,,,,46,,arrived,,arrived,510.82629979125824,,,
Car 83,,,,67,,arrived,,arrived,511.1206970113801,,,
Car 75,,8,13,,,start_charge,,starting to charge at Charger 13 (fid=8),511.1826952912605,,15.0,
Car 84,,,,84,,arrived,,arrived,512.3770469069867,,,
Car 80,,,,,0,switch,,"Charger 0 (fid=308440) not available, trying Charger 11 (fid=6)",512.5479039146401,11,,
Car 85,,,,47,,arrived,,arrived,512.8797785679749,,,
Car 86,,,,64,,arrived,,arrived,513.6814718867028,,,
Car 73,,,,,6,switch,,"Charger 6 (fid=1) not available, trying Charger 7 (fid=2)",513.7911951638048,7,,
Car 68,,,,,11,switch,,"Charger 11 (fid=6) not available, trying Charger 0 (fid=308440)",513.8722640983146,0,,
Car 57,,,,,5,switch,,"Charger 5 (fid=5) not available, trying Charger 13 (fid=8)",514.2150231683412,13,,
Car 44,,,,,9,switch,,"Charger 9 (fid=91) not available, trying Charger 10 (fid=4)",514.6626562403833,10,,
Car 87,,,,67,,arrived,,arrived,514.6676884680721,,,
Car 81,,,,,2,switch,,"Charger 2 (fid=307904) not available, trying Charger 3 (fid=307905)",515.134313506009,3,,
Car 88,,,,66,,arrived,,arrived,515.5910238228034,,,
Car 82,,,,,1,switch,,"Charger 1 (fid=308702) not available, trying Charger 10 (fid=4)",515.8262997912582,10,,
Car 79,,,,,3,switch,,"Charger 3 (fid=307905) not available, trying Charger 6 (fid=1)",515.8290669628531,6,,
Car 83,,,,,1,switch,,"Charger 1 (fid=308702) not available, trying Charger 10 (fid=4)",516.1206970113801,10,,
Car 76,,,,,2,switch,,"Charger 2 (fid=307904) not available, trying Charger 3 (fid=307905)",516.423782911093,3,,
Car 78,,,,,1,switch,,"Charger 1 (fid=308702) not available, trying Charger 11 (fid=6)",516.7264338100733,11,,
Car 84,,,,,9,switch,,"Charger 9 (fid=91) not available, trying Charger 7 (fid=2)",517.3770469069867,7,,
Car 43,70.0,307904,2,,,done,,done charging,517.7825975432668,,,392.96242630438627
Car 85,,,,,1,switch,,"Charger 1 (fid=308702) not available, trying Charger 5 (fid=5)",517.8797785679749,5,,
Car 65,,,,,11,switch,,"Charger 11 (fid=6) not available, trying Charger 2 (fid=307904)",518.4026186747495,2,,
Car 40,120.0,6,11,,,done,,done charging,518.5376617759467,,,195.74335520353986
Car 80,,6,11,,,start_charge,,starting to charge at Charger 11 (fid=6),518.5376617759467,,6.821226872453849,
Car 86,,,,,7,switch,,"Charger 7 (fid=2) not available, trying Charger 4 (fid=308108)",518.6814718867028,4,,
Car 87,,,,,1,switch,,"Charger 1 (fid=308702) not available, trying Charger 10 (fid=4)",519.6676884680721,10,,
Car 81,,,,,3,switch,,"Charger 3 (fid=307905) not available, trying Charger 6 (fid=1)",520.3979396875731,6,,
Car 88,,,,,14,switch,,"Charger 14 (fid=9) not available, trying Charger 8 (fid=3)",520.5910238228034,8,,
Car 73,,,,,7,switch,,"Charger 7 (fid=2) not available, trying Charger 2 (fid=307904)",521.4315464641621,2,,
Car 74,,,,,12,switch,,"Charger 12 (fid=7) not available, trying Charger 11 (fid=6)",521.5507845763268,11,,
Car 76,,,,,3,switch,,"Charger 3 (fid=307905) not available, trying Charger 6 (fid=1)",521.687409092657,6,,
Car 65,,307904,2,,,start_charge,,starting to charge at Charger 2 (fid=307904),521.727302913209,,35.0,
Car 79,,,,,6,switch,,"Charger 6 (fid=1) not available, trying Charger 11 (fid=6)",522.0352573557944,11,,
Car 57,,,,,13,switch,,"Charger 13 (fid=8) not available, trying Charger 6 (fid=1)",522.1503911079609,6,,
Car 89,,,,6,,arrived,,arrived,522.2029253162301,,,
Car 60,67.0,308440,0,,,done,,done charging,522.3489497667106,,,144.90654047807305
Car 68,,308440,0,,,start_charge,,starting to charge at Charger 0 (fid=308440),522.3489497667106,,34.30815467954312,
Car 61,68.0,91,9,,,done,,done charging,523.2548363686135,,,88.80173619298226
Car 64,54.0,9,14,,,done,,done charging,523.304959981719,,,118.27804678478897
Car 54,70.0,5,5,,,done,,done charging,523.8815333551049,,,256.6019225552096
Car 85,,5,5,,,start_charge,,starting to charge at Charger 5 (fid=5),523.8815333551049,,7.446641429710098,
Car 82,,,,,10,switch,,"Charger 10 (fid=4) not available, trying Charger 5 (fid=5)",524.1754155816748,5,,
Car 84,,,,,7,switch,,"Charger 7 (fid=2) not available, trying Charger 4 (fid=308108)",524.2040380940155,4,,
Car 90,,,,10,,arrived,,arrived,524.4302047099918,,,
Car 83,,,,,10,switch,,"Charger 10 (fid=4) not available, trying Charger 5 (fid=5)",524.4698128017967,5,,
Car 86,,,,,4,switch,,"Charger 4 (fid=308108) not available, trying Charger 9 (fid=91)",525.284256286662,9,,
Car 91,,,,4,,arrived,,arrived,526.231388389848,,,
Car 81,,,,,6,switch,,"Charger 6 (fid=1) not available, trying Charger 12 (fid=7)",526.6041300805144,12,,
Car 69,53.0,308440,0,,,done,,done charging,526.8266943606338,,,132.81305867336218
Car 78,,,,,11,switch,,"Charger 11 (fid=6) not available, trying Charger 2 (fid=307904)",526.9435456512222,2,,
Car 92,,,,7,,arrived,,arrived,527.0193139569234,,,
Car 89,,,,,11,switch,,"Charger 11 (fid=6) not available, trying Charger 6 (fid=1)",527.2029253162301,6,,
Car 86,,91,9,,,start_charge,,starting to charge at Charger 9 (fid=91),527.494667969743,,10.0,
Car 76,,,,,6,switch,,"Charger 6 (fid=1) not available, trying Charger 1 (fid=308702)",527.8935994855984,1,,
Car 87,,,,,10,switch,,"Charger 10 (fid=4) not available, trying Charger 5 (fid=5)",528.0168042584887,5,,
Car 93,,,,35,,arrived,,arrived,528.5483940523487,,,
Car 93,,308440,0,,,start_charge,,starting to charge at Charger 0 (fid=308440),528.5483940523487,,0.0,
Car 44,,,,,10,switch,,"Charger 10 (fid=4) not available, trying Charger 7 (fid=2)",528.9032161201003,7,,
Car 94,,,,73,,arrived,,arrived,529.2291547155289,,,
Car 94,,9,14,,,start_charge,,starting to charge at Charger 14 (fid=9),529.2291547155289,,0.0,
Car 90,,,,,13,switch,,"Charger 13 (fid=8) not available, trying Charger 14 (fid=9)",529.4302047099918,14,,
Car 88,,,,,8,switch,,"Charger 8 (fid=3) not available, trying Charger 13 (fid=8)",529.6787771240188,13,,
Car 73,,,,,2,switch,,"Charger 2 (fid=307904) not available, trying Charger 3 (fid=307905)",529.7266512881914,3,,
Car 82,,,,,5,switch,,"Charger 5 (fid=5) not available, trying Charger 13 (fid=8)",530.0638156300628,13,,
Car 79,,,,,11,switch,,"Charger 11 (fid=6) not available, trying Charger 0 (fid=308440)",530.3519408444981,0,,
Car 83,,,,,5,switch,,"Charger 5 (fid=5) not available, trying Charger 0 (fid=308440)",530.3582128501847,0,,
Car 74,,,,,11,switch,,"Charger 11 (fid=6) not available, trying Charger 9 (fid=91)",530.4889811121845,9,,
Car 84,,,,,4,switch,,"Charger 4 (fid=308108) not available, trying Charger 12 (fid=7)",530.8068224939747,12,,
Car 59,48.0,3,8,,,done,,done charging,531.089473671932,,,421.2383911155273
Car 91,,,,,10,switch,,"Charger 10 (fid=4) not available, trying Charger 5 (fid=5)",531.231388389848,5,,
Car 95,,,,58,,arrived,,arrived,531.617386735233,,,
Car 45,110.0,4,10,,,done,,done charging,531.7744978380144,,,131.70605267379972
Car 51,71.0,3,8,,,done,,done charging,531.9858675288642,,,260.2094893179926
Car 92,,,,,12,switch,,"Charger 12 (fid=7) not available, trying Charger 4 (fid=308108)",532.0193139569234,4,,
Car 96,,,,1,,arrived,,arrived,533.1707748495605,,,
Car 57,,,,,6,switch,,"Charger 6 (fid=1) not available, trying Charger 12 (fid=7)",533.511140665869,12,,
Car 81,,,,,12,switch,,"Charger 12 (fid=7) not available, trying Charger 9 (fid=91)",533.5285689687324,9,,
Car 87,,,,,5,switch,,"Charger 5 (fid=5) not available, trying Charger 0 (fid=308440)",533.9052043068767,0,,
Car 73,,,,,3,switch,,"Charger 3 (fid=307905) not available, trying Charger 11 (fid=6)",534.9902774697555,11,,
Car 78,,,,,2,switch,,"Charger 2 (fid=307904) not available, trying Charger 3 (fid=307905)",535.2682298896816,3,,
Car 89,,,,,6,switch,,"Charger 6 (fid=1) not available, trying Charger 2 (fid=307904)",535.5196088049338,2,,
Car 90,,,,,14,switch,,"Charger 14 (fid=9) not available, trying Charger 10 (fid=4)",535.8501092332185,10,,
Car 53,91.0,7,12,,,done,,done charging,535.8588399580465,,,114.49203245899174
Car 84,,7,12,,,start_charge,,starting to charge at Charger 12 (fid=7),535.8588399580465,,18.389688128641296,
Car 95,,,,,7,switch,,"Charger 7 (fid=2) not available, trying Charger 4 (fid=308108)",536.617386735233,4,,
Car 91,,,,,5,switch,,"Charger 5 (fid=5) not available, trying Charger 13 (fid=8)",537.119788438236,13,,
Car 97,,,,60,,arrived,,arrived,537.1480432960961,,,
Car 98,,,,32,,arrived,,arrived,537.4269768876136,,,
Car 82,,,,,13,switch,,"Charger 13 (fid=8) not available, trying Charger 0 (fid=308440)",537.9991835696825,0,,
Car 96,,,,,6,switch,,"Charger 6 (fid=1) not available, trying Charger 2 (fid=307904)",538.1707748495605,2,,
Car 92,,,,,4,switch,,"Charger 4 (fid=308108) not available, trying Charger 6 (fid=1)",538.6816432923539,6,,
Car 99,,,,49,,arrived,,arrived,538.9245982523121,,,
Car 100,,,,4,,arrived,,arrived,538.9912630385804,,,
Car 90,,4,10,,,start_charge,,starting to charge at Charger 10 (fid=4),539.1226904738796,,10.0,
Car 67,59.0,308108,4,,,done,,done charging,539.2933251236574,,,252.25969385824664
Car 95,,308108,4,,,start_charge,,starting to charge at Charger 4 (fid=308108),539.2933251236574,,6.073153988465151,
Car 79,,,,,0,switch,,"Charger 0 (fid=308440) not available, trying Charger 12 (fid=7)",539.5204718333509,12,,
Car 88,,,,,13,switch,,"Charger 13 (fid=8) not available, trying Charger 11 (fid=6)",539.6479683218863,11,,
Car 76,,,,,1,switch,,"Charger 1 (fid=308702) not available, trying Charger 14 (fid=9)",539.7575292878832,14,,
Car 57,,,,,12,switch,,"Charger 12 (fid=7) not available, trying Charger 8 (fid=3)",540.435579554087,8,,
Car 78,,,,,3,switch,,"Charger 3 (fid=307905) not available, trying Charger 14 (fid=9)",540.5318560712457,14,,
Car 83,,,,,0,switch,,"Charger 0 (fid=308440) not available, trying Charger 14 (fid=9)",540.9153961606519,14,,
Car 74,,,,,9,switch,,"Charger 9 (fid=91) not available, trying Charger 7 (fid=2)",541.2343939021139,7,,
Car 81,,,,,9,switch,,"Charger 9 (fid=91) not available, trying Charger 7 (fid=2)",541.3204167173088,7,,
Car 101,,,,37,,arrived,,arrived,541.6784990450305,,,
Car 89,,,,,2,switch,,"Charger 2 (fid=307904) not available, trying Charger 3 (fid=307905)",541.7094623662543,3,,
Car 97,,,,,11,switch,,"Charger 11 (fid=6) not available, trying Charger 14 (fid=9)",542.1480432960961,14,,
Car 44,,,,,7,switch,,"Charger 7 (fid=2) not available, trying Charger 5 (fid=5)",542.1900973535796,5,,
Car 98,,,,,1,switch,,"Charger 1 (fid=308702) not available, trying Charger 0 (fid=308440)",542.4269768876136,0,,
Car 73,,,,,11,switch,,"Charger 11 (fid=6) not available, trying Charger 9 (fid=91)",543.3312985398356,9,,
Car 55,97.0,1,6,,,done,,done charging,543.3376978026738,,,87.08299239818483
Car 92,,1,6,,,start_charge,,starting to charge at Charger 6 (fid=1),543.3376978026738,,11.804675019360388,
Car 99,,,,,1,switch,,"Charger 1 (fid=308702) not available, trying Charger 5 (fid=5)",543.9245982523121,5,,
Car 100,,,,,11,switch,,"Charger 11 (fid=6) not available, trying Charger 6 (fid=1)",543.9912630385804,6,,
Car 96,,,,,2,switch,,"Charger 2 (fid=307904) not available, trying Charger 3 (fid=307905)",544.3606284108811,3,,
Car 87,,,,,0,switch,,"Charger 0 (fid=308440) not available, trying Charger 14 (fid=9)",544.4623876173439,14,,
Car 91,,,,,13,switch,,"Charger 13 (fid=8) not available, trying Charger 14 (fid=9)",545.0551563778557,14,,
Car 46,118.0,5,5,,,done,,done charging,545.9599498574685,,,148.86565000518124
Car 57,,3,8,,,start_charge,,starting to charge at Charger 8 (fid=3),546.2093370904931,,55.0,
Car 71,66.0,8,13,,,done,,done charging,546.4140448692838,,,127.82298610336795
Car 101,,,,,10,switch,,"Charger 10 (fid=4) not available, trying Charger 5 (fid=5)",546.6784990450305,5,,
Car 89,,,,,3,switch,,"Charger 3 (fid=307905) not available, trying Charger 12 (fid=7)",546.9730885478184,12,,
Car 99,,5,5,,,start_charge,,starting to charge at Charger 5 (fid=5),547.479711609732,,5.0,
Car 56,90.0,4,10,,,done,,done charging,547.730727018152,,,257.72658924357006
Car 74,,,,,7,switch,,"Charger 7 (fid=2) not available, trying Charger 4 (fid=308108)",548.0613850891426,4,,
Car 81,,,,,7,switch,,"Charger 7 (fid=2) not available, trying Charger 4 (fid=308108)",548.1474079043376,4,,
Car 82,,,,,0,switch,,"Charger 0 (fid=308440) not available, trying Charger 14 (fid=9)",548.588819850445,14,,
Car 50,111.0,1,6,,,done,,done charging,549.202110655975,,,226.10647638976275
Car 100,,1,6,,,start_charge,,starting to charge at Charger 6 (fid=1),549.202110655975,,6.894164128690932,
Car 96,,,,,3,switch,,"Charger 3 (fid=307905) not available, trying Charger 12 (fid=7)",549.6242545924451,12,,
Car 76,,,,,14,switch,,"Charger 14 (fid=9) not available, trying Charger 12 (fid=7)",549.6787810231694,12,,
Car 88,,,,,11,switch,,"Charger 11 (fid=6) not available, trying Charger 5 (fid=5)",549.945339216089,5,,
Car 98,,,,,0,switch,,"Charger 0 (fid=308440) not available, trying Charger 5 (fid=5)",550.537429515012,5,,
Car 102,,,,60,,arrived,,arrived,550.632675536315,,,
Car 83,,,,,14,switch,,"Charger 14 (fid=9) not available, trying Charger 11 (fid=6)",550.7330102626302,11,,
Car 79,,,,,12,switch,,"Charger 12 (fid=7) not available, trying Charger 9 (fid=91)",550.9549902736574,9,,
Car 91,,,,,14,switch,,"Charger 14 (fid=9) not available, trying Charger 1 (fid=308702)",551.4750609010824,1,,
Car 97,,,,,14,switch,,"Charger 14 (fid=9) not available, trying Charger 8 (fid=3)",551.5639762936466,8,,
Car 78,,,,,14,switch,,"Charger 14 (fid=9) not available, trying Charger 6 (fid=1)",551.6164222065953,6,,
Car 103,,,,60,,arrived,,arrived,551.9903652106286,,,
Car 48,45.0,2,7,,,done,,done charging,552.5346398967184,,,542.274613646444
Car 101,,,,,5,switch,,"Charger 5 (fid=5) not available, trying Charger 14 (fid=9)",552.5668990934186,14,,
Car 104,,,,9,,arrived,,arrived,553.7763018766215,,,
Car 73,,,,,9,switch,,"Charger 9 (fid=91) not available, trying Charger 14 (fid=9)",554.076711329765,14,,
Car 87,,,,,14,switch,,"Charger 14 (fid=9) not available, trying Charger 11 (fid=6)",554.2800017193222,11,,
Car 89,,,,,12,switch,,"Charger 12 (fid=7) not available, trying Charger 0 (fid=308440)",554.5686177913292,0,,
Car 74,,,,,4,switch,,"Charger 4 (fid=308108) not available, trying Charger 1 (fid=308702)",554.6641694891018,1,,
Car 81,,,,,4,switch,,"Charger 4 (fid=308108) not available, trying Charger 11 (fid=6)",554.7501923042968,11,,
Car 105,,,,33,,arrived,,arrived,555.3176424052383,,,
Car 102,,,,,11,switch,,"Charger 11 (fid=6) not available, trying Charger 14 (fid=9)",555.632675536315,14,,
Car 97,,3,8,,,start_charge,,starting to charge at Charger 8 (fid=3),555.651729594862,,10.0,
Car 44,,,,,5,switch,,"Charger 5 (fid=5) not available, trying Charger 13 (fid=8)",555.6829761540623,13,,
Car 103,,,,,11,switch,,"Charger 11 (fid=6) not available, trying Charger 14 (fid=9)",556.9903652106286,14,,
Car 96,,,,,12,switch,,"Charger 12 (fid=7) not available, trying Charger 7 (fid=2)",557.2197838359559,7,,
Car 72,82.0,308702,1,,,done,,done charging,558.1864352079676,,,150.86806658959517
Car 91,,308702,1,,,start_charge,,starting to charge at Charger 1 (fid=308702),558.1864352079676,,21.790122571599,
Car 82,,,,,14,switch,,"Charger 14 (fid=9) not available, trying Charger 11 (fid=6)",558.4064339524233,11,,
Car 44,,8,13,,,start_charge,,starting to charge at Charger 13 (fid=8),558.618344093682,,64.99999999999994,
Car 79,,,,,9,switch,,"Charger 9 (fid=91) not available, trying Charger 7 (fid=2)",558.7468380222338,7,,
Car 104,,,,,14,switch,,"Charger 14 (fid=9) not available, trying Charger 13 (fid=8)",558.7763018766215,13,,
Car 96,,2,7,,,start_charge,,starting to charge at Charger 7 (fid=2),559.4040043014106,,20.0,
Car 83,,,,,11,switch,,"Charger 11 (fid=6) not available, trying Charger 13 (fid=8)",560.1489432601807,13,,
Car 76,,,,,12,switch,,"Charger 12 (fid=7) not available, trying Charger 10 (fid=4)",560.2934625045011,10,,
Car 105,,,,,0,switch,,"Charger 0 (fid=308440) not available, trying Charger 11 (fid=6)",560.3176424052383,11,,
Car 88,,,,,5,switch,,"Charger 5 (fid=5) not available, trying Charger 10 (fid=4)",560.4793643230175,10,,
Car 106,,,,2,,arrived,,arrived,560.7646751410892,,,
Car 98,,,,,5,switch,,"Charger 5 (fid=5) not available, trying Charger 10 (fid=4)",561.0946128254792,10,,
Car 101,,,,,14,switch,,"Charger 14 (fid=9) not available, trying Charger 13 (fid=8)",561.2203380017235,13,,
Car 88,,4,10,,,start_charge,,starting to charge at Charger 10 (fid=4),561.3677643714055,,25.0,
Car 107,,,,15,,arrived,,arrived,561.4073978726973,,,
Car 78,,,,,6,switch,,"Charger 6 (fid=1) not available, trying Charger 10 (fid=4)",562.0957338678512,10,,
Car 87,,,,,11,switch,,"Charger 11 (fid=6) not available, trying Charger 13 (fid=8)",563.6959347168727,13,,
Car 81,,,,,11,switch,,"Charger 11 (fid=6) not available, trying Charger 0 (fid=308440)",564.6153294428959,0,,
Car 102,,,,,14,switch,,"Charger 14 (fid=9) not available, trying Charger 8 (fid=3)",565.0486085338655,8,,
Car 104,,,,,13,switch,,"Charger 13 (fid=8) not available, trying Charger 10 (fid=4)",565.1962063998482,10,,
Car 80,47.0,6,11,,,done,,done charging,565.5376617759467,,,289.8095818585307
Car 82,,6,11,,,start_charge,,starting to charge at Charger 11 (fid=6),565.5376617759467,,32.715294825972876,
Car 79,,,,,7,switch,,"Charger 7 (fid=2) not available, trying Charger 4 (fid=308108)",565.5738292092625,4,,
Car 106,,,,,7,switch,,"Charger 7 (fid=2) not available, trying Charger 4 (fid=308108)",565.7646751410892,4,,
Car 89,,,,,0,switch,,"Charger 0 (fid=308440) not available, trying Charger 14 (fid=9)",566.0031362316356,14,,
Car 103,,,,,14,switch,,"Charger 14 (fid=9) not available, trying Charger 8 (fid=3)",566.4062982081791,8,,
Car 107,,,,,8,switch,,"Charger 8 (fid=3) not available, trying Charger 12 (fid=7)",566.4073978726973,12,,
Car 73,,,,,14,switch,,"Charger 14 (fid=9) not available, trying Charger 13 (fid=8)",566.5087187641924,13,,
Car 70,77.0,9,14,,,done,,done charging,566.9617111216078,,,287.4746605264005
Car 98,,,,,10,switch,,"Charger 10 (fid=4) not available, trying Charger 13 (fid=8)",566.9830128738672,13,,
Car 108,,,,14,,arrived,,arrived,567.4888080059835,,,
Car 101,,,,,13,switch,,"Charger 13 (fid=8) not available, trying Charger 1 (fid=308702)",567.6402425249502,1,,
Car 74,,,,,1,switch,,"Charger 1 (fid=308702) not available, trying Charger 14 (fid=9)",568.0622456193491,14,,
Car 65,47.0,307904,2,,,done,,done charging,568.727302913209,,,593.8267918906903
Car 109,,,,80,,arrived,,arrived,569.095506733664,,,
Car 105,,,,,11,switch,,"Charger 11 (fid=6) not available, trying Charger 2 (fid=307904)",569.4861733940911,2,,
Car 110,,,,77,,arrived,,arrived,570.2832280457318,,,
Car 83,,,,,13,switch,,"Charger 13 (fid=8) not available, trying Charger 2 (fid=307904)",570.4463141543833,2,,
Car 89,,9,14,,,start_charge,,starting to charge at Charger 14 (fid=9),570.8207503336139,,30.0,
Car 63,77.0,2,7,,,done,,done charging,571.768246925398,,,306.9867245526059
Car 79,,,,,4,switch,,"Charger 4 (fid=308108) not available, trying Charger 14 (fid=9)",572.1766136092217,14,,
Car 111,,,,45,,arrived,,arrived,572.3087277442706,,,
Car 106,,,,,4,switch,,"Charger 4 (fid=308108) not available, trying Charger 9 (fid=91)",572.3674595410484,9,,
Car 108,,,,,0,switch,,"Charger 0 (fid=308440) not available, trying Charger 11 (fid=6)",572.4888080059835,11,,
Car 104,,,,,10,switch,,"Charger 10 (fid=4) not available, trying Charger 5 (fid=5)",572.6615112192205,5,,
Car 76,,,,,10,switch,,"Charger 10 (fid=4) not available, trying Charger 8 (fid=3)",572.7166964311223,8,,
Car 105,,307904,2,,,start_charge,,starting to charge at Charger 2 (fid=307904),572.8108576325506,,10.0,
Car 73,,,,,13,switch,,"Charger 13 (fid=8) not available, trying Charger 10 (fid=4)",572.9286232874191,10,,
Car 81,,,,,0,switch,,"Charger 0 (fid=308440) not available, trying Charger 14 (fid=9)",573.7838604317487,14,,
Car 87,,,,,13,switch,,"Charger 13 (fid=8) not available, trying Charger 2 (fid=307904)",573.9933056110754,2,,
Car 78,,,,,10,switch,,"Charger 10 (fid=4) not available, trying Charger 5 (fid=5)",574.0334290838902,5,,
Car 109,,,,,0,switch,,"Charger 0 (fid=308440) not available, trying Charger 11 (fid=6)",574.095506733664,11,,
Car 102,,,,,8,switch,,"Charger 8 (fid=3) not available, trying Charger 13 (fid=8)",574.1363618350808,13,,
Car 112,,,,67,,arrived,,arrived,574.1999600325828,,,
Car 98,,,,,13,switch,,"Charger 13 (fid=8) not available, trying Charger 14 (fid=9)",574.4483176932396,14,,
Car 113,,,,25,,arrived,,arrived,575.0676522467065,,,
Car 110,,,,,6,switch,,"Charger 6 (fid=1) not available, trying Charger 12 (fid=7)",575.2832280457318,12,,
Car 103,,,,,8,switch,,"Charger 8 (fid=3) not available, trying Charger 13 (fid=8)",575.4940515093945,13,,
Car 114,,,,22,,arrived,,arrived,576.7471478869635,,,
Car 66,80.0,308702,1,,,done,,done charging,576.9324638003592,,,336.5257403984233
Car 101,,308702,1,,,start_charge,,starting to charge at Charger 1 (fid=308702),576.9324638003592,,24.443067351421064,
Car 107,,,,,12,switch,,"Charger 12 (fid=7) not available, trying Charger 7 (fid=2)",577.1811554091034,7,,
Car 111,,,,,11,switch,,"Charger 11 (fid=6) not available, trying Charger 14 (fid=9)",577.3087277442706,14,,
Car 115,,,,51,,arrived,,arrived,577.4093671678503,,,
Car 74,,,,,14,switch,,"Charger 14 (fid=9) not available, trying Charger 8 (fid=3)",577.9834973546353,8,,
Car 104,,,,,5,switch,,"Charger 5 (fid=5) not available, trying Charger 8 (fid=3)",578.5499112676085,8,,
Car 112,,,,,1,switch,,"Charger 1 (fid=308702) not available, trying Charger 10 (fid=4)",579.1999600325828,10,,
Car 107,,2,7,,,start_charge,,starting to charge at Charger 7 (fid=2),579.3653758745581,,10.0,
Car 106,,,,,9,switch,,"Charger 9 (fid=91) not available, trying Charger 12 (fid=7)",579.5778712241295,12,,
Car 78,,,,,5,switch,,"Charger 5 (fid=5) not available, trying Charger 13 (fid=8)",579.9218291322782,13,,
Car 113,,,,,1,switch,,"Charger 1 (fid=308702) not available, trying Charger 5 (fid=5)",580.0676522467065,5,,
Car 73,,,,,10,switch,,"Charger 10 (fid=4) not available, trying Charger 0 (fid=308440)",580.3939281067915,0,,
Car 98,,,,,14,switch,,"Charger 14 (fid=9) not available, trying Charger 11 (fid=6)",580.8682222164663,11,,
Car 108,,,,,11,switch,,"Charger 11 (fid=6) not available, trying Charger 2 (fid=307904)",581.6573389948363,2,,
Car 114,,,,,1,switch,,"Charger 1 (fid=308702) not available, trying Charger 0 (fid=308440)",581.7471478869635,0,,
Car 110,,,,,12,switch,,"Charger 12 (fid=7) not available, trying Charger 4 (fid=308108)",582.2076669339498,4,,
Car 83,,,,,2,switch,,"Charger 2 (fid=307904) not available, trying Charger 3 (fid=307905)",582.3959813547644,3,,
Car 115,,,,,12,switch,,"Charger 12 (fid=7) not available, trying Charger 4 (fid=308108)",582.4093671678503,4,,
Car 93,54.0,308440,0,,,done,,done charging,582.5483940523487,,,161.24716547112536
Car 79,,,,,14,switch,,"Charger 14 (fid=9) not available, trying Charger 1 (fid=308702)",582.9698894657776,1,,
Car 109,,,,,11,switch,,"Charger 11 (fid=6) not available, trying Charger 2 (fid=307904)",583.2640377225168,2,,
Car 81,,,,,14,switch,,"Charger 14 (fid=9) not available, trying Charger 8 (fid=3)",583.601474533727,8,,
Car 62,115.0,308108,4,,,done,,done charging,583.9269037026017,,,252.25969385824664
Car 110,,308108,4,,,start_charge,,starting to charge at Charger 4 (fid=308108),583.9269037026017,,10.056907433221454,
Car 77,77.0,7,12,,,done,,done charging,583.9305261828914,,,341.05914375696796
Car 106,,7,12,,,start_charge,,starting to charge at Charger 12 (fid=7),583.9305261828914,,16.560807210185544,
Car 102,,,,,13,switch,,"Charger 13 (fid=8) not available, trying Charger 6 (fid=1)",584.1055530329484,6,,
Car 76,,,,,8,switch,,"Charger 8 (fid=3) not available, trying Charger 9 (fid=91)",584.306192535031,9,,
Car 114,,308440,0,,,start_charge,,starting to charge at Charger 0 (fid=308440),584.8576005143619,,5.0,
Car 103,,,,,13,switch,,"Charger 13 (fid=8) not available, trying Charger 6 (fid=1)",585.463242707262,6,,
Car 87,,,,,2,switch,,"Charger 2 (fid=307904) not available, trying Charger 3 (fid=307905)",585.9429728114565,3,,
Car 47,79.0,307905,3,,,done,,done charging,586.6802006058768,,,554.4263951943451
Car 83,,307905,3,,,start_charge,,starting to charge at Charger 3 (fid=307905),586.6802006058768,,44.02059306954834,
Car 111,,,,,14,switch,,"Charger 14 (fid=9) not available, trying Charger 8 (fid=3)",586.7246607418211,8,,
Car 74,,,,,8,switch,,"Charger 8 (fid=3) not available, trying Charger 13 (fid=8)",587.0712506558507,13,,
Car 112,,,,,10,switch,,"Charger 10 (fid=4) not available, trying Charger 5 (fid=5)",587.5490758229994,5,,
Car 116,,,,23,,arrived,,arrived,587.8258537581298,,,
Car 78,,,,,13,switch,,"Charger 13 (fid=8) not available, trying Charger 12 (fid=7)",587.8571970718979,12,,
Car 117,,,,8,,arrived,,arrived,587.9063364346456,,,
Car 113,,,,,5,switch,,"Charger 5 (fid=5) not available, trying Charger 10 (fid=4)",588.6227656041265,10,,
Car 58,87.0,6,11,,,done,,done charging,588.7257622458105,,,493.76704430350804
Car 98,,6,11,,,start_charge,,starting to charge at Charger 11 (fid=6),588.7257622458105,,33.44160703179375,
Car 118,,,,14,,arrived,,arrived,588.9862422336414,,,
Car 115,,,,,4,switch,,"Charger 4 (fid=308108) not available, trying Charger 6 (fid=1)",589.0716965032808,6,,
Car 108,,,,,2,switch,,"Charger 2 (fid=307904) not available, trying Charger 3 (fid=307905)",589.9820232332958,3,,
Car 104,,,,,8,switch,,"Charger 8 (fid=3) not available, trying Charger 11 (fid=6)",590.3454049385207,11,,
Car 68,68.0,308440,0,,,done,,done charging,590.3489497667106,,,372.19578970139935
Car 73,,308440,0,,,start_charge,,starting to charge at Charger 0 (fid=308440),590.3489497667106,,64.60383591645541,
Car 119,,,,20,,arrived,,arrived,590.5046899364457,,,
Car 87,,,,,3,switch,,"Charger 3 (fid=307905) not available, trying Charger 6 (fid=1)",591.2065989930205,6,,
Car 57,45.0,3,8,,,done,,done charging,591.2093370904931,,,581.2417404168258
Car 81,,3,8,,,start_charge,,starting to charge at Charger 8 (fid=3),591.2093370904931,,53.52010925555078,
Car 109,,,,,2,switch,,"Charger 2 (fid=307904) not available, trying Charger 3 (fid=307905)",591.5887219609763,3,,
Car 120,,,,61,,arrived,,arrived,591.6605316511994,,,
Car 121,,,,37,,arrived,,arrived,592.2006093105983,,,
Car 116,,,,,0,switch,,"Charger 0 (fid=308440) not available, trying Charger 11 (fid=6)",592.8258537581298,11,,
Car 79,,,,,1,switch,,"Charger 1 (fid=308702) not available, trying Charger 8 (fid=3)",592.8911412010638,8,,
Car 117,,,,,13,switch,,"Charger 13 (fid=8) not available, trying Charger 14 (fid=9)",592.9063364346456,14,,
Car 112,,,,,5,switch,,"Charger 5 (fid=5) not available, trying Charger 0 (fid=308440)",593.4374758713874,0,,
Car 118,,,,,0,switch,,"Charger 0 (fid=308440) not available, trying Charger 11 (fid=6)",593.9862422336414,11,,
Car 49,110.0,91,9,,,done,,done charging,594.5066284080706,,,418.3673457714626
Car 76,,91,9,,,start_charge,,starting to charge at Charger 9 (fid=91),594.5066284080706,,53.08302246314105,
Car 113,,,,,10,switch,,"Charger 10 (fid=4) not available, trying Charger 0 (fid=308440)",594.5111656525145,0,,
Car 108,,,,,3,switch,,"Charger 3 (fid=307905) not available, trying Charger 14 (fid=9)",595.2456494148598,14,,
Car 102,,,,,6,switch,,"Charger 6 (fid=1) not available, trying Charger 2 (fid=307904)",595.4663025908565,2,,
Car 119,,,,,0,switch,,"Charger 0 (fid=308440) not available, trying Charger 1 (fid=308702)",595.5046899364457,1,,
Car 111,,,,,8,switch,,"Charger 8 (fid=3) not available, trying Charger 13 (fid=8)",595.8124140430365,13,,
Car 120,,,,,8,switch,,"Charger 8 (fid=3) not available, trying Charger 14 (fid=9)",596.6605316511994,14,,
Car 103,,,,,6,switch,,"Charger 6 (fid=1) not available, trying Charger 2 (fid=307904)",596.8239922651701,2,,
Car 109,,,,,3,switch,,"Charger 3 (fid=307905) not available, trying Charger 6 (fid=1)",596.8523481425403,6,,
Car 115,,,,,6,switch,,"Charger 6 (fid=1) not available, trying Charger 2 (fid=307904)",596.9230759942403,2,,
Car 74,,,,,13,switch,,"Charger 13 (fid=8) not available, trying Charger 10 (fid=4)",597.0404418537182,10,,
Car 121,,,,,10,switch,,"Charger 10 (fid=4) not available, trying Charger 5 (fid=5)",597.2006093105983,5,,
Car 87,,,,,6,switch,,"Charger 6 (fid=1) not available, trying Charger 12 (fid=7)",597.4127893859619,12,,
Car 117,,,,,14,switch,,"Charger 14 (fid=9) not available, trying Charger 10 (fid=4)",599.3262409578723,10,,
Car 78,,,,,12,switch,,"Charger 12 (fid=7) not available, trying Charger 8 (fid=3)",599.3533164498817,8,,
Car 104,,,,,11,switch,,"Charger 11 (fid=6) not available, trying Charger 0 (fid=308440)",600.1402735746418,0,,
Car 122,,,,9,,arrived,,arrived,600.8735984954887,,,
Car 123,,,,3,,arrived,,arrived,601.0014378069336,,,
Car 102,,,,,2,switch,,"Charger 2 (fid=307904) not available, trying Charger 3 (fid=307905)",601.656156152177,3,,
Car 116,,,,,11,switch,,"Charger 11 (fid=6) not available, trying Charger 2 (fid=307904)",601.9943847469826,2,,
Car 103,,,,,2,switch,,"Charger 2 (fid=307904) not available, trying Charger 3 (fid=307905)",603.0138458264906,3,,
Car 109,,,,,6,switch,,"Charger 6 (fid=1) not available, trying Charger 1 (fid=308702)",603.0585385354817,1,,
Car 121,,,,,5,switch,,"Charger 5 (fid=5) not available, trying Charger 14 (fid=9)",603.0890093589863,14,,
Car 115,,,,,2,switch,,"Charger 2 (fid=307904) not available, trying Charger 3 (fid=307905)",603.1129295555609,3,,
Car 118,,,,,11,switch,,"Charger 11 (fid=6) not available, trying Charger 2 (fid=307904)",603.1547732224942,2,,
Car 119,,,,,1,switch,,"Charger 1 (fid=308702) not available, trying Charger 11 (fid=6)",603.6151425638442,11,,
Car 112,,,,,0,switch,,"Charger 0 (fid=308440) not available, trying Charger 14 (fid=9)",603.9946591818546,14,,
Car 124,,,,11,,arrived,,arrived,604.1709227118508,,,
Car 87,,,,,12,switch,,"Charger 12 (fid=7) not available, trying Charger 8 (fid=3)",604.3372282741799,8,,
Car 74,,,,,10,switch,,"Charger 10 (fid=4) not available, trying Charger 5 (fid=5)",604.5057466730906,5,,
Car 97,49.0,3,8,,,done,,done charging,604.651729594862,,,250.00603750409743
Car 79,,3,8,,,start_charge,,starting to charge at Charger 8 (fid=3),604.651729594862,,58.900518638909034,
Car 113,,,,,0,switch,,"Charger 0 (fid=308440) not available, trying Charger 13 (fid=8)",604.8623513959782,13,,
Car 125,,,,76,,arrived,,arrived,604.9940482682339,,,
Car 75,94.0,8,13,,,done,,done charging,605.1826952912604,,,256.65922920030073
Car 111,,8,13,,,start_charge,,starting to charge at Charger 13 (fid=8),605.1826952912604,,19.4010900503564,
Car 120,,,,,14,switch,,"Charger 14 (fid=9) not available, trying Charger 11 (fid=6)",605.7482849524148,11,,
Car 122,,,,,14,switch,,"Charger 14 (fid=9) not available, trying Charger 13 (fid=8)",605.8735984954887,13,,
Car 123,,,,,8,switch,,"Charger 8 (fid=3) not available, trying Charger 14 (fid=9)",606.0014378069336,14,,
Car 108,,,,,14,switch,,"Charger 14 (fid=9) not available, trying Charger 1 (fid=308702)",606.3302155502095,1,,
Car 126,,,,4,,arrived,,arrived,606.5693176376616,,,
Car 102,,,,,3,switch,,"Charger 3 (fid=307905) not available, trying Charger 12 (fid=7)",606.9197823337411,12,,
Car 117,,,,,10,switch,,"Charger 10 (fid=4) not available, trying Charger 5 (fid=5)",607.5988221985334,5,,
Car 103,,,,,3,switch,,"Charger 3 (fid=307905) not available, trying Charger 12 (fid=7)",608.2774720080547,12,,
Car 115,,,,,3,switch,,"Charger 3 (fid=307905) not available, trying Charger 8 (fid=3)",608.3765557371249,8,,
Car 124,,,,,11,switch,,"Charger 11 (fid=6) not available, trying Charger 14 (fid=9)",609.1709227118508,14,,
Car 104,,,,,0,switch,,"Charger 0 (fid=308440) not available, trying Charger 1 (fid=308702)",609.3088045634946,1,,
Car 127,,,,38,,arrived,,arrived,609.5775314816309,,,
Car 125,,,,,9,switch,,"Charger 9 (fid=91) not available, trying Charger 7 (fid=2)",609.9940482682339,7,,
Car 128,,,,83,,arrived,,arrived,610.0886967733456,,,
Car 78,,,,,8,switch,,"Charger 8 (fid=3) not available, trying Charger 9 (fid=91)",610.1270739862879,9,,
Car 116,,,,,2,switch,,"Charger 2 (fid=307904) not available, trying Charger 3 (fid=307905)",610.3190689854421,3,,
Car 74,,,,,,gave_up,5,"no alternate charger available, gave up",610.3941467214786,,,
Car 118,,,,,2,switch,,"Charger 2 (fid=307904) not available, trying Charger 3 (fid=307905)",611.4794574609537,3,,
Car 126,,,,,11,switch,,"Charger 11 (fid=6) not available, trying Charger 6 (fid=1)",611.5693176376616,6,,
Car 121,,,,,14,switch,,"Charger 14 (fid=9) not available, trying Charger 13 (fid=8)",611.7424482672913,13,,
Car 94,83.0,9,14,,,done,,done charging,612.2291547155289,,,173.15604487774573
Car 112,,9,14,,,start_charge,,starting to charge at Charger 14 (fid=9),612.2291547155289,,23.416881431696083,
Car 122,,,,,13,switch,,"Charger 13 (fid=8) not available, trying Charger 10 (fid=4)",612.2935030187155,10,,
Car 117,,,,,5,switch,,"Charger 5 (fid=5) not available, trying Charger 1 (fid=308702)",613.4872222469214,1,,
Car 119,,,,,11,switch,,"Charger 11 (fid=6) not available, trying Charger 2 (fid=307904)",613.832254404993,2,,
Car 102,,,,,12,switch,,"Charger 12 (fid=7) not available, trying Charger 4 (fid=308108)",614.5153115772519,4,,
Car 127,,,,,10,switch,,"Charger 10 (fid=4) not available, trying Charger 5 (fid=5)",614.5775314816309,5,,
Car 109,,,,,1,switch,,"Charger 1 (fid=308702) not available, trying Charger 14 (fid=9)",614.9224683377665,14,,
Car 129,,,,9,,arrived,,arrived,614.9735535392053,,,
Car 128,,,,,2,switch,,"Charger 2 (fid=307904) not available, trying Charger 3 (fid=307905)",615.0886967733456,3,,
Car 123,,,,,14,switch,,"Charger 14 (fid=9) not available, trying Charger 11 (fid=6)",615.089191108149,11,,
Car 87,,,,,8,switch,,"Charger 8 (fid=3) not available, trying Charger 7 (fid=2)",615.110985810586,7,,
Car 120,,,,,11,switch,,"Charger 11 (fid=6) not available, trying Charger 13 (fid=8)",615.1642179499653,13,,
Car 113,,,,,13,switch,,"Charger 13 (fid=8) not available, trying Charger 14 (fid=9)",615.4519876767407,14,,
Car 116,,,,,3,switch,,"Charger 3 (fid=307905) not available, trying Charger 1 (fid=308702)",615.5826951670061,1,,
Car 103,,,,,12,switch,,"Charger 12 (fid=7) not available, trying Charger 4 (fid=308108)",615.8730012515655,4,,
Car 108,,,,,1,switch,,"Charger 1 (fid=308702) not available, trying Charger 6 (fid=1)",616.2514672854957,6,,
Car 130,,,,77,,arrived,,arrived,616.3748662091208,,,
Car 118,,,,,3,switch,,"Charger 3 (fid=307905) not available, trying Charger 14 (fid=9)",616.7430836425177,14,,
Car 125,,,,,7,switch,,"Charger 7 (fid=2) not available, trying Charger 4 (fid=308108)",616.8210394552626,4,,
Car 104,,,,,1,switch,,"Charger 1 (fid=308702) not available, trying Charger 6 (fid=1)",617.4192571908931,6,,
Car 121,,,,,13,switch,,"Charger 13 (fid=8) not available, trying Charger 1 (fid=308702)",618.162352790518,1,,
Car 124,,,,,14,switch,,"Charger 14 (fid=9) not available, trying Charger 0 (fid=308440)",618.5868557094013,0,,
Car 122,,,,,10,switch,,"Charger 10 (fid=4) not available, trying Charger 5 (fid=5)",619.7588078380878,5,,
Car 115,,,,,8,switch,,"Charger 8 (fid=3) not available, trying Charger 7 (fid=2)",619.8400575110451,7,,
Car 126,,,,,6,switch,,"Charger 6 (fid=1) not available, trying Charger 2 (fid=307904)",619.8860011263653,2,,
Car 129,,,,,14,switch,,"Charger 14 (fid=9) not available, trying Charger 13 (fid=8)",619.9735535392053,13,,
Car 128,,,,,3,switch,,"Charger 3 (fid=307905) not available, trying Charger 6 (fid=1)",620.3523229549097,6,,
Car 96,61.0,2,7,,,done,,done charging,620.4040043014106,,,219.941263319766
Car 127,,,,,5,switch,,"Charger 5 (fid=5) not available, trying Charger 1 (fid=308702)",620.4659315300189,1,,
Car 131,,,,8,,arrived,,arrived,620.6653718457897,,,
Car 102,,,,,4,switch,,"Charger 4 (fid=308108) not available, trying Charger 10 (fid=4)",621.1776409126824,10,,
Car 130,,,,,6,switch,,"Charger 6 (fid=1) not available, trying Charger 12 (fid=7)",621.3748662091208,12,,
Car 87,,2,7,,,start_charge,,starting to charge at Charger 7 (fid=2),621.6207719373629,,60.0,
Car 113,,,,,14,switch,,"Charger 14 (fid=9) not available, trying Charger 11 (fid=6)",621.8718921999674,11,,
Car 117,,,,,1,switch,,"Charger 1 (fid=308702) not available, trying Charger 8 (fid=3)",622.0423356043414,8,,
Car 90,83.0,4,10,,,done,,done charging,622.1226904738796,,,269.1974256097244
Car 119,,,,,2,switch,,"Charger 2 (fid=307904) not available, trying Charger 3 (fid=307905)",622.1569386434525,3,,
Car 78,,,,,9,switch,,"Charger 9 (fid=91) not available, trying Charger 7 (fid=2)",622.2444873961864,7,,
Car 103,,,,,4,switch,,"Charger 4 (fid=308108) not available, trying Charger 10 (fid=4)",622.535330586996,10,,
Car 125,,,,,4,switch,,"Charger 4 (fid=308108) not available, trying Charger 2 (fid=307904)",623.4238238552218,2,,
Car 123,,,,,11,switch,,"Charger 11 (fid=6) not available, trying Charger 13 (fid=8)",624.5051241056995,13,,
Car 109,,,,,14,switch,,"Charger 14 (fid=9) not available, trying Charger 12 (fid=7)",624.8437200730527,12,,
Car 120,,,,,13,switch,,"Charger 13 (fid=8) not available, trying Charger 6 (fid=1)",625.461588844168,6,,
Car 122,,,,,5,switch,,"Charger 5 (fid=5) not available, trying Charger 8 (fid=3)",625.6472078864758,8,,
Car 131,,,,,13,switch,,"Charger 13 (fid=8) not available, trying Charger 14 (fid=9)",625.6653718457897,14,,
Car 126,,,,,2,switch,,"Charger 2 (fid=307904) not available, trying Charger 3 (fid=307905)",626.0758546876858,3,,
Car 129,,,,,13,switch,,"Charger 13 (fid=8) not available, trying Charger 10 (fid=4)",626.393458062432,10,,
Car 128,,,,,6,switch,,"Charger 6 (fid=1) not available, trying Charger 0 (fid=308440)",626.5585133478511,0,,
Car 116,,,,,1,switch,,"Charger 1 (fid=308702) not available, trying Charger 6 (fid=1)",627.0868113767723,6,,
Car 92,84.0,1,6,,,done,,done charging,627.3376978026738,,,160.30575938856296
Car 108,,1,6,,,start_charge,,starting to charge at Charger 6 (fid=1),627.3376978026738,,34.22230071489332,
Car 119,,,,,3,switch,,"Charger 3 (fid=307905) not available, trying Charger 14 (fid=9)",627.4205648250165,14,,
Car 118,,,,,14,switch,,"Charger 14 (fid=9) not available, trying Charger 1 (fid=308702)",627.8276497778674,1,,
Car 121,,,,,1,switch,,"Charger 1 (fid=308702) not available, trying Charger 11 (fid=6)",628.0115067145059,11,,
Car 130,,,,,12,switch,,"Charger 12 (fid=7) not available, trying Charger 4 (fid=308108)",628.2993050973388,4,,
Car 124,,,,,0,switch,,"Charger 0 (fid=308440) not available, trying Charger 13 (fid=8)",628.4044698113796,13,,
Car 102,,4,10,,,start_charge,,starting to charge at Charger 10 (fid=4),628.7794692145278,,45.0,
Car 127,,,,,1,switch,,"Charger 1 (fid=308702) not available, trying Charger 13 (fid=8)",629.0210448874388,13,,
Car 78,,,,,7,switch,,"Charger 7 (fid=2) not available, trying Charger 4 (fid=308108)",629.0714785832151,4,,
Car 104,,,,,6,switch,,"Charger 6 (fid=1) not available, trying Charger 12 (fid=7)",629.2831869931779,12,,
Car 91,72.0,308702,1,,,done,,done charging,630.1864352079676,,,278.98134534169867
Car 82,65.0,6,11,,,done,,done charging,630.5376617759467,,,379.8242680724837
Car 113,,6,11,,,start_charge,,starting to charge at Charger 11 (fid=6),630.5376617759467,,34.24983657842881,
Car 126,,,,,3,switch,,"Charger 3 (fid=307905) not available, trying Charger 12 (fid=7)",631.3394808692499,12,,
Car 115,,,,,7,switch,,"Charger 7 (fid=2) not available, trying Charger 11 (fid=6)",631.3498436378219,11,,
Car 132,,,,21,,arrived,,arrived,631.6428239428808,,,
Car 125,,,,,2,switch,,"Charger 2 (fid=307904) not available, trying Charger 3 (fid=307905)",631.9299568698532,3,,
Car 131,,,,,14,switch,,"Charger 14 (fid=9) not available, trying Charger 10 (fid=4)",632.0852763690164,10,,
Car 118,,308702,1,,,start_charge,,starting to charge at Charger 1 (fid=308702),632.7489015131536,,25.0,
Car 129,,,,,10,switch,,"Charger 10 (fid=4) not available, trying Charger 5 (fid=5)",633.8587628818044,5,,
Car 123,,,,,13,switch,,"Charger 13 (fid=8) not available, trying Charger 12 (fid=7)",634.8024949999021,12,,
Car 85,111.0,5,5,,,done,,done charging,634.8815333551049,,,288.43385010911777
Car 129,,5,5,,,start_charge,,starting to charge at Charger 5 (fid=5),634.8815333551049,,15.134370424912504,
Car 117,,,,,8,switch,,"Charger 8 (fid=3) not available, trying Charger 11 (fid=6)",634.9024053592306,11,,
Car 130,,,,,4,switch,,"Charger 4 (fid=308108) not available, trying Charger 2 (fid=307904)",634.9616344327693,2,,
Car 103,,,,,10,switch,,"Charger 10 (fid=4) not available, trying Charger 5 (fid=5)",635.1371588888414,5,,
Car 109,,,,,12,switch,,"Charger 12 (fid=7) not available, trying Charger 8 (fid=3)",635.4584015543844,8,,
Car 78,,,,,,gave_up,4,"no alternate charger available, gave up",635.6742629831743,,,
Car 104,,,,,12,switch,,"Charger 12 (fid=7) not available, trying Charger 4 (fid=308108)",636.2076258813959,4,,
Car 132,,,,,0,switch,,"Charger 0 (fid=308440) not available, trying Charger 1 (fid=308702)",636.6428239428808,1,,
Car 120,,,,,6,switch,,"Charger 6 (fid=1) not available, trying Charger 12 (fid=7)",636.8223384020761,12,,
Car 128,,,,,0,switch,,"Charger 0 (fid=308440) not available, trying Charger 12 (fid=7)",636.8375650581216,12,,
Car 125,,,,,3,switch,,"Charger 3 (fid=307905) not available, trying Charger 6 (fid=1)",637.1935830514172,6,,
Car 95,98.0,308108,4,,,done,,done charging,637.2933251236574,,,156.2766231973864
Car 122,,,,,8,switch,,"Charger 8 (fid=3) not available, trying Charger 11 (fid=6)",637.442701557388,11,,
Car 133,,,,29,,arrived,,arrived,637.4881250491486,,,
Car 104,,308108,4,,,start_charge,,starting to charge at Charger 4 (fid=308108),637.8699552168264,,50.0,
Car 121,,,,,11,switch,,"Charger 11 (fid=6) not available, trying Charger 0 (fid=308440)",638.2286185556547,0,,
Car 119,,,,,14,switch,,"Charger 14 (fid=9) not available, trying Charger 6 (fid=1)",638.5051309603662,6,,
Car 127,,,,,13,switch,,"Charger 13 (fid=8) not available, trying Charger 14 (fid=9)",638.8701988114268,14,,
Car 126,,,,,12,switch,,"Charger 12 (fid=7) not available, trying Charger 7 (fid=2)",638.9350101127607,7,,
Car 116,,,,,6,switch,,"Charger 6 (fid=1) not available, trying Charger 14 (fid=9)",638.9507411790571,14,,
Car 124,,,,,13,switch,,"Charger 13 (fid=8) not available, trying Charger 10 (fid=4)",638.9941060921421,10,,
Car 86,112.0,91,9,,,done,,done charging,639.494667969743,,,201.62710014174738
Car 131,,,,,10,switch,,"Charger 10 (fid=4) not available, trying Charger 5 (fid=5)",640.3578576096775,5,,
Car 134,,,,5,,arrived,,arrived,640.3868115263224,,,
Car 115,,,,,11,switch,,"Charger 11 (fid=6) not available, trying Charger 14 (fid=9)",641.015713143966,14,,
Car 103,,,,,5,switch,,"Charger 5 (fid=5) not available, trying Charger 0 (fid=308440)",641.0255589372294,0,,
Car 133,,,,,1,switch,,"Charger 1 (fid=308702) not available, trying Charger 0 (fid=308440)",642.4881250491486,0,,
Car 125,,,,,6,switch,,"Charger 6 (fid=1) not available, trying Charger 12 (fid=7)",643.3997734443586,12,,
Car 130,,,,,2,switch,,"Charger 2 (fid=307904) not available, trying Charger 3 (fid=307905)",643.4677674474007,3,,
Car 120,,,,,12,switch,,"Charger 12 (fid=7) not available, trying Charger 4 (fid=308108)",643.7467772902941,4,,
Car 117,,,,,11,switch,,"Charger 11 (fid=6) not available, trying Charger 0 (fid=308440)",644.6972739953517,0,,
Car 132,,,,,1,switch,,"Charger 1 (fid=308702) not available, trying Charger 11 (fid=6)",644.7532765702792,11,,
Car 127,,,,,14,switch,,"Charger 14 (fid=9) not available, trying Charger 11 (fid=6)",645.2901033346535,11,,
Car 135,,,,55,,arrived,,arrived,645.3352065151319,,,
Car 134,,,,,5,switch,,"Charger 5 (fid=5) not available, trying Charger 10 (fid=4)",645.3868115263224,10,,
Car 126,,,,,7,switch,,"Charger 7 (fid=2) not available, trying Charger 4 (fid=308108)",646.1192305782154,4,,
Car 109,,,,,8,switch,,"Charger 8 (fid=3) not available, trying Charger 9 (fid=91)",646.2321590907906,9,,
Car 131,,,,,5,switch,,"Charger 5 (fid=5) not available, trying Charger 1 (fid=308702)",646.2462576580655,1,,
Car 123,,,,,12,switch,,"Charger 12 (fid=7) not available, trying Charger 6 (fid=1)",646.298614377886,6,,
Car 124,,,,,10,switch,,"Charger 10 (fid=4) not available, trying Charger 5 (fid=5)",646.4594109115145,5,,
Car 101,70.0,308702,1,,,done,,done charging,646.9324638003592,,,270.1505183671852
Car 122,,,,,11,switch,,"Charger 11 (fid=6) not available, trying Charger 0 (fid=308440)",647.2375701935091,0,,
Car 88,86.0,4,10,,,done,,done charging,647.3677643714055,,,485.5355101084336
Car 134,,4,10,,,start_charge,,starting to charge at Charger 10 (fid=4),647.3677643714055,,6.092552796695145,
Car 121,,,,,0,switch,,"Charger 0 (fid=308440) not available, trying Charger 8 (fid=3)",647.3971495445076,8,,
Car 128,,,,,12,switch,,"Charger 12 (fid=7) not available, trying Charger 11 (fid=6)",648.2720834984281,11,,
Car 130,,,,,3,switch,,"Charger 3 (fid=307905) not available, trying Charger 14 (fid=9)",648.7313936289647,14,,
Car 119,,,,,6,switch,,"Charger 6 (fid=1) not available, trying Charger 10 (fid=4)",648.9844426216221,10,,
Car 116,,,,,14,switch,,"Charger 14 (fid=9) not available, trying Charger 12 (fid=7)",649.430052840313,12,,
Car 131,,308702,1,,,start_charge,,starting to charge at Charger 1 (fid=308702),649.8013710154854,,20.0,
Car 84,114.0,7,12,,,done,,done charging,649.8588399580465,,,258.1052302728429
Car 125,,7,12,,,start_charge,,starting to charge at Charger 12 (fid=7),649.8588399580465,,34.53462762546985,
Car 135,,,,,0,switch,,"Charger 0 (fid=308440) not available, trying Charger 1 (fid=308702)",650.3352065151319,1,,
Car 120,,,,,4,switch,,"Charger 4 (fid=308108) not available, trying Charger 2 (fid=307904)",650.4091066257246,2,,
Car 115,,,,,14,switch,,"Charger 14 (fid=9) not available, trying Charger 9 (fid=91)",650.4316461415165,9,,
Car 133,,,,,0,switch,,"Charger 0 (fid=308440) not available, trying Charger 10 (fid=4)",650.598577676547,10,,
Car 103,,,,,0,switch,,"Charger 0 (fid=308440) not available, trying Charger 7 (fid=2)",651.5827422476966,7,,
Car 124,,,,,5,switch,,"Charger 5 (fid=5) not available, trying Charger 6 (fid=1)",652.3478109599025,6,,
Car 126,,,,,4,switch,,"Charger 4 (fid=308108) not available, trying Charger 14 (fid=9)",652.7220149781746,14,,
Car 123,,,,,6,switch,,"Charger 6 (fid=1) not available, trying Charger 4 (fid=308108)",653.223053266104,4,,
Car 109,,91,9,,,start_charge,,starting to charge at Charger 9 (fid=91),653.3495725006891,,45.0,
Car 117,,,,,0,switch,,"Charger 0 (fid=308440) not available, trying Charger 6 (fid=1)",653.8658049842045,6,,
Car 127,,,,,11,switch,,"Charger 11 (fid=6) not available, trying Charger 0 (fid=308440)",654.706036332204,0,,
Car 132,,,,,11,switch,,"Charger 11 (fid=6) not available, trying Charger 2 (fid=307904)",654.9703884114281,2,,
Car 122,,,,,0,switch,,"Charger 0 (fid=308440) not available, trying Charger 1 (fid=308702)",656.4061011823619,1,,
Car 128,,,,,11,switch,,"Charger 11 (fid=6) not available, trying Charger 9 (fid=91)",657.2102800342858,9,,
Car 135,,,,,1,switch,,"Charger 1 (fid=308702) not available, trying Charger 14 (fid=9)",658.4456591425303,14,,
Car 120,,,,,2,switch,,"Charger 2 (fid=307904) not available, trying Charger 3 (fid=307905)",658.9152396403559,3,,
Car 100,110.0,1,6,,,done,,done charging,659.202110655975,,,194.59952929982626
Car 117,,1,6,,,start_charge,,starting to charge at Charger 6 (fid=1),659.202110655975,,40.05725396150001,
Car 121,,,,,8,switch,,"Charger 8 (fid=3) not available, trying Charger 6 (fid=1)",659.2206022121972,6,,
Car 130,,,,,14,switch,,"Charger 14 (fid=9) not available, trying Charger 11 (fid=6)",659.8159597643144,11,,
Car 116,,,,,12,switch,,"Charger 12 (fid=7) not available, trying Charger 8 (fid=3)",660.0447343216447,8,,
Car 98,72.0,6,11,,,done,,done charging,660.7257622458105,,,552.3185169034591
Car 119,,,,,10,switch,,"Charger 10 (fid=4) not available, trying Charger 5 (fid=5)",660.922137837661,5,,
Car 133,,,,,10,switch,,"Charger 10 (fid=4) not available, trying Charger 5 (fid=5)",660.9497634200108,5,,
Car 123,,,,,4,switch,,"Charger 4 (fid=308108) not available, trying Charger 2 (fid=307904)",661.0744327570635,2,,
Car 136,,,,48,,arrived,,arrived,661.4180746579192,,,
Car 115,,,,,9,switch,,"Charger 9 (fid=91) not available, trying Charger 13 (fid=8)",662.8636535759439,13,,
Car 132,,,,,2,switch,,"Charger 2 (fid=307904) not available, trying Charger 3 (fid=307905)",663.2950726498875,3,,
Car 76,69.0,91,9,,,done,,done charging,663.5066284080706,,,462.1662542155075
Car 128,,91,9,,,start_charge,,starting to charge at Charger 9 (fid=91),663.5066284080706,,30.55093558385545,
Car 126,,,,,14,switch,,"Charger 14 (fid=9) not available, trying Charger 0 (fid=308440)",663.5152908347304,0,,
Car 103,,,,,7,switch,,"Charger 7 (fid=2) not available, trying Charger 1 (fid=308702)",663.7592409802222,1,,
Car 127,,,,,0,switch,,"Charger 0 (fid=308440) not available, trying Charger 6 (fid=1)",663.8745673210568,6,,
Car 120,,,,,3,switch,,"Charger 3 (fid=307905) not available, trying Charger 10 (fid=4)",664.17886582192,10,,
Car 130,,6,11,,,start_charge,,starting to charge at Charger 11 (fid=6),664.2318927618649,,30.0,
Car 99,117.0,5,5,,,done,,done charging,664.479711609732,,,269.38664406015556
Car 119,,5,5,,,start_charge,,starting to charge at Charger 5 (fid=5),664.479711609732,,42.669173723683,
Car 124,,,,,6,switch,,"Charger 6 (fid=1) not available, trying Charger 2 (fid=307904)",664.4915037429448,2,,
Car 122,,,,,1,switch,,"Charger 1 (fid=308702) not available, trying Charger 6 (fid=1)",664.5165538097604,6,,
Car 136,,,,,1,switch,,"Charger 1 (fid=308702) not available, trying Charger 5 (fid=5)",666.4180746579192,5,,
Car 137,,,,9,,arrived,,arrived,666.5257015467248,,,
Car 105,94.0,307904,2,,,done,,done charging,666.8108576325506,,,242.2397620738259
Car 123,,307904,2,,,start_charge,,starting to charge at Charger 2 (fid=307904),666.8108576325506,,37.23029186085569,
Car 133,,,,,5,switch,,"Charger 5 (fid=5) not available, trying Charger 13 (fid=8)",666.8381634683988,13,,
Car 135,,,,,14,switch,,"Charger 14 (fid=9) not available, trying Charger 11 (fid=6)",668.3669108778165,11,,
Car 132,,,,,3,switch,,"Charger 3 (fid=307905) not available, trying Charger 14 (fid=9)",668.5586988314516,14,,
Car 89,99.0,9,14,,,done,,done charging,669.8207503336139,,,367.8472186959584
Car 137,,9,14,,,start_charge,,starting to charge at Charger 14 (fid=9),669.8207503336139,,3.295048786889083,
Car 121,,,,,6,switch,,"Charger 6 (fid=1) not available, trying Charger 2 (fid=307904)",670.0545683619175,2,,
Car 124,,,,,2,switch,,"Charger 2 (fid=307904) not available, trying Charger 3 (fid=307905)",670.6813573042654,3,,
Car 116,,,,,8,switch,,"Charger 8 (fid=3) not available, trying Charger 9 (fid=91)",670.8184918580508,9,,
Car 138,,,,83,,arrived,,arrived,671.2823582850788,,,
Car 139,,,,62,,arrived,,arrived,672.5454595531062,,,
Car 126,,,,,0,switch,,"Charger 0 (fid=308440) not available, trying Charger 8 (fid=3)",673.3329049367087,8,,
Car 44,115.0,8,13,,,done,,done charging,673.618344093682,,,549.4390159864697
Car 133,,8,13,,,start_charge,,starting to charge at Charger 13 (fid=8),673.618344093682,,23.844812685663555,
Car 114,89.0,308440,0,,,done,,done charging,673.8576005143619,,,146.3692402028181
Car 127,,,,,6,switch,,"Charger 6 (fid=1) not available, trying Charger 2 (fid=307904)",674.1536190313274,2,,
Car 108,47.0,1,6,,,done,,done charging,674.3376978026738,,,359.9674116844771
Car 122,,1,6,,,start_charge,,starting to charge at Charger 6 (fid=1),674.3376978026738,,42.95721419062863,
Car 136,,,,,5,switch,,"Charger 5 (fid=5) not available, trying Charger 10 (fid=4)",674.9731880153391,10,,
Car 107,96.0,2,7,,,done,,done charging,675.3653758745581,,,350.878085624016
Car 124,,,,,3,switch,,"Charger 3 (fid=307905) not available, trying Charger 1 (fid=308702)",675.9449834858294,1,,
Car 120,,,,,10,switch,,"Charger 10 (fid=4) not available, trying Charger 5 (fid=5)",676.1525119268385,5,,
Car 115,,,,,13,switch,,"Charger 13 (fid=8) not available, trying Charger 10 (fid=4)",676.1770989070235,10,,
Car 121,,,,,2,switch,,"Charger 2 (fid=307904) not available, trying Charger 3 (fid=307905)",676.2444219232381,3,,
Car 138,,,,,2,switch,,"Charger 2 (fid=307904) not available, trying Charger 3 (fid=307905)",676.2823582850788,3,,
Car 73,86.0,308440,0,,,done,,done charging,676.3489497667106,,,604.0623049381891
Car 103,,,,,1,switch,,"Charger 1 (fid=308702) not available, trying Charger 9 (fid=91)",676.9723567999473,9,,
Car 139,,,,,11,switch,,"Charger 11 (fid=6) not available, trying Charger 14 (fid=9)",677.5454595531062,14,,
Car 135,,,,,11,switch,,"Charger 11 (fid=6) not available, trying Charger 10 (fid=4)",677.782843875367,10,,
Car 140,,,,8,,arrived,,arrived,679.3201059832395,,,
Car 132,,,,,14,switch,,"Charger 14 (fid=9) not available, trying Charger 6 (fid=1)",679.6432649668012,6,,
Car 127,,,,,2,switch,,"Charger 2 (fid=307904) not available, trying Charger 3 (fid=307905)",680.3434725926479,3,,
Car 136,,,,,10,switch,,"Charger 10 (fid=4) not available, trying Charger 0 (fid=308440)",680.8615880637271,0,,
Car 121,,,,,3,switch,,"Charger 3 (fid=307905) not available, trying Charger 12 (fid=7)",681.5080481048021,12,,
Car 138,,,,,3,switch,,"Charger 3 (fid=307905) not available, trying Charger 6 (fid=1)",681.5459844666428,6,,
Car 120,,,,,5,switch,,"Charger 5 (fid=5) not available, trying Charger 0 (fid=308440)",682.0409119752265,0,,
Car 116,,,,,9,switch,,"Charger 9 (fid=91) not available, trying Charger 10 (fid=4)",682.9359052679494,10,,
Car 141,,,,83,,arrived,,arrived,683.1934262856882,,,
Car 115,,,,,10,switch,,"Charger 10 (fid=4) not available, trying Charger 0 (fid=308440)",683.6424037263959,0,,
Car 140,,,,,13,switch,,"Charger 13 (fid=8) not available, trying Charger 14 (fid=9)",684.3201059832395,14,,
Car 126,,,,,8,switch,,"Charger 8 (fid=3) not available, trying Charger 9 (fid=91)",685.1563576043983,9,,
Car 142,,,,17,,arrived,,arrived,685.2551207525446,,,
Car 127,,,,,3,switch,,"Charger 3 (fid=307905) not available, trying Charger 12 (fid=7)",685.607098774212,12,,
Car 81,95.0,3,8,,,done,,done charging,686.2093370904931,,,588.8853901563753
Car 136,,308440,0,,,start_charge,,starting to charge at Charger 0 (fid=308440),686.2127738071908,,15.0,
Car 139,,,,,14,switch,,"Charger 14 (fid=9) not available, trying Charger 8 (fid=3)",686.9613925506567,8,,
Car 143,,,,44,,arrived,,arrived,687.2820978027398,,,
Car 124,,,,,1,switch,,"Charger 1 (fid=308702) not available, trying Charger 8 (fid=3)",687.4490996955956,8,,
Car 120,,308440,0,,,start_charge,,starting to charge at Charger 0 (fid=308440),687.5980952856937,,55.0,
Car 138,,,,,6,switch,,"Charger 6 (fid=1) not available, trying Charger 0 (fid=308440)",687.7521748595842,0,,
Car 135,,,,,10,switch,,"Charger 10 (fid=4) not available, trying Charger 2 (fid=307904)",688.1108714152922,2,,
Car 141,,,,,2,switch,,"Charger 2 (fid=307904) not available, trying Charger 3 (fid=307905)",688.1934262856882,3,,
Car 144,,,,47,,arrived,,arrived,688.4262608502167,,,
Car 121,,,,,12,switch,,"Charger 12 (fid=7) not available, trying Charger 4 (fid=308108)",689.1035773483129,4,,
Car 132,,,,,6,switch,,"Charger 6 (fid=1) not available, trying Charger 10 (fid=4)",690.1225766280571,10,,
Car 142,,,,,11,switch,,"Charger 11 (fid=6) not available, trying Charger 2 (fid=307904)",690.2551207525446,2,,
Car 145,,,,14,,arrived,,arrived,690.6069588557206,,,
Car 140,,,,,14,switch,,"Charger 14 (fid=9) not available, trying Charger 10 (fid=4)",690.7400105064662,10,,
Car 139,,3,8,,,start_charge,,starting to charge at Charger 8 (fid=3),691.049145851872,,10.0,
Car 103,,,,,,gave_up,9,"no alternate charger available, gave up",691.1244913764417,,,
Car 112,79.0,9,14,,,done,,done charging,691.2291547155289,,,297.6180868926493
Car 106,108.0,7,12,,,done,,done charging,691.9305261828914,,,181.94556477237418
Car 127,,7,12,,,start_charge,,starting to charge at Charger 12 (fid=7),691.9305261828914,,53.727898165168654,
Car 143,,,,,1,switch,,"Charger 1 (fid=308702) not available, trying Charger 5 (fid=5)",692.2820978027398,5,,
Car 111,88.0,8,13,,,done,,done charging,693.1826952912604,,,303.93019058099566
Car 144,,,,,1,switch,,"Charger 1 (fid=308702) not available, trying Charger 5 (fid=5)",693.4262608502167,5,,
Car 141,,,,,3,switch,,"Charger 3 (fid=307905) not available, trying Charger 6 (fid=1)",693.4570524672523,6,,
Car 115,,,,,0,switch,,"Charger 0 (fid=308440) not available, trying Charger 5 (fid=5)",693.9935894698596,5,,
Car 145,,,,,0,switch,,"Charger 0 (fid=308440) not available, trying Charger 11 (fid=6)",695.6069588557206,11,,
Car 83,109.0,307905,3,,,done,,done charging,695.6802006058768,,,429.47069761682974
Car 121,,,,,4,switch,,"Charger 4 (fid=308108) not available, trying Charger 7 (fid=2)",695.7659066837434,7,,
Car 146,,,,45,,arrived,,arrived,696.338918402041,,,
Car 116,,,,,10,switch,,"Charger 10 (fid=4) not available, trying Charger 7 (fid=2)",697.1764651476664,7,,
Car 126,,,,,9,switch,,"Charger 9 (fid=91) not available, trying Charger 13 (fid=8)",697.2737710142968,13,,
Car 121,,2,7,,,start_charge,,starting to charge at Charger 7 (fid=2),697.3686910837026,,65.0,
Car 138,,,,,0,switch,,"Charger 0 (fid=308440) not available, trying Charger 12 (fid=7)",698.0312265698548,12,,
Car 142,,,,,2,switch,,"Charger 2 (fid=307904) not available, trying Charger 3 (fid=307905)",698.579804991004,3,,
Car 118,66.0,308702,1,,,done,,done charging,698.7489015131536,,,341.6609080558209
Car 142,,307905,3,,,start_charge,,starting to charge at Charger 3 (fid=307905),698.8434311725681,,10.0,
Car 140,,,,,10,switch,,"Charger 10 (fid=4) not available, trying Charger 5 (fid=5)",699.0125917471273,5,,
Car 141,,,,,6,switch,,"Charger 6 (fid=1) not available, trying Charger 0 (fid=308440)",699.6632428601937,0,,
Car 102,71.0,4,10,,,done,,done charging,699.7794692145278,,,366.3472643452463
Car 132,,4,10,,,start_charge,,starting to charge at Charger 10 (fid=4),699.7794692145278,,37.71919737043174,
Car 135,,,,,2,switch,,"Charger 2 (fid=307904) not available, trying Charger 3 (fid=307905)",700.06818068859,3,,
Car 124,,,,,8,switch,,"Charger 8 (fid=3) not available, trying Charger 12 (fid=7)",700.3091694504848,12,,
Car 143,,,,,5,switch,,"Charger 5 (fid=5) not available, trying Charger 0 (fid=308440)",700.8372111601598,0,,
Car 110,117.0,308108,4,,,done,,done charging,700.9269037026017,,,252.25969385824664
Car 146,,,,,11,switch,,"Charger 11 (fid=6) not available, trying Charger 14 (fid=9)",701.338918402041,14,,
Car 144,,,,,5,switch,,"Charger 5 (fid=5) not available, trying Charger 10 (fid=4)",701.9813742076367,10,,
Car 147,,,,79,,arrived,,arrived,702.6953956311164,,,
Car 115,,,,,5,switch,,"Charger 5 (fid=5) not available, trying Charger 1 (fid=308702)",704.5507727803267,1,,
Car 79,100.0,3,8,,,done,,done charging,704.651729594862,,,489.3860946934849
Car 145,,,,,11,switch,,"Charger 11 (fid=6) not available, trying Charger 2 (fid=307904)",704.7754898445734,2,,
Car 140,,,,,5,switch,,"Charger 5 (fid=5) not available, trying Charger 1 (fid=308702)",704.9009917955153,1,,
Car 135,,,,,3,switch,,"Charger 3 (fid=307905) not available, trying Charger 5 (fid=5)",705.3318068701541,5,,
Car 126,,8,13,,,start_charge,,starting to charge at Charger 13 (fid=8),705.5872163453764,,55.0,
Car 146,,9,14,,,start_charge,,starting to charge at Charger 14 (fid=9),705.7548513995915,,5.0,
Car 147,,,,,2,switch,,"Charger 2 (fid=307904) not available, trying Charger 3 (fid=307905)",707.6953956311164,3,,
Car 144,,,,,10,switch,,"Charger 10 (fid=4) not available, trying Charger 0 (fid=308440)",707.8697742560247,0,,
Car 115,,308702,1,,,start_charge,,starting to charge at Charger 1 (fid=308702),708.1058861377467,,70.0,
Car 148,,,,21,,arrived,,arrived,709.0223801026732,,,
Car 117,50.0,1,6,,,done,,done charging,709.202110655975,,,529.8504381737437
Car 138,,,,,12,switch,,"Charger 12 (fid=7) not available, trying Charger 11 (fid=6)",709.4657450101612,11,,
Car 141,,,,,0,switch,,"Charger 0 (fid=308440) not available, trying Charger 12 (fid=7)",709.9422945704642,12,,
Car 116,,,,,7,switch,,"Charger 7 (fid=2) not available, trying Charger 5 (fid=5)",710.4633463811457,5,,
Car 124,,,,,12,switch,,"Charger 12 (fid=7) not available, trying Charger 7 (fid=2)",711.0829269868909,7,,
Car 143,,,,,0,switch,,"Charger 0 (fid=308440) not available, trying Charger 10 (fid=4)",711.3943944706269,10,,
Car 147,,,,,3,switch,,"Charger 3 (fid=307905) not available, trying Charger 0 (fid=308440)",712.9590218126805,0,,
Car 145,,,,,2,switch,,"Charger 2 (fid=307904) not available, trying Charger 3 (fid=307905)",713.1001740830328,3,,
Car 140,,,,,1,switch,,"Charger 1 (fid=308702) not available, trying Charger 8 (fid=3)",713.4561051529353,8,,
Car 149,,,,57,,arrived,,arrived,713.9891100213612,,,
Car 148,,,,,2,switch,,"Charger 2 (fid=307904) not available, trying Charger 3 (fid=307905)",714.0223801026732,3,,
Car 87,95.0,2,7,,,done,,done charging,716.6207719373629,,,571.8303651264092
Car 124,,2,7,,,start_charge,,starting to charge at Charger 7 (fid=2),716.6207719373629,,63.353624485017235,
Car 135,,,,,5,switch,,"Charger 5 (fid=5) not available, trying Charger 13 (fid=8)",717.511450542076,13,,
Car 144,,,,,0,switch,,"Charger 0 (fid=308440) not available, trying Charger 13 (fid=8)",718.2209599994884,13,,
Car 145,,,,,3,switch,,"Charger 3 (fid=307905) not available, trying Charger 14 (fid=9)",718.3638002645969,14,,
Car 138,,,,,11,switch,,"Charger 11 (fid=6) not available, trying Charger 9 (fid=91)",718.4039415460189,9,,
Car 149,,,,,0,switch,,"Charger 0 (fid=308440) not available, trying Charger 1 (fid=308702)",718.9891100213612,1,,
Car 148,,,,,3,switch,,"Charger 3 (fid=307905) not available, trying Charger 6 (fid=1)",719.2860062842373,6,,
Car 148,,1,6,,,start_charge,,starting to charge at Charger 6 (fid=1),720.4921966771786,,10.0,
Car 150,,,,35,,arrived,,arrived,721.0718712496678,,,
Car 151,,,,65,,arrived,,arrived,721.2490865105573,,,
Car 140,,3,8,,,start_charge,,starting to charge at Charger 8 (fid=3),721.3161749078245,,25.0,
Car 141,,,,,12,switch,,"Charger 12 (fid=7) not available, trying Charger 11 (fid=6)",721.3768130107707,11,,
Car 143,,,,,10,switch,,"Charger 10 (fid=4) not available, trying Charger 13 (fid=8)",721.7455802140906,13,,
Car 147,,,,,0,switch,,"Charger 0 (fid=308440) not available, trying Charger 6 (fid=1)",722.3118461431945,6,,
Car 129,88.0,5,5,,,done,,done charging,722.8815333551049,,,304.33146106179476
Car 116,,5,5,,,start_charge,,starting to charge at Charger 5 (fid=5),722.8815333551049,,63.92530817347654,
Car 152,,,,4,,arrived,,arrived,723.5271069723894,,,
Car 113,93.0,6,11,,,done,,done charging,723.5376617759467,,,558.4436808575455
Car 152,,6,11,,,start_charge,,starting to charge at Charger 11 (fid=6),723.5376617759467,,0.010554803557283776,
Car 135,,,,,13,switch,,"Charger 13 (fid=8) not available, trying Charger 6 (fid=1)",725.4468184816957,6,,
Car 150,,,,,0,switch,,"Charger 0 (fid=308440) not available, trying Charger 11 (fid=6)",726.0718712496678,11,,
Car 151,,,,,10,switch,,"Charger 10 (fid=4) not available, trying Charger 13 (fid=8)",726.2490865105573,13,,
Car 128,63.0,91,9,,,done,,done charging,726.5066284080706,,,515.7263627275458
Car 138,,91,9,,,start_charge,,starting to charge at Charger 9 (fid=91),726.5066284080706,,32.35727407212232,
Car 149,,,,,1,switch,,"Charger 1 (fid=308702) not available, trying Charger 14 (fid=9)",727.0995626487596,14,,
Car 133,55.0,8,13,,,done,,done charging,728.618344093682,,,473.3354974589741
Car 144,,8,13,,,start_charge,,starting to charge at Charger 13 (fid=8),728.618344093682,,24.807747813431092,
Car 153,,,,73,,arrived,,arrived,728.7877044239608,,,
Car 143,,,,,13,switch,,"Charger 13 (fid=8) not available, trying Charger 14 (fid=9)",729.210885033463,14,,
Car 145,,,,,14,switch,,"Charger 14 (fid=9) not available, trying Charger 1 (fid=308702)",729.4483663999465,1,,
Car 154,,,,47,,arrived,,arrived,729.6136555577823,,,
Car 141,,,,,11,switch,,"Charger 11 (fid=6) not available, trying Charger 9 (fid=91)",730.3150095466284,9,,
Car 147,,,,,6,switch,,"Charger 6 (fid=1) not available, trying Charger 11 (fid=6)",732.5908978534651,11,,
Car 155,,,,40,,arrived,,arrived,733.2359848813605,,,
Car 156,,,,22,,arrived,,arrived,733.3917468148003,,,
Car 151,,,,,13,switch,,"Charger 13 (fid=8) not available, trying Charger 5 (fid=5)",733.7143913299296,5,,
Car 153,,,,,14,switch,,"Charger 14 (fid=9) not available, trying Charger 10 (fid=4)",733.7877044239608,10,,
Car 154,,,,,1,switch,,"Charger 1 (fid=308702) not available, trying Charger 5 (fid=5)",734.6136555577823,5,,
Car 150,,,,,11,switch,,"Charger 11 (fid=6) not available, trying Charger 2 (fid=307904)",735.2404022385206,2,,
Car 143,,,,,14,switch,,"Charger 14 (fid=9) not available, trying Charger 11 (fid=6)",735.6307895566897,11,,
Car 135,,,,,6,switch,,"Charger 6 (fid=1) not available, trying Charger 12 (fid=7)",736.8075680396038,12,,
Car 149,,,,,14,switch,,"Charger 14 (fid=9) not available, trying Charger 11 (fid=6)",737.0208143840458,11,,
Car 139,46.0,3,8,,,done,,done charging,737.049145851872,,,228.93059149510836
Car 155,,3,8,,,start_charge,,starting to charge at Charger 8 (fid=3),737.049145851872,,3.8131609705114897,
Car 157,,,,9,,arrived,,arrived,737.9163569773808,,,
Car 134,91.0,4,10,,,done,,done charging,738.3677643714055,,,74.00372403072136
Car 153,,4,10,,,start_charge,,starting to charge at Charger 10 (fid=4),738.3677643714055,,6.307478706783627,
Car 156,,,,,1,switch,,"Charger 1 (fid=308702) not available, trying Charger 0 (fid=308440)",738.3917468148003,0,,
Car 158,,,,77,,arrived,,arrived,739.2747485607075,,,
Car 109,86.0,91,9,,,done,,done charging,739.3495725006891,,,460.69590199400494
Car 141,,91,9,,,start_charge,,starting to charge at Charger 9 (fid=91),739.3495725006891,,33.28915016413134,
Car 145,,,,,1,switch,,"Charger 1 (fid=308702) not available, trying Charger 6 (fid=1)",739.3696181352327,6,,
Car 147,,,,,11,switch,,"Charger 11 (fid=6) not available, trying Charger 12 (fid=7)",740.9075813421688,12,,
Car 151,,,,,5,switch,,"Charger 5 (fid=5) not available, trying Charger 14 (fid=9)",741.6497592695493,14,,
Car 123,75.0,307904,2,,,done,,done charging,741.8108576325506,,,537.0488396935408
Car 150,,307904,2,,,start_charge,,starting to charge at Charger 2 (fid=307904),741.8108576325506,,13.245771155570537,
Car 131,93.0,308702,1,,,done,,done charging,742.8013710154854,,,403.9345218681997
Car 157,,,,,14,switch,,"Charger 14 (fid=9) not available, trying Charger 13 (fid=8)",742.9163569773808,13,,
Car 154,,,,,5,switch,,"Charger 5 (fid=5) not available, trying Charger 10 (fid=4)",743.1687689152022,10,,
Car 159,,,,3,,arrived,,arrived,743.693880591498,,,
Car 135,,,,,12,switch,,"Charger 12 (fid=7) not available, trying Charger 8 (fid=3)",743.7320069278218,8,,
Car 158,,,,,6,switch,,"Charger 6 (fid=1) not available, trying Charger 12 (fid=7)",744.2747485607075,12,,
Car 143,,,,,11,switch,,"Charger 11 (fid=6) not available, trying Charger 2 (fid=307904)",745.0467225542402,2,,
Car 136,59.0,308440,0,,,done,,done charging,745.2127738071908,,,358.532008722622
Car 156,,308440,0,,,start_charge,,starting to charge at Charger 0 (fid=308440),745.2127738071908,,8.710574364992112,
Car 104,108.0,308108,4,,,done,,done charging,745.8699552168264,,,482.57987885109924
Car 127,54.0,7,12,,,done,,done charging,745.9305261828914,,,592.2031580783255
Car 147,,7,12,,,start_charge,,starting to charge at Charger 12 (fid=7),745.9305261828914,,26.08474830486489,
Car 149,,,,,11,switch,,"Charger 11 (fid=6) not available, trying Charger 10 (fid=4)",746.4367473815963,10,,
Car 159,,,,,8,switch,,"Charger 8 (fid=3) not available, trying Charger 14 (fid=9)",748.693880591498,14,,
Car 142,50.0,307905,3,,,done,,done charging,748.8434311725681,,,197.06681664329756
Car 154,,,,,10,switch,,"Charger 10 (fid=4) not available, trying Charger 0 (fid=308440)",749.0571689635902,0,,
Car 157,,,,,13,switch,,"Charger 13 (fid=8) not available, trying Charger 10 (fid=4)",749.3362615006075,10,,
Car 137,80.0,9,14,,,done,,done charging,749.8207503336139,,,44.85426999366072
Car 151,,9,14,,,start_charge,,starting to charge at Charger 14 (fid=9),749.8207503336139,,19.51755215575963,
Car 160,,,,66,,arrived,,arrived,750.9959710169636,,,
Car 158,,,,,12,switch,,"Charger 12 (fid=7) not available, trying Charger 4 (fid=308108)",751.1991874489255,4,,
Car 145,,,,,6,switch,,"Charger 6 (fid=1) not available, trying Charger 10 (fid=4)",751.2335479375175,10,,
Car 161,,,,16,,arrived,,arrived,752.6821298147343,,,
Car 158,,308108,4,,,start_charge,,starting to charge at Charger 4 (fid=308108),752.861516784356,,10.0,
Car 143,,,,,2,switch,,"Charger 2 (fid=307904) not available, trying Charger 3 (fid=307905)",753.3714067926996,3,,
Car 143,,307905,3,,,start_charge,,starting to charge at Charger 3 (fid=307905),753.6350329742637,,40.0,
Car 135,,,,,8,switch,,"Charger 8 (fid=3) not available, trying Charger 7 (fid=2)",754.5057644642279,7,,
Car 162,,,,34,,arrived,,arrived,754.5507577672834,,,
Car 160,,,,,14,switch,,"Charger 14 (fid=9) not available, trying Charger 8 (fid=3)",755.9959710169636,8,,
Car 149,,,,,10,switch,,"Charger 10 (fid=4) not available, trying Charger 2 (fid=307904)",756.7647749215215,2,,
Car 157,,,,,10,switch,,"Charger 10 (fid=4) not available, trying Charger 5 (fid=5)",756.8015663199799,5,,
Car 161,,,,,0,switch,,"Charger 0 (fid=308440) not available, trying Charger 11 (fid=6)",757.6821298147343,11,,
Car 159,,,,,14,switch,,"Charger 14 (fid=9) not available, trying Charger 11 (fid=6)",757.7816338927133,11,,
Car 163,,,,37,,arrived,,arrived,757.8568716762808,,,
Car 164,,,,8,,arrived,,arrived,758.9103850859553,,,
Car 154,,,,,0,switch,,"Charger 0 (fid=308440) not available, trying Charger 13 (fid=8)",759.408354707054,13,,
Car 162,,,,,0,switch,,"Charger 0 (fid=308440) not available, trying Charger 11 (fid=6)",759.5507577672834,11,,
Car 165,,,,8,,arrived,,arrived,760.6905477166168,,,
Car 166,,,,63,,arrived,,arrived,762.2763376711201,,,
Car 122,88.0,1,6,,,done,,done charging,762.3376978026738,,,456.4266613826154
Car 157,,,,,5,switch,,"Charger 5 (fid=5) not available, trying Charger 8 (fid=3)",762.6899663683679,8,,
Car 163,,,,,10,switch,,"Charger 10 (fid=4) not available, trying Charger 5 (fid=5)",762.8568716762808,5,,
Car 167,,,,40,,arrived,,arrived,763.1301283657074,,,
Car 145,,,,,10,switch,,"Charger 10 (fid=4) not available, trying Charger 5 (fid=5)",763.1712431535565,5,,
Car 146,58.0,9,14,,,done,,done charging,763.7548513995915,,,230.5064137898674
Car 164,,,,,13,switch,,"Charger 13 (fid=8) not available, trying Charger 14 (fid=9)",763.9103850859553,14,,
Car 125,115.0,7,12,,,done,,done charging,764.8588399580465,,,238.44842376683897
Car 160,,,,,8,switch,,"Charger 8 (fid=3) not available, trying Charger 13 (fid=8)",765.083724318179,13,,
Car 164,,9,14,,,start_charge,,starting to charge at Charger 14 (fid=9),765.330289609182,,5.0,
Car 165,,,,,13,switch,,"Charger 13 (fid=8) not available, trying Charger 14 (fid=9)",765.6905477166168,14,,
Car 135,,,,,7,switch,,"Charger 7 (fid=2) not available, trying Charger 4 (fid=308108)",766.0155505910047,4,,
Car 161,,,,,11,switch,,"Charger 11 (fid=6) not available, trying Charger 14 (fid=9)",766.8506608035871,14,,
Car 159,,,,,11,switch,,"Charger 11 (fid=6) not available, trying Charger 13 (fid=8)",767.1975668902638,13,,
Car 166,,,,,10,switch,,"Charger 10 (fid=4) not available, trying Charger 5 (fid=5)",767.2763376711201,5,,
Car 140,46.0,3,8,,,done,,done charging,767.3161749078245,,,413.93362678236656
Car 167,,3,8,,,start_charge,,starting to charge at Charger 8 (fid=3),767.3161749078245,,4.186046542117083,
Car 135,,308108,4,,,start_charge,,starting to charge at Charger 4 (fid=308108),767.618334990964,,65.0,
Car 168,,,,4,,arrived,,arrived,767.868651462369,,,
Car 162,,,,,11,switch,,"Charger 11 (fid=6) not available, trying Charger 2 (fid=307904)",768.7192887561362,2,,
Car 149,,,,,2,switch,,"Charger 2 (fid=307904) not available, trying Charger 3 (fid=307905)",768.7220841948193,3,,
Car 163,,,,,5,switch,,"Charger 5 (fid=5) not available, trying Charger 14 (fid=9)",768.7452717246688,14,,
Car 145,,,,,5,switch,,"Charger 5 (fid=5) not available, trying Charger 13 (fid=8)",769.0596432019445,13,,
Car 154,,,,,13,switch,,"Charger 13 (fid=8) not available, trying Charger 14 (fid=9)",769.9979909878165,14,,
Car 165,,,,,14,switch,,"Charger 14 (fid=9) not available, trying Charger 10 (fid=4)",772.1104522398435,10,,
Car 168,,,,,11,switch,,"Charger 11 (fid=6) not available, trying Charger 6 (fid=1)",772.868651462369,6,,
Car 166,,,,,5,switch,,"Charger 5 (fid=5) not available, trying Charger 13 (fid=8)",773.1647377195081,13,,
Car 152,50.0,6,11,,,done,,done charging,773.5376617759467,,,155.83829843806083
Car 149,,,,,3,switch,,"Charger 3 (fid=307905) not available, trying Charger 5 (fid=5)",773.9857103763834,5,,
Car 121,77.0,2,7,,,done,,done charging,774.3686910837026,,,603.2638372335073
Car 157,,,,,8,switch,,"Charger 8 (fid=3) not available, trying Charger 11 (fid=6)",774.48546003928,11,,
Car 120,87.0,308440,0,,,done,,done charging,774.5980952856937,,,502.18772950450085
Car 160,,,,,13,switch,,"Charger 13 (fid=8) not available, trying Charger 11 (fid=6)",775.0529155160465,11,,
Car 168,,1,6,,,start_charge,,starting to charge at Charger 6 (fid=1),776.1853349510727,,5.0,
Car 161,,,,,14,switch,,"Charger 14 (fid=9) not available, trying Charger 1 (fid=308702)",776.2665938011376,1,,
Car 154,,,,,14,switch,,"Charger 14 (fid=9) not available, trying Charger 11 (fid=6)",776.4178955110432,11,,
Car 138,50.0,91,9,,,done,,done charging,776.5066284080706,,,515.7263627275458
Car 145,,,,,13,switch,,"Charger 13 (fid=8) not available, trying Charger 12 (fid=7)",776.9950111415642,12,,
Car 162,,,,,2,switch,,"Charger 2 (fid=307904) not available, trying Charger 3 (fid=307905)",777.0439729945956,3,,
Car 163,,,,,14,switch,,"Charger 14 (fid=9) not available, trying Charger 13 (fid=8)",777.3987106329737,13,,
Car 119,113.0,5,5,,,done,,done charging,777.479711609732,,,470.6971123226507
Car 159,,,,,13,switch,,"Charger 13 (fid=8) not available, trying Charger 12 (fid=7)",777.4949377844665,12,,
Car 169,,,,36,,arrived,,arrived,778.0741986090534,,,
Car 169,,308440,0,,,start_charge,,starting to charge at Charger 0 (fid=308440),778.0741986090534,,0.0,
Car 170,,,,5,,arrived,,arrived,778.535671069073,,,
Car 170,,5,5,,,start_charge,,starting to charge at Charger 5 (fid=5),778.535671069073,,0.0,
Car 157,,6,11,,,start_charge,,starting to charge at Charger 11 (fid=6),779.2803286754012,,25.0,
Car 165,,,,,10,switch,,"Charger 10 (fid=4) not available, trying Charger 5 (fid=5)",780.3830334805047,5,,
Car 171,,,,26,,arrived,,arrived,780.5088157478201,,,
Car 166,,,,,13,switch,,"Charger 13 (fid=8) not available, trying Charger 14 (fid=9)",781.1001056591278,14,,
Car 161,,308702,1,,,start_charge,,starting to charge at Charger 1 (fid=308702),781.1878455364238,,15.0,
Car 172,,,,56,,arrived,,arrived,782.2749918359149,,,
Car 162,,,,,3,switch,,"Charger 3 (fid=307905) not available, trying Charger 6 (fid=1)",782.3075991761597,6,,
Car 145,,7,12,,,start_charge,,starting to charge at Charger 12 (fid=7),783.491130519548,,50.0,
Car 163,,,,,13,switch,,"Charger 13 (fid=8) not available, trying Charger 1 (fid=308702)",783.8186151562004,1,,
Car 130,120.0,6,11,,,done,,done charging,784.2318927618649,,,314.34000326158736
Car 160,,6,11,,,start_charge,,starting to charge at Charger 11 (fid=6),784.2318927618649,,18.881606351615687,
Car 171,,,,,0,switch,,"Charger 0 (fid=308440) not available, trying Charger 11 (fid=6)",785.5088157478201,11,,
Car 154,,,,,11,switch,,"Charger 11 (fid=6) not available, trying Charger 2 (fid=307904)",785.8338285085937,2,,
Car 149,,,,,5,switch,,"Charger 5 (fid=5) not available, trying Charger 13 (fid=8)",786.1653540483053,13,,
Car 165,,,,,5,switch,,"Charger 5 (fid=5) not available, trying Charger 1 (fid=308702)",786.2714335288927,1,,
Car 172,,,,,0,switch,,"Charger 0 (fid=308440) not available, trying Charger 1 (fid=308702)",787.2749918359149,1,,
Car 166,,,,,14,switch,,"Charger 14 (fid=9) not available, trying Charger 1 (fid=308702)",787.5200101823546,1,,
Car 144,59.0,8,13,,,done,,done charging,787.618344093682,,,456.60016469624804
Car 162,,,,,6,switch,,"Charger 6 (fid=1) not available, trying Charger 1 (fid=308702)",788.513789569101,1,,
Car 159,,,,,12,switch,,"Charger 12 (fid=7) not available, trying Charger 6 (fid=1)",788.9910571624504,6,,
Car 149,,8,13,,,start_charge,,starting to charge at Charger 13 (fid=8),789.100721987925,,40.0,
Car 173,,,,79,,arrived,,arrived,790.2910257106631,,,
Car 126,86.0,8,13,,,done,,done charging,791.5872163453764,,,426.2490017805519
Car 163,,,,,1,switch,,"Charger 1 (fid=308702) not available, trying Charger 11 (fid=6)",793.6677690801884,11,,
Car 154,,,,,2,switch,,"Charger 2 (fid=307904) not available, trying Charger 3 (fid=307905)",794.1585127470531,3,,
Car 171,,,,,11,switch,,"Charger 11 (fid=6) not available, trying Charger 2 (fid=307904)",794.6773467366729,2,,
Car 165,,,,,1,switch,,"Charger 1 (fid=308702) not available, trying Charger 8 (fid=3)",794.8265468863126,8,,
Car 174,,,,25,,arrived,,arrived,795.1414861367901,,,
Car 173,,,,,2,switch,,"Charger 2 (fid=307904) not available, trying Charger 3 (fid=307905)",795.2910257106631,3,,
Car 172,,,,,1,switch,,"Charger 1 (fid=308702) not available, trying Charger 14 (fid=9)",795.3854444633133,14,,
Car 159,,,,,6,switch,,"Charger 6 (fid=1) not available, trying Charger 4 (fid=308108)",795.9154960506684,4,,
Car 166,,,,,1,switch,,"Charger 1 (fid=308702) not available, trying Charger 11 (fid=6)",797.4412619176408,11,,
Car 156,53.0,308440,0,,,done,,done charging,798.2127738071908,,,146.3692402028181
Car 174,,308440,0,,,start_charge,,starting to charge at Charger 0 (fid=308440),798.2127738071908,,3.071287670400693,
Car 141,59.0,91,9,,,done,,done charging,798.3495725006891,,,515.7263627275458
Car 175,,,,79,,arrived,,arrived,798.3831972199947,,,
Car 176,,,,7,,arrived,,arrived,798.621817641188,,,
Car 154,,,,,3,switch,,"Charger 3 (fid=307905) not available, trying Charger 6 (fid=1)",799.4221389286172,6,,
Car 162,,,,,1,switch,,"Charger 1 (fid=308702) not available, trying Charger 14 (fid=9)",800.3777193713859,14,,
Car 173,,,,,3,switch,,"Charger 3 (fid=307905) not available, trying Charger 0 (fid=308440)",800.5546518922272,0,,
Car 177,,,,3,,arrived,,arrived,800.8158530737574,,,
Car 178,,,,3,,arrived,,arrived,802.6781300606165,,,
Car 171,,,,,2,switch,,"Charger 2 (fid=307904) not available, trying Charger 3 (fid=307905)",803.0020309751324,3,,
Car 175,,,,,2,switch,,"Charger 2 (fid=307904) not available, trying Charger 3 (fid=307905)",803.3831972199947,3,,
Car 176,,,,,12,switch,,"Charger 12 (fid=7) not available, trying Charger 4 (fid=308108)",803.621817641188,4,,
Car 159,,,,,4,switch,,"Charger 4 (fid=308108) not available, trying Charger 2 (fid=307904)",803.7668755416279,2,,
Car 163,,,,,11,switch,,"Charger 11 (fid=6) not available, trying Charger 0 (fid=308440)",803.8848809213372,0,,
Car 179,,,,32,,arrived,,arrived,804.9703357659015,,,
Car 172,,,,,14,switch,,"Charger 14 (fid=9) not available, trying Charger 11 (fid=6)",805.3066961985995,11,,
Car 154,,,,,6,switch,,"Charger 6 (fid=1) not available, trying Charger 12 (fid=7)",805.6283293215586,12,,
Car 177,,,,,8,switch,,"Charger 8 (fid=3) not available, trying Charger 14 (fid=9)",805.8158530737574,14,,
Car 166,,,,,11,switch,,"Charger 11 (fid=6) not available, trying Charger 0 (fid=308440)",807.6583737587896,0,,
Car 178,,,,,2,switch,,"Charger 2 (fid=307904) not available, trying Charger 3 (fid=307905)",807.6781300606165,3,,
Car 165,,,,,8,switch,,"Charger 8 (fid=3) not available, trying Charger 11 (fid=6)",807.6866166412018,11,,
Car 171,,,,,3,switch,,"Charger 3 (fid=307905) not available, trying Charger 1 (fid=308702)",808.2656571566964,1,,
Car 175,,,,,3,switch,,"Charger 3 (fid=307905) not available, trying Charger 0 (fid=308440)",808.6468234015588,0,,
Car 173,,,,,0,switch,,"Charger 0 (fid=308440) not available, trying Charger 6 (fid=1)",809.9074762227413,6,,
Car 179,,,,,0,switch,,"Charger 0 (fid=308440) not available, trying Charger 11 (fid=6)",809.9703357659015,11,,
Car 176,,,,,4,switch,,"Charger 4 (fid=308108) not available, trying Charger 6 (fid=1)",810.2841469766186,6,,
Car 162,,,,,14,switch,,"Charger 14 (fid=9) not available, trying Charger 10 (fid=4)",810.2989711066721,10,,
Car 180,,,,52,,arrived,,arrived,810.5324247646735,,,
Car 159,,,,,2,switch,,"Charger 2 (fid=307904) not available, trying Charger 3 (fid=307905)",812.2730085562592,3,,
Car 154,,,,,12,switch,,"Charger 12 (fid=7) not available, trying Charger 8 (fid=3)",812.5527682097766,8,,
Car 178,,,,,3,switch,,"Charger 3 (fid=307905) not available, trying Charger 6 (fid=1)",812.9417562421805,6,,
Car 163,,,,,0,switch,,"Charger 0 (fid=308440) not available, trying Charger 8 (fid=3)",813.05341191019,8,,
Car 181,,,,8,,arrived,,arrived,814.2168342147108,,,
Car 181,,8,13,,,start_charge,,starting to charge at Charger 13 (fid=8),814.2168342147108,,0.0,
Car 172,,,,,11,switch,,"Charger 11 (fid=6) not available, trying Charger 2 (fid=307904)",814.72262919615,2,,
Car 132,115.0,4,10,,,done,,done charging,814.7794692145278,,,458.58103075867405
Car 162,,4,10,,,start_charge,,starting to charge at Charger 10 (fid=4),814.7794692145278,,36.207916867194626,
Car 177,,,,,14,switch,,"Charger 14 (fid=9) not available, trying Charger 11 (fid=6)",814.9036063749727,11,,
Car 180,,,,,6,switch,,"Charger 6 (fid=1) not available, trying Charger 12 (fid=7)",815.5324247646735,12,,
Car 166,,,,,0,switch,,"Charger 0 (fid=308440) not available, trying Charger 8 (fid=3)",816.8269047476424,8,,
Car 165,,,,,11,switch,,"Charger 11 (fid=6) not available, trying Charger 0 (fid=308440)",817.4814852773229,0,,
Car 159,,,,,3,switch,,"Charger 3 (fid=307905) not available, trying Charger 7 (fid=2)",817.5366347378233,7,,
Car 175,,,,,0,switch,,"Charger 0 (fid=308440) not available, trying Charger 6 (fid=1)",817.9996477320728,6,,
Car 176,,,,,6,switch,,"Charger 6 (fid=1) not available, trying Charger 7 (fid=2)",818.1355264675781,7,,
Car 179,,,,,11,switch,,"Charger 11 (fid=6) not available, trying Charger 2 (fid=307904)",819.1388667547543,2,,
Car 178,,,,,6,switch,,"Charger 6 (fid=1) not available, trying Charger 0 (fid=308440)",819.1479466351219,0,,
Car 171,,,,,1,switch,,"Charger 1 (fid=308702) not available, trying Charger 6 (fid=1)",819.7697733664626,6,,
Car 173,,,,,6,switch,,"Charger 6 (fid=1) not available, trying Charger 11 (fid=6)",820.1865279330118,11,,
Car 153,82.0,4,10,,,done,,done charging,820.3677643714055,,,188.180824154968
Car 176,,2,7,,,start_charge,,starting to charge at Charger 7 (fid=2),820.7758777679354,,15.0,
Car 151,71.0,9,14,,,done,,done charging,820.8207503336139,,,195.0691119967155
Car 115,113.0,308702,1,,,done,,done charging,821.1058861377467,,,627.6925170897977
Car 155,85.0,3,8,,,done,,done charging,822.049145851872,,,258.39588322360373
Car 154,,3,8,,,start_charge,,starting to charge at Charger 8 (fid=3),822.049145851872,,58.722620105689316,
Car 182,,,,8,,arrived,,arrived,822.2413885398042,,,
Car 180,,,,,12,switch,,"Charger 12 (fid=7) not available, trying Charger 2 (fid=307904)",822.4568636528915,2,,
Car 172,,,,,2,switch,,"Charger 2 (fid=307904) not available, trying Charger 3 (fid=307905)",823.0473134346095,3,,
Car 124,107.0,2,7,,,done,,done charging,823.6207719373629,,,425.3981891131527
Car 159,,2,7,,,start_charge,,starting to charge at Charger 7 (fid=2),823.6207719373629,,47.77269554388954,
Car 177,,,,,11,switch,,"Charger 11 (fid=6) not available, trying Charger 13 (fid=8)",824.3195393725232,13,,
Car 183,,,,16,,arrived,,arrived,824.6305271200273,,,
Car 158,72.0,308108,4,,,done,,done charging,824.861516784356,,,252.25969385824664
Car 163,,,,,8,switch,,"Charger 8 (fid=3) not available, trying Charger 6 (fid=1)",824.8768645778796,6,,
Car 165,,,,,0,switch,,"Charger 0 (fid=308440) not available, trying Charger 6 (fid=1)",826.6500162661757,6,,
Car 182,,,,,13,switch,,"Charger 13 (fid=8) not available, trying Charger 14 (fid=9)",827.2413885398042,14,,
Car 179,,,,,2,switch,,"Charger 2 (fid=307904) not available, trying Charger 3 (fid=307905)",827.4635509932137,3,,
Car 175,,,,,6,switch,,"Charger 6 (fid=1) not available, trying Charger 11 (fid=6)",828.2786994423434,11,,
Car 172,,,,,3,switch,,"Charger 3 (fid=307905) not available, trying Charger 10 (fid=4)",828.3109396161735,10,,
Car 173,,,,,11,switch,,"Charger 11 (fid=6) not available, trying Charger 12 (fid=7)",828.5032114217155,12,,
Car 166,,,,,8,switch,,"Charger 8 (fid=3) not available, trying Charger 6 (fid=1)",828.650357415332,6,,
Car 182,,9,14,,,start_charge,,starting to charge at Charger 14 (fid=9),828.6612930630309,,5.0,
Car 184,,,,116,,arrived,,arrived,829.1648466367678,,,
Car 178,,,,,0,switch,,"Charger 0 (fid=308440) not available, trying Charger 12 (fid=7)",829.4269983453925,12,,
Car 183,,,,,0,switch,,"Charger 0 (fid=308440) not available, trying Charger 11 (fid=6)",829.6305271200273,11,,
Car 180,,,,,2,switch,,"Charger 2 (fid=307904) not available, trying Charger 3 (fid=307905)",830.0360560647814,3,,
Car 185,,,,34,,arrived,,arrived,831.5108643813935,,,
Car 171,,,,,6,switch,,"Charger 6 (fid=1) not available, trying Charger 14 (fid=9)",831.6337031687474,14,,
Car 186,,,,85,,arrived,,arrived,832.0668638660997,,,
Car 186,,91,9,,,start_charge,,starting to charge at Charger 9 (fid=91),832.0668638660997,,0.0,
Car 187,,,,10,,arrived,,arrived,832.5320546541095,,,
Car 188,,,,11,,arrived,,arrived,832.7230738925308,,,
Car 179,,,,,3,switch,,"Charger 3 (fid=307905) not available, trying Charger 1 (fid=308702)",832.7271771747778,1,,
Car 184,,,,,0,switch,,"Charger 0 (fid=308440) not available, trying Charger 11 (fid=6)",834.1648466367678,11,,
Car 148,114.0,1,6,,,done,,done charging,834.4921966771786,,,252.69154114534874
Car 163,,1,6,,,start_charge,,starting to charge at Charger 6 (fid=1),834.4921966771786,,43.781365949578685,
Car 177,,,,,13,switch,,"Charger 13 (fid=8) not available, trying Charger 12 (fid=7)",834.6169102667259,12,,
Car 172,,4,10,,,start_charge,,starting to charge at Charger 10 (fid=4),835.2845857210921,,30.0,
Car 180,,,,,3,switch,,"Charger 3 (fid=307905) not available, trying Charger 7 (fid=2)",835.2996822463455,7,,
Car 116,113.0,5,5,,,done,,done charging,835.8815333551049,,,546.7356835608567
Car 189,,,,77,,arrived,,arrived,836.357305928117,,,
Car 185,,,,,0,switch,,"Charger 0 (fid=308440) not available, trying Charger 11 (fid=6)",836.5108643813935,11,,
Car 175,,,,,11,switch,,"Charger 11 (fid=6) not available, trying Charger 12 (fid=7)",836.5953829310471,12,,
Car 165,,,,,6,switch,,"Charger 6 (fid=1) not available, trying Charger 12 (fid=7)",836.9290679764463,12,,
Car 173,,,,,12,switch,,"Charger 12 (fid=7) not available, trying Charger 9 (fid=91)",837.4414079575732,9,,
Car 187,,,,,13,switch,,"Charger 13 (fid=8) not available, trying Charger 14 (fid=9)",837.5320546541095,14,,
Car 188,,,,,11,switch,,"Charger 11 (fid=6) not available, trying Charger 14 (fid=9)",837.7230738925308,14,,
Car 190,,,,86,,arrived,,arrived,837.7320675108491,,,
Car 190,,91,9,,,start_charge,,starting to charge at Charger 9 (fid=91),837.7320675108491,,0.0,
Car 191,,,,16,,arrived,,arrived,838.4265141695815,,,
Car 183,,,,,11,switch,,"Charger 11 (fid=6) not available, trying Charger 14 (fid=9)",838.7990581088801,14,,
Car 147,93.0,7,12,,,done,,done charging,838.9305261828914,,,390.67408280914594
Car 178,,7,12,,,start_charge,,starting to charge at Charger 12 (fid=7),838.9305261828914,,23.06900939719253,
Car 179,,308702,1,,,start_charge,,starting to charge at Charger 1 (fid=308702),839.231293384544,,20.0,
Car 166,,,,,6,switch,,"Charger 6 (fid=1) not available, trying Charger 2 (fid=307904)",839.4843235650524,2,,
Car 192,,,,56,,arrived,,arrived,841.0855790184283,,,
Car 167,74.0,3,8,,,done,,done charging,841.3161749078245,,,258.39588322360373
Car 189,,,,,6,switch,,"Charger 6 (fid=1) not available, trying Charger 12 (fid=7)",841.357305928117,12,,
Car 171,,,,,14,switch,,"Charger 14 (fid=9) not available, trying Charger 12 (fid=7)",842.1130148300033,12,,
Car 184,,,,,11,switch,,"Charger 11 (fid=6) not available, trying Charger 2 (fid=307904)",843.3333776256206,2,,
Car 191,,,,,0,switch,,"Charger 0 (fid=308440) not available, trying Charger 11 (fid=6)",843.4265141695815,11,,
Car 180,,,,,7,switch,,"Charger 7 (fid=2) not available, trying Charger 4 (fid=308108)",843.6111239019955,4,,
Car 165,,,,,12,switch,,"Charger 12 (fid=7) not available, trying Charger 4 (fid=308108)",843.8535068646643,4,,
Car 187,,,,,14,switch,,"Charger 14 (fid=9) not available, trying Charger 10 (fid=4)",843.9519591773362,10,,
Car 180,,308108,4,,,start_charge,,starting to charge at Charger 4 (fid=308108),845.2139083019547,,25.0,
Car 173,,,,,9,switch,,"Charger 9 (fid=91) not available, trying Charger 7 (fid=2)",845.2332557061496,7,,
Car 164,80.0,9,14,,,done,,done charging,845.330289609182,,,118.27804678478897
Car 188,,9,14,,,start_charge,,starting to charge at Charger 14 (fid=9),845.330289609182,,8.191282719100741,
Car 175,,,,,12,switch,,"Charger 12 (fid=7) not available, trying Charger 9 (fid=91)",845.5335794669048,9,,
Car 166,,,,,2,switch,,"Charger 2 (fid=307904) not available, trying Charger 3 (fid=307905)",845.6741771263729,3,,
Car 185,,,,,11,switch,,"Charger 11 (fid=6) not available, trying Charger 2 (fid=307904)",845.6793953702463,2,,
Car 169,68.0,308440,0,,,done,,done charging,846.0741986090534,,,170.52989220743032
Car 192,,308440,0,,,start_charge,,starting to charge at Charger 0 (fid=308440),846.0741986090534,,4.988619590625035,
Car 177,,,,,12,switch,,"Charger 12 (fid=7) not available, trying Charger 6 (fid=1)",846.1130296447097,6,,
Car 193,,,,72,,arrived,,arrived,846.265453370491,,,
Car 150,106.0,307904,2,,,done,,done charging,847.8108576325506,,,236.20151977326992
Car 184,,307904,2,,,start_charge,,starting to charge at Charger 2 (fid=307904),847.8108576325506,,11.152795768470469,
Car 183,,,,,14,switch,,"Charger 14 (fid=9) not available, trying Charger 1 (fid=308702)",848.2149911064306,1,,
Car 189,,,,,12,switch,,"Charger 12 (fid=7) not available, trying Charger 4 (fid=308108)",848.2817448163349,4,,
Car 165,,,,,4,switch,,"Charger 4 (fid=308108) not available, trying Charger 2 (fid=307904)",850.5158362000948,2,,
Car 166,,,,,3,switch,,"Charger 3 (fid=307905) not available, trying Charger 12 (fid=7)",850.937803307937,12,,
Car 193,,,,,0,switch,,"Charger 0 (fid=308440) not available, trying Charger 11 (fid=6)",851.265453370491,11,,
Car 194,,,,27,,arrived,,arrived,851.6471186991114,,,
Car 195,,,,68,,arrived,,arrived,852.0511806864456,,,
Car 173,,,,,7,switch,,"Charger 7 (fid=2) not available, trying Charger 4 (fid=308108)",852.0602468931784,4,,
Car 187,,,,,10,switch,,"Charger 10 (fid=4) not available, trying Charger 5 (fid=5)",852.2245404179973,5,,
Car 196,,,,79,,arrived,,arrived,852.3457054376822,,,
Car 191,,,,,11,switch,,"Charger 11 (fid=6) not available, trying Charger 14 (fid=9)",852.5950451584343,14,,
Car 171,,,,,12,switch,,"Charger 12 (fid=7) not available, trying Charger 8 (fid=3)",852.727696311335,8,,
Car 177,,,,,6,switch,,"Charger 6 (fid=1) not available, trying Charger 4 (fid=308108)",853.0374685329277,4,,
Car 187,,5,5,,,start_charge,,starting to charge at Charger 5 (fid=5),853.1129404663853,,15.0,
Car 175,,,,,9,switch,,"Charger 9 (fid=91) not available, trying Charger 7 (fid=2)",853.3254272154812,7,,
Car 185,,,,,2,switch,,"Charger 2 (fid=307904) not available, trying Charger 3 (fid=307905)",854.0040796087058,3,,
Car 174,56.0,308440,0,,,done,,done charging,854.2127738071908,,,113.2555742822028
Car 194,,308440,0,,,start_charge,,starting to charge at Charger 0 (fid=308440),854.2127738071908,,2.5656551080794543,
Car 189,,,,,4,switch,,"Charger 4 (fid=308108) not available, trying Charger 2 (fid=307904)",854.9440741517654,2,,
Car 195,,,,,0,switch,,"Charger 0 (fid=308440) not available, trying Charger 1 (fid=308702)",857.0511806864456,1,,
Car 196,,,,,2,switch,,"Charger 2 (fid=307904) not available, trying Charger 3 (fid=307905)",857.3457054376822,3,,
Car 197,,,,26,,arrived,,arrived,857.7643603849891,,,
Car 183,,,,,1,switch,,"Charger 1 (fid=308702) not available, trying Charger 10 (fid=4)",858.1362428417168,10,,
Car 145,75.0,7,12,,,done,,done charging,858.491130519548,,,461.25199029996566
Car 166,,7,12,,,start_charge,,starting to charge at Charger 12 (fid=7),858.491130519548,,59.957797968100294,
Car 171,,3,8,,,start_charge,,starting to charge at Charger 8 (fid=3),858.5014538477411,,40.0,
Car 173,,,,,4,switch,,"Charger 4 (fid=308108) not available, trying Charger 1 (fid=308702)",858.6630312931376,1,,
Car 165,,,,,2,switch,,"Charger 2 (fid=307904) not available, trying Charger 3 (fid=307905)",859.0219692147261,3,,
Car 161,78.0,308702,1,,,done,,done charging,859.1878455364238,,,289.9980689309737
Car 185,,,,,3,switch,,"Charger 3 (fid=307905) not available, trying Charger 6 (fid=1)",859.2677057902698,6,,
Car 198,,,,88,,arrived,,arrived,859.5207392925598,,,
Car 199,,,,1,,arrived,,arrived,859.664442305776,,,
Car 175,,,,,7,switch,,"Charger 7 (fid=2) not available, trying Charger 4 (fid=308108)",860.15241840251,4,,
Car 195,,308702,1,,,start_charge,,starting to charge at Charger 1 (fid=308702),860.161633313844,,5.0,
Car 168,84.0,1,6,,,done,,done charging,860.1853349510727,,,194.59952929982626
Car 199,,1,6,,,start_charge,,starting to charge at Charger 6 (fid=1),860.1853349510727,,0.5208926452967262,
Car 193,,,,,11,switch,,"Charger 11 (fid=6) not available, trying Charger 1 (fid=308702)",860.4339843593438,1,,
Car 177,,,,,4,switch,,"Charger 4 (fid=308108) not available, trying Charger 2 (fid=307904)",860.8888480238872,2,,
Car 191,,,,,14,switch,,"Charger 14 (fid=9) not available, trying Charger 1 (fid=308702)",862.0109781559848,1,,
Car 196,,,,,3,switch,,"Charger 3 (fid=307905) not available, trying Charger 0 (fid=308440)",862.6093316192463,0,,
Car 197,,,,,0,switch,,"Charger 0 (fid=308440) not available, trying Charger 11 (fid=6)",862.7643603849891,11,,
Car 189,,,,,2,switch,,"Charger 2 (fid=307904) not available, trying Charger 3 (fid=307905)",863.4502071663968,3,,
Car 165,,,,,3,switch,,"Charger 3 (fid=307905) not available, trying Charger 7 (fid=2)",864.2855953962902,7,,
Car 198,,,,,9,switch,,"Charger 9 (fid=91) not available, trying Charger 7 (fid=2)",864.5207392925598,7,,
Car 185,,,,,6,switch,,"Charger 6 (fid=1) not available, trying Charger 1 (fid=308702)",865.4738961832112,1,,
Car 200,,,,15,,arrived,,arrived,865.977007266019,,,
Car 183,,,,,10,switch,,"Charger 10 (fid=4) not available, trying Charger 2 (fid=307904)",866.4853586321334,2,,
Car 175,,,,,4,switch,,"Charger 4 (fid=308108) not available, trying Charger 1 (fid=308702)",866.7552028024692,1,,
Car 189,,,,,3,switch,,"Charger 3 (fid=307905) not available, trying Charger 14 (fid=9)",868.7138333479609,14,,
Car 177,,,,,2,switch,,"Charger 2 (fid=307904) not available, trying Charger 3 (fid=307905)",869.3949810385186,3,,
Car 201,,,,3,,arrived,,arrived,869.9879953342081,,,
Car 193,,,,,1,switch,,"Charger 1 (fid=308702) not available, trying Charger 2 (fid=307904)",870.6510962004926,2,,
Car 200,,,,,0,switch,,"Charger 0 (fid=308440) not available, trying Charger 11 (fid=6)",870.977007266019,11,,
Car 149,82.0,8,13,,,done,,done charging,871.100721987925,,,349.2552784510191
Car 198,,,,,7,switch,,"Charger 7 (fid=2) not available, trying Charger 4 (fid=308108)",871.3477304795886,4,,
Car 191,,,,,1,switch,,"Charger 1 (fid=308702) not available, trying Charger 10 (fid=4)",871.932229891271,10,,
Car 197,,,,,11,switch,,"Charger 11 (fid=6) not available, trying Charger 2 (fid=307904)",871.9328913738419,2,,
Car 196,,,,,0,switch,,"Charger 0 (fid=308440) not available, trying Charger 6 (fid=1)",871.9621559497604,6,,
Car 173,,,,,1,switch,,"Charger 1 (fid=308702) not available, trying Charger 14 (fid=9)",872.0611074233849,14,,
Car 165,,,,,7,switch,,"Charger 7 (fid=2) not available, trying Charger 9 (fid=91)",872.5970370519402,9,,
Car 143,120.0,307905,3,,,done,,done charging,873.6350329742637,,,598.6246728839427
Car 177,,307905,3,,,start_charge,,starting to charge at Charger 3 (fid=307905),873.6350329742637,,43.97642575418104,
Car 201,,,,,2,switch,,"Charger 2 (fid=307904) not available, trying Charger 3 (fid=307905)",874.9879953342081,3,,
Car 185,,,,,1,switch,,"Charger 1 (fid=308702) not available, trying Charger 14 (fid=9)",877.337825985496,14,,
Car 198,,,,,4,switch,,"Charger 4 (fid=308108) not available, trying Charger 12 (fid=7)",877.9505148795478,12,,
Car 181,64.0,8,13,,,done,,done charging,878.2168342147108,,,51.031920891441445
Car 183,,,,,2,switch,,"Charger 2 (fid=307904) not available, trying Charger 3 (fid=307905)",878.4426679054312,3,,
Car 165,,,,,,gave_up,9,"no alternate charger available, gave up",879.424028238969,,,
Car 189,,,,,14,switch,,"Charger 14 (fid=9) not available, trying Charger 11 (fid=6)",879.7983994833105,11,,
Car 202,,,,115,,arrived,,arrived,879.9574516967209,,,
Car 200,,,,,11,switch,,"Charger 11 (fid=6) not available, trying Charger 2 (fid=307904)",880.1455382548718,2,,
Car 175,,,,,1,switch,,"Charger 1 (fid=308702) not available, trying Charger 14 (fid=9)",880.1532789327165,14,,
Car 201,,,,,3,switch,,"Charger 3 (fid=307905) not available, trying Charger 6 (fid=1)",880.2516215157722,6,,
Car 197,,,,,2,switch,,"Charger 2 (fid=307904) not available, trying Charger 3 (fid=307905)",880.2575756123014,3,,
Car 191,,,,,10,switch,,"Charger 10 (fid=4) not available, trying Charger 2 (fid=307904)",880.2813456816876,2,,
Car 203,,,,6,,arrived,,arrived,880.4491808548119,,,
Car 173,,,,,14,switch,,"Charger 14 (fid=9) not available, trying Charger 8 (fid=3)",881.9823591586711,8,,
Car 193,,,,,2,switch,,"Charger 2 (fid=307904) not available, trying Charger 3 (fid=307905)",882.138875578638,3,,
Car 196,,,,,6,switch,,"Charger 6 (fid=1) not available, trying Charger 11 (fid=6)",882.2412076600309,11,,
Car 157,103.0,6,11,,,done,,done charging,882.2803286754012,,,367.84721869595836
Car 203,,6,11,,,start_charge,,starting to charge at Charger 11 (fid=6),882.2803286754012,,1.8311478205893081,
Car 183,,,,,3,switch,,"Charger 3 (fid=307905) not available, trying Charger 5 (fid=5)",883.7062940869953,5,,
Car 198,,,,,12,switch,,"Charger 12 (fid=7) not available, trying Charger 2 (fid=307904)",884.6128442149783,2,,
Car 135,117.0,308108,4,,,done,,done charging,884.618334990964,,,554.3875340995404
Car 202,,,,,0,switch,,"Charger 0 (fid=308440) not available, trying Charger 1 (fid=308702)",884.9574516967209,1,,
Car 179,46.0,308702,1,,,done,,done charging,885.231293384544,,,347.5579647947553
Car 197,,,,,3,switch,,"Charger 3 (fid=307905) not available, trying Charger 1 (fid=308702)",885.5212017938654,1,,
Car 162,71.0,4,10,,,done,,done charging,885.7794692145278,,,416.4218017506589
Car 201,,,,,6,switch,,"Charger 6 (fid=1) not available, trying Charger 0 (fid=308440)",886.4578119087136,0,,
Car 185,,,,,14,switch,,"Charger 14 (fid=9) not available, trying Charger 10 (fid=4)",887.2590777207822,10,,
Car 193,,,,,3,switch,,"Charger 3 (fid=307905) not available, trying Charger 14 (fid=9)",887.4025017602021,14,,
Car 202,,308702,1,,,start_charge,,starting to charge at Charger 1 (fid=308702),888.0679043241194,,5.0,
Car 200,,,,,2,switch,,"Charger 2 (fid=307904) not available, trying Charger 3 (fid=307905)",888.4702224933312,3,,
Car 189,,,,,11,switch,,"Charger 11 (fid=6) not available, trying Charger 8 (fid=3)",889.214332480861,8,,
Car 160,105.0,6,11,,,done,,done charging,889.2318927618649,,,415.42925481568017
Car 196,,6,11,,,start_charge,,starting to charge at Charger 11 (fid=6),889.2318927618649,,23.674001613130258,
Car 175,,,,,14,switch,,"Charger 14 (fid=9) not available, trying Charger 8 (fid=3)",890.0745306680027,8,,
Car 185,,4,10,,,start_charge,,starting to charge at Charger 10 (fid=4),890.5316589614433,,35.0,
Car 173,,,,,8,switch,,"Charger 8 (fid=3) not available, trying Charger 10 (fid=4)",891.0701124598864,10,,
Car 198,,,,,2,switch,,"Charger 2 (fid=307904) not available, trying Charger 3 (fid=307905)",892.1920366268682,3,,
Car 191,,,,,2,switch,,"Charger 2 (fid=307904) not available, trying Charger 3 (fid=307905)",892.2386549549855,3,,
Car 172,57.0,4,10,,,done,,done charging,892.2845857210921,,,397.36862560698364
Car 204,,,,60,,arrived,,arrived,892.2972904454133,,,
Car 178,54.0,7,12,,,done,,done charging,892.9305261828914,,,329.14317389814084
Car 200,,,,,3,switch,,"Charger 3 (fid=307905) not available, trying Charger 6 (fid=1)",893.7338486748953,6,,
Car 205,,,,10,,arrived,,arrived,893.9806961780869,,,
Car 205,,8,13,,,start_charge,,starting to charge at Charger 13 (fid=8),893.9806961780869,,0.0,
Car 183,,,,,5,switch,,"Charger 5 (fid=5) not available, trying Charger 13 (fid=8)",895.8859377589172,13,,
Car 201,,,,,0,switch,,"Charger 0 (fid=308440) not available, trying Charger 12 (fid=7)",896.7368636189841,12,,
Car 197,,,,,1,switch,,"Charger 1 (fid=308702) not available, trying Charger 6 (fid=1)",897.0253180036316,6,,
Car 204,,,,,11,switch,,"Charger 11 (fid=6) not available, trying Charger 14 (fid=9)",897.2972904454133,14,,
Car 198,,,,,3,switch,,"Charger 3 (fid=307905) not available, trying Charger 6 (fid=1)",897.4556628084323,6,,
Car 191,,,,,3,switch,,"Charger 3 (fid=307905) not available, trying Charger 5 (fid=5)",897.5022811365495,5,,
Car 170,119.0,5,5,,,done,,done charging,897.535671069073,,,33.65698085203282
Car 173,,4,10,,,start_charge,,starting to charge at Charger 10 (fid=4),897.6596085637951,,60.0,
Car 193,,,,,14,switch,,"Charger 14 (fid=9) not available, trying Charger 10 (fid=4)",898.4870678955517,10,,
Car 183,,8,13,,,start_charge,,starting to charge at Charger 13 (fid=8),898.8213056985369,,40.0,
Car 189,,,,,8,switch,,"Charger 8 (fid=3) not available, trying Charger 7 (fid=2)",899.0092011169821,7,,
Car 175,,,,,8,switch,,"Charger 8 (fid=3) not available, trying Charger 10 (fid=4)",899.162283969218,10,,
Car 200,,,,,6,switch,,"Charger 6 (fid=1) not available, trying Charger 14 (fid=9)",899.9400390678367,14,,
Car 201,,7,12,,,start_charge,,starting to charge at Charger 12 (fid=7),903.1713820592905,,20.0,
Car 198,,,,,6,switch,,"Charger 6 (fid=1) not available, trying Charger 11 (fid=6)",903.6618532013737,11,,
Car 191,,5,5,,,start_charge,,starting to charge at Charger 5 (fid=5),904.6819248084714,,35.0,
Car 204,,,,,14,switch,,"Charger 14 (fid=9) not available, trying Charger 8 (fid=3)",906.7132234429638,8,,
Car 193,,,,,10,switch,,"Charger 10 (fid=4) not available, trying Charger 6 (fid=1)",906.7596491362128,6,,
Car 154,85.0,3,8,,,done,,done charging,907.049145851872,,,708.1385802734454
Car 197,,,,,6,switch,,"Charger 6 (fid=1) not available, trying Charger 14 (fid=9)",908.8892478059164,14,,
Car 200,,,,,14,switch,,"Charger 14 (fid=9) not available, trying Charger 1 (fid=308702)",910.4193507290926,1,,
Car 163,76.0,1,6,,,done,,done charging,910.4921966771786,,,490.8766419807276
Car 189,,,,,7,switch,,"Charger 7 (fid=2) not available, trying Charger 13 (fid=8)",910.5189872437589,13,,
Car 175,,,,,10,switch,,"Charger 10 (fid=4) not available, trying Charger 5 (fid=5)",910.7517800731267,5,,
Car 204,,3,8,,,start_charge,,starting to charge at Charger 8 (fid=3),910.8009767441791,,10.0,
Car 184,64.0,307904,2,,,done,,done charging,911.8108576325506,,,292.5969420249563
Car 198,,,,,11,switch,,"Charger 11 (fid=6) not available, trying Charger 0 (fid=308440)",911.9785366900774,0,,
Car 206,,,,116,,arrived,,arrived,912.7817877828488,,,
Car 195,53.0,308702,1,,,done,,done charging,913.161633313844,,,262.52495816765685
Car 193,,1,6,,,start_charge,,starting to charge at Charger 6 (fid=1),913.6973443522518,,35.0,
Car 207,,,,40,,arrived,,arrived,914.0784260922624,,,
Car 182,86.0,9,14,,,done,,done charging,914.6612930630309,,,118.27804678478897
Car 197,,9,14,,,start_charge,,starting to charge at Charger 14 (fid=9),914.6612930630309,,30.292733595858635,
Car 200,,308702,1,,,start_charge,,starting to charge at Charger 1 (fid=308702),915.3406024643788,,30.0,
Car 188,71.0,9,14,,,done,,done charging,916.330289609182,,,210.74254990045796
Car 175,,,,,5,switch,,"Charger 5 (fid=5) not available, trying Charger 13 (fid=8)",916.6401801215147,13,,
Car 176,96.0,2,7,,,done,,done charging,916.7758777679354,,,181.94556477237415
Car 206,,,,,0,switch,,"Charger 0 (fid=308440) not available, trying Charger 11 (fid=6)",917.7817877828488,11,,
Car 207,,,,,8,switch,,"Charger 8 (fid=3) not available, trying Charger 14 (fid=9)",919.0784260922624,14,,
Car 208,,,,15,,arrived,,arrived,920.345738871056,,,
Car 209,,,,23,,arrived,,arrived,920.6309888874492,,,
Car 198,,,,,0,switch,,"Charger 0 (fid=308440) not available, trying Charger 8 (fid=3)",921.1470676789302,8,,
Car 207,,9,14,,,start_charge,,starting to charge at Charger 14 (fid=9),923.1661793934777,,5.0,
Car 189,,,,,13,switch,,"Charger 13 (fid=8) not available, trying Charger 9 (fid=91)",923.2248052917168,9,,
Car 175,,,,,,gave_up,13,"no alternate charger available, gave up",924.5755480611344,,,
Car 208,,,,,0,switch,,"Charger 0 (fid=308440) not available, trying Charger 11 (fid=6)",925.345738871056,11,,
Car 209,,,,,0,switch,,"Charger 0 (fid=308440) not available, trying Charger 11 (fid=6)",925.6309888874492,11,,
Car 206,,,,,11,switch,,"Charger 11 (fid=6) not available, trying Charger 2 (fid=307904)",926.9503187717016,2,,
Car 210,,,,16,,arrived,,arrived,929.0699233567497,,,
Car 203,47.0,6,11,,,done,,done charging,929.2803286754012,,,40.40120345556577
Car 208,,6,11,,,start_charge,,starting to charge at Charger 11 (fid=6),929.5142698599088,,5.0,
Car 194,76.0,308440,0,,,done,,done charging,930.2127738071908,,,125.09112601081497
Car 210,,308440,0,,,start_charge,,starting to charge at Charger 0 (fid=308440),930.2127738071908,,1.1428504504411876,
Car 206,,307904,2,,,start_charge,,starting to charge at Charger 2 (fid=307904),930.2750030101611,,10.0,
Car 198,,,,,8,switch,,"Charger 8 (fid=3) not available, trying Charger 14 (fid=9)",932.9705203466198,14,,
Car 209,,,,,11,switch,,"Charger 11 (fid=6) not available, trying Charger 2 (fid=307904)",934.799519876302,2,,
Car 187,82.0,5,5,,,done,,done charging,935.1129404663853,,,308.35368352632383
Car 180,90.0,308108,4,,,done,,done charging,935.2139083019547,,,206.4392863257446
Car 189,,,,,9,switch,,"Charger 9 (fid=91) not available, trying Charger 10 (fid=4)",936.5382506227965,10,,
Car 159,114.0,2,7,,,done,,done charging,937.6207719373629,,,542.2651843605075
Car 211,,,,53,,arrived,,arrived,940.4673041834258,,,
Car 212,,,,25,,arrived,,arrived,941.2266109292194,,,
Car 171,83.0,3,8,,,done,,done charging,941.5014538477411,,,509.8213429652037
Car 198,,,,,14,switch,,"Charger 14 (fid=9) not available, trying Charger 13 (fid=8)",942.0582736478351,13,,
Car 186,110.0,91,9,,,done,,done charging,942.0668638660997,,,106.24032324567185
Car 209,,,,,2,switch,,"Charger 2 (fid=307904) not available, trying Charger 3 (fid=307905)",943.1242041147615,3,,
Car 213,,,,24,,arrived,,arrived,943.5279111744763,,,
Car 211,,,,,12,switch,,"Charger 12 (fid=7) not available, trying Charger 4 (fid=308108)",945.4673041834258,4,,
Car 192,100.0,308440,0,,,done,,done charging,946.0741986090534,,,174.96928122495086
Car 213,,308440,0,,,start_charge,,starting to charge at Charger 0 (fid=308440),946.0741986090534,,2.5462874345770388,
Car 212,,,,,1,switch,,"Charger 1 (fid=308702) not available, trying Charger 5 (fid=5)",946.2266109292194,5,,
Car 214,,,,69,,arrived,,arrived,946.9620225437625,,,
Car 211,,308108,4,,,start_charge,,starting to charge at Charger 4 (fid=308108),947.1296335188563,,5.0,
Car 209,,,,,3,switch,,"Charger 3 (fid=307905) not available, trying Charger 1 (fid=308702)",948.3878302963255,1,,
Car 198,,,,,13,switch,,"Charger 13 (fid=8) not available, trying Charger 1 (fid=308702)",948.4781781710618,1,,
Car 212,,5,5,,,start_charge,,starting to charge at Charger 5 (fid=5),949.7817242866394,,5.0,
Car 215,,,,72,,arrived,,arrived,950.2620642092379,,,
Car 189,,,,,10,switch,,"Charger 10 (fid=4) not available, trying Charger 5 (fid=5)",950.7788105025135,5,,
Car 214,,,,,0,switch,,"Charger 0 (fid=308440) not available, trying Charger 1 (fid=308702)",951.9620225437625,1,,
Car 190,115.0,91,9,,,done,,done charging,952.7320675108491,,,102.33951502200442
Car 216,,,,58,,arrived,,arrived,952.9435921479878,,,
Car 216,,2,7,,,start_charge,,starting to charge at Charger 7 (fid=2),952.9435921479878,,0.0,
Car 215,,,,,0,switch,,"Charger 0 (fid=308440) not available, trying Charger 11 (fid=6)",955.2620642092379,11,,
Car 217,,,,34,,arrived,,arrived,955.9312483136176,,,
Car 189,,,,,5,switch,,"Charger 5 (fid=5) not available, trying Charger 0 (fid=308440)",956.6672105509015,0,,
Car 198,,,,,1,switch,,"Charger 1 (fid=308702) not available, trying Charger 10 (fid=4)",958.3273320950498,10,,
Car 218,,,,4,,arrived,,arrived,959.1304937895479,,,
Car 219,,,,75,,arrived,,arrived,959.2229830756816,,,
Car 219,,3,8,,,start_charge,,starting to charge at Charger 8 (fid=3),959.2229830756816,,0.0,
Car 209,,,,,1,switch,,"Charger 1 (fid=308702) not available, trying Charger 6 (fid=1)",959.8919465060917,6,,
Car 214,,,,,1,switch,,"Charger 1 (fid=308702) not available, trying Charger 11 (fid=6)",960.0724751711609,11,,
Car 217,,,,,1,switch,,"Charger 1 (fid=308702) not available, trying Charger 0 (fid=308440)",960.9312483136176,0,,
Car 220,,,,14,,arrived,,arrived,962.3482679158146,,,
Car 199,103.0,1,6,,,done,,done charging,963.1853349510727,,,44.57383313613112
Car 218,,,,,11,switch,,"Charger 11 (fid=6) not available, trying Charger 6 (fid=1)",964.1304937895479,6,,
Car 215,,,,,11,switch,,"Charger 11 (fid=6) not available, trying Charger 1 (fid=308702)",964.4305951980907,1,,
Car 193,51.0,1,6,,,done,,done charging,964.6973443522518,,,395.8459951890936
Car 221,,,,35,,arrived,,arrived,965.080813824989,,,
Car 183,67.0,8,13,,,done,,done charging,965.8213056985369,,,348.9728389541638
Car 222,,,,88,,arrived,,arrived,966.2564998808768,,,
Car 222,,91,9,,,start_charge,,starting to charge at Charger 9 (fid=91),966.2564998808768,,0.0,
Car 198,,,,,10,switch,,"Charger 10 (fid=4) not available, trying Charger 5 (fid=5)",966.6764478854664,5,,
Car 209,,1,6,,,start_charge,,starting to charge at Charger 6 (fid=1),966.7558763083765,,25.0,
Car 189,,,,,0,switch,,"Charger 0 (fid=308440) not available, trying Charger 1 (fid=308702)",967.2243938613686,1,,
Car 220,,,,,0,switch,,"Charger 0 (fid=308440) not available, trying Charger 11 (fid=6)",967.3482679158146,11,,
Car 218,,1,6,,,start_charge,,starting to charge at Charger 6 (fid=1),967.4471772782516,,5.0,
Car 223,,,,14,,arrived,,arrived,968.1207586437272,,,
Car 217,,,,,0,switch,,"Charger 0 (fid=308440) not available, trying Charger 10 (fid=4)",969.0417009410161,10,,
Car 221,,,,,0,switch,,"Charger 0 (fid=308440) not available, trying Charger 11 (fid=6)",970.080813824989,11,,
Car 224,,,,61,,arrived,,arrived,970.1816485076632,,,
Car 214,,,,,11,switch,,"Charger 11 (fid=6) not available, trying Charger 2 (fid=307904)",970.2895870123098,2,,
Car 198,,,,,,gave_up,5,"no alternate charger available, gave up",972.5648479338544,,,
Car 225,,,,5,,arrived,,arrived,972.7780916994855,,,
Car 223,,,,,0,switch,,"Charger 0 (fid=308440) not available, trying Charger 11 (fid=6)",973.1207586437272,11,,
Car 215,,,,,1,switch,,"Charger 1 (fid=308702) not available, trying Charger 2 (fid=307904)",974.6477070392395,2,,
Car 224,,,,,8,switch,,"Charger 8 (fid=3) not available, trying Charger 14 (fid=9)",975.1816485076632,14,,
Car 210,45.0,308440,0,,,done,,done charging,975.2127738071908,,,203.64786556725295
Car 189,,,,,,gave_up,1,"no alternate charger available, gave up",975.3348464887671,,,
Car 185,85.0,4,10,,,done,,done charging,975.5316589614433,,,416.4218017506589
Car 217,,4,10,,,start_charge,,starting to charge at Charger 10 (fid=4),975.5316589614433,,11.13877227696355,
Car 191,71.0,5,5,,,done,,done charging,975.6819248084714,,,346.26950652855066
Car 225,,5,5,,,start_charge,,starting to charge at Charger 5 (fid=5),975.6819248084714,,2.903833108985964,
Car 166,118.0,7,12,,,done,,done charging,976.491130519548,,,641.040416273855
Car 220,,,,,11,switch,,"Charger 11 (fid=6) not available, trying Charger 2 (fid=307904)",976.5167989046674,2,,
Car 226,,,,60,,arrived,,arrived,977.4729172446681,,,
Car 214,,,,,2,switch,,"Charger 2 (fid=307904) not available, trying Charger 3 (fid=307905)",978.6142712507692,3,,
Car 221,,,,,11,switch,,"Charger 11 (fid=6) not available, trying Charger 2 (fid=307904)",979.2493448138418,2,,
Car 227,,,,14,,arrived,,arrived,980.4171141001193,,,
Car 227,,308440,0,,,start_charge,,starting to charge at Charger 0 (fid=308440),980.4171141001193,,0.0,
Car 228,,,,20,,arrived,,arrived,982.086479964339,,,
Car 223,,,,,11,switch,,"Charger 11 (fid=6) not available, trying Charger 2 (fid=307904)",982.28928963258,2,,
Car 226,,,,,11,switch,,"Charger 11 (fid=6) not available, trying Charger 14 (fid=9)",982.4729172446681,14,,
Car 214,,,,,3,switch,,"Charger 3 (fid=307905) not available, trying Charger 14 (fid=9)",983.8778974323333,14,,
Car 224,,,,,14,switch,,"Charger 14 (fid=9) not available, trying Charger 11 (fid=6)",984.2694018088786,11,,
Car 220,,,,,2,switch,,"Charger 2 (fid=307904) not available, trying Charger 3 (fid=307905)",984.8414831431269,3,,
Car 202,98.0,308702,1,,,done,,done charging,986.0679043241194,,,273.72819496667927
Car 215,,,,,2,switch,,"Charger 2 (fid=307904) not available, trying Charger 3 (fid=307905)",986.135486417385,3,,
Car 228,,,,,0,switch,,"Charger 0 (fid=308440) not available, trying Charger 1 (fid=308702)",987.086479964339,1,,
Car 221,,,,,2,switch,,"Charger 2 (fid=307904) not available, trying Charger 3 (fid=307905)",987.5740290523013,3,,
Car 177,115.0,307905,3,,,done,,done charging,988.6350329742637,,,538.4096977675509
Car 220,,307905,3,,,start_charge,,starting to charge at Charger 3 (fid=307905),988.6350329742637,,18.529923649572765,
Car 228,,308702,1,,,start_charge,,starting to charge at Charger 1 (fid=308702),990.1969325917374,,5.0,
Car 223,,,,,2,switch,,"Charger 2 (fid=307904) not available, trying Charger 3 (fid=307905)",990.6139738710394,3,,
Car 196,102.0,6,11,,,done,,done charging,991.2318927618649,,,384.13484495868175
Car 224,,6,11,,,start_charge,,starting to charge at Charger 11 (fid=6),991.2318927618649,,12.546557955435787,
Car 215,,,,,3,switch,,"Charger 3 (fid=307905) not available, trying Charger 14 (fid=9)",991.399112598949,14,,
Car 226,,,,,14,switch,,"Charger 14 (fid=9) not available, trying Charger 8 (fid=3)",991.8888502422186,8,,
Car 221,,,,,3,switch,,"Charger 3 (fid=307905) not available, trying Charger 6 (fid=1)",992.8376552338653,6,,
Car 229,,,,72,,arrived,,arrived,993.070228444153,,,
Car 214,,,,,14,switch,,"Charger 14 (fid=9) not available, trying Charger 6 (fid=1)",994.9624635676829,6,,
Car 223,,,,,3,switch,,"Charger 3 (fid=307905) not available, trying Charger 14 (fid=9)",995.8776000526035,14,,
Car 230,,,,52,,arrived,,arrived,996.0125298079349,,,
Car 231,,,,72,,arrived,,arrived,996.2389517335026,,,
Car 229,,,,,0,switch,,"Charger 0 (fid=308440) not available, trying Charger 11 (fid=6)",998.070228444153,11,,
Car 221,,,,,6,switch,,"Charger 6 (fid=1) not available, trying Charger 1 (fid=308702)",999.0438456268067,1,,
Car 204,90.0,3,8,,,done,,done charging,1000.8009767441791,,,250.00603750409743
Car 226,,3,8,,,start_charge,,starting to charge at Charger 8 (fid=3),1000.8009767441791,,14.824373200745185,
Car 230,,,,,6,switch,,"Charger 6 (fid=1) not available, trying Charger 12 (fid=7)",1001.0125298079349,12,,
Car 231,,,,,0,switch,,"Charger 0 (fid=308440) not available, trying Charger 11 (fid=6)",1001.2389517335026,11,,
Car 215,,,,,14,switch,,"Charger 14 (fid=9) not available, trying Charger 10 (fid=4)",1002.4836787342987,10,,
Car 230,,7,12,,,start_charge,,starting to charge at Charger 12 (fid=7),1002.9369686961529,,5.0,
Car 207,80.0,9,14,,,done,,done charging,1003.1661793934777,,,284.4546795793012
Car 223,,9,14,,,start_charge,,starting to charge at Charger 14 (fid=9),1003.1661793934777,,21.204013205524575,
Car 200,88.0,308702,1,,,done,,done charging,1003.3406024643788,,,404.66409869391146
Car 214,,,,,6,switch,,"Charger 6 (fid=1) not available, trying Charger 10 (fid=4)",1005.4417752289388,10,,
Car 232,,,,39,,arrived,,arrived,1005.5469709629864,,,
Car 221,,308702,1,,,start_charge,,starting to charge at Charger 1 (fid=308702),1005.9077754290915,,25.0,
Car 229,,,,,11,switch,,"Charger 11 (fid=6) not available, trying Charger 1 (fid=308702)",1007.2387594330058,1,,
Car 206,78.0,307904,2,,,done,,done charging,1008.2750030101611,,,292.5969420249563
Car 201,107.0,7,12,,,done,,done charging,1010.1713820592905,,,329.14317389814084
Car 231,,,,,11,switch,,"Charger 11 (fid=6) not available, trying Charger 1 (fid=308702)",1010.4074827223554,1,,
Car 233,,,,56,,arrived,,arrived,1010.4679317423513,,,
Car 232,,,,,8,switch,,"Charger 8 (fid=3) not available, trying Charger 14 (fid=9)",1010.5469709629864,14,,
Car 215,,,,,10,switch,,"Charger 10 (fid=4) not available, trying Charger 6 (fid=1)",1010.7562599749598,6,,
Car 234,,,,55,,arrived,,arrived,1012.0451894152142,,,
Car 219,54.0,3,8,,,done,,done charging,1013.2229830756816,,,285.83423461119764
Car 235,,,,79,,arrived,,arrived,1013.2359062830178,,,
Car 235,,307904,2,,,start_charge,,starting to charge at Charger 2 (fid=307904),1013.2359062830178,,0.0,
Car 205,120.0,8,13,,,done,,done charging,1013.9806961780869,,,114.86945504744664
Car 236,,,,30,,arrived,,arrived,1014.6592670104841,,,
Car 233,,,,,0,switch,,"Charger 0 (fid=308440) not available, trying Charger 1 (fid=308702)",1015.4679317423513,1,,
Car 173,119.0,4,10,,,done,,done charging,1016.6596085637951,,,662.6696537923551
Car 214,,4,10,,,start_charge,,starting to charge at Charger 10 (fid=4),1016.6596085637951,,39.280138118817376,
Car 234,,,,,0,switch,,"Charger 0 (fid=308440) not available, trying Charger 1 (fid=308702)",1017.0451894152142,1,,
Car 237,,,,31,,arrived,,arrived,1017.2584474303314,,,
Car 229,,,,,1,switch,,"Charger 1 (fid=308702) not available, trying Charger 2 (fid=307904)",1017.4558712741547,2,,
Car 213,73.0,308440,0,,,done,,done charging,1019.0741986090534,,,124.32994701169515
Car 236,,308440,0,,,start_charge,,starting to charge at Charger 0 (fid=308440),1019.0741986090534,,4.4149315985692965,
Car 232,,,,,14,switch,,"Charger 14 (fid=9) not available, trying Charger 11 (fid=6)",1019.6347242642017,11,,
Car 231,,,,,1,switch,,"Charger 1 (fid=308702) not available, trying Charger 2 (fid=307904)",1020.6245945635043,2,,
Car 238,,,,33,,arrived,,arrived,1020.7429046692,,,
Car 237,,,,,1,switch,,"Charger 1 (fid=308702) not available, trying Charger 0 (fid=308440)",1022.2584474303314,0,,
Car 239,,,,46,,arrived,,arrived,1022.4014122134099,,,
Car 215,,,,,6,switch,,"Charger 6 (fid=1) not available, trying Charger 5 (fid=5)",1022.6939551909987,5,,
Car 209,56.0,1,6,,,done,,done charging,1022.7558763083765,,,377.1902348913522
Car 233,,,,,1,switch,,"Charger 1 (fid=308702) not available, trying Charger 14 (fid=9)",1023.5783843697498,14,,
Car 240,,,,34,,arrived,,arrived,1024.391605129941,,,
Car 241,,,,27,,arrived,,arrived,1024.9045957411436,,,
Car 234,,,,,1,switch,,"Charger 1 (fid=308702) not available, trying Charger 14 (fid=9)",1025.1556420426127,14,,
Car 242,,,,40,,arrived,,arrived,1025.5009873569911,,,
Car 242,,3,8,,,start_charge,,starting to charge at Charger 8 (fid=3),1025.5009873569911,,0.0,
Car 208,96.0,6,11,,,done,,done charging,1025.5142698599088,,,211.50119142715283
Car 232,,6,11,,,start_charge,,starting to charge at Charger 11 (fid=6),1025.5142698599088,,11.463612598156487,
Car 238,,,,,1,switch,,"Charger 1 (fid=308702) not available, trying Charger 0 (fid=308440)",1025.7429046692,0,,
Car 243,,,,45,,arrived,,arrived,1026.9061499056756,,,
Car 244,,,,31,,arrived,,arrived,1026.9334908355363,,,
Car 239,,,,,1,switch,,"Charger 1 (fid=308702) not available, trying Charger 10 (fid=4)",1027.40141221341,10,,
Car 229,,,,,2,switch,,"Charger 2 (fid=307904) not available, trying Charger 3 (fid=307905)",1028.9436506523002,3,,
Car 240,,,,,1,switch,,"Charger 1 (fid=308702) not available, trying Charger 0 (fid=308440)",1029.391605129941,0,,
Car 197,115.0,9,14,,,done,,done charging,1029.6612930630308,,,468.4258637864986
Car 233,,9,14,,,start_charge,,starting to charge at Charger 14 (fid=9),1029.6612930630308,,11.161656957994865,
Car 241,,,,,1,switch,,"Charger 1 (fid=308702) not available, trying Charger 5 (fid=5)",1029.9045957411436,5,,
Car 245,,,,45,,arrived,,arrived,1030.0430062476798,,,
Car 237,,,,,0,switch,,"Charger 0 (fid=308440) not available, trying Charger 10 (fid=4)",1030.36890005773,10,,
Car 243,,,,,11,switch,,"Charger 11 (fid=6) not available, trying Charger 14 (fid=9)",1031.9061499056756,14,,
Car 244,,,,,1,switch,,"Charger 1 (fid=308702) not available, trying Charger 0 (fid=308440)",1031.9334908355363,0,,
Car 231,,,,,2,switch,,"Charger 2 (fid=307904) not available, trying Charger 3 (fid=307905)",1032.1123739416496,3,,
Car 211,85.0,308108,4,,,done,,done charging,1032.1296335188563,,,274.87579336332186
Car 246,,,,41,,arrived,,arrived,1033.422844364926,,,
Car 238,,,,,0,switch,,"Charger 0 (fid=308440) not available, trying Charger 5 (fid=5)",1033.8533572965985,5,,
Car 229,,,,,3,switch,,"Charger 3 (fid=307905) not available, trying Charger 14 (fid=9)",1034.2072768338644,14,,
Car 247,,,,66,,arrived,,arrived,1034.3780018920506,,,
Car 248,,,,26,,arrived,,arrived,1034.4852171058706,,,
Car 215,,,,,5,switch,,"Charger 5 (fid=5) not available, trying Charger 13 (fid=8)",1034.8376479740411,13,,
Car 245,,,,,11,switch,,"Charger 11 (fid=6) not available, trying Charger 14 (fid=9)",1035.0430062476798,14,,
Car 234,,,,,14,switch,,"Charger 14 (fid=9) not available, trying Charger 11 (fid=6)",1035.076893777899,11,,
Car 225,60.0,5,5,,,done,,done charging,1035.6819248084714,,,33.65698085203282
Car 241,,5,5,,,start_charge,,starting to charge at Charger 5 (fid=5),1035.6819248084714,,7.222215709907914,
Car 239,,,,,10,switch,,"Charger 10 (fid=4) not available, trying Charger 5 (fid=5)",1035.7505280038265,5,,
Car 249,,,,1,,arrived,,arrived,1036.003418578904,,,
Car 249,,1,6,,,start_charge,,starting to charge at Charger 6 (fid=1),1036.003418578904,,0.0,
Car 250,,,,55,,arrived,,arrived,1036.6309659664619,,,
Car 231,,,,,3,switch,,"Charger 3 (fid=307905) not available, trying Charger 14 (fid=9)",1037.3760001232138,14,,
Car 240,,,,,0,switch,,"Charger 0 (fid=308440) not available, trying Charger 10 (fid=4)",1037.5020577573393,10,,
Car 215,,8,13,,,start_charge,,starting to charge at Charger 13 (fid=8),1037.7730159136609,,45.0,
Car 246,,,,,1,switch,,"Charger 1 (fid=308702) not available, trying Charger 0 (fid=308440)",1038.422844364926,0,,
Car 247,,,,,14,switch,,"Charger 14 (fid=9) not available, trying Charger 8 (fid=3)",1039.3780018920506,8,,
Car 248,,,,,0,switch,,"Charger 0 (fid=308440) not available, trying Charger 11 (fid=6)",1039.4852171058706,11,,
Car 244,,,,,0,switch,,"Charger 0 (fid=308440) not available, trying Charger 10 (fid=4)",1040.0439434629347,10,,
Car 218,73.0,1,6,,,done,,done charging,1040.4471772782517,,,194.59952929982626
Car 251,,,,3,,arrived,,arrived,1040.453847846995,,,
Car 237,,,,,10,switch,,"Charger 10 (fid=4) not available, trying Charger 5 (fid=5)",1040.7200858011936,5,,
Car 216,88.0,2,7,,,done,,done charging,1040.9435921479878,,,153.93833589666082
Car 243,,,,,14,switch,,"Charger 14 (fid=9) not available, trying Charger 8 (fid=3)",1041.3220829032261,8,,
Car 250,,,,,0,switch,,"Charger 0 (fid=308440) not available, trying Charger 1 (fid=308702)",1041.6309659664619,1,,
Car 239,,,,,5,switch,,"Charger 5 (fid=5) not available, trying Charger 13 (fid=8)",1041.6389280522146,13,,
Car 252,,,,85,,arrived,,arrived,1042.6823777303032,,,
Car 252,,91,9,,,start_charge,,starting to charge at Charger 9 (fid=91),1042.6823777303032,,0.0,
Car 238,,,,,5,switch,,"Charger 5 (fid=5) not available, trying Charger 10 (fid=4)",1044.4105406070655,10,,
Car 245,,,,,14,switch,,"Charger 14 (fid=9) not available, trying Charger 8 (fid=3)",1044.4589392452303,8,,
Car 234,,,,,11,switch,,"Charger 11 (fid=6) not available, trying Charger 10 (fid=4)",1044.4928267754494,10,,
Car 239,,8,13,,,start_charge,,starting to charge at Charger 13 (fid=8),1044.5742959918343,,15.0,
Car 253,,,,15,,arrived,,arrived,1045.260815245816,,,
Car 229,,,,,14,switch,,"Charger 14 (fid=9) not available, trying Charger 10 (fid=4)",1045.291842969214,10,,
Car 251,,,,,2,switch,,"Charger 2 (fid=307904) not available, trying Charger 3 (fid=307905)",1045.453847846995,3,,
Car 246,,,,,0,switch,,"Charger 0 (fid=308440) not available, trying Charger 5 (fid=5)",1046.5332969923245,5,,
Car 237,,,,,5,switch,,"Charger 5 (fid=5) not available, trying Charger 13 (fid=8)",1046.6084858495817,13,,
Car 227,67.0,308440,0,,,done,,done charging,1047.4171141001193,,,132.81305867336218
Car 253,,308440,0,,,start_charge,,starting to charge at Charger 0 (fid=308440),1047.4171141001193,,2.156298854303259,
Car 254,,,,56,,arrived,,arrived,1047.4661555424748,,,
Car 240,,,,,10,switch,,"Charger 10 (fid=4) not available, trying Charger 5 (fid=5)",1047.853243500803,5,,
Car 231,,,,,14,switch,,"Charger 14 (fid=9) not available, trying Charger 10 (fid=4)",1048.4605662585634,10,,
Car 247,,,,,8,switch,,"Charger 8 (fid=3) not available, trying Charger 13 (fid=8)",1048.465755193266,13,,
Car 248,,,,,11,switch,,"Charger 11 (fid=6) not available, trying Charger 2 (fid=307904)",1048.6537480947234,2,,
Car 222,83.0,91,9,,,done,,done charging,1049.2564998808768,,,98.71822250440441
Car 250,,,,,1,switch,,"Charger 1 (fid=308702) not available, trying Charger 14 (fid=9)",1049.7414185938603,14,,
Car 238,,,,,10,switch,,"Charger 10 (fid=4) not available, trying Charger 13 (fid=8)",1050.2989406554536,13,,
Car 244,,,,,10,switch,,"Charger 10 (fid=4) not available, trying Charger 5 (fid=5)",1050.3951292063985,5,,
Car 243,,,,,8,switch,,"Charger 8 (fid=3) not available, trying Charger 13 (fid=8)",1050.4098362044415,13,,
Car 251,,,,,3,switch,,"Charger 3 (fid=307905) not available, trying Charger 6 (fid=1)",1050.717474028559,6,,
Car 212,101.0,5,5,,,done,,done charging,1050.7817242866395,,,242.55587665413847
Car 240,,5,5,,,start_charge,,starting to charge at Charger 5 (fid=5),1050.7817242866395,,17.040080737448307,
Car 251,,1,6,,,start_charge,,starting to charge at Charger 6 (fid=1),1051.9236644215005,,10.0,
Car 254,,,,,0,switch,,"Charger 0 (fid=308440) not available, trying Charger 1 (fid=308702)",1052.4661555424748,1,,
Car 245,,,,,8,switch,,"Charger 8 (fid=3) not available, trying Charger 13 (fid=8)",1053.5466925464457,13,,
Car 229,,,,,10,switch,,"Charger 10 (fid=4) not available, trying Charger 6 (fid=1)",1053.5644242098751,6,,
Car 255,,,,35,,arrived,,arrived,1053.8668099944118,,,
Car 230,51.0,7,12,,,done,,done charging,1053.936968696153,,,129.2251341173843
Car 256,,,,84,,arrived,,arrived,1054.2468915359414,,,
Car 256,,91,9,,,start_charge,,starting to charge at Charger 9 (fid=91),1054.2468915359414,,0.0,
Car 237,,,,,13,switch,,"Charger 13 (fid=8) not available, trying Charger 14 (fid=9)",1054.5438537892014,14,,
Car 234,,,,,10,switch,,"Charger 10 (fid=4) not available, trying Charger 2 (fid=307904)",1054.8208543153746,2,,
Car 217,80.0,4,10,,,done,,done charging,1055.5316589614433,,,342.93772952915987
Car 231,,4,10,,,start_charge,,starting to charge at Charger 10 (fid=4),1055.5316589614433,,33.79851146221881,
Car 244,,,,,5,switch,,"Charger 5 (fid=5) not available, trying Charger 13 (fid=8)",1056.2835292547866,13,,
Car 257,,,,77,,arrived,,arrived,1056.9111619535422,,,
Car 248,,,,,2,switch,,"Charger 2 (fid=307904) not available, trying Charger 3 (fid=307905)",1056.9784323331828,3,,
Car 246,,,,,5,switch,,"Charger 5 (fid=5) not available, trying Charger 10 (fid=4)",1057.0904803027915,10,,
Car 238,,,,,13,switch,,"Charger 13 (fid=8) not available, trying Charger 14 (fid=9)",1057.764245474826,14,,
Car 247,,,,,13,switch,,"Charger 13 (fid=8) not available, trying Charger 11 (fid=6)",1058.4349463911335,11,,
Car 255,,,,,0,switch,,"Charger 0 (fid=308440) not available, trying Charger 11 (fid=6)",1058.8668099944118,11,,
Car 250,,,,,14,switch,,"Charger 14 (fid=9) not available, trying Charger 11 (fid=6)",1059.6626703291465,11,,
Car 258,,,,57,,arrived,,arrived,1060.224698341436,,,
Car 243,,,,,13,switch,,"Charger 13 (fid=8) not available, trying Charger 6 (fid=1)",1060.379027402309,6,,
Car 254,,,,,1,switch,,"Charger 1 (fid=308702) not available, trying Charger 14 (fid=9)",1060.5766081698732,14,,
Car 237,,,,,14,switch,,"Charger 14 (fid=9) not available, trying Charger 11 (fid=6)",1060.9637583124281,11,,
Car 257,,,,,6,switch,,"Charger 6 (fid=1) not available, trying Charger 12 (fid=7)",1061.9111619535422,12,,
Car 248,,,,,3,switch,,"Charger 3 (fid=307905) not available, trying Charger 1 (fid=308702)",1062.242058514747,1,,
Car 246,,,,,10,switch,,"Charger 10 (fid=4) not available, trying Charger 13 (fid=8)",1062.9788803511797,13,,
Car 245,,,,,13,switch,,"Charger 13 (fid=8) not available, trying Charger 6 (fid=1)",1063.5158837443132,6,,
Car 257,,7,12,,,start_charge,,starting to charge at Charger 12 (fid=7),1063.8356008417602,,5.0,
Car 238,,,,,14,switch,,"Charger 14 (fid=9) not available, trying Charger 11 (fid=6)",1064.1841499980528,11,,
Car 244,,,,,13,switch,,"Charger 13 (fid=8) not available, trying Charger 14 (fid=9)",1064.2188971944063,14,,
Car 258,,,,,0,switch,,"Charger 0 (fid=308440) not available, trying Charger 1 (fid=308702)",1065.224698341436,1,,
Car 229,,,,,6,switch,,"Charger 6 (fid=1) not available, trying Charger 5 (fid=5)",1065.502119425914,5,,
Car 234,,,,,2,switch,,"Charger 2 (fid=307904) not available, trying Charger 3 (fid=307905)",1066.7781635886724,3,,
Car 259,,,,43,,arrived,,arrived,1066.9142160979652,,,
Car 260,,,,76,,arrived,,arrived,1067.2208798136198,,,
Car 261,,,,4,,arrived,,arrived,1067.2869869235135,,,
Car 255,,,,,11,switch,,"Charger 11 (fid=6) not available, trying Charger 2 (fid=307904)",1068.0353409832646,2,,
Car 247,,,,,11,switch,,"Charger 11 (fid=6) not available, trying Charger 5 (fid=5)",1068.7323172853362,5,,
Car 250,,,,,11,switch,,"Charger 11 (fid=6) not available, trying Charger 10 (fid=4)",1069.078603326697,10,,
Car 235,56.0,307904,2,,,done,,done charging,1069.2359062830178,,,196.42655774898816
Car 262,,,,31,,arrived,,arrived,1069.6660893987437,,,
Car 263,,,,17,,arrived,,arrived,1069.7103582881468,,,
Car 237,,,,,11,switch,,"Charger 11 (fid=6) not available, trying Charger 2 (fid=307904)",1070.3796913099786,2,,
Car 246,,,,,13,switch,,"Charger 13 (fid=8) not available, trying Charger 14 (fid=9)",1070.4441851705521,14,,
Car 254,,,,,14,switch,,"Charger 14 (fid=9) not available, trying Charger 11 (fid=6)",1070.4978599051594,11,,
Car 244,,,,,14,switch,,"Charger 14 (fid=9) not available, trying Charger 11 (fid=6)",1070.638801717633,11,,
Car 255,,307904,2,,,start_charge,,starting to charge at Charger 2 (fid=307904),1071.360025221724,,10.0,
Car 243,,,,,6,switch,,"Charger 6 (fid=1) not available, trying Charger 2 (fid=307904)",1071.7397769602171,2,,
Car 259,,,,,1,switch,,"Charger 1 (fid=308702) not available, trying Charger 5 (fid=5)",1071.9142160979652,5,,
Car 264,,,,10,,arrived,,arrived,1071.9701014419943,,,
Car 234,,,,,3,switch,,"Charger 3 (fid=307905) not available, trying Charger 5 (fid=5)",1072.0417897702366,5,,
Car 260,,,,,9,switch,,"Charger 9 (fid=91) not available, trying Charger 7 (fid=2)",1072.2208798136198,7,,
Car 261,,,,,10,switch,,"Charger 10 (fid=4) not available, trying Charger 5 (fid=5)",1072.2869869235135,5,,
Car 265,,,,57,,arrived,,arrived,1073.1036042227797,,,
Car 258,,,,,1,switch,,"Charger 1 (fid=308702) not available, trying Charger 14 (fid=9)",1073.3351509688343,14,,
Car 266,,,,8,,arrived,,arrived,1073.4460876713183,,,
Car 238,,,,,11,switch,,"Charger 11 (fid=6) not available, trying Charger 2 (fid=307904)",1073.6000829956033,2,,
Car 248,,,,,1,switch,,"Charger 1 (fid=308702) not available, trying Charger 6 (fid=1)",1073.7461747245131,6,,
Car 260,,2,7,,,start_charge,,starting to charge at Charger 7 (fid=2),1074.0478710006485,,5.0,
Car 262,,,,,0,switch,,"Charger 0 (fid=308440) not available, trying Charger 11 (fid=6)",1074.6660893987437,11,,
Car 263,,,,,1,switch,,"Charger 1 (fid=308702) not available, trying Charger 0 (fid=308440)",1074.7103582881468,0,,
Car 245,,,,,6,switch,,"Charger 6 (fid=1) not available, trying Charger 2 (fid=307904)",1074.8766333022213,2,,
Car 267,,,,60,,arrived,,arrived,1075.5040321265085,,,
Car 236,57.0,308440,0,,,done,,done charging,1076.0741986090534,,,135.6181282481665
Car 265,,308440,0,,,start_charge,,starting to charge at Charger 0 (fid=308440),1076.0741986090534,,2.9705943862736603,
Car 246,,,,,14,switch,,"Charger 14 (fid=9) not available, trying Charger 11 (fid=6)",1076.8640896937789,11,,
Car 221,71.0,308702,1,,,done,,done charging,1076.9077754290915,,,370.0950148535841
Car 264,,,,,13,switch,,"Charger 13 (fid=8) not available, trying Charger 14 (fid=9)",1076.9701014419943,14,,
Car 229,,,,,5,switch,,"Charger 5 (fid=5) not available, trying Charger 13 (fid=8)",1077.6458122089564,13,,
Car 243,,,,,2,switch,,"Charger 2 (fid=307904) not available, trying Charger 3 (fid=307905)",1077.9296305215378,3,,
Car 261,,,,,5,switch,,"Charger 5 (fid=5) not available, trying Charger 13 (fid=8)",1078.1753869719016,13,,
Car 266,,,,,13,switch,,"Charger 13 (fid=8) not available, trying Charger 14 (fid=9)",1078.4460876713183,14,,
Car 237,,,,,2,switch,,"Charger 2 (fid=307904) not available, trying Charger 3 (fid=307905)",1078.704375548438,3,,
Car 247,,,,,5,switch,,"Charger 5 (fid=5) not available, trying Charger 10 (fid=4)",1079.2663423922647,10,,
Car 268,,,,45,,arrived,,arrived,1079.289509916362,,,
Car 250,,,,,10,switch,,"Charger 10 (fid=4) not available, trying Charger 2 (fid=307904)",1079.4066308666222,2,,
Car 254,,,,,11,switch,,"Charger 11 (fid=6) not available, trying Charger 2 (fid=307904)",1079.91379290271,2,,
Car 244,,,,,11,switch,,"Charger 11 (fid=6) not available, trying Charger 2 (fid=307904)",1080.0547347151835,2,,
Car 259,,,,,5,switch,,"Charger 5 (fid=5) not available, trying Charger 10 (fid=4)",1080.4693294553852,10,,
Car 267,,,,,11,switch,,"Charger 11 (fid=6) not available, trying Charger 14 (fid=9)",1080.5040321265085,14,,
Car 269,,,,74,,arrived,,arrived,1080.6303690911204,,,
Car 220,92.0,307905,3,,,done,,done charging,1080.6350329742636,,,282.81267095076134
Car 243,,307905,3,,,start_charge,,starting to charge at Charger 3 (fid=307905),1080.6350329742636,,32.44177627116164,
Car 245,,,,,2,switch,,"Charger 2 (fid=307904) not available, trying Charger 3 (fid=307905)",1081.066486863542,3,,
Car 238,,,,,2,switch,,"Charger 2 (fid=307904) not available, trying Charger 3 (fid=307905)",1081.9247672340628,3,,
Car 270,,,,1,,arrived,,arrived,1082.3772128048222,,,
Car 263,,,,,0,switch,,"Charger 0 (fid=308440) not available, trying Charger 10 (fid=4)",1082.8208109155453,10,,
Car 258,,,,,14,switch,,"Charger 14 (fid=9) not available, trying Charger 11 (fid=6)",1083.2564027041205,11,,
Car 264,,,,,14,switch,,"Charger 14 (fid=9) not available, trying Charger 10 (fid=4)",1083.390005965221,10,,
Car 271,,,,72,,arrived,,arrived,1083.7778874028588,,,
Car 262,,,,,11,switch,,"Charger 11 (fid=6) not available, trying Charger 2 (fid=307904)",1083.8346203875965,2,,
Car 237,,,,,3,switch,,"Charger 3 (fid=307905) not available, trying Charger 6 (fid=1)",1083.9680017300022,6,,
Car 234,,,,,5,switch,,"Charger 5 (fid=5) not available, trying Charger 13 (fid=8)",1084.2214334421585,13,,
Car 268,,,,,11,switch,,"Charger 11 (fid=6) not available, trying Charger 14 (fid=9)",1084.289509916362,14,,
Car 266,,,,,14,switch,,"Charger 14 (fid=9) not available, trying Charger 10 (fid=4)",1084.865992194545,10,,
Car 247,,,,,10,switch,,"Charger 10 (fid=4) not available, trying Charger 6 (fid=1)",1085.1547424406529,6,,
Car 229,,,,,13,switch,,"Charger 13 (fid=8) not available, trying Charger 12 (fid=7)",1085.581180148576,12,,
Car 248,,,,,6,switch,,"Charger 6 (fid=1) not available, trying Charger 14 (fid=9)",1085.6101045267978,14,,
Car 269,,,,,2,switch,,"Charger 2 (fid=307904) not available, trying Charger 3 (fid=307905)",1085.6303690911204,3,,
Car 272,,,,34,,arrived,,arrived,1086.0077486370271,,,
Car 261,,,,,13,switch,,"Charger 13 (fid=8) not available, trying Charger 14 (fid=9)",1086.1107549115213,14,,
Car 273,,,,37,,arrived,,arrived,1086.1700487591786,,,
Car 246,,,,,11,switch,,"Charger 11 (fid=6) not available, trying Charger 2 (fid=307904)",1086.2800226913293,2,,
Car 245,,,,,3,switch,,"Charger 3 (fid=307905) not available, trying Charger 10 (fid=4)",1086.3301130451061,10,,
Car 259,,,,,10,switch,,"Charger 10 (fid=4) not available, trying Charger 0 (fid=308440)",1086.3577295037733,0,,
Car 274,,,,52,,arrived,,arrived,1086.6817386076136,,,
Car 238,,,,,3,switch,,"Charger 3 (fid=307905) not available, trying Charger 6 (fid=1)",1087.188393415627,6,,
Car 270,,,,,6,switch,,"Charger 6 (fid=1) not available, trying Charger 2 (fid=307904)",1087.3772128048222,2,,
Car 254,,,,,2,switch,,"Charger 2 (fid=307904) not available, trying Charger 3 (fid=307905)",1088.2384771411694,3,,
Car 244,,,,,2,switch,,"Charger 2 (fid=307904) not available, trying Charger 3 (fid=307905)",1088.379418953643,3,,
Car 271,,,,,0,switch,,"Charger 0 (fid=308440) not available, trying Charger 11 (fid=6)",1088.7778874028588,11,,
Car 228,99.0,308702,1,,,done,,done charging,1089.1969325917375,,,266.8844464230295
Car 267,,,,,14,switch,,"Charger 14 (fid=9) not available, trying Charger 8 (fid=3)",1089.919965124059,8,,
Car 237,,,,,6,switch,,"Charger 6 (fid=1) not available, trying Charger 12 (fid=7)",1090.1741921229436,12,,
Car 269,,,,,3,switch,,"Charger 3 (fid=307905) not available, trying Charger 6 (fid=1)",1090.8939952726846,6,,
Car 272,,,,,0,switch,,"Charger 0 (fid=308440) not available, trying Charger 11 (fid=6)",1091.0077486370271,11,,
Car 273,,,,,10,switch,,"Charger 10 (fid=4) not available, trying Charger 5 (fid=5)",1091.1700487591786,5,,
Car 250,,,,,2,switch,,"Charger 2 (fid=307904) not available, trying Charger 3 (fid=307905)",1091.36394013992,3,,
Car 264,,,,,10,switch,,"Charger 10 (fid=4) not available, trying Charger 5 (fid=5)",1091.6625872058821,5,,
Car 274,,,,,6,switch,,"Charger 6 (fid=1) not available, trying Charger 12 (fid=7)",1091.6817386076136,12,,
Car 229,,7,12,,,start_charge,,starting to charge at Charger 12 (fid=7),1092.07729952656,,50.000000000000114,
Car 234,,,,,13,switch,,"Charger 13 (fid=8) not available, trying Charger 6 (fid=1)",1092.1568013817782,6,,
Car 262,,,,,2,switch,,"Charger 2 (fid=307904) not available, trying Charger 3 (fid=307905)",1092.159304626056,3,,
Car 261,,,,,14,switch,,"Charger 14 (fid=9) not available, trying Charger 1 (fid=308702)",1092.530659434748,1,,
Car 258,,,,,11,switch,,"Charger 11 (fid=6) not available, trying Charger 10 (fid=4)",1092.672335701671,10,,
Car 275,,,,38,,arrived,,arrived,1092.9115962021658,,,
Car 266,,,,,10,switch,,"Charger 10 (fid=4) not available, trying Charger 5 (fid=5)",1093.1385734352061,5,,
Car 263,,,,,10,switch,,"Charger 10 (fid=4) not available, trying Charger 5 (fid=5)",1093.171996659009,5,,
Car 238,,,,,6,switch,,"Charger 6 (fid=1) not available, trying Charger 12 (fid=7)",1093.3945838085683,12,,
Car 254,,,,,3,switch,,"Charger 3 (fid=307905) not available, trying Charger 10 (fid=4)",1093.5021033227335,10,,
Car 270,,,,,2,switch,,"Charger 2 (fid=307904) not available, trying Charger 3 (fid=307905)",1093.5670663661429,3,,
Car 244,,,,,3,switch,,"Charger 3 (fid=307905) not available, trying Charger 6 (fid=1)",1093.643045135207,6,,
Car 268,,,,,14,switch,,"Charger 14 (fid=9) not available, trying Charger 8 (fid=3)",1093.7054429139125,8,,
Car 246,,,,,2,switch,,"Charger 2 (fid=307904) not available, trying Charger 3 (fid=307905)",1094.6047069297888,3,,
Car 223,92.0,9,14,,,done,,done charging,1095.1661793934777,,,339.1722796547776
Car 248,,9,14,,,start_charge,,starting to charge at Charger 14 (fid=9),1095.1661793934777,,34.07676320542396,
Car 276,,,,1,,arrived,,arrived,1095.2046081624676,,,
Car 224,104.0,6,11,,,done,,done charging,1095.2318927618649,,,333.20667967484167
Car 271,,6,11,,,start_charge,,starting to charge at Charger 11 (fid=6),1095.2318927618649,,7.285474370153224,
Car 277,,,,63,,arrived,,arrived,1095.5451595112188,,,
Car 233,66.0,9,14,,,done,,done charging,1095.6612930630308,,,359.1447979110239
Car 250,,,,,3,switch,,"Charger 3 (fid=307905) not available, trying Charger 5 (fid=5)",1096.6275663214842,5,,
Car 259,,,,,0,switch,,"Charger 0 (fid=308440) not available, trying Charger 13 (fid=8)",1096.708915247237,13,,
Car 273,,,,,5,switch,,"Charger 5 (fid=5) not available, trying Charger 14 (fid=9)",1097.0584488075667,14,,
Car 247,,,,,6,switch,,"Charger 6 (fid=1) not available, trying Charger 12 (fid=7)",1097.0924376566918,12,,
Car 237,,,,,12,switch,,"Charger 12 (fid=7) not available, trying Charger 8 (fid=3)",1097.0986310111616,8,,
Car 269,,,,,6,switch,,"Charger 6 (fid=1) not available, trying Charger 0 (fid=308440)",1097.100185665626,0,,
Car 262,,,,,3,switch,,"Charger 3 (fid=307905) not available, trying Charger 1 (fid=308702)",1097.42293080762,1,,
Car 261,,308702,1,,,start_charge,,starting to charge at Charger 1 (fid=308702),1097.4519111700342,,20.0,
Car 264,,,,,5,switch,,"Charger 5 (fid=5) not available, trying Charger 8 (fid=3)",1097.5509872542702,8,,
Car 278,,,,18,,arrived,,arrived,1097.6414150969129,,,
Car 279,,,,61,,arrived,,arrived,1097.732991602935,,,
Car 275,,,,,10,switch,,"Charger 10 (fid=4) not available, trying Charger 5 (fid=5)",1097.9115962021658,5,,
Car 245,,,,,10,switch,,"Charger 10 (fid=4) not available, trying Charger 5 (fid=5)",1098.3037591500247,5,,
Car 274,,,,,12,switch,,"Charger 12 (fid=7) not available, trying Charger 2 (fid=307904)",1098.6061774958316,2,,
Car 280,,,,41,,arrived,,arrived,1098.7968516641356,,,
Car 280,,308702,1,,,start_charge,,starting to charge at Charger 1 (fid=308702),1098.7968516641356,,0.0,
Car 270,,,,,3,switch,,"Charger 3 (fid=307905) not available, trying Charger 12 (fid=7)",1098.830692547707,12,,
Car 267,,,,,8,switch,,"Charger 8 (fid=3) not available, trying Charger 13 (fid=8)",1099.0077184252743,13,,
Car 266,,,,,5,switch,,"Charger 5 (fid=5) not available, trying Charger 1 (fid=308702)",1099.0269734835942,1,,
Car 263,,,,,5,switch,,"Charger 5 (fid=5) not available, trying Charger 13 (fid=8)",1099.060396707397,13,,
Car 239,55.0,8,13,,,done,,done charging,1099.5742959918343,,,296.3914831511334
Car 244,,,,,6,switch,,"Charger 6 (fid=1) not available, trying Charger 12 (fid=7)",1099.8492355281485,12,,
Car 246,,,,,3,switch,,"Charger 3 (fid=307905) not available, trying Charger 6 (fid=1)",1099.868333111353,6,,
Car 272,,,,,11,switch,,"Charger 11 (fid=6) not available, trying Charger 2 (fid=307904)",1100.17627962588,2,,
Car 276,,,,,6,switch,,"Charger 6 (fid=1) not available, trying Charger 2 (fid=307904)",1100.2046081624676,2,,
Car 238,,,,,12,switch,,"Charger 12 (fid=7) not available, trying Charger 8 (fid=3)",1100.3190226967863,8,,
Car 277,,,,,10,switch,,"Charger 10 (fid=4) not available, trying Charger 5 (fid=5)",1100.5451595112188,5,,
Car 273,,9,14,,,start_charge,,starting to charge at Charger 14 (fid=9),1100.7118877158716,,10.0,
Car 263,,8,13,,,start_charge,,starting to charge at Charger 13 (fid=8),1101.9957646470168,,20.0,
Car 278,,,,,0,switch,,"Charger 0 (fid=308440) not available, trying Charger 11 (fid=6)",1102.6414150969129,11,,
Car 281,,,,71,,arrived,,arrived,1102.6966362326536,,,
Car 279,,,,,8,switch,,"Charger 8 (fid=3) not available, trying Charger 14 (fid=9)",1102.732991602935,14,,
Car 268,,,,,8,switch,,"Charger 8 (fid=3) not available, trying Charger 13 (fid=8)",1102.7931962151279,13,,
Car 258,,,,,10,switch,,"Charger 10 (fid=4) not available, trying Charger 2 (fid=307904)",1103.0003632415962,2,,
Car 234,,,,,6,switch,,"Charger 6 (fid=1) not available, trying Charger 12 (fid=7)",1103.5175509396863,12,,
Car 275,,,,,5,switch,,"Charger 5 (fid=5) not available, trying Charger 1 (fid=308702)",1103.799996250554,1,,
Car 247,,,,,12,switch,,"Charger 12 (fid=7) not available, trying Charger 4 (fid=308108)",1104.0168765449098,4,,
Car 245,,,,,5,switch,,"Charger 5 (fid=5) not available, trying Charger 0 (fid=308440)",1104.1921591984128,0,,
Car 254,,,,,10,switch,,"Charger 10 (fid=4) not available, trying Charger 5 (fid=5)",1105.475749427652,5,,
Car 247,,308108,4,,,start_charge,,starting to charge at Charger 4 (fid=308108),1105.6792058803403,,40.0,
Car 246,,,,,6,switch,,"Charger 6 (fid=1) not available, trying Charger 12 (fid=7)",1106.0745235042943,12,,
Car 274,,,,,2,switch,,"Charger 2 (fid=307904) not available, trying Charger 3 (fid=307905)",1106.1853699077217,3,,
Car 276,,,,,2,switch,,"Charger 2 (fid=307904) not available, trying Charger 3 (fid=307905)",1106.3944617237883,3,,
Car 270,,,,,12,switch,,"Charger 12 (fid=7) not available, trying Charger 7 (fid=2)",1106.4262217912178,7,,
Car 277,,,,,5,switch,,"Charger 5 (fid=5) not available, trying Charger 13 (fid=8)",1106.433559559607,13,,
Car 244,,,,,12,switch,,"Charger 12 (fid=7) not available, trying Charger 8 (fid=3)",1106.7736744163665,8,,
Car 282,,,,62,,arrived,,arrived,1106.9906720778058,,,
Car 259,,,,,13,switch,,"Charger 13 (fid=8) not available, trying Charger 14 (fid=9)",1107.2985515279995,14,,
Car 269,,,,,0,switch,,"Charger 0 (fid=308440) not available, trying Charger 12 (fid=7)",1107.3792373758965,12,,
Car 266,,,,,1,switch,,"Charger 1 (fid=308702) not available, trying Charger 8 (fid=3)",1107.5820868410142,8,,
Car 281,,,,,0,switch,,"Charger 0 (fid=308440) not available, trying Charger 11 (fid=6)",1107.6966362326536,11,,
Car 237,,,,,8,switch,,"Charger 8 (fid=3) not available, trying Charger 7 (fid=2)",1107.8723885475677,7,,
Car 272,,,,,2,switch,,"Charger 2 (fid=307904) not available, trying Charger 3 (fid=307905)",1108.5009638643394,3,,
Car 270,,2,7,,,start_charge,,starting to charge at Charger 7 (fid=2),1108.6104422566725,,20.0,
Car 283,,,,18,,arrived,,arrived,1108.620605758336,,,
Car 250,,,,,5,switch,,"Charger 5 (fid=5) not available, trying Charger 13 (fid=8)",1108.807209993406,13,,
Car 262,,,,,1,switch,,"Charger 1 (fid=308702) not available, trying Charger 14 (fid=9)",1108.9270470173863,14,,
Car 267,,,,,13,switch,,"Charger 13 (fid=8) not available, trying Charger 6 (fid=1)",1108.9769096231419,6,,
Car 264,,,,,8,switch,,"Charger 8 (fid=3) not available, trying Charger 11 (fid=6)",1109.3464809251823,11,,
Car 234,,,,,12,switch,,"Charger 12 (fid=7) not available, trying Charger 8 (fid=3)",1110.4419898279043,8,,
Car 215,73.0,8,13,,,done,,done charging,1110.7730159136609,,,404.358902917078
Car 268,,8,13,,,start_charge,,starting to charge at Charger 13 (fid=8),1110.7730159136609,,18.01062850066546,
Car 226,110.0,3,8,,,done,,done charging,1110.800976744179,,,250.00603750409743
Car 238,,3,8,,,start_charge,,starting to charge at Charger 8 (fid=3),1110.800976744179,,59.70819651098668,
Car 254,,,,,5,switch,,"Charger 5 (fid=5) not available, trying Charger 13 (fid=8)",1111.3641494760402,13,,
Car 274,,,,,3,switch,,"Charger 3 (fid=307905) not available, trying Charger 7 (fid=2)",1111.4489960892859,7,,
Car 276,,,,,3,switch,,"Charger 3 (fid=307905) not available, trying Charger 12 (fid=7)",1111.6580879053524,12,,
Car 278,,,,,11,switch,,"Charger 11 (fid=6) not available, trying Charger 2 (fid=307904)",1111.8099460857657,2,,
Car 279,,,,,14,switch,,"Charger 14 (fid=9) not available, trying Charger 11 (fid=6)",1111.8207449041504,11,,
Car 282,,,,,11,switch,,"Charger 11 (fid=6) not available, trying Charger 14 (fid=9)",1111.9906720778058,14,,
Car 275,,,,,1,switch,,"Charger 1 (fid=308702) not available, trying Charger 13 (fid=8)",1112.3551096079739,13,,
Car 284,,,,1,,arrived,,arrived,1112.496135774778,,,
Car 285,,,,60,,arrived,,arrived,1112.5747918490829,,,
Car 246,,,,,12,switch,,"Charger 12 (fid=7) not available, trying Charger 8 (fid=3)",1112.9989623925123,8,,
Car 283,,,,,0,switch,,"Charger 0 (fid=308440) not available, trying Charger 11 (fid=6)",1113.620605758336,11,,
Car 259,,,,,14,switch,,"Charger 14 (fid=9) not available, trying Charger 11 (fid=6)",1113.7184560512262,11,,
Car 272,,,,,3,switch,,"Charger 3 (fid=307905) not available, trying Charger 6 (fid=1)",1113.7645900459036,6,,
Car 277,,,,,13,switch,,"Charger 13 (fid=8) not available, trying Charger 14 (fid=9)",1114.3689274992266,14,,
Car 232,89.0,6,11,,,done,,done charging,1114.5142698599088,,,399.4219866748225
Car 281,,6,11,,,start_charge,,starting to charge at Charger 11 (fid=6),1114.5142698599088,,7.649102638402383,
Car 245,,,,,0,switch,,"Charger 0 (fid=308440) not available, trying Charger 12 (fid=7)",1114.7493425088799,12,,
Car 258,,,,,2,switch,,"Charger 2 (fid=307904) not available, trying Charger 3 (fid=307905)",1114.957672514894,3,,
Car 286,,,,37,,arrived,,arrived,1115.7942385913066,,,
Car 250,,,,,13,switch,,"Charger 13 (fid=8) not available, trying Charger 6 (fid=1)",1116.7425779330258,6,,
Car 287,,,,34,,arrived,,arrived,1117.0684128006933,,,
Car 284,,,,,6,switch,,"Charger 6 (fid=1) not available, trying Charger 2 (fid=307904)",1117.496135774778,2,,
Car 244,,,,,8,switch,,"Charger 8 (fid=3) not available, trying Charger 7 (fid=2)",1117.5474319527725,7,,
Car 285,,,,,11,switch,,"Charger 11 (fid=6) not available, trying Charger 14 (fid=9)",1117.5747918490829,14,,
Car 253,71.0,308440,0,,,done,,done charging,1118.4171141001193,,,195.81624931145276
Car 252,76.0,91,9,,,done,,done charging,1118.6823777303032,,,106.24032324567185
Car 269,,,,,12,switch,,"Charger 12 (fid=7) not available, trying Charger 11 (fid=6)",1118.813755816203,11,,
Car 262,,,,,14,switch,,"Charger 14 (fid=9) not available, trying Charger 6 (fid=1)",1118.8482987526725,6,,
Car 288,,,,52,,arrived,,arrived,1119.123011969365,,,
Car 264,,,,,11,switch,,"Charger 11 (fid=6) not available, trying Charger 1 (fid=308702)",1119.1413495613033,1,,
Car 276,,,,,12,switch,,"Charger 12 (fid=7) not available, trying Charger 7 (fid=2)",1119.2536171488632,7,,
Car 254,,,,,13,switch,,"Charger 13 (fid=8) not available, trying Charger 6 (fid=1)",1119.29951741566,6,,
Car 237,,,,,7,switch,,"Charger 7 (fid=2) not available, trying Charger 4 (fid=308108)",1119.3821746743445,4,,
Car 289,,,,63,,arrived,,arrived,1119.710065732521,,,
Car 274,,,,,7,switch,,"Charger 7 (fid=2) not available, trying Charger 4 (fid=308108)",1119.7604377449359,4,,
Car 272,,,,,6,switch,,"Charger 6 (fid=1) not available, trying Charger 1 (fid=308702)",1119.970780438845,1,,
Car 278,,,,,2,switch,,"Charger 2 (fid=307904) not available, trying Charger 3 (fid=307905)",1120.134630324225,3,,
Car 258,,,,,3,switch,,"Charger 3 (fid=307905) not available, trying Charger 5 (fid=5)",1120.2212986964582,5,,
Car 267,,,,,6,switch,,"Charger 6 (fid=1) not available, trying Charger 2 (fid=307904)",1120.33765918105,2,,
Car 266,,,,,8,switch,,"Charger 8 (fid=3) not available, trying Charger 11 (fid=6)",1120.4421565959033,11,,
Car 277,,,,,14,switch,,"Charger 14 (fid=9) not available, trying Charger 1 (fid=308702)",1120.7888320224533,1,,
Car 286,,,,,10,switch,,"Charger 10 (fid=4) not available, trying Charger 5 (fid=5)",1120.7942385913066,5,,
Car 237,,308108,4,,,start_charge,,starting to charge at Charger 4 (fid=308108),1120.9849590743038,,65.0,
Car 234,,,,,8,switch,,"Charger 8 (fid=3) not available, trying Charger 7 (fid=2)",1121.2157473643103,7,,
Car 279,,,,,11,switch,,"Charger 11 (fid=6) not available, trying Charger 13 (fid=8)",1121.236677901701,13,,
Car 290,,,,63,,arrived,,arrived,1121.2913884828627,,,
Car 282,,,,,14,switch,,"Charger 14 (fid=9) not available, trying Charger 8 (fid=3)",1121.4066050753563,8,,
Car 287,,,,,1,switch,,"Charger 1 (fid=308702) not available, trying Charger 0 (fid=308440)",1122.0684128006933,0,,
Car 265,46.0,308440,0,,,done,,done charging,1122.0741986090534,,,144.90654047807305
Car 275,,,,,13,switch,,"Charger 13 (fid=8) not available, trying Charger 14 (fid=9)",1122.204263531962,14,,
Car 283,,,,,11,switch,,"Charger 11 (fid=6) not available, trying Charger 2 (fid=307904)",1122.7891367471889,2,,
Car 259,,,,,11,switch,,"Charger 11 (fid=6) not available, trying Charger 2 (fid=307904)",1123.1343890487767,2,,
Car 284,,,,,2,switch,,"Charger 2 (fid=307904) not available, trying Charger 3 (fid=307905)",1123.6859893360986,3,,
Car 246,,,,,8,switch,,"Charger 8 (fid=3) not available, trying Charger 7 (fid=2)",1123.7727199289184,7,,
Car 288,,,,,6,switch,,"Charger 6 (fid=1) not available, trying Charger 12 (fid=7)",1124.123011969365,12,,
Car 291,,,,73,,arrived,,arrived,1124.6403849922206,,,
Car 214,108.0,4,10,,,done,,done charging,1124.6596085637952,,,454.00447294067726
Car 289,,4,10,,,start_charge,,starting to charge at Charger 10 (fid=4),1124.6596085637952,,4.949542831274357,
Car 287,,308440,0,,,start_charge,,starting to charge at Charger 0 (fid=308440),1125.1788654280917,,5.0,
Car 278,,,,,3,switch,,"Charger 3 (fid=307905) not available, trying Charger 1 (fid=308702)",1125.3982565057893,1,,
Car 242,100.0,3,8,,,done,,done charging,1125.5009873569911,,,258.39588322360373
Car 282,,3,8,,,start_charge,,starting to charge at Charger 8 (fid=3),1125.5009873569911,,10.006628980419464,
Car 240,75.0,5,5,,,done,,done charging,1125.7817242866395,,,360.09732686054144
Car 286,,5,5,,,start_charge,,starting to charge at Charger 5 (fid=5),1125.7817242866395,,9.099085646944786,
Car 245,,,,,12,switch,,"Charger 12 (fid=7) not available, trying Charger 4 (fid=308108)",1126.1838609491863,4,,
Car 290,,,,,10,switch,,"Charger 10 (fid=4) not available, trying Charger 5 (fid=5)",1126.2913884828627,5,,
Car 274,,,,,4,switch,,"Charger 4 (fid=308108) not available, trying Charger 11 (fid=6)",1126.3632221448952,11,,
Car 276,,,,,7,switch,,"Charger 7 (fid=2) not available, trying Charger 4 (fid=308108)",1126.437837614318,4,,
Car 267,,,,,2,switch,,"Charger 2 (fid=307904) not available, trying Charger 3 (fid=307905)",1126.5275127423706,3,,
Car 285,,,,,14,switch,,"Charger 14 (fid=9) not available, trying Charger 8 (fid=3)",1126.9907248466334,8,,
Car 269,,,,,11,switch,,"Charger 11 (fid=6) not available, trying Charger 9 (fid=91)",1127.7519523520607,9,,
Car 250,,,,,6,switch,,"Charger 6 (fid=1) not available, trying Charger 12 (fid=7)",1128.103327490934,12,,
Car 275,,,,,14,switch,,"Charger 14 (fid=9) not available, trying Charger 11 (fid=6)",1128.6241680551886,11,,
Car 241,93.0,5,5,,,done,,done charging,1128.6819248084714,,,256.6019225552096
Car 290,,5,5,,,start_charge,,starting to charge at Charger 5 (fid=5),1128.6819248084714,,6.502136277220643,
Car 284,,,,,3,switch,,"Charger 3 (fid=307905) not available, trying Charger 12 (fid=7)",1128.9496155176628,12,,
Car 244,,,,,7,switch,,"Charger 7 (fid=2) not available, trying Charger 4 (fid=308108)",1129.0572180795493,4,,
Car 262,,,,,6,switch,,"Charger 6 (fid=1) not available, trying Charger 10 (fid=4)",1129.3276104139284,10,,
Car 264,,,,,1,switch,,"Charger 1 (fid=308702) not available, trying Charger 0 (fid=308440)",1129.3584614024521,0,,
Car 291,,,,,14,switch,,"Charger 14 (fid=9) not available, trying Charger 10 (fid=4)",1129.6403849922206,10,,
Car 266,,,,,11,switch,,"Charger 11 (fid=6) not available, trying Charger 0 (fid=308440)",1130.2370252320243,0,,
Car 254,,,,,6,switch,,"Charger 6 (fid=1) not available, trying Charger 12 (fid=7)",1130.660266973568,12,,
Car 277,,,,,1,switch,,"Charger 1 (fid=308702) not available, trying Charger 11 (fid=6)",1130.7100837577395,11,,
Car 288,,,,,12,switch,,"Charger 12 (fid=7) not available, trying Charger 2 (fid=307904)",1131.047450857583,2,,
Car 283,,,,,2,switch,,"Charger 2 (fid=307904) not available, trying Charger 3 (fid=307905)",1131.1138209856483,3,,
Car 256,77.0,91,9,,,done,,done charging,1131.2468915359414,,,114.34604900940923
Car 259,,,,,2,switch,,"Charger 2 (fid=307904) not available, trying Charger 3 (fid=307905)",1131.4590732872362,3,,
Car 279,,,,,13,switch,,"Charger 13 (fid=8) not available, trying Charger 6 (fid=1)",1131.5340487959036,6,,
Car 267,,,,,3,switch,,"Charger 3 (fid=307905) not available, trying Charger 12 (fid=7)",1131.7911389239348,12,,
Car 272,,,,,1,switch,,"Charger 1 (fid=308702) not available, trying Charger 14 (fid=9)",1131.8347102411296,14,,
Car 258,,,,,5,switch,,"Charger 5 (fid=5) not available, trying Charger 13 (fid=8)",1132.4009423683801,13,,
Car 264,,308440,0,,,start_charge,,starting to charge at Charger 0 (fid=308440),1132.4689140298506,,35.0,
Car 234,,,,,7,switch,,"Charger 7 (fid=2) not available, trying Charger 4 (fid=308108)",1132.7255334910872,4,,
Car 245,,,,,4,switch,,"Charger 4 (fid=308108) not available, trying Charger 7 (fid=2)",1132.8461902846168,7,,
Car 276,,,,,4,switch,,"Charger 4 (fid=308108) not available, trying Charger 9 (fid=91)",1133.0406220142772,9,,
Car 269,,91,9,,,start_charge,,starting to charge at Charger 9 (fid=91),1133.49736514199,,30.0,
Car 260,60.0,2,7,,,done,,done charging,1134.0478710006485,,,158.0758721899158
Car 246,,2,7,,,start_charge,,starting to charge at Charger 7 (fid=2),1134.0478710006485,,63.76536494495326,
Car 292,,,,63,,arrived,,arrived,1134.5533636890427,,,
Car 293,,,,77,,arrived,,arrived,1134.64586509676,,,
Car 294,,,,76,,arrived,,arrived,1134.8035210299565,,,
Car 294,,91,9,,,start_charge,,starting to charge at Charger 9 (fid=91),1134.8035210299565,,0.0,
Car 250,,,,,12,switch,,"Charger 12 (fid=7) not available, trying Charger 8 (fid=3)",1135.027766379152,8,,
Car 244,,,,,4,switch,,"Charger 4 (fid=308108) not available, trying Charger 9 (fid=91)",1135.6600024795086,9,,
Car 285,,,,,8,switch,,"Charger 8 (fid=3) not available, trying Charger 13 (fid=8)",1136.0784781478487,13,,
Car 274,,,,,11,switch,,"Charger 11 (fid=6) not available, trying Charger 9 (fid=91)",1136.2283592834945,9,,
Car 283,,,,,3,switch,,"Charger 3 (fid=307905) not available, trying Charger 1 (fid=308702)",1136.3774471672125,1,,
Car 284,,,,,12,switch,,"Charger 12 (fid=7) not available, trying Charger 7 (fid=2)",1136.5451447611736,7,,
Car 259,,,,,3,switch,,"Charger 3 (fid=307905) not available, trying Charger 6 (fid=1)",1136.7226994688003,6,,
Car 278,,,,,1,switch,,"Charger 1 (fid=308702) not available, trying Charger 14 (fid=9)",1136.9023727155554,14,,
Car 254,,,,,12,switch,,"Charger 12 (fid=7) not available, trying Charger 8 (fid=3)",1137.584705861786,8,,
Car 291,,,,,10,switch,,"Charger 10 (fid=4) not available, trying Charger 5 (fid=5)",1137.9129662328817,5,,
Car 275,,,,,11,switch,,"Charger 11 (fid=6) not available, trying Charger 0 (fid=308440)",1138.0401010527391,0,,
Car 295,,,,37,,arrived,,arrived,1138.1877902697881,,,
Car 296,,,,77,,arrived,,arrived,1138.188796610287,,,
Car 297,,,,4,,arrived,,arrived,1138.2158421916927,,,
Car 288,,,,,2,switch,,"Charger 2 (fid=307904) not available, trying Charger 3 (fid=307905)",1138.626643269473,3,,
Car 298,,,,34,,arrived,,arrived,1138.7971731534046,,,
Car 299,,,,84,,arrived,,arrived,1138.9550175930278,,,
Car 234,,,,,4,switch,,"Charger 4 (fid=308108) not available, trying Charger 9 (fid=91)",1139.3283178910465,9,,
Car 267,,,,,12,switch,,"Charger 12 (fid=7) not available, trying Charger 4 (fid=308108)",1139.3866681674456,4,,
Car 266,,,,,0,switch,,"Charger 0 (fid=308440) not available, trying Charger 6 (fid=1)",1139.405556220877,6,,
Car 245,,,,,7,switch,,"Charger 7 (fid=2) not available, trying Charger 1 (fid=308702)",1139.4489746845761,1,,
Car 292,,,,,10,switch,,"Charger 10 (fid=4) not available, trying Charger 5 (fid=5)",1139.5533636890427,5,,
Car 293,,,,,6,switch,,"Charger 6 (fid=1) not available, trying Charger 12 (fid=7)",1139.64586509676,12,,
Car 276,,,,,9,switch,,"Charger 9 (fid=91) not available, trying Charger 11 (fid=6)",1140.2510336973583,11,,
Car 258,,,,,13,switch,,"Charger 13 (fid=8) not available, trying Charger 6 (fid=1)",1140.3363103079998,6,,
Car 277,,,,,11,switch,,"Charger 11 (fid=6) not available, trying Charger 0 (fid=308440)",1140.9271955988884,0,,
Car 300,,,,15,,arrived,,arrived,1141.222441706775,,,
Car 262,,,,,10,switch,,"Charger 10 (fid=4) not available, trying Charger 5 (fid=5)",1141.2653056299673,5,,
Car 272,,,,,14,switch,,"Charger 14 (fid=9) not available, trying Charger 10 (fid=4)",1141.7559619764158,10,,
Car 244,,,,,,gave_up,9,"no alternate charger available, gave up",1142.8704141625897,,,
Car 279,,,,,6,switch,,"Charger 6 (fid=1) not available, trying Charger 12 (fid=7)",1142.8947983538117,12,,
Car 259,,,,,6,switch,,"Charger 6 (fid=1) not available, trying Charger 12 (fid=7)",1142.9288898617417,12,,
Car 295,,,,,10,switch,,"Charger 10 (fid=4) not available, trying Charger 5 (fid=5)",1143.1877902697881,5,,
Car 296,,,,,6,switch,,"Charger 6 (fid=1) not available, trying Charger 12 (fid=7)",1143.188796610287,12,,
Car 297,,,,,10,switch,,"Charger 10 (fid=4) not available, trying Charger 5 (fid=5)",1143.2158421916927,5,,
Car 284,,,,,7,switch,,"Charger 7 (fid=2) not available, trying Charger 4 (fid=308108)",1143.7293652266283,4,,
Car 298,,,,,0,switch,,"Charger 0 (fid=308440) not available, trying Charger 11 (fid=6)",1143.7971731534046,11,,
Car 291,,,,,5,switch,,"Charger 5 (fid=5) not available, trying Charger 13 (fid=8)",1143.8013662812698,13,,
Car 288,,,,,3,switch,,"Charger 3 (fid=307905) not available, trying Charger 7 (fid=2)",1143.8902694510373,7,,
Car 299,,,,,9,switch,,"Charger 9 (fid=91) not available, trying Charger 7 (fid=2)",1143.9550175930278,7,,
Car 301,,,,4,,arrived,,arrived,1144.3396520322847,,,
Car 302,,,,8,,arrived,,arrived,1144.8821259230272,,,
Car 292,,,,,5,switch,,"Charger 5 (fid=5) not available, trying Charger 13 (fid=8)",1145.4417637374308,13,,
Car 250,,,,,8,switch,,"Charger 8 (fid=3) not available, trying Charger 7 (fid=2)",1145.801523915558,7,,
Car 285,,,,,13,switch,,"Charger 13 (fid=8) not available, trying Charger 6 (fid=1)",1146.0476693457163,6,,
Car 267,,,,,4,switch,,"Charger 4 (fid=308108) not available, trying Charger 10 (fid=4)",1146.048997502876,10,,
Car 300,,,,,0,switch,,"Charger 0 (fid=308440) not available, trying Charger 11 (fid=6)",1146.222441706775,11,,
Car 234,,,,,,gave_up,9,"no alternate charger available, gave up",1146.5387295741275,,,
Car 293,,,,,12,switch,,"Charger 12 (fid=7) not available, trying Charger 4 (fid=308108)",1146.570303984978,4,,
Car 278,,,,,14,switch,,"Charger 14 (fid=9) not available, trying Charger 6 (fid=1)",1146.8236244508416,6,,
Car 274,,,,,9,switch,,"Charger 9 (fid=91) not available, trying Charger 14 (fid=9)",1146.9737720734238,14,,
Car 262,,,,,5,switch,,"Charger 5 (fid=5) not available, trying Charger 13 (fid=8)",1147.1537056783554,13,,
Car 275,,,,,0,switch,,"Charger 0 (fid=308440) not available, trying Charger 6 (fid=1)",1147.208632041592,6,,
Car 283,,,,,1,switch,,"Charger 1 (fid=308702) not available, trying Charger 14 (fid=9)",1147.8815633769786,14,,
Car 254,,,,,8,switch,,"Charger 8 (fid=3) not available, trying Charger 7 (fid=2)",1148.358463398192,7,,
Car 295,,,,,5,switch,,"Charger 5 (fid=5) not available, trying Charger 14 (fid=9)",1149.0761903181763,14,,
Car 297,,,,,5,switch,,"Charger 5 (fid=5) not available, trying Charger 13 (fid=8)",1149.1042422400808,13,,
Car 301,,,,,11,switch,,"Charger 11 (fid=6) not available, trying Charger 6 (fid=1)",1149.3396520322847,6,,
Car 266,,,,,6,switch,,"Charger 6 (fid=1) not available, trying Charger 12 (fid=7)",1149.6846079311476,12,,
Car 279,,,,,12,switch,,"Charger 12 (fid=7) not available, trying Charger 4 (fid=308108)",1149.8192372420297,4,,
Car 259,,,,,12,switch,,"Charger 12 (fid=7) not available, trying Charger 8 (fid=3)",1149.8533287499597,8,,
Car 302,,,,,13,switch,,"Charger 13 (fid=8) not available, trying Charger 14 (fid=9)",1149.8821259230272,14,,
Car 272,,,,,10,switch,,"Charger 10 (fid=4) not available, trying Charger 12 (fid=7)",1150.028543217077,12,,
Car 277,,,,,0,switch,,"Charger 0 (fid=308440) not available, trying Charger 8 (fid=3)",1150.0957265877412,8,,
Car 296,,,,,12,switch,,"Charger 12 (fid=7) not available, trying Charger 4 (fid=308108)",1150.113235498505,4,,
Car 284,,,,,4,switch,,"Charger 4 (fid=308108) not available, trying Charger 9 (fid=91)",1150.3321496265876,9,,
Car 255,79.0,307904,2,,,done,,done charging,1150.360025221724,,,236.20151977326992
Car 231,95.0,4,10,,,done,,done charging,1150.5316589614433,,,384.4959731600835
Car 299,,,,,7,switch,,"Charger 7 (fid=2) not available, trying Charger 4 (fid=308108)",1150.7820087800565,4,,
Car 276,,,,,11,switch,,"Charger 11 (fid=6) not available, trying Charger 0 (fid=308440)",1150.9964464872876,0,,
Car 258,,,,,6,switch,,"Charger 6 (fid=1) not available, trying Charger 12 (fid=7)",1151.697059865908,12,,
Car 291,,,,,13,switch,,"Charger 13 (fid=8) not available, trying Charger 1 (fid=308702)",1151.7367342208895,1,,
Car 249,116.0,1,6,,,done,,done charging,1152.003418578904,,,44.57383313613112
Car 288,,,,,7,switch,,"Charger 7 (fid=2) not available, trying Charger 4 (fid=308108)",1152.2017111066873,4,,
Car 278,,1,6,,,start_charge,,starting to charge at Charger 6 (fid=1),1152.3029361120975,,30.0,
Car 245,,,,,1,switch,,"Charger 1 (fid=308702) not available, trying Charger 9 (fid=91)",1152.6620905043012,9,,
Car 298,,,,,11,switch,,"Charger 11 (fid=6) not available, trying Charger 2 (fid=307904)",1152.9657041422574,2,,
Car 293,,,,,4,switch,,"Charger 4 (fid=308108) not available, trying Charger 2 (fid=307904)",1153.2326333204085,2,,
Car 292,,,,,13,switch,,"Charger 13 (fid=8) not available, trying Charger 14 (fid=9)",1153.3771316770506,14,,
Car 267,,4,10,,,start_charge,,starting to charge at Charger 10 (fid=4),1153.6508258047215,,45.0,
Car 303,,,,44,,arrived,,arrived,1154.625557989675,,,
Car 304,,,,7,,arrived,,arrived,1154.7058802337149,,,
Car 305,,,,3,,arrived,,arrived,1154.7828717651055,,,
Car 305,,307904,2,,,start_charge,,starting to charge at Charger 2 (fid=307904),1154.7828717651055,,0.0,
Car 262,,,,,13,switch,,"Charger 13 (fid=8) not available, trying Charger 12 (fid=7)",1155.0890736179751,12,,
Car 300,,,,,11,switch,,"Charger 11 (fid=6) not available, trying Charger 2 (fid=307904)",1155.3909726956279,2,,
Car 302,,,,,14,switch,,"Charger 14 (fid=9) not available, trying Charger 10 (fid=4)",1156.3020304462539,10,,
Car 279,,,,,4,switch,,"Charger 4 (fid=308108) not available, trying Charger 2 (fid=307904)",1156.4815665774602,2,,
Car 266,,,,,12,switch,,"Charger 12 (fid=7) not available, trying Charger 4 (fid=308108)",1156.6090468193656,4,,
Car 296,,,,,4,switch,,"Charger 4 (fid=308108) not available, trying Charger 2 (fid=307904)",1156.7755648339355,2,,
Car 306,,,,71,,arrived,,arrived,1156.8472034138806,,,
Car 297,,,,,13,switch,,"Charger 13 (fid=8) not available, trying Charger 14 (fid=9)",1157.0396101797005,14,,
Car 250,,,,,7,switch,,"Charger 7 (fid=2) not available, trying Charger 4 (fid=308108)",1157.3113100423348,4,,
Car 299,,,,,4,switch,,"Charger 4 (fid=308108) not available, trying Charger 12 (fid=7)",1157.3847931800158,12,,
Car 285,,,,,6,switch,,"Charger 6 (fid=1) not available, trying Charger 2 (fid=307904)",1157.4084189036244,2,,
Car 275,,,,,6,switch,,"Charger 6 (fid=1) not available, trying Charger 2 (fid=307904)",1157.4876837518625,2,,
Car 284,,,,,9,switch,,"Charger 9 (fid=91) not available, trying Charger 11 (fid=6)",1157.5425613096686,11,,
Car 301,,,,,6,switch,,"Charger 6 (fid=1) not available, trying Charger 2 (fid=307904)",1157.6563355209885,2,,
Car 295,,,,,14,switch,,"Charger 14 (fid=9) not available, trying Charger 13 (fid=8)",1157.7296292264812,13,,
Car 283,,,,,14,switch,,"Charger 14 (fid=9) not available, trying Charger 6 (fid=1)",1157.8028151122649,6,,
Car 307,,,,69,,arrived,,arrived,1158.168559780351,,,
Car 308,,,,63,,arrived,,arrived,1158.4070576910908,,,
Car 309,,,,61,,arrived,,arrived,1158.4392670687507,,,
Car 258,,,,,12,switch,,"Charger 12 (fid=7) not available, trying Charger 8 (fid=3)",1158.621498754126,8,,
Car 288,,,,,4,switch,,"Charger 4 (fid=308108) not available, trying Charger 11 (fid=6)",1158.8044955066466,11,,
Car 310,,,,55,,arrived,,arrived,1159.004108813136,,,
Car 274,,,,,14,switch,,"Charger 14 (fid=9) not available, trying Charger 8 (fid=3)",1159.4057795078513,8,,
Car 303,,,,,1,switch,,"Charger 1 (fid=308702) not available, trying Charger 5 (fid=5)",1159.625557989675,5,,
Car 311,,,,5,,arrived,,arrived,1159.634484881228,,,
Car 304,,,,,12,switch,,"Charger 12 (fid=7) not available, trying Charger 4 (fid=308108)",1159.7058802337149,4,,
Car 292,,,,,14,switch,,"Charger 14 (fid=9) not available, trying Charger 1 (fid=308702)",1159.7970362002773,1,,
Car 254,,,,,7,switch,,"Charger 7 (fid=2) not available, trying Charger 9 (fid=91)",1159.8682495249689,9,,
Car 263,58.0,8,13,,,done,,done charging,1159.9957646470168,,,404.29054120625904
Car 295,,8,13,,,start_charge,,starting to charge at Charger 13 (fid=8),1159.9957646470168,,15.846230897308942,
Car 312,,,,7,,arrived,,arrived,1160.0600043390457,,,
Car 276,,,,,0,switch,,"Charger 0 (fid=308440) not available, trying Charger 14 (fid=9)",1160.1649774761404,14,,
Car 259,,,,,8,switch,,"Charger 8 (fid=3) not available, trying Charger 7 (fid=2)",1160.6270862863657,7,,
Car 298,,,,,2,switch,,"Charger 2 (fid=307904) not available, trying Charger 3 (fid=307905)",1161.2903883807169,3,,
Car 291,,,,,1,switch,,"Charger 1 (fid=308702) not available, trying Charger 11 (fid=6)",1161.5858881448776,11,,
Car 293,,,,,2,switch,,"Charger 2 (fid=307904) not available, trying Charger 3 (fid=307905)",1161.7387663350398,3,,
Car 306,,,,,0,switch,,"Charger 0 (fid=308440) not available, trying Charger 11 (fid=6)",1161.8472034138806,11,,
Car 277,,,,,8,switch,,"Charger 8 (fid=3) not available, trying Charger 6 (fid=1)",1161.919179255431,6,,
Car 272,,,,,12,switch,,"Charger 12 (fid=7) not available, trying Charger 5 (fid=5)",1162.451777143698,5,,
Car 307,,,,,0,switch,,"Charger 0 (fid=308440) not available, trying Charger 1 (fid=308702)",1163.168559780351,1,,
Car 266,,,,,4,switch,,"Charger 4 (fid=308108) not available, trying Charger 2 (fid=307904)",1163.2713761547961,2,,
Car 308,,,,,10,switch,,"Charger 10 (fid=4) not available, trying Charger 5 (fid=5)",1163.4070576910908,5,,
Car 313,,,,66,,arrived,,arrived,1163.4287130683354,,,
Car 309,,,,,8,switch,,"Charger 8 (fid=3) not available, trying Charger 14 (fid=9)",1163.4392670687507,14,,
Car 297,,,,,14,switch,,"Charger 14 (fid=9) not available, trying Charger 1 (fid=308702)",1163.4595147029272,1,,
Car 285,,,,,2,switch,,"Charger 2 (fid=307904) not available, trying Charger 3 (fid=307905)",1163.598272464945,3,,
Car 275,,,,,2,switch,,"Charger 2 (fid=307904) not available, trying Charger 3 (fid=307905)",1163.6775373131832,3,,
Car 300,,,,,2,switch,,"Charger 2 (fid=307904) not available, trying Charger 3 (fid=307905)",1163.7156569340873,3,,
Car 301,,,,,2,switch,,"Charger 2 (fid=307904) not available, trying Charger 3 (fid=307905)",1163.8461890823091,3,,
Car 250,,,,,4,switch,,"Charger 4 (fid=308108) not available, trying Charger 9 (fid=91)",1163.914094442294,9,,
Car 310,,,,,0,switch,,"Charger 0 (fid=308440) not available, trying Charger 1 (fid=308702)",1164.004108813136,1,,
Car 299,,,,,12,switch,,"Charger 12 (fid=7) not available, trying Charger 2 (fid=307904)",1164.0471225154463,2,,
Car 302,,,,,10,switch,,"Charger 10 (fid=4) not available, trying Charger 5 (fid=5)",1164.574611686915,5,,
Car 311,,,,,5,switch,,"Charger 5 (fid=5) not available, trying Charger 10 (fid=4)",1164.634484881228,10,,
Car 279,,,,,2,switch,,"Charger 2 (fid=307904) not available, trying Charger 3 (fid=307905)",1164.9876995920915,3,,
Car 312,,,,,12,switch,,"Charger 12 (fid=7) not available, trying Charger 4 (fid=308108)",1165.0600043390457,4,,
Car 296,,,,,2,switch,,"Charger 2 (fid=307904) not available, trying Charger 3 (fid=307905)",1165.2816978485669,3,,
Car 247,60.0,308108,4,,,done,,done charging,1165.6792058803403,,,525.0644167546353
Car 304,,308108,4,,,start_charge,,starting to charge at Charger 4 (fid=308108),1165.6792058803403,,9.310996311194913,
Car 257,102.0,7,12,,,done,,done charging,1165.8356008417602,,,237.38278240207208
Car 262,,7,12,,,start_charge,,starting to charge at Charger 12 (fid=7),1165.8356008417602,,54.25040784580119,
Car 298,,,,,3,switch,,"Charger 3 (fid=307905) not available, trying Charger 6 (fid=1)",1166.554014562281,6,,
Car 243,86.0,307905,3,,,done,,done charging,1166.6350329742636,,,315.0916876381338
Car 293,,307905,3,,,start_charge,,starting to charge at Charger 3 (fid=307905),1166.6350329742636,,24.63264045765959,
Car 254,,,,,9,switch,,"Charger 9 (fid=91) not available, trying Charger 4 (fid=308108)",1166.6952407119975,4,,
Car 245,,,,,,gave_up,9,"no alternate charger available, gave up",1166.8142250807957,,,
Car 314,,,,54,,arrived,,arrived,1166.8741344319978,,,
Car 303,,,,,5,switch,,"Charger 5 (fid=5) not available, trying Charger 0 (fid=308440)",1168.1806713470949,0,,
Car 283,,,,,6,switch,,"Charger 6 (fid=1) not available, trying Charger 10 (fid=4)",1168.2821267735208,10,,
Car 284,,,,,11,switch,,"Charger 11 (fid=6) not available, trying Charger 0 (fid=308440)",1168.287974099598,0,,
Car 313,,,,,14,switch,,"Charger 14 (fid=9) not available, trying Charger 8 (fid=3)",1168.4287130683354,8,,
Car 274,,,,,8,switch,,"Charger 8 (fid=3) not available, trying Charger 0 (fid=308440)",1168.4935328090667,0,,
Car 288,,,,,11,switch,,"Charger 11 (fid=6) not available, trying Charger 9 (fid=91)",1168.6696326452459,9,,
Car 285,,,,,3,switch,,"Charger 3 (fid=307905) not available, trying Charger 12 (fid=7)",1168.8618986465092,12,,
Car 275,,,,,3,switch,,"Charger 3 (fid=307905) not available, trying Charger 12 (fid=7)",1168.9411634947473,12,,
Car 300,,,,,3,switch,,"Charger 3 (fid=307905) not available, trying Charger 6 (fid=1)",1168.9792831156515,6,,
Car 301,,,,,3,switch,,"Charger 3 (fid=307905) not available, trying Charger 12 (fid=7)",1169.1098152638733,12,,
Car 308,,,,,5,switch,,"Charger 5 (fid=5) not available, trying Charger 13 (fid=8)",1169.295457739479,13,,
Car 258,,,,,8,switch,,"Charger 8 (fid=3) not available, trying Charger 7 (fid=2)",1169.395256290532,7,,
Car 292,,,,,1,switch,,"Charger 1 (fid=308702) not available, trying Charger 11 (fid=6)",1169.7182879355635,11,,
Car 276,,,,,14,switch,,"Charger 14 (fid=9) not available, trying Charger 8 (fid=3)",1169.9825915781187,8,,
Car 279,,,,,3,switch,,"Charger 3 (fid=307905) not available, trying Charger 10 (fid=4)",1170.2513257736557,10,,
Car 302,,,,,5,switch,,"Charger 5 (fid=5) not available, trying Charger 1 (fid=308702)",1170.463011735303,1,,
Car 311,,,,,10,switch,,"Charger 10 (fid=4) not available, trying Charger 13 (fid=8)",1170.522884929616,13,,
Car 296,,,,,3,switch,,"Charger 3 (fid=307905) not available, trying Charger 14 (fid=9)",1170.545324030131,14,,
Car 251,119.0,1,6,,,done,,done charging,1170.9236644215005,,,213.41124764570898
Car 277,,1,6,,,start_charge,,starting to charge at Charger 6 (fid=1),1170.9236644215005,,43.17051901634932,
Car 306,,,,,11,switch,,"Charger 11 (fid=6) not available, trying Charger 1 (fid=308702)",1171.0157344027334,1,,
Car 250,,,,,,gave_up,9,"no alternate charger available, gave up",1171.124506125375,,,
Car 307,,,,,1,switch,,"Charger 1 (fid=308702) not available, trying Charger 11 (fid=6)",1171.2790124077494,11,,
Car 299,,,,,2,switch,,"Charger 2 (fid=307904) not available, trying Charger 3 (fid=307905)",1171.6263149273364,3,,
Car 312,,,,,4,switch,,"Charger 4 (fid=308108) not available, trying Charger 6 (fid=1)",1171.7223336744762,6,,
Car 266,,,,,2,switch,,"Charger 2 (fid=307904) not available, trying Charger 3 (fid=307905)",1171.7775091694275,3,,
Car 291,,,,,11,switch,,"Charger 11 (fid=6) not available, trying Charger 0 (fid=308440)",1171.8029999860264,0,,
Car 314,,,,,0,switch,,"Charger 0 (fid=308440) not available, trying Charger 1 (fid=308702)",1171.8741344319978,1,,
Car 310,,,,,1,switch,,"Charger 1 (fid=308702) not available, trying Charger 14 (fid=9)",1172.1145614405345,14,,
Car 259,,,,,7,switch,,"Charger 7 (fid=2) not available, trying Charger 4 (fid=308108)",1172.1368724131426,4,,
Car 309,,,,,14,switch,,"Charger 14 (fid=9) not available, trying Charger 11 (fid=6)",1172.527020369966,11,,
Car 315,,,,15,,arrived,,arrived,1172.653524850931,,,
Car 298,,,,,6,switch,,"Charger 6 (fid=1) not available, trying Charger 1 (fid=308702)",1172.7602049552224,1,,
Car 238,62.0,3,8,,,done,,done charging,1172.800976744179,,,771.0781792072647
Car 313,,3,8,,,start_charge,,starting to charge at Charger 8 (fid=3),1172.800976744179,,5.284510374628326,
Car 297,,,,,1,switch,,"Charger 1 (fid=308702) not available, trying Charger 11 (fid=6)",1173.3807664382134,11,,
Car 254,,,,,,gave_up,4,"no alternate charger available, gave up",1173.9056523950785,,,
Car 316,,,,30,,arrived,,arrived,1174.739126179025,,,
Car 272,,,,,5,switch,,"Charger 5 (fid=5) not available, trying Charger 13 (fid=8)",1175.0810086373226,13,,
Car 248,80.0,9,14,,,done,,done charging,1175.1661793934777,,,468.4258637864986
Car 300,,,,,6,switch,,"Charger 6 (fid=1) not available, trying Charger 14 (fid=9)",1175.1854735085928,14,,
Car 317,,,,40,,arrived,,arrived,1175.7577524000603,,,
Car 237,55.0,308108,4,,,done,,done charging,1175.9849590743038,,,727.7455775197084
Car 259,,308108,4,,,start_charge,,starting to charge at Charger 4 (fid=308108),1175.9849590743038,,67.24530226120191,
Car 285,,,,,12,switch,,"Charger 12 (fid=7) not available, trying Charger 4 (fid=308108)",1176.45742789002,4,,
Car 275,,,,,12,switch,,"Charger 12 (fid=7) not available, trying Charger 8 (fid=3)",1176.5366927382581,8,,
Car 296,,9,14,,,start_charge,,starting to charge at Charger 14 (fid=9),1176.6298901654807,,25.0,
Car 301,,,,,12,switch,,"Charger 12 (fid=7) not available, trying Charger 7 (fid=2)",1176.705344507384,7,,
Car 299,,,,,3,switch,,"Charger 3 (fid=307905) not available, trying Charger 6 (fid=1)",1176.8899411089005,6,,
Car 266,,,,,3,switch,,"Charger 3 (fid=307905) not available, trying Charger 7 (fid=2)",1177.0411353509917,7,,
Car 308,,,,,13,switch,,"Charger 13 (fid=8) not available, trying Charger 14 (fid=9)",1177.2308256790986,14,,
Car 284,,,,,0,switch,,"Charger 0 (fid=308440) not available, trying Charger 14 (fid=9)",1177.4565050884507,14,,
Car 315,,,,,0,switch,,"Charger 0 (fid=308440) not available, trying Charger 11 (fid=6)",1177.653524850931,11,,
Car 311,,,,,13,switch,,"Charger 13 (fid=8) not available, trying Charger 1 (fid=308702)",1177.9881897489886,1,,
Car 318,,,,15,,arrived,,arrived,1178.6079648161906,,,
Car 303,,,,,0,switch,,"Charger 0 (fid=308440) not available, trying Charger 10 (fid=4)",1178.737854657562,10,,
Car 302,,,,,1,switch,,"Charger 1 (fid=308702) not available, trying Charger 8 (fid=3)",1179.018125092723,8,,
Car 276,,,,,8,switch,,"Charger 8 (fid=3) not available, trying Charger 13 (fid=8)",1179.070344879334,13,,
Car 319,,,,3,,arrived,,arrived,1179.1206320707602,,,
Car 288,,,,,9,switch,,"Charger 9 (fid=91) not available, trying Charger 14 (fid=9)",1179.4150454351752,14,,
Car 312,,,,,6,switch,,"Charger 6 (fid=1) not available, trying Charger 7 (fid=2)",1179.5737131654357,7,,
Car 316,,,,,0,switch,,"Charger 0 (fid=308440) not available, trying Charger 11 (fid=6)",1179.739126179025,11,,
Car 292,,,,,11,switch,,"Charger 11 (fid=6) not available, trying Charger 0 (fid=308440)",1179.9353997767123,0,,
Car 314,,,,,1,switch,,"Charger 1 (fid=308702) not available, trying Charger 14 (fid=9)",1179.9845870593963,14,,
Car 283,,,,,10,switch,,"Charger 10 (fid=4) not available, trying Charger 5 (fid=5)",1180.2198219895597,5,,
Car 274,,,,,0,switch,,"Charger 0 (fid=308440) not available, trying Charger 13 (fid=8)",1180.3169854767564,13,,
Car 264,48.0,308440,0,,,done,,done charging,1180.4689140298506,,,475.1967713755742
Car 291,,308440,0,,,start_charge,,starting to charge at Charger 0 (fid=308440),1180.4689140298506,,34.49738305497135,
Car 317,,,,,8,switch,,"Charger 8 (fid=3) not available, trying Charger 14 (fid=9)",1180.7577524000603,14,,
Car 258,,,,,7,switch,,"Charger 7 (fid=2) not available, trying Charger 4 (fid=308108)",1180.9050424173088,4,,
Car 306,,,,,1,switch,,"Charger 1 (fid=308702) not available, trying Charger 2 (fid=307904)",1181.2328462438822,2,,
Car 307,,,,,11,switch,,"Charger 11 (fid=6) not available, trying Charger 2 (fid=307904)",1181.4961242488982,2,,
Car 309,,,,,11,switch,,"Charger 11 (fid=6) not available, trying Charger 13 (fid=8)",1181.9429533675166,13,,
Car 310,,,,,14,switch,,"Charger 14 (fid=9) not available, trying Charger 11 (fid=6)",1182.0358131758207,11,,
Car 279,,,,,10,switch,,"Charger 10 (fid=4) not available, trying Charger 5 (fid=5)",1182.2249718785743,5,,
Car 272,,,,,13,switch,,"Charger 13 (fid=8) not available, trying Charger 8 (fid=3)",1183.0163765769423,8,,
Car 299,,,,,6,switch,,"Charger 6 (fid=1) not available, trying Charger 11 (fid=6)",1183.096131501842,11,,
Car 285,,,,,4,switch,,"Charger 4 (fid=308108) not available, trying Charger 10 (fid=4)",1183.1197572254505,10,,
Car 297,,,,,11,switch,,"Charger 11 (fid=6) not available, trying Charger 0 (fid=308440)",1183.5978782793622,0,,
Car 318,,,,,0,switch,,"Charger 0 (fid=308440) not available, trying Charger 11 (fid=6)",1183.6079648161906,11,,
Car 308,,,,,14,switch,,"Charger 14 (fid=9) not available, trying Charger 1 (fid=308702)",1183.6507302023253,1,,
Car 301,,,,,7,switch,,"Charger 7 (fid=2) not available, trying Charger 4 (fid=308108)",1183.8895649728388,4,,
Car 319,,,,,8,switch,,"Charger 8 (fid=3) not available, trying Charger 14 (fid=9)",1184.1206320707602,14,,
Car 298,,,,,1,switch,,"Charger 1 (fid=308702) not available, trying Charger 14 (fid=9)",1184.6241347575071,14,,
Car 266,,,,,7,switch,,"Charger 7 (fid=2) not available, trying Charger 9 (fid=91)",1185.3525770066417,9,,
Car 300,,,,,14,switch,,"Charger 14 (fid=9) not available, trying Charger 1 (fid=308702)",1185.6647851698488,1,,
Car 283,,,,,5,switch,,"Charger 5 (fid=5) not available, trying Charger 13 (fid=8)",1186.1082220379478,13,,
Car 315,,,,,11,switch,,"Charger 11 (fid=6) not available, trying Charger 2 (fid=307904)",1186.8220558397838,2,,
Car 312,,,,,7,switch,,"Charger 7 (fid=2) not available, trying Charger 2 (fid=307904)",1187.214064465793,2,,
Car 284,,,,,14,switch,,"Charger 14 (fid=9) not available, trying Charger 8 (fid=3)",1187.274119190429,8,,
Car 275,,,,,8,switch,,"Charger 8 (fid=3) not available, trying Charger 7 (fid=2)",1187.3104502746642,7,,
Car 258,,,,,4,switch,,"Charger 4 (fid=308108) not available, trying Charger 9 (fid=91)",1187.507826817268,9,,
Car 311,,,,,1,switch,,"Charger 1 (fid=308702) not available, trying Charger 14 (fid=9)",1187.8373436729767,14,,
Car 279,,,,,5,switch,,"Charger 5 (fid=5) not available, trying Charger 0 (fid=308440)",1188.1133719269624,0,,
Car 316,,,,,11,switch,,"Charger 11 (fid=6) not available, trying Charger 2 (fid=307904)",1188.907657167878,2,,
Car 276,,,,,13,switch,,"Charger 13 (fid=8) not available, trying Charger 1 (fid=308702)",1189.0395360772015,1,,
Car 303,,,,,10,switch,,"Charger 10 (fid=4) not available, trying Charger 13 (fid=8)",1189.0890404010256,13,,
Car 292,,,,,0,switch,,"Charger 0 (fid=308440) not available, trying Charger 8 (fid=3)",1189.103930765565,8,,
Car 307,,,,,2,switch,,"Charger 2 (fid=307904) not available, trying Charger 3 (fid=307905)",1189.8208084873577,3,,
Car 317,,,,,14,switch,,"Charger 14 (fid=9) not available, trying Charger 6 (fid=1)",1189.8455057012757,6,,
Car 314,,,,,14,switch,,"Charger 14 (fid=9) not available, trying Charger 11 (fid=6)",1189.9058387946825,11,,
Car 301,,,,,4,switch,,"Charger 4 (fid=308108) not available, trying Charger 14 (fid=9)",1190.4923493727981,14,,
Car 320,,,,72,,arrived,,arrived,1190.8280859495728,,,
Car 274,,,,,13,switch,,"Charger 13 (fid=8) not available, trying Charger 10 (fid=4)",1190.906621757519,10,,
Car 299,,,,,11,switch,,"Charger 11 (fid=6) not available, trying Charger 0 (fid=308440)",1191.4128149905457,0,,
Car 310,,,,,11,switch,,"Charger 11 (fid=6) not available, trying Charger 10 (fid=4)",1191.4517461733712,10,,
Car 288,,,,,14,switch,,"Charger 14 (fid=9) not available, trying Charger 8 (fid=3)",1191.8470528696027,8,,
Car 302,,,,,8,switch,,"Charger 8 (fid=3) not available, trying Charger 11 (fid=6)",1191.8781948476121,11,,
Car 266,,,,,,gave_up,9,"no alternate charger available, gave up",1192.1795681936703,,,
Car 309,,,,,13,switch,,"Charger 13 (fid=8) not available, trying Charger 6 (fid=1)",1192.2403242617193,6,,
Car 306,,,,,2,switch,,"Charger 2 (fid=307904) not available, trying Charger 3 (fid=307905)",1192.7206256220277,3,,
Car 297,,,,,0,switch,,"Charger 0 (fid=308440) not available, trying Charger 8 (fid=3)",1192.766409268215,8,,
Car 318,,,,,11,switch,,"Charger 11 (fid=6) not available, trying Charger 2 (fid=307904)",1192.7764958050434,2,,
Car 272,,,,,8,switch,,"Charger 8 (fid=3) not available, trying Charger 9 (fid=91)",1192.9855677748099,9,,
Car 319,,,,,14,switch,,"Charger 14 (fid=9) not available, trying Charger 11 (fid=6)",1193.2083853719755,11,,
Car 308,,,,,1,switch,,"Charger 1 (fid=308702) not available, trying Charger 11 (fid=6)",1193.5719819376116,11,,
Car 321,,,,32,,arrived,,arrived,1193.6100147312961,,,
Car 283,,,,,13,switch,,"Charger 13 (fid=8) not available, trying Charger 12 (fid=7)",1194.0435899775675,12,,
Car 298,,,,,14,switch,,"Charger 14 (fid=9) not available, trying Charger 10 (fid=4)",1194.5453864927933,10,,
Car 270,86.0,2,7,,,done,,done charging,1194.6104422566725,,,219.941263319766
Car 275,,2,7,,,start_charge,,starting to charge at Charger 7 (fid=2),1194.6104422566725,,60.790205855231534,
Car 258,,,,,,gave_up,9,"no alternate charger available, gave up",1194.7182385003491,,,
Car 268,84.0,8,13,,,done,,done charging,1194.7730159136609,,,303.93019058099566
Car 303,,8,13,,,start_charge,,starting to charge at Charger 13 (fid=8),1194.7730159136609,,23.218670693262766,
Car 307,,,,,3,switch,,"Charger 3 (fid=307905) not available, trying Charger 14 (fid=9)",1195.0844346689219,14,,
Car 315,,,,,2,switch,,"Charger 2 (fid=307904) not available, trying Charger 3 (fid=307905)",1195.1467400782433,3,,
Car 312,,,,,2,switch,,"Charger 2 (fid=307904) not available, trying Charger 3 (fid=307905)",1195.5091692898222,3,,
Car 300,,,,,1,switch,,"Charger 1 (fid=308702) not available, trying Charger 12 (fid=7)",1195.586036905135,12,,
Car 285,,,,,10,switch,,"Charger 10 (fid=4) not available, trying Charger 5 (fid=5)",1195.721585527296,5,,
Car 320,,,,,0,switch,,"Charger 0 (fid=308440) not available, trying Charger 11 (fid=6)",1195.8280859495728,11,,
Car 271,101.0,6,11,,,done,,done charging,1196.2318927618649,,,286.9774137335301
Car 314,,6,11,,,start_charge,,starting to charge at Charger 11 (fid=6),1196.2318927618649,,16.910120969631862,
Car 284,,,,,8,switch,,"Charger 8 (fid=3) not available, trying Charger 13 (fid=8)",1196.3618724916444,13,,
Car 322,,,,87,,arrived,,arrived,1196.44407133494,,,
Car 273,96.0,9,14,,,done,,done charging,1196.7118877158716,,,200.13849421509497
Car 311,,9,14,,,start_charge,,starting to charge at Charger 14 (fid=9),1196.7118877158716,,23.953292307608763,
Car 316,,,,,2,switch,,"Charger 2 (fid=307904) not available, trying Charger 3 (fid=307905)",1197.2323414063374,3,,
Car 306,,,,,3,switch,,"Charger 3 (fid=307905) not available, trying Charger 14 (fid=9)",1197.9842518035919,14,,
Car 274,,,,,10,switch,,"Charger 10 (fid=4) not available, trying Charger 1 (fid=308702)",1198.3719265768914,1,,
Car 281,84.0,6,11,,,done,,done charging,1198.5142698599088,,,290.66103614831763
Car 302,,6,11,,,start_charge,,starting to charge at Charger 11 (fid=6),1198.5142698599088,,31.841206376175705,
Car 321,,,,,1,switch,,"Charger 1 (fid=308702) not available, trying Charger 0 (fid=308440)",1198.6100147312961,0,,
Car 279,,,,,0,switch,,"Charger 0 (fid=308440) not available, trying Charger 7 (fid=2)",1198.6705552374294,7,,
Car 276,,,,,1,switch,,"Charger 1 (fid=308702) not available, trying Charger 10 (fid=4)",1198.8886900011896,10,,
Car 323,,,,89,,arrived,,arrived,1199.0026030331642,,,
Car 317,,,,,6,switch,,"Charger 6 (fid=1) not available, trying Charger 12 (fid=7)",1200.3248173625316,12,,
Car 315,,,,,3,switch,,"Charger 3 (fid=307905) not available, trying Charger 6 (fid=1)",1200.4103662598075,6,,
Car 299,,,,,0,switch,,"Charger 0 (fid=308440) not available, trying Charger 8 (fid=3)",1200.5813459793985,8,,
Car 289,76.0,4,10,,,done,,done charging,1200.6596085637952,,,108.3704539833791
Car 310,,4,10,,,start_charge,,starting to charge at Charger 10 (fid=4),1200.6596085637952,,23.87983485049881,
Car 312,,,,,3,switch,,"Charger 3 (fid=307905) not available, trying Charger 9 (fid=91)",1200.7727954713864,9,,
Car 292,,,,,8,switch,,"Charger 8 (fid=3) not available, trying Charger 6 (fid=1)",1200.9273834332548,6,,
Car 288,,,,,8,switch,,"Charger 8 (fid=3) not available, trying Charger 0 (fid=308440)",1200.934806170818,0,,
Car 318,,,,,2,switch,,"Charger 2 (fid=307904) not available, trying Charger 3 (fid=307905)",1201.1011800435028,3,,
Car 301,,,,,14,switch,,"Charger 14 (fid=9) not available, trying Charger 0 (fid=308440)",1201.2856252293539,0,,
Car 322,,,,,9,switch,,"Charger 9 (fid=91) not available, trying Charger 7 (fid=2)",1201.44407133494,7,,
Car 285,,,,,5,switch,,"Charger 5 (fid=5) not available, trying Charger 0 (fid=308440)",1201.609985575684,0,,
Car 294,67.0,91,9,,,done,,done charging,1201.8035210299565,,,94.68924250340527
Car 323,,91,9,,,start_charge,,starting to charge at Charger 9 (fid=91),1201.8035210299565,,2.80091799679235,
Car 316,,,,,3,switch,,"Charger 3 (fid=307905) not available, trying Charger 1 (fid=308702)",1202.4959675879015,1,,
Car 319,,,,,11,switch,,"Charger 11 (fid=6) not available, trying Charger 13 (fid=8)",1202.624318369526,13,,
Car 298,,,,,10,switch,,"Charger 10 (fid=4) not available, trying Charger 12 (fid=7)",1202.8179677334545,12,,
Car 309,,,,,6,switch,,"Charger 6 (fid=1) not available, trying Charger 12 (fid=7)",1203.6010738196273,12,,
Car 308,,,,,11,switch,,"Charger 11 (fid=6) not available, trying Charger 0 (fid=308440)",1203.7890937787604,0,,
Car 324,,,,36,,arrived,,arrived,1204.254982052372,,,
Car 325,,,,26,,arrived,,arrived,1204.5077875352713,,,
Car 297,,,,,8,switch,,"Charger 8 (fid=3) not available, trying Charger 6 (fid=1)",1204.5898619359048,6,,
Car 326,,,,77,,arrived,,arrived,1204.626419175835,,,
Car 320,,,,,11,switch,,"Charger 11 (fid=6) not available, trying Charger 1 (fid=308702)",1204.9966169384256,1,,
Car 272,,,,,9,switch,,"Charger 9 (fid=91) not available, trying Charger 7 (fid=2)",1205.1029811847084,7,,
Car 283,,,,,12,switch,,"Charger 12 (fid=7) not available, trying Charger 8 (fid=3)",1205.5397093555514,8,,
Car 295,46.0,8,13,,,done,,done charging,1205.9957646470168,,,256.65922920030073
Car 284,,8,13,,,start_charge,,starting to charge at Charger 13 (fid=8),1205.9957646470168,,59.66470095750492,
Car 307,,,,,14,switch,,"Charger 14 (fid=9) not available, trying Charger 6 (fid=1)",1206.1690008042715,6,,
Car 318,,,,,3,switch,,"Charger 3 (fid=307905) not available, trying Charger 6 (fid=1)",1206.364806225067,6,,
Car 315,,,,,6,switch,,"Charger 6 (fid=1) not available, trying Charger 14 (fid=9)",1206.6165566527488,14,,
Car 321,,,,,0,switch,,"Charger 0 (fid=308440) not available, trying Charger 5 (fid=5)",1206.7204673586946,5,,
Car 274,,,,,1,switch,,"Charger 1 (fid=308702) not available, trying Charger 5 (fid=5)",1206.721042367308,5,,
Car 276,,,,,10,switch,,"Charger 10 (fid=4) not available, trying Charger 5 (fid=5)",1207.2378057916062,5,,
Car 317,,,,,12,switch,,"Charger 12 (fid=7) not available, trying Charger 4 (fid=308108)",1207.2492562507496,4,,
Car 300,,,,,12,switch,,"Charger 12 (fid=7) not available, trying Charger 8 (fid=3)",1208.057172432641,8,,
Car 322,,,,,7,switch,,"Charger 7 (fid=2) not available, trying Charger 4 (fid=308108)",1208.2710625219686,4,,
Car 312,,,,,9,switch,,"Charger 9 (fid=91) not available, trying Charger 11 (fid=6)",1208.7007768512995,11,,
Car 306,,,,,14,switch,,"Charger 14 (fid=9) not available, trying Charger 10 (fid=4)",1209.0688179389415,10,,
Car 229,117.0,7,12,,,done,,done charging,1209.07729952656,,,474.73758680707743
Car 309,,7,12,,,start_charge,,starting to charge at Charger 12 (fid=7),1209.07729952656,,28.551786818714618,
Car 327,,,,7,,arrived,,arrived,1209.2507757697706,,,
Car 324,,,,,0,switch,,"Charger 0 (fid=308440) not available, trying Charger 11 (fid=6)",1209.254982052372,11,,
Car 325,,,,,1,switch,,"Charger 1 (fid=308702) not available, trying Charger 5 (fid=5)",1209.5077875352713,5,,
Car 326,,,,,6,switch,,"Charger 6 (fid=1) not available, trying Charger 12 (fid=7)",1209.626419175835,12,,
Car 280,111.0,308702,1,,,done,,done charging,1209.7968516641356,,,117.27672218926217
Car 316,,308702,1,,,start_charge,,starting to charge at Charger 1 (fid=308702),1209.7968516641356,,20.796767866467917,
Car 328,,,,3,,arrived,,arrived,1210.3945265022962,,,
Car 290,82.0,5,5,,,done,,done charging,1210.6819248084714,,,147.52671189997855
Car 276,,5,5,,,start_charge,,starting to charge at Charger 5 (fid=5),1210.6819248084714,,72.5557189684771,
Car 279,,,,,7,switch,,"Charger 7 (fid=2) not available, trying Charger 9 (fid=91)",1210.847053969955,9,,
Car 301,,,,,0,switch,,"Charger 0 (fid=308440) not available, trying Charger 8 (fid=3)",1211.1032393313321,8,,
Car 292,,,,,6,switch,,"Charger 6 (fid=1) not available, trying Charger 2 (fid=307904)",1211.761349582975,2,,
Car 272,,,,,7,switch,,"Charger 7 (fid=2) not available, trying Charger 4 (fid=308108)",1211.929972371737,4,,
Car 285,,,,,0,switch,,"Charger 0 (fid=308440) not available, trying Charger 7 (fid=2)",1212.167168886151,7,,
Car 299,,,,,8,switch,,"Charger 8 (fid=3) not available, trying Charger 14 (fid=9)",1212.4047986470882,14,,
Car 318,,,,,6,switch,,"Charger 6 (fid=1) not available, trying Charger 14 (fid=9)",1212.5709966180084,14,,
Car 288,,,,,0,switch,,"Charger 0 (fid=308440) not available, trying Charger 13 (fid=8)",1212.7582588385078,13,,
Car 319,,,,,13,switch,,"Charger 13 (fid=8) not available, trying Charger 12 (fid=7)",1212.9216892637287,12,,
Car 308,,,,,0,switch,,"Charger 0 (fid=308440) not available, trying Charger 8 (fid=3)",1212.9576247676132,8,,
Car 317,,,,,4,switch,,"Charger 4 (fid=308108) not available, trying Charger 11 (fid=6)",1213.91158558618,11,,
Car 327,,,,,12,switch,,"Charger 12 (fid=7) not available, trying Charger 4 (fid=308108)",1214.2507757697706,4,,
Car 322,,,,,4,switch,,"Charger 4 (fid=308108) not available, trying Charger 12 (fid=7)",1214.873846921928,12,,
Car 320,,,,,1,switch,,"Charger 1 (fid=308702) not available, trying Charger 2 (fid=307904)",1215.2137287795745,2,,
Car 298,,,,,12,switch,,"Charger 12 (fid=7) not available, trying Charger 5 (fid=5)",1215.2412016600756,5,,
Car 274,,,,,,gave_up,5,"no alternate charger available, gave up",1215.276155724728,,,
Car 328,,,,,8,switch,,"Charger 8 (fid=3) not available, trying Charger 14 (fid=9)",1215.3945265022962,14,,
Car 297,,,,,6,switch,,"Charger 6 (fid=1) not available, trying Charger 2 (fid=307904)",1215.423828085625,2,,
Car 261,118.0,308702,1,,,done,,done charging,1215.4519111700342,,,278.98134534169867
Car 283,,,,,8,switch,,"Charger 8 (fid=3) not available, trying Charger 9 (fid=91)",1216.3134668919574,9,,
Car 326,,,,,12,switch,,"Charger 12 (fid=7) not available, trying Charger 4 (fid=308108)",1216.550858064053,4,,
Car 307,,,,,6,switch,,"Charger 6 (fid=1) not available, trying Charger 10 (fid=4)",1216.6483124655274,10,,
Car 315,,,,,14,switch,,"Charger 14 (fid=9) not available, trying Charger 1 (fid=308702)",1217.0958683140047,1,,
Car 321,,,,,5,switch,,"Charger 5 (fid=5) not available, trying Charger 10 (fid=4)",1217.2776506691616,10,,
Car 306,,,,,10,switch,,"Charger 10 (fid=4) not available, trying Charger 6 (fid=1)",1217.3413991796026,6,,
Car 329,,,,46,,arrived,,arrived,1217.4492930251638,,,
Car 329,,308702,1,,,start_charge,,starting to charge at Charger 1 (fid=308702),1217.4492930251638,,0.0,
Car 279,,,,,9,switch,,"Charger 9 (fid=91) not available, trying Charger 1 (fid=308702)",1217.6740451569835,1,,
Car 292,,,,,2,switch,,"Charger 2 (fid=307904) not available, trying Charger 3 (fid=307905)",1217.9512031442957,3,,
Car 325,,,,,5,switch,,"Charger 5 (fid=5) not available, trying Charger 10 (fid=4)",1218.0629008926912,10,,
Car 324,,,,,11,switch,,"Charger 11 (fid=6) not available, trying Charger 2 (fid=307904)",1218.4235130412249,2,,
Car 272,,,,,,gave_up,4,"no alternate charger available, gave up",1218.5327567716963,,,
Car 300,,,,,8,switch,,"Charger 8 (fid=3) not available, trying Charger 9 (fid=91)",1218.830929969047,9,,
Car 312,,,,,11,switch,,"Charger 11 (fid=6) not available, trying Charger 14 (fid=9)",1219.4461896412288,14,,
Car 327,,,,,4,switch,,"Charger 4 (fid=308108) not available, trying Charger 6 (fid=1)",1220.913105105201,6,,
Car 299,,,,,14,switch,,"Charger 14 (fid=9) not available, trying Charger 13 (fid=8)",1221.4925519483036,13,,
Car 322,,,,,12,switch,,"Charger 12 (fid=7) not available, trying Charger 2 (fid=307904)",1221.5361762573584,2,,
Car 297,,,,,2,switch,,"Charger 2 (fid=307904) not available, trying Charger 3 (fid=307905)",1221.6136816469457,3,,
Car 286,96.0,5,5,,,done,,done charging,1221.7817242866395,,,148.86565000518124
Car 298,,5,5,,,start_charge,,starting to charge at Charger 5 (fid=5),1222.8704331537,,45.0,
Car 301,,,,,8,switch,,"Charger 8 (fid=3) not available, trying Charger 9 (fid=91)",1222.9266919990218,9,,
Car 318,,,,,14,switch,,"Charger 14 (fid=9) not available, trying Charger 1 (fid=308702)",1223.0503082792643,1,,
Car 321,,,,,10,switch,,"Charger 10 (fid=4) not available, trying Charger 13 (fid=8)",1223.1660507175498,13,,
Car 326,,,,,4,switch,,"Charger 4 (fid=308108) not available, trying Charger 2 (fid=307904)",1223.2131873994836,2,,
Car 292,,,,,3,switch,,"Charger 3 (fid=307905) not available, trying Charger 12 (fid=7)",1223.21482932586,12,,
Car 288,,,,,13,switch,,"Charger 13 (fid=8) not available, trying Charger 10 (fid=4)",1223.3478951192703,10,,
Car 269,90.0,91,9,,,done,,done charging,1223.49736514199,,,506.59790821914265
Car 283,,91,9,,,start_charge,,starting to charge at Charger 9 (fid=91),1223.49736514199,,60.06648484013408,
Car 317,,,,,11,switch,,"Charger 11 (fid=6) not available, trying Charger 13 (fid=8)",1223.7767227247793,13,,
Car 325,,,,,10,switch,,"Charger 10 (fid=4) not available, trying Charger 0 (fid=308440)",1223.9513009410794,0,,
Car 285,,,,,7,switch,,"Charger 7 (fid=2) not available, trying Charger 1 (fid=308702)",1224.3436676186766,1,,
Car 319,,,,,12,switch,,"Charger 12 (fid=7) not available, trying Charger 6 (fid=1)",1224.4178086417126,6,,
Car 328,,,,,14,switch,,"Charger 14 (fid=9) not available, trying Charger 11 (fid=6)",1224.4822798035116,11,,
Car 308,,,,,8,switch,,"Charger 8 (fid=3) not available, trying Charger 6 (fid=1)",1224.781077435303,6,,
Car 320,,,,,2,switch,,"Charger 2 (fid=307904) not available, trying Charger 3 (fid=307905)",1226.70150815772,3,,
Car 324,,,,,2,switch,,"Charger 2 (fid=307904) not available, trying Charger 3 (fid=307905)",1226.7481972796843,3,,
Car 297,,,,,3,switch,,"Charger 3 (fid=307905) not available, trying Charger 12 (fid=7)",1226.8773078285099,12,,
Car 315,,,,,1,switch,,"Charger 1 (fid=308702) not available, trying Charger 12 (fid=7)",1227.017120049291,12,,
Car 282,102.0,3,8,,,done,,done charging,1227.5009873569911,,,228.93059149510836
Car 299,,,,,13,switch,,"Charger 13 (fid=8) not available, trying Charger 1 (fid=308702)",1227.9124564715303,1,,
Car 307,,,,,10,switch,,"Charger 10 (fid=4) not available, trying Charger 5 (fid=5)",1228.5860076815663,5,,
Car 327,,,,,6,switch,,"Charger 6 (fid=1) not available, trying Charger 7 (fid=2)",1228.7644845961606,7,,
Car 312,,,,,14,switch,,"Charger 14 (fid=9) not available, trying Charger 8 (fid=3)",1228.8621226387793,8,,
Car 322,,,,,2,switch,,"Charger 2 (fid=307904) not available, trying Charger 3 (fid=307905)",1229.1153686692485,3,,
Car 306,,,,,6,switch,,"Charger 6 (fid=1) not available, trying Charger 5 (fid=5)",1229.2790943956416,5,,
Car 330,,,,61,,arrived,,arrived,1229.5956625650083,,,
Car 330,,3,8,,,start_charge,,starting to charge at Charger 8 (fid=3),1229.5956625650083,,0.0,
Car 331,,,,48,,arrived,,arrived,1230.0857751568017,,,
Car 321,,,,,13,switch,,"Charger 13 (fid=8) not available, trying Charger 14 (fid=9)",1230.6313555369222,14,,
Car 292,,,,,12,switch,,"Charger 12 (fid=7) not available, trying Charger 4 (fid=308108)",1230.8103585693707,4,,
Car 288,,,,,10,switch,,"Charger 10 (fid=4) not available, trying Charger 1 (fid=308702)",1230.8131999386428,1,,
Car 300,,,,,9,switch,,"Charger 9 (fid=91) not available, trying Charger 10 (fid=4)",1230.9483433789455,10,,
Car 319,,,,,6,switch,,"Charger 6 (fid=1) not available, trying Charger 4 (fid=308108)",1231.3422475299305,4,,
Car 326,,,,,2,switch,,"Charger 2 (fid=307904) not available, trying Charger 3 (fid=307905)",1231.719320414115,3,,
Car 279,,,,,,gave_up,1,"no alternate charger available, gave up",1231.826179733478,,,
Car 320,,,,,3,switch,,"Charger 3 (fid=307905) not available, trying Charger 14 (fid=9)",1231.965134339284,14,,
Car 324,,,,,3,switch,,"Charger 3 (fid=307905) not available, trying Charger 6 (fid=1)",1232.0118234612485,6,,
Car 318,,,,,1,switch,,"Charger 1 (fid=308702) not available, trying Charger 12 (fid=7)",1232.9715600145505,12,,
Car 332,,,,11,,arrived,,arrived,1233.0722852949305,,,
Car 328,,,,,11,switch,,"Charger 11 (fid=6) not available, trying Charger 13 (fid=8)",1233.898212801062,13,,
Car 317,,,,,13,switch,,"Charger 13 (fid=8) not available, trying Charger 2 (fid=307904)",1234.074093618982,2,,
Car 325,,,,,0,switch,,"Charger 0 (fid=308440) not available, trying Charger 13 (fid=8)",1234.302486684543,13,,
Car 322,,,,,3,switch,,"Charger 3 (fid=307905) not available, trying Charger 6 (fid=1)",1234.3789948508127,6,,
Car 297,,,,,12,switch,,"Charger 12 (fid=7) not available, trying Charger 4 (fid=308108)",1234.4728370720206,4,,
Car 307,,,,,5,switch,,"Charger 5 (fid=5) not available, trying Charger 13 (fid=8)",1234.4744077299545,13,,
Car 301,,,,,9,switch,,"Charger 9 (fid=91) not available, trying Charger 13 (fid=8)",1235.0441054089204,13,,
Car 331,,,,,1,switch,,"Charger 1 (fid=308702) not available, trying Charger 5 (fid=5)",1235.0857751568017,5,,
Car 308,,,,,6,switch,,"Charger 6 (fid=1) not available, trying Charger 2 (fid=307904)",1235.6150435850232,2,,
Car 327,,,,,7,switch,,"Charger 7 (fid=2) not available, trying Charger 2 (fid=307904)",1236.4048358965179,2,,
Car 262,71.0,7,12,,,done,,done charging,1236.8356008417602,,,447.84523613054915
Car 315,,7,12,,,start_charge,,starting to charge at Charger 12 (fid=7),1236.8356008417602,,37.347345264963224,
Car 326,,,,,3,switch,,"Charger 3 (fid=307905) not available, trying Charger 14 (fid=9)",1236.982946595679,14,,
Car 321,,,,,14,switch,,"Charger 14 (fid=9) not available, trying Charger 11 (fid=6)",1237.051260060149,11,,
Car 292,,,,,4,switch,,"Charger 4 (fid=308108) not available, trying Charger 7 (fid=2)",1237.4726879048012,7,,
Car 285,,,,,1,switch,,"Charger 1 (fid=308702) not available, trying Charger 9 (fid=91)",1237.5567834384017,9,,
Car 299,,,,,1,switch,,"Charger 1 (fid=308702) not available, trying Charger 10 (fid=4)",1237.7616103955183,10,,
Car 312,,,,,8,switch,,"Charger 8 (fid=3) not available, trying Charger 0 (fid=308440)",1237.9498759399946,0,,
Car 332,,,,,11,switch,,"Charger 11 (fid=6) not available, trying Charger 14 (fid=9)",1238.0722852949305,14,,
Car 333,,,,5,,arrived,,arrived,1238.1229256137835,,,
Car 324,,,,,6,switch,,"Charger 6 (fid=1) not available, trying Charger 1 (fid=308702)",1238.2180138541898,1,,
Car 288,,,,,1,switch,,"Charger 1 (fid=308702) not available, trying Charger 5 (fid=5)",1239.1623157290594,5,,
Car 319,,,,,4,switch,,"Charger 4 (fid=308108) not available, trying Charger 2 (fid=307904)",1239.19362702089,2,,
Car 322,,,,,6,switch,,"Charger 6 (fid=1) not available, trying Charger 11 (fid=6)",1240.585185243754,11,,
Car 297,,,,,4,switch,,"Charger 4 (fid=308108) not available, trying Charger 7 (fid=2)",1241.1351664074512,7,,
Car 306,,,,,5,switch,,"Charger 5 (fid=5) not available, trying Charger 13 (fid=8)",1241.4227871786838,13,,
Car 308,,,,,2,switch,,"Charger 2 (fid=307904) not available, trying Charger 3 (fid=307905)",1241.8048971463438,3,,
Car 307,,,,,13,switch,,"Charger 13 (fid=8) not available, trying Charger 12 (fid=7)",1242.4097756695742,12,,
Car 320,,,,,14,switch,,"Charger 14 (fid=9) not available, trying Charger 10 (fid=4)",1243.0497004746337,10,,
Car 333,,,,,5,switch,,"Charger 5 (fid=5) not available, trying Charger 10 (fid=4)",1243.1229256137835,10,,
Car 331,,,,,5,switch,,"Charger 5 (fid=5) not available, trying Charger 10 (fid=4)",1243.6408885142216,10,,
Car 292,,,,,7,switch,,"Charger 7 (fid=2) not available, trying Charger 9 (fid=91)",1244.0754723047605,9,,
Car 287,119.0,308440,0,,,done,,done charging,1244.1788654280917,,,258.4542080520505
Car 328,,,,,13,switch,,"Charger 13 (fid=8) not available, trying Charger 12 (fid=7)",1244.1955836952648,12,,
Car 327,,,,,2,switch,,"Charger 2 (fid=307904) not available, trying Charger 3 (fid=307905)",1244.6999407205471,3,,
Car 312,,308440,0,,,start_charge,,starting to charge at Charger 0 (fid=308440),1244.7733286076843,,50.0,
Car 325,,,,,13,switch,,"Charger 13 (fid=8) not available, trying Charger 14 (fid=9)",1244.8921229653056,14,,
Car 300,,,,,10,switch,,"Charger 10 (fid=4) not available, trying Charger 7 (fid=2)",1245.1889032586625,7,,
Car 318,,,,,12,switch,,"Charger 12 (fid=7) not available, trying Charger 8 (fid=3)",1245.4426955420565,8,,
Car 267,92.0,4,10,,,done,,done charging,1245.6508258047215,,,366.3472643452463
Car 299,,4,10,,,start_charge,,starting to charge at Charger 10 (fid=4),1245.6508258047215,,69.5400996187866,
Car 317,,,,,2,switch,,"Charger 2 (fid=307904) not available, trying Charger 3 (fid=307905)",1246.0237608193631,3,,
Car 321,,,,,11,switch,,"Charger 11 (fid=6) not available, trying Charger 2 (fid=307904)",1246.4671930576994,2,,
Car 246,113.0,2,7,,,done,,done charging,1247.0478710006485,,,771.0217526470597
Car 297,,2,7,,,start_charge,,starting to charge at Charger 7 (fid=2),1247.0478710006485,,69.30992019323799,
Car 308,,,,,3,switch,,"Charger 3 (fid=307905) not available, trying Charger 12 (fid=7)",1247.068523327908,12,,
Car 332,,,,,14,switch,,"Charger 14 (fid=9) not available, trying Charger 0 (fid=308440)",1247.488218292481,0,,
Car 334,,,,37,,arrived,,arrived,1247.5310854729375,,,
Car 335,,,,25,,arrived,,arrived,1247.6990096247614,,,
Car 319,,,,,2,switch,,"Charger 2 (fid=307904) not available, trying Charger 3 (fid=307905)",1247.6997600355214,3,,
Car 288,,,,,,gave_up,5,"no alternate charger available, gave up",1247.7174290864793,,,
Car 326,,,,,14,switch,,"Charger 14 (fid=9) not available, trying Charger 11 (fid=6)",1248.0675127310287,11,,
Car 301,,,,,13,switch,,"Charger 13 (fid=8) not available, trying Charger 10 (fid=4)",1248.35755074,10,,
Car 322,,,,,11,switch,,"Charger 11 (fid=6) not available, trying Charger 0 (fid=308440)",1248.9018687324578,0,,
Car 333,,,,,10,switch,,"Charger 10 (fid=4) not available, trying Charger 13 (fid=8)",1249.0113256621717,13,,
Car 306,,,,,13,switch,,"Charger 13 (fid=8) not available, trying Charger 12 (fid=7)",1249.3581551183036,12,,
Car 331,,,,,10,switch,,"Charger 10 (fid=4) not available, trying Charger 0 (fid=308440)",1249.5292885626097,0,,
Car 323,48.0,91,9,,,done,,done charging,1249.8035210299565,,,92.62963517493255
Car 292,,91,9,,,start_charge,,starting to charge at Charger 9 (fid=91),1249.8035210299565,,73.90105753816738,
Car 327,,,,,3,switch,,"Charger 3 (fid=307905) not available, trying Charger 9 (fid=91)",1249.9635669021113,9,,
Car 324,,,,,1,switch,,"Charger 1 (fid=308702) not available, trying Charger 14 (fid=9)",1250.0819436564746,14,,
Car 277,80.0,1,6,,,done,,done charging,1250.9236644215005,,,605.873750552207
Car 317,,,,,3,switch,,"Charger 3 (fid=307905) not available, trying Charger 7 (fid=2)",1251.2873870009273,7,,
Car 325,,,,,14,switch,,"Charger 14 (fid=9) not available, trying Charger 11 (fid=6)",1251.3120274885323,11,,
Car 320,,,,,10,switch,,"Charger 10 (fid=4) not available, trying Charger 6 (fid=1)",1251.3222817152948,6,,
Car 285,,,,,,gave_up,9,"no alternate charger available, gave up",1251.7089180148962,,,
Car 336,,,,72,,arrived,,arrived,1251.7589386667826,,,
Car 334,,,,,10,switch,,"Charger 10 (fid=4) not available, trying Charger 5 (fid=5)",1252.5310854729375,5,,
Car 335,,,,,0,switch,,"Charger 0 (fid=308440) not available, trying Charger 11 (fid=6)",1252.6990096247614,11,,
Car 319,,,,,3,switch,,"Charger 3 (fid=307905) not available, trying Charger 7 (fid=2)",1252.9633862170856,7,,
Car 307,,,,,12,switch,,"Charger 12 (fid=7) not available, trying Charger 8 (fid=3)",1253.905895047558,8,,
Car 296,78.0,9,14,,,done,,done charging,1254.6298901654807,,,289.2628521161551
Car 308,,,,,12,switch,,"Charger 12 (fid=7) not available, trying Charger 4 (fid=308108)",1254.6640525714188,4,,
Car 321,,,,,2,switch,,"Charger 2 (fid=307904) not available, trying Charger 3 (fid=307905)",1254.7918772961589,3,,
Car 324,,9,14,,,start_charge,,starting to charge at Charger 14 (fid=9),1255.0031953917608,,30.0,
Car 304,90.0,308108,4,,,done,,done charging,1255.6792058803403,,,138.47203364136507
Car 328,,,,,12,switch,,"Charger 12 (fid=7) not available, trying Charger 6 (fid=1)",1255.6917030732486,6,,
Car 305,101.0,307904,2,,,done,,done charging,1255.7828717651055,,,134.89564883798306
Car 301,,,,,10,switch,,"Charger 10 (fid=4) not available, trying Charger 1 (fid=308702)",1255.8228555593726,1,,
Car 318,,,,,8,switch,,"Charger 8 (fid=3) not available, trying Charger 9 (fid=91)",1256.2164530784626,9,,
Car 308,,308108,4,,,start_charge,,starting to charge at Charger 4 (fid=308108),1256.3263819068493,,60.0,
Car 333,,,,,13,switch,,"Charger 13 (fid=8) not available, trying Charger 1 (fid=308702)",1256.4766304815441,1,,
Car 336,,,,,0,switch,,"Charger 0 (fid=308440) not available, trying Charger 11 (fid=6)",1256.7589386667826,11,,
Car 337,,,,7,,arrived,,arrived,1256.9536769383762,,,
Car 332,,,,,0,switch,,"Charger 0 (fid=308440) not available, trying Charger 13 (fid=8)",1257.3058323944592,13,,
Car 326,,,,,11,switch,,"Charger 11 (fid=6) not available, trying Charger 8 (fid=3)",1257.4834457285792,8,,
Car 328,,1,6,,,start_charge,,starting to charge at Charger 6 (fid=1),1257.6161419614666,,25.0,
Car 327,,,,,9,switch,,"Charger 9 (fid=91) not available, trying Charger 11 (fid=6)",1257.8915482820244,11,,
Car 322,,,,,0,switch,,"Charger 0 (fid=308440) not available, trying Charger 8 (fid=3)",1258.0703997213107,8,,
Car 334,,,,,5,switch,,"Charger 5 (fid=5) not available, trying Charger 14 (fid=9)",1258.4194855213257,14,,
Car 300,,,,,7,switch,,"Charger 7 (fid=2) not available, trying Charger 5 (fid=5)",1258.4757844921419,5,,
Car 317,,,,,7,switch,,"Charger 7 (fid=2) not available, trying Charger 9 (fid=91)",1259.5988286565773,9,,
Car 331,,,,,0,switch,,"Charger 0 (fid=308440) not available, trying Charger 13 (fid=8)",1259.8804743060734,13,,
Car 321,,,,,3,switch,,"Charger 3 (fid=307905) not available, trying Charger 6 (fid=1)",1260.055503477723,6,,
Car 325,,,,,11,switch,,"Charger 11 (fid=6) not available, trying Charger 2 (fid=307904)",1260.7279604860828,2,,
Car 306,,,,,12,switch,,"Charger 12 (fid=7) not available, trying Charger 8 (fid=3)",1260.8542744962874,8,,
Car 319,,,,,7,switch,,"Charger 7 (fid=2) not available, trying Charger 10 (fid=4)",1261.2748278727356,10,,
Car 293,95.0,307905,3,,,done,,done charging,1261.6350329742636,,,282.0083029856444
Car 335,,,,,11,switch,,"Charger 11 (fid=6) not available, trying Charger 2 (fid=307904)",1261.8675406136142,2,,
Car 337,,,,,12,switch,,"Charger 12 (fid=7) not available, trying Charger 4 (fid=308108)",1261.9536769383762,4,,
Car 278,110.0,1,6,,,done,,done charging,1262.3029361120975,,,356.73201073125136
Car 320,,1,6,,,start_charge,,starting to charge at Charger 6 (fid=1),1262.3029361120975,,39.04295918076377,
Car 325,,307904,2,,,start_charge,,starting to charge at Charger 2 (fid=307904),1264.0526447245422,,35.0,
Car 301,,,,,1,switch,,"Charger 1 (fid=308702) not available, trying Charger 5 (fid=5)",1264.1719713497891,5,,
Car 307,,,,,8,switch,,"Charger 8 (fid=3) not available, trying Charger 9 (fid=91)",1264.679652583964,9,,
Car 336,,,,,11,switch,,"Charger 11 (fid=6) not available, trying Charger 1 (fid=308702)",1265.9274696556354,1,,
Car 321,,,,,6,switch,,"Charger 6 (fid=1) not available, trying Charger 12 (fid=7)",1266.2616938706644,12,,
Car 333,,,,,1,switch,,"Charger 1 (fid=308702) not available, trying Charger 14 (fid=9)",1266.3257844055322,14,,
Car 338,,,,40,,arrived,,arrived,1266.4126640748937,,,
Car 317,,,,,9,switch,,"Charger 9 (fid=91) not available, trying Charger 10 (fid=4)",1266.425819843606,10,,
Car 334,,,,,14,switch,,"Charger 14 (fid=9) not available, trying Charger 13 (fid=8)",1267.0729244296306,13,,
Car 326,,,,,8,switch,,"Charger 8 (fid=3) not available, trying Charger 7 (fid=2)",1267.2783143647002,7,,
Car 332,,,,,13,switch,,"Charger 13 (fid=8) not available, trying Charger 10 (fid=4)",1267.8954686752218,10,,
Car 318,,,,,9,switch,,"Charger 9 (fid=91) not available, trying Charger 10 (fid=4)",1268.333866488361,10,,
Car 339,,,,25,,arrived,,arrived,1268.5008388216017,,,
Car 337,,,,,4,switch,,"Charger 4 (fid=308108) not available, trying Charger 6 (fid=1)",1268.6160062738068,6,,
Car 327,,,,,11,switch,,"Charger 11 (fid=6) not available, trying Charger 14 (fid=9)",1268.6369610719537,14,,
Car 322,,,,,8,switch,,"Charger 8 (fid=3) not available, trying Charger 14 (fid=9)",1269.8938523890004,14,,
Car 335,,,,,2,switch,,"Charger 2 (fid=307904) not available, trying Charger 3 (fid=307905)",1270.1922248520737,3,,
Car 335,,307905,3,,,start_charge,,starting to charge at Charger 3 (fid=307905),1270.4558510336378,,15.0,
Car 331,,,,,13,switch,,"Charger 13 (fid=8) not available, trying Charger 14 (fid=9)",1270.470110586836,14,,
Car 338,,,,,8,switch,,"Charger 8 (fid=3) not available, trying Charger 14 (fid=9)",1271.4126640748937,14,,
Car 306,,,,,8,switch,,"Charger 8 (fid=3) not available, trying Charger 7 (fid=2)",1271.6280320326935,7,,
Car 310,71.0,4,10,,,done,,done charging,1271.6596085637952,,,325.69848822236025
Car 319,,4,10,,,start_charge,,starting to charge at Charger 10 (fid=4),1271.6596085637952,,52.0978994575803,
Car 311,75.0,9,14,,,done,,done charging,1271.7118877158716,,,304.3314610617948
Car 333,,9,14,,,start_charge,,starting to charge at Charger 14 (fid=9),1271.7118877158716,,20.464851575053217,
Car 300,,,,,5,switch,,"Charger 5 (fid=5) not available, trying Charger 13 (fid=8)",1271.9686632926246,13,,
Car 301,,,,,,gave_up,5,"no alternate charger available, gave up",1272.727084707209,,,
Car 321,,,,,12,switch,,"Charger 12 (fid=7) not available, trying Charger 8 (fid=3)",1273.1861327588824,8,,
Car 334,,,,,13,switch,,"Charger 13 (fid=8) not available, trying Charger 1 (fid=308702)",1273.4928289528573,1,,
Car 339,,,,,1,switch,,"Charger 1 (fid=308702) not available, trying Charger 5 (fid=5)",1273.5008388216017,5,,
Car 332,,,,,10,switch,,"Charger 10 (fid=4) not available, trying Charger 5 (fid=5)",1275.3607734945942,5,,
Car 336,,,,,1,switch,,"Charger 1 (fid=308702) not available, trying Charger 2 (fid=307904)",1276.1445814967842,2,,
Car 337,,,,,6,switch,,"Charger 6 (fid=1) not available, trying Charger 7 (fid=2)",1276.4673857647663,7,,
Car 307,,,,,9,switch,,"Charger 9 (fid=91) not available, trying Charger 7 (fid=2)",1276.7970659938626,7,,
Car 331,,,,,14,switch,,"Charger 14 (fid=9) not available, trying Charger 11 (fid=6)",1276.8900151100627,11,,
Car 291,97.0,308440,0,,,done,,done charging,1277.4689140298506,,,355.17279174772494
Car 340,,,,4,,arrived,,arrived,1277.6093696622402,,,
Car 327,,,,,14,switch,,"Charger 14 (fid=9) not available, trying Charger 8 (fid=3)",1278.0528940695042,8,,
Car 326,,,,,7,switch,,"Charger 7 (fid=2) not available, trying Charger 13 (fid=8)",1278.788100491477,13,,
Car 322,,,,,14,switch,,"Charger 14 (fid=9) not available, trying Charger 13 (fid=8)",1278.9816056902157,13,,
Car 341,,,,5,,arrived,,arrived,1279.1870401675803,,,
Car 300,,,,,13,switch,,"Charger 13 (fid=8) not available, trying Charger 4 (fid=308108)",1279.9040312322443,4,,
Car 338,,,,,14,switch,,"Charger 14 (fid=9) not available, trying Charger 6 (fid=1)",1280.500417376109,6,,
Car 317,,,,,10,switch,,"Charger 10 (fid=4) not available, trying Charger 5 (fid=5)",1280.666379723323,5,,
Car 332,,,,,5,switch,,"Charger 5 (fid=5) not available, trying Charger 6 (fid=1)",1281.2491735429824,6,,
Car 339,,,,,5,switch,,"Charger 5 (fid=5) not available, trying Charger 10 (fid=4)",1282.0559521790217,10,,
Car 318,,,,,10,switch,,"Charger 10 (fid=4) not available, trying Charger 7 (fid=2)",1282.574426368078,7,,
Car 340,,,,,11,switch,,"Charger 11 (fid=6) not available, trying Charger 6 (fid=1)",1282.6093696622402,6,,
Car 259,107.0,308108,4,,,done,,done charging,1282.9849590743038,,,768.2680588065541
Car 306,,,,,7,switch,,"Charger 7 (fid=2) not available, trying Charger 9 (fid=91)",1283.1378181594703,9,,
Car 334,,,,,1,switch,,"Charger 1 (fid=308702) not available, trying Charger 11 (fid=6)",1283.3419828768453,11,,
Car 307,,,,,7,switch,,"Charger 7 (fid=2) not available, trying Charger 4 (fid=308108)",1283.6240571808912,4,,
Car 313,111.0,3,8,,,done,,done charging,1283.800976744179,,,332.1682651696135
Car 321,,3,8,,,start_charge,,starting to charge at Charger 8 (fid=3),1283.800976744179,,59.841086448890564,
Car 337,,,,,7,switch,,"Charger 7 (fid=2) not available, trying Charger 2 (fid=307904)",1284.1077370651235,2,,
Car 341,,,,,5,switch,,"Charger 5 (fid=5) not available, trying Charger 10 (fid=4)",1284.1870401675803,10,,
Car 307,,308108,4,,,start_charge,,starting to charge at Charger 4 (fid=308108),1285.2268415808505,,70.0,
Car 322,,,,,13,switch,,"Charger 13 (fid=8) not available, trying Charger 1 (fid=308702)",1285.4015102134424,1,,
Car 331,,,,,11,switch,,"Charger 11 (fid=6) not available, trying Charger 2 (fid=307904)",1286.3059481076132,2,,
Car 317,,,,,5,switch,,"Charger 5 (fid=5) not available, trying Charger 0 (fid=308440)",1286.554779771711,0,,
Car 327,,,,,8,switch,,"Charger 8 (fid=3) not available, trying Charger 0 (fid=308440)",1287.1406473707195,0,,
Car 275,93.0,2,7,,,done,,done charging,1287.6104422566725,,,662.4482116119057
Car 336,,,,,2,switch,,"Charger 2 (fid=307904) not available, trying Charger 3 (fid=307905)",1287.6323608749296,3,,
Car 315,51.0,7,12,,,done,,done charging,1287.8356008417602,,,405.29214613674037
Car 339,,,,,10,switch,,"Charger 10 (fid=4) not available, trying Charger 0 (fid=308440)",1287.9443522274098,0,,
Car 309,80.0,7,12,,,done,,done charging,1289.07729952656,,,426.2644160503435
Car 306,,,,,9,switch,,"Charger 9 (fid=91) not available, trying Charger 4 (fid=308108)",1289.964809346499,4,,
Car 341,,,,,10,switch,,"Charger 10 (fid=4) not available, trying Charger 13 (fid=8)",1290.0754402159685,13,,
Car 318,,2,7,,,start_charge,,starting to charge at Charger 7 (fid=2),1290.8613076015574,,55.0,
Car 342,,,,68,,arrived,,arrived,1290.861495063315,,,
Car 342,,308440,0,,,start_charge,,starting to charge at Charger 0 (fid=308440),1290.861495063315,,0.0,
Car 340,,,,,6,switch,,"Charger 6 (fid=1) not available, trying Charger 2 (fid=307904)",1290.926053150944,2,,
Car 338,,,,,6,switch,,"Charger 6 (fid=1) not available, trying Charger 12 (fid=7)",1290.979729037365,12,,
Car 326,,,,,13,switch,,"Charger 13 (fid=8) not available, trying Charger 9 (fid=91)",1291.4939185394348,9,,
Car 300,,,,,,gave_up,4,"no alternate charger available, gave up",1291.5787449854522,,,
Car 337,,,,,2,switch,,"Charger 2 (fid=307904) not available, trying Charger 3 (fid=307905)",1292.4028418891528,3,,
Car 330,63.0,3,8,,,done,,done charging,1292.5956625650083,,,140.0749914334876
Car 336,,,,,3,switch,,"Charger 3 (fid=307905) not available, trying Charger 14 (fid=9)",1292.8959870564938,14,,
Car 338,,7,12,,,start_charge,,starting to charge at Charger 12 (fid=7),1292.904167925583,,15.0,
Car 332,,,,,6,switch,,"Charger 6 (fid=1) not available, trying Charger 2 (fid=307904)",1293.3928663260247,2,,
Car 334,,,,,11,switch,,"Charger 11 (fid=6) not available, trying Charger 0 (fid=308440)",1293.5590947179942,0,,
Car 331,,,,,2,switch,,"Charger 2 (fid=307904) not available, trying Charger 3 (fid=307905)",1294.6306323460726,3,,
Car 322,,,,,1,switch,,"Charger 1 (fid=308702) not available, trying Charger 10 (fid=4)",1295.2506641374305,10,,
Car 317,,,,,0,switch,,"Charger 0 (fid=308440) not available, trying Charger 1 (fid=308702)",1297.1119630821781,1,,
Car 340,,,,,2,switch,,"Charger 2 (fid=307904) not available, trying Charger 3 (fid=307905)",1297.1159067122646,3,,
Car 306,,,,,,gave_up,4,"no alternate charger available, gave up",1297.17522102958,,,
Car 341,,,,,13,switch,,"Charger 13 (fid=8) not available, trying Charger 1 (fid=308702)",1297.540745035341,1,,
Car 337,,,,,3,switch,,"Charger 3 (fid=307905) not available, trying Charger 9 (fid=91)",1297.666468070717,9,,
Car 339,,,,,0,switch,,"Charger 0 (fid=308440) not available, trying Charger 13 (fid=8)",1298.2955379708735,13,,
Car 327,,,,,0,switch,,"Charger 0 (fid=308440) not available, trying Charger 13 (fid=8)",1298.9641000384092,13,,
Car 332,,,,,2,switch,,"Charger 2 (fid=307904) not available, trying Charger 3 (fid=307905)",1299.5827198873453,3,,
Car 331,,,,,3,switch,,"Charger 3 (fid=307905) not available, trying Charger 6 (fid=1)",1299.8942585276368,6,,
Car 314,104.0,6,11,,,done,,done charging,1300.2318927618649,,,263.53462257286213
Car 340,,,,,3,switch,,"Charger 3 (fid=307905) not available, trying Charger 12 (fid=7)",1302.3795328938288,12,,
Car 334,,,,,0,switch,,"Charger 0 (fid=308440) not available, trying Charger 8 (fid=3)",1302.727625706847,8,,
Car 322,,,,,10,switch,,"Charger 10 (fid=4) not available, trying Charger 5 (fid=5)",1303.599779927847,5,,
Car 336,,,,,14,switch,,"Charger 14 (fid=9) not available, trying Charger 10 (fid=4)",1303.9805531918435,10,,
Car 326,,,,,9,switch,,"Charger 9 (fid=91) not available, trying Charger 10 (fid=4)",1304.8073638705146,10,,
Car 332,,,,,3,switch,,"Charger 3 (fid=307905) not available, trying Charger 1 (fid=308702)",1304.8463460689095,1,,
Car 340,,7,12,,,start_charge,,starting to charge at Charger 12 (fid=7),1304.9750621373396,,20.0,
Car 317,,,,,,gave_up,1,"no alternate charger available, gave up",1305.2224157095766,,,
Car 337,,,,,9,switch,,"Charger 9 (fid=91) not available, trying Charger 11 (fid=6)",1305.59444945063,11,,
Car 331,,,,,6,switch,,"Charger 6 (fid=1) not available, trying Charger 12 (fid=7)",1306.1004489205782,12,,
Car 343,,,,71,,arrived,,arrived,1306.5725389791562,,,
Car 341,,,,,1,switch,,"Charger 1 (fid=308702) not available, trying Charger 14 (fid=9)",1307.389898959329,14,,
Car 302,110.0,6,11,,,done,,done charging,1308.5142698599088,,,441.27099548708674
Car 339,,,,,13,switch,,"Charger 13 (fid=8) not available, trying Charger 14 (fid=9)",1308.885174251636,14,,
Car 344,,,,37,,arrived,,arrived,1309.2930086846109,,,
Car 322,,,,,,gave_up,5,"no alternate charger available, gave up",1309.4881799762352,,,
Car 334,,3,8,,,start_charge,,starting to charge at Charger 8 (fid=3),1309.5510783745367,,35.0,
Car 327,,,,,13,switch,,"Charger 13 (fid=8) not available, trying Charger 10 (fid=4)",1309.5537363191718,10,,
Car 337,,6,11,,,start_charge,,starting to charge at Charger 11 (fid=6),1311.3398622405593,,35.0,
Car 343,,,,,0,switch,,"Charger 0 (fid=308440) not available, trying Charger 11 (fid=6)",1311.5725389791562,11,,
Car 336,,,,,10,switch,,"Charger 10 (fid=4) not available, trying Charger 6 (fid=1)",1312.2531344325046,6,,
Car 331,,,,,12,switch,,"Charger 12 (fid=7) not available, trying Charger 8 (fid=3)",1313.0248878087962,8,,
Car 345,,,,10,,arrived,,arrived,1313.6255278617473,,,
Car 292,64.0,91,9,,,done,,done charging,1313.8035210299565,,,792.423668166736
Car 344,,,,,10,switch,,"Charger 10 (fid=4) not available, trying Charger 5 (fid=5)",1314.2930086846109,5,,
Car 346,,,,8,,arrived,,arrived,1314.6289004635642,,,
Car 303,120.0,8,13,,,done,,done charging,1314.7730159136609,,,460.0371876154904
Car 345,,8,13,,,start_charge,,starting to charge at Charger 13 (fid=8),1314.7730159136609,,1.1474880519135695,
Car 347,,,,23,,arrived,,arrived,1315.1614163526413,,,
Car 339,,,,,14,switch,,"Charger 14 (fid=9) not available, trying Charger 11 (fid=6)",1315.3050787748627,11,,
Car 343,,6,11,,,start_charge,,starting to charge at Charger 11 (fid=6),1315.741069968009,,5.0,
Car 332,,,,,1,switch,,"Charger 1 (fid=308702) not available, trying Charger 8 (fid=3)",1316.3504622786756,8,,
Car 327,,,,,10,switch,,"Charger 10 (fid=4) not available, trying Charger 1 (fid=308702)",1317.0190411385443,1,,
Car 341,,,,,14,switch,,"Charger 14 (fid=9) not available, trying Charger 11 (fid=6)",1317.3111506946152,11,,
Car 284,112.0,8,13,,,done,,done charging,1317.9957646470168,,,529.8504381737437
Car 346,,8,13,,,start_charge,,starting to charge at Charger 13 (fid=8),1317.9957646470168,,3.3668641834526625,
Car 326,,,,,10,switch,,"Charger 10 (fid=4) not available, trying Charger 5 (fid=5)",1319.0479237502316,5,,
Car 348,,,,38,,arrived,,arrived,1319.0937522686443,,,
Car 347,,,,,0,switch,,"Charger 0 (fid=308440) not available, trying Charger 11 (fid=6)",1320.1614163526413,11,,
Car 344,,,,,5,switch,,"Charger 5 (fid=5) not available, trying Charger 14 (fid=9)",1320.181408732999,14,,
Car 349,,,,34,,arrived,,arrived,1321.9055967538402,,,
Car 328,66.0,1,6,,,done,,done charging,1323.6161419614666,,,485.9693802717032
Car 336,,1,6,,,start_charge,,starting to charge at Charger 6 (fid=1),1323.6161419614666,,39.4253123129231,
Car 312,79.0,308440,0,,,done,,done charging,1323.7733286076843,,,535.9953860775229
Car 331,,,,,8,switch,,"Charger 8 (fid=3) not available, trying Charger 7 (fid=2)",1323.7986453452022,7,,
Car 348,,,,,10,switch,,"Charger 10 (fid=4) not available, trying Charger 5 (fid=5)",1324.0937522686443,5,,
Car 339,,,,,11,switch,,"Charger 11 (fid=6) not available, trying Charger 2 (fid=307904)",1324.7210117724132,2,,
Car 326,,,,,5,switch,,"Charger 5 (fid=5) not available, trying Charger 0 (fid=308440)",1324.9363237986197,0,,
Car 327,,,,,1,switch,,"Charger 1 (fid=308702) not available, trying Charger 5 (fid=5)",1325.3681569289608,5,,
Car 316,116.0,308702,1,,,done,,done charging,1325.7968516641356,,,344.4659776306252
Car 349,,308702,1,,,start_charge,,starting to charge at Charger 1 (fid=308702),1325.7968516641356,,3.8912549102954017,
Car 276,116.0,5,5,,,done,,done charging,1326.6819248084714,,,595.0696088274275
Car 348,,5,5,,,start_charge,,starting to charge at Charger 5 (fid=5),1326.6819248084714,,6.699772491439035,
Car 341,,,,,11,switch,,"Charger 11 (fid=6) not available, trying Charger 0 (fid=308440)",1326.7270836921657,0,,
Car 344,,,,,14,switch,,"Charger 14 (fid=9) not available, trying Charger 13 (fid=8)",1328.834847641304,13,,
Car 332,,,,,8,switch,,"Charger 8 (fid=3) not available, trying Charger 12 (fid=7)",1329.2105320335647,12,,
Car 347,,,,,11,switch,,"Charger 11 (fid=6) not available, trying Charger 2 (fid=307904)",1329.329947341494,2,,
Car 326,,308440,0,,,start_charge,,starting to charge at Charger 0 (fid=308440),1330.4935071090867,,65.0,
Car 339,,,,,2,switch,,"Charger 2 (fid=307904) not available, trying Charger 3 (fid=307905)",1333.0456960108727,3,,
Car 333,62.0,9,14,,,done,,done charging,1333.7118877158716,,,304.3314610617948
Car 327,,,,,,gave_up,5,"no alternate charger available, gave up",1333.9232702863808,,,
Car 344,,,,,13,switch,,"Charger 13 (fid=8) not available, trying Charger 1 (fid=308702)",1335.2547521645306,1,,
Car 331,,,,,7,switch,,"Charger 7 (fid=2) not available, trying Charger 4 (fid=308108)",1335.308431471979,4,,
Car 283,112.0,91,9,,,done,,done charging,1335.49736514199,,,500.1571999459999
Car 341,,,,,0,switch,,"Charger 0 (fid=308440) not available, trying Charger 8 (fid=3)",1335.8956146810185,8,,
Car 329,119.0,308702,1,,,done,,done charging,1336.4492930251638,,,141.9503146929267
Car 298,114.0,5,5,,,done,,done charging,1336.8704331537,,,433.5813990820405
Car 347,,,,,2,switch,,"Charger 2 (fid=307904) not available, trying Charger 3 (fid=307905)",1337.6546315799535,3,,
Car 339,,,,,3,switch,,"Charger 3 (fid=307905) not available, trying Charger 6 (fid=1)",1338.3093221924369,6,,
Car 350,,,,81,,arrived,,arrived,1338.964120665653,,,
Car 332,,,,,12,switch,,"Charger 12 (fid=7) not available, trying Charger 7 (fid=2)",1339.9842895699708,7,,
Car 344,,308702,1,,,start_charge,,starting to charge at Charger 1 (fid=308702),1340.1039060885187,,20.0,
Car 331,,,,,4,switch,,"Charger 4 (fid=308108) not available, trying Charger 9 (fid=91)",1341.9112158719383,9,,
Car 347,,,,,3,switch,,"Charger 3 (fid=307905) not available, trying Charger 1 (fid=308702)",1342.9182577615177,1,,
Car 350,,,,,2,switch,,"Charger 2 (fid=307904) not available, trying Charger 3 (fid=307905)",1343.964120665653,3,,
Car 297,97.0,2,7,,,done,,done charging,1344.0478710006485,,,690.2972067488257
Car 332,,2,7,,,start_charge,,starting to charge at Charger 7 (fid=2),1344.0478710006485,,61.879360965222986,
Car 331,,91,9,,,start_charge,,starting to charge at Charger 9 (fid=91),1344.1216275550194,,70.0,
Car 339,,,,,6,switch,,"Charger 6 (fid=1) not available, trying Charger 12 (fid=7)",1344.5155125853782,12,,
Car 341,,,,,8,switch,,"Charger 8 (fid=3) not available, trying Charger 6 (fid=1)",1347.7190673487082,6,,
Car 350,,,,,3,switch,,"Charger 3 (fid=307905) not available, trying Charger 6 (fid=1)",1349.227746847217,6,,
Car 320,87.0,1,6,,,done,,done charging,1349.3029361120975,,,395.8459951890936
Car 299,104.0,4,10,,,done,,done charging,1349.6508258047215,,,795.282950796854
Car 319,78.0,4,10,,,done,,done charging,1349.6596085637952,,,548.9050254555979
Car 307,65.0,308108,4,,,done,,done charging,1350.2268415808505,,,621.4602387960314
Car 350,,1,6,,,start_charge,,starting to charge at Charger 6 (fid=1),1350.4339372401585,,10.0,
Car 324,96.0,9,14,,,done,,done charging,1351.0031953917608,,,379.77130886708414
Car 339,,,,,12,switch,,"Charger 12 (fid=7) not available, trying Charger 8 (fid=3)",1351.4399514735962,8,,
Car 308,96.0,308108,4,,,done,,done charging,1352.3263819068493,,,655.9173277300296
Car 347,,,,,1,switch,,"Charger 1 (fid=308702) not available, trying Charger 6 (fid=1)",1354.4223739712838,6,,
Car 341,,,,,6,switch,,"Charger 6 (fid=1) not available, trying Charger 2 (fid=307904)",1358.5530334984285,2,,
Car 321,78.0,3,8,,,done,,done charging,1361.800976744179,,,772.4769111180287
Car 339,,3,8,,,start_charge,,starting to charge at Charger 8 (fid=3),1361.800976744179,,59.58726773417675,
Car 342,72.0,308440,0,,,done,,done charging,1362.861495063315,,,46.13370440893304
Car 325,100.0,307904,2,,,done,,done charging,1364.0526447245422,,,658.5039604050388
Car 341,,307904,2,,,start_charge,,starting to charge at Charger 2 (fid=307904),1364.0526447245422,,49.309757664793096,
Car 351,,,,57,,arrived,,arrived,1364.7710931242714,,,
Car 351,,308440,0,,,start_charge,,starting to charge at Charger 0 (fid=308440),1364.7710931242714,,0.0,
Car 347,,,,,6,switch,,"Charger 6 (fid=1) not available, trying Charger 14 (fid=9)",1366.2863037735685,14,,
Car 335,96.0,307905,3,,,done,,done charging,1366.4558510336378,,,283.9304193513858
Car 338,74.0,7,12,,,done,,done charging,1366.904167925583,,,327.91023622015854
Car 352,,,,19,,arrived,,arrived,1368.2313768590384,,,
Car 353,,,,37,,arrived,,arrived,1370.4431113348044,,,
Car 353,,4,10,,,start_charge,,starting to charge at Charger 10 (fid=4),1370.4431113348044,,0.0,
Car 347,,9,14,,,start_charge,,starting to charge at Charger 14 (fid=9),1371.7656154348244,,30.0,
Car 340,68.0,7,12,,,done,,done charging,1372.9750621373396,,,236.74167101902574
Car 352,,,,,0,switch,,"Charger 0 (fid=308440) not available, trying Charger 1 (fid=308702)",1373.2313768590384,1,,
Car 354,,,,9,,arrived,,arrived,1374.1852970228467,,,
Car 354,,9,14,,,start_charge,,starting to charge at Charger 14 (fid=9),1374.1852970228467,,0.0,
Car 355,,,,124,,arrived,,arrived,1374.4292260198079,,,
Car 355,,,,,0,switch,,"Charger 0 (fid=308440) not available, trying Charger 1 (fid=308702)",1379.4292260198079,1,,
Car 352,,,,,1,switch,,"Charger 1 (fid=308702) not available, trying Charger 11 (fid=6)",1381.3418294864368,11,,
Car 346,67.0,8,13,,,done,,done charging,1384.9957646470168,,,51.031920891441445
Car 318,96.0,2,7,,,done,,done charging,1386.8613076015574,,,465.9073045615883
Car 355,,,,,1,switch,,"Charger 1 (fid=308702) not available, trying Charger 11 (fid=6)",1387.5396786472063,11,,
Car 356,,,,2,,arrived,,arrived,1390.6892919386594,,,
Car 356,,2,7,,,start_charge,,starting to charge at Charger 7 (fid=2),1390.6892919386594,,0.0,
Car 352,,,,,11,switch,,"Charger 11 (fid=6) not available, trying Charger 2 (fid=307904)",1391.5589413275857,2,,
Car 349,66.0,308702,1,,,done,,done charging,1391.7968516641356,,,94.36390151276416
Car 336,71.0,1,6,,,done,,done charging,1394.6161419614666,,,395.8459951890936
Car 345,80.0,8,13,,,done,,done charging,1394.7730159136609,,,114.86945504744664
Car 337,84.0,6,11,,,done,,done charging,1395.3398622405593,,,328.0517714369519
Car 355,,6,11,,,start_charge,,starting to charge at Charger 11 (fid=6),1395.3398622405593,,12.583071752204205,
Car 352,,,,,2,switch,,"Charger 2 (fid=307904) not available, trying Charger 3 (fid=307905)",1399.883625566045,3,,
Car 352,,307905,3,,,start_charge,,starting to charge at Charger 3 (fid=307905),1400.1472517476093,,20.0,
Car 357,,,,90,,arrived,,arrived,1405.9582800585742,,,
Car 357,,91,9,,,start_charge,,starting to charge at Charger 9 (fid=91),1405.9582800585742,,0.0,
Car 326,76.0,308440,0,,,done,,done charging,1406.4935071090867,,,504.0953478950487
Car 332,65.0,2,7,,,done,,done charging,1409.0478710006485,,,425.3981891131527
Car 334,101.0,3,8,,,done,,done charging,1410.5510783745367,,,461.8716559402794
Car 341,47.0,307904,2,,,done,,done charging,1411.0526447245422,,,596.7034597970878
Car 358,,,,5,,arrived,,arrived,1421.3757107580159,,,
Car 358,,5,5,,,start_charge,,starting to charge at Charger 5 (fid=5),1421.3757107580159,,0.0,
Car 331,78.0,91,9,,,done,,done charging,1422.1216275550194,,,821.5544381577969
Car 343,108.0,6,11,,,done,,done charging,1423.741069968009,,,290.66103614831763
Car 350,75.0,1,6,,,done,,done charging,1425.4339372401585,,,202.96976209242717
Car 348,102.0,5,5,,,done,,done charging,1428.6819248084714,,,181.46240868517273
