car,charge_time,charger_fid,charger_id,destination_fid,from_charger_id,kind,last_charger_id,msg,t,to_charger_id,waited,walking_dist_m
Car 0,,,,74,,arrived,,arrived,15.5350050175778,,,
Car 0,,307904,2,,,start_charge,,starting to charge at Charger 2 (fid=307904),15.5350050175778,,0.0,
Car 1,,,,4,,arrived,,arrived,25.2342948498507,,,
Car 1,,60,6,,,start_charge,,starting to charge at Charger 6 (fid=60),25.2342948498507,,0.0,
Car 2,,,,52,,arrived,,arrived,30.67648328211651,,,
Car 2,,,,,2,switch,,"Charger 2 (fid=307904) not available, trying Charger 3 (fid=307905)",35.67648328211651,3,,
Car 2,,307905,3,,,start_charge,,starting to charge at Charger 3 (fid=307905),35.94010946368058,,4.9999999999999964,
Car 3,,,,33,,arrived,,arrived,45.477264176418146,,,
Car 3,,33,11,,,start_charge,,starting to charge at Charger 11 (fid=33),45.477264176418146,,0.0,
Car 4,,,,60,,arrived,,arrived,50.665311091502886,,,
Car 4,,60,6,,,start_charge,,starting to charge at Charger 6 (fid=60),50.665311091502886,,0.0,
Car 5,,,,54,,arrived,,arrived,78.19876356473564,,,
Car 5,,57,15,,,start_charge,,starting to charge at Charger 15 (fid=57),78.19876356473564,,0.0,
Car 6,,,,11,,arrived,,arrived,84.29604824702486,,,
Car 7,,,,62,,arrived,,arrived,88.59581724914135,,,
Car 6,,,,,6,switch,,"Charger 6 (fid=60) not available, trying Charger 5 (fid=73)",89.29604824702486,5,,
Car 6,,73,5,,,start_charge,,starting to charge at Charger 5 (fid=73),92.32523726854441,,5.0,
Car 7,,,,,6,switch,,"Charger 6 (fid=60) not available, trying Charger 12 (fid=40)",93.59581724914135,12,,
Car 8,,,,117,,arrived,,arrived,95.00292236730186,,,
Car 7,,40,12,,,start_charge,,starting to charge at Charger 12 (fid=40),95.924158990944,,5.0,
Car 8,,,,,2,switch,,"Charger 2 (fid=307904) not available, trying Charger 3 (fid=307905)",100.00292236730186,3,,
Car 8,,,,,3,switch,,"Charger 3 (fid=307905) not available, trying Charger 17 (fid=35)",105.26654854886593,17,,
Car 9,,,,116,,arrived,,arrived,107.02791534208636,,,
Car 9,,35,17,,,start_charge,,starting to charge at Charger 17 (fid=35),107.02791534208636,,0.0,
Car 8,,35,17,,,start_charge,,starting to charge at Charger 17 (fid=35),108.11843783874924,,10.0,
Car 0,94.0,307904,2,,,done,,done charging,109.5350050175778,,,284.65712019666825
Car 1,98.0,60,6,,,done,,done charging,123.2342948498507,,,180.72136149700506
Car 3,83.0,33,11,,,done,,done charging,128.47726417641815,,,21.017187829072068
Car 10,,,,35,,arrived,,arrived,136.91027066398223,,,
Car 4,90.0,60,6,,,done,,done charging,140.66531109150287,,,39.826269693187264
Car 10,,,,,17,switch,,"Charger 17 (fid=35) not available, trying Charger 15 (fid=57)",141.91027066398223,15,,
Car 10,,57,15,,,start_charge,,starting to charge at Charger 15 (fid=57),143.27987291985335,,5.0,
Car 2,110.0,307905,3,,,done,,done charging,145.94010946368059,,,142.9848189940665
Car 5,72.0,57,15,,,done,,done charging,150.19876356473566,,,62.45338735224125
Car 11,,,,15,,arrived,,arrived,150.28121134904342,,,
Car 11,,64,18,,,start_charge,,starting to charge at Charger 18 (fid=64),150.28121134904342,,0.0,
Car 7,57.0,40,12,,,done,,done charging,152.924158990944,,,172.87542108317126
Car 12,,,,50,,arrived,,arrived,157.1021398005199,,,
Car 12,,40,12,,,start_charge,,starting to charge at Charger 12 (fid=40),157.1021398005199,,0.0,
Car 13,,,,37,,arrived,,arrived,165.34825224943344,,,
Car 13,,37,19,,,start_charge,,starting to charge at Charger 19 (fid=37),165.34825224943344,,0.0,
Car 6,81.0,73,5,,,done,,done charging,173.3252372685444,,,173.53830834201761
Car 14,,,,61,,arrived,,arrived,174.4867731117201,,,
Car 14,,60,6,,,start_charge,,starting to charge at Charger 6 (fid=60),174.4867731117201,,0.0,
Car 8,77.0,35,17,,,done,,done charging,185.11843783874923,,,355.4995771411777
Car 15,,,,33,,arrived,,arrived,195.03038048174642,,,
Car 15,,33,11,,,start_charge,,starting to charge at Charger 11 (fid=33),195.03038048174642,,0.0,
Car 11,54.0,64,18,,,done,,done charging,204.28121134904342,,,312.16546818226
Car 10,63.0,57,15,,,done,,done charging,206.27987291985335,,,114.0878679140641
Car 9,113.0,35,17,,,done,,done charging,220.02791534208637,,,173.20130296423886
Car 13,57.0,37,19,,,done,,done charging,222.34825224943344,,,33.04470625133857
Car 16,,,,46,,arrived,,arrived,228.61303415979538,,,
Car 16,,308702,1,,,start_charge,,starting to charge at Charger 1 (fid=308702),228.61303415979538,,0.0,
Car 17,,,,28,,arrived,,arrived,234.12995702637497,,,
Car 17,,35,17,,,start_charge,,starting to charge at Charger 17 (fid=35),234.12995702637497,,0.0,
Car 18,,,,22,,arrived,,arrived,234.58477535809442,,,
Car 18,,31,7,,,start_charge,,starting to charge at Charger 7 (fid=31),234.58477535809442,,0.0,
Car 19,,,,72,,arrived,,arrived,238.96712856225918,,,
Car 19,,57,15,,,start_charge,,starting to charge at Charger 15 (fid=57),238.96712856225918,,0.0,
Car 12,87.0,40,12,,,done,,done charging,244.1021398005199,,,55.35955402533605
Car 20,,,,71,,arrived,,arrived,258.60885415915993,,,
Car 20,,57,15,,,start_charge,,starting to charge at Charger 15 (fid=57),258.60885415915993,,0.0,
Car 14,85.0,60,6,,,done,,done charging,259.48677311172014,,,183.80015979005304
Car 15,71.0,33,11,,,done,,done charging,266.0303804817464,,,21.017187829072068
Car 21,,,,62,,arrived,,arrived,268.3285629271628,,,
Car 21,,60,6,,,start_charge,,starting to charge at Charger 6 (fid=60),268.3285629271628,,0.0,
Car 22,,,,25,,arrived,,arrived,281.03903591492644,,,
Car 22,,308440,0,,,start_charge,,starting to charge at Charger 0 (fid=308440),281.03903591492644,,0.0,
Car 23,,,,71,,arrived,,arrived,283.7899048956077,,,
Car 23,,,,,15,switch,,"Charger 15 (fid=57) not available, trying Charger 0 (fid=308440)",288.7899048956077,0,,
Car 23,,308440,0,,,start_charge,,starting to charge at Charger 0 (fid=308440),290.5294792110708,,5.0,
Car 24,,,,17,,arrived,,arrived,293.9302972780796,,,
Car 24,,35,17,,,start_charge,,starting to charge at Charger 17 (fid=35),293.9302972780796,,0.0,
Car 19,56.0,57,15,,,done,,done charging,294.9671285622592,,,83.64874120762752
Car 25,,,,21,,arrived,,arrived,300.84250200984116,,,
Car 25,,,,,0,switch,,"Charger 0 (fid=308440) not available, trying Charger 15 (fid=57)",305.84250200984116,15,,
Car 26,,,,78,,arrived,,arrived,306.04207248410194,,,
Car 26,,8,16,,,start_charge,,starting to charge at Charger 16 (fid=8),306.04207248410194,,0.0,
Car 25,,57,15,,,start_charge,,starting to charge at Charger 15 (fid=57),307.58207632530423,,5.0,
Car 21,45.0,60,6,,,done,,done charging,313.3285629271628,,,108.72370347984227
Car 27,,,,8,,arrived,,arrived,315.6295386235176,,,
Car 27,,8,16,,,start_charge,,starting to charge at Charger 16 (fid=8),315.6295386235176,,0.0,
Car 28,,,,4,,arrived,,arrived,326.050310127227,,,
Car 28,,5,13,,,start_charge,,starting to charge at Charger 13 (fid=5),326.050310127227,,0.0,
Car 29,,,,9,,arrived,,arrived,328.620586593163,,,
Car 30,,,,32,,arrived,,arrived,332.9219582301354,,,
Car 29,,,,,16,switch,,"Charger 16 (fid=8) not available, trying Charger 5 (fid=73)",333.620586593163,5,,
Car 16,106.0,308702,1,,,done,,done charging,334.61303415979535,,,141.9503146929267
Car 29,,73,5,,,start_charge,,starting to charge at Charger 5 (fid=73),336.4713127920884,,5.0,
Car 31,,,,57,,arrived,,arrived,336.65321840662807,,,
Car 30,,,,,17,switch,,"Charger 17 (fid=35) not available, trying Charger 15 (fid=57)",337.9219582301354,15,,
Car 31,,,,,15,switch,,"Charger 15 (fid=57) not available, trying Charger 17 (fid=35)",341.65321840662807,17,,
Car 30,,,,,15,switch,,"Charger 15 (fid=57) not available, trying Charger 0 (fid=308440)",344.2915604860065,0,,
Car 17,111.0,35,17,,,done,,done charging,345.129957026375,,,54.842663997423614
Car 31,,35,17,,,start_charge,,starting to charge at Charger 17 (fid=35),345.129957026375,,7.107136363875782,
Car 24,53.0,35,17,,,done,,done charging,346.9302972780796,,,92.84340747116998
Car 32,,,,18,,arrived,,arrived,348.30166962078135,,,
Car 32,,35,17,,,start_charge,,starting to charge at Charger 17 (fid=35),348.30166962078135,,0.0,
Car 18,115.0,31,7,,,done,,done charging,349.5847753580944,,,103.30096956659214
Car 30,,,,,0,switch,,"Charger 0 (fid=308440) not available, trying Charger 2 (fid=307904)",351.0311348014696,2,,
Car 33,,,,60,,arrived,,arrived,351.9185956662984,,,
Car 33,,60,6,,,start_charge,,starting to charge at Charger 6 (fid=60),351.9185956662984,,0.0,
Car 20,96.0,57,15,,,done,,done charging,354.60885415915993,,,87.33236362241504
Car 34,,,,8,,arrived,,arrived,354.78066319427387,,,
Car 30,,307904,2,,,start_charge,,starting to charge at Charger 2 (fid=307904),355.3676223003629,,15.0,
Car 35,,,,36,,arrived,,arrived,357.99638206624553,,,
Car 34,,,,,16,switch,,"Charger 16 (fid=8) not available, trying Charger 5 (fid=73)",359.78066319427387,5,,
Car 36,,,,32,,arrived,,arrived,360.06856915886567,,,
Car 34,,73,5,,,start_charge,,starting to charge at Charger 5 (fid=73),362.63138939319924,,5.0,
Car 35,,,,,17,switch,,"Charger 17 (fid=35) not available, trying Charger 15 (fid=57)",362.99638206624553,15,,
Car 35,,57,15,,,start_charge,,starting to charge at Charger 15 (fid=57),364.3659843221167,,5.0,
Car 37,,,,82,,arrived,,arrived,364.8267491131521,,,
Car 37,,86,9,,,start_charge,,starting to charge at Charger 9 (fid=86),364.8267491131521,,0.0,
Car 36,,,,,17,switch,,"Charger 17 (fid=35) not available, trying Charger 15 (fid=57)",365.06856915886567,15,,
Car 38,,,,62,,arrived,,arrived,366.5434707558662,,,
Car 38,,60,6,,,start_charge,,starting to charge at Charger 6 (fid=60),366.5434707558662,,0.0,
Car 22,87.0,308440,0,,,done,,done charging,368.03903591492644,,,113.2555742822028
Car 26,63.0,8,16,,,done,,done charging,369.04207248410194,,,188.81132257447337
Car 36,,,,,15,switch,,"Charger 15 (fid=57) not available, trying Charger 0 (fid=308440)",371.4381714147368,0,,
Car 39,,,,51,,arrived,,arrived,371.46402549014346,,,
Car 39,,40,12,,,start_charge,,starting to charge at Charger 12 (fid=40),371.46402549014346,,0.0,
Car 36,,308440,0,,,start_charge,,starting to charge at Charger 0 (fid=308440),373.1777457301999,,10.0,
Car 40,,,,68,,arrived,,arrived,374.3169557169132,,,
Car 41,,,,4,,arrived,,arrived,374.6346526132279,,,
Car 41,,5,13,,,start_charge,,starting to charge at Charger 13 (fid=5),374.6346526132279,,0.0,
Car 23,86.0,308440,0,,,done,,done charging,376.5294792110708,,,103.02087371671979
Car 40,,308440,0,,,start_charge,,starting to charge at Charger 0 (fid=308440),376.5294792110708,,2.212523494157608,
Car 42,,,,86,,arrived,,arrived,379.2032762803527,,,
Car 42,,86,9,,,start_charge,,starting to charge at Charger 9 (fid=86),379.2032762803527,,0.0,
Car 43,,,,68,,arrived,,arrived,379.5122617648434,,,
Car 44,,,,30,,arrived,,arrived,383.9294125334561,,,
Car 43,,,,,0,switch,,"Charger 0 (fid=308440) not available, trying Charger 15 (fid=57)",384.5122617648434,15,,
Car 45,,,,88,,arrived,,arrived,386.8781742861342,,,
Car 44,,,,,17,switch,,"Charger 17 (fid=35) not available, trying Charger 15 (fid=57)",388.9294125334561,15,,
Car 46,,,,83,,arrived,,arrived,389.61467198791945,,,
Car 47,,,,60,,arrived,,arrived,390.4764385512344,,,
Car 43,,,,,15,switch,,"Charger 15 (fid=57) not available, trying Charger 17 (fid=35)",391.2518360803065,17,,
Car 45,,,,,9,switch,,"Charger 9 (fid=86) not available, trying Charger 4 (fid=308108)",391.8781742861342,4,,
Car 48,,,,52,,arrived,,arrived,392.4170164182194,,,
Car 49,,,,8,,arrived,,arrived,392.8464546797054,,,
Car 49,,8,16,,,start_charge,,starting to charge at Charger 16 (fid=8),392.8464546797054,,0.0,
Car 50,,,,52,,arrived,,arrived,393.07603476543306,,,
Car 51,,,,87,,arrived,,arrived,394.0506444372403,,,
Car 45,,308108,4,,,start_charge,,starting to charge at Charger 4 (fid=308108),394.2511043225048,,5.0,
Car 46,,,,,2,switch,,"Charger 2 (fid=307904) not available, trying Charger 3 (fid=307905)",394.61467198791945,3,,
Car 46,,307905,3,,,start_charge,,starting to charge at Charger 3 (fid=307905),394.8782981694835,,5.0,
Car 44,,,,,15,switch,,"Charger 15 (fid=57) not available, trying Charger 0 (fid=308440)",395.29901478932726,0,,
Car 47,,,,,6,switch,,"Charger 6 (fid=60) not available, trying Charger 12 (fid=40)",395.4764385512344,12,,
Car 48,,,,,2,switch,,"Charger 2 (fid=307904) not available, trying Charger 3 (fid=307905)",397.4170164182194,3,,
Car 43,,,,,17,switch,,"Charger 17 (fid=35) not available, trying Charger 7 (fid=31)",397.6214383361776,7,,
Car 47,,40,12,,,start_charge,,starting to charge at Charger 12 (fid=40),397.8047802930371,,5.0,
Car 50,,,,,2,switch,,"Charger 2 (fid=307904) not available, trying Charger 3 (fid=307905)",398.07603476543306,3,,
Car 51,,,,,9,switch,,"Charger 9 (fid=86) not available, trying Charger 4 (fid=308108)",399.0506444372403,4,,
Car 52,,,,2,,arrived,,arrived,400.089192073911,,,
Car 52,,308108,4,,,start_charge,,starting to charge at Charger 4 (fid=308108),400.089192073911,,0.0,
Car 43,,31,7,,,start_charge,,starting to charge at Charger 7 (fid=31),401.8272091459287,,15.0,
Car 44,,,,,0,switch,,"Charger 0 (fid=308440) not available, trying Charger 2 (fid=307904)",402.03858910479033,2,,
Car 53,,,,10,,arrived,,arrived,402.39368459201336,,,
Car 48,,,,,3,switch,,"Charger 3 (fid=307905) not available, trying Charger 4 (fid=308108)",402.6806425997835,4,,
Car 54,,,,38,,arrived,,arrived,403.18228118423724,,,
Car 50,,,,,3,switch,,"Charger 3 (fid=307905) not available, trying Charger 4 (fid=308108)",403.3396609469971,4,,
Car 31,60.0,35,17,,,done,,done charging,405.129957026375,,,114.0878679140641
Car 51,,,,,4,switch,,"Charger 4 (fid=308108) not available, trying Charger 18 (fid=64)",406.42357447361087,18,,
Car 53,,,,,16,switch,,"Charger 16 (fid=8) not available, trying Charger 5 (fid=73)",407.39368459201336,5,,
Car 54,,,,,13,switch,,"Charger 13 (fid=5) not available, trying Charger 19 (fid=37)",408.18228118423724,19,,
Car 55,,,,37,,arrived,,arrived,408.1907681567922,,,
Car 55,,37,19,,,start_charge,,starting to charge at Charger 19 (fid=37),408.1907681567922,,0.0,
Car 51,,64,18,,,start_charge,,starting to charge at Charger 18 (fid=64),408.2645112654288,,10.0,
Car 56,,,,8,,arrived,,arrived,408.86801179748016,,,
Car 57,,,,89,,arrived,,arrived,409.490698628894,,,
Car 54,,37,19,,,start_charge,,starting to charge at Charger 19 (fid=37),409.96938382535586,,5.0,
Car 28,85.0,5,13,,,done,,done charging,411.050310127227,,,74.00372403072134
Car 48,,,,,4,switch,,"Charger 4 (fid=308108) not available, trying Charger 18 (fid=64)",411.2031124460356,18,,
Car 44,,,,,2,switch,,"Charger 2 (fid=307904) not available, trying Charger 3 (fid=307905)",411.3750766036836,3,,
Car 50,,,,,4,switch,,"Charger 4 (fid=308108) not available, trying Charger 18 (fid=64)",411.86213079324926,18,,
Car 58,,,,4,,arrived,,arrived,412.05616652956684,,,
Car 59,,,,63,,arrived,,arrived,412.22827392651925,,,
Car 59,,5,13,,,start_charge,,starting to charge at Charger 13 (fid=5),412.22827392651925,,0.0,
Car 48,,64,18,,,start_charge,,starting to charge at Charger 18 (fid=64),413.0440492378535,,15.0,
Car 56,,,,,16,switch,,"Charger 16 (fid=8) not available, trying Charger 5 (fid=73)",413.86801179748016,5,,
Car 57,,,,,9,switch,,"Charger 9 (fid=86) not available, trying Charger 4 (fid=308108)",414.490698628894,4,,
Car 53,,,,,5,switch,,"Charger 5 (fid=73) not available, trying Charger 6 (fid=60)",415.24441079093873,6,,
Car 38,49.0,60,6,,,done,,done charging,415.5434707558662,,,108.72370347984227
Car 58,,60,6,,,start_charge,,starting to charge at Charger 6 (fid=60),415.5434707558662,,3.4873042262993863,
Car 60,,,,61,,arrived,,arrived,415.9700294536144,,,
Car 44,,,,,3,switch,,"Charger 3 (fid=307905) not available, trying Charger 5 (fid=73)",416.6387027852477,5,,
Car 27,102.0,8,16,,,done,,done charging,417.6295386235176,,,51.031920891441445
Car 61,,,,4,,arrived,,arrived,417.8303127584281,,,
Car 62,,,,61,,arrived,,arrived,418.0524150174086,,,
Car 50,,,,,18,switch,,"Charger 18 (fid=64) not available, trying Charger 12 (fid=40)",418.7030675850672,12,,
Car 60,,,,,6,switch,,"Charger 6 (fid=60) not available, trying Charger 12 (fid=40)",420.9700294536144,12,,
Car 56,,,,,5,switch,,"Charger 5 (fid=73) not available, trying Charger 13 (fid=5)",421.71873799640554,13,,
Car 57,,,,,4,switch,,"Charger 4 (fid=308108) not available, trying Charger 18 (fid=64)",421.86362866526457,18,,
Car 61,,,,,6,switch,,"Charger 6 (fid=60) not available, trying Charger 2 (fid=307904)",422.8303127584281,2,,
Car 62,,,,,6,switch,,"Charger 6 (fid=60) not available, trying Charger 12 (fid=40)",423.0524150174086,12,,
Car 53,,,,,6,switch,,"Charger 6 (fid=60) not available, trying Charger 19 (fid=37)",423.27359981245826,19,,
Car 25,117.0,57,15,,,done,,done charging,424.58207632530423,,,157.7337988062181
Car 63,,,,10,,arrived,,arrived,424.94237929179883,,,
Car 63,,8,16,,,start_charge,,starting to charge at Charger 16 (fid=8),424.94237929179883,,0.0,
Car 64,,,,38,,arrived,,arrived,425.3894616717356,,,
Car 65,,,,4,,arrived,,arrived,427.02805759251106,,,
Car 44,,,,,5,switch,,"Charger 5 (fid=73) not available, trying Charger 6 (fid=60)",427.2848211567073,6,,
Car 42,49.0,86,9,,,done,,done charging,428.2032762803527,,,115.87729385102658
Car 60,,,,,12,switch,,"Charger 12 (fid=40) not available, trying Charger 16 (fid=8)",428.2983711954171,16,,
Car 50,,,,,12,switch,,"Charger 12 (fid=40) not available, trying Charger 6 (fid=60)",428.3636535295133,6,,
Car 57,,,,,18,switch,,"Charger 18 (fid=64) not available, trying Charger 2 (fid=307904)",428.7045654570825,2,,
Car 56,,,,,13,switch,,"Charger 13 (fid=5) not available, trying Charger 19 (fid=37)",429.18380908267625,19,,
Car 62,,,,,12,switch,,"Charger 12 (fid=40) not available, trying Charger 16 (fid=8)",430.38075675921124,16,,
Car 64,,,,,13,switch,,"Charger 13 (fid=5) not available, trying Charger 19 (fid=37)",430.3894616717356,19,,
Car 66,,,,18,,arrived,,arrived,431.20377169533333,,,
Car 66,,35,17,,,start_charge,,starting to charge at Charger 17 (fid=35),431.20377169533333,,0.0,
Car 67,,,,72,,arrived,,arrived,431.36347971326137,,,
Car 67,,57,15,,,start_charge,,starting to charge at Charger 15 (fid=57),431.36347971326137,,0.0,
Car 53,,,,,19,switch,,"Charger 19 (fid=37) not available, trying Charger 13 (fid=5)",431.62670779360985,13,,
Car 61,,,,,2,switch,,"Charger 2 (fid=307904) not available, trying Charger 3 (fid=307905)",431.8324692711315,3,,
Car 65,,,,,6,switch,,"Charger 6 (fid=60) not available, trying Charger 2 (fid=307904)",432.02805759251106,2,,
Car 40,56.0,308440,0,,,done,,done charging,432.5294792110708,,,46.13370440893304
Car 68,,,,19,,arrived,,arrived,433.2276322120697,,,
Car 68,,308440,0,,,start_charge,,starting to charge at Charger 0 (fid=308440),433.2276322120697,,0.0,
Car 37,69.0,86,9,,,done,,done charging,433.8267491131521,,,127.87735588674548
Car 69,,,,26,,arrived,,arrived,434.5821373237114,,,
Car 69,,33,11,,,start_charge,,starting to charge at Charger 11 (fid=33),434.5821373237114,,0.0,
Car 44,,,,,6,switch,,"Charger 6 (fid=60) not available, trying Charger 19 (fid=37)",435.31401017822685,19,,
Car 41,61.0,5,13,,,done,,done charging,435.6346526132279,,,74.00372403072134
Car 53,,5,13,,,start_charge,,starting to charge at Charger 13 (fid=5),435.6346526132279,,22.220842178499424,
Car 50,,,,,6,switch,,"Charger 6 (fid=60) not available, trying Charger 9 (fid=86)",435.69199527131593,9,,
Car 56,,,,,19,switch,,"Charger 19 (fid=37) not available, trying Charger 6 (fid=60)",435.97091172379487,6,,
Car 70,,,,56,,arrived,,arrived,436.5380472787276,,,
Car 61,,,,,3,switch,,"Charger 3 (fid=307905) not available, trying Charger 17 (fid=35)",437.0960954526956,17,,
Car 64,,,,,19,switch,,"Charger 19 (fid=37) not available, trying Charger 1 (fid=308702)",437.1765643128542,1,,
Car 71,,,,85,,arrived,,arrived,437.41977014416545,,,
Car 71,,86,9,,,start_charge,,starting to charge at Charger 9 (fid=86),437.41977014416545,,0.0,
Car 60,,,,,16,switch,,"Charger 16 (fid=8) not available, trying Charger 5 (fid=73)",437.59463117585443,5,,
Car 57,,,,,2,switch,,"Charger 2 (fid=307904) not available, trying Charger 3 (fid=307905)",437.97065615121835,3,,
Car 62,,,,,16,switch,,"Charger 16 (fid=8) not available, trying Charger 5 (fid=73)",439.6770167396486,5,,
Car 64,,308702,1,,,start_charge,,starting to charge at Charger 1 (fid=308702),440.4196677746452,,10.0,
Car 65,,,,,2,switch,,"Charger 2 (fid=307904) not available, trying Charger 3 (fid=307905)",441.0302141052145,3,,
Car 70,,,,,15,switch,,"Charger 15 (fid=57) not available, trying Charger 0 (fid=308440)",441.5380472787276,0,,
Car 50,,86,9,,,start_charge,,starting to charge at Charger 9 (fid=86),441.71581356365573,,30.0,
Car 72,,,,21,,arrived,,arrived,443.09406875835964,,,
Car 57,,,,,3,switch,,"Charger 3 (fid=307905) not available, trying Charger 17 (fid=35)",443.2342823327824,17,,
Car 29,107.0,73,5,,,done,,done charging,443.4713127920884,,,173.15604487774573
Car 60,,73,5,,,start_charge,,starting to charge at Charger 5 (fid=73),443.4713127920884,,18.02595541730858,
Car 73,,,,37,,arrived,,arrived,443.4777630140775,,,
Car 44,,,,,19,switch,,"Charger 19 (fid=37) not available, trying Charger 7 (fid=31)",443.66711815937845,7,,
Car 56,,,,,6,switch,,"Charger 6 (fid=60) not available, trying Charger 15 (fid=57)",444.32401970494647,15,,
Car 61,,,,,17,switch,,"Charger 17 (fid=35) not available, trying Charger 15 (fid=57)",444.9479847425789,15,,
Car 65,,,,,3,switch,,"Charger 3 (fid=307905) not available, trying Charger 17 (fid=35)",446.29384028677856,17,,
Car 74,,,,6,,arrived,,arrived,446.69934157653097,,,
Car 75,,,,4,,arrived,,arrived,447.03378639786933,,,
Car 44,,31,7,,,start_charge,,starting to charge at Charger 7 (fid=31),447.24858699776127,,40.0,
Car 62,,,,,5,switch,,"Charger 5 (fid=73) not available, trying Charger 17 (fid=35)",447.52774293857397,17,,
Car 72,,,,,0,switch,,"Charger 0 (fid=308440) not available, trying Charger 15 (fid=57)",448.09406875835964,15,,
Car 36,75.0,308440,0,,,done,,done charging,448.1777457301999,,,138.7101154122966
Car 70,,308440,0,,,start_charge,,starting to charge at Charger 0 (fid=308440),448.1777457301999,,9.900124136009197,
Car 73,,,,,19,switch,,"Charger 19 (fid=37) not available, trying Charger 5 (fid=73)",448.4777630140775,5,,
Car 76,,,,70,,arrived,,arrived,448.5918595205628,,,
Car 77,,,,18,,arrived,,arrived,449.18665211815,,,
Car 39,78.0,40,12,,,done,,done charging,449.46402549014346,,,156.75889370187915
Car 57,,,,,17,switch,,"Charger 17 (fid=35) not available, trying Charger 12 (fid=40)",451.08617162266574,12,,
Car 61,,,,,15,switch,,"Charger 15 (fid=57) not available, trying Charger 12 (fid=40)",451.31758699845005,12,,
Car 74,,,,,6,switch,,"Charger 6 (fid=60) not available, trying Charger 17 (fid=35)",451.69934157653097,17,,
Car 75,,,,,6,switch,,"Charger 6 (fid=60) not available, trying Charger 2 (fid=307904)",452.03378639786933,2,,
Car 78,,,,17,,arrived,,arrived,452.43599549688327,,,
Car 78,,308702,1,,,start_charge,,starting to charge at Charger 1 (fid=308702),452.43599549688327,,0.0,
Car 56,,,,,15,switch,,"Charger 15 (fid=57) not available, trying Charger 12 (fid=40)",453.2153506303071,12,,
Car 76,,,,,15,switch,,"Charger 15 (fid=57) not available, trying Charger 0 (fid=308440)",453.5918595205628,0,,
Car 65,,,,,17,switch,,"Charger 17 (fid=35) not available, trying Charger 15 (fid=57)",454.1457295766619,15,,
Car 77,,,,,17,switch,,"Charger 17 (fid=35) not available, trying Charger 15 (fid=57)",454.18665211815,15,,
Car 79,,,,86,,arrived,,arrived,454.5390608498933,,,
Car 73,,,,,5,switch,,"Charger 5 (fid=73) not available, trying Charger 13 (fid=5)",454.5524266123069,13,,
Car 80,,,,15,,arrived,,arrived,454.78170064473636,,,
Car 72,,,,,15,switch,,"Charger 15 (fid=57) not available, trying Charger 17 (fid=35)",454.8336430738227,17,,
Car 81,,,,33,,arrived,,arrived,455.2570238505262,,,
Car 81,,33,11,,,start_charge,,starting to charge at Charger 11 (fid=33),455.2570238505262,,0.0,
Car 82,,,,77,,arrived,,arrived,455.3880710118696,,,
Car 83,,,,87,,arrived,,arrived,455.77721169498636,,,
Car 57,,40,12,,,start_charge,,starting to charge at Charger 12 (fid=40),455.89432550852007,,30.0,
Car 84,,,,55,,arrived,,arrived,456.191137677683,,,
Car 62,,,,,17,switch,,"Charger 17 (fid=35) not available, trying Charger 19 (fid=37)",456.4215498915598,19,,
Car 85,,,,61,,arrived,,arrived,456.7663907921164,,,
Car 86,,,,66,,arrived,,arrived,456.7669863024427,,,
Car 87,,,,50,,arrived,,arrived,457.80884042468836,,,
Car 35,94.0,57,15,,,done,,done charging,458.3659843221167,,,123.37059465036903
Car 65,,57,15,,,start_charge,,starting to charge at Charger 15 (fid=57),458.3659843221167,,22.850652489583638,
Car 88,,,,15,,arrived,,arrived,459.3995633393777,,,
Car 79,,,,,9,switch,,"Charger 9 (fid=86) not available, trying Charger 4 (fid=308108)",459.5390608498933,4,,
Car 89,,,,22,,arrived,,arrived,459.61472271734334,,,
Car 80,,,,,17,switch,,"Charger 17 (fid=35) not available, trying Charger 15 (fid=57)",459.78170064473636,15,,
Car 74,,,,,17,switch,,"Charger 17 (fid=35) not available, trying Charger 2 (fid=307904)",459.92459494567237,2,,
Car 76,,,,,0,switch,,"Charger 0 (fid=308440) not available, trying Charger 17 (fid=35)",460.3314338360259,17,,
Car 82,,,,,6,switch,,"Charger 6 (fid=60) not available, trying Charger 12 (fid=40)",460.3880710118696,12,,
Car 77,,,,,15,switch,,"Charger 15 (fid=57) not available, trying Charger 0 (fid=308440)",460.55625437402114,0,,
Car 83,,,,,9,switch,,"Charger 9 (fid=86) not available, trying Charger 4 (fid=308108)",460.77721169498636,4,,
Car 75,,,,,2,switch,,"Charger 2 (fid=307904) not available, trying Charger 3 (fid=307905)",461.03594291057277,3,,
Car 84,,,,,15,switch,,"Charger 15 (fid=57) not available, trying Charger 17 (fid=35)",461.191137677683,17,,
Car 72,,,,,17,switch,,"Charger 17 (fid=35) not available, trying Charger 7 (fid=31)",461.20324532969386,7,,
Car 61,,,,,12,switch,,"Charger 12 (fid=40) not available, trying Charger 4 (fid=308108)",461.7316038418132,4,,
Car 85,,,,,6,switch,,"Charger 6 (fid=60) not available, trying Charger 12 (fid=40)",461.7663907921164,12,,
Car 86,,,,,6,switch,,"Charger 6 (fid=60) not available, trying Charger 12 (fid=40)",461.7669863024427,12,,
Car 73,,,,,13,switch,,"Charger 13 (fid=5) not available, trying Charger 15 (fid=57)",462.0174976985776,15,,
Car 32,114.0,35,17,,,done,,done charging,462.30166962078135,,,60.875381742837604
Car 76,,35,17,,,start_charge,,starting to charge at Charger 17 (fid=35),462.30166962078135,,10.034495502989273,
Car 90,,,,39,,arrived,,arrived,462.31700399126436,,,
Car 87,,,,,12,switch,,"Charger 12 (fid=40) not available, trying Charger 6 (fid=60)",462.80884042468836,6,,
Car 56,,,,,12,switch,,"Charger 12 (fid=40) not available, trying Charger 1 (fid=308702)",463.62936747367024,1,,
Car 34,101.0,73,5,,,done,,done charging,463.63138939319924,,,237.46549237048123
Car 91,,,,13,,arrived,,arrived,463.88935324745086,,,
Car 88,,,,,18,switch,,"Charger 18 (fid=64) not available, trying Charger 12 (fid=40)",464.3995633393777,12,,
Car 89,,,,,7,switch,,"Charger 7 (fid=31) not available, trying Charger 10 (fid=30)",464.61472271734334,10,,
Car 89,,30,10,,,start_charge,,starting to charge at Charger 10 (fid=30),465.43940896814723,,5.0,
Car 92,,,,48,,arrived,,arrived,465.4562353179862,,,
Car 62,,,,,19,switch,,"Charger 19 (fid=37) not available, trying Charger 15 (fid=57)",465.51971456307706,15,,
Car 80,,,,,15,switch,,"Charger 15 (fid=57) not available, trying Charger 0 (fid=308440)",466.1513029006075,0,,
Car 75,,,,,3,switch,,"Charger 3 (fid=307905) not available, trying Charger 17 (fid=35)",466.29956909213684,17,,
Car 79,,,,,4,switch,,"Charger 4 (fid=308108) not available, trying Charger 18 (fid=64)",466.9119908862639,18,,
Car 33,115.0,60,6,,,done,,done charging,466.9185956662984,,,39.826269693187264
Car 90,,60,6,,,start_charge,,starting to charge at Charger 6 (fid=60),466.9185956662984,,4.601591675034058,
Car 77,,,,,0,switch,,"Charger 0 (fid=308440) not available, trying Charger 2 (fid=307904)",467.2958286894842,2,,
Car 84,,,,,17,switch,,"Charger 17 (fid=35) not available, trying Charger 0 (fid=308440)",467.56073993355415,0,,
Car 93,,,,37,,arrived,,arrived,467.59950504781347,,,
Car 82,,,,,12,switch,,"Charger 12 (fid=40) not available, trying Charger 4 (fid=308108)",467.7164127536723,4,,
Car 74,,,,,2,switch,,"Charger 2 (fid=307904) not available, trying Charger 3 (fid=307905)",467.7601474039349,3,,
Car 83,,,,,4,switch,,"Charger 4 (fid=308108) not available, trying Charger 18 (fid=64)",468.15014173135694,18,,
Car 94,,,,56,,arrived,,arrived,468.6977225104727,,,
Car 91,,,,,7,switch,,"Charger 7 (fid=31) not available, trying Charger 10 (fid=30)",468.88935324745086,10,,
Car 85,,,,,12,switch,,"Charger 12 (fid=40) not available, trying Charger 16 (fid=8)",469.09473253391906,16,,
Car 86,,,,,12,switch,,"Charger 12 (fid=40) not available, trying Charger 16 (fid=8)",469.0953280442454,16,,
Car 45,75.0,308108,4,,,done,,done charging,469.2511043225048,,,194.04377951206857
Car 61,,308108,4,,,start_charge,,starting to charge at Charger 4 (fid=308108),469.2511043225048,,33.40440867185208,
Car 91,,30,10,,,start_charge,,starting to charge at Charger 10 (fid=30),469.71403949825475,,5.0,
Car 87,,,,,6,switch,,"Charger 6 (fid=60) not available, trying Charger 4 (fid=308108)",470.137182166491,4,,
Car 30,115.0,307904,2,,,done,,done charging,470.3676223003629,,,270.0158967426952
Car 72,,,,,7,switch,,"Charger 7 (fid=31) not available, trying Charger 10 (fid=30)",470.40901613944493,10,,
Car 92,,,,,7,switch,,"Charger 7 (fid=31) not available, trying Charger 11 (fid=33)",470.4562353179862,11,,
Car 95,,,,24,,arrived,,arrived,470.5476133884109,,,
Car 96,,,,37,,arrived,,arrived,470.7046545402909,,,
Car 97,,,,67,,arrived,,arrived,470.96915791118204,,,
Car 73,,,,,15,switch,,"Charger 15 (fid=57) not available, trying Charger 16 (fid=8)",471.1030830045275,16,,
Car 77,,307904,2,,,start_charge,,starting to charge at Charger 2 (fid=307904),471.6323161883775,,15.0,
Car 93,,,,,19,switch,,"Charger 19 (fid=37) not available, trying Charger 5 (fid=73)",472.59950504781347,5,,
Car 98,,,,28,,arrived,,arrived,472.6062222493665,,,
Car 80,,,,,0,switch,,"Charger 0 (fid=308440) not available, trying Charger 2 (fid=307904)",472.8908772160706,2,,
Car 74,,,,,3,switch,,"Charger 3 (fid=307905) not available, trying Charger 15 (fid=57)",473.023773585499,15,,
Car 62,,,,,15,switch,,"Charger 15 (fid=57) not available, trying Charger 4 (fid=308108)",473.51625328966907,4,,
Car 93,,73,5,,,start_charge,,starting to charge at Charger 5 (fid=73),473.67416864604286,,5.0,
Car 94,,,,,15,switch,,"Charger 15 (fid=57) not available, trying Charger 0 (fid=308440)",473.6977225104727,0,,
Car 99,,,,72,,arrived,,arrived,473.7023380456005,,,
Car 79,,,,,18,switch,,"Charger 18 (fid=64) not available, trying Charger 2 (fid=307904)",473.7529276780818,2,,
Car 100,,,,73,,arrived,,arrived,473.8903872814727,,,
Car 88,,,,,12,switch,,"Charger 12 (fid=40) not available, trying Charger 4 (fid=308108)",474.0601492838238,4,,
Car 75,,,,,17,switch,,"Charger 17 (fid=35) not available, trying Charger 15 (fid=57)",474.15145838202017,15,,
Car 55,66.0,37,19,,,done,,done charging,474.1907681567922,,,33.04470625133857
Car 96,,37,19,,,start_charge,,starting to charge at Charger 19 (fid=37),474.1907681567922,,3.4861136165013136,
Car 84,,,,,0,switch,,"Charger 0 (fid=308440) not available, trying Charger 5 (fid=73)",474.49648021532033,5,,
Car 83,,,,,18,switch,,"Charger 18 (fid=64) not available, trying Charger 2 (fid=307904)",474.99107852317485,2,,
Car 101,,,,1,,arrived,,arrived,475.0164730768474,,,
Car 102,,,,70,,arrived,,arrived,475.3849463892106,,,
Car 103,,,,24,,arrived,,arrived,475.40286095677686,,,
Car 95,,,,,0,switch,,"Charger 0 (fid=308440) not available, trying Charger 17 (fid=35)",475.5476133884109,17,,
Car 56,,,,,1,switch,,"Charger 1 (fid=308702) not available, trying Charger 7 (fid=31)",475.81650601112915,7,,
Car 97,,,,,19,switch,,"Charger 19 (fid=37) not available, trying Charger 15 (fid=57)",475.96915791118204,15,,
Car 52,76.0,308108,4,,,done,,done charging,476.089192073911,,,133.51194051660465
Car 82,,308108,4,,,start_charge,,starting to charge at Charger 4 (fid=308108),476.089192073911,,14.25768751139924,
Car 72,,,,,10,switch,,"Charger 10 (fid=30) not available, trying Charger 14 (fid=34)",476.2337023902488,14,,
Car 72,,34,14,,,start_charge,,starting to charge at Charger 14 (fid=34),476.4204433011441,,25.0,
Car 92,,,,,11,switch,,"Charger 11 (fid=33) not available, trying Charger 8 (fid=32)",476.98069605686953,8,,
Car 104,,,,38,,arrived,,arrived,476.9858923939272,,,
Car 92,,32,8,,,start_charge,,starting to charge at Charger 8 (fid=32),477.2497947332181,,10.0,
Car 98,,,,,7,switch,,"Charger 7 (fid=31) not available, trying Charger 11 (fid=33)",477.6062222493665,11,,
Car 66,47.0,35,17,,,done,,done charging,478.20377169533333,,,60.875381742837604
Car 95,,35,17,,,start_charge,,starting to charge at Charger 17 (fid=35),478.20377169533333,,5.720418025156221,
Car 85,,,,,16,switch,,"Charger 16 (fid=8) not available, trying Charger 5 (fid=73)",478.3909925143564,5,,
Car 86,,,,,16,switch,,"Charger 16 (fid=8) not available, trying Charger 5 (fid=73)",478.39158802468273,5,,
Car 99,,,,,15,switch,,"Charger 15 (fid=57) not available, trying Charger 0 (fid=308440)",478.7023380456005,0,,
Car 100,,,,,5,switch,,"Charger 5 (fid=73) not available, trying Charger 19 (fid=37)",478.8903872814727,19,,
Car 87,,,,,4,switch,,"Charger 4 (fid=308108) not available, trying Charger 16 (fid=8)",479.35975052766963,16,,
Car 105,,,,4,,arrived,,arrived,479.7754703612144,,,
Car 101,,,,,2,switch,,"Charger 2 (fid=307904) not available, trying Charger 3 (fid=307905)",480.0164730768474,3,,
Car 73,,,,,16,switch,,"Charger 16 (fid=8) not available, trying Charger 1 (fid=308702)",480.29582344211474,1,,
Car 102,,,,,15,switch,,"Charger 15 (fid=57) not available, trying Charger 0 (fid=308440)",480.3849463892106,0,,
Car 103,,,,,0,switch,,"Charger 0 (fid=308440) not available, trying Charger 17 (fid=35)",480.40286095677686,17,,
Car 94,,,,,0,switch,,"Charger 0 (fid=308440) not available, trying Charger 17 (fid=35)",480.4372968259358,17,,
Car 75,,,,,15,switch,,"Charger 15 (fid=57) not available, trying Charger 12 (fid=40)",480.5210606378913,12,,
Car 106,,,,40,,arrived,,arrived,481.2981905913014,,,
Car 107,,,,43,,arrived,,arrived,481.3669545401195,,,
Car 56,,,,,7,switch,,"Charger 7 (fid=31) not available, trying Charger 17 (fid=35)",481.51990761011365,17,,
Car 108,,,,14,,arrived,,arrived,481.6018076797323,,,
Car 104,,,,,13,switch,,"Charger 13 (fid=5) not available, trying Charger 19 (fid=37)",481.9858923939272,19,,
Car 74,,,,,15,switch,,"Charger 15 (fid=57) not available, trying Charger 5 (fid=73)",482.01884868956574,5,,
Car 109,,,,28,,arrived,,arrived,482.1835222566892,,,
Car 80,,,,,2,switch,,"Charger 2 (fid=307904) not available, trying Charger 3 (fid=307905)",482.22736471496387,3,,
Car 110,,,,46,,arrived,,arrived,482.36272242508153,,,
Car 111,,,,17,,arrived,,arrived,482.71404407193677,,,
Car 49,90.0,8,16,,,done,,done charging,482.8464546797054,,,51.031920891441445
Car 54,73.0,37,19,,,done,,done charging,482.96938382535586,,,182.2005477672309
Car 100,,37,19,,,start_charge,,starting to charge at Charger 19 (fid=37),482.96938382535586,,8.004332945653744,
Car 79,,,,,2,switch,,"Charger 2 (fid=307904) not available, trying Charger 3 (fid=307905)",483.01901837221766,3,,
Car 88,,,,,4,switch,,"Charger 4 (fid=308108) not available, trying Charger 6 (fid=60)",483.1752410926633,6,,
Car 84,,,,,5,switch,,"Charger 5 (fid=73) not available, trying Charger 19 (fid=37)",483.7602592278981,19,,
Car 97,,,,,15,switch,,"Charger 15 (fid=57) not available, trying Charger 1 (fid=308702)",483.96569663777404,1,,
Car 98,,,,,11,switch,,"Charger 11 (fid=33) not available, trying Charger 8 (fid=32)",484.1306829882498,8,,
Car 83,,,,,2,switch,,"Charger 2 (fid=307904) not available, trying Charger 3 (fid=307905)",484.2571692173107,3,,
Car 98,,32,8,,,start_charge,,starting to charge at Charger 8 (fid=32),484.3997816645984,,10.0,
Car 105,,,,,13,switch,,"Charger 13 (fid=5) not available, trying Charger 19 (fid=37)",484.7754703612144,19,,
Car 62,,,,,4,switch,,"Charger 4 (fid=308108) not available, trying Charger 2 (fid=307904)",485.1412077258206,2,,
Car 101,,,,,3,switch,,"Charger 3 (fid=307905) not available, trying Charger 4 (fid=308108)",485.28009925841144,4,,
Car 99,,,,,0,switch,,"Charger 0 (fid=308440) not available, trying Charger 17 (fid=35)",485.4419123610636,17,,
Car 87,,8,16,,,start_charge,,starting to charge at Charger 16 (fid=8),486.03446428087767,,15.0,
Car 112,,,,5,,arrived,,arrived,486.03645121296574,,,
Car 113,,,,37,,arrived,,arrived,486.055274471338,,,
Car 114,,,,4,,arrived,,arrived,486.0900131624502,,,
Car 85,,,,,5,switch,,"Charger 5 (fid=73) not available, trying Charger 17 (fid=35)",486.2417187132818,17,,
Car 86,,,,,5,switch,,"Charger 5 (fid=73) not available, trying Charger 19 (fid=37)",486.2423142236081,19,,
Car 106,,,,,12,switch,,"Charger 12 (fid=40) not available, trying Charger 6 (fid=60)",486.2981905913014,6,,
Car 107,,,,,7,switch,,"Charger 7 (fid=31) not available, trying Charger 11 (fid=33)",486.3669545401195,11,,
Car 69,52.0,33,11,,,done,,done charging,486.5821373237114,,,53.74301665094826
Car 108,,,,,17,switch,,"Charger 17 (fid=35) not available, trying Charger 15 (fid=57)",486.6018076797323,15,,
Car 102,,,,,0,switch,,"Charger 0 (fid=308440) not available, trying Charger 17 (fid=35)",487.12452070467367,17,,
Car 109,,,,,17,switch,,"Charger 17 (fid=35) not available, trying Charger 15 (fid=57)",487.1835222566892,15,,
Car 103,,,,,17,switch,,"Charger 17 (fid=35) not available, trying Charger 15 (fid=57)",487.33860123854305,15,,
Car 110,,,,,1,switch,,"Charger 1 (fid=308702) not available, trying Charger 7 (fid=31)",487.36272242508153,7,,
Car 94,,,,,17,switch,,"Charger 17 (fid=35) not available, trying Charger 5 (fid=73)",487.373037107702,5,,
Car 115,,,,17,,arrived,,arrived,487.4337098654659,,,
Car 80,,,,,3,switch,,"Charger 3 (fid=307905) not available, trying Charger 6 (fid=60)",487.49099089652793,6,,
Car 111,,,,,1,switch,,"Charger 1 (fid=308702) not available, trying Charger 7 (fid=31)",487.71404407193677,7,,
Car 107,,33,11,,,start_charge,,starting to charge at Charger 11 (fid=33),487.8914152790028,,5.0,
Car 79,,,,,3,switch,,"Charger 3 (fid=307905) not available, trying Charger 17 (fid=35)",488.2826445537817,17,,
Car 58,73.0,60,6,,,done,,done charging,488.5434707558662,,,180.72136149700506
Car 114,,60,6,,,start_charge,,starting to charge at Charger 6 (fid=60),488.5434707558662,,2.453457593416033,
Car 104,,,,,19,switch,,"Charger 19 (fid=37) not available, trying Charger 1 (fid=308702)",488.7729950350458,1,,
Car 116,,,,85,,arrived,,arrived,488.78150933473825,,,
Car 83,,,,,3,switch,,"Charger 3 (fid=307905) not available, trying Charger 17 (fid=35)",489.5207953988748,17,,
Car 84,,,,,19,switch,,"Charger 19 (fid=37) not available, trying Charger 1 (fid=308702)",489.83492282612747,1,,
Car 74,,,,,5,switch,,"Charger 5 (fid=73) not available, trying Charger 12 (fid=40)",489.88573185896814,12,,
Car 73,,,,,1,switch,,"Charger 1 (fid=308702) not available, trying Charger 6 (fid=60)",490.14497736610275,6,,
Car 56,,,,,17,switch,,"Charger 17 (fid=35) not available, trying Charger 10 (fid=30)",490.7256784198647,10,,
Car 117,,,,117,,arrived,,arrived,490.81907409178126,,,
Car 75,,,,,12,switch,,"Charger 12 (fid=40) not available, trying Charger 4 (fid=308108)",490.93507748125444,4,,
Car 112,,,,,13,switch,,"Charger 13 (fid=5) not available, trying Charger 19 (fid=37)",491.03645121296574,19,,
Car 113,,,,,19,switch,,"Charger 19 (fid=37) not available, trying Charger 5 (fid=73)",491.055274471338,5,,
Car 118,,,,29,,arrived,,arrived,491.0983164838463,,,
Car 105,,,,,19,switch,,"Charger 19 (fid=37) not available, trying Charger 5 (fid=73)",491.562573002333,5,,
Car 119,,,,36,,arrived,,arrived,491.96134742802377,,,
Car 86,,,,,19,switch,,"Charger 19 (fid=37) not available, trying Charger 13 (fid=5)",492.3169778218375,13,,
Car 97,,,,,1,switch,,"Charger 1 (fid=308702) not available, trying Charger 5 (fid=73)",492.37575448156815,5,,
Car 99,,,,,17,switch,,"Charger 17 (fid=35) not available, trying Charger 7 (fid=31)",492.3776526428298,7,,
Car 88,,,,,6,switch,,"Charger 6 (fid=60) not available, trying Charger 9 (fid=86)",492.39780945384194,9,,
Car 115,,,,,17,switch,,"Charger 17 (fid=35) not available, trying Charger 15 (fid=57)",492.4337098654659,15,,
Car 120,,,,2,,arrived,,arrived,492.63459059319877,,,
Car 108,,,,,15,switch,,"Charger 15 (fid=57) not available, trying Charger 0 (fid=308440)",492.97140993560345,0,,
Car 110,,,,,7,switch,,"Charger 7 (fid=31) not available, trying Charger 13 (fid=5)",493.066124024066,13,,
Car 121,,,,115,,arrived,,arrived,493.249756278979,,,
Car 111,,,,,7,switch,,"Charger 7 (fid=31) not available, trying Charger 10 (fid=30)",493.41744567092127,10,,
Car 109,,,,,15,switch,,"Charger 15 (fid=57) not available, trying Charger 0 (fid=308440)",493.5531245125603,0,,
Car 106,,,,,6,switch,,"Charger 6 (fid=60) not available, trying Charger 4 (fid=308108)",493.6265323331041,4,,
Car 62,,,,,2,switch,,"Charger 2 (fid=307904) not available, trying Charger 3 (fid=307905)",493.647340740452,3,,
Car 103,,,,,15,switch,,"Charger 15 (fid=57) not available, trying Charger 2 (fid=307904)",493.7082034944142,2,,
Car 116,,,,,9,switch,,"Charger 9 (fid=86) not available, trying Charger 4 (fid=308108)",493.78150933473825,4,,
Car 101,,,,,4,switch,,"Charger 4 (fid=308108) not available, trying Charger 9 (fid=86)",493.8025691046636,9,,
Car 102,,,,,17,switch,,"Charger 17 (fid=35) not available, trying Charger 7 (fid=31)",494.06026098643986,7,,
Car 71,57.0,86,9,,,done,,done charging,494.41977014416545,,,119.778102074694
Car 85,,,,,17,switch,,"Charger 17 (fid=35) not available, trying Charger 19 (fid=37)",495.1355256662676,19,,
Car 70,47.0,308440,0,,,done,,done charging,495.1777457301999,,,174.96928122495086
Car 121,,308440,0,,,start_charge,,starting to charge at Charger 0 (fid=308440),495.1777457301999,,1.927989451220867,
Car 51,87.0,64,18,,,done,,done charging,495.2645112654288,,,208.31217705370935
Car 122,,,,62,,arrived,,arrived,495.5951933875699,,,
Car 47,98.0,40,12,,,done,,done charging,495.8047802930371,,,193.9508670921604
Car 74,,40,12,,,start_charge,,starting to charge at Charger 12 (fid=40),495.8047802930371,,31.371220868750868,
Car 117,,,,,2,switch,,"Charger 2 (fid=307904) not available, trying Charger 3 (fid=307905)",495.81907409178126,3,,
Car 118,,,,,10,switch,,"Charger 10 (fid=30) not available, trying Charger 14 (fid=34)",496.0983164838463,14,,
Car 79,,,,,17,switch,,"Charger 17 (fid=35) not available, trying Charger 12 (fid=40)",496.13453384366505,12,,
Car 101,,86,9,,,start_charge,,starting to charge at Charger 9 (fid=86),496.17549914103415,,15.0,
Car 94,,,,,5,switch,,"Charger 5 (fid=73) not available, trying Charger 19 (fid=37)",496.2668440606878,19,,
Car 118,,34,14,,,start_charge,,starting to charge at Charger 14 (fid=34),496.28505739474156,,5.0,
Car 64,56.0,308702,1,,,done,,done charging,496.4196677746452,,,221.54584266575003
Car 104,,308702,1,,,start_charge,,starting to charge at Charger 1 (fid=308702),496.4196677746452,,14.403569277808401,
Car 80,,,,,6,switch,,"Charger 6 (fid=60) not available, trying Charger 5 (fid=73)",496.50948424085215,5,,
Car 119,,,,,17,switch,,"Charger 17 (fid=35) not available, trying Charger 15 (fid=57)",496.96134742802377,15,,
Car 113,,,,,5,switch,,"Charger 5 (fid=73) not available, trying Charger 13 (fid=5)",497.1299380695674,13,,
Car 83,,,,,17,switch,,"Charger 17 (fid=35) not available, trying Charger 12 (fid=40)",497.3726846887581,12,,
Car 120,,,,,4,switch,,"Charger 4 (fid=308108) not available, trying Charger 18 (fid=64)",497.63459059319877,18,,
Car 105,,,,,5,switch,,"Charger 5 (fid=73) not available, trying Charger 16 (fid=8)",497.6372366005624,16,,
Car 112,,,,,19,switch,,"Charger 19 (fid=37) not available, trying Charger 5 (fid=73)",497.82355385408437,5,,
Car 84,,,,,1,switch,,"Charger 1 (fid=308702) not available, trying Charger 7 (fid=31)",498.0780262879184,7,,
Car 115,,,,,15,switch,,"Charger 15 (fid=57) not available, trying Charger 2 (fid=307904)",498.80331212133706,2,,
Car 62,,,,,3,switch,,"Charger 3 (fid=307905) not available, trying Charger 18 (fid=64)",498.9109669220161,18,,
Car 86,,,,,13,switch,,"Charger 13 (fid=5) not available, trying Charger 17 (fid=35)",499.1040804629561,17,,
Car 111,,,,,10,switch,,"Charger 10 (fid=30) not available, trying Charger 14 (fid=34)",499.24213192172516,14,,
Car 67,68.0,57,15,,,done,,done charging,499.36347971326137,,,83.64874120762752
Car 119,,57,15,,,start_charge,,starting to charge at Charger 15 (fid=57),499.36347971326137,,6.032530029366455,
Car 120,,64,18,,,start_charge,,starting to charge at Charger 18 (fid=64),499.4755273850167,,5.0,
Car 108,,,,,0,switch,,"Charger 0 (fid=308440) not available, trying Charger 2 (fid=307904)",499.7109842510665,2,,
Car 123,,,,10,,arrived,,arrived,499.95216895317935,,,
Car 75,,,,,4,switch,,"Charger 4 (fid=308108) not available, trying Charger 5 (fid=73)",500.05016929009395,5,,
Car 56,,,,,10,switch,,"Charger 10 (fid=30) not available, trying Charger 0 (fid=308440)",500.0898475510036,0,,
Car 109,,,,,0,switch,,"Charger 0 (fid=308440) not available, trying Charger 2 (fid=307904)",500.2926988280234,2,,
Car 122,,,,,6,switch,,"Charger 6 (fid=60) not available, trying Charger 12 (fid=40)",500.5951933875699,12,,
Car 50,59.0,86,9,,,done,,done charging,500.71581356365573,,,302.933922019303
Car 88,,86,9,,,start_charge,,starting to charge at Charger 9 (fid=86),500.71581356365573,,22.294185817473988,
Car 73,,,,,6,switch,,"Charger 6 (fid=60) not available, trying Charger 7 (fid=31)",500.8094299855592,7,,
Car 124,,,,4,,arrived,,arrived,501.0176380437919,,,
Car 117,,,,,3,switch,,"Charger 3 (fid=307905) not available, trying Charger 17 (fid=35)",501.0827002733453,17,,
Car 116,,,,,4,switch,,"Charger 4 (fid=308108) not available, trying Charger 18 (fid=64)",501.1544393711088,18,,
Car 97,,,,,5,switch,,"Charger 5 (fid=73) not available, trying Charger 7 (fid=31)",501.2968263885112,7,,
Car 125,,,,69,,arrived,,arrived,501.5133180786961,,,
Car 99,,,,,7,switch,,"Charger 7 (fid=31) not available, trying Charger 5 (fid=73)",501.58342345258086,5,,
Car 110,,,,,13,switch,,"Charger 13 (fid=5) not available, trying Charger 19 (fid=37)",501.8596270447667,19,,
Car 126,,,,8,,arrived,,arrived,502.2083964201112,,,
Car 94,,,,,19,switch,,"Charger 19 (fid=37) not available, trying Charger 1 (fid=308702)",502.3415076589172,1,,
Car 103,,,,,2,switch,,"Charger 2 (fid=307904) not available, trying Charger 3 (fid=307905)",502.6869417668602,3,,
Car 106,,,,,4,switch,,"Charger 4 (fid=308108) not available, trying Charger 16 (fid=8)",502.8491006942827,16,,
Car 102,,,,,7,switch,,"Charger 7 (fid=31) not available, trying Charger 5 (fid=73)",503.26603179619093,5,,
Car 127,,,,62,,arrived,,arrived,503.47256455936963,,,
Car 84,,,,,7,switch,,"Charger 7 (fid=31) not available, trying Charger 6 (fid=60)",503.7814278869029,6,,
Car 112,,,,,5,switch,,"Charger 5 (fid=73) not available, trying Charger 16 (fid=8)",503.89821745231376,16,,
Car 85,,,,,19,switch,,"Charger 19 (fid=37) not available, trying Charger 15 (fid=57)",504.2336903377849,15,,
Car 111,,,,,14,switch,,"Charger 14 (fid=34) not available, trying Charger 11 (fid=33)",504.4288728326204,11,,
Car 80,,,,,5,switch,,"Charger 5 (fid=73) not available, trying Charger 19 (fid=37)",504.5386732623717,19,,
Car 113,,,,,13,switch,,"Charger 13 (fid=5) not available, trying Charger 15 (fid=57)",504.5950091558381,15,,
Car 123,,,,,16,switch,,"Charger 16 (fid=8) not available, trying Charger 5 (fid=73)",504.95216895317935,5,,
Car 105,,,,,16,switch,,"Charger 16 (fid=8) not available, trying Charger 1 (fid=308702)",505.4879627994878,1,,
Car 128,,,,30,,arrived,,arrived,505.53712991800904,,,
Car 79,,,,,12,switch,,"Charger 12 (fid=40) not available, trying Charger 6 (fid=60)",505.9426877295194,6,,
Car 124,,,,,13,switch,,"Charger 13 (fid=5) not available, trying Charger 19 (fid=37)",506.0176380437919,19,,
Car 125,,,,,0,switch,,"Charger 0 (fid=308440) not available, trying Charger 15 (fid=57)",506.5133180786961,15,,
Car 83,,,,,12,switch,,"Charger 12 (fid=40) not available, trying Charger 6 (fid=60)",507.18083857461244,6,,
Car 126,,,,,16,switch,,"Charger 16 (fid=8) not available, trying Charger 5 (fid=73)",507.2083964201112,5,,
Car 115,,,,,2,switch,,"Charger 2 (fid=307904) not available, trying Charger 3 (fid=307905)",507.78205039378304,3,,
Car 122,,,,,12,switch,,"Charger 12 (fid=40) not available, trying Charger 5 (fid=73)",507.92353512937257,5,,
Car 103,,,,,3,switch,,"Charger 3 (fid=307905) not available, trying Charger 7 (fid=31)",507.95056794842424,7,,
Car 116,,,,,18,switch,,"Charger 18 (fid=64) not available, trying Charger 2 (fid=307904)",507.99537616292673,2,,
Car 56,,,,,0,switch,,"Charger 0 (fid=308440) not available, trying Charger 14 (fid=34)",508.12155196435975,14,,
Car 62,,,,,18,switch,,"Charger 18 (fid=64) not available, trying Charger 13 (fid=5)",508.19339444777273,13,,
Car 127,,,,,6,switch,,"Charger 6 (fid=60) not available, trying Charger 12 (fid=40)",508.47256455936963,12,,
Car 110,,,,,19,switch,,"Charger 19 (fid=37) not available, trying Charger 10 (fid=30)",508.6467296858853,10,,
Car 117,,,,,17,switch,,"Charger 17 (fid=35) not available, trying Charger 0 (fid=308440)",508.93458956322866,0,,
Car 108,,,,,2,switch,,"Charger 2 (fid=307904) not available, trying Charger 3 (fid=307905)",509.0474717499598,3,,
Car 86,,,,,17,switch,,"Charger 17 (fid=35) not available, trying Charger 15 (fid=57)",509.2912917138313,15,,
Car 109,,,,,2,switch,,"Charger 2 (fid=307904) not available, trying Charger 3 (fid=307905)",509.6291863269167,3,,
Car 129,,,,78,,arrived,,arrived,510.2181903125932,,,
Car 111,,,,,11,switch,,"Charger 11 (fid=33) not available, trying Charger 8 (fid=32)",510.31538823159514,8,,
Car 128,,,,,17,switch,,"Charger 17 (fid=35) not available, trying Charger 15 (fid=57)",510.53712991800904,15,,
Car 97,,,,,7,switch,,"Charger 7 (fid=31) not available, trying Charger 13 (fid=5)",510.5562636720461,13,,
Car 94,,,,,1,switch,,"Charger 1 (fid=308702) not available, trying Charger 7 (fid=31)",510.58461112070813,7,,
Car 80,,,,,19,switch,,"Charger 19 (fid=37) not available, trying Charger 7 (fid=31)",510.61333686060107,7,,
Car 99,,,,,5,switch,,"Charger 5 (fid=73) not available, trying Charger 10 (fid=30)",510.84286073611577,10,,
Car 75,,,,,5,switch,,"Charger 5 (fid=73) not available, trying Charger 19 (fid=37)",511.28326027077884,19,,
Car 112,,,,,16,switch,,"Charger 16 (fid=8) not available, trying Charger 1 (fid=308702)",511.74894365123913,1,,
Car 73,,,,,7,switch,,"Charger 7 (fid=31) not available, trying Charger 10 (fid=30)",511.8122479816075,10,,
Car 130,,,,91,,arrived,,arrived,512.0518780956435,,,
Car 85,,,,,15,switch,,"Charger 15 (fid=57) not available, trying Charger 4 (fid=308108)",512.2302290643769,4,,
Car 102,,,,,5,switch,,"Charger 5 (fid=73) not available, trying Charger 10 (fid=30)",512.5254690797258,10,,
Car 123,,,,,5,switch,,"Charger 5 (fid=73) not available, trying Charger 6 (fid=60)",512.8028951521047,6,,
Car 124,,,,,19,switch,,"Charger 19 (fid=37) not available, trying Charger 5 (fid=73)",512.8047406849105,5,,
Car 115,,,,,3,switch,,"Charger 3 (fid=307905) not available, trying Charger 0 (fid=308440)",513.0456765753471,0,,
Car 125,,,,,15,switch,,"Charger 15 (fid=57) not available, trying Charger 17 (fid=35)",513.2528923941592,17,,
Car 79,,,,,6,switch,,"Charger 6 (fid=60) not available, trying Charger 15 (fid=57)",513.271029471322,15,,
Car 113,,,,,15,switch,,"Charger 15 (fid=57) not available, trying Charger 16 (fid=8)",513.680594461788,16,,
Car 108,,,,,3,switch,,"Charger 3 (fid=307905) not available, trying Charger 5 (fid=73)",514.3110979315238,5,,
Car 131,,,,65,,arrived,,arrived,514.43196220735,,,
Car 83,,,,,6,switch,,"Charger 6 (fid=60) not available, trying Charger 15 (fid=57)",514.509180316415,15,,
Car 106,,,,,16,switch,,"Charger 16 (fid=8) not available, trying Charger 2 (fid=307904)",514.5238144474907,2,,
Car 132,,,,9,,arrived,,arrived,514.5571768818925,,,
Car 53,79.0,5,13,,,done,,done charging,514.6346526132279,,,308.35368352632383
Car 97,,5,13,,,start_charge,,starting to charge at Charger 13 (fid=5),514.6346526132279,,25.284885920481088,
Car 84,,,,,6,switch,,"Charger 6 (fid=60) not available, trying Charger 2 (fid=307904)",514.7842458829513,2,,
Car 46,120.0,307905,3,,,done,,done charging,514.8782981694835,,,295.14643277908164
Car 109,,307905,3,,,start_charge,,starting to charge at Charger 3 (fid=307905),514.8782981694835,,24.98548566100277,
Car 48,102.0,64,18,,,done,,done charging,515.0440492378535,,,284.8790525116397
Car 126,,,,,5,switch,,"Charger 5 (fid=73) not available, trying Charger 13 (fid=5)",515.0591226190365,13,,
Car 129,,,,,16,switch,,"Charger 16 (fid=8) not available, trying Charger 5 (fid=73)",515.2181903125932,5,,
Car 105,,,,,1,switch,,"Charger 1 (fid=308702) not available, trying Charger 7 (fid=31)",515.3371167234758,7,,
Car 111,,,,,8,switch,,"Charger 8 (fid=32) not available, trying Charger 0 (fid=308440)",515.5844869079438,0,,
Car 86,,,,,15,switch,,"Charger 15 (fid=57) not available, trying Charger 4 (fid=308108)",515.6608939697024,4,,
Car 127,,,,,12,switch,,"Charger 12 (fid=40) not available, trying Charger 5 (fid=73)",515.8009063011723,5,,
Car 43,114.0,31,7,,,done,,done charging,515.8272091459287,,,242.77065176633693
Car 94,,31,7,,,start_charge,,starting to charge at Charger 7 (fid=31),515.8272091459287,,34.53919642623606,
Car 117,,,,,0,switch,,"Charger 0 (fid=308440) not available, trying Charger 9 (fid=86)",515.8703298449948,9,,
Car 56,,,,,14,switch,,"Charger 14 (fid=34) not available, trying Charger 11 (fid=33)",516.2242435376137,11,,
Car 133,,,,31,,arrived,,arrived,516.3803050652531,,,
Car 128,,,,,15,switch,,"Charger 15 (fid=57) not available, trying Charger 0 (fid=308440)",516.9067321738802,0,,
Car 130,,,,,9,switch,,"Charger 9 (fid=86) not available, trying Charger 4 (fid=308108)",517.0518780956435,4,,
Car 116,,,,,2,switch,,"Charger 2 (fid=307904) not available, trying Charger 3 (fid=307905)",517.2614668570626,3,,
Car 75,,,,,19,switch,,"Charger 19 (fid=37) not available, trying Charger 0 (fid=308440)",517.3579238690082,0,,
Car 65,59.0,57,15,,,done,,done charging,517.3659843221167,,,299.60881247267764
Car 79,,57,15,,,start_charge,,starting to charge at Charger 15 (fid=57),517.3659843221167,,40.20362392543399,
Car 122,,,,,5,switch,,"Charger 5 (fid=73) not available, trying Charger 17 (fid=35)",517.4713626946906,17,,
Car 110,,,,,10,switch,,"Charger 10 (fid=30) not available, trying Charger 14 (fid=34)",517.5866297115175,14,,
Car 73,,,,,10,switch,,"Charger 10 (fid=30) not available, trying Charger 14 (fid=34)",517.6369342324114,14,,
Car 134,,,,4,,arrived,,arrived,518.0999945946875,,,
Car 135,,,,68,,arrived,,arrived,518.8155431901193,,,
Car 124,,,,,5,switch,,"Charger 5 (fid=73) not available, trying Charger 16 (fid=8)",518.8794042831398,16,,
Car 57,63.0,40,12,,,done,,done charging,518.8943255085201,,,480.42232490447384
Car 80,,,,,7,switch,,"Charger 7 (fid=31) not available, trying Charger 12 (fid=40)",519.1948056989839,12,,
Car 76,57.0,35,17,,,done,,done charging,519.3016696207814,,,107.80524822173598
Car 125,,35,17,,,start_charge,,starting to charge at Charger 17 (fid=35),519.3016696207814,,14.679174970751092,
Car 131,,,,,16,switch,,"Charger 16 (fid=8) not available, trying Charger 13 (fid=5)",519.43196220735,13,,
Car 132,,,,,16,switch,,"Charger 16 (fid=8) not available, trying Charger 5 (fid=73)",519.5571768818925,5,,
Car 103,,,,,7,switch,,"Charger 7 (fid=31) not available, trying Charger 6 (fid=60)",519.6639798822684,6,,
Car 99,,,,,10,switch,,"Charger 10 (fid=30) not available, trying Charger 14 (fid=34)",520.4607292069,14,,
Car 123,,,,,6,switch,,"Charger 6 (fid=60) not available, trying Charger 19 (fid=37)",520.8320841736243,19,,
Car 136,,,,35,,arrived,,arrived,520.8353479537354,,,
Car 105,,,,,7,switch,,"Charger 7 (fid=31) not available, trying Charger 15 (fid=57)",521.0405183224602,15,,
Car 133,,,,,17,switch,,"Charger 17 (fid=35) not available, trying Charger 15 (fid=57)",521.3803050652531,15,,
Car 112,,,,,1,switch,,"Charger 1 (fid=308702) not available, trying Charger 7 (fid=31)",521.5980975752271,7,,
Car 137,,,,27,,arrived,,arrived,521.8602384114744,,,
Car 56,,,,,11,switch,,"Charger 11 (fid=33) not available, trying Charger 8 (fid=32)",522.1107589365884,8,,
Car 102,,,,,10,switch,,"Charger 10 (fid=30) not available, trying Charger 14 (fid=34)",522.1433375505101,14,,
Car 62,,,,,13,switch,,"Charger 13 (fid=5) not available, trying Charger 0 (fid=308440)",522.1904331073162,0,,
Car 115,,,,,0,switch,,"Charger 0 (fid=308440) not available, trying Charger 6 (fid=60)",522.3985009058612,6,,
Car 126,,,,,13,switch,,"Charger 13 (fid=5) not available, trying Charger 19 (fid=37)",522.5241937053072,19,,
Car 116,,,,,3,switch,,"Charger 3 (fid=307905) not available, trying Charger 17 (fid=35)",522.5250930386267,17,,
Car 110,,,,,14,switch,,"Charger 14 (fid=34) not available, trying Charger 15 (fid=57)",522.7733706224127,15,,
Car 73,,,,,14,switch,,"Charger 14 (fid=34) not available, trying Charger 17 (fid=35)",522.8236751433066,17,,
Car 113,,,,,16,switch,,"Charger 16 (fid=8) not available, trying Charger 1 (fid=308702)",522.8733348993753,1,,
Car 129,,,,,5,switch,,"Charger 5 (fid=73) not available, trying Charger 13 (fid=5)",523.0689165115185,13,,
Car 134,,,,,6,switch,,"Charger 6 (fid=60) not available, trying Charger 2 (fid=307904)",523.0999945946875,2,,
Car 92,46.0,32,8,,,done,,done charging,523.2497947332181,,,137.79977047765595
Car 56,,32,8,,,start_charge,,starting to charge at Charger 8 (fid=32),523.2497947332181,,70.86993712028118,
Car 61,54.0,308108,4,,,done,,done charging,523.2511043225047,,,313.955823227386
Car 85,,308108,4,,,start_charge,,starting to charge at Charger 4 (fid=308108),523.2511043225047,,39.39592082197623,
Car 83,,,,,15,switch,,"Charger 15 (fid=57) not available, trying Charger 0 (fid=308440)",523.4005112417757,0,,
Car 128,,,,,0,switch,,"Charger 0 (fid=308440) not available, trying Charger 2 (fid=307904)",523.6463064893433,2,,
Car 84,,,,,2,switch,,"Charger 2 (fid=307904) not available, trying Charger 3 (fid=307905)",523.7864023956547,3,,
Car 135,,,,,0,switch,,"Charger 0 (fid=308440) not available, trying Charger 15 (fid=57)",523.8155431901193,15,,
Car 138,,,,87,,arrived,,arrived,523.8958983735216,,,
Car 111,,,,,0,switch,,"Charger 0 (fid=308440) not available, trying Charger 19 (fid=37)",524.3327573089084,19,,
Car 130,,,,,4,switch,,"Charger 4 (fid=308108) not available, trying Charger 18 (fid=64)",524.424808132014,18,,
Car 108,,,,,5,switch,,"Charger 5 (fid=73) not available, trying Charger 19 (fid=37)",524.9572163029835,19,,
Car 127,,,,,5,switch,,"Charger 5 (fid=73) not available, trying Charger 17 (fid=35)",525.3487338664903,17,,
Car 99,,,,,14,switch,,"Charger 14 (fid=34) not available, trying Charger 1 (fid=308702)",525.6474701177953,1,,
Car 136,,,,,17,switch,,"Charger 17 (fid=35) not available, trying Charger 15 (fid=57)",525.8353479537354,15,,
Car 81,71.0,33,11,,,done,,done charging,526.2570238505261,,,21.017187829072068
Car 130,,64,18,,,start_charge,,starting to charge at Charger 18 (fid=64),526.2657449238319,,10.0,
Car 122,,,,,17,switch,,"Charger 17 (fid=35) not available, trying Charger 19 (fid=37)",526.3651696476763,19,,
Car 106,,,,,2,switch,,"Charger 2 (fid=307904) not available, trying Charger 3 (fid=307905)",526.4734816478718,3,,
Car 80,,40,12,,,start_charge,,starting to charge at Charger 12 (fid=40),526.7203096130347,,45.0,
Car 124,,,,,16,switch,,"Charger 16 (fid=8) not available, trying Charger 1 (fid=308702)",526.7301304820652,1,,
Car 75,,,,,0,switch,,"Charger 0 (fid=308440) not available, trying Charger 18 (fid=64)",526.8260606001174,18,,
Car 137,,,,,7,switch,,"Charger 7 (fid=31) not available, trying Charger 11 (fid=33)",526.8602384114744,11,,
Car 86,,,,,4,switch,,"Charger 4 (fid=308108) not available, trying Charger 2 (fid=307904)",527.285848405854,2,,
Car 112,,,,,7,switch,,"Charger 7 (fid=31) not available, trying Charger 11 (fid=33)",527.3014991742116,11,,
Car 102,,,,,14,switch,,"Charger 14 (fid=34) not available, trying Charger 1 (fid=308702)",527.3300784614053,1,,
Car 131,,,,,13,switch,,"Charger 13 (fid=5) not available, trying Charger 19 (fid=37)",527.3673301469697,19,,
Car 132,,,,,5,switch,,"Charger 5 (fid=73) not available, trying Charger 19 (fid=37)",527.4079030808178,19,,
Car 139,,,,72,,arrived,,arrived,527.6749783026346,,,
Car 133,,,,,15,switch,,"Charger 15 (fid=57) not available, trying Charger 0 (fid=308440)",527.7499073211242,0,,
Car 117,,,,,9,switch,,"Charger 9 (fid=86) not available, trying Charger 15 (fid=57)",528.0336908955267,15,,
Car 140,,,,63,,arrived,,arrived,528.0447954212509,,,
Car 82,52.0,308108,4,,,done,,done charging,528.089192073911,,,252.25969385824664
Car 137,,33,11,,,start_charge,,starting to charge at Charger 11 (fid=33),528.3846991503577,,5.0,
Car 93,55.0,73,5,,,done,,done charging,528.6741686460429,,,89.51947773250689
Car 138,,,,,9,switch,,"Charger 9 (fid=86) not available, trying Charger 4 (fid=308108)",528.8958983735216,4,,
Car 141,,,,4,,arrived,,arrived,528.9547857920196,,,
Car 84,,,,,3,switch,,"Charger 3 (fid=307905) not available, trying Charger 13 (fid=5)",529.0500285772188,13,,
Car 123,,,,,19,switch,,"Charger 19 (fid=37) not available, trying Charger 13 (fid=5)",529.1851921547759,13,,
Car 126,,,,,19,switch,,"Charger 19 (fid=37) not available, trying Charger 6 (fid=60)",529.3112963464258,6,,
Car 72,53.0,34,14,,,done,,done charging,529.4204433011441,,,271.2814663801955
Car 105,,,,,15,switch,,"Charger 15 (fid=57) not available, trying Charger 10 (fid=30)",529.7889415428463,10,,
Car 83,,,,,0,switch,,"Charger 0 (fid=308440) not available, trying Charger 5 (fid=73)",530.1400855572388,5,,
Car 59,118.0,5,13,,,done,,done charging,530.2282739265193,,,147.52671189997855
Car 129,,5,13,,,start_charge,,starting to charge at Charger 13 (fid=5),530.2282739265193,,14.694286328730016,
Car 142,,,,19,,arrived,,arrived,530.299593911605,,,
Car 116,,,,,17,switch,,"Charger 17 (fid=35) not available, trying Charger 12 (fid=40)",530.3769823285099,12,,
Car 135,,,,,15,switch,,"Charger 15 (fid=57) not available, trying Charger 17 (fid=35)",530.5551175055824,17,,
Car 103,,,,,6,switch,,"Charger 6 (fid=60) not available, trying Charger 10 (fid=30)",530.6667978783167,10,,
Car 108,,,,,19,switch,,"Charger 19 (fid=37) not available, trying Charger 6 (fid=60)",531.0318799012128,6,,
Car 138,,308108,4,,,start_charge,,starting to charge at Charger 4 (fid=308108),531.2688284098922,,5.0,
Car 106,,,,,3,switch,,"Charger 3 (fid=307905) not available, trying Charger 5 (fid=73)",531.7371078294359,5,,
Car 99,,,,,1,switch,,"Charger 1 (fid=308702) not available, trying Charger 19 (fid=37)",531.7802900639268,19,,
Car 110,,,,,15,switch,,"Charger 15 (fid=57) not available, trying Charger 11 (fid=33)",531.9512121899459,11,,
Car 115,,,,,6,switch,,"Charger 6 (fid=60) not available, trying Charger 5 (fid=73)",532.026336438118,5,,
Car 87,46.0,8,16,,,done,,done charging,532.0344642808777,,,358.99362911278075
Car 134,,,,,2,switch,,"Charger 2 (fid=307904) not available, trying Charger 3 (fid=307905)",532.1021511073909,3,,
Car 136,,,,,15,switch,,"Charger 15 (fid=57) not available, trying Charger 0 (fid=308440)",532.2049502096065,0,,
Car 73,,,,,17,switch,,"Charger 17 (fid=35) not available, trying Charger 0 (fid=308440)",532.2588314343432,0,,
Car 139,,,,,15,switch,,"Charger 15 (fid=57) not available, trying Charger 0 (fid=308440)",532.6749783026346,0,,
Car 113,,,,,1,switch,,"Charger 1 (fid=308702) not available, trying Charger 6 (fid=60)",532.7224888233633,6,,
Car 62,,,,,0,switch,,"Charger 0 (fid=308440) not available, trying Charger 9 (fid=86)",532.7476164177833,9,,
Car 128,,,,,2,switch,,"Charger 2 (fid=307904) not available, trying Charger 3 (fid=307905)",532.9827939882365,3,,
Car 140,,,,,13,switch,,"Charger 13 (fid=5) not available, trying Charger 16 (fid=8)",533.0447954212509,16,,
Car 102,,,,,1,switch,,"Charger 1 (fid=308702) not available, trying Charger 19 (fid=37)",533.4628984075368,19,,
Car 132,,,,,19,switch,,"Charger 19 (fid=37) not available, trying Charger 6 (fid=60)",533.4825666790472,6,,
Car 111,,,,,19,switch,,"Charger 19 (fid=37) not available, trying Charger 15 (fid=57)",533.8008940400176,15,,
Car 112,,,,,11,switch,,"Charger 11 (fid=33) not available, trying Charger 8 (fid=32)",533.825959913095,8,,
Car 141,,,,,13,switch,,"Charger 13 (fid=5) not available, trying Charger 19 (fid=37)",533.9547857920196,19,,
Car 131,,,,,19,switch,,"Charger 19 (fid=37) not available, trying Charger 5 (fid=73)",534.1544327880883,5,,
Car 127,,,,,17,switch,,"Charger 17 (fid=35) not available, trying Charger 19 (fid=37)",534.2425408194761,19,,
Car 83,,73,5,,,start_charge,,starting to charge at Charger 5 (fid=73),534.4038645698165,,49.99999999999994,
Car 133,,,,,0,switch,,"Charger 0 (fid=308440) not available, trying Charger 2 (fid=307904)",534.4894816365872,2,,
Car 143,,,,32,,arrived,,arrived,534.6009608819423,,,
Car 144,,,,13,,arrived,,arrived,535.1089237197199,,,
Car 142,,,,,0,switch,,"Charger 0 (fid=308440) not available, trying Charger 15 (fid=57)",535.299593911605,15,,
Car 122,,,,,19,switch,,"Charger 19 (fid=37) not available, trying Charger 16 (fid=8)",535.4633343191937,16,,
Car 86,,,,,2,switch,,"Charger 2 (fid=307904) not available, trying Charger 3 (fid=307905)",535.7919814204854,3,,
Car 123,,,,,13,switch,,"Charger 13 (fid=5) not available, trying Charger 12 (fid=40)",535.9722947958945,12,,
Car 140,,8,16,,,start_charge,,starting to charge at Charger 16 (fid=8),535.9801633608706,,5.0,
Car 145,,,,37,,arrived,,arrived,536.2181495186749,,,
Car 124,,,,,1,switch,,"Charger 1 (fid=308702) not available, trying Charger 7 (fid=31)",536.5792844060531,7,,
Car 135,,,,,17,switch,,"Charger 17 (fid=35) not available, trying Charger 7 (fid=31)",536.9247197614535,7,,
Car 134,,,,,3,switch,,"Charger 3 (fid=307905) not available, trying Charger 17 (fid=35)",537.365777288955,17,,
Car 146,,,,72,,arrived,,arrived,537.6618768143767,,,
Car 126,,,,,6,switch,,"Charger 6 (fid=60) not available, trying Charger 15 (fid=57)",537.6644043275775,15,,
Car 128,,,,,3,switch,,"Charger 3 (fid=307905) not available, trying Charger 5 (fid=73)",538.2464201698006,5,,
Car 147,,,,77,,arrived,,arrived,538.8309990388361,,,
Car 105,,,,,10,switch,,"Charger 10 (fid=30) not available, trying Charger 14 (fid=34)",538.8957959504817,14,,
Car 136,,,,,0,switch,,"Charger 0 (fid=308440) not available, trying Charger 2 (fid=307904)",538.9445245250696,2,,
Car 105,,34,14,,,start_charge,,starting to charge at Charger 14 (fid=34),539.0825368613769,,40.0,
Car 112,,,,,8,switch,,"Charger 8 (fid=32) not available, trying Charger 15 (fid=57)",539.0950585894435,15,,
Car 73,,,,,0,switch,,"Charger 0 (fid=308440) not available, trying Charger 11 (fid=33)",539.1945717161094,11,,
Car 68,106.0,308440,0,,,done,,done charging,539.2276322120697,,,39.39853473454384
Car 139,,308440,0,,,start_charge,,starting to charge at Charger 0 (fid=308440),539.2276322120697,,9.81307959397202,
Car 148,,,,4,,arrived,,arrived,539.2941089233501,,,
Car 108,,,,,6,switch,,"Charger 6 (fid=60) not available, trying Charger 7 (fid=31)",539.3849878823645,7,,
Car 143,,,,,17,switch,,"Charger 17 (fid=35) not available, trying Charger 15 (fid=57)",539.6009608819423,15,,
Car 117,,,,,15,switch,,"Charger 15 (fid=57) not available, trying Charger 6 (fid=60)",539.8393027196113,6,,
Car 99,,,,,19,switch,,"Charger 19 (fid=37) not available, trying Charger 2 (fid=307904)",540.0233935257178,2,,
Car 115,,,,,5,switch,,"Charger 5 (fid=73) not available, trying Charger 12 (fid=40)",540.0555254596376,12,,
Car 144,,,,,7,switch,,"Charger 7 (fid=31) not available, trying Charger 10 (fid=30)",540.1089237197199,10,,
Car 75,,,,,18,switch,,"Charger 18 (fid=64) not available, trying Charger 9 (fid=86)",540.1291734989384,9,,
Car 121,45.0,308440,0,,,done,,done charging,540.1777457301998,,,57.33694120795549
Car 116,,,,,12,switch,,"Charger 12 (fid=40) not available, trying Charger 6 (fid=60)",540.1851362143642,6,,
Car 95,62.0,35,17,,,done,,done charging,540.2037716953333,,,128.47077387877889
Car 134,,35,17,,,start_charge,,starting to charge at Charger 17 (fid=35),540.2176665788382,,15.0,
Car 131,,,,,5,switch,,"Charger 5 (fid=73) not available, trying Charger 1 (fid=308702)",540.2290963863177,1,,
Car 141,,,,,19,switch,,"Charger 19 (fid=37) not available, trying Charger 5 (fid=73)",540.7418884331382,5,,
Car 149,,,,13,,arrived,,arrived,540.7461791297588,,,
Car 86,,,,,3,switch,,"Charger 3 (fid=307905) not available, trying Charger 18 (fid=64)",541.0556076020495,18,,
Car 145,,,,,19,switch,,"Charger 19 (fid=37) not available, trying Charger 5 (fid=73)",541.2181495186749,5,,
Car 84,,,,,13,switch,,"Charger 13 (fid=5) not available, trying Charger 10 (fid=30)",541.2296722491407,10,,
Car 102,,,,,19,switch,,"Charger 19 (fid=37) not available, trying Charger 2 (fid=307904)",541.7060018693278,2,,
Car 110,,,,,11,switch,,"Charger 11 (fid=33) not available, trying Charger 8 (fid=32)",541.7578410856607,8,,
Car 111,,,,,15,switch,,"Charger 15 (fid=57) not available, trying Charger 13 (fid=5)",541.7974327666096,13,,
Car 132,,,,,6,switch,,"Charger 6 (fid=60) not available, trying Charger 12 (fid=40)",541.8356746601988,12,,
Car 103,,,,,10,switch,,"Charger 10 (fid=30) not available, trying Charger 14 (fid=34)",542.0280470616145,14,,
Car 142,,,,,15,switch,,"Charger 15 (fid=57) not available, trying Charger 17 (fid=35)",542.0391682270681,17,,
Car 124,,,,,7,switch,,"Charger 7 (fid=31) not available, trying Charger 15 (fid=57)",542.2826860050376,15,,
Car 106,,,,,5,switch,,"Charger 5 (fid=73) not available, trying Charger 18 (fid=64)",542.3832262008956,18,,
Car 78,90.0,308702,1,,,done,,done charging,542.4359954968833,,,30.763536663362352
Car 146,,,,,15,switch,,"Charger 15 (fid=57) not available, trying Charger 0 (fid=308440)",542.6618768143767,0,,
Car 150,,,,32,,arrived,,arrived,542.741789614105,,,
Car 63,118.0,8,16,,,done,,done charging,542.9423792917988,,,114.86945504744664
Car 122,,8,16,,,start_charge,,starting to charge at Charger 16 (fid=8),542.9423792917988,,29.397901764918515,
Car 127,,,,,19,switch,,"Charger 19 (fid=37) not available, trying Charger 16 (fid=8)",543.3407054909934,16,,
Car 113,,,,,6,switch,,"Charger 6 (fid=60) not available, trying Charger 7 (fid=31)",543.3869414428198,7,,
Car 151,,,,117,,arrived,,arrived,543.4830566295899,,,
Car 133,,,,,2,switch,,"Charger 2 (fid=307904) not available, trying Charger 3 (fid=307905)",543.8259691354805,3,,
Car 147,,,,,6,switch,,"Charger 6 (fid=60) not available, trying Charger 12 (fid=40)",543.8309990388361,12,,
Car 131,,308702,1,,,start_charge,,starting to charge at Charger 1 (fid=308702),544.1501682932607,,20.0,
Car 148,,,,,6,switch,,"Charger 6 (fid=60) not available, trying Charger 2 (fid=307904)",544.2941089233501,2,,
Car 146,,308440,0,,,start_charge,,starting to charge at Charger 0 (fid=308440),544.4014511298398,,5.0,
Car 62,,,,,9,switch,,"Charger 9 (fid=86) not available, trying Charger 1 (fid=308702)",544.9109774683152,1,,
Car 149,,,,,7,switch,,"Charger 7 (fid=31) not available, trying Charger 10 (fid=30)",545.7461791297588,10,,
Car 144,,,,,10,switch,,"Charger 10 (fid=30) not available, trying Charger 14 (fid=34)",545.9336099705238,14,,
Car 143,,,,,15,switch,,"Charger 15 (fid=57) not available, trying Charger 0 (fid=308440)",545.9705631378134,0,,
Car 135,,,,,7,switch,,"Charger 7 (fid=31) not available, trying Charger 10 (fid=30)",546.1304905712045,10,,
Car 126,,,,,15,switch,,"Charger 15 (fid=57) not available, trying Charger 12 (fid=40)",546.5557352529381,12,,
Car 91,77.0,30,10,,,done,,done charging,546.7140394982548,,,175.30007889404655
Car 84,,30,10,,,start_charge,,starting to charge at Charger 10 (fid=30),546.7140394982548,,56.2324573278529,
Car 141,,,,,5,switch,,"Charger 5 (fid=73) not available, trying Charger 16 (fid=8)",546.8165520313676,16,,
Car 110,,,,,8,switch,,"Charger 8 (fid=32) not available, trying Charger 5 (fid=73)",547.0269397620093,5,,
Car 123,,,,,12,switch,,"Charger 12 (fid=40) not available, trying Charger 15 (fid=57)",547.0948572493764,15,,
Car 103,,,,,14,switch,,"Charger 14 (fid=34) not available, trying Charger 1 (fid=308702)",547.2147879725097,1,,
Car 145,,,,,5,switch,,"Charger 5 (fid=73) not available, trying Charger 13 (fid=5)",547.2928131169042,13,,
Car 116,,,,,6,switch,,"Charger 6 (fid=60) not available, trying Charger 15 (fid=57)",547.5134779561669,15,,
Car 75,,,,,9,switch,,"Charger 9 (fid=86) not available, trying Charger 16 (fid=8)",547.7121852512886,16,,
Car 150,,,,,17,switch,,"Charger 17 (fid=35) not available, trying Charger 15 (fid=57)",547.741789614105,15,,
Car 73,,,,,11,switch,,"Charger 11 (fid=33) not available, trying Charger 8 (fid=32)",547.926050617545,8,,
Car 136,,,,,2,switch,,"Charger 2 (fid=307904) not available, trying Charger 3 (fid=307905)",548.2810120239628,3,,
Car 142,,,,,17,switch,,"Charger 17 (fid=35) not available, trying Charger 7 (fid=31)",548.4087704829392,7,,
Car 151,,,,,2,switch,,"Charger 2 (fid=307904) not available, trying Charger 3 (fid=307905)",548.4830566295899,3,,
Car 117,,,,,6,switch,,"Charger 6 (fid=60) not available, trying Charger 4 (fid=308108)",548.7306336449719,4,,
Car 128,,,,,5,switch,,"Charger 5 (fid=73) not available, trying Charger 6 (fid=60)",548.8925385412603,6,,
Car 112,,,,,15,switch,,"Charger 15 (fid=57) not available, trying Charger 10 (fid=30)",548.9184789846873,10,,
Car 133,,,,,3,switch,,"Charger 3 (fid=307905) not available, trying Charger 5 (fid=73)",549.0895953170445,5,,
Car 132,,,,,12,switch,,"Charger 12 (fid=40) not available, trying Charger 15 (fid=57)",549.1640164020015,15,,
Car 115,,,,,12,switch,,"Charger 12 (fid=40) not available, trying Charger 19 (fid=37)",549.6033530249556,19,,
Car 152,,,,33,,arrived,,arrived,550.165476365848,,,
Car 86,,,,,18,switch,,"Charger 18 (fid=64) not available, trying Charger 0 (fid=308440)",550.338035127806,0,,
Car 108,,,,,7,switch,,"Charger 7 (fid=31) not available, trying Charger 10 (fid=30)",550.3878058784128,10,,
Car 153,,,,73,,arrived,,arrived,550.4891690670864,,,
Car 111,,,,,13,switch,,"Charger 13 (fid=5) not available, trying Charger 5 (fid=73)",550.8830180725595,5,,
Car 99,,,,,2,switch,,"Charger 2 (fid=307904) not available, trying Charger 3 (fid=307905)",550.9770940251888,3,,
Car 124,,,,,15,switch,,"Charger 15 (fid=57) not available, trying Charger 10 (fid=30)",551.0311092254236,10,,
Car 144,,,,,14,switch,,"Charger 14 (fid=34) not available, trying Charger 1 (fid=308702)",551.120350881419,1,,
Car 147,,,,,12,switch,,"Charger 12 (fid=40) not available, trying Charger 4 (fid=308108)",551.1593407806388,4,,
Car 101,55.0,86,9,,,done,,done charging,551.1754991410342,,,260.42476275724925
Car 127,,,,,16,switch,,"Charger 16 (fid=8) not available, trying Charger 15 (fid=57)",551.42184869868,15,,
Car 149,,,,,10,switch,,"Charger 10 (fid=30) not available, trying Charger 14 (fid=34)",551.5708653805627,14,,
Car 135,,,,,10,switch,,"Charger 10 (fid=30) not available, trying Charger 14 (fid=34)",551.9551768220084,14,,
Car 102,,,,,2,switch,,"Charger 2 (fid=307904) not available, trying Charger 3 (fid=307905)",552.6597023687988,3,,
Car 143,,,,,0,switch,,"Charger 0 (fid=308440) not available, trying Charger 2 (fid=307904)",552.7101374532765,2,,
Car 73,,,,,8,switch,,"Charger 8 (fid=32) not available, trying Charger 12 (fid=40)",553.1951492938936,12,,
Car 148,,,,,2,switch,,"Charger 2 (fid=307904) not available, trying Charger 3 (fid=307905)",553.2962654360535,3,,
Car 103,,,,,1,switch,,"Charger 1 (fid=308702) not available, trying Charger 11 (fid=33)",553.3476079186413,11,,
Car 136,,,,,3,switch,,"Charger 3 (fid=307905) not available, trying Charger 6 (fid=60)",553.5446382055269,6,,
Car 151,,,,,3,switch,,"Charger 3 (fid=307905) not available, trying Charger 17 (fid=35)",553.746682811154,17,,
Car 150,,,,,15,switch,,"Charger 15 (fid=57) not available, trying Charger 0 (fid=308440)",554.111391869976,0,,
Car 113,,,,,7,switch,,"Charger 7 (fid=31) not available, trying Charger 10 (fid=30)",554.389759438868,10,,
Car 154,,,,34,,arrived,,arrived,554.4078244695812,,,
Car 141,,,,,16,switch,,"Charger 16 (fid=8) not available, trying Charger 1 (fid=308702)",554.6672782302929,1,,
Car 145,,,,,13,switch,,"Charger 13 (fid=5) not available, trying Charger 15 (fid=57)",554.7578842031749,15,,
Car 106,,,,,18,switch,,"Charger 18 (fid=64) not available, trying Charger 17 (fid=35)",554.8055299722752,17,,
Car 155,,,,73,,arrived,,arrived,555.0412403571067,,,
Car 156,,,,40,,arrived,,arrived,555.0559598893283,,,
Car 152,,,,,17,switch,,"Charger 17 (fid=35) not available, trying Charger 15 (fid=57)",555.165476365848,15,,
Car 153,,,,,5,switch,,"Charger 5 (fid=73) not available, trying Charger 19 (fid=37)",555.4891690670864,19,,
Car 108,,,,,10,switch,,"Charger 10 (fid=30) not available, trying Charger 14 (fid=34)",556.2124921292167,14,,
Car 99,,,,,3,switch,,"Charger 3 (fid=307905) not available, trying Charger 6 (fid=60)",556.2407202067528,6,,
Car 116,,,,,15,switch,,"Charger 15 (fid=57) not available, trying Charger 0 (fid=308440)",556.4048088815275,0,,
Car 60,113.0,73,5,,,done,,done charging,556.4713127920884,,,368.68332888888585
Car 110,,73,5,,,start_charge,,starting to charge at Charger 5 (fid=73),556.4713127920884,,49.10993857168637,
Car 149,,,,,14,switch,,"Charger 14 (fid=34) not available, trying Charger 1 (fid=308702)",556.7576062914579,1,,
Car 157,,,,33,,arrived,,arrived,556.8529898531009,,,
Car 90,90.0,60,6,,,done,,done charging,556.9185956662984,,,250.0154667900339
Car 128,,60,6,,,start_charge,,starting to charge at Charger 6 (fid=60),556.9185956662984,,34.996868103518636,
Car 126,,,,,12,switch,,"Charger 12 (fid=40) not available, trying Charger 1 (fid=308702)",556.9697520963012,1,,
Car 135,,,,,14,switch,,"Charger 14 (fid=34) not available, trying Charger 1 (fid=308702)",557.1419177329036,1,,
Car 144,,,,,1,switch,,"Charger 1 (fid=308702) not available, trying Charger 0 (fid=308440)",557.2531708275505,0,,
Car 158,,,,8,,arrived,,arrived,557.272674891384,,,
Car 123,,,,,15,switch,,"Charger 15 (fid=57) not available, trying Charger 17 (fid=35)",557.5088740927396,17,,
Car 142,,,,,7,switch,,"Charger 7 (fid=31) not available, trying Charger 10 (fid=30)",557.6145412926902,10,,
Car 102,,,,,3,switch,,"Charger 3 (fid=307905) not available, trying Charger 6 (fid=60)",557.9233285503628,6,,
Car 117,,,,,4,switch,,"Charger 4 (fid=308108) not available, trying Charger 18 (fid=64)",557.9532020061506,18,,
Car 112,,,,,10,switch,,"Charger 10 (fid=30) not available, trying Charger 14 (fid=34)",558.0253333923228,14,,
Car 111,,,,,5,switch,,"Charger 5 (fid=73) not available, trying Charger 17 (fid=35)",558.3480891588301,17,,
Car 148,,,,,3,switch,,"Charger 3 (fid=307905) not available, trying Charger 17 (fid=35)",558.5598916176176,17,,
Car 159,,,,50,,arrived,,arrived,558.6867600600124,,,
Car 62,,,,,1,switch,,"Charger 1 (fid=308702) not available, trying Charger 7 (fid=31)",559.2256303980992,7,,
Car 44,112.0,31,7,,,done,,done charging,559.2485869977613,,,324.7116712293053
Car 154,,,,,17,switch,,"Charger 17 (fid=35) not available, trying Charger 15 (fid=57)",559.4078244695812,15,,
Car 115,,,,,19,switch,,"Charger 19 (fid=37) not available, trying Charger 1 (fid=308702)",559.4750995499057,1,,
Car 132,,,,,15,switch,,"Charger 15 (fid=57) not available, trying Charger 13 (fid=5)",559.5780332453646,13,,
Car 133,,,,,5,switch,,"Charger 5 (fid=73) not available, trying Charger 6 (fid=60)",559.7357136885042,6,,
Car 62,,31,7,,,start_charge,,starting to charge at Charger 7 (fid=31),559.9290319970836,,75.0,
Car 155,,,,,5,switch,,"Charger 5 (fid=73) not available, trying Charger 19 (fid=37)",560.0412403571067,19,,
Car 156,,,,,12,switch,,"Charger 12 (fid=40) not available, trying Charger 6 (fid=60)",560.0559598893283,6,,
Car 103,,,,,11,switch,,"Charger 11 (fid=33) not available, trying Charger 8 (fid=32)",560.1092151929546,8,,
Car 124,,,,,10,switch,,"Charger 10 (fid=30) not available, trying Charger 14 (fid=34)",560.137963633059,14,,
Car 160,,,,10,,arrived,,arrived,560.1549932684077,,,
Car 113,,,,,10,switch,,"Charger 10 (fid=30) not available, trying Charger 14 (fid=34)",560.214445689672,14,,
Car 147,,,,,4,switch,,"Charger 4 (fid=308108) not available, trying Charger 2 (fid=307904)",560.2744325894784,2,,
Car 161,,,,70,,arrived,,arrived,560.538752464715,,,
Car 127,,,,,15,switch,,"Charger 15 (fid=57) not available, trying Charger 2 (fid=307904)",560.6145891362673,2,,
Car 150,,,,,0,switch,,"Charger 0 (fid=308440) not available, trying Charger 2 (fid=307904)",560.8509661854391,2,,
Car 162,,,,4,,arrived,,arrived,561.1335336909304,,,
Car 75,,,,,16,switch,,"Charger 16 (fid=8) not available, trying Charger 1 (fid=308702)",561.1881489356578,1,,
Car 108,,,,,14,switch,,"Charger 14 (fid=34) not available, trying Charger 1 (fid=308702)",561.3992330401119,1,,
Car 163,,,,73,,arrived,,arrived,561.4291009554157,,,
Car 152,,,,,15,switch,,"Charger 15 (fid=57) not available, trying Charger 0 (fid=308440)",561.5350786217191,0,,
Car 164,,,,23,,arrived,,arrived,561.5520718352248,,,
Car 153,,,,,19,switch,,"Charger 19 (fid=37) not available, trying Charger 13 (fid=5)",561.5638326653158,13,,
Car 151,,,,,17,switch,,"Charger 17 (fid=35) not available, trying Charger 0 (fid=308440)",561.5985721010372,0,,
Car 157,,,,,17,switch,,"Charger 17 (fid=35) not available, trying Charger 15 (fid=57)",561.8529898531009,15,,
Car 143,,,,,2,switch,,"Charger 2 (fid=307904) not available, trying Charger 3 (fid=307905)",562.0466249521697,3,,
Car 158,,,,,16,switch,,"Charger 16 (fid=8) not available, trying Charger 5 (fid=73)",562.272674891384,5,,
Car 136,,,,,6,switch,,"Charger 6 (fid=60) not available, trying Charger 5 (fid=73)",562.563131549851,5,,
Car 149,,,,,1,switch,,"Charger 1 (fid=308702) not available, trying Charger 0 (fid=308440)",562.8904262375895,0,,
Car 116,,,,,0,switch,,"Charger 0 (fid=308440) not available, trying Charger 5 (fid=73)",563.1443831969906,5,,
Car 112,,,,,14,switch,,"Charger 14 (fid=34) not available, trying Charger 6 (fid=60)",563.212074303218,6,,
Car 135,,,,,1,switch,,"Charger 1 (fid=308702) not available, trying Charger 11 (fid=33)",563.2747376790352,11,,
Car 142,,,,,10,switch,,"Charger 10 (fid=30) not available, trying Charger 14 (fid=34)",563.4392275434941,14,,
Car 86,,,,,0,switch,,"Charger 0 (fid=308440) not available, trying Charger 11 (fid=33)",563.6411480266269,11,,
Car 159,,,,,12,switch,,"Charger 12 (fid=40) not available, trying Charger 6 (fid=60)",563.6867600600124,6,,
Car 74,68.0,40,12,,,done,,done charging,563.8047802930371,,,343.357386976949
Car 73,,40,12,,,start_charge,,starting to charge at Charger 12 (fid=40),563.8047802930371,,72.00912991023483,
Car 145,,,,,15,switch,,"Charger 15 (fid=57) not available, trying Charger 16 (fid=8)",563.8434695091247,16,,
Car 123,,,,,17,switch,,"Charger 17 (fid=35) not available, trying Charger 1 (fid=308702)",563.8784763486107,1,,
Car 141,,,,,1,switch,,"Charger 1 (fid=308702) not available, trying Charger 7 (fid=31)",564.5164321542809,7,,
Car 165,,,,38,,arrived,,arrived,564.5943237394533,,,
Car 117,,,,,18,switch,,"Charger 18 (fid=64) not available, trying Charger 12 (fid=40)",564.7941387979685,12,,
Car 160,,,,,16,switch,,"Charger 16 (fid=8) not available, trying Charger 5 (fid=73)",565.1549932684077,5,,
Car 99,,,,,6,switch,,"Charger 6 (fid=60) not available, trying Charger 11 (fid=33)",565.259213551077,11,,
Car 124,,,,,14,switch,,"Charger 14 (fid=34) not available, trying Charger 11 (fid=33)",565.3247045439542,11,,
Car 144,,,,,0,switch,,"Charger 0 (fid=308440) not available, trying Charger 11 (fid=33)",565.363623454949,11,,
Car 103,,,,,8,switch,,"Charger 8 (fid=32) not available, trying Charger 5 (fid=73)",565.3783138693032,5,,
Car 113,,,,,14,switch,,"Charger 14 (fid=34) not available, trying Charger 17 (fid=35)",565.4011866005671,17,,
Car 161,,,,,15,switch,,"Charger 15 (fid=57) not available, trying Charger 0 (fid=308440)",565.538752464715,0,,
Car 154,,,,,15,switch,,"Charger 15 (fid=57) not available, trying Charger 0 (fid=308440)",565.7774267254523,0,,
Car 94,50.0,31,7,,,done,,done charging,565.8272091459287,,,364.06282420608966
Car 141,,31,7,,,start_charge,,starting to charge at Charger 7 (fid=31),565.8272091459287,,25.607375392663357,
Car 155,,,,,19,switch,,"Charger 19 (fid=37) not available, trying Charger 13 (fid=5)",566.1159039553361,13,,
Car 162,,,,,6,switch,,"Charger 6 (fid=60) not available, trying Charger 2 (fid=307904)",566.1335336909304,2,,
Car 148,,,,,17,switch,,"Charger 17 (fid=35) not available, trying Charger 15 (fid=57)",566.4117809075009,15,,
Car 163,,,,,5,switch,,"Charger 5 (fid=73) not available, trying Charger 19 (fid=37)",566.4291009554157,19,,
Car 166,,,,7,,arrived,,arrived,566.5388420219448,,,
Car 164,,,,,11,switch,,"Charger 11 (fid=33) not available, trying Charger 8 (fid=32)",566.5520718352248,8,,
Car 77,95.0,307904,2,,,done,,done charging,566.6323161883774,,,278.2164119235254
Car 147,,307904,2,,,start_charge,,starting to charge at Charger 2 (fid=307904),566.6323161883774,,17.851750584267734,
Car 106,,,,,17,switch,,"Charger 17 (fid=35) not available, trying Charger 19 (fid=37)",566.6598837747302,19,,
Car 102,,,,,6,switch,,"Charger 6 (fid=60) not available, trying Charger 11 (fid=33)",566.941821894687,11,,
Car 111,,,,,17,switch,,"Charger 17 (fid=35) not available, trying Charger 16 (fid=8)",567.2418961118159,16,,
Car 143,,,,,3,switch,,"Charger 3 (fid=307905) not available, trying Charger 5 (fid=73)",567.3102511337338,5,,
Car 156,,,,,6,switch,,"Charger 6 (fid=60) not available, trying Charger 4 (fid=308108)",567.3843016311309,4,,
Car 108,,,,,1,switch,,"Charger 1 (fid=308702) not available, trying Charger 11 (fid=33)",567.5320529862435,11,,
Car 115,,,,,1,switch,,"Charger 1 (fid=308702) not available, trying Charger 7 (fid=31)",567.7182030116967,7,,
Car 133,,,,,6,switch,,"Charger 6 (fid=60) not available, trying Charger 19 (fid=37)",567.7649027100238,19,,
Car 109,53.0,307905,3,,,done,,done charging,567.8782981694835,,,241.58632426704327
Car 157,,,,,15,switch,,"Charger 15 (fid=57) not available, trying Charger 0 (fid=308440)",568.222592108972,0,,
Car 152,,,,,0,switch,,"Charger 0 (fid=308440) not available, trying Charger 2 (fid=307904)",568.2746529371822,2,,
Car 167,,,,18,,arrived,,arrived,568.2975249057773,,,
Car 153,,,,,13,switch,,"Charger 13 (fid=5) not available, trying Charger 16 (fid=8)",568.3509353064344,16,,
Car 151,,,,,0,switch,,"Charger 0 (fid=308440) not available, trying Charger 9 (fid=86)",568.5343123828035,9,,
Car 142,,,,,14,switch,,"Charger 14 (fid=34) not available, trying Charger 1 (fid=308702)",568.6259684543893,1,,
Car 132,,,,,13,switch,,"Charger 13 (fid=5) not available, trying Charger 17 (fid=35)",568.6636185513145,17,,
Car 126,,,,,1,switch,,"Charger 1 (fid=308702) not available, trying Charger 7 (fid=31)",569.1568906337602,7,,
Car 127,,,,,2,switch,,"Charger 2 (fid=307904) not available, trying Charger 3 (fid=307905)",569.5933274087133,3,,
Car 165,,,,,13,switch,,"Charger 13 (fid=5) not available, trying Charger 19 (fid=37)",569.5943237394533,19,,
Car 127,,307905,3,,,start_charge,,starting to charge at Charger 3 (fid=307905),569.8569535902774,,40.0,
Car 135,,,,,11,switch,,"Charger 11 (fid=33) not available, trying Charger 8 (fid=32)",570.0363449533485,8,,
Car 158,,,,,5,switch,,"Charger 5 (fid=73) not available, trying Charger 13 (fid=5)",570.1234010903094,13,,
Car 150,,,,,2,switch,,"Charger 2 (fid=307904) not available, trying Charger 3 (fid=307905)",570.1874536843324,3,,
Car 168,,,,6,,arrived,,arrived,570.516007803758,,,
Car 136,,,,,5,switch,,"Charger 5 (fid=73) not available, trying Charger 19 (fid=37)",570.5923205713706,19,,
Car 149,,,,,0,switch,,"Charger 0 (fid=308440) not available, trying Charger 11 (fid=33)",571.000878864988,11,,
Car 159,,,,,6,switch,,"Charger 6 (fid=60) not available, trying Charger 4 (fid=308108)",571.015101801815,4,,
Car 75,,,,,1,switch,,"Charger 1 (fid=308702) not available, trying Charger 13 (fid=5)",571.0373028596457,13,,
Car 124,,,,,11,switch,,"Charger 11 (fid=33) not available, trying Charger 8 (fid=32)",571.2112199429289,8,,
Car 120,72.0,64,18,,,done,,done charging,571.4755273850167,,,151.01174745770558
Car 166,,,,,4,switch,,"Charger 4 (fid=308108) not available, trying Charger 2 (fid=307904)",571.5388420219448,2,,
Car 164,,,,,8,switch,,"Charger 8 (fid=32) not available, trying Charger 10 (fid=30)",571.8211705115733,10,,
Car 161,,,,,0,switch,,"Charger 0 (fid=308440) not available, trying Charger 17 (fid=35)",572.2783267801781,17,,
Car 86,,,,,11,switch,,"Charger 11 (fid=33) not available, trying Charger 8 (fid=32)",572.3726269280625,8,,
Car 116,,,,,5,switch,,"Charger 5 (fid=73) not available, trying Charger 19 (fid=37)",572.4081622095683,19,,
Car 163,,,,,19,switch,,"Charger 19 (fid=37) not available, trying Charger 13 (fid=5)",572.503764553645,13,,
Car 154,,,,,0,switch,,"Charger 0 (fid=308440) not available, trying Charger 2 (fid=307904)",572.5170010409154,2,,
Car 148,,,,,15,switch,,"Charger 15 (fid=57) not available, trying Charger 12 (fid=40)",572.781383163372,12,,
Car 155,,,,,13,switch,,"Charger 13 (fid=5) not available, trying Charger 16 (fid=8)",572.9030065964547,16,,
Car 160,,,,,5,switch,,"Charger 5 (fid=73) not available, trying Charger 6 (fid=60)",573.005719467333,6,,
Car 145,,,,,16,switch,,"Charger 16 (fid=8) not available, trying Charger 1 (fid=308702)",573.036209946712,1,,
Car 167,,,,,17,switch,,"Charger 17 (fid=35) not available, trying Charger 15 (fid=57)",573.2975249057773,15,,
Car 123,,,,,1,switch,,"Charger 1 (fid=308702) not available, trying Charger 0 (fid=308440)",573.3213936937917,0,,
Car 115,,,,,7,switch,,"Charger 7 (fid=31) not available, trying Charger 10 (fid=30)",573.4216046106811,10,,
Car 169,,,,8,,arrived,,arrived,573.6360131312115,,,
Car 144,,,,,11,switch,,"Charger 11 (fid=33) not available, trying Charger 8 (fid=32)",574.0951023563846,8,,
Car 170,,,,54,,arrived,,arrived,574.1467643714568,,,
Car 108,,,,,11,switch,,"Charger 11 (fid=33) not available, trying Charger 8 (fid=32)",574.2936602605567,8,,
Car 117,,,,,12,switch,,"Charger 12 (fid=40) not available, trying Charger 7 (fid=31)",574.4547247424146,7,,
Car 112,,,,,6,switch,,"Charger 6 (fid=60) not available, trying Charger 17 (fid=35)",574.6443106464134,17,,
Car 142,,,,,1,switch,,"Charger 1 (fid=308702) not available, trying Charger 11 (fid=33)",574.7587884005209,11,,
Car 113,,,,,17,switch,,"Charger 17 (fid=35) not available, trying Charger 0 (fid=308440)",574.8363428916037,0,,
Car 126,,,,,7,switch,,"Charger 7 (fid=31) not available, trying Charger 17 (fid=35)",574.8602922327447,17,,
Car 157,,,,,0,switch,,"Charger 0 (fid=308440) not available, trying Charger 2 (fid=307904)",574.962166424435,2,,
Car 162,,,,,2,switch,,"Charger 2 (fid=307904) not available, trying Charger 3 (fid=307905)",575.1356902036339,3,,
Car 56,52.0,32,8,,,done,,done charging,575.2497947332181,,,486.492068205467
Car 135,,32,8,,,start_charge,,starting to charge at Charger 8 (fid=32),575.2497947332181,,44.94435110352106,
Car 89,110.0,30,10,,,done,,done charging,575.4394089681473,,,116.49554973819289
Car 164,,30,10,,,start_charge,,starting to charge at Charger 10 (fid=30),575.4394089681473,,12.785918717968002,
Car 150,,,,,3,switch,,"Charger 3 (fid=307905) not available, trying Charger 5 (fid=73)",575.4510798658964,5,,
Car 168,,,,,6,switch,,"Charger 6 (fid=60) not available, trying Charger 17 (fid=35)",575.516007803758,17,,
Car 151,,86,9,,,start_charge,,starting to charge at Charger 9 (fid=86),575.6976734333354,,20.0,
Car 103,,,,,5,switch,,"Charger 5 (fid=73) not available, trying Charger 19 (fid=37)",575.7127483276959,19,,
Car 106,,,,,19,switch,,"Charger 19 (fid=37) not available, trying Charger 15 (fid=57)",575.7580484462476,15,,
Car 171,,,,23,,arrived,,arrived,575.8074836081646,,,
Car 133,,,,,19,switch,,"Charger 19 (fid=37) not available, trying Charger 7 (fid=31)",576.1180106911754,7,,
Car 153,,,,,16,switch,,"Charger 16 (fid=8) not available, trying Charger 15 (fid=57)",576.2863032460541,15,,
Car 165,,,,,19,switch,,"Charger 19 (fid=37) not available, trying Charger 1 (fid=308702)",576.381426380572,1,,
Car 124,,,,,8,switch,,"Charger 8 (fid=32) not available, trying Charger 6 (fid=60)",576.4803186192775,6,,
Car 156,,,,,4,switch,,"Charger 4 (fid=308108) not available, trying Charger 16 (fid=8)",576.6068699923096,16,,
Car 136,,,,,19,switch,,"Charger 19 (fid=37) not available, trying Charger 7 (fid=31)",576.6669841695999,7,,
Car 100,94.0,37,19,,,done,,done charging,576.9693838253559,,,89.51947773250689
Car 116,,37,19,,,start_charge,,starting to charge at Charger 19 (fid=37),576.9693838253559,,58.486558017558195,
Car 99,,,,,11,switch,,"Charger 11 (fid=33) not available, trying Charger 8 (fid=32)",577.3202372224542,8,,
Car 111,,,,,16,switch,,"Charger 16 (fid=8) not available, trying Charger 6 (fid=60)",577.4615603329866,6,,
Car 158,,,,,13,switch,,"Charger 13 (fid=5) not available, trying Charger 19 (fid=37)",577.58847217658,19,,
Car 152,,,,,2,switch,,"Charger 2 (fid=307904) not available, trying Charger 3 (fid=307905)",577.6111404360754,3,,
Car 86,,,,,8,switch,,"Charger 8 (fid=32) not available, trying Charger 1 (fid=308702)",577.641725604411,1,,
Car 143,,,,,5,switch,,"Charger 5 (fid=73) not available, trying Charger 6 (fid=60)",577.9563695051935,6,,
Car 172,,,,72,,arrived,,arrived,578.0248711349551,,,
Car 169,,,,,16,switch,,"Charger 16 (fid=8) not available, trying Charger 5 (fid=73)",578.6360131312115,5,,
Car 132,,,,,17,switch,,"Charger 17 (fid=35) not available, trying Charger 0 (fid=308440)",578.8508298021897,0,,
Car 102,,,,,11,switch,,"Charger 11 (fid=33) not available, trying Charger 8 (fid=32)",579.0028455660643,8,,
Car 170,,,,,15,switch,,"Charger 15 (fid=57) not available, trying Charger 17 (fid=35)",579.1467643714568,17,,
Car 161,,,,,17,switch,,"Charger 17 (fid=35) not available, trying Charger 7 (fid=31)",579.2140670619443,7,,
Car 115,,,,,10,switch,,"Charger 10 (fid=30) not available, trying Charger 9 (fid=86)",579.246290861485,9,,
Car 163,,,,,13,switch,,"Charger 13 (fid=5) not available, trying Charger 16 (fid=8)",579.2908671947637,16,,
Car 144,,,,,8,switch,,"Charger 8 (fid=32) not available, trying Charger 15 (fid=57)",579.3642010327331,15,,
Car 108,,,,,8,switch,,"Charger 8 (fid=32) not available, trying Charger 13 (fid=5)",579.5627589369053,13,,
Car 75,,,,,13,switch,,"Charger 13 (fid=5) not available, trying Charger 7 (fid=31)",579.5924162170656,7,,
Car 167,,,,,15,switch,,"Charger 15 (fid=57) not available, trying Charger 0 (fid=308440)",579.6671271616484,0,,
Car 149,,,,,11,switch,,"Charger 11 (fid=33) not available, trying Charger 8 (fid=32)",579.7323577664235,8,,
Car 166,,,,,2,switch,,"Charger 2 (fid=307904) not available, trying Charger 3 (fid=307905)",580.0449750365761,3,,
Car 96,106.0,37,19,,,done,,done charging,580.1907681567923,,,33.04470625133857
Car 103,,37,19,,,start_charge,,starting to charge at Charger 19 (fid=37),580.1907681567923,,68.40335623086708,
Car 159,,,,,4,switch,,"Charger 4 (fid=308108) not available, trying Charger 16 (fid=8)",580.2376701629937,16,,
Car 173,,,,44,,arrived,,arrived,580.3584338143831,,,
Car 162,,,,,3,switch,,"Charger 3 (fid=307905) not available, trying Charger 17 (fid=35)",580.399316385198,17,,
Car 174,,,,21,,arrived,,arrived,580.5721070579627,,,
Car 171,,,,,11,switch,,"Charger 11 (fid=33) not available, trying Charger 8 (fid=32)",580.8074836081646,8,,
Car 155,,,,,16,switch,,"Charger 16 (fid=8) not available, trying Charger 15 (fid=57)",580.8383745360744,15,,
Car 160,,,,,6,switch,,"Charger 6 (fid=60) not available, trying Charger 19 (fid=37)",581.0349084888526,19,,
Car 138,50.0,308108,4,,,done,,done charging,581.2688284098922,,,190.81237011260845
Car 123,,,,,0,switch,,"Charger 0 (fid=308440) not available, trying Charger 7 (fid=31)",581.4318463211902,7,,
Car 142,,,,,11,switch,,"Charger 11 (fid=33) not available, trying Charger 8 (fid=32)",581.5203956748342,8,,
Car 113,,,,,0,switch,,"Charger 0 (fid=308440) not available, trying Charger 11 (fid=33)",581.77208317337,11,,
Car 154,,,,,2,switch,,"Charger 2 (fid=307904) not available, trying Charger 3 (fid=307905)",581.8534885398086,3,,
Car 99,,,,,8,switch,,"Charger 8 (fid=32) not available, trying Charger 13 (fid=5)",582.5893358988028,13,,
Car 112,,,,,17,switch,,"Charger 17 (fid=35) not available, trying Charger 0 (fid=308440)",582.8695640155547,0,,
Car 152,,,,,3,switch,,"Charger 3 (fid=307905) not available, trying Charger 6 (fid=60)",582.8747666176395,6,,
Car 145,,,,,1,switch,,"Charger 1 (fid=308702) not available, trying Charger 6 (fid=60)",582.8853638707,6,,
Car 172,,,,,15,switch,,"Charger 15 (fid=57) not available, trying Charger 0 (fid=308440)",583.0248711349551,0,,
Car 148,,,,,12,switch,,"Charger 12 (fid=40) not available, trying Charger 4 (fid=308108)",583.1954000067351,4,,
Car 85,60.0,308108,4,,,done,,done charging,583.2511043225047,,,441.1413275065181
Car 168,,,,,17,switch,,"Charger 17 (fid=35) not available, trying Charger 2 (fid=307904)",583.7412611728994,2,,
Car 106,,,,,15,switch,,"Charger 15 (fid=57) not available, trying Charger 9 (fid=86)",583.7545871728396,9,,
Car 126,,,,,17,switch,,"Charger 17 (fid=35) not available, trying Charger 10 (fid=30)",584.0660630424957,10,,
Car 102,,,,,8,switch,,"Charger 8 (fid=32) not available, trying Charger 13 (fid=5)",584.2719442424128,13,,
Car 157,,,,,2,switch,,"Charger 2 (fid=307904) not available, trying Charger 3 (fid=307905)",584.2986539233283,3,,
Car 158,,,,,19,switch,,"Charger 19 (fid=37) not available, trying Charger 6 (fid=60)",584.3755748176986,6,,
Car 86,,,,,1,switch,,"Charger 1 (fid=308702) not available, trying Charger 7 (fid=31)",584.4201243782534,7,,
Car 175,,,,60,,arrived,,arrived,584.4944626446398,,,
Car 165,,,,,1,switch,,"Charger 1 (fid=308702) not available, trying Charger 5 (fid=73)",584.6245298423629,5,,
Car 133,,,,,7,switch,,"Charger 7 (fid=31) not available, trying Charger 10 (fid=30)",584.6994795295583,10,,
Car 149,,,,,8,switch,,"Charger 8 (fid=32) not available, trying Charger 15 (fid=57)",585.0014564427721,15,,
Car 136,,,,,7,switch,,"Charger 7 (fid=31) not available, trying Charger 10 (fid=30)",585.2484530079828,10,,
Car 130,59.0,64,18,,,done,,done charging,585.2657449238319,,,201.62710014174738
Car 166,,,,,3,switch,,"Charger 3 (fid=307905) not available, trying Charger 18 (fid=64)",585.3086012181402,18,,
Car 173,,,,,7,switch,,"Charger 7 (fid=31) not available, trying Charger 1 (fid=308702)",585.3584338143831,1,,
Car 153,,,,,15,switch,,"Charger 15 (fid=57) not available, trying Charger 6 (fid=60)",585.4790436836414,6,,
Car 170,,,,,17,switch,,"Charger 17 (fid=35) not available, trying Charger 0 (fid=308440)",585.5163666273279,0,,
Car 174,,,,,0,switch,,"Charger 0 (fid=308440) not available, trying Charger 15 (fid=57)",585.5721070579627,15,,
Car 132,,,,,0,switch,,"Charger 0 (fid=308440) not available, trying Charger 1 (fid=308702)",585.7865700839559,1,,
Car 143,,,,,6,switch,,"Charger 6 (fid=60) not available, trying Charger 19 (fid=37)",585.985558526713,19,,
Car 111,,,,,6,switch,,"Charger 6 (fid=60) not available, trying Charger 2 (fid=307904)",585.9876916507188,2,,
Car 171,,,,,8,switch,,"Charger 8 (fid=32) not available, trying Charger 10 (fid=30)",586.0765822845132,10,,
Car 150,,,,,5,switch,,"Charger 5 (fid=73) not available, trying Charger 6 (fid=60)",586.0971982373561,6,,
Car 167,,,,,0,switch,,"Charger 0 (fid=308440) not available, trying Charger 2 (fid=307904)",586.4067014771115,2,,
Car 169,,,,,5,switch,,"Charger 5 (fid=73) not available, trying Charger 13 (fid=5)",586.4867393301369,13,,
Car 142,,,,,8,switch,,"Charger 8 (fid=32) not available, trying Charger 5 (fid=73)",586.7894943511827,5,,
Car 117,,,,,7,switch,,"Charger 7 (fid=31) not available, trying Charger 10 (fid=30)",586.9802286564653,10,,
Car 154,,,,,3,switch,,"Charger 3 (fid=307905) not available, trying Charger 6 (fid=60)",587.1171147213727,6,,
Car 134,47.0,35,17,,,done,,done charging,587.2176665788382,,,243.73406299681753
Car 162,,35,17,,,start_charge,,starting to charge at Charger 17 (fid=35),587.2176665788382,,18.966460903757024,
Car 163,,,,,16,switch,,"Charger 16 (fid=8) not available, trying Charger 15 (fid=57)",587.2262351343834,15,,
Car 148,,308108,4,,,start_charge,,starting to charge at Charger 4 (fid=308108),587.3104918155747,,30.0,
Car 156,,,,,16,switch,,"Charger 16 (fid=8) not available, trying Charger 2 (fid=307904)",588.2815837455177,2,,
Car 108,,,,,13,switch,,"Charger 13 (fid=5) not available, trying Charger 16 (fid=8)",588.3841965553727,16,,
Car 75,,,,,7,switch,,"Charger 7 (fid=31) not available, trying Charger 10 (fid=30)",588.3859192377663,10,,
Car 161,,,,,7,switch,,"Charger 7 (fid=31) not available, trying Charger 5 (fid=73)",588.4198378716953,5,,
Car 124,,,,,6,switch,,"Charger 6 (fid=60) not available, trying Charger 17 (fid=35)",588.5581337901837,17,,
Car 144,,,,,15,switch,,"Charger 15 (fid=57) not available, trying Charger 17 (fid=35)",589.187621427977,17,,
Car 123,,,,,7,switch,,"Charger 7 (fid=31) not available, trying Charger 11 (fid=33)",589.3051524131586,11,,
Car 160,,,,,19,switch,,"Charger 19 (fid=37) not available, trying Charger 13 (fid=5)",589.3880164700042,13,,
Car 175,,,,,6,switch,,"Charger 6 (fid=60) not available, trying Charger 12 (fid=40)",589.4944626446398,12,,
Car 157,,,,,3,switch,,"Charger 3 (fid=307905) not available, trying Charger 6 (fid=60)",589.5622801048924,6,,
Car 166,,64,18,,,start_charge,,starting to charge at Charger 18 (fid=64),589.5910287438968,,15.0,
Car 172,,,,,0,switch,,"Charger 0 (fid=308440) not available, trying Charger 17 (fid=35)",589.7644454504182,17,,
Car 112,,,,,0,switch,,"Charger 0 (fid=308440) not available, trying Charger 12 (fid=40)",589.805304297321,12,,
Car 155,,,,,15,switch,,"Charger 15 (fid=57) not available, trying Charger 6 (fid=60)",590.0311149736617,6,,
Car 86,,,,,7,switch,,"Charger 7 (fid=31) not available, trying Charger 9 (fid=86)",590.1235259772378,9,,
Car 176,,,,45,,arrived,,arrived,590.2596704621387,,,
Car 113,,,,,11,switch,,"Charger 11 (fid=33) not available, trying Charger 8 (fid=32)",590.5035620748056,8,,
Car 133,,,,,10,switch,,"Charger 10 (fid=30) not available, trying Charger 14 (fid=34)",590.5241657803622,14,,
Car 177,,,,9,,arrived,,arrived,590.725475622097,,,
Car 173,,,,,1,switch,,"Charger 1 (fid=308702) not available, trying Charger 10 (fid=30)",591.0618354133676,10,,
Car 136,,,,,10,switch,,"Charger 10 (fid=30) not available, trying Charger 14 (fid=34)",591.0731392587867,14,,
Car 99,,,,,13,switch,,"Charger 13 (fid=5) not available, trying Charger 16 (fid=8)",591.4107735172702,16,,
Car 168,,,,,2,switch,,"Charger 2 (fid=307904) not available, trying Charger 3 (fid=307905)",591.5768136311619,3,,
Car 152,,,,,6,switch,,"Charger 6 (fid=60) not available, trying Charger 5 (fid=73)",591.8932599619636,5,,
Car 171,,,,,10,switch,,"Charger 10 (fid=30) not available, trying Charger 14 (fid=34)",591.9089020231191,14,,
Car 159,,,,,16,switch,,"Charger 16 (fid=8) not available, trying Charger 2 (fid=307904)",591.9123839162017,2,,
Car 118,96.0,34,14,,,done,,done charging,592.2850573947416,,,26.91333970036788
Car 133,,34,14,,,start_charge,,starting to charge at Charger 14 (fid=34),592.2850573947416,,51.57415070348418,
Car 174,,,,,15,switch,,"Charger 15 (fid=57) not available, trying Charger 17 (fid=35)",592.3116813734258,17,,
Car 170,,,,,0,switch,,"Charger 0 (fid=308440) not available, trying Charger 5 (fid=73)",592.4521069090941,5,,
Car 114,104.0,60,6,,,done,,done charging,592.5434707558662,,,180.72136149700506
Car 158,,60,6,,,start_charge,,starting to charge at Charger 6 (fid=60),592.5434707558662,,24.814787957015938,
Car 117,,,,,10,switch,,"Charger 10 (fid=30) not available, trying Charger 14 (fid=34)",592.8049149072692,14,,
Car 102,,,,,13,switch,,"Charger 13 (fid=5) not available, trying Charger 16 (fid=8)",593.0933818608802,16,,
Car 126,,,,,10,switch,,"Charger 10 (fid=30) not available, trying Charger 0 (fid=308440)",593.4302321736345,0,,
Car 165,,,,,5,switch,,"Charger 5 (fid=73) not available, trying Charger 7 (fid=31)",593.5456017493059,7,,
Car 145,,,,,6,switch,,"Charger 6 (fid=60) not available, trying Charger 7 (fid=31)",593.5498164901564,7,,
Car 132,,,,,1,switch,,"Charger 1 (fid=308702) not available, trying Charger 7 (fid=31)",593.8970227113543,7,,
Car 115,,,,,9,switch,,"Charger 9 (fid=86) not available, trying Charger 14 (fid=34)",593.9286378367349,14,,
Car 169,,,,,13,switch,,"Charger 13 (fid=5) not available, trying Charger 19 (fid=37)",593.9518104164075,19,,
Car 150,,,,,6,switch,,"Charger 6 (fid=60) not available, trying Charger 19 (fid=37)",594.1263872588756,19,,
Car 75,,,,,10,switch,,"Charger 10 (fid=30) not available, trying Charger 14 (fid=34)",594.2106054885702,14,,
Car 143,,,,,19,switch,,"Charger 19 (fid=37) not available, trying Charger 7 (fid=31)",594.3386665078647,7,,
Car 153,,,,,6,switch,,"Charger 6 (fid=60) not available, trying Charger 17 (fid=35)",594.370374609002,17,,
Car 149,,,,,15,switch,,"Charger 15 (fid=57) not available, trying Charger 17 (fid=35)",594.8248768380159,17,,
Car 111,,,,,2,switch,,"Charger 2 (fid=307904) not available, trying Charger 3 (fid=307905)",594.9898481634223,3,,
Car 176,,,,,6,switch,,"Charger 6 (fid=60) not available, trying Charger 12 (fid=40)",595.2596704621387,12,,
Car 144,,,,,17,switch,,"Charger 17 (fid=35) not available, trying Charger 19 (fid=37)",595.5572236838481,19,,
Car 106,,,,,9,switch,,"Charger 9 (fid=86) not available, trying Charger 13 (fid=5)",595.5601989969242,13,,
Car 97,81.0,5,13,,,done,,done charging,595.6346526132279,,,248.5459157710051
Car 160,,5,13,,,start_charge,,starting to charge at Charger 13 (fid=5),595.6346526132279,,24.459533502105046,
Car 177,,,,,16,switch,,"Charger 16 (fid=8) not available, trying Charger 5 (fid=73)",595.725475622097,5,,
Car 167,,,,,2,switch,,"Charger 2 (fid=307904) not available, trying Charger 3 (fid=307905)",595.7431889760047,3,,
Car 113,,,,,8,switch,,"Charger 8 (fid=32) not available, trying Charger 12 (fid=40)",595.7726607511541,12,,
Car 123,,,,,11,switch,,"Charger 11 (fid=33) not available, trying Charger 10 (fid=30)",595.8296131520419,10,,
Car 154,,,,,6,switch,,"Charger 6 (fid=60) not available, trying Charger 5 (fid=73)",596.1356080656968,5,,
Car 136,,,,,14,switch,,"Charger 14 (fid=34) not available, trying Charger 1 (fid=308702)",596.2598801696819,1,,
Car 108,,,,,16,switch,,"Charger 16 (fid=8) not available, trying Charger 12 (fid=40)",596.3195644949924,12,,
Car 163,,,,,15,switch,,"Charger 15 (fid=57) not available, trying Charger 6 (fid=60)",596.4189755719707,6,,
Car 172,,,,,17,switch,,"Charger 17 (fid=35) not available, trying Charger 7 (fid=31)",596.7001857321844,7,,
Car 124,,,,,17,switch,,"Charger 17 (fid=35) not available, trying Charger 0 (fid=308440)",596.783387159325,0,,
Car 178,,,,15,,arrived,,arrived,596.8143501394735,,,
Car 178,,64,18,,,start_charge,,starting to charge at Charger 18 (fid=64),596.8143501394735,,0.0,
Car 175,,,,,12,switch,,"Charger 12 (fid=40) not available, trying Charger 5 (fid=73)",596.8228043864425,5,,
Car 168,,,,,3,switch,,"Charger 3 (fid=307905) not available, trying Charger 15 (fid=57)",596.840439812726,15,,
Car 171,,,,,14,switch,,"Charger 14 (fid=34) not available, trying Charger 7 (fid=31)",597.0956429340143,7,,
Car 173,,,,,10,switch,,"Charger 10 (fid=30) not available, trying Charger 14 (fid=34)",597.1236681996015,14,,
Car 142,,,,,5,switch,,"Charger 5 (fid=73) not available, trying Charger 2 (fid=307904)",597.1239288095754,2,,
Car 179,,,,74,,arrived,,arrived,597.1877603896679,,,
Car 119,98.0,57,15,,,done,,done charging,597.3634797132613,,,123.37059465036903
Car 161,,,,,5,switch,,"Charger 5 (fid=73) not available, trying Charger 10 (fid=30)",597.6792751552302,10,,
Car 88,97.0,86,9,,,done,,done charging,597.7158135636557,,,415.03121713708
Car 117,,,,,14,switch,,"Charger 14 (fid=34) not available, trying Charger 1 (fid=308702)",597.9916558181644,1,,
Car 180,,,,10,,arrived,,arrived,597.992934182591,,,
Car 104,102.0,308702,1,,,done,,done charging,598.4196677746452,,,221.54584266575003
Car 136,,308702,1,,,start_charge,,starting to charge at Charger 1 (fid=308702),598.4196677746452,,56.02696765883172,
Car 157,,,,,6,switch,,"Charger 6 (fid=60) not available, trying Charger 5 (fid=73)",598.5807734492165,5,,
Car 174,,,,,17,switch,,"Charger 17 (fid=35) not available, trying Charger 7 (fid=31)",598.6812836292969,7,,
Car 155,,,,,6,switch,,"Charger 6 (fid=60) not available, trying Charger 17 (fid=35)",598.9224458990224,17,,
Car 125,80.0,35,17,,,done,,done charging,599.3016696207814,,,169.4978659812736
Car 149,,35,17,,,start_charge,,starting to charge at Charger 17 (fid=35),599.3016696207814,,43.10719052689433,
Car 99,,,,,16,switch,,"Charger 16 (fid=8) not available, trying Charger 12 (fid=40)",599.3461414568899,12,,
Car 75,,,,,14,switch,,"Charger 14 (fid=34) not available, trying Charger 11 (fid=33)",599.3973463994654,11,,
Car 83,65.0,73,5,,,done,,done charging,599.4038645698165,,,662.4078960397215
Car 152,,73,5,,,start_charge,,starting to charge at Charger 5 (fid=73),599.4038645698165,,34.481415586333355,
Car 132,,,,,7,switch,,"Charger 7 (fid=31) not available, trying Charger 10 (fid=30)",599.6004243103388,10,,
Car 86,,86,9,,,start_charge,,starting to charge at Charger 9 (fid=86),599.6474746311,,85.0,
Car 181,,,,28,,arrived,,arrived,600.0914533114033,,,
Car 156,,,,,2,switch,,"Charger 2 (fid=307904) not available, trying Charger 3 (fid=307905)",600.2312509458988,3,,
Car 111,,,,,3,switch,,"Charger 3 (fid=307905) not available, trying Charger 12 (fid=40)",600.2534743449863,12,,
Car 169,,,,,19,switch,,"Charger 19 (fid=37) not available, trying Charger 6 (fid=60)",600.7389130575261,6,,
Car 168,,57,15,,,start_charge,,starting to charge at Charger 15 (fid=57),600.8355149167928,,20.0,
Car 112,,,,,12,switch,,"Charger 12 (fid=40) not available, trying Charger 2 (fid=307904)",600.9558257475803,2,,
Car 167,,,,,3,switch,,"Charger 3 (fid=307905) not available, trying Charger 5 (fid=73)",601.0068151575688,5,,
Car 102,,,,,16,switch,,"Charger 16 (fid=8) not available, trying Charger 12 (fid=40)",601.0287498004999,12,,
Car 126,,,,,0,switch,,"Charger 0 (fid=308440) not available, trying Charger 14 (fid=34)",601.4619365869908,14,,
Car 123,,,,,10,switch,,"Charger 10 (fid=30) not available, trying Charger 8 (fid=32)",601.645141391119,8,,
Car 170,,,,,5,switch,,"Charger 5 (fid=73) not available, trying Charger 19 (fid=37)",601.7158859216719,19,,
Car 179,,,,,2,switch,,"Charger 2 (fid=307904) not available, trying Charger 3 (fid=307905)",602.1877603896679,3,,
Car 173,,,,,14,switch,,"Charger 14 (fid=34) not available, trying Charger 11 (fid=33)",602.3104091104967,11,,
Car 150,,,,,19,switch,,"Charger 19 (fid=37) not available, trying Charger 7 (fid=31)",602.4794952400273,7,,
Car 176,,,,,12,switch,,"Charger 12 (fid=40) not available, trying Charger 5 (fid=73)",602.5880122039414,5,,
Car 153,,,,,17,switch,,"Charger 17 (fid=35) not available, trying Charger 1 (fid=308702)",602.5956279781434,1,,
Car 165,,,,,7,switch,,"Charger 7 (fid=31) not available, trying Charger 11 (fid=33)",602.8050390328408,11,,
Car 182,,,,124,,arrived,,arrived,602.8067811574078,,,
Car 143,,,,,7,switch,,"Charger 7 (fid=31) not available, trying Charger 10 (fid=30)",602.9201353462475,10,,
Car 171,,,,,7,switch,,"Charger 7 (fid=31) not available, trying Charger 13 (fid=5)",602.991316344716,13,,
Car 180,,,,,16,switch,,"Charger 16 (fid=8) not available, trying Charger 5 (fid=73)",602.992934182591,5,,
Car 177,,,,,5,switch,,"Charger 5 (fid=73) not available, trying Charger 19 (fid=37)",603.5762018210223,19,,
Car 124,,,,,0,switch,,"Charger 0 (fid=308440) not available, trying Charger 12 (fid=40)",603.7191274410912,12,,
Car 159,,,,,2,switch,,"Charger 2 (fid=307904) not available, trying Charger 3 (fid=307905)",603.8620511165828,3,,
Car 128,47.0,60,6,,,done,,done charging,603.9185956662984,,,299.3859954547734
Car 163,,60,6,,,start_charge,,starting to charge at Charger 6 (fid=60),603.9185956662984,,28.608289168967076,
Car 117,,,,,1,switch,,"Charger 1 (fid=308702) not available, trying Charger 5 (fid=73)",604.124475764296,5,,
Car 154,,,,,5,switch,,"Charger 5 (fid=73) not available, trying Charger 19 (fid=37)",604.1647970872164,19,,
Car 98,120.0,32,8,,,done,,done charging,604.3997816645983,,,97.90289028803932
Car 123,,32,8,,,start_charge,,starting to charge at Charger 8 (fid=32),604.3997816645983,,66.92232053487339,
Car 145,,,,,7,switch,,"Charger 7 (fid=31) not available, trying Charger 10 (fid=30)",604.5526344862047,10,,
Car 144,,,,,19,switch,,"Charger 19 (fid=37) not available, trying Charger 13 (fid=5)",604.6553883553654,13,,
Car 107,117.0,33,11,,,done,,done charging,604.8914152790028,,,145.92772778803018
Car 75,,33,11,,,start_charge,,starting to charge at Charger 11 (fid=33),604.8914152790028,,94.60755348056273,
Car 181,,,,,17,switch,,"Charger 17 (fid=35) not available, trying Charger 15 (fid=57)",605.0914533114033,15,,
Car 132,,,,,10,switch,,"Charger 10 (fid=30) not available, trying Charger 14 (fid=34)",605.4251105611427,14,,
Car 156,,,,,3,switch,,"Charger 3 (fid=307905) not available, trying Charger 5 (fid=73)",605.4948771274628,5,,
Car 108,,,,,12,switch,,"Charger 12 (fid=40) not available, trying Charger 9 (fid=86)",605.6158244754297,9,,
Car 172,,,,,7,switch,,"Charger 7 (fid=31) not available, trying Charger 5 (fid=73)",605.9059565419354,5,,
Car 131,62.0,308702,1,,,done,,done charging,606.1501682932607,,,308.4011638031461
Car 175,,,,,5,switch,,"Charger 5 (fid=73) not available, trying Charger 17 (fid=35)",606.3706319517605,17,,
Car 157,,,,,5,switch,,"Charger 5 (fid=73) not available, trying Charger 19 (fid=37)",606.609962470736,19,,
Car 153,,308702,1,,,start_charge,,starting to charge at Charger 1 (fid=308702),607.0385453233245,,35.0,
Car 155,,,,,17,switch,,"Charger 17 (fid=35) not available, trying Charger 1 (fid=308702)",607.1476992681637,1,,
Car 161,,,,,10,switch,,"Charger 10 (fid=30) not available, trying Charger 14 (fid=34)",607.2971436260145,14,,
Car 179,,,,,3,switch,,"Charger 3 (fid=307905) not available, trying Charger 17 (fid=35)",607.451386571232,17,,
Car 142,,,,,2,switch,,"Charger 2 (fid=307904) not available, trying Charger 3 (fid=307905)",607.7537103494143,3,,
Car 170,,,,,19,switch,,"Charger 19 (fid=37) not available, trying Charger 1 (fid=308702)",607.7905495199012,1,,
Car 182,,,,,0,switch,,"Charger 0 (fid=308440) not available, trying Charger 15 (fid=57)",607.8067811574078,15,,
Car 174,,,,,7,switch,,"Charger 7 (fid=31) not available, trying Charger 10 (fid=30)",607.8870544390479,10,,
Car 173,,,,,11,switch,,"Charger 11 (fid=33) not available, trying Charger 8 (fid=32)",608.1969245094714,8,,
Car 99,,,,,12,switch,,"Charger 12 (fid=40) not available, trying Charger 4 (fid=308108)",608.6424014373272,4,,
Car 115,,,,,14,switch,,"Charger 14 (fid=34) not available, trying Charger 16 (fid=8)",608.6819719718825,16,,
Car 143,,,,,10,switch,,"Charger 10 (fid=30) not available, trying Charger 14 (fid=34)",608.7448215970514,14,,
Car 169,,,,,6,switch,,"Charger 6 (fid=60) not available, trying Charger 15 (fid=57)",609.0920210386778,15,,
Car 159,,,,,3,switch,,"Charger 3 (fid=307905) not available, trying Charger 5 (fid=73)",609.1256772981469,5,,
Car 165,,,,,11,switch,,"Charger 11 (fid=33) not available, trying Charger 8 (fid=32)",609.3294997717242,8,,
Car 113,,,,,12,switch,,"Charger 12 (fid=40) not available, trying Charger 2 (fid=307904)",609.3731618400628,2,,
Car 183,,,,62,,arrived,,arrived,609.4611943273386,,,
Car 126,,,,,14,switch,,"Charger 14 (fid=34) not available, trying Charger 11 (fid=33)",609.5646281602446,11,,
Car 177,,,,,19,switch,,"Charger 19 (fid=37) not available, trying Charger 6 (fid=60)",609.6508654192517,6,,
Car 111,,,,,12,switch,,"Charger 12 (fid=40) not available, trying Charger 4 (fid=308108)",609.7844037664047,4,,
Car 106,,,,,13,switch,,"Charger 13 (fid=5) not available, trying Charger 0 (fid=308440)",610.1692747969341,0,,
Car 154,,,,,19,switch,,"Charger 19 (fid=37) not available, trying Charger 7 (fid=31)",610.2394606854457,7,,
Car 102,,,,,12,switch,,"Charger 12 (fid=40) not available, trying Charger 4 (fid=308108)",610.3250097809372,4,,
Car 145,,,,,10,switch,,"Charger 10 (fid=30) not available, trying Charger 14 (fid=34)",610.3773207370086,14,,
Car 112,,,,,2,switch,,"Charger 2 (fid=307904) not available, trying Charger 3 (fid=307905)",610.470418337378,3,,
Car 132,,,,,14,switch,,"Charger 14 (fid=34) not available, trying Charger 4 (fid=308108)",610.6118514720379,4,,
Car 180,,,,,5,switch,,"Charger 5 (fid=73) not available, trying Charger 6 (fid=60)",610.8436603815163,6,,
Car 150,,,,,7,switch,,"Charger 7 (fid=31) not available, trying Charger 10 (fid=30)",611.0609640784102,10,,
Car 144,,,,,13,switch,,"Charger 13 (fid=5) not available, trying Charger 5 (fid=73)",611.442490996484,5,,
Car 181,,,,,15,switch,,"Charger 15 (fid=57) not available, trying Charger 0 (fid=308440)",611.4610555672743,0,,
Car 184,,,,18,,arrived,,arrived,611.5385724746806,,,
Car 167,,,,,5,switch,,"Charger 5 (fid=73) not available, trying Charger 19 (fid=37)",611.6529335290285,19,,
Car 171,,,,,13,switch,,"Charger 13 (fid=5) not available, trying Charger 1 (fid=308702)",611.7848193654166,1,,
Car 176,,,,,5,switch,,"Charger 5 (fid=73) not available, trying Charger 17 (fid=35)",612.1358397692594,17,,
Car 161,,,,,14,switch,,"Charger 14 (fid=34) not available, trying Charger 1 (fid=308702)",612.4838845369097,1,,
Car 157,,,,,19,switch,,"Charger 19 (fid=37) not available, trying Charger 7 (fid=31)",612.6846260689654,7,,
Car 99,,308108,4,,,start_charge,,starting to charge at Charger 4 (fid=308108),612.7574932461667,,85.0,
Car 142,,,,,3,switch,,"Charger 3 (fid=307905) not available, trying Charger 19 (fid=37)",613.0173365309784,19,,
Car 117,,,,,5,switch,,"Charger 5 (fid=73) not available, trying Charger 19 (fid=37)",613.045547671239,19,,
Car 173,,,,,8,switch,,"Charger 8 (fid=32) not available, trying Charger 13 (fid=5)",613.46602318582,13,,
Car 174,,,,,10,switch,,"Charger 10 (fid=30) not available, trying Charger 14 (fid=34)",613.7117406898518,14,,
Car 143,,,,,14,switch,,"Charger 14 (fid=34) not available, trying Charger 1 (fid=308702)",613.9315625079466,1,,
Car 185,,,,37,,arrived,,arrived,614.3649576111575,,,
Car 183,,,,,6,switch,,"Charger 6 (fid=60) not available, trying Charger 12 (fid=40)",614.4611943273386,12,,
Car 182,,,,,15,switch,,"Charger 15 (fid=57) not available, trying Charger 17 (fid=35)",614.5463554728709,17,,
Car 165,,,,,8,switch,,"Charger 8 (fid=32) not available, trying Charger 10 (fid=30)",614.5985984480727,10,,
Car 124,,,,,12,switch,,"Charger 12 (fid=40) not available, trying Charger 2 (fid=307904)",614.8696488913506,2,,
Car 172,,,,,5,switch,,"Charger 5 (fid=73) not available, trying Charger 10 (fid=30)",615.1653938254703,10,,
Car 175,,,,,17,switch,,"Charger 17 (fid=35) not available, trying Charger 19 (fid=37)",615.2644389047463,19,,
Car 179,,,,,17,switch,,"Charger 17 (fid=35) not available, trying Charger 0 (fid=308440)",615.3032758611153,0,,
Car 126,,,,,11,switch,,"Charger 11 (fid=33) not available, trying Charger 8 (fid=32)",615.4511435592193,8,,
Car 186,,,,9,,arrived,,arrived,615.5536154068334,,,
Car 145,,,,,14,switch,,"Charger 14 (fid=34) not available, trying Charger 17 (fid=35)",615.5640616479038,17,,
Car 112,,,,,3,switch,,"Charger 3 (fid=307905) not available, trying Charger 4 (fid=308108)",615.734044518942,4,,
Car 170,,,,,1,switch,,"Charger 1 (fid=308702) not available, trying Charger 7 (fid=31)",616.0336529816922,7,,
Car 156,,,,,5,switch,,"Charger 5 (fid=73) not available, trying Charger 18 (fid=64)",616.1409954989225,18,,
Car 108,,,,,9,switch,,"Charger 9 (fid=86) not available, trying Charger 4 (fid=308108)",616.4997645084615,4,,
Car 184,,,,,17,switch,,"Charger 17 (fid=35) not available, trying Charger 15 (fid=57)",616.5385724746806,15,,
Car 155,,,,,1,switch,,"Charger 1 (fid=308702) not available, trying Charger 7 (fid=31)",616.5906166133448,7,,
Car 150,,,,,10,switch,,"Charger 10 (fid=30) not available, trying Charger 14 (fid=34)",616.8856503292141,14,,
Car 167,,,,,19,switch,,"Charger 19 (fid=37) not available, trying Charger 6 (fid=60)",617.7275971272578,6,,
Car 169,,,,,15,switch,,"Charger 15 (fid=57) not available, trying Charger 12 (fid=40)",617.9833519640384,12,,
Car 177,,,,,6,switch,,"Charger 6 (fid=60) not available, trying Charger 12 (fid=40)",618.0039734004033,12,,
Car 181,,,,,0,switch,,"Charger 0 (fid=308440) not available, trying Charger 2 (fid=307904)",618.2006298827374,2,,
Car 161,,,,,1,switch,,"Charger 1 (fid=308702) not available, trying Charger 19 (fid=37)",618.6167044830413,19,,
Car 154,,,,,7,switch,,"Charger 7 (fid=31) not available, trying Charger 10 (fid=30)",618.8209295238286,10,,
Car 180,,,,,6,switch,,"Charger 6 (fid=60) not available, trying Charger 19 (fid=37)",618.8728494030358,19,,
Car 113,,,,,2,switch,,"Charger 2 (fid=307904) not available, trying Charger 3 (fid=307905)",618.8877544298605,3,,
Car 174,,,,,14,switch,,"Charger 14 (fid=34) not available, trying Charger 1 (fid=308702)",618.898481600747,1,,
Car 111,,,,,4,switch,,"Charger 4 (fid=308108) not available, trying Charger 9 (fid=86)",618.8994955752443,9,,
Car 144,,,,,5,switch,,"Charger 5 (fid=73) not available, trying Charger 2 (fid=307904)",618.9075620827547,2,,
Car 117,,,,,19,switch,,"Charger 19 (fid=37) not available, trying Charger 11 (fid=33)",619.1202112694683,11,,
Car 115,,,,,16,switch,,"Charger 16 (fid=8) not available, trying Charger 4 (fid=308108)",619.2989096196095,4,,
Car 185,,,,,19,switch,,"Charger 19 (fid=37) not available, trying Charger 5 (fid=73)",619.3649576111575,5,,
Car 137,91.0,33,11,,,done,,done charging,619.3846991503577,,,75.31628796294795
Car 102,,,,,4,switch,,"Charger 4 (fid=308108) not available, trying Charger 9 (fid=86)",619.4401015897768,9,,
Car 159,,,,,5,switch,,"Charger 5 (fid=73) not available, trying Charger 18 (fid=64)",619.7717956696066,18,,
Car 187,,,,13,,arrived,,arrived,620.0641014397501,,,
Car 143,,,,,1,switch,,"Charger 1 (fid=308702) not available, trying Charger 11 (fid=33)",620.0643824540782,11,,
Car 171,,,,,1,switch,,"Charger 1 (fid=308702) not available, trying Charger 19 (fid=37)",620.3399327228366,19,,
Car 165,,,,,10,switch,,"Charger 10 (fid=30) not available, trying Charger 14 (fid=34)",620.4309181866787,14,,
Car 186,,,,,16,switch,,"Charger 16 (fid=8) not available, trying Charger 5 (fid=73)",620.5536154068334,5,,
Car 126,,,,,8,switch,,"Charger 8 (fid=32) not available, trying Charger 4 (fid=308108)",620.7202422355679,4,,
Car 106,,,,,0,switch,,"Charger 0 (fid=308440) not available, trying Charger 1 (fid=308702)",620.7264581074013,1,,
Car 182,,,,,17,switch,,"Charger 17 (fid=35) not available, trying Charger 7 (fid=31)",620.915957728742,7,,
Car 176,,,,,17,switch,,"Charger 17 (fid=35) not available, trying Charger 19 (fid=37)",621.0296467222452,19,,
Car 157,,,,,7,switch,,"Charger 7 (fid=31) not available, trying Charger 10 (fid=30)",621.2660949073482,10,,
Car 110,65.0,73,5,,,done,,done charging,621.4713127920884,,,245.81081451924035
Car 185,,73,5,,,start_charge,,starting to charge at Charger 5 (fid=73),621.4713127920884,,6.031691582701569,
Car 170,,,,,7,switch,,"Charger 7 (fid=31) not available, trying Charger 13 (fid=5)",621.7370545806766,13,,
Car 183,,,,,12,switch,,"Charger 12 (fid=40) not available, trying Charger 5 (fid=73)",621.7895360691413,5,,
Car 143,,33,11,,,start_charge,,starting to charge at Charger 11 (fid=33),621.8259897283915,,60.0,
Car 150,,,,,14,switch,,"Charger 14 (fid=34) not available, trying Charger 1 (fid=308702)",622.0723912401093,1,,
Car 179,,,,,0,switch,,"Charger 0 (fid=308440) not available, trying Charger 9 (fid=86)",622.2390161428815,9,,
Car 173,,,,,13,switch,,"Charger 13 (fid=5) not available, trying Charger 0 (fid=308440)",622.2874608042873,0,,
Car 155,,,,,7,switch,,"Charger 7 (fid=31) not available, trying Charger 0 (fid=308440)",622.2940182123292,0,,
Car 79,105.0,57,15,,,done,,done charging,622.3659843221167,,,566.9074649462485
Car 184,,57,15,,,start_charge,,starting to charge at Charger 15 (fid=57),622.3659843221167,,9.457809591565024,
Car 188,,,,63,,arrived,,arrived,622.7188842193857,,,
Car 189,,,,4,,arrived,,arrived,623.2810341187503,,,
Car 108,,,,,4,switch,,"Charger 4 (fid=308108) not available, trying Charger 18 (fid=64)",623.872694544832,18,,
Car 142,,,,,19,switch,,"Charger 19 (fid=37) not available, trying Charger 6 (fid=60)",623.9873738620701,6,,
Car 190,,,,68,,arrived,,arrived,624.1360245071447,,,
Car 113,,,,,3,switch,,"Charger 3 (fid=307905) not available, trying Charger 4 (fid=308108)",624.1513806114245,4,,
Car 112,,,,,4,switch,,"Charger 4 (fid=308108) not available, trying Charger 18 (fid=64)",624.2565143651942,18,,
Car 175,,,,,19,switch,,"Charger 19 (fid=37) not available, trying Charger 16 (fid=8)",624.3626035762636,16,,
Car 124,,,,,2,switch,,"Charger 2 (fid=307904) not available, trying Charger 3 (fid=307905)",624.3842414811483,3,,
Car 154,,,,,10,switch,,"Charger 10 (fid=30) not available, trying Charger 14 (fid=34)",624.6456157746325,14,,
Car 132,,,,,4,switch,,"Charger 4 (fid=308108) not available, trying Charger 2 (fid=307904)",624.7777113260242,2,,
Car 172,,,,,10,switch,,"Charger 10 (fid=30) not available, trying Charger 14 (fid=34)",624.7832622962546,14,,
Car 191,,,,84,,arrived,,arrived,624.8643838010187,,,
Car 192,,,,63,,arrived,,arrived,624.8650792966348,,,
Car 145,,,,,17,switch,,"Charger 17 (fid=35) not available, trying Charger 0 (fid=308440)",624.9992179389404,0,,
Car 174,,,,,1,switch,,"Charger 1 (fid=308702) not available, trying Charger 11 (fid=33)",625.0313015468786,11,,
Car 187,,,,,7,switch,,"Charger 7 (fid=31) not available, trying Charger 10 (fid=30)",625.0641014397501,10,,
Car 193,,,,56,,arrived,,arrived,625.093593197548,,,
Car 177,,,,,12,switch,,"Charger 12 (fid=40) not available, trying Charger 15 (fid=57)",625.332315142206,15,,
Car 165,,,,,14,switch,,"Charger 14 (fid=34) not available, trying Charger 16 (fid=8)",625.6176590975739,16,,
Car 167,,,,,6,switch,,"Charger 6 (fid=60) not available, trying Charger 7 (fid=31)",626.0807051084095,7,,
Car 111,,,,,9,switch,,"Charger 9 (fid=86) not available, trying Charger 18 (fid=64)",626.2724256116148,18,,
Car 194,,,,1,,arrived,,arrived,626.7211313831298,,,
Car 102,,,,,9,switch,,"Charger 9 (fid=86) not available, trying Charger 18 (fid=64)",626.8130316261473,18,,
Car 161,,,,,19,switch,,"Charger 19 (fid=37) not available, trying Charger 2 (fid=307904)",626.8598079448323,2,,
Car 157,,,,,10,switch,,"Charger 10 (fid=30) not available, trying Charger 14 (fid=34)",627.0907811581521,14,,
Car 180,,,,,19,switch,,"Charger 19 (fid=37) not available, trying Charger 13 (fid=5)",627.2259573841875,13,,
Car 181,,,,,2,switch,,"Charger 2 (fid=307904) not available, trying Charger 3 (fid=307905)",627.5371173816307,3,,
Car 188,,,,,13,switch,,"Charger 13 (fid=5) not available, trying Charger 16 (fid=8)",627.7188842193857,16,,
Car 150,,,,,1,switch,,"Charger 1 (fid=308702) not available, trying Charger 11 (fid=33)",628.2052111862408,11,,
Car 189,,,,,13,switch,,"Charger 13 (fid=5) not available, trying Charger 19 (fid=37)",628.2810341187503,19,,
Car 169,,,,,12,switch,,"Charger 12 (fid=40) not available, trying Charger 1 (fid=308702)",628.3973688074016,1,,
Car 186,,,,,5,switch,,"Charger 5 (fid=73) not available, trying Charger 19 (fid=37)",628.4043416057588,19,,
Car 156,,,,,18,switch,,"Charger 18 (fid=64) not available, trying Charger 17 (fid=35)",628.5632992703021,17,,
Car 171,,,,,19,switch,,"Charger 19 (fid=37) not available, trying Charger 5 (fid=73)",628.5830361846275,5,,
Car 117,,,,,11,switch,,"Charger 11 (fid=33) not available, trying Charger 8 (fid=32)",628.75988578318,8,,
Car 106,,,,,1,switch,,"Charger 1 (fid=308702) not available, trying Charger 7 (fid=31)",628.8369107347997,7,,
Car 62,69.0,31,7,,,done,,done charging,628.9290319970836,,,616.723768738326
Car 182,,31,7,,,start_charge,,starting to charge at Charger 7 (fid=31),628.9290319970836,,18.80730345859058,
Car 190,,,,,0,switch,,"Charger 0 (fid=308440) not available, trying Charger 15 (fid=57)",629.1360245071447,15,,
Car 144,,,,,2,switch,,"Charger 2 (fid=307904) not available, trying Charger 3 (fid=307905)",629.5373436225935,3,,
Car 124,,,,,3,switch,,"Charger 3 (fid=307905) not available, trying Charger 4 (fid=308108)",629.6478676627123,4,,
Car 154,,,,,14,switch,,"Charger 14 (fid=34) not available, trying Charger 1 (fid=308702)",629.8323566855277,1,,
Car 191,,,,,9,switch,,"Charger 9 (fid=86) not available, trying Charger 4 (fid=308108)",629.8643838010187,4,,
Car 192,,,,,13,switch,,"Charger 13 (fid=5) not available, trying Charger 16 (fid=8)",629.8650792966348,16,,
Car 172,,,,,14,switch,,"Charger 14 (fid=34) not available, trying Charger 1 (fid=308702)",629.9700032071498,1,,
Car 193,,,,,15,switch,,"Charger 15 (fid=57) not available, trying Charger 0 (fid=308440)",630.093593197548,0,,
Car 176,,,,,19,switch,,"Charger 19 (fid=37) not available, trying Charger 15 (fid=57)",630.1278113937625,15,,
Car 155,,,,,0,switch,,"Charger 0 (fid=308440) not available, trying Charger 12 (fid=40)",630.1673243042976,12,,
Car 170,,,,,13,switch,,"Charger 13 (fid=5) not available, trying Charger 10 (fid=30)",630.5305576013773,10,,
Car 108,,,,,,gave_up,18,"no alternate charger available, gave up",630.7136313366499,,,
Car 187,,,,,10,switch,,"Charger 10 (fid=30) not available, trying Charger 14 (fid=34)",630.888787690554,14,,
Car 115,,,,,4,switch,,"Charger 4 (fid=308108) not available, trying Charger 13 (fid=5)",630.9736233728175,13,,
Car 112,,,,,18,switch,,"Charger 18 (fid=64) not available, trying Charger 9 (fid=86)",631.0974511570121,9,,
Car 183,,,,,5,switch,,"Charger 5 (fid=73) not available, trying Charger 17 (fid=35)",631.3373636344593,17,,
Car 194,,,,,2,switch,,"Charger 2 (fid=307904) not available, trying Charger 3 (fid=307905)",631.7211313831298,3,,
Car 174,,,,,11,switch,,"Charger 11 (fid=33) not available, trying Charger 8 (fid=32)",631.7929088211919,8,,
Car 145,,,,,0,switch,,"Charger 0 (fid=308440) not available, trying Charger 11 (fid=33)",631.9349582207067,11,,
Car 116,55.0,37,19,,,done,,done charging,631.9693838253559,,,700.1438555177983
Car 186,,37,19,,,start_charge,,starting to charge at Charger 19 (fid=37),631.9693838253559,,12.490378621367768,
Car 159,,,,,18,switch,,"Charger 18 (fid=64) not available, trying Charger 17 (fid=35)",632.1940994409862,17,,
Car 129,102.0,5,13,,,done,,done charging,632.2282739265193,,,300.57951438577317
Car 180,,5,13,,,start_charge,,starting to charge at Charger 13 (fid=5),632.2282739265193,,23.215213901213133,
Car 157,,,,,14,switch,,"Charger 14 (fid=34) not available, trying Charger 1 (fid=308702)",632.2775220690473,1,,
Car 142,,,,,6,switch,,"Charger 6 (fid=60) not available, trying Charger 13 (fid=5)",632.3404818432217,13,,
Car 175,,,,,16,switch,,"Charger 16 (fid=8) not available, trying Charger 15 (fid=57)",632.4437467839502,15,,
Car 113,,,,,4,switch,,"Charger 4 (fid=308108) not available, trying Charger 18 (fid=64)",632.6738504576767,18,,
Car 181,,,,,3,switch,,"Charger 3 (fid=307905) not available, trying Charger 6 (fid=60)",632.8007435631947,6,,
Car 173,,,,,0,switch,,"Charger 0 (fid=308440) not available, trying Charger 19 (fid=37)",632.8446441147545,19,,
Car 132,,,,,2,switch,,"Charger 2 (fid=307904) not available, trying Charger 3 (fid=307905)",633.2838443406556,3,,
Car 111,,,,,,gave_up,18,"no alternate charger available, gave up",633.855437363965,,,
Car 117,,,,,8,switch,,"Charger 8 (fid=32) not available, trying Charger 16 (fid=8)",634.0289844595286,16,,
Car 195,,,,81,,arrived,,arrived,634.0890852546115,,,
Car 102,,,,,,gave_up,18,"no alternate charger available, gave up",634.3960433784976,,,
Car 179,,,,,9,switch,,"Charger 9 (fid=86) not available, trying Charger 15 (fid=57)",634.4023771934134,15,,
Car 106,,,,,7,switch,,"Charger 7 (fid=31) not available, trying Charger 10 (fid=30)",634.5403123337842,10,,
Car 171,,,,,5,switch,,"Charger 5 (fid=73) not available, trying Charger 15 (fid=57)",634.6576997828569,15,,
Car 84,88.0,30,10,,,done,,done charging,634.7140394982548,,,344.6298017241457
Car 170,,30,10,,,start_charge,,starting to charge at Charger 10 (fid=30),634.7824675226385,,40.0,
Car 144,,,,,3,switch,,"Charger 3 (fid=307905) not available, trying Charger 6 (fid=60)",634.8009698041576,6,,
Car 150,,,,,11,switch,,"Charger 11 (fid=33) not available, trying Charger 8 (fid=32)",634.9668184605541,8,,
Car 189,,,,,19,switch,,"Charger 19 (fid=37) not available, trying Charger 5 (fid=73)",635.0681367598689,5,,
Car 126,,,,,4,switch,,"Charger 4 (fid=308108) not available, trying Charger 2 (fid=307904)",635.5316809172649,2,,
Car 188,,,,,16,switch,,"Charger 16 (fid=8) not available, trying Charger 19 (fid=37)",635.6542521590054,19,,
Car 177,,,,,15,switch,,"Charger 15 (fid=57) not available, trying Charger 13 (fid=5)",635.7463319855691,13,,
Car 190,,,,,15,switch,,"Charger 15 (fid=57) not available, trying Charger 17 (fid=35)",635.8755988226078,17,,
Car 154,,,,,1,switch,,"Charger 1 (fid=308702) not available, trying Charger 12 (fid=40)",635.9651766316592,12,,
Car 187,,,,,14,switch,,"Charger 14 (fid=34) not available, trying Charger 1 (fid=308702)",636.0755286014492,1,,
Car 172,,,,,1,switch,,"Charger 1 (fid=308702) not available, trying Charger 19 (fid=37)",636.1028231532814,19,,
Car 165,,,,,16,switch,,"Charger 16 (fid=8) not available, trying Charger 15 (fid=57)",636.2345967453009,15,,
Car 148,49.0,308108,4,,,done,,done charging,636.3104918155747,,,313.955823227386
Car 191,,308108,4,,,start_charge,,starting to charge at Charger 4 (fid=308108),636.3104918155747,,9.073177978185413,
Car 146,92.0,308440,0,,,done,,done charging,636.4014511298398,,,99.33725130193227
Car 193,,308440,0,,,start_charge,,starting to charge at Charger 0 (fid=308440),636.4014511298398,,9.568283616828694,
Car 194,,,,,3,switch,,"Charger 3 (fid=307905) not available, trying Charger 4 (fid=308108)",636.9847575646938,4,,
Car 174,,,,,8,switch,,"Charger 8 (fid=32) not available, trying Charger 5 (fid=73)",637.0620074975404,5,,
Car 167,,,,,7,switch,,"Charger 7 (fid=31) not available, trying Charger 10 (fid=30)",637.0835231044578,10,,
Car 196,,,,55,,arrived,,arrived,637.26461073712,,,
Car 192,,,,,16,switch,,"Charger 16 (fid=8) not available, trying Charger 19 (fid=37)",637.8004472362545,19,,
Car 161,,,,,2,switch,,"Charger 2 (fid=307904) not available, trying Charger 3 (fid=307905)",637.8135084443032,3,,
Car 176,,,,,15,switch,,"Charger 15 (fid=57) not available, trying Charger 16 (fid=8)",638.1243501203545,16,,
Car 124,,,,,4,switch,,"Charger 4 (fid=308108) not available, trying Charger 18 (fid=64)",638.1703375089645,18,,
Car 197,,,,61,,arrived,,arrived,638.243964067758,,,
Car 157,,,,,1,switch,,"Charger 1 (fid=308702) not available, trying Charger 12 (fid=40)",638.4103420151789,12,,
Car 132,,,,,3,switch,,"Charger 3 (fid=307905) not available, trying Charger 11 (fid=33)",638.5474705222197,11,,
Car 112,,,,,,gave_up,9,"no alternate charger available, gave up",638.6804629093623,,,
Car 140,103.0,8,16,,,done,,done charging,638.9801633608706,,,150.94559297924337
Car 198,,,,86,,arrived,,arrived,639.0499717358007,,,
Car 195,,,,,2,switch,,"Charger 2 (fid=307904) not available, trying Charger 3 (fid=307905)",639.0890852546115,3,,
Car 164,64.0,30,10,,,done,,done charging,639.4394089681473,,,159.0543707434254
Car 106,,30,10,,,start_charge,,starting to charge at Charger 10 (fid=30),639.4394089681473,,84.07441038355921,
Car 113,,,,,18,switch,,"Charger 18 (fid=64) not available, trying Charger 9 (fid=86)",639.5147872494946,9,,
Car 199,,,,33,,arrived,,arrived,639.731753338429,,,
Car 117,,8,16,,,start_charge,,starting to charge at Charger 16 (fid=8),639.8692253743601,,89.99999999999994,
Car 183,,,,,17,switch,,"Charger 17 (fid=35) not available, trying Charger 19 (fid=37)",640.231170587445,19,,
Car 150,,,,,8,switch,,"Charger 8 (fid=32) not available, trying Charger 13 (fid=5)",640.2359171369027,13,,
Car 156,,,,,17,switch,,"Charger 17 (fid=35) not available, trying Charger 19 (fid=37)",640.4176530727572,19,,
Car 169,,,,,1,switch,,"Charger 1 (fid=308702) not available, trying Charger 7 (fid=31)",640.5845073448605,7,,
Car 145,,,,,11,switch,,"Charger 11 (fid=33) not available, trying Charger 8 (fid=32)",640.6664371221423,8,,
Car 189,,,,,5,switch,,"Charger 5 (fid=73) not available, trying Charger 16 (fid=8)",641.1428003580983,16,,
Car 155,,,,,12,switch,,"Charger 12 (fid=40) not available, trying Charger 10 (fid=30)",641.317845754557,10,,
Car 175,,,,,15,switch,,"Charger 15 (fid=57) not available, trying Charger 2 (fid=307904)",641.6364872215375,2,,
Car 181,,,,,6,switch,,"Charger 6 (fid=60) not available, trying Charger 5 (fid=73)",641.8192369075189,5,,
Car 142,,,,,13,switch,,"Charger 13 (fid=5) not available, trying Charger 16 (fid=8)",641.9444057529051,16,,
Car 200,,,,7,,arrived,,arrived,642.1097774360205,,,
Car 187,,,,,1,switch,,"Charger 1 (fid=308702) not available, trying Charger 0 (fid=308440)",642.2083485475807,0,,
Car 190,,,,,17,switch,,"Charger 17 (fid=35) not available, trying Charger 7 (fid=31)",642.2452010784789,7,,
Car 196,,,,,15,switch,,"Charger 15 (fid=57) not available, trying Charger 17 (fid=35)",642.26461073712,17,,
Car 173,,,,,19,switch,,"Charger 19 (fid=37) not available, trying Charger 15 (fid=57)",642.3127808458637,15,,
Car 171,,,,,15,switch,,"Charger 15 (fid=57) not available, trying Charger 16 (fid=8)",642.5245829522593,16,,
Car 167,,,,,10,switch,,"Charger 10 (fid=30) not available, trying Charger 14 (fid=34)",642.9082093552616,14,,
Car 201,,,,54,,arrived,,arrived,642.9371610180874,,,
Car 161,,,,,3,switch,,"Charger 3 (fid=307905) not available, trying Charger 6 (fid=60)",643.0771346258673,6,,
Car 197,,,,,6,switch,,"Charger 6 (fid=60) not available, trying Charger 12 (fid=40)",643.243964067758,12,,
Car 80,117.0,40,12,,,done,,done charging,643.7203096130347,,,389.8096676319202
Car 154,,40,12,,,start_charge,,starting to charge at Charger 12 (fid=40),643.7203096130347,,60.56799444391652,
Car 188,,,,,19,switch,,"Charger 19 (fid=37) not available, trying Charger 5 (fid=73)",643.735395366692,5,,
Car 115,,,,,13,switch,,"Charger 13 (fid=5) not available, trying Charger 11 (fid=33)",643.7814492416663,11,,
Car 144,,,,,6,switch,,"Charger 6 (fid=60) not available, trying Charger 16 (fid=8)",643.8194631484818,16,,
Car 126,,,,,2,switch,,"Charger 2 (fid=307904) not available, trying Charger 3 (fid=307905)",644.0378139318963,3,,
Car 159,,,,,17,switch,,"Charger 17 (fid=35) not available, trying Charger 19 (fid=37)",644.0484532434413,19,,
Car 198,,,,,9,switch,,"Charger 9 (fid=86) not available, trying Charger 4 (fid=308108)",644.0499717358007,4,,
Car 172,,,,,19,switch,,"Charger 19 (fid=37) not available, trying Charger 2 (fid=307904)",644.3459266150724,2,,
Car 195,,,,,3,switch,,"Charger 3 (fid=307905) not available, trying Charger 17 (fid=35)",644.3527114361756,17,,
Car 199,,,,,17,switch,,"Charger 17 (fid=35) not available, trying Charger 15 (fid=57)",644.731753338429,15,,
Car 178,48.0,64,18,,,done,,done charging,644.8143501394735,,,312.16546818226
Car 124,,64,18,,,start_charge,,starting to charge at Charger 18 (fid=64),644.8143501394735,,94.80307583869109,
Car 177,,,,,13,switch,,"Charger 13 (fid=5) not available, trying Charger 17 (fid=35)",644.831917291519,17,,
Car 103,65.0,37,19,,,done,,done charging,645.1907681567923,,,450.98740142358724
Car 192,,37,19,,,start_charge,,starting to charge at Charger 19 (fid=37),645.1907681567923,,14.309177712851124,
Car 165,,,,,15,switch,,"Charger 15 (fid=57) not available, trying Charger 17 (fid=35)",645.4273371828882,17,,
Car 194,,,,,4,switch,,"Charger 4 (fid=308108) not available, trying Charger 9 (fid=86)",645.507227410946,9,,
Car 166,56.0,64,18,,,done,,done charging,645.5910287438968,,,216.9117998272602
Car 145,,,,,8,switch,,"Charger 8 (fid=32) not available, trying Charger 12 (fid=40)",645.9355357984908,12,,
Car 179,,,,,15,switch,,"Charger 15 (fid=57) not available, trying Charger 6 (fid=60)",646.207989017498,6,,
Car 135,71.0,32,8,,,done,,done charging,646.2497947332181,,,315.6551787057196
Car 169,,,,,7,switch,,"Charger 7 (fid=31) not available, trying Charger 17 (fid=35)",646.287908943845,17,,
Car 73,83.0,40,12,,,done,,done charging,646.8047802930371,,,405.81648552834235
Car 197,,40,12,,,start_charge,,starting to charge at Charger 12 (fid=40),646.8047802930371,,6.2324744834763806,
Car 113,,,,,,gave_up,9,"no alternate charger available, gave up",647.0977990018448,,,
Car 200,,,,,4,switch,,"Charger 4 (fid=308108) not available, trying Charger 2 (fid=307904)",647.1097774360205,2,,
Car 139,108.0,308440,0,,,done,,done charging,647.2276322120697,,,99.33725130193227
Car 187,,308440,0,,,start_charge,,starting to charge at Charger 0 (fid=308440),647.2276322120697,,21.908831037090522,
Car 176,,,,,16,switch,,"Charger 16 (fid=8) not available, trying Charger 2 (fid=307904)",647.3170905579418,2,,
Car 174,,,,,5,switch,,"Charger 5 (fid=73) not available, trying Charger 2 (fid=307904)",647.3964419559331,2,,
Car 201,,,,,15,switch,,"Charger 15 (fid=57) not available, trying Charger 17 (fid=35)",647.9371610180874,17,,
Car 167,,,,,14,switch,,"Charger 14 (fid=34) not available, trying Charger 1 (fid=308702)",648.0949502661568,1,,
Car 196,,,,,17,switch,,"Charger 17 (fid=35) not available, trying Charger 0 (fid=308440)",648.6342129929911,0,,
Car 189,,,,,16,switch,,"Charger 16 (fid=8) not available, trying Charger 1 (fid=308702)",648.9935265570236,1,,
Car 150,,,,,13,switch,,"Charger 13 (fid=5) not available, trying Charger 16 (fid=8)",649.05735475537,16,,
Car 126,,,,,3,switch,,"Charger 3 (fid=307905) not available, trying Charger 18 (fid=64)",649.3014401134603,18,,
Car 183,,,,,19,switch,,"Charger 19 (fid=37) not available, trying Charger 16 (fid=8)",649.3293352589624,16,,
Car 156,,,,,19,switch,,"Charger 19 (fid=37) not available, trying Charger 15 (fid=57)",649.5158177442745,15,,
Car 188,,,,,5,switch,,"Charger 5 (fid=73) not available, trying Charger 1 (fid=308702)",649.8100589649214,1,,
Car 181,,,,,5,switch,,"Charger 5 (fid=73) not available, trying Charger 19 (fid=37)",649.8484259290384,19,,
Car 142,,,,,16,switch,,"Charger 16 (fid=8) not available, trying Charger 12 (fid=40)",649.8797736925249,12,,
Car 173,,,,,15,switch,,"Charger 15 (fid=57) not available, trying Charger 5 (fid=73)",650.3093195724557,5,,
Car 158,58.0,60,6,,,done,,done charging,650.5434707558662,,,293.72673876710047
Car 161,,60,6,,,start_charge,,starting to charge at Charger 6 (fid=60),650.5434707558662,,58.447842785674766,
Car 157,,,,,12,switch,,"Charger 12 (fid=40) not available, trying Charger 11 (fid=33)",650.5974805526379,11,,
Car 175,,,,,2,switch,,"Charger 2 (fid=307904) not available, trying Charger 3 (fid=307905)",650.6152254939835,3,,
Car 199,,,,,15,switch,,"Charger 15 (fid=57) not available, trying Charger 0 (fid=308440)",651.1013555943001,0,,
Car 132,,,,,11,switch,,"Charger 11 (fid=33) not available, trying Charger 8 (fid=32)",651.1190552655311,8,,
Car 132,,32,8,,,start_charge,,starting to charge at Charger 8 (fid=32),651.3881539418796,,85.0,
Car 198,,,,,4,switch,,"Charger 4 (fid=308108) not available, trying Charger 18 (fid=64)",651.4229017721713,18,,
Car 190,,,,,7,switch,,"Charger 7 (fid=31) not available, trying Charger 10 (fid=30)",651.4509718882299,10,,
Car 171,,,,,16,switch,,"Charger 16 (fid=8) not available, trying Charger 0 (fid=308440)",651.7173233898466,0,,
Car 165,,,,,17,switch,,"Charger 17 (fid=35) not available, trying Charger 0 (fid=308440)",651.7969394387593,0,,
Car 195,,,,,17,switch,,"Charger 17 (fid=35) not available, trying Charger 15 (fid=57)",652.2046007260589,15,,
Car 144,,,,,16,switch,,"Charger 16 (fid=8) not available, trying Charger 12 (fid=40)",652.345594466214,12,,
Car 202,,,,7,,arrived,,arrived,652.525403502781,,,
Car 115,,,,,11,switch,,"Charger 11 (fid=33) not available, trying Charger 8 (fid=32)",652.5860953606048,8,,
Car 194,,,,,9,switch,,"Charger 9 (fid=86) not available, trying Charger 17 (fid=35)",652.8801574473166,17,,
Car 159,,,,,19,switch,,"Charger 19 (fid=37) not available, trying Charger 15 (fid=57)",653.1466179149586,15,,
Car 198,,64,18,,,start_charge,,starting to charge at Charger 18 (fid=64),653.2638385639891,,10.0,
Car 155,,,,,10,switch,,"Charger 10 (fid=30) not available, trying Charger 14 (fid=34)",654.2017808558572,14,,
Car 167,,,,,1,switch,,"Charger 1 (fid=308702) not available, trying Charger 11 (fid=33)",654.2277702122884,11,,
Car 201,,,,,17,switch,,"Charger 17 (fid=35) not available, trying Charger 0 (fid=308440)",654.3067632739585,0,,
Car 147,88.0,307904,2,,,done,,done charging,654.6323161883774,,,280.6474449116342
Car 172,,307904,2,,,start_charge,,starting to charge at Charger 2 (fid=307904),654.6323161883774,,49.3326890738341,
Car 122,112.0,8,16,,,done,,done charging,654.9423792917988,,,272.6512927581114
Car 150,,8,16,,,start_charge,,starting to charge at Charger 16 (fid=8),654.9423792917988,,77.94965659680906,
Car 177,,,,,17,switch,,"Charger 17 (fid=35) not available, trying Charger 0 (fid=308440)",655.0191285423941,0,,
Car 179,,,,,6,switch,,"Charger 6 (fid=60) not available, trying Charger 4 (fid=308108)",655.0993199428586,4,,
Car 169,,,,,17,switch,,"Charger 17 (fid=35) not available, trying Charger 10 (fid=30)",655.493679753596,10,,
Car 196,,,,,0,switch,,"Charger 0 (fid=308440) not available, trying Charger 5 (fid=73)",655.5699532747574,5,,
Car 200,,,,,2,switch,,"Charger 2 (fid=307904) not available, trying Charger 3 (fid=307905)",655.6159104506519,3,,
Car 175,,,,,3,switch,,"Charger 3 (fid=307905) not available, trying Charger 4 (fid=308108)",655.8788516755476,4,,
Car 181,,,,,19,switch,,"Charger 19 (fid=37) not available, trying Charger 7 (fid=31)",655.9230895272677,7,,
Car 105,117.0,34,14,,,done,,done charging,656.0825368613769,,,342.9377295291599
Car 155,,34,14,,,start_charge,,starting to charge at Charger 14 (fid=34),656.0825368613769,,61.69401509462443,
Car 133,64.0,34,14,,,done,,done charging,656.2850573947416,,,344.9406309491559
Car 190,,,,,10,switch,,"Charger 10 (fid=30) not available, trying Charger 14 (fid=34)",657.2756581390338,14,,
Car 183,,,,,16,switch,,"Charger 16 (fid=8) not available, trying Charger 15 (fid=57)",657.410478466649,15,,
Car 190,,34,14,,,start_charge,,starting to charge at Charger 14 (fid=34),657.462399049929,,25.0,
Car 156,,,,,15,switch,,"Charger 15 (fid=57) not available, trying Charger 9 (fid=86)",657.5123564708665,9,,
Car 202,,,,,4,switch,,"Charger 4 (fid=308108) not available, trying Charger 2 (fid=307904)",657.525403502781,2,,
Car 141,92.0,31,7,,,done,,done charging,657.8272091459287,,,307.1671812118031
Car 199,,,,,0,switch,,"Charger 0 (fid=308440) not available, trying Charger 2 (fid=307904)",657.8409299097632,2,,
Car 115,,,,,8,switch,,"Charger 8 (fid=32) not available, trying Charger 18 (fid=64)",657.8551940369533,18,,
Car 174,,,,,2,switch,,"Charger 2 (fid=307904) not available, trying Charger 3 (fid=307905)",658.026223495772,3,,
Car 173,,,,,5,switch,,"Charger 5 (fid=73) not available, trying Charger 17 (fid=35)",658.1762027418581,17,,
Car 195,,,,,15,switch,,"Charger 15 (fid=57) not available, trying Charger 6 (fid=60)",658.57420298193,6,,
Car 126,,,,,18,switch,,"Charger 18 (fid=64) not available, trying Charger 9 (fid=86)",658.5838676392169,9,,
Car 188,,,,,1,switch,,"Charger 1 (fid=308702) not available, trying Charger 7 (fid=31)",658.7311308718644,7,,
Car 165,,,,,0,switch,,"Charger 0 (fid=308440) not available, trying Charger 6 (fid=60)",658.7326797205255,6,,
Car 189,,,,,1,switch,,"Charger 1 (fid=308702) not available, trying Charger 7 (fid=31)",658.8426804810116,7,,
Car 142,,,,,12,switch,,"Charger 12 (fid=40) not available, trying Charger 9 (fid=86)",659.1760336729621,9,,
Car 176,,,,,2,switch,,"Charger 2 (fid=307904) not available, trying Charger 3 (fid=307905)",659.2667577583229,3,,
Car 188,,31,7,,,start_charge,,starting to charge at Charger 7 (fid=31),659.4345324708488,,25.0,
Car 145,,,,,12,switch,,"Charger 12 (fid=40) not available, trying Charger 2 (fid=307904)",659.5360368873995,2,,
Car 152,61.0,73,5,,,done,,done charging,660.4038645698165,,,330.39236148427193
Car 196,,73,5,,,start_charge,,starting to charge at Charger 5 (fid=73),660.4038645698165,,15.570132282481381,
Car 200,,,,,3,switch,,"Charger 3 (fid=307905) not available, trying Charger 18 (fid=64)",660.879536632216,18,,
Car 167,,,,,11,switch,,"Charger 11 (fid=33) not available, trying Charger 8 (fid=32)",660.9893774866017,8,,
Car 159,,,,,15,switch,,"Charger 15 (fid=57) not available, trying Charger 9 (fid=86)",661.1431566415506,9,,
Car 201,,,,,0,switch,,"Charger 0 (fid=308440) not available, trying Charger 5 (fid=73)",661.2425035557247,5,,
Car 144,,,,,12,switch,,"Charger 12 (fid=40) not available, trying Charger 9 (fid=86)",661.6418544466513,9,,
Car 177,,,,,0,switch,,"Charger 0 (fid=308440) not available, trying Charger 1 (fid=308702)",661.9548688241604,1,,
Car 171,,,,,0,switch,,"Charger 0 (fid=308440) not available, trying Charger 17 (fid=35)",662.3069596706091,17,,
Car 174,,,,,3,switch,,"Charger 3 (fid=307905) not available, trying Charger 19 (fid=37)",663.2898496773361,19,,
Car 194,,,,,17,switch,,"Charger 17 (fid=35) not available, trying Charger 18 (fid=64)",663.5425834572178,18,,
Car 157,,,,,11,switch,,"Charger 11 (fid=33) not available, trying Charger 8 (fid=32)",664.1811901420176,8,,
Car 149,65.0,35,17,,,done,,done charging,664.3016696207814,,,296.5195061591514
Car 173,,35,17,,,start_charge,,starting to charge at Charger 17 (fid=35),664.3016696207814,,57.23165992593749,
Car 179,,,,,4,switch,,"Charger 4 (fid=308108) not available, trying Charger 18 (fid=64)",664.3218883040373,18,,
Car 175,,,,,4,switch,,"Charger 4 (fid=308108) not available, trying Charger 13 (fid=5)",664.4013215217998,13,,
Car 181,,,,,7,switch,,"Charger 7 (fid=31) not available, trying Charger 10 (fid=30)",664.5045583656506,10,,
Car 176,,,,,3,switch,,"Charger 3 (fid=307905) not available, trying Charger 13 (fid=5)",664.530383939887,13,,
Car 189,,,,,7,switch,,"Charger 7 (fid=31) not available, trying Charger 15 (fid=57)",664.546082079996,15,,
Car 127,95.0,307905,3,,,done,,done charging,664.8569535902774,,,334.36073300481854
Car 169,,,,,10,switch,,"Charger 10 (fid=30) not available, trying Charger 0 (fid=308440)",664.8578488847348,0,,
Car 203,,,,4,,arrived,,arrived,665.0080230105438,,,
Car 202,,,,,2,switch,,"Charger 2 (fid=307904) not available, trying Charger 3 (fid=307905)",666.0315365174124,3,,
Car 126,,,,,,gave_up,9,"no alternate charger available, gave up",666.1668793915671,,,
Car 167,,,,,8,switch,,"Charger 8 (fid=32) not available, trying Charger 13 (fid=5)",666.2584761629503,13,,
Car 202,,307905,3,,,start_charge,,starting to charge at Charger 3 (fid=307905),666.2951626989765,,10.0,
Car 183,,,,,15,switch,,"Charger 15 (fid=57) not available, trying Charger 2 (fid=307904)",666.6032189042363,2,,
Car 199,,,,,2,switch,,"Charger 2 (fid=307904) not available, trying Charger 3 (fid=307905)",667.1774174086564,3,,
Car 195,,,,,6,switch,,"Charger 6 (fid=60) not available, trying Charger 0 (fid=308440)",667.4655339072906,0,,
Car 165,,,,,6,switch,,"Charger 6 (fid=60) not available, trying Charger 2 (fid=307904)",668.3605152527824,2,,
Car 145,,,,,2,switch,,"Charger 2 (fid=307904) not available, trying Charger 3 (fid=307905)",669.0506294771972,3,,
Car 171,,,,,17,switch,,"Charger 17 (fid=35) not available, trying Charger 6 (fid=60)",669.2426999523753,6,,
Car 156,,,,,9,switch,,"Charger 9 (fid=86) not available, trying Charger 13 (fid=5)",669.3179682949511,13,,
Car 157,,,,,8,switch,,"Charger 8 (fid=32) not available, trying Charger 13 (fid=5)",669.4502888183662,13,,
Car 203,,,,,6,switch,,"Charger 6 (fid=60) not available, trying Charger 2 (fid=307904)",670.0080230105438,2,,
Car 142,,,,,9,switch,,"Charger 9 (fid=86) not available, trying Charger 4 (fid=308108)",670.0599737059939,4,,
Car 177,,,,,1,switch,,"Charger 1 (fid=308702) not available, trying Charger 7 (fid=31)",670.0653214515588,7,,
Car 200,,,,,18,switch,,"Charger 18 (fid=64) not available, trying Charger 9 (fid=86)",670.1619641579725,9,,
Car 181,,,,,10,switch,,"Charger 10 (fid=30) not available, trying Charger 12 (fid=40)",670.3292446164545,12,,
Car 201,,,,,5,switch,,"Charger 5 (fid=73) not available, trying Charger 19 (fid=37)",670.5062825683025,19,,
Car 151,95.0,86,9,,,done,,done charging,670.6976734333354,,,429.97096709243067
Car 144,,86,9,,,start_charge,,starting to charge at Charger 9 (fid=86),670.6976734333354,,88.17187895365225,
Car 179,,,,,18,switch,,"Charger 18 (fid=64) not available, trying Charger 12 (fid=40)",671.1628250958552,12,,
Car 204,,,,74,,arrived,,arrived,671.2800776430497,,,
Car 199,,,,,3,switch,,"Charger 3 (fid=307905) not available, trying Charger 6 (fid=60)",672.4410435902205,6,,
Car 205,,,,37,,arrived,,arrived,672.8114797238818,,,
Car 169,,,,,0,switch,,"Charger 0 (fid=308440) not available, trying Charger 14 (fid=34)",672.8895532980911,14,,
Car 159,,,,,9,switch,,"Charger 9 (fid=86) not available, trying Charger 13 (fid=5)",672.9487684656352,13,,
Car 189,,,,,15,switch,,"Charger 15 (fid=57) not available, trying Charger 10 (fid=30)",673.2945053003821,10,,
Car 123,69.0,32,8,,,done,,done charging,673.3997816645983,,,526.8643398572934
Car 115,,,,,,gave_up,18,"no alternate charger available, gave up",673.6082865744235,,,
Car 99,61.0,308108,4,,,done,,done charging,673.7574932461667,,,551.9517390154376
Car 142,,308108,4,,,start_charge,,starting to charge at Charger 4 (fid=308108),673.7574932461667,,91.32458950380226,
Car 168,73.0,57,15,,,done,,done charging,673.8355149167928,,,286.884379249516
Car 174,,,,,19,switch,,"Charger 19 (fid=37) not available, trying Charger 6 (fid=60)",674.2598870084278,6,,
Car 145,,,,,3,switch,,"Charger 3 (fid=307905) not available, trying Charger 4 (fid=308108)",674.3142556587612,4,,
Car 167,,,,,13,switch,,"Charger 13 (fid=5) not available, trying Charger 16 (fid=8)",675.0799137814176,16,,
Car 194,,,,,18,switch,,"Charger 18 (fid=64) not available, trying Charger 12 (fid=40)",675.3969372596729,12,,
Car 183,,,,,2,switch,,"Charger 2 (fid=307904) not available, trying Charger 3 (fid=307905)",675.5819571766823,3,,
Car 177,,,,,7,switch,,"Charger 7 (fid=31) not available, trying Charger 10 (fid=30)",675.7687230505433,10,,
Car 204,,,,,2,switch,,"Charger 2 (fid=307904) not available, trying Charger 3 (fid=307905)",676.2800776430497,3,,
Car 201,,,,,19,switch,,"Charger 19 (fid=37) not available, trying Charger 1 (fid=308702)",676.5809461665318,1,,
Car 176,,,,,13,switch,,"Charger 13 (fid=5) not available, trying Charger 0 (fid=308440)",676.7100276118089,0,,
Car 195,,,,,0,switch,,"Charger 0 (fid=308440) not available, trying Charger 9 (fid=86)",677.0933694395475,9,,
Car 175,,,,,13,switch,,"Charger 13 (fid=5) not available, trying Charger 0 (fid=308440)",677.2091473906486,0,,
Car 165,,,,,2,switch,,"Charger 2 (fid=307904) not available, trying Charger 3 (fid=307905)",677.3626717654859,3,,
Car 171,,,,,6,switch,,"Charger 6 (fid=60) not available, trying Charger 2 (fid=307904)",677.4679533215167,2,,
Car 200,,,,,9,switch,,"Charger 9 (fid=86) not available, trying Charger 12 (fid=40)",677.7449759103228,12,,
Car 205,,,,,19,switch,,"Charger 19 (fid=37) not available, trying Charger 5 (fid=73)",677.8114797238818,5,,
Car 157,,,,,13,switch,,"Charger 13 (fid=5) not available, trying Charger 16 (fid=8)",678.2717264368335,16,,
Car 206,,,,78,,arrived,,arrived,678.7234947850123,,,
Car 182,50.0,31,7,,,done,,done charging,678.9290319970836,,,244.02623010800582
Car 207,,,,33,,arrived,,arrived,678.9706282332805,,,
Car 203,,,,,2,switch,,"Charger 2 (fid=307904) not available, trying Charger 3 (fid=307905)",679.0101795232472,3,,
Car 184,58.0,57,15,,,done,,done charging,680.3659843221167,,,82.45189354404042
Car 179,,,,,12,switch,,"Charger 12 (fid=40) not available, trying Charger 7 (fid=31)",680.8234110403013,7,,
Car 183,,,,,3,switch,,"Charger 3 (fid=307905) not available, trying Charger 13 (fid=5)",680.8455833582464,13,,
Car 169,,,,,14,switch,,"Charger 14 (fid=34) not available, trying Charger 11 (fid=33)",680.992244871345,11,,
Car 199,,,,,6,switch,,"Charger 6 (fid=60) not available, trying Charger 5 (fid=73)",681.4595369345446,5,,
Car 204,,,,,3,switch,,"Charger 3 (fid=307905) not available, trying Charger 17 (fid=35)",681.5437038246138,17,,
Car 177,,,,,10,switch,,"Charger 10 (fid=30) not available, trying Charger 14 (fid=34)",681.5934093013472,14,,
Car 189,,,,,10,switch,,"Charger 10 (fid=30) not available, trying Charger 14 (fid=34)",682.4013597080175,14,,
Car 174,,,,,6,switch,,"Charger 6 (fid=60) not available, trying Charger 13 (fid=5)",682.6129949895794,13,,
Car 165,,,,,3,switch,,"Charger 3 (fid=307905) not available, trying Charger 12 (fid=40)",682.6262979470499,12,,
Car 145,,,,,4,switch,,"Charger 4 (fid=308108) not available, trying Charger 18 (fid=64)",682.8367255050134,18,,
Car 167,,,,,16,switch,,"Charger 16 (fid=8) not available, trying Charger 12 (fid=40)",683.0152817210374,12,,
Car 181,,,,,12,switch,,"Charger 12 (fid=40) not available, trying Charger 14 (fid=34)",683.2131797177548,14,,
Car 160,88.0,5,13,,,done,,done charging,683.6346526132279,,,308.35368352632383
Car 156,,5,13,,,start_charge,,starting to charge at Charger 13 (fid=5),683.6346526132279,,64.70760851826685,
Car 206,,,,,16,switch,,"Charger 16 (fid=8) not available, trying Charger 5 (fid=73)",683.7234947850123,5,,
Car 205,,,,,5,switch,,"Charger 5 (fid=73) not available, trying Charger 13 (fid=5)",683.8861433221111,13,,
Car 207,,,,,11,switch,,"Charger 11 (fid=33) not available, trying Charger 8 (fid=32)",683.9706282332805,8,,
Car 208,,,,38,,arrived,,arrived,684.1090093327526,,,
Car 207,,32,8,,,start_charge,,starting to charge at Charger 8 (fid=32),684.2397269096291,,5.0,
Car 203,,,,,3,switch,,"Charger 3 (fid=307905) not available, trying Charger 17 (fid=35)",684.2738057048113,17,,
Car 201,,,,,1,switch,,"Charger 1 (fid=308702) not available, trying Charger 7 (fid=31)",684.8240496283228,7,,
Car 194,,,,,12,switch,,"Charger 12 (fid=40) not available, trying Charger 6 (fid=60)",685.057523204119,6,,
Car 201,,31,7,,,start_charge,,starting to charge at Charger 7 (fid=31),685.5274512273072,,30.0,
Car 157,,,,,16,switch,,"Charger 16 (fid=8) not available, trying Charger 9 (fid=86)",686.2070943764533,9,,
Car 162,99.0,35,17,,,done,,done charging,686.2176665788382,,,243.73406299681753
Car 204,,35,17,,,start_charge,,starting to charge at Charger 17 (fid=35),686.2176665788382,,11.822073464341202,
Car 171,,,,,2,switch,,"Charger 2 (fid=307904) not available, trying Charger 3 (fid=307905)",686.4701098342201,3,,
Car 177,,,,,14,switch,,"Charger 14 (fid=34) not available, trying Charger 4 (fid=308108)",686.7801502122423,4,,
Car 169,,,,,11,switch,,"Charger 11 (fid=33) not available, trying Charger 8 (fid=32)",686.8787602703196,8,,
Car 176,,,,,0,switch,,"Charger 0 (fid=308440) not available, trying Charger 4 (fid=308108)",687.267210922276,4,,
Car 159,,,,,13,switch,,"Charger 13 (fid=5) not available, trying Charger 0 (fid=308440)",687.5578442656451,0,,
Car 189,,,,,14,switch,,"Charger 14 (fid=34) not available, trying Charger 11 (fid=33)",687.5881006189127,11,,
Car 175,,,,,0,switch,,"Charger 0 (fid=308440) not available, trying Charger 18 (fid=64)",687.7663307011157,18,,
Car 209,,,,54,,arrived,,arrived,688.0135341211515,,,
Car 209,,57,15,,,start_charge,,starting to charge at Charger 15 (fid=57),688.0135341211515,,0.0,
Car 106,49.0,30,10,,,done,,done charging,688.4394089681473,,,656.7317939383097
Car 200,,,,,12,switch,,"Charger 12 (fid=40) not available, trying Charger 6 (fid=60)",688.6289159433545,6,,
Car 208,,,,,13,switch,,"Charger 13 (fid=5) not available, trying Charger 19 (fid=37)",689.1090093327526,19,,
Car 210,,,,8,,arrived,,arrived,689.2359360641419,,,
Car 195,,,,,9,switch,,"Charger 9 (fid=86) not available, trying Charger 4 (fid=308108)",689.2567304900793,4,,
Car 199,,,,,5,switch,,"Charger 5 (fid=73) not available, trying Charger 19 (fid=37)",689.4887259560642,19,,
Car 211,,,,74,,arrived,,arrived,689.6749602225173,,,
Car 145,,,,,18,switch,,"Charger 18 (fid=64) not available, trying Charger 9 (fid=86)",689.6776622968313,9,,
Car 163,87.0,60,6,,,done,,done charging,690.9185956662984,,,252.3314454925788
Car 194,,60,6,,,start_charge,,starting to charge at Charger 6 (fid=60),690.9185956662984,,38.532730720376776,
Car 205,,,,,13,switch,,"Charger 13 (fid=5) not available, trying Charger 15 (fid=57)",691.3512144083818,15,,
Car 206,,,,,5,switch,,"Charger 5 (fid=73) not available, trying Charger 13 (fid=5)",691.5742209839377,13,,
Car 212,,,,73,,arrived,,arrived,691.6543878100568,,,
Car 171,,,,,3,switch,,"Charger 3 (fid=307905) not available, trying Charger 12 (fid=40)",691.7337360157842,12,,
Car 203,,,,,17,switch,,"Charger 17 (fid=35) not available, trying Charger 15 (fid=57)",692.1256949946945,15,,
Car 169,,,,,8,switch,,"Charger 8 (fid=32) not available, trying Charger 4 (fid=308108)",692.1478589466682,4,,
Car 165,,,,,12,switch,,"Charger 12 (fid=40) not available, trying Charger 4 (fid=308108)",692.1572273684683,4,,
Car 174,,,,,13,switch,,"Charger 13 (fid=5) not available, trying Charger 16 (fid=8)",692.2169188992629,16,,
Car 167,,,,,12,switch,,"Charger 12 (fid=40) not available, trying Charger 9 (fid=86)",692.3115417014747,9,,
Car 183,,,,,13,switch,,"Charger 13 (fid=5) not available, trying Charger 0 (fid=308440)",693.0252270301683,0,,
Car 179,,,,,7,switch,,"Charger 7 (fid=31) not available, trying Charger 10 (fid=30)",693.348914954352,10,,
Car 189,,,,,11,switch,,"Charger 11 (fid=33) not available, trying Charger 8 (fid=32)",693.4746160178873,8,,
Car 203,,57,15,,,start_charge,,starting to charge at Charger 15 (fid=57),693.4952972505656,,20.0,
Car 213,,,,32,,arrived,,arrived,693.6842955368656,,,
Car 179,,30,10,,,start_charge,,starting to charge at Charger 10 (fid=30),694.1736012051559,,55.0,
Car 210,,,,,16,switch,,"Charger 16 (fid=8) not available, trying Charger 5 (fid=73)",694.2359360641419,5,,
Car 211,,,,,2,switch,,"Charger 2 (fid=307904) not available, trying Charger 3 (fid=307905)",694.6749602225173,3,,
Car 154,51.0,40,12,,,done,,done charging,694.7203096130347,,,402.00592057580326
Car 199,,,,,19,switch,,"Charger 19 (fid=37) not available, trying Charger 7 (fid=31)",695.5633895542935,7,,
Car 208,,,,,19,switch,,"Charger 19 (fid=37) not available, trying Charger 1 (fid=308702)",695.8961119738713,1,,
Car 200,,,,,6,switch,,"Charger 6 (fid=60) not available, trying Charger 17 (fid=35)",695.9572576851572,17,,
Car 186,64.0,37,19,,,done,,done charging,695.9693838253559,,,200.1384942150949
Car 181,,,,,14,switch,,"Charger 14 (fid=34) not available, trying Charger 1 (fid=308702)",696.1681019789527,1,,
Car 171,,40,12,,,start_charge,,starting to charge at Charger 12 (fid=40),696.2646654372026,,80.0,
Car 195,,,,,4,switch,,"Charger 4 (fid=308108) not available, trying Charger 12 (fid=40)",696.6296605264499,12,,
Car 212,,,,,5,switch,,"Charger 5 (fid=73) not available, trying Charger 19 (fid=37)",696.6543878100568,19,,
Car 145,,,,,,gave_up,9,"no alternate charger available, gave up",697.2606740491815,,,
Car 212,,37,19,,,start_charge,,starting to charge at Charger 19 (fid=37),697.7290514082862,,5.0,
Car 214,,,,83,,arrived,,arrived,697.9853255950981,,,
Car 159,,,,,0,switch,,"Charger 0 (fid=308440) not available, trying Charger 1 (fid=308702)",698.1150275761123,1,,
Car 213,,,,,17,switch,,"Charger 17 (fid=35) not available, trying Charger 15 (fid=57)",698.6842955368656,15,,
Car 189,,,,,8,switch,,"Charger 8 (fid=32) not available, trying Charger 6 (fid=60)",698.7437146942359,6,,
Car 206,,,,,13,switch,,"Charger 13 (fid=5) not available, trying Charger 6 (fid=60)",699.0392920702084,6,,
Car 176,,,,,4,switch,,"Charger 4 (fid=308108) not available, trying Charger 1 (fid=308702)",699.6286699653239,1,,
Car 157,,,,,9,switch,,"Charger 9 (fid=86) not available, trying Charger 4 (fid=308108)",699.6830580608225,4,,
Car 211,,,,,3,switch,,"Charger 3 (fid=307905) not available, trying Charger 17 (fid=35)",699.9385864040813,17,,
Car 174,,,,,16,switch,,"Charger 16 (fid=8) not available, trying Charger 12 (fid=40)",700.1522868388826,12,,
Car 205,,,,,15,switch,,"Charger 15 (fid=57) not available, trying Charger 16 (fid=8)",700.4367997143316,16,,
Car 86,101.0,86,9,,,done,,done charging,700.6474746311,,,672.4094738298478
Car 167,,86,9,,,start_charge,,starting to charge at Charger 9 (fid=86),700.6474746311,,87.45199289659354,
Car 215,,,,87,,arrived,,arrived,700.7109003145181,,,
Car 117,61.0,8,16,,,done,,done charging,700.8692253743601,,,703.6789242791367
Car 177,,,,,4,switch,,"Charger 4 (fid=308108) not available, trying Charger 2 (fid=307904)",700.9460100662287,2,,
Car 175,,,,,18,switch,,"Charger 18 (fid=64) not available, trying Charger 1 (fid=308702)",701.0694435999367,1,,
Car 165,,,,,4,switch,,"Charger 4 (fid=308108) not available, trying Charger 18 (fid=64)",701.2723191773078,18,,
Car 210,,,,,5,switch,,"Charger 5 (fid=73) not available, trying Charger 13 (fid=5)",702.0866622630673,13,,
Car 180,70.0,5,13,,,done,,done charging,702.2282739265193,,,308.35368352632383
Car 181,,,,,1,switch,,"Charger 1 (fid=308702) not available, trying Charger 11 (fid=33)",702.3009219250843,11,,
Car 214,,,,,2,switch,,"Charger 2 (fid=307904) not available, trying Charger 3 (fid=307905)",702.9853255950981,3,,
Car 216,,,,61,,arrived,,arrived,703.0394485986623,,,
Car 217,,,,88,,arrived,,arrived,703.5332613276787,,,
Car 183,,,,,0,switch,,"Charger 0 (fid=308440) not available, trying Charger 4 (fid=308108)",703.5824103406354,4,,
Car 208,,,,,1,switch,,"Charger 1 (fid=308702) not available, trying Charger 5 (fid=73)",704.1392154356622,5,,
Car 199,,,,,7,switch,,"Charger 7 (fid=31) not available, trying Charger 10 (fid=30)",704.1448583926764,10,,
Car 200,,,,,17,switch,,"Charger 17 (fid=35) not available, trying Charger 15 (fid=57)",704.1825110542985,15,,
Car 210,,5,13,,,start_charge,,starting to charge at Charger 13 (fid=5),704.551733349338,,10.0,
Car 205,,8,16,,,start_charge,,starting to charge at Charger 16 (fid=8),704.629540151919,,20.0,
Car 213,,,,,15,switch,,"Charger 15 (fid=57) not available, trying Charger 0 (fid=308440)",705.0538977927367,0,,
Car 218,,,,65,,arrived,,arrived,705.329086035521,,,
Car 215,,,,,9,switch,,"Charger 9 (fid=86) not available, trying Charger 4 (fid=308108)",705.7109003145181,4,,
Car 195,,,,,12,switch,,"Charger 12 (fid=40) not available, trying Charger 5 (fid=73)",705.7447523352895,5,,
Car 159,,,,,1,switch,,"Charger 1 (fid=308702) not available, trying Charger 7 (fid=31)",706.2254802035108,7,,
Car 193,70.0,308440,0,,,done,,done charging,706.4014511298398,,,174.96928122495086
Car 213,,308440,0,,,start_charge,,starting to charge at Charger 0 (fid=308440),706.7934721081998,,10.0,
Car 169,,,,,4,switch,,"Charger 4 (fid=308108) not available, trying Charger 2 (fid=307904)",706.9592976283652,2,,
Car 157,,,,,4,switch,,"Charger 4 (fid=308108) not available, trying Charger 18 (fid=64)",707.0559880971931,18,,
Car 211,,,,,17,switch,,"Charger 17 (fid=35) not available, trying Charger 0 (fid=308440)",707.7904756939646,0,,
Car 216,,,,,6,switch,,"Charger 6 (fid=60) not available, trying Charger 12 (fid=40)",708.0394485986623,12,,
Car 165,,,,,18,switch,,"Charger 18 (fid=64) not available, trying Charger 9 (fid=86)",708.1132559691257,9,,
Car 214,,,,,3,switch,,"Charger 3 (fid=307905) not available, trying Charger 17 (fid=35)",708.2489517766621,17,,
Car 217,,,,,9,switch,,"Charger 9 (fid=86) not available, trying Charger 4 (fid=308108)",708.5332613276787,4,,
Car 219,,,,73,,arrived,,arrived,708.5427514416217,,,
Car 206,,,,,6,switch,,"Charger 6 (fid=60) not available, trying Charger 19 (fid=37)",708.6432159798918,19,,
Car 220,,,,54,,arrived,,arrived,708.7448959418256,,,
Car 75,104.0,33,11,,,done,,done charging,708.8914152790028,,,563.6442182158568
Car 181,,33,11,,,start_charge,,starting to charge at Charger 11 (fid=33),708.8914152790028,,69.82888607960524,
Car 196,49.0,73,5,,,done,,done charging,709.4038645698165,,,241.34019757933726
Car 208,,73,5,,,start_charge,,starting to charge at Charger 5 (fid=73),709.4038645698165,,16.343577227211313,
Car 174,,,,,12,switch,,"Charger 12 (fid=40) not available, trying Charger 9 (fid=86)",709.4485468193199,9,,
Car 177,,,,,2,switch,,"Charger 2 (fid=307904) not available, trying Charger 3 (fid=307905)",709.4521430808601,3,,
Car 161,59.0,60,6,,,done,,done charging,709.5434707558662,,,332.0567825876119
Car 189,,60,6,,,start_charge,,starting to charge at Charger 6 (fid=60),709.5434707558662,,58.72194089072411,
Car 199,,,,,10,switch,,"Charger 10 (fid=30) not available, trying Charger 14 (fid=34)",709.9695446434803,14,,
Car 218,,,,,16,switch,,"Charger 16 (fid=8) not available, trying Charger 13 (fid=5)",710.329086035521,13,,
Car 200,,,,,15,switch,,"Charger 15 (fid=57) not available, trying Charger 5 (fid=73)",710.5521133101696,5,,
Car 159,,,,,7,switch,,"Charger 7 (fid=31) not available, trying Charger 10 (fid=30)",711.9288818024952,10,,
Car 221,,,,37,,arrived,,arrived,712.5009798888162,,,
Car 176,,,,,1,switch,,"Charger 1 (fid=308702) not available, trying Charger 7 (fid=31)",713.0267460955712,7,,
Car 222,,,,90,,arrived,,arrived,713.032509254922,,,
Car 153,106.0,308702,1,,,done,,done charging,713.0385453233245,,,326.62528984835353
Car 175,,308702,1,,,start_charge,,starting to charge at Charger 1 (fid=308702),713.0385453233245,,67.62937173736736,
Car 215,,,,,4,switch,,"Charger 4 (fid=308108) not available, trying Charger 18 (fid=64)",713.0838303508887,18,,
Car 219,,,,,5,switch,,"Charger 5 (fid=73) not available, trying Charger 19 (fid=37)",713.5427514416217,19,,
Car 220,,,,,15,switch,,"Charger 15 (fid=57) not available, trying Charger 17 (fid=35)",713.7448959418256,17,,
Car 157,,,,,,gave_up,18,"no alternate charger available, gave up",713.896924889011,,,
Car 136,116.0,308702,1,,,done,,done charging,714.4196677746452,,,370.0950148535841
Car 185,93.0,73,5,,,done,,done charging,714.4713127920884,,,89.51947773250689
Car 195,,73,5,,,start_charge,,starting to charge at Charger 5 (fid=73),714.4713127920884,,49.17873289148088,
Car 177,,,,,3,switch,,"Charger 3 (fid=307905) not available, trying Charger 11 (fid=33)",714.7157692624241,11,,
Car 211,,,,,0,switch,,"Charger 0 (fid=308440) not available, trying Charger 9 (fid=86)",714.7262159757308,9,,
Car 124,70.0,64,18,,,done,,done charging,714.8143501394735,,,732.2937230085881
Car 215,,64,18,,,start_charge,,starting to charge at Charger 18 (fid=64),714.9247671427065,,10.0,
Car 199,,,,,14,switch,,"Charger 14 (fid=34) not available, trying Charger 1 (fid=308702)",715.1562855543755,1,,
Car 216,,,,,12,switch,,"Charger 12 (fid=40) not available, trying Charger 16 (fid=8)",715.3677903404649,16,,
Car 169,,,,,2,switch,,"Charger 2 (fid=307904) not available, trying Charger 3 (fid=307905)",715.4654306429966,3,,
Car 165,,,,,,gave_up,9,"no alternate charger available, gave up",715.6962677214759,,,
Car 217,,,,,4,switch,,"Charger 4 (fid=308108) not available, trying Charger 18 (fid=64)",715.9061913640493,18,,
Car 183,,,,,4,switch,,"Charger 4 (fid=308108) not available, trying Charger 1 (fid=308702)",715.9438693836832,1,,
Car 214,,,,,17,switch,,"Charger 17 (fid=35) not available, trying Charger 0 (fid=308440)",716.1008410665454,0,,
Car 199,,308702,1,,,start_charge,,starting to charge at Charger 1 (fid=308702),716.289105500507,,55.0,
Car 202,50.0,307905,3,,,done,,done charging,716.2951626989765,,,216.20758598444462
Car 169,,307905,3,,,start_charge,,starting to charge at Charger 3 (fid=307905),716.2951626989765,,85.56610587441583,
Car 206,,,,,19,switch,,"Charger 19 (fid=37) not available, trying Charger 12 (fid=40)",716.9963239610435,12,,
Car 198,64.0,64,18,,,done,,done charging,717.2638385639891,,,215.16487897076954
Car 221,,,,,19,switch,,"Charger 19 (fid=37) not available, trying Charger 5 (fid=73)",717.5009798888162,5,,
Car 217,,64,18,,,start_charge,,starting to charge at Charger 18 (fid=64),717.7471281558671,,10.0,
Car 159,,,,,10,switch,,"Charger 10 (fid=30) not available, trying Charger 14 (fid=34)",717.7535680532991,14,,
Car 222,,,,,9,switch,,"Charger 9 (fid=86) not available, trying Charger 4 (fid=308108)",718.032509254922,4,,
Car 218,,,,,13,switch,,"Charger 13 (fid=5) not available, trying Charger 19 (fid=37)",718.2644539751407,19,,
Car 200,,,,,5,switch,,"Charger 5 (fid=73) not available, trying Charger 19 (fid=37)",718.418996479572,19,,
Car 176,,,,,7,switch,,"Charger 7 (fid=31) not available, trying Charger 18 (fid=64)",718.7301476945556,18,,
Car 223,,,,77,,arrived,,arrived,719.2092888123077,,,
Car 219,,,,,19,switch,,"Charger 19 (fid=37) not available, trying Charger 13 (fid=5)",719.617415039851,13,,
Car 224,,,,79,,arrived,,arrived,719.9652215673199,,,
Car 220,,,,,17,switch,,"Charger 17 (fid=35) not available, trying Charger 0 (fid=308440)",720.1144981976967,0,,
Car 225,,,,14,,arrived,,arrived,720.1414538831613,,,
Car 174,,,,,9,switch,,"Charger 9 (fid=86) not available, trying Charger 4 (fid=308108)",720.3324868523516,4,,
Car 226,,,,24,,arrived,,arrived,721.1144596527357,,,
Car 191,86.0,308108,4,,,done,,done charging,722.3104918155747,,,209.67160601707343
Car 222,,308108,4,,,start_charge,,starting to charge at Charger 4 (fid=308108),722.3104918155747,,6.905052524282041,
Car 227,,,,6,,arrived,,arrived,722.4397964205157,,,
Car 228,,,,51,,arrived,,arrived,722.5202719180405,,,
Car 159,,,,,14,switch,,"Charger 14 (fid=34) not available, trying Charger 11 (fid=33)",722.9403089641943,11,,
Car 214,,,,,0,switch,,"Charger 0 (fid=308440) not available, trying Charger 15 (fid=57)",723.0365813483116,15,,
Car 221,,,,,5,switch,,"Charger 5 (fid=73) not available, trying Charger 13 (fid=5)",723.5756434870456,13,,
Car 197,77.0,40,12,,,done,,done charging,723.8047802930371,,,192.19000550955928
Car 206,,40,12,,,start_charge,,starting to charge at Charger 12 (fid=40),723.8047802930371,,26.936709807043485,
Car 223,,,,,6,switch,,"Charger 6 (fid=60) not available, trying Charger 12 (fid=40)",724.2092888123077,12,,
Car 200,,,,,19,switch,,"Charger 19 (fid=37) not available, trying Charger 0 (fid=308440)",724.4936600778013,0,,
Car 216,,,,,16,switch,,"Charger 16 (fid=8) not available, trying Charger 5 (fid=73)",724.6640503209022,5,,
Car 229,,,,52,,arrived,,arrived,724.880725006094,,,
Car 224,,,,,2,switch,,"Charger 2 (fid=307904) not available, trying Charger 3 (fid=307905)",724.9652215673199,3,,
Car 218,,,,,19,switch,,"Charger 19 (fid=37) not available, trying Charger 5 (fid=73)",725.0515566162593,5,,
Car 225,,,,,17,switch,,"Charger 17 (fid=35) not available, trying Charger 15 (fid=57)",725.1414538831613,15,,
Car 230,,,,67,,arrived,,arrived,725.8670605080396,,,
Car 231,,,,79,,arrived,,arrived,726.0108413438226,,,
Car 226,,,,,0,switch,,"Charger 0 (fid=308440) not available, trying Charger 17 (fid=35)",726.1144596527357,17,,
Car 219,,,,,13,switch,,"Charger 13 (fid=5) not available, trying Charger 16 (fid=8)",726.4045176809697,16,,
Car 211,,,,,9,switch,,"Charger 9 (fid=86) not available, trying Charger 15 (fid=57)",726.8895770262627,15,,
Car 220,,,,,0,switch,,"Charger 0 (fid=308440) not available, trying Charger 5 (fid=73)",727.0502384794629,5,,
Car 232,,,,42,,arrived,,arrived,727.1342336870847,,,
Car 177,,,,,11,switch,,"Charger 11 (fid=33) not available, trying Charger 8 (fid=32)",727.2873540057356,8,,
Car 227,,,,,6,switch,,"Charger 6 (fid=60) not available, trying Charger 17 (fid=35)",727.4397964205157,17,,
Car 228,,,,,12,switch,,"Charger 12 (fid=40) not available, trying Charger 6 (fid=60)",727.5202719180405,6,,
Car 174,,,,,4,switch,,"Charger 4 (fid=308108) not available, trying Charger 18 (fid=64)",727.7054168887222,18,,
Car 233,,,,39,,arrived,,arrived,728.005233252153,,,
Car 159,,,,,11,switch,,"Charger 11 (fid=33) not available, trying Charger 8 (fid=32)",728.826824363169,8,,
Car 183,,,,,1,switch,,"Charger 1 (fid=308702) not available, trying Charger 18 (fid=64)",729.3419455139306,18,,
Car 214,,,,,15,switch,,"Charger 15 (fid=57) not available, trying Charger 9 (fid=86)",729.7761556637747,9,,
Car 229,,,,,2,switch,,"Charger 2 (fid=307904) not available, trying Charger 3 (fid=307905)",729.880725006094,3,,
Car 224,,,,,3,switch,,"Charger 3 (fid=307905) not available, trying Charger 17 (fid=35)",730.2288477488839,17,,
Car 230,,,,,19,switch,,"Charger 19 (fid=37) not available, trying Charger 15 (fid=57)",730.8670605080396,15,,
Car 231,,,,,2,switch,,"Charger 2 (fid=307904) not available, trying Charger 3 (fid=307905)",731.0108413438226,3,,
Car 221,,,,,13,switch,,"Charger 13 (fid=5) not available, trying Charger 15 (fid=57)",731.0407145733162,15,,
Car 218,,,,,5,switch,,"Charger 5 (fid=73) not available, trying Charger 1 (fid=308702)",731.1262202144886,1,,
Car 225,,,,,15,switch,,"Charger 15 (fid=57) not available, trying Charger 0 (fid=308440)",731.5110561390323,0,,
Car 223,,,,,12,switch,,"Charger 12 (fid=40) not available, trying Charger 4 (fid=308108)",731.5376305541104,4,,
Car 232,,,,,1,switch,,"Charger 1 (fid=308702) not available, trying Charger 7 (fid=31)",732.1342336870847,7,,
Car 204,46.0,35,17,,,done,,done charging,732.2176665788382,,,445.66429709691175
Car 226,,35,17,,,start_charge,,starting to charge at Charger 17 (fid=35),732.2176665788382,,9.167466644336287,
Car 216,,,,,5,switch,,"Charger 5 (fid=73) not available, trying Charger 17 (fid=35)",732.5147765198276,17,,
Car 177,,,,,8,switch,,"Charger 8 (fid=32) not available, trying Charger 18 (fid=64)",732.5564526820841,18,,
Car 144,62.0,86,9,,,done,,done charging,732.6976734333354,,,739.5237205735989
Car 233,,,,,6,switch,,"Charger 6 (fid=60) not available, trying Charger 12 (fid=40)",733.005233252153,12,,
Car 176,,,,,18,switch,,"Charger 18 (fid=64) not available, trying Charger 10 (fid=30)",733.408243057168,10,,
Car 200,,,,,0,switch,,"Charger 0 (fid=308440) not available, trying Charger 16 (fid=8)",733.9617968089105,16,,
Car 159,,,,,,gave_up,8,"no alternate charger available, gave up",734.0959230395175,,,
Car 219,,,,,16,switch,,"Charger 16 (fid=8) not available, trying Charger 15 (fid=57)",734.3398856205894,15,,
Car 174,,,,,,gave_up,18,"no alternate charger available, gave up",734.54635368054,,,
Car 228,,,,,6,switch,,"Charger 6 (fid=60) not available, trying Charger 4 (fid=308108)",734.8486136598432,4,,
Car 229,,,,,3,switch,,"Charger 3 (fid=307905) not available, trying Charger 4 (fid=308108)",735.1443511876581,4,,
Car 227,,,,,17,switch,,"Charger 17 (fid=35) not available, trying Charger 2 (fid=307904)",735.665049789657,2,,
Car 231,,,,,3,switch,,"Charger 3 (fid=307905) not available, trying Charger 17 (fid=35)",736.2744675253866,17,,
Car 173,72.0,35,17,,,done,,done charging,736.3016696207814,,,415.17705997401595
Car 224,,35,17,,,start_charge,,starting to charge at Charger 17 (fid=35),736.3016696207814,,13.220932582014143,
Car 220,,,,,5,switch,,"Charger 5 (fid=73) not available, trying Charger 19 (fid=37)",736.3140174920406,19,,
Car 234,,,,8,,arrived,,arrived,736.4828306051558,,,
Car 214,,86,9,,,start_charge,,starting to charge at Charger 9 (fid=86),736.5817674878593,,25.0,
Car 235,,,,3,,arrived,,arrived,736.7045889129816,,,
Car 236,,,,63,,arrived,,arrived,736.7989645996123,,,
Car 232,,,,,7,switch,,"Charger 7 (fid=31) not available, trying Charger 10 (fid=30)",737.8376352860691,10,,
Car 225,,,,,0,switch,,"Charger 0 (fid=308440) not available, trying Charger 2 (fid=307904)",738.2506304544954,2,,
Car 211,,,,,15,switch,,"Charger 15 (fid=57) not available, trying Charger 6 (fid=60)",738.6951888503473,6,,
Car 230,,,,,15,switch,,"Charger 15 (fid=57) not available, trying Charger 1 (fid=308702)",738.8635992346316,1,,
Car 218,,,,,1,switch,,"Charger 1 (fid=308702) not available, trying Charger 7 (fid=31)",740.0472921214316,7,,
Car 221,,,,,15,switch,,"Charger 15 (fid=57) not available, trying Charger 16 (fid=8)",740.1262998792661,16,,
Car 233,,,,,12,switch,,"Charger 12 (fid=40) not available, trying Charger 16 (fid=8)",740.3335749939556,16,,
Car 132,89.0,32,8,,,done,,done charging,740.3881539418796,,,527.6733700851032
Car 201,55.0,31,7,,,done,,done charging,740.5274512273072,,,266.187299054375
Car 223,,,,,4,switch,,"Charger 4 (fid=308108) not available, trying Charger 2 (fid=307904)",740.6527223629499,2,,
Car 218,,31,7,,,start_charge,,starting to charge at Charger 7 (fid=31),740.750693720416,,25.0,
Car 142,67.0,308108,4,,,done,,done charging,740.7574932461667,,,609.8986229168615
Car 229,,308108,4,,,start_charge,,starting to charge at Charger 4 (fid=308108),740.7574932461667,,12.090672212256436,
Car 237,,,,70,,arrived,,arrived,740.823180875976,,,
Car 216,,,,,17,switch,,"Charger 17 (fid=35) not available, trying Charger 19 (fid=37)",741.4085834728133,19,,
Car 234,,,,,16,switch,,"Charger 16 (fid=8) not available, trying Charger 5 (fid=73)",741.4828306051558,5,,
Car 235,,,,,2,switch,,"Charger 2 (fid=307904) not available, trying Charger 3 (fid=307905)",741.7045889129816,3,,
Car 236,,,,,13,switch,,"Charger 13 (fid=5) not available, trying Charger 16 (fid=8)",741.7989645996123,16,,
Car 143,120.0,33,11,,,done,,done charging,741.8259897283915,,,399.28945342205395
Car 220,,,,,19,switch,,"Charger 19 (fid=37) not available, trying Charger 1 (fid=308702)",742.38868109027,1,,
Car 227,,,,,2,switch,,"Charger 2 (fid=307904) not available, trying Charger 3 (fid=307905)",743.5006022479196,3,,
Car 219,,,,,15,switch,,"Charger 15 (fid=57) not available, trying Charger 6 (fid=60)",743.5326260581767,6,,
Car 232,,,,,10,switch,,"Charger 10 (fid=30) not available, trying Charger 14 (fid=34)",743.662321536873,14,,
Car 183,,,,,18,switch,,"Charger 18 (fid=64) not available, trying Charger 7 (fid=31)",743.681675499951,7,,
Car 238,,,,18,,arrived,,arrived,743.8017706398542,,,
Car 228,,,,,4,switch,,"Charger 4 (fid=308108) not available, trying Charger 18 (fid=64)",744.0711820210219,18,,
Car 231,,,,,17,switch,,"Charger 17 (fid=35) not available, trying Charger 0 (fid=308440)",744.1263568152699,0,,
Car 200,,,,,16,switch,,"Charger 16 (fid=8) not available, trying Charger 1 (fid=308702)",744.5514330896731,1,,
Car 237,,,,,15,switch,,"Charger 15 (fid=57) not available, trying Charger 0 (fid=308440)",745.823180875976,0,,
Car 235,,,,,3,switch,,"Charger 3 (fid=307905) not available, trying Charger 17 (fid=35)",746.9682150945457,17,,
Car 239,,,,9,,arrived,,arrived,747.1786910890748,,,
Car 230,,,,,1,switch,,"Charger 1 (fid=308702) not available, trying Charger 5 (fid=73)",747.2736570784257,5,,
Car 211,,,,,6,switch,,"Charger 6 (fid=60) not available, trying Charger 4 (fid=308108)",747.586519775708,4,,
Car 225,,,,,2,switch,,"Charger 2 (fid=307904) not available, trying Charger 3 (fid=307905)",747.5871179533887,3,,
Car 177,,,,,18,switch,,"Charger 18 (fid=64) not available, trying Charger 9 (fid=86)",748.3095452195543,9,,
Car 176,,,,,10,switch,,"Charger 10 (fid=30) not available, trying Charger 14 (fid=34)",748.4447696070297,14,,
Car 227,,,,,3,switch,,"Charger 3 (fid=307905) not available, trying Charger 15 (fid=57)",748.7642284294836,15,,
Car 238,,,,,17,switch,,"Charger 17 (fid=35) not available, trying Charger 15 (fid=57)",748.8017706398542,15,,
Car 232,,,,,14,switch,,"Charger 14 (fid=34) not available, trying Charger 11 (fid=33)",748.8490624477682,11,,
Car 223,,,,,2,switch,,"Charger 2 (fid=307904) not available, trying Charger 3 (fid=307905)",749.1588553775813,3,,
Car 221,,,,,16,switch,,"Charger 16 (fid=8) not available, trying Charger 1 (fid=308702)",749.3190403168534,1,,
Car 234,,,,,5,switch,,"Charger 5 (fid=73) not available, trying Charger 13 (fid=5)",749.3335568040811,13,,
Car 233,,,,,16,switch,,"Charger 16 (fid=8) not available, trying Charger 5 (fid=73)",749.6298349743929,5,,
Car 236,,,,,16,switch,,"Charger 16 (fid=8) not available, trying Charger 19 (fid=37)",749.734332539232,19,,
Car 232,,33,11,,,start_charge,,starting to charge at Charger 11 (fid=33),749.7355778467429,,20.0,
Car 216,,,,,19,switch,,"Charger 19 (fid=37) not available, trying Charger 15 (fid=57)",750.5067481443307,15,,
Car 220,,,,,1,switch,,"Charger 1 (fid=308702) not available, trying Charger 7 (fid=31)",750.6317845520609,7,,
Car 170,116.0,30,10,,,done,,done charging,750.7824675226385,,,296.04461695225143
Car 228,,,,,18,switch,,"Charger 18 (fid=64) not available, trying Charger 2 (fid=307904)",750.9121188128397,2,,
Car 231,,,,,0,switch,,"Charger 0 (fid=308440) not available, trying Charger 15 (fid=57)",751.0620970970361,15,,
Car 240,,,,61,,arrived,,arrived,751.2519317048519,,,
Car 241,,,,62,,arrived,,arrived,751.7007586115876,,,
Car 212,54.0,37,19,,,done,,done charging,751.7290514082862,,,89.51947773250689
Car 239,,,,,16,switch,,"Charger 16 (fid=8) not available, trying Charger 5 (fid=73)",752.1786910890748,5,,
Car 219,,,,,6,switch,,"Charger 6 (fid=60) not available, trying Charger 17 (fid=35)",752.4239569835373,17,,
Car 237,,,,,0,switch,,"Charger 0 (fid=308440) not available, trying Charger 17 (fid=35)",752.5627551914391,17,,
Car 236,,37,19,,,start_charge,,starting to charge at Charger 19 (fid=37),752.8154757469187,,10.0,
Car 225,,,,,3,switch,,"Charger 3 (fid=307905) not available, trying Charger 5 (fid=73)",752.8507441349527,5,,
Car 192,108.0,37,19,,,done,,done charging,753.1907681567923,,,159.66979172996065
Car 242,,,,65,,arrived,,arrived,753.5013441658228,,,
Car 176,,,,,14,switch,,"Charger 14 (fid=34) not available, trying Charger 9 (fid=86)",753.6315105179249,9,,
Car 187,107.0,308440,0,,,done,,done charging,754.2276322120697,,,185.5251951678567
Car 200,,,,,1,switch,,"Charger 1 (fid=308702) not available, trying Charger 13 (fid=5)",754.400587013661,13,,
Car 223,,,,,3,switch,,"Charger 3 (fid=307905) not available, trying Charger 18 (fid=64)",754.4224815591454,18,,
Car 203,61.0,57,15,,,done,,done charging,754.4952972505656,,,299.60881247267764
Car 238,,57,15,,,start_charge,,starting to charge at Charger 15 (fid=57),754.4952972505656,,9.323924354840301,
Car 235,,,,,17,switch,,"Charger 17 (fid=35) not available, trying Charger 0 (fid=308440)",754.820104384429,0,,
Car 188,96.0,31,7,,,done,,done charging,755.4345324708488,,,335.130920267964
Car 220,,31,7,,,start_charge,,starting to charge at Charger 7 (fid=31),755.4345324708488,,34.09934631980343,
Car 167,55.0,86,9,,,done,,done charging,755.6474746311,,,513.694978775022
Car 177,,86,9,,,start_charge,,starting to charge at Charger 9 (fid=86),755.6474746311,,99.75491765919548,
Car 230,,,,,5,switch,,"Charger 5 (fid=73) not available, trying Charger 7 (fid=31)",756.1947289853687,7,,
Car 240,,,,,6,switch,,"Charger 6 (fid=60) not available, trying Charger 12 (fid=40)",756.2519317048519,12,,
Car 241,,,,,6,switch,,"Charger 6 (fid=60) not available, trying Charger 12 (fid=40)",756.7007586115876,12,,
Car 235,,308440,0,,,start_charge,,starting to charge at Charger 0 (fid=308440),756.7558446661952,,15.0,
Car 234,,,,,13,switch,,"Charger 13 (fid=5) not available, trying Charger 19 (fid=37)",756.7986278903518,19,,
Car 211,,,,,4,switch,,"Charger 4 (fid=308108) not available, trying Charger 18 (fid=64)",756.8090881368867,18,,
Car 233,,,,,5,switch,,"Charger 5 (fid=73) not available, trying Charger 17 (fid=35)",757.4805611733183,17,,
Car 227,,,,,15,switch,,"Charger 15 (fid=57) not available, trying Charger 5 (fid=73)",757.7593035335505,5,,
Car 231,,,,,15,switch,,"Charger 15 (fid=57) not available, trying Charger 9 (fid=86)",757.8016714124992,9,,
Car 183,,,,,7,switch,,"Charger 7 (fid=31) not available, trying Charger 10 (fid=30)",758.3597708625633,10,,
Car 242,,,,,16,switch,,"Charger 16 (fid=8) not available, trying Charger 13 (fid=5)",758.5013441658228,13,,
Car 216,,,,,15,switch,,"Charger 15 (fid=57) not available, trying Charger 4 (fid=308108)",758.5032868709227,4,,
Car 234,,37,19,,,start_charge,,starting to charge at Charger 19 (fid=37),758.5857305314704,,15.0,
Car 243,,,,77,,arrived,,arrived,758.9559254937692,,,
Car 244,,,,31,,arrived,,arrived,759.0469942889843,,,
Car 221,,,,,1,switch,,"Charger 1 (fid=308702) not available, trying Charger 6 (fid=60)",759.1681942408413,6,,
Car 183,,30,10,,,start_charge,,starting to charge at Charger 10 (fid=30),759.1844571133672,,75.0,
Car 237,,,,,17,switch,,"Charger 17 (fid=35) not available, trying Charger 7 (fid=31)",759.4984954732054,7,,
Car 239,,,,,5,switch,,"Charger 5 (fid=73) not available, trying Charger 19 (fid=37)",760.0294172880002,19,,
Car 228,,,,,2,switch,,"Charger 2 (fid=307904) not available, trying Charger 3 (fid=307905)",760.1782095069756,3,,
Car 219,,,,,17,switch,,"Charger 17 (fid=35) not available, trying Charger 1 (fid=308702)",760.6492103526787,1,,
Car 245,,,,78,,arrived,,arrived,760.8598062066746,,,
Car 169,46.0,307905,3,,,done,,done charging,762.2951626989765,,,580.2681358657516
Car 228,,307905,3,,,start_charge,,starting to charge at Charger 3 (fid=307905),762.2951626989765,,26.85332701043683,
Car 200,,,,,13,switch,,"Charger 13 (fid=5) not available, trying Charger 7 (fid=31)",762.955700371081,7,,
Car 225,,,,,5,switch,,"Charger 5 (fid=73) not available, trying Charger 19 (fid=37)",763.4968625064124,19,,
Car 240,,,,,12,switch,,"Charger 12 (fid=40) not available, trying Charger 16 (fid=8)",763.5802734466546,16,,
Car 211,,,,,18,switch,,"Charger 18 (fid=64) not available, trying Charger 12 (fid=40)",763.6500249287045,12,,
Car 223,,,,,18,switch,,"Charger 18 (fid=64) not available, trying Charger 16 (fid=8)",763.7049090849019,16,,
Car 194,73.0,60,6,,,done,,done charging,763.9185956662984,,,325.586727017695
Car 243,,60,6,,,start_charge,,starting to charge at Charger 6 (fid=60),763.9185956662984,,4.962670172529215,
Car 241,,,,,12,switch,,"Charger 12 (fid=40) not available, trying Charger 5 (fid=73)",764.0291003533903,5,,
Car 244,,,,,7,switch,,"Charger 7 (fid=31) not available, trying Charger 1 (fid=308702)",764.0469942889843,1,,
Car 246,,,,54,,arrived,,arrived,764.9480894034518,,,
Car 230,,,,,7,switch,,"Charger 7 (fid=31) not available, trying Charger 13 (fid=5)",765.4541662689036,13,,
Car 190,108.0,34,14,,,done,,done charging,765.462399049929,,,261.878462357418
Car 227,,,,,5,switch,,"Charger 5 (fid=73) not available, trying Charger 12 (fid=40)",765.6261867029529,12,,
Car 245,,,,,16,switch,,"Charger 16 (fid=8) not available, trying Charger 5 (fid=73)",765.8598062066746,5,,
Car 239,,,,,19,switch,,"Charger 19 (fid=37) not available, trying Charger 6 (fid=60)",766.1040808862296,6,,
Car 233,,,,,17,switch,,"Charger 17 (fid=35) not available, trying Charger 19 (fid=37)",766.374368126304,19,,
Car 242,,,,,13,switch,,"Charger 13 (fid=5) not available, trying Charger 19 (fid=37)",766.4367121054426,19,,
Car 156,83.0,5,13,,,done,,done charging,766.6346526132279,,,510.00945237504226
Car 155,111.0,34,14,,,done,,done charging,767.0825368613769,,,390.5816740358148
Car 247,,,,4,,arrived,,arrived,767.5404918711391,,,
Car 176,,,,,9,switch,,"Charger 9 (fid=86) not available, trying Charger 11 (fid=33)",768.3848446530725,11,,
Car 237,,,,,7,switch,,"Charger 7 (fid=31) not available, trying Charger 5 (fid=73)",768.7042662829564,5,,
Car 230,,5,13,,,start_charge,,starting to charge at Charger 13 (fid=5),769.2476692896042,,25.0,
Car 248,,,,46,,arrived,,arrived,769.363884631885,,,
Car 225,,,,,19,switch,,"Charger 19 (fid=37) not available, trying Charger 6 (fid=60)",769.5715261046417,6,,
Car 231,,,,,9,switch,,"Charger 9 (fid=86) not available, trying Charger 6 (fid=60)",769.6072832365838,6,,
Car 244,,,,,1,switch,,"Charger 1 (fid=308702) not available, trying Charger 10 (fid=30)",769.7503958879687,10,,
Car 221,,,,,6,switch,,"Charger 6 (fid=60) not available, trying Charger 7 (fid=31)",769.8326468602978,7,,
Car 246,,,,,15,switch,,"Charger 15 (fid=57) not available, trying Charger 17 (fid=35)",769.9480894034518,17,,
Car 219,,,,,1,switch,,"Charger 1 (fid=308702) not available, trying Charger 7 (fid=31)",770.0921276978597,7,,
Car 216,,,,,4,switch,,"Charger 4 (fid=308108) not available, trying Charger 2 (fid=307904)",770.1282413070743,2,,
Car 249,,,,48,,arrived,,arrived,771.2362865758403,,,
Car 250,,,,30,,arrived,,arrived,771.6815942182342,,,
Car 200,,,,,7,switch,,"Charger 7 (fid=31) not available, trying Charger 10 (fid=30)",771.7492033917816,10,,
Car 251,,,,52,,arrived,,arrived,772.3118301426351,,,
Car 252,,,,28,,arrived,,arrived,772.4192294340205,,,
Car 247,,,,,6,switch,,"Charger 6 (fid=60) not available, trying Charger 2 (fid=307904)",772.5404918711391,2,,
Car 240,,,,,16,switch,,"Charger 16 (fid=8) not available, trying Charger 5 (fid=73)",772.8765334270919,5,,
Car 242,,,,,19,switch,,"Charger 19 (fid=37) not available, trying Charger 5 (fid=73)",773.2238147465612,5,,
Car 211,,,,,12,switch,,"Charger 12 (fid=40) not available, trying Charger 7 (fid=31)",773.3106108731506,7,,
Car 241,,,,,5,switch,,"Charger 5 (fid=73) not available, trying Charger 17 (fid=35)",773.5769279187083,17,,
Car 172,119.0,307904,2,,,done,,done charging,773.6323161883774,,,317.3303963813677
Car 251,,307904,2,,,start_charge,,starting to charge at Charger 2 (fid=307904),773.6323161883774,,1.3204860457423138,
Car 245,,,,,5,switch,,"Charger 5 (fid=73) not available, trying Charger 13 (fid=5)",773.7105324056,13,,
Car 150,119.0,8,16,,,done,,done charging,773.9423792917988,,,412.2609795646859
Car 223,,8,16,,,start_charge,,starting to charge at Charger 16 (fid=8),773.9423792917988,,32.41795710087695,
Car 248,,,,,1,switch,,"Charger 1 (fid=308702) not available, trying Charger 7 (fid=31)",774.363884631885,7,,
Car 239,,,,,6,switch,,"Charger 6 (fid=60) not available, trying Charger 12 (fid=40)",774.4571888673812,12,,
Car 253,,,,60,,arrived,,arrived,774.5910706443061,,,
Car 227,,,,,12,switch,,"Charger 12 (fid=40) not available, trying Charger 0 (fid=308440)",775.1740142682709,0,,
Car 233,,,,,19,switch,,"Charger 19 (fid=37) not available, trying Charger 4 (fid=308108)",775.4725327978214,4,,
Car 219,,,,,7,switch,,"Charger 7 (fid=31) not available, trying Charger 0 (fid=308440)",775.7955292968442,0,,
Car 244,,,,,10,switch,,"Charger 10 (fid=30) not available, trying Charger 14 (fid=34)",775.8122286742026,14,,
Car 244,,34,14,,,start_charge,,starting to charge at Charger 14 (fid=34),775.9989695850978,,15.0,
Car 249,,,,,7,switch,,"Charger 7 (fid=31) not available, trying Charger 11 (fid=33)",776.2362865758403,11,,
Car 254,,,,22,,arrived,,arrived,776.3063279840951,,,
Car 246,,,,,17,switch,,"Charger 17 (fid=35) not available, trying Charger 0 (fid=308440)",776.3176916593229,0,,
Car 250,,,,,10,switch,,"Charger 10 (fid=30) not available, trying Charger 14 (fid=34)",776.6815942182342,14,,
Car 255,,,,70,,arrived,,arrived,776.7901532501998,,,
Car 250,,34,14,,,start_charge,,starting to charge at Charger 14 (fid=34),776.8683351291294,,5.0,
Car 252,,,,,7,switch,,"Charger 7 (fid=31) not available, trying Charger 11 (fid=33)",777.4192294340205,11,,
Car 200,,,,,10,switch,,"Charger 10 (fid=30) not available, trying Charger 14 (fid=34)",777.5738896425855,14,,
Car 213,71.0,308440,0,,,done,,done charging,777.7934721081998,,,138.7101154122966
Car 254,,308440,0,,,start_charge,,starting to charge at Charger 0 (fid=308440),777.7934721081998,,1.4871441241047023,
Car 225,,,,,6,switch,,"Charger 6 (fid=60) not available, trying Charger 7 (fid=31)",777.9246340857934,7,,
Car 237,,,,,5,switch,,"Charger 5 (fid=73) not available, trying Charger 10 (fid=30)",777.9637035664913,10,,
Car 216,,,,,2,switch,,"Charger 2 (fid=307904) not available, trying Charger 3 (fid=307905)",778.6343743217056,3,,
Car 256,,,,54,,arrived,,arrived,778.7109112064039,,,
Car 242,,,,,5,switch,,"Charger 5 (fid=73) not available, trying Charger 1 (fid=308702)",779.2984783447905,1,,
Car 253,,,,,6,switch,,"Charger 6 (fid=60) not available, trying Charger 12 (fid=40)",779.5910706443061,12,,
Car 248,,,,,7,switch,,"Charger 7 (fid=31) not available, trying Charger 13 (fid=5)",780.0672862308694,13,,
Car 257,,,,12,,arrived,,arrived,780.5338249229447,,,
Car 231,,,,,6,switch,,"Charger 6 (fid=60) not available, trying Charger 7 (fid=31)",780.6311015289236,7,,
Car 240,,,,,5,switch,,"Charger 5 (fid=73) not available, trying Charger 17 (fid=35)",780.7272596260173,17,,
Car 221,,,,,7,switch,,"Charger 7 (fid=31) not available, trying Charger 10 (fid=30)",780.8354648563461,10,,
Car 245,,,,,13,switch,,"Charger 13 (fid=5) not available, trying Charger 6 (fid=60)",781.1756034918707,6,,
Car 247,,,,,2,switch,,"Charger 2 (fid=307904) not available, trying Charger 3 (fid=307905)",781.5426483838426,3,,
Car 239,,,,,12,switch,,"Charger 12 (fid=40) not available, trying Charger 15 (fid=57)",781.7855306091839,15,,
Car 255,,,,,15,switch,,"Charger 15 (fid=57) not available, trying Charger 0 (fid=308440)",781.7901532501998,0,,
Car 241,,,,,17,switch,,"Charger 17 (fid=35) not available, trying Charger 19 (fid=37)",782.470734871694,19,,
Car 258,,,,44,,arrived,,arrived,782.4721769703725,,,
Car 200,,,,,14,switch,,"Charger 14 (fid=34) not available, trying Charger 11 (fid=33)",782.7606305534807,11,,
Car 249,,,,,11,switch,,"Charger 11 (fid=33) not available, trying Charger 8 (fid=32)",782.7607473147236,8,,
Car 259,,,,26,,arrived,,arrived,782.8953817372976,,,
Car 249,,32,8,,,start_charge,,starting to charge at Charger 8 (fid=32),783.0298459910722,,10.0,
Car 246,,,,,0,switch,,"Charger 0 (fid=308440) not available, trying Charger 5 (fid=73)",783.2534319410892,5,,
Car 219,,,,,0,switch,,"Charger 0 (fid=308440) not available, trying Charger 12 (fid=40)",783.6688353888126,12,,
Car 256,,,,,15,switch,,"Charger 15 (fid=57) not available, trying Charger 17 (fid=35)",783.7109112064039,17,,
Car 176,,,,,11,switch,,"Charger 11 (fid=33) not available, trying Charger 8 (fid=32)",783.7669661164018,8,,
Car 216,,,,,3,switch,,"Charger 3 (fid=307905) not available, trying Charger 18 (fid=64)",783.8980005032697,18,,
Car 252,,,,,11,switch,,"Charger 11 (fid=33) not available, trying Charger 8 (fid=32)",783.9436901729039,8,,
Car 260,,,,6,,arrived,,arrived,784.2517730456608,,,
Car 257,,,,,2,switch,,"Charger 2 (fid=307904) not available, trying Charger 3 (fid=307905)",785.5338249229447,3,,
Car 211,,,,,7,switch,,"Charger 7 (fid=31) not available, trying Charger 10 (fid=30)",785.8361147872014,10,,
Car 227,,,,,0,switch,,"Charger 0 (fid=308440) not available, trying Charger 19 (fid=37)",786.3245357185302,19,,
Car 221,,,,,10,switch,,"Charger 10 (fid=30) not available, trying Charger 14 (fid=34)",786.66015110715,14,,
Car 247,,,,,3,switch,,"Charger 3 (fid=307905) not available, trying Charger 17 (fid=35)",786.8062745654066,17,,
Car 253,,,,,12,switch,,"Charger 12 (fid=40) not available, trying Charger 5 (fid=73)",786.9194123861088,5,,
Car 233,,,,,4,switch,,"Charger 4 (fid=308108) not available, trying Charger 18 (fid=64)",787.0295427381383,18,,
Car 207,103.0,32,8,,,done,,done charging,787.2397269096291,,,22.41591973983615
Car 176,,32,8,,,start_charge,,starting to charge at Charger 8 (fid=32),787.2397269096291,,98.20366211687872,
Car 258,,,,,7,switch,,"Charger 7 (fid=31) not available, trying Charger 1 (fid=308702)",787.4721769703725,1,,
Car 237,,,,,10,switch,,"Charger 10 (fid=30) not available, trying Charger 14 (fid=34)",787.5815720372756,14,,
Car 218,47.0,31,7,,,done,,done charging,787.750693720416,,,336.58699967325055
Car 225,,31,7,,,start_charge,,starting to charge at Charger 7 (fid=31),787.750693720416,,43.82324163857436,
Car 259,,,,,11,switch,,"Charger 11 (fid=33) not available, trying Charger 8 (fid=32)",787.8953817372976,8,,
Car 242,,,,,1,switch,,"Charger 1 (fid=308702) not available, trying Charger 7 (fid=31)",788.2195502517335,7,,
Car 255,,,,,0,switch,,"Charger 0 (fid=308440) not available, trying Charger 17 (fid=35)",788.5297275656628,17,,
Car 200,,,,,11,switch,,"Charger 11 (fid=33) not available, trying Charger 8 (fid=32)",788.6471459524554,8,,
Car 206,65.0,40,12,,,done,,done charging,788.8047802930371,,,365.1832207035902
Car 248,,,,,13,switch,,"Charger 13 (fid=5) not available, trying Charger 19 (fid=37)",788.86078925157,19,,
Car 261,,,,77,,arrived,,arrived,789.0613904318393,,,
Car 252,,,,,8,switch,,"Charger 8 (fid=32) not available, trying Charger 1 (fid=308702)",789.2127888492524,1,,
Car 260,,,,,6,switch,,"Charger 6 (fid=60) not available, trying Charger 17 (fid=35)",789.2517730456608,17,,
Car 240,,,,,17,switch,,"Charger 17 (fid=35) not available, trying Charger 19 (fid=37)",789.621066579003,19,,
Car 219,,40,12,,,start_charge,,starting to charge at Charger 12 (fid=40),789.8193568390719,,50.0,
Car 262,,,,77,,arrived,,arrived,789.8316327405346,,,
Car 256,,,,,17,switch,,"Charger 17 (fid=35) not available, trying Charger 0 (fid=308440)",790.080513462275,0,,
Car 263,,,,69,,arrived,,arrived,790.7752109424933,,,
Car 245,,,,,6,switch,,"Charger 6 (fid=60) not available, trying Charger 19 (fid=37)",790.7795274015541,19,,
Car 257,,,,,3,switch,,"Charger 3 (fid=307905) not available, trying Charger 9 (fid=86)",790.7974511045088,9,,
Car 175,78.0,308702,1,,,done,,done charging,791.0385453233245,,,471.848903200722
Car 258,,308702,1,,,start_charge,,starting to charge at Charger 1 (fid=308702),791.0385453233245,,7.862966753967498,
Car 241,,,,,19,switch,,"Charger 19 (fid=37) not available, trying Charger 16 (fid=8)",791.5688995432114,16,,
Car 231,,,,,7,switch,,"Charger 7 (fid=31) not available, trying Charger 4 (fid=308108)",791.6339195249719,4,,
Car 211,,,,,10,switch,,"Charger 10 (fid=30) not available, trying Charger 14 (fid=34)",791.6608010380053,14,,
Car 217,74.0,64,18,,,done,,done charging,791.7471281558671,,,211.54358645316952
Car 216,,64,18,,,start_charge,,starting to charge at Charger 18 (fid=64),791.7471281558671,,53.56670012684083,
Car 221,,,,,14,switch,,"Charger 14 (fid=34) not available, trying Charger 17 (fid=35)",791.8468920180452,17,,
Car 239,,,,,15,switch,,"Charger 15 (fid=57) not available, trying Charger 13 (fid=5)",792.199547452547,13,,
Car 264,,,,53,,arrived,,arrived,792.4706462214494,,,
Car 246,,,,,5,switch,,"Charger 5 (fid=73) not available, trying Charger 19 (fid=37)",792.5172109536669,19,,
Car 237,,,,,14,switch,,"Charger 14 (fid=34) not available, trying Charger 1 (fid=308702)",792.7683129481708,1,,
Car 259,,,,,8,switch,,"Charger 8 (fid=32) not available, trying Charger 10 (fid=30)",793.1644804136462,10,,
Car 226,61.0,35,17,,,done,,done charging,793.2176665788382,,,128.47077387877889
Car 247,,35,17,,,start_charge,,starting to charge at Charger 17 (fid=35),793.2176665788382,,18.55950272354835,
Car 233,,,,,18,switch,,"Charger 18 (fid=64) not available, trying Charger 15 (fid=57)",793.8704795299561,15,,
Car 200,,,,,,gave_up,8,"no alternate charger available, gave up",793.916244628804,,,
Car 242,,,,,7,switch,,"Charger 7 (fid=31) not available, trying Charger 15 (fid=57)",793.9229518507179,15,,
Car 261,,,,,6,switch,,"Charger 6 (fid=60) not available, trying Charger 12 (fid=40)",794.0613904318393,12,,
Car 265,,,,73,,arrived,,arrived,794.3823650183174,,,
Car 262,,,,,6,switch,,"Charger 6 (fid=60) not available, trying Charger 12 (fid=40)",794.8316327405346,12,,
Car 255,,,,,17,switch,,"Charger 17 (fid=35) not available, trying Charger 7 (fid=31)",795.4654678474291,7,,
Car 248,,,,,19,switch,,"Charger 19 (fid=37) not available, trying Charger 10 (fid=30)",795.6478918926887,10,,
Car 263,,,,,0,switch,,"Charger 0 (fid=308440) not available, trying Charger 15 (fid=57)",795.7752109424933,15,,
Car 227,,,,,19,switch,,"Charger 19 (fid=37) not available, trying Charger 4 (fid=308108)",795.7926724496394,4,,
Car 252,,,,,1,switch,,"Charger 1 (fid=308702) not available, trying Charger 10 (fid=30)",795.9911876230948,10,,
Car 179,102.0,30,10,,,done,,done charging,796.1736012051559,,,656.8827236592125
Car 259,,30,10,,,start_charge,,starting to charge at Charger 10 (fid=30),796.1736012051559,,12.176801052903784,
Car 253,,,,,5,switch,,"Charger 5 (fid=73) not available, trying Charger 17 (fid=35)",796.4672399514268,17,,
Car 211,,,,,14,switch,,"Charger 14 (fid=34) not available, trying Charger 1 (fid=308702)",796.8475419489005,1,,
Car 256,,,,,0,switch,,"Charger 0 (fid=308440) not available, trying Charger 5 (fid=73)",797.0162537440413,5,,
Car 266,,,,37,,arrived,,arrived,797.371851218152,,,
Car 264,,,,,12,switch,,"Charger 12 (fid=40) not available, trying Charger 4 (fid=308108)",797.4706462214494,4,,
Car 260,,,,,17,switch,,"Charger 17 (fid=35) not available, trying Charger 2 (fid=307904)",797.4770264148021,2,,
Car 267,,,,37,,arrived,,arrived,797.6044200874402,,,
Car 171,102.0,40,12,,,done,,done charging,798.2646654372026,,,684.7934716570396
Car 261,,40,12,,,start_charge,,starting to charge at Charger 12 (fid=40),798.2646654372026,,6.874933263560592,
Car 246,,,,,19,switch,,"Charger 19 (fid=37) not available, trying Charger 1 (fid=308702)",798.5918745518962,1,,
Car 240,,,,,19,switch,,"Charger 19 (fid=37) not available, trying Charger 15 (fid=57)",798.7192312505204,15,,
Car 257,,,,,9,switch,,"Charger 9 (fid=86) not available, trying Charger 17 (fid=35)",798.8879508377115,17,,
Car 237,,,,,1,switch,,"Charger 1 (fid=308702) not available, trying Charger 19 (fid=37)",798.9011328943023,19,,
Car 245,,,,,19,switch,,"Charger 19 (fid=37) not available, trying Charger 12 (fid=40)",799.1326353827058,12,,
Car 265,,,,,5,switch,,"Charger 5 (fid=73) not available, trying Charger 19 (fid=37)",799.3823650183174,19,,
Car 195,85.0,73,5,,,done,,done charging,799.4713127920884,,,413.11983649146066
Car 241,,,,,16,switch,,"Charger 16 (fid=8) not available, trying Charger 15 (fid=57)",799.650042750898,15,,
Car 268,,,,37,,arrived,,arrived,799.7112426009293,,,
Car 269,,,,1,,arrived,,arrived,800.004503281792,,,
Car 209,112.0,57,15,,,done,,done charging,800.0135341211515,,,62.45338735224125
Car 263,,57,15,,,start_charge,,starting to charge at Charger 15 (fid=57),800.0135341211515,,7.498748863195033,
Car 270,,,,81,,arrived,,arrived,800.2953582016007,,,
Car 256,,73,5,,,start_charge,,starting to charge at Charger 5 (fid=73),801.280032756619,,15.0,
Car 221,,,,,17,switch,,"Charger 17 (fid=35) not available, trying Charger 0 (fid=308440)",801.2820483090818,0,,
Car 239,,,,,13,switch,,"Charger 13 (fid=5) not available, trying Charger 17 (fid=35)",801.2851327584968,17,,
Car 252,,,,,10,switch,,"Charger 10 (fid=30) not available, trying Charger 14 (fid=34)",802.0530204093287,14,,
Car 262,,,,,12,switch,,"Charger 12 (fid=40) not available, trying Charger 4 (fid=308108)",802.1599744823372,4,,
Car 271,,,,61,,arrived,,arrived,802.3469557783353,,,
Car 266,,,,,19,switch,,"Charger 19 (fid=37) not available, trying Charger 5 (fid=73)",802.371851218152,5,,
Car 267,,,,,19,switch,,"Charger 19 (fid=37) not available, trying Charger 5 (fid=73)",802.6044200874402,5,,
Car 242,,,,,15,switch,,"Charger 15 (fid=57) not available, trying Charger 10 (fid=30)",802.671375071104,10,,
Car 211,,,,,1,switch,,"Charger 1 (fid=308702) not available, trying Charger 5 (fid=73)",802.980361895032,5,,
Car 272,,,,19,,arrived,,arrived,803.6875189792975,,,
Car 229,63.0,308108,4,,,done,,done charging,803.7574932461667,,,206.4392863257446
Car 231,,308108,4,,,start_charge,,starting to charge at Charger 4 (fid=308108),803.7574932461667,,43.387132214355574,
Car 181,95.0,33,11,,,done,,done charging,803.8914152790028,,,457.8086778857243
Car 273,,,,66,,arrived,,arrived,804.1901487867057,,,
Car 248,,,,,10,switch,,"Charger 10 (fid=30) not available, trying Charger 14 (fid=34)",804.5877919183209,14,,
Car 255,,,,,7,switch,,"Charger 7 (fid=31) not available, trying Charger 5 (fid=73)",804.6712386571801,5,,
Car 268,,,,,19,switch,,"Charger 19 (fid=37) not available, trying Charger 5 (fid=73)",804.7112426009293,5,,
Car 274,,,,73,,arrived,,arrived,804.8832965382866,,,
Car 269,,,,,2,switch,,"Charger 2 (fid=307904) not available, trying Charger 3 (fid=307905)",805.004503281792,3,,
Car 270,,,,,2,switch,,"Charger 2 (fid=307904) not available, trying Charger 3 (fid=307905)",805.2953582016007,3,,
Car 260,,,,,2,switch,,"Charger 2 (fid=307904) not available, trying Charger 3 (fid=307905)",805.3125788730647,3,,
Car 253,,,,,17,switch,,"Charger 17 (fid=35) not available, trying Charger 19 (fid=37)",805.3610469044125,19,,
Car 265,,,,,19,switch,,"Charger 19 (fid=37) not available, trying Charger 13 (fid=5)",805.4570286165467,13,,
Car 233,,,,,15,switch,,"Charger 15 (fid=57) not available, trying Charger 2 (fid=307904)",806.4370878218807,2,,
Car 264,,,,,4,switch,,"Charger 4 (fid=308108) not available, trying Charger 6 (fid=60)",806.585738030289,6,,
Car 205,102.0,8,16,,,done,,done charging,806.629540151919,,,256.65922920030073
Car 240,,,,,15,switch,,"Charger 15 (fid=57) not available, trying Charger 4 (fid=308108)",806.7157699771124,4,,
Car 246,,,,,1,switch,,"Charger 1 (fid=308702) not available, trying Charger 7 (fid=31)",806.8349780136872,7,,
Car 237,,,,,19,switch,,"Charger 19 (fid=37) not available, trying Charger 2 (fid=307904)",807.1442363560933,2,,
Car 252,,,,,14,switch,,"Charger 14 (fid=34) not available, trying Charger 13 (fid=5)",807.2397613202239,13,,
Car 271,,,,,6,switch,,"Charger 6 (fid=60) not available, trying Charger 12 (fid=40)",807.3469557783353,12,,
Car 227,,,,,4,switch,,"Charger 4 (fid=308108) not available, trying Charger 1 (fid=308702)",807.3496823899563,1,,
Car 221,,,,,0,switch,,"Charger 0 (fid=308440) not available, trying Charger 11 (fid=33)",808.217788590848,11,,
Car 266,,,,,5,switch,,"Charger 5 (fid=73) not available, trying Charger 13 (fid=5)",808.4465148163813,13,,
Car 189,99.0,60,6,,,done,,done charging,808.5434707558662,,,366.3472643452464
Car 273,,60,6,,,start_charge,,starting to charge at Charger 6 (fid=60),808.5434707558662,,4.353321969160561,
Car 267,,,,,5,switch,,"Charger 5 (fid=73) not available, trying Charger 13 (fid=5)",808.6790836856695,13,,
Car 275,,,,37,,arrived,,arrived,808.6838801490612,,,
Car 272,,,,,0,switch,,"Charger 0 (fid=308440) not available, trying Charger 15 (fid=57)",808.6875189792975,15,,
Car 241,,,,,15,switch,,"Charger 15 (fid=57) not available, trying Charger 2 (fid=307904)",808.8427831884853,2,,
Car 245,,,,,12,switch,,"Charger 12 (fid=40) not available, trying Charger 15 (fid=57)",809.0043819076559,15,,
Car 257,,,,,17,switch,,"Charger 17 (fid=35) not available, trying Charger 4 (fid=308108)",809.5503768476127,4,,
Car 234,51.0,37,19,,,done,,done charging,809.5857305314704,,,256.65922920030073
Car 275,,37,19,,,start_charge,,starting to charge at Charger 19 (fid=37),809.5857305314704,,0.9018503824091795,
Car 248,,,,,14,switch,,"Charger 14 (fid=34) not available, trying Charger 15 (fid=57)",809.7745328292161,15,,
Car 274,,,,,5,switch,,"Charger 5 (fid=73) not available, trying Charger 19 (fid=37)",809.8832965382866,19,,
Car 269,,,,,3,switch,,"Charger 3 (fid=307905) not available, trying Charger 4 (fid=308108)",810.2681294633561,4,,
Car 270,,,,,3,switch,,"Charger 3 (fid=307905) not available, trying Charger 17 (fid=35)",810.5589843831648,17,,
Car 260,,,,,3,switch,,"Charger 3 (fid=307905) not available, trying Charger 15 (fid=57)",810.5762050546288,15,,
Car 268,,,,,5,switch,,"Charger 5 (fid=73) not available, trying Charger 13 (fid=5)",810.7859061991586,13,,
Car 262,,,,,4,switch,,"Charger 4 (fid=308108) not available, trying Charger 2 (fid=307904)",811.2750662911768,2,,
Car 228,49.0,307905,3,,,done,,done charging,811.2951626989765,,,298.0541214874614
Car 276,,,,25,,arrived,,arrived,811.3830139020059,,,
Car 276,,33,11,,,start_charge,,starting to charge at Charger 11 (fid=33),811.3830139020059,,0.0,
Car 239,,,,,17,switch,,"Charger 17 (fid=35) not available, trying Charger 0 (fid=308440)",811.472344009372,0,,
Car 242,,,,,10,switch,,"Charger 10 (fid=30) not available, trying Charger 6 (fid=60)",811.7782294787394,6,,
Car 211,,,,,5,switch,,"Charger 5 (fid=73) not available, trying Charger 19 (fid=37)",811.901433801975,19,,
Car 265,,,,,13,switch,,"Charger 13 (fid=5) not available, trying Charger 16 (fid=8)",812.2441312576653,16,,
Car 277,,,,90,,arrived,,arrived,812.2757270239092,,,
Car 246,,,,,7,switch,,"Charger 7 (fid=31) not available, trying Charger 13 (fid=5)",812.5383796126716,13,,
Car 278,,,,47,,arrived,,arrived,812.9090577943508,,,
Car 236,61.0,37,19,,,done,,done charging,813.8154757469187,,,159.66979172996065
Car 253,,37,19,,,start_charge,,starting to charge at Charger 19 (fid=37),813.8154757469187,,24.356264170988766,
Car 255,,,,,5,switch,,"Charger 5 (fid=73) not available, trying Charger 10 (fid=30)",813.930675940715,10,,
Car 271,,,,,12,switch,,"Charger 12 (fid=40) not available, trying Charger 16 (fid=8)",814.675297520138,16,,
Car 265,,8,16,,,start_charge,,starting to charge at Charger 16 (fid=8),815.179499197285,,15.0,
Car 279,,,,37,,arrived,,arrived,815.2275302817086,,,
Car 233,,,,,2,switch,,"Charger 2 (fid=307904) not available, trying Charger 3 (fid=307905)",815.4158260943267,3,,
Car 272,,,,,15,switch,,"Charger 15 (fid=57) not available, trying Charger 17 (fid=35)",815.4270932947605,17,,
Car 233,,307905,3,,,start_charge,,starting to charge at Charger 3 (fid=307905),815.6794522758908,,50.0,
Car 264,,,,,6,switch,,"Charger 6 (fid=60) not available, trying Charger 18 (fid=64)",815.8083063914677,18,,
Car 266,,,,,13,switch,,"Charger 13 (fid=5) not available, trying Charger 15 (fid=57)",815.911585902652,15,,
Car 274,,,,,19,switch,,"Charger 19 (fid=37) not available, trying Charger 13 (fid=5)",815.9579601365159,13,,
Car 267,,,,,13,switch,,"Charger 13 (fid=5) not available, trying Charger 15 (fid=57)",816.1441547719402,15,,
Car 252,,,,,13,switch,,"Charger 13 (fid=5) not available, trying Charger 0 (fid=308440)",816.5626584013829,0,,
Car 221,,,,,11,switch,,"Charger 11 (fid=33) not available, trying Charger 8 (fid=32)",816.9492674922836,8,,
Car 280,,,,11,,arrived,,arrived,817.2322864989931,,,
Car 277,,,,,9,switch,,"Charger 9 (fid=86) not available, trying Charger 4 (fid=308108)",817.2757270239092,4,,
Car 241,,,,,2,switch,,"Charger 2 (fid=307904) not available, trying Charger 3 (fid=307905)",817.8215214609313,3,,
Car 278,,,,,7,switch,,"Charger 7 (fid=31) not available, trying Charger 1 (fid=308702)",817.9090577943508,1,,
Car 211,,,,,19,switch,,"Charger 19 (fid=37) not available, trying Charger 11 (fid=33)",817.9760974002044,11,,
Car 237,,,,,2,switch,,"Charger 2 (fid=307904) not available, trying Charger 3 (fid=307905)",818.0979368555643,3,,
Car 268,,,,,13,switch,,"Charger 13 (fid=5) not available, trying Charger 15 (fid=57)",818.2509772854293,15,,
Car 240,,,,,4,switch,,"Charger 4 (fid=308108) not available, trying Charger 2 (fid=307904)",818.340724413264,2,,
Car 208,109.0,73,5,,,done,,done charging,818.4038645698165,,,238.6753192483992
Car 239,,,,,0,switch,,"Charger 0 (fid=308440) not available, trying Charger 1 (fid=308702)",818.4080842911383,1,,
Car 281,,,,37,,arrived,,arrived,818.4084719875934,,,
Car 270,,,,,17,switch,,"Charger 17 (fid=35) not available, trying Charger 15 (fid=57)",818.4108736730481,15,,
Car 269,,,,,4,switch,,"Charger 4 (fid=308108) not available, trying Charger 9 (fid=86)",818.7905993096083,9,,
Car 248,,,,,15,switch,,"Charger 15 (fid=57) not available, trying Charger 11 (fid=33)",818.9523743967493,11,,
Car 282,,,,31,,arrived,,arrived,819.3217118804838,,,
Car 245,,,,,15,switch,,"Charger 15 (fid=57) not available, trying Charger 11 (fid=33)",819.418398751019,11,,
Car 260,,,,,15,switch,,"Charger 15 (fid=57) not available, trying Charger 5 (fid=73)",819.5712801586956,5,,
Car 262,,,,,2,switch,,"Charger 2 (fid=307904) not available, trying Charger 3 (fid=307905)",819.7811993058082,3,,
Car 279,,,,,19,switch,,"Charger 19 (fid=37) not available, trying Charger 5 (fid=73)",820.2275302817086,5,,
Car 257,,,,,4,switch,,"Charger 4 (fid=308108) not available, trying Charger 18 (fid=64)",820.4713354239013,18,,
Car 227,,,,,1,switch,,"Charger 1 (fid=308702) not available, trying Charger 16 (fid=8)",820.7477585202037,16,,
Car 235,64.0,308440,0,,,done,,done charging,820.7558446661952,,,297.28972477152263
Car 215,106.0,64,18,,,done,,done charging,820.9247671427065,,,208.31217705370935
Car 264,,64,18,,,start_charge,,starting to charge at Charger 18 (fid=64),821.1982252109308,,15.0,
Car 279,,73,5,,,start_charge,,starting to charge at Charger 5 (fid=73),821.3021938799379,,5.0,
Car 246,,,,,13,switch,,"Charger 13 (fid=5) not available, trying Charger 10 (fid=30)",821.3318826333723,10,,
Car 272,,,,,17,switch,,"Charger 17 (fid=35) not available, trying Charger 7 (fid=31)",821.7966955506316,7,,
Car 283,,,,26,,arrived,,arrived,822.0794890556916,,,
Car 252,,308440,0,,,start_charge,,starting to charge at Charger 0 (fid=308440),822.1198417118501,,35.0,
Car 221,,,,,8,switch,,"Charger 8 (fid=32) not available, trying Charger 12 (fid=40)",822.2183661686322,12,,
Car 280,,,,,6,switch,,"Charger 6 (fid=60) not available, trying Charger 5 (fid=73)",822.2322864989931,5,,
Car 210,118.0,5,13,,,done,,done charging,822.551733349338,,,244.51614937031866
Car 274,,5,13,,,start_charge,,starting to charge at Charger 13 (fid=5),822.551733349338,,14.806670571703421,
Car 284,,,,63,,arrived,,arrived,822.7414591509745,,,
Car 241,,,,,3,switch,,"Charger 3 (fid=307905) not available, trying Charger 13 (fid=5)",823.0851476424954,13,,
Car 285,,,,61,,arrived,,arrived,823.1099653662924,,,
Car 242,,,,,6,switch,,"Charger 6 (fid=60) not available, trying Charger 14 (fid=34)",823.1394786620372,14,,
Car 237,,,,,3,switch,,"Charger 3 (fid=307905) not available, trying Charger 6 (fid=60)",823.3615630371283,6,,
Car 281,,,,,19,switch,,"Charger 19 (fid=37) not available, trying Charger 5 (fid=73)",823.4084719875934,5,,
Car 255,,,,,10,switch,,"Charger 10 (fid=30) not available, trying Charger 14 (fid=34)",823.5485444114993,14,,
Car 278,,,,,1,switch,,"Charger 1 (fid=308702) not available, trying Charger 11 (fid=33)",823.6124593933353,11,,
Car 251,50.0,307904,2,,,done,,done charging,823.6323161883774,,,141.62396092005628
Car 240,,307904,2,,,start_charge,,starting to charge at Charger 2 (fid=307904),823.6323161883774,,41.78545876048213,
Car 271,,,,,16,switch,,"Charger 16 (fid=8) not available, trying Charger 5 (fid=73)",823.9715575005753,5,,
Car 230,55.0,5,13,,,done,,done charging,824.2476692896042,,,248.5459157710051
Car 284,,5,13,,,start_charge,,starting to charge at Charger 13 (fid=5),824.2476692896042,,1.50621013862974,
Car 282,,,,,7,switch,,"Charger 7 (fid=31) not available, trying Charger 1 (fid=308702)",824.3217118804838,1,,
Car 277,,,,,4,switch,,"Charger 4 (fid=308108) not available, trying Charger 18 (fid=64)",824.6486570602798,18,,
Car 270,,,,,15,switch,,"Charger 15 (fid=57) not available, trying Charger 6 (fid=60)",824.7804759289191,6,,
Car 266,,,,,15,switch,,"Charger 15 (fid=57) not available, trying Charger 16 (fid=8)",824.9971712086018,16,,
Car 262,,,,,3,switch,,"Charger 3 (fid=307905) not available, trying Charger 18 (fid=64)",825.0448254873722,18,,
Car 267,,,,,15,switch,,"Charger 15 (fid=57) not available, trying Charger 16 (fid=8)",825.22974007789,16,,
Car 269,,,,,9,switch,,"Charger 9 (fid=86) not available, trying Charger 17 (fid=35)",826.1635293459789,17,,
Car 239,,,,,1,switch,,"Charger 1 (fid=308702) not available, trying Charger 7 (fid=31)",826.5185369185367,7,,
Car 283,,,,,11,switch,,"Charger 11 (fid=33) not available, trying Charger 8 (fid=32)",827.0794890556916,8,,
Car 257,,,,,18,switch,,"Charger 18 (fid=64) not available, trying Charger 15 (fid=57)",827.3122722157192,15,,
Car 268,,,,,15,switch,,"Charger 15 (fid=57) not available, trying Charger 16 (fid=8)",827.3365625913791,16,,
Car 286,,,,8,,arrived,,arrived,827.377389535547,,,
Car 260,,,,,5,switch,,"Charger 5 (fid=73) not available, trying Charger 12 (fid=40)",827.438163328098,12,,
Car 211,,,,,11,switch,,"Charger 11 (fid=33) not available, trying Charger 8 (fid=32)",827.6157719139161,8,,
Car 285,,,,,6,switch,,"Charger 6 (fid=60) not available, trying Charger 12 (fid=40)",828.1099653662924,12,,
Car 255,,,,,14,switch,,"Charger 14 (fid=34) not available, trying Charger 1 (fid=308702)",828.7352853223945,1,,
Car 248,,,,,11,switch,,"Charger 11 (fid=33) not available, trying Charger 8 (fid=32)",828.7590032924642,8,,
Car 245,,,,,11,switch,,"Charger 11 (fid=33) not available, trying Charger 8 (fid=32)",829.2250276467339,8,,
Car 281,,,,,5,switch,,"Charger 5 (fid=73) not available, trying Charger 13 (fid=5)",829.4831355858228,13,,
Car 282,,,,,1,switch,,"Charger 1 (fid=308702) not available, trying Charger 10 (fid=30)",830.0251134794682,10,,
Car 280,,,,,5,switch,,"Charger 5 (fid=73) not available, trying Charger 15 (fid=57)",830.2614755205126,15,,
Car 224,94.0,35,17,,,done,,done charging,830.3016696207814,,,266.5950435184171
Car 222,108.0,308108,4,,,done,,done charging,830.3104918155747,,,168.2675007779693
Car 278,,,,,11,switch,,"Charger 11 (fid=33) not available, trying Charger 8 (fid=32)",830.3740666676485,8,,
Car 246,,,,,10,switch,,"Charger 10 (fid=30) not available, trying Charger 6 (fid=60)",830.5837925546335,6,,
Car 227,,,,,16,switch,,"Charger 16 (fid=8) not available, trying Charger 13 (fid=5)",830.5969124441916,13,,
Car 250,54.0,34,14,,,done,,done charging,830.8683351291294,,,15.555517877574284
Car 242,,34,14,,,start_charge,,starting to charge at Charger 14 (fid=34),830.8683351291294,,46.29662012389679,
Car 272,,,,,7,switch,,"Charger 7 (fid=31) not available, trying Charger 10 (fid=30)",831.0024663603826,10,,
Car 183,72.0,30,10,,,done,,done charging,831.1844571133672,,,508.7379995875145
Car 282,,30,10,,,start_charge,,starting to charge at Charger 10 (fid=30),831.1844571133672,,10.097510847665035,
Car 277,,,,,18,switch,,"Charger 18 (fid=64) not available, trying Charger 2 (fid=307904)",831.4895938520976,2,,
Car 271,,,,,5,switch,,"Charger 5 (fid=73) not available, trying Charger 17 (fid=35)",831.8222836995006,17,,
Car 269,,35,17,,,start_charge,,starting to charge at Charger 17 (fid=35),831.8259553558801,,20.0,
Car 239,,,,,7,switch,,"Charger 7 (fid=31) not available, trying Charger 10 (fid=30)",832.2219385175212,10,,
Car 283,,,,,8,switch,,"Charger 8 (fid=32) not available, trying Charger 10 (fid=30)",832.3485877320402,10,,
Car 286,,,,,16,switch,,"Charger 16 (fid=8) not available, trying Charger 5 (fid=73)",832.377389535547,5,,
Car 237,,,,,6,switch,,"Charger 6 (fid=60) not available, trying Charger 11 (fid=33)",832.3800563814525,11,,
Car 211,,,,,8,switch,,"Charger 8 (fid=32) not available, trying Charger 16 (fid=8)",832.8848705902647,16,,
Car 270,,,,,6,switch,,"Charger 6 (fid=60) not available, trying Charger 0 (fid=308440)",833.6718068542798,0,,
Car 248,,,,,8,switch,,"Charger 8 (fid=32) not available, trying Charger 5 (fid=73)",834.0281019688127,5,,
Car 287,,,,34,,arrived,,arrived,834.1626090371599,,,
Car 266,,,,,16,switch,,"Charger 16 (fid=8) not available, trying Charger 1 (fid=308702)",834.1899116461891,1,,
Car 262,,,,,18,switch,,"Charger 18 (fid=64) not available, trying Charger 16 (fid=8)",834.3272530131288,16,,
Car 267,,,,,16,switch,,"Charger 16 (fid=8) not available, trying Charger 1 (fid=308702)",834.4224805154773,1,,
Car 245,,,,,8,switch,,"Charger 8 (fid=32) not available, trying Charger 17 (fid=35)",834.4941263230825,17,,
Car 214,98.0,86,9,,,done,,done charging,834.5817674878593,,,529.264141556568
Car 219,45.0,40,12,,,done,,done charging,834.8193568390719,,,378.8340361909932
Car 285,,40,12,,,start_charge,,starting to charge at Charger 12 (fid=40),834.8193568390719,,9.381049730976883,
Car 255,,,,,1,switch,,"Charger 1 (fid=308702) not available, trying Charger 19 (fid=37)",834.868105268526,19,,
Car 241,,,,,13,switch,,"Charger 13 (fid=5) not available, trying Charger 0 (fid=308440)",835.2647913144173,0,,
Car 199,119.0,308702,1,,,done,,done charging,835.289105500507,,,376.13325715414004
Car 278,,,,,8,switch,,"Charger 8 (fid=32) not available, trying Charger 10 (fid=30)",835.6431653439971,10,,
Car 221,,,,,12,switch,,"Charger 12 (fid=40) not available, trying Charger 2 (fid=307904)",835.8188672575409,2,,
Car 268,,,,,16,switch,,"Charger 16 (fid=8) not available, trying Charger 1 (fid=308702)",836.5293030289664,1,,
Car 272,,,,,10,switch,,"Charger 10 (fid=30) not available, trying Charger 14 (fid=34)",836.8271526111865,14,,
Car 281,,,,,13,switch,,"Charger 13 (fid=5) not available, trying Charger 15 (fid=57)",836.9482066720934,15,,
Car 260,,,,,12,switch,,"Charger 12 (fid=40) not available, trying Charger 0 (fid=308440)",836.985990893416,0,,
Car 244,61.0,34,14,,,done,,done charging,836.9989695850978,,,74.60959511144426
Car 272,,34,14,,,start_charge,,starting to charge at Charger 14 (fid=34),837.0138935220817,,25.0,
Car 239,,,,,10,switch,,"Charger 10 (fid=30) not available, trying Charger 14 (fid=34)",838.046624768325,14,,
Car 280,,,,,15,switch,,"Charger 15 (fid=57) not available, trying Charger 19 (fid=37)",838.128358689915,19,,
Car 283,,,,,10,switch,,"Charger 10 (fid=30) not available, trying Charger 14 (fid=34)",838.1809074706462,14,,
Car 220,83.0,31,7,,,done,,done charging,838.4345324708488,,,266.187299054375
Car 227,,,,,13,switch,,"Charger 13 (fid=5) not available, trying Charger 7 (fid=31)",838.5322803838113,7,,
Car 288,,,,5,,arrived,,arrived,838.9148442075183,,,
Car 266,,308702,1,,,start_charge,,starting to charge at Charger 1 (fid=308702),839.0390655701771,,25.0,
Car 287,,,,,17,switch,,"Charger 17 (fid=35) not available, trying Charger 15 (fid=57)",839.1626090371599,15,,
Car 232,90.0,33,11,,,done,,done charging,839.7355778467429,,,192.55290942528595
Car 237,,33,11,,,start_charge,,starting to charge at Charger 11 (fid=33),839.7355778467429,,60.29449779391314,
Car 225,52.0,31,7,,,done,,done charging,839.750693720416,,,321.906601654501
Car 257,,,,,15,switch,,"Charger 15 (fid=57) not available, trying Charger 6 (fid=60)",839.8788805076438,6,,
Car 286,,,,,5,switch,,"Charger 5 (fid=73) not available, trying Charger 13 (fid=5)",840.2281157344723,13,,
Car 289,,,,78,,arrived,,arrived,840.4710603198752,,,
Car 271,,,,,17,switch,,"Charger 17 (fid=35) not available, trying Charger 19 (fid=37)",840.7160906524864,19,,
Car 277,,,,,2,switch,,"Charger 2 (fid=307904) not available, trying Charger 3 (fid=307905)",840.7556845462335,3,,
Car 278,,,,,10,switch,,"Charger 10 (fid=30) not available, trying Charger 14 (fid=34)",841.4754850826031,14,,
Car 246,,,,,6,switch,,"Charger 6 (fid=60) not available, trying Charger 14 (fid=34)",841.9450417379313,14,,
Car 227,,31,7,,,start_charge,,starting to charge at Charger 7 (fid=31),842.325783404512,,65.0,
Car 255,,,,,19,switch,,"Charger 19 (fid=37) not available, trying Charger 2 (fid=307904)",843.111208730317,2,,
Car 239,,,,,14,switch,,"Charger 14 (fid=34) not available, trying Charger 4 (fid=308108)",843.2333656792202,4,,
Car 270,,,,,0,switch,,"Charger 0 (fid=308440) not available, trying Charger 9 (fid=86)",843.2996423865367,9,,
Car 283,,,,,14,switch,,"Charger 14 (fid=34) not available, trying Charger 7 (fid=31)",843.3676483815414,7,,
Car 238,89.0,57,15,,,done,,done charging,843.4952972505656,,,82.45189354404042
Car 287,,57,15,,,start_charge,,starting to charge at Charger 15 (fid=57),843.4952972505656,,7.963085957534645,
Car 290,,,,54,,arrived,,arrived,843.669369392758,,,
Car 211,,,,,16,switch,,"Charger 16 (fid=8) not available, trying Charger 13 (fid=5)",843.7251115050962,13,,
Car 288,,,,,13,switch,,"Charger 13 (fid=5) not available, trying Charger 19 (fid=37)",843.9148442075183,19,,
Car 291,,,,74,,arrived,,arrived,843.9500806366381,,,
Car 283,,31,7,,,start_charge,,starting to charge at Charger 7 (fid=31),844.263321792243,,20.0,
Car 267,,,,,1,switch,,"Charger 1 (fid=308702) not available, trying Charger 6 (fid=60)",844.2716344394653,6,,
Car 248,,,,,5,switch,,"Charger 5 (fid=73) not available, trying Charger 16 (fid=8)",844.3625364272054,16,,
Car 245,,,,,17,switch,,"Charger 17 (fid=35) not available, trying Charger 7 (fid=31)",844.5748614418297,7,,
Car 292,,,,38,,arrived,,arrived,845.0801741472067,,,
Car 221,,,,,2,switch,,"Charger 2 (fid=307904) not available, trying Charger 3 (fid=307905)",845.3334598473385,3,,
Car 289,,,,,16,switch,,"Charger 16 (fid=8) not available, trying Charger 5 (fid=73)",845.4710603198752,5,,
Car 177,90.0,86,9,,,done,,done charging,845.6474746311,,,632.6239981168276
Car 241,,,,,0,switch,,"Charger 0 (fid=308440) not available, trying Charger 4 (fid=308108)",845.8219746248844,4,,
Car 243,82.0,60,6,,,done,,done charging,845.9185956662984,,,158.42291775123473
Car 257,,60,6,,,start_charge,,starting to charge at Charger 6 (fid=60),845.9185956662984,,37.148384233293996,
Car 293,,,,91,,arrived,,arrived,845.964020294322,,,
Car 293,,86,9,,,start_charge,,starting to charge at Charger 9 (fid=86),845.964020294322,,0.0,
Car 277,,,,,3,switch,,"Charger 3 (fid=307905) not available, trying Charger 17 (fid=35)",846.0193107277976,17,,
Car 281,,,,,15,switch,,"Charger 15 (fid=57) not available, trying Charger 16 (fid=8)",846.0337919780433,16,,
Car 280,,,,,19,switch,,"Charger 19 (fid=37) not available, trying Charger 17 (fid=35)",846.124897416507,17,,
Car 268,,,,,1,switch,,"Charger 1 (fid=308702) not available, trying Charger 6 (fid=60)",846.3784569529544,6,,
Car 278,,,,,14,switch,,"Charger 14 (fid=34) not available, trying Charger 13 (fid=5)",846.6622259934983,13,,
Car 262,,,,,16,switch,,"Charger 16 (fid=8) not available, trying Charger 5 (fid=73)",847.1467661191488,5,,
Car 286,,,,,13,switch,,"Charger 13 (fid=5) not available, trying Charger 19 (fid=37)",847.693186820743,19,,
Car 260,,,,,0,switch,,"Charger 0 (fid=308440) not available, trying Charger 19 (fid=37)",848.1365123436753,19,,
Car 290,,,,,15,switch,,"Charger 15 (fid=57) not available, trying Charger 17 (fid=35)",848.669369392758,17,,
Car 291,,,,,2,switch,,"Charger 2 (fid=307904) not available, trying Charger 3 (fid=307905)",848.9500806366381,3,,
Car 254,72.0,308440,0,,,done,,done charging,849.7934721081998,,,134.48637214973084
Car 271,,,,,19,switch,,"Charger 19 (fid=37) not available, trying Charger 15 (fid=57)",849.8142553240037,15,,
Car 292,,,,,13,switch,,"Charger 13 (fid=5) not available, trying Charger 19 (fid=37)",850.0801741472067,19,,
Car 270,,86,9,,,start_charge,,starting to charge at Charger 9 (fid=86),850.4630034370686,,30.0,
Car 221,,,,,3,switch,,"Charger 3 (fid=307905) not available, trying Charger 4 (fid=308108)",850.5970860289026,4,,
Car 288,,,,,19,switch,,"Charger 19 (fid=37) not available, trying Charger 5 (fid=73)",850.7019468486369,5,,
Car 259,55.0,30,10,,,done,,done charging,851.1736012051559,,,100.65933113698794
Car 211,,,,,,gave_up,13,"no alternate charger available, gave up",851.6604794447159,,,
Car 249,69.0,32,8,,,done,,done charging,852.0298459910722,,,137.79977047765595
Car 248,,,,,16,switch,,"Charger 16 (fid=8) not available, trying Charger 17 (fid=35)",852.2132626261308,17,,
Car 239,,308108,4,,,start_charge,,starting to charge at Charger 4 (fid=308108),852.3992255332066,,65.0,
Car 176,66.0,32,8,,,done,,done charging,853.2397269096291,,,549.1589009886117
Car 289,,,,,5,switch,,"Charger 5 (fid=73) not available, trying Charger 13 (fid=5)",853.3217865188005,13,,
Car 246,,,,,14,switch,,"Charger 14 (fid=34) not available, trying Charger 16 (fid=8)",853.3772780811267,16,,
Car 245,,,,,7,switch,,"Charger 7 (fid=31) not available, trying Charger 0 (fid=308440)",853.7806322515808,0,,
Car 277,,,,,17,switch,,"Charger 17 (fid=35) not available, trying Charger 12 (fid=40)",853.8712000176808,12,,
Car 255,,,,,2,switch,,"Charger 2 (fid=307904) not available, trying Charger 3 (fid=307905)",854.064909229788,3,,
Car 291,,,,,3,switch,,"Charger 3 (fid=307905) not available, trying Charger 17 (fid=35)",854.2137068182021,17,,
Car 286,,,,,19,switch,,"Charger 19 (fid=37) not available, trying Charger 6 (fid=60)",854.4802894618616,6,,
Car 267,,,,,6,switch,,"Charger 6 (fid=60) not available, trying Charger 7 (fid=31)",854.9360870589218,7,,
Car 262,,,,,5,switch,,"Charger 5 (fid=73) not available, trying Charger 17 (fid=35)",854.9974923180741,17,,
Car 290,,,,,17,switch,,"Charger 17 (fid=35) not available, trying Charger 0 (fid=308440)",855.0389716486291,0,,
Car 280,,,,,17,switch,,"Charger 17 (fid=35) not available, trying Charger 0 (fid=308440)",855.2230620880243,0,,
Car 281,,,,,16,switch,,"Charger 16 (fid=8) not available, trying Charger 1 (fid=308702)",855.2265324156306,1,,
Car 278,,,,,13,switch,,"Charger 13 (fid=5) not available, trying Charger 19 (fid=37)",855.9851230746573,19,,
Car 245,,308440,0,,,start_charge,,starting to charge at Charger 0 (fid=308440),856.6539383435492,,55.0,
Car 288,,,,,5,switch,,"Charger 5 (fid=73) not available, trying Charger 16 (fid=8)",856.7766104468662,16,,
Car 292,,,,,19,switch,,"Charger 19 (fid=37) not available, trying Charger 1 (fid=308702)",856.8672767883253,1,,
Car 223,83.0,8,16,,,done,,done charging,856.9423792917988,,,362.68662890728336
Car 268,,,,,6,switch,,"Charger 6 (fid=60) not available, trying Charger 7 (fid=31)",857.0429095724108,7,,
Car 260,,,,,19,switch,,"Charger 19 (fid=37) not available, trying Charger 4 (fid=308108)",857.6046490747846,4,,
Car 271,,,,,15,switch,,"Charger 15 (fid=57) not available, trying Charger 4 (fid=308108)",857.8107940505957,4,,
Car 294,,,,40,,arrived,,arrived,858.1141869731614,,,
Car 241,,,,,4,switch,,"Charger 4 (fid=308108) not available, trying Charger 1 (fid=308702)",858.1834336679323,1,,
Car 246,,8,16,,,start_charge,,starting to charge at Charger 16 (fid=8),858.9942157288538,,55.0,
Car 221,,,,,4,switch,,"Charger 4 (fid=308108) not available, trying Charger 18 (fid=64)",859.1195558751548,18,,
Car 255,,,,,3,switch,,"Charger 3 (fid=307905) not available, trying Charger 6 (fid=60)",859.328535411352,6,,
Car 276,48.0,33,11,,,done,,done charging,859.3830139020059,,,93.27311780657354
Car 295,,,,11,,arrived,,arrived,860.6190956194661,,,
Car 289,,,,,13,switch,,"Charger 13 (fid=5) not available, trying Charger 6 (fid=60)",860.7868576050712,6,,
Car 290,,,,,0,switch,,"Charger 0 (fid=308440) not available, trying Charger 5 (fid=73)",861.9747119303953,5,,
Car 291,,,,,17,switch,,"Charger 17 (fid=35) not available, trying Charger 0 (fid=308440)",862.0655961080854,0,,
Car 280,,,,,0,switch,,"Charger 0 (fid=308440) not available, trying Charger 16 (fid=8)",862.1588023697906,16,,
Car 247,69.0,35,17,,,done,,done charging,862.2176665788382,,,243.73406299681753
Car 248,,35,17,,,start_charge,,starting to charge at Charger 17 (fid=35),862.2176665788382,,59.784739731536774,
Car 296,,,,57,,arrived,,arrived,862.5342807797127,,,
Car 278,,,,,19,switch,,"Charger 19 (fid=37) not available, trying Charger 0 (fid=308440)",862.7722257157759,0,,
Car 286,,,,,6,switch,,"Charger 6 (fid=60) not available, trying Charger 15 (fid=57)",862.8333974430133,15,,
Car 294,,,,,12,switch,,"Charger 12 (fid=40) not available, trying Charger 6 (fid=60)",863.1141869731614,6,,
Car 277,,,,,12,switch,,"Charger 12 (fid=40) not available, trying Charger 6 (fid=60)",863.6793539035351,6,,
Car 262,,,,,17,switch,,"Charger 17 (fid=35) not available, trying Charger 19 (fid=37)",863.8912992710599,19,,
Car 288,,,,,16,switch,,"Charger 16 (fid=8) not available, trying Charger 1 (fid=308702)",864.6273366457916,1,,
Car 281,,,,,1,switch,,"Charger 1 (fid=308702) not available, trying Charger 6 (fid=60)",865.0756863396185,6,,
Car 292,,,,,1,switch,,"Charger 1 (fid=308702) not available, trying Charger 5 (fid=73)",865.1103802501162,5,,
Car 297,,,,60,,arrived,,arrived,865.5921194126418,,,
Car 295,,,,,6,switch,,"Charger 6 (fid=60) not available, trying Charger 5 (fid=73)",865.6190956194661,5,,
Car 267,,,,,7,switch,,"Charger 7 (fid=31) not available, trying Charger 10 (fid=30)",865.9389050549701,10,,
Car 221,,,,,18,switch,,"Charger 18 (fid=64) not available, trying Charger 9 (fid=86)",865.9604926669726,9,,
Car 267,,30,10,,,start_charge,,starting to charge at Charger 10 (fid=30),866.763591305774,,40.0,
Car 296,,,,,15,switch,,"Charger 15 (fid=57) not available, trying Charger 17 (fid=35)",867.5342807797127,17,,
Car 231,64.0,308108,4,,,done,,done charging,867.7574932461667,,,467.88823501750625
Car 260,,308108,4,,,start_charge,,starting to charge at Charger 4 (fid=308108),867.7574932461667,,48.59583423106528,
Car 268,,,,,7,switch,,"Charger 7 (fid=31) not available, trying Charger 10 (fid=30)",868.0457275684591,10,,
Car 255,,,,,6,switch,,"Charger 6 (fid=60) not available, trying Charger 11 (fid=33)",868.3470287556762,11,,
Car 298,,,,63,,arrived,,arrived,868.4402790682378,,,
Car 299,,,,26,,arrived,,arrived,868.7451911491191,,,
Car 291,,,,,0,switch,,"Charger 0 (fid=308440) not available, trying Charger 9 (fid=86)",869.0013363898516,9,,
Car 264,48.0,64,18,,,done,,done charging,869.1982252109308,,,320.3154548593502
Car 271,,,,,4,switch,,"Charger 4 (fid=308108) not available, trying Charger 2 (fid=307904)",869.4357484867473,2,,
Car 252,48.0,308440,0,,,done,,done charging,870.1198417118501,,,318.63512853300523
Car 278,,308440,0,,,start_charge,,starting to charge at Charger 0 (fid=308440),870.1198417118501,,42.87947926496497,
Car 289,,,,,6,switch,,"Charger 6 (fid=60) not available, trying Charger 19 (fid=37)",870.3907815147546,19,,
Car 294,,,,,6,switch,,"Charger 6 (fid=60) not available, trying Charger 4 (fid=308108)",870.442528714964,4,,
Car 297,,,,,6,switch,,"Charger 6 (fid=60) not available, trying Charger 12 (fid=40)",870.5921194126418,12,,
Car 277,,,,,6,switch,,"Charger 6 (fid=60) not available, trying Charger 15 (fid=57)",871.0076956453378,15,,
Car 290,,,,,5,switch,,"Charger 5 (fid=73) not available, trying Charger 19 (fid=37)",871.238490942973,19,,
Car 241,,,,,1,switch,,"Charger 1 (fid=308702) not available, trying Charger 18 (fid=64)",871.5815097981796,18,,
Car 286,,,,,15,switch,,"Charger 15 (fid=57) not available, trying Charger 12 (fid=40)",871.7247283683739,12,,
Car 280,,,,,16,switch,,"Charger 16 (fid=8) not available, trying Charger 12 (fid=40)",872.7484386505531,12,,
Car 262,,,,,19,switch,,"Charger 19 (fid=37) not available, trying Charger 9 (fid=86)",872.9894639425772,9,,
Car 298,,,,,13,switch,,"Charger 13 (fid=5) not available, trying Charger 16 (fid=8)",873.4402790682378,16,,
Car 221,,,,,,gave_up,9,"no alternate charger available, gave up",873.5435044193229,,,
Car 295,,,,,5,switch,,"Charger 5 (fid=73) not available, trying Charger 15 (fid=57)",873.6482846409856,15,,
Car 299,,,,,0,switch,,"Charger 0 (fid=308440) not available, trying Charger 17 (fid=35)",873.7451911491191,17,,
Car 268,,,,,10,switch,,"Charger 10 (fid=30) not available, trying Charger 14 (fid=34)",873.870413819263,14,,
Car 296,,,,,17,switch,,"Charger 17 (fid=35) not available, trying Charger 0 (fid=308440)",873.9038830355838,0,,
Car 292,,,,,5,switch,,"Charger 5 (fid=73) not available, trying Charger 7 (fid=31)",874.0314521570592,7,,
Car 288,,,,,1,switch,,"Charger 1 (fid=308702) not available, trying Charger 7 (fid=31)",874.4764905697796,7,,
Car 255,,33,11,,,start_charge,,starting to charge at Charger 11 (fid=33),875.4080524270535,,60.0,
Car 240,52.0,307904,2,,,done,,done charging,875.6323161883774,,,470.84296197949635
Car 271,,307904,2,,,start_charge,,starting to charge at Charger 2 (fid=307904),875.6323161883774,,42.69043468699874,
Car 281,,,,,6,switch,,"Charger 6 (fid=60) not available, trying Charger 7 (fid=31)",875.740138959075,7,,
Car 290,,,,,19,switch,,"Charger 19 (fid=37) not available, trying Charger 1 (fid=308702)",877.3131545412024,1,,
Car 300,,,,63,,arrived,,arrived,877.6045228084121,,,
Car 297,,,,,12,switch,,"Charger 12 (fid=40) not available, trying Charger 5 (fid=73)",877.9204611544444,5,,
Car 301,,,,6,,arrived,,arrived,878.3327110500284,,,
Car 289,,,,,19,switch,,"Charger 19 (fid=37) not available, trying Charger 12 (fid=40)",878.7438894959063,12,,
Car 268,,,,,14,switch,,"Charger 14 (fid=34) not available, trying Charger 17 (fid=35)",879.0571547301582,17,,
Car 273,71.0,60,6,,,done,,done charging,879.5434707558662,,,266.02273493089154
Car 301,,60,6,,,start_charge,,starting to charge at Charger 6 (fid=60),879.5434707558662,,1.2107597058378587,
Car 294,,,,,4,switch,,"Charger 4 (fid=308108) not available, trying Charger 16 (fid=8)",879.6650970761427,16,,
Car 277,,,,,15,switch,,"Charger 15 (fid=57) not available, trying Charger 0 (fid=308440)",879.8990265706984,0,,
Car 288,,,,,7,switch,,"Charger 7 (fid=31) not available, trying Charger 11 (fid=33)",880.179892168764,11,,
Car 299,,,,,17,switch,,"Charger 17 (fid=35) not available, trying Charger 15 (fid=57)",880.6809314308854,15,,
Car 296,,,,,0,switch,,"Charger 0 (fid=308440) not available, trying Charger 5 (fid=73)",880.8396233173501,5,,
Car 241,,64,18,,,start_charge,,starting to charge at Charger 18 (fid=64),880.9212397842,,65.0,
Car 291,,,,,9,switch,,"Charger 9 (fid=86) not available, trying Charger 15 (fid=57)",881.1646974403835,15,,
Car 298,,,,,16,switch,,"Charger 16 (fid=8) not available, trying Charger 19 (fid=37)",881.3756470078575,19,,
Car 295,,,,,15,switch,,"Charger 15 (fid=57) not available, trying Charger 19 (fid=37)",881.515167810388,19,,
Car 302,,,,1,,arrived,,arrived,881.9757174690371,,,
Car 280,,,,,12,switch,,"Charger 12 (fid=40) not available, trying Charger 13 (fid=5)",882.0446986309904,13,,
Car 286,,,,,12,switch,,"Charger 12 (fid=40) not available, trying Charger 1 (fid=308702)",882.138745211737,1,,
Car 274,60.0,5,13,,,done,,done charging,882.551733349338,,,205.3404214863495
Car 300,,5,13,,,start_charge,,starting to charge at Charger 13 (fid=5),882.551733349338,,4.94721054092588,
Car 292,,,,,7,switch,,"Charger 7 (fid=31) not available, trying Charger 11 (fid=33)",883.2908894405941,11,,
Car 303,,,,46,,arrived,,arrived,884.0850594731169,,,
Car 304,,,,33,,arrived,,arrived,884.9921743069851,,,
Car 290,,,,,1,switch,,"Charger 1 (fid=308702) not available, trying Charger 7 (fid=31)",885.5562580029933,7,,
Car 216,94.0,64,18,,,done,,done charging,885.7471281558671,,,486.58098900254646
Car 262,,,,,9,switch,,"Charger 9 (fid=86) not available, trying Charger 15 (fid=57)",886.3477238140554,15,,
Car 277,,,,,0,switch,,"Charger 0 (fid=308440) not available, trying Charger 5 (fid=73)",886.6386008861615,5,,
Car 288,,,,,11,switch,,"Charger 11 (fid=33) not available, trying Charger 8 (fid=32)",886.7043529076474,8,,
Car 281,,,,,7,switch,,"Charger 7 (fid=31) not available, trying Charger 10 (fid=30)",886.7429569551233,10,,
Car 288,,32,8,,,start_charge,,starting to charge at Charger 8 (fid=32),886.9734515839959,,35.0,
Car 302,,,,,2,switch,,"Charger 2 (fid=307904) not available, trying Charger 3 (fid=307905)",886.9757174690371,3,,
Car 299,,,,,15,switch,,"Charger 15 (fid=57) not available, trying Charger 2 (fid=307904)",887.0505336867565,2,,
Car 297,,,,,5,switch,,"Charger 5 (fid=73) not available, trying Charger 17 (fid=35)",887.4682887197624,17,,
Car 268,,,,,17,switch,,"Charger 17 (fid=35) not available, trying Charger 0 (fid=308440)",888.4923110211948,0,,
Car 289,,,,,12,switch,,"Charger 12 (fid=40) not available, trying Charger 15 (fid=57)",888.6156360208564,15,,
Car 303,,,,,1,switch,,"Charger 1 (fid=308702) not available, trying Charger 7 (fid=31)",889.0850594731169,7,,
Car 298,,,,,19,switch,,"Charger 19 (fid=37) not available, trying Charger 5 (fid=73)",889.4567902155442,5,,
Car 295,,,,,19,switch,,"Charger 19 (fid=37) not available, trying Charger 17 (fid=35)",889.51170653698,17,,
Car 292,,,,,11,switch,,"Charger 11 (fid=33) not available, trying Charger 8 (fid=32)",889.8153501794775,8,,
Car 304,,,,,17,switch,,"Charger 17 (fid=35) not available, trying Charger 15 (fid=57)",889.9921743069851,15,,
Car 292,,32,8,,,start_charge,,starting to charge at Charger 8 (fid=32),890.084448855826,,30.0,
Car 296,,,,,5,switch,,"Charger 5 (fid=73) not available, trying Charger 19 (fid=37)",890.1034023299278,19,,
Car 305,,,,8,,arrived,,arrived,890.4508999576603,,,
Car 290,,,,,7,switch,,"Charger 7 (fid=31) not available, trying Charger 13 (fid=5)",891.2596596019778,13,,
Car 294,,,,,16,switch,,"Charger 16 (fid=8) not available, trying Charger 2 (fid=307904)",891.3398108293508,2,,
Car 275,82.0,37,19,,,done,,done charging,891.5857305314704,,,33.04470625133857
Car 296,,37,19,,,start_charge,,starting to charge at Charger 19 (fid=37),891.5857305314704,,20.407664603313265,
Car 302,,,,,3,switch,,"Charger 3 (fid=307905) not available, trying Charger 4 (fid=308108)",892.2393436506012,4,,
Car 281,,,,,10,switch,,"Charger 10 (fid=30) not available, trying Charger 14 (fid=34)",892.5676432059272,14,,
Car 291,,,,,15,switch,,"Charger 15 (fid=57) not available, trying Charger 6 (fid=60)",892.9703092644681,6,,
Car 280,,,,,13,switch,,"Charger 13 (fid=5) not available, trying Charger 2 (fid=307904)",893.1672610844723,2,,
Car 306,,,,77,,arrived,,arrived,893.6639866928745,,,
Car 266,55.0,308702,1,,,done,,done charging,894.0390655701771,,,270.1505183671852
Car 286,,308702,1,,,start_charge,,starting to charge at Charger 1 (fid=308702),894.0390655701771,,39.71318182098105,
Car 307,,,,9,,arrived,,arrived,894.5194532638068,,,
Car 303,,,,,7,switch,,"Charger 7 (fid=31) not available, trying Charger 13 (fid=5)",894.7884610721013,13,,
Car 308,,,,77,,arrived,,arrived,895.1813306658967,,,
Car 268,,,,,0,switch,,"Charger 0 (fid=308440) not available, trying Charger 11 (fid=33)",895.4280513029611,11,,
Car 305,,,,,16,switch,,"Charger 16 (fid=8) not available, trying Charger 5 (fid=73)",895.4508999576603,5,,
Car 298,,,,,5,switch,,"Charger 5 (fid=73) not available, trying Charger 1 (fid=308702)",895.5314538137735,1,,
Car 277,,,,,5,switch,,"Charger 5 (fid=73) not available, trying Charger 19 (fid=37)",895.9023798987392,19,,
Car 293,50.0,86,9,,,done,,done charging,895.964020294322,,,102.33951502200442
Car 299,,,,,2,switch,,"Charger 2 (fid=307904) not available, trying Charger 3 (fid=307905)",896.0292719592024,3,,
Car 261,98.0,40,12,,,done,,done charging,896.2646654372026,,,197.85603733348984
Car 304,,,,,15,switch,,"Charger 15 (fid=57) not available, trying Charger 0 (fid=308440)",896.3617765628562,0,,
Car 297,,,,,17,switch,,"Charger 17 (fid=35) not available, trying Charger 19 (fid=37)",896.3620956727482,19,,
Car 237,58.0,33,11,,,done,,done charging,897.7355778467429,,,367.7324713327458
Car 281,,,,,14,switch,,"Charger 14 (fid=34) not available, trying Charger 17 (fid=35)",897.7543841168224,17,,
Car 262,,,,,15,switch,,"Charger 15 (fid=57) not available, trying Charger 13 (fid=5)",898.15333563814,13,,
Car 309,,,,24,,arrived,,arrived,898.4736312887817,,,
Car 309,,33,11,,,start_charge,,starting to charge at Charger 11 (fid=33),898.4736312887817,,0.0,
Car 310,,,,76,,arrived,,arrived,898.5737674589434,,,
Car 310,,86,9,,,start_charge,,starting to charge at Charger 9 (fid=86),898.5737674589434,,0.0,
Car 295,,,,,17,switch,,"Charger 17 (fid=35) not available, trying Charger 0 (fid=308440)",898.6098712084973,0,,
Car 306,,,,,6,switch,,"Charger 6 (fid=60) not available, trying Charger 12 (fid=40)",898.6639866928745,12,,
Car 269,67.0,35,17,,,done,,done charging,898.8259553558801,,,314.71711858099593
Car 289,,,,,15,switch,,"Charger 15 (fid=57) not available, trying Charger 11 (fid=33)",899.0296528642195,11,,
Car 256,98.0,73,5,,,done,,done charging,899.280032756619,,,192.755012807443
Car 305,,73,5,,,start_charge,,starting to charge at Charger 5 (fid=73),899.280032756619,,5.978406600033281,
Car 307,,,,,16,switch,,"Charger 16 (fid=8) not available, trying Charger 5 (fid=73)",899.5194532638068,5,,
Car 263,100.0,57,15,,,done,,done charging,900.0135341211515,,,153.1572409882213
Car 272,63.0,34,14,,,done,,done charging,900.0138935220817,,,255.14329268302882
Car 290,,,,,13,switch,,"Charger 13 (fid=5) not available, trying Charger 10 (fid=30)",900.0531626226784,10,,
Car 308,,,,,6,switch,,"Charger 6 (fid=60) not available, trying Charger 12 (fid=40)",900.1813306658967,12,,
Car 302,,,,,4,switch,,"Charger 4 (fid=308108) not available, trying Charger 9 (fid=86)",900.7618134968534,9,,
Car 306,,40,12,,,start_charge,,starting to charge at Charger 12 (fid=40),900.9923284346771,,5.0,
Car 265,86.0,8,16,,,done,,done charging,901.179499197285,,,237.46549237048123
Car 299,,,,,3,switch,,"Charger 3 (fid=307905) not available, trying Charger 7 (fid=31)",901.2928981407665,7,,
Car 291,,,,,6,switch,,"Charger 6 (fid=60) not available, trying Charger 4 (fid=308108)",901.8616401898288,4,,
Car 277,,,,,19,switch,,"Charger 19 (fid=37) not available, trying Charger 16 (fid=8)",901.9770434969686,16,,
Car 281,,35,17,,,start_charge,,starting to charge at Charger 17 (fid=35),902.189540407859,,50.0,
Car 285,68.0,40,12,,,done,,done charging,902.8193568390719,,,192.19000550955928
Car 308,,40,12,,,start_charge,,starting to charge at Charger 12 (fid=40),902.8193568390719,,5.309684431372602,
Car 304,,,,,0,switch,,"Charger 0 (fid=308440) not available, trying Charger 2 (fid=307904)",903.1013508783193,2,,
Car 294,,,,,2,switch,,"Charger 2 (fid=307904) not available, trying Charger 3 (fid=307905)",903.2894780297319,3,,
Car 303,,,,,13,switch,,"Charger 13 (fid=5) not available, trying Charger 19 (fid=37)",903.581964092802,19,,
Car 311,,,,15,,arrived,,arrived,903.8314769366298,,,
Car 268,,,,,11,switch,,"Charger 11 (fid=33) not available, trying Charger 8 (fid=32)",904.1595302043967,8,,
Car 298,,,,,1,switch,,"Charger 1 (fid=308702) not available, trying Charger 7 (fid=31)",904.4525257207165,7,,
Car 257,59.0,60,6,,,done,,done charging,904.9185956662984,,,414.35119134958745
Car 277,,8,16,,,start_charge,,starting to charge at Charger 16 (fid=8),905.0581867046552,,60.0,
Car 280,,,,,2,switch,,"Charger 2 (fid=307904) not available, trying Charger 3 (fid=307905)",905.3305679247735,3,,
Car 297,,,,,19,switch,,"Charger 19 (fid=37) not available, trying Charger 16 (fid=8)",905.4602603442655,16,,
Car 295,,,,,0,switch,,"Charger 0 (fid=308440) not available, trying Charger 16 (fid=8)",905.5456114902636,16,,
Car 312,,,,37,,arrived,,arrived,907.1346171932313,,,
Car 262,,,,,13,switch,,"Charger 13 (fid=5) not available, trying Charger 0 (fid=308440)",907.2389209440898,0,,
Car 307,,,,,5,switch,,"Charger 5 (fid=73) not available, trying Charger 19 (fid=37)",907.3701794627322,19,,
Car 258,117.0,308702,1,,,done,,done charging,908.0385453233245,,,123.42970471715911
Car 302,,,,,9,switch,,"Charger 9 (fid=86) not available, trying Charger 17 (fid=35)",908.134743533224,17,,
Car 294,,,,,3,switch,,"Charger 3 (fid=307905) not available, trying Charger 5 (fid=73)",908.5531042112959,5,,
Car 311,,,,,17,switch,,"Charger 17 (fid=35) not available, trying Charger 15 (fid=57)",908.8314769366298,15,,
Car 289,,,,,11,switch,,"Charger 11 (fid=33) not available, trying Charger 8 (fid=32)",908.8362817599344,8,,
Car 290,,,,,10,switch,,"Charger 10 (fid=30) not available, trying Charger 6 (fid=60)",909.3050725439397,6,,
Car 268,,,,,8,switch,,"Charger 8 (fid=32) not available, trying Charger 12 (fid=40)",909.4286288807452,12,,
Car 298,,,,,7,switch,,"Charger 7 (fid=31) not available, trying Charger 15 (fid=57)",910.1559273197009,15,,
Car 311,,57,15,,,start_charge,,starting to charge at Charger 15 (fid=57),910.2010791925009,,5.0,
Car 303,,,,,19,switch,,"Charger 19 (fid=37) not available, trying Charger 10 (fid=30)",910.3690667339206,10,,
Car 280,,,,,3,switch,,"Charger 3 (fid=307905) not available, trying Charger 1 (fid=308702)",910.5941941063376,1,,
Car 291,,,,,4,switch,,"Charger 4 (fid=308108) not available, trying Charger 18 (fid=64)",911.0842085510075,18,,
Car 312,,,,,19,switch,,"Charger 19 (fid=37) not available, trying Charger 5 (fid=73)",912.1346171932313,5,,
Car 313,,,,12,,arrived,,arrived,912.433918405025,,,
Car 304,,,,,2,switch,,"Charger 2 (fid=307904) not available, trying Charger 3 (fid=307905)",912.4378383772125,3,,
Car 291,,64,18,,,start_charge,,starting to charge at Charger 18 (fid=64),912.9251453428253,,40.0,
Car 299,,,,,7,switch,,"Charger 7 (fid=31) not available, trying Charger 6 (fid=60)",913.0063100746107,6,,
Car 307,,,,,19,switch,,"Charger 19 (fid=37) not available, trying Charger 6 (fid=60)",913.4448430609615,6,,
Car 297,,,,,16,switch,,"Charger 16 (fid=8) not available, trying Charger 15 (fid=57)",913.5414035519522,15,,
Car 289,,,,,8,switch,,"Charger 8 (fid=32) not available, trying Charger 17 (fid=35)",914.105380436283,17,,
Car 314,,,,63,,arrived,,arrived,915.6549921267754,,,
Car 290,,60,6,,,start_charge,,starting to charge at Charger 6 (fid=60),915.6663217272375,,45.0,
Car 295,,,,,16,switch,,"Charger 16 (fid=8) not available, trying Charger 12 (fid=40)",916.1352477710261,12,,
Car 280,,308702,1,,,start_charge,,starting to charge at Charger 1 (fid=308702),917.0983103161037,,55.0,
Car 313,,,,,2,switch,,"Charger 2 (fid=307904) not available, trying Charger 3 (fid=307905)",917.433918405025,3,,
Car 304,,,,,3,switch,,"Charger 3 (fid=307905) not available, trying Charger 6 (fid=60)",917.7014645587766,6,,
Car 262,,,,,0,switch,,"Charger 0 (fid=308440) not available, trying Charger 1 (fid=308702)",917.796104254557,1,,
Car 312,,,,,5,switch,,"Charger 5 (fid=73) not available, trying Charger 13 (fid=5)",918.2092807914606,13,,
Car 302,,,,,17,switch,,"Charger 17 (fid=35) not available, trying Charger 18 (fid=64)",918.7971695431252,18,,
Car 242,88.0,34,14,,,done,,done charging,918.8683351291294,,,372.3575479906074
Car 298,,,,,15,switch,,"Charger 15 (fid=57) not available, trying Charger 10 (fid=30)",918.904350540087,10,,
Car 246,60.0,8,16,,,done,,done charging,918.9942157288538,,,303.1989232472417
Car 294,,,,,5,switch,,"Charger 5 (fid=73) not available, trying Charger 18 (fid=64)",919.1992225827556,18,,
Car 303,,,,,10,switch,,"Charger 10 (fid=30) not available, trying Charger 14 (fid=34)",919.3089667595528,14,,
Car 303,,34,14,,,start_charge,,starting to charge at Charger 14 (fid=34),919.495707670448,,25.0,
Car 233,104.0,307905,3,,,done,,done charging,919.6794522758908,,,538.4191270534874
Car 313,,307905,3,,,start_charge,,starting to charge at Charger 3 (fid=307905),919.6794522758908,,6.981907689301693,
Car 314,,,,,13,switch,,"Charger 13 (fid=5) not available, trying Charger 16 (fid=8)",920.6549921267754,16,,
Car 315,,,,51,,arrived,,arrived,921.5112229205723,,,
Car 307,,,,,6,switch,,"Charger 6 (fid=60) not available, trying Charger 12 (fid=40)",921.7979510421131,12,,
Car 316,,,,33,,arrived,,arrived,922.0998873800655,,,
Car 297,,,,,15,switch,,"Charger 15 (fid=57) not available, trying Charger 2 (fid=307904)",922.7341439895395,2,,
Car 268,,,,,12,switch,,"Charger 12 (fid=40) not available, trying Charger 2 (fid=307904)",923.0291299696539,2,,
Car 314,,8,16,,,start_charge,,starting to charge at Charger 16 (fid=8),923.5903600663951,,5.0,
Car 317,,,,62,,arrived,,arrived,923.6284771069026,,,
Car 318,,,,21,,arrived,,arrived,923.8772160961388,,,
Car 299,,,,,6,switch,,"Charger 6 (fid=60) not available, trying Charger 10 (fid=30)",924.009128070659,10,,
Car 289,,,,,17,switch,,"Charger 17 (fid=35) not available, trying Charger 7 (fid=31)",924.1861155550303,7,,
Car 270,74.0,86,9,,,done,,done charging,924.4630034370686,,,359.93273013619785
Car 319,,,,76,,arrived,,arrived,925.3822844104453,,,
Car 319,,86,9,,,start_charge,,starting to charge at Charger 9 (fid=86),925.3822844104453,,0.0,
Car 295,,,,,12,switch,,"Charger 12 (fid=40) not available, trying Charger 13 (fid=5)",925.4315077514634,13,,
Car 312,,,,,13,switch,,"Charger 13 (fid=5) not available, trying Charger 15 (fid=57)",925.6743518777313,15,,
Car 320,,,,57,,arrived,,arrived,925.8732614779226,,,
Car 262,,,,,1,switch,,"Charger 1 (fid=308702) not available, trying Charger 7 (fid=31)",925.9065568819555,7,,
Car 283,82.0,31,7,,,done,,done charging,926.263321792243,,,107.48239922919211
Car 315,,,,,12,switch,,"Charger 12 (fid=40) not available, trying Charger 6 (fid=60)",926.5112229205723,6,,
Car 262,,31,7,,,start_charge,,starting to charge at Charger 7 (fid=31),926.6099584809399,,75.0,
Car 304,,,,,6,switch,,"Charger 6 (fid=60) not available, trying Charger 5 (fid=73)",926.7199579031007,5,,
Car 267,60.0,30,10,,,done,,done charging,926.763591305774,,,328.1936721351661
Car 298,,30,10,,,start_charge,,starting to charge at Charger 10 (fid=30),926.763591305774,,38.75238635805158,
Car 321,,,,44,,arrived,,arrived,926.9126571357933,,,
Car 322,,,,8,,arrived,,arrived,927.096707561212,,,
Car 316,,,,,17,switch,,"Charger 17 (fid=35) not available, trying Charger 15 (fid=57)",927.0998873800655,15,,
Car 279,106.0,73,5,,,done,,done charging,927.3021938799379,,,89.51947773250689
Car 317,,,,,6,switch,,"Charger 6 (fid=60) not available, trying Charger 12 (fid=40)",928.6284771069026,12,,
Car 318,,,,,0,switch,,"Charger 0 (fid=308440) not available, trying Charger 15 (fid=57)",928.8772160961388,15,,
Car 307,,,,,12,switch,,"Charger 12 (fid=40) not available, trying Charger 15 (fid=57)",929.1262927839158,15,,
Car 323,,,,74,,arrived,,arrived,929.3171282656292,,,
Car 227,87.0,31,7,,,done,,done charging,929.325783404512,,,462.7712522378008
Car 321,,31,7,,,start_charge,,starting to charge at Charger 7 (fid=31),929.325783404512,,2.4131262687186563,
Car 271,54.0,307904,2,,,done,,done charging,929.6323161883774,,,470.84296197949635
Car 297,,307904,2,,,start_charge,,starting to charge at Charger 2 (fid=307904),929.6323161883774,,37.919433926392,
Car 304,,73,5,,,start_charge,,starting to charge at Charger 5 (fid=73),929.7491469246203,,30.0,
Car 302,,,,,18,switch,,"Charger 18 (fid=64) not available, trying Charger 12 (fid=40)",930.6515233455802,12,,
Car 253,117.0,37,19,,,done,,done charging,930.8154757469187,,,279.313894829928
Car 320,,,,,15,switch,,"Charger 15 (fid=57) not available, trying Charger 17 (fid=35)",930.8732614779226,17,,
Car 324,,,,56,,arrived,,arrived,931.1402237220798,,,
Car 294,,,,,18,switch,,"Charger 18 (fid=64) not available, trying Charger 17 (fid=35)",931.6215263541352,17,,
Car 322,,,,,16,switch,,"Charger 16 (fid=8) not available, trying Charger 5 (fid=73)",932.096707561212,5,,
Car 268,,,,,2,switch,,"Charger 2 (fid=307904) not available, trying Charger 3 (fid=307905)",932.5437225594516,3,,
Car 289,,,,,7,switch,,"Charger 7 (fid=31) not available, trying Charger 0 (fid=308440)",933.3918863647813,0,,
Car 316,,,,,15,switch,,"Charger 15 (fid=57) not available, trying Charger 0 (fid=308440)",933.4694896359366,0,,
Car 315,,,,,6,switch,,"Charger 6 (fid=60) not available, trying Charger 4 (fid=308108)",933.839564662375,4,,
Car 323,,,,,2,switch,,"Charger 2 (fid=307904) not available, trying Charger 3 (fid=307905)",934.3171282656292,3,,
Car 312,,,,,15,switch,,"Charger 15 (fid=57) not available, trying Charger 16 (fid=8)",934.7599371836811,16,,
Car 325,,,,31,,arrived,,arrived,935.0933221195965,,,
Car 299,,,,,10,switch,,"Charger 10 (fid=30) not available, trying Charger 14 (fid=34)",935.3703772539568,14,,
Car 299,,34,14,,,start_charge,,starting to charge at Charger 14 (fid=34),935.557118164852,,40.0,
Car 318,,,,,15,switch,,"Charger 15 (fid=57) not available, trying Charger 17 (fid=35)",935.6167904116019,17,,
Car 317,,,,,12,switch,,"Charger 12 (fid=40) not available, trying Charger 5 (fid=73)",935.9568188487052,5,,
Car 324,,,,,15,switch,,"Charger 15 (fid=57) not available, trying Charger 0 (fid=308440)",936.1402237220798,0,,
Car 282,105.0,30,10,,,done,,done charging,936.1844571133672,,,68.69636469196388
Car 295,,,,,13,switch,,"Charger 13 (fid=5) not available, trying Charger 2 (fid=307904)",936.5540702049453,2,,
Car 320,,,,,17,switch,,"Charger 17 (fid=35) not available, trying Charger 0 (fid=308440)",937.2428637337937,0,,
Car 268,,,,,3,switch,,"Charger 3 (fid=307905) not available, trying Charger 4 (fid=308108)",937.8073487410156,4,,
Car 278,68.0,308440,0,,,done,,done charging,938.1198417118501,,,337.10870225517994
Car 316,,308440,0,,,start_charge,,starting to charge at Charger 0 (fid=308440),938.1198417118501,,12.9107777604504,
Car 284,115.0,5,13,,,done,,done charging,939.2476692896042,,,147.52671189997855
Car 307,,,,,15,switch,,"Charger 15 (fid=57) not available, trying Charger 13 (fid=5)",939.5403096272789,13,,
Car 323,,,,,3,switch,,"Charger 3 (fid=307905) not available, trying Charger 17 (fid=35)",939.5807544471933,17,,
Car 322,,,,,5,switch,,"Charger 5 (fid=73) not available, trying Charger 13 (fid=5)",939.9474337601374,13,,
Car 325,,,,,17,switch,,"Charger 17 (fid=35) not available, trying Charger 15 (fid=57)",940.0933221195965,15,,
Car 302,,,,,12,switch,,"Charger 12 (fid=40) not available, trying Charger 6 (fid=60)",940.3121092900263,6,,
Car 326,,,,10,,arrived,,arrived,940.6152580089962,,,
Car 327,,,,1,,arrived,,arrived,940.7581540423275,,,
Car 289,,,,,0,switch,,"Charger 0 (fid=308440) not available, trying Charger 1 (fid=308702)",941.2651924567497,1,,
Car 318,,,,,17,switch,,"Charger 17 (fid=35) not available, trying Charger 7 (fid=31)",941.986392667473,7,,
Car 328,,,,55,,arrived,,arrived,942.1202489857162,,,
Car 322,,5,13,,,start_charge,,starting to charge at Charger 13 (fid=5),942.4125048464081,,10.0,
Car 324,,,,,0,switch,,"Charger 0 (fid=308440) not available, trying Charger 17 (fid=35)",942.8797980375429,17,,
Car 315,,,,,4,switch,,"Charger 4 (fid=308108) not available, trying Charger 18 (fid=64)",943.0621330235537,18,,
Car 294,,,,,17,switch,,"Charger 17 (fid=35) not available, trying Charger 19 (fid=37)",943.4758801565903,19,,
Car 312,,,,,16,switch,,"Charger 16 (fid=8) not available, trying Charger 1 (fid=308702)",943.9526776212684,1,,
Car 320,,,,,0,switch,,"Charger 0 (fid=308440) not available, trying Charger 5 (fid=73)",944.1786040155599,5,,
Car 317,,,,,5,switch,,"Charger 5 (fid=73) not available, trying Charger 17 (fid=35)",945.5046464140232,17,,
Car 326,,,,,16,switch,,"Charger 16 (fid=8) not available, trying Charger 5 (fid=73)",945.6152580089962,5,,
Car 327,,,,,2,switch,,"Charger 2 (fid=307904) not available, trying Charger 3 (fid=307905)",945.7581540423275,3,,
Car 268,,,,,4,switch,,"Charger 4 (fid=308108) not available, trying Charger 18 (fid=64)",946.3298185872678,18,,
Car 325,,,,,15,switch,,"Charger 15 (fid=57) not available, trying Charger 0 (fid=308440)",946.4629243754675,0,,
Car 329,,,,71,,arrived,,arrived,946.6260092705106,,,
Car 328,,,,,15,switch,,"Charger 15 (fid=57) not available, trying Charger 17 (fid=35)",947.1202489857162,17,,
Car 323,,,,,17,switch,,"Charger 17 (fid=35) not available, trying Charger 0 (fid=308440)",947.4326437370765,0,,
Car 294,,37,19,,,start_charge,,starting to charge at Charger 19 (fid=37),947.5740448281076,,45.0,
Car 302,,,,,6,switch,,"Charger 6 (fid=60) not available, trying Charger 15 (fid=57)",947.640451031829,15,,
Car 307,,,,,13,switch,,"Charger 13 (fid=5) not available, trying Charger 17 (fid=35)",948.6258949332288,17,,
Car 295,,,,,2,switch,,"Charger 2 (fid=307904) not available, trying Charger 3 (fid=307905)",948.7173770452465,3,,
Car 286,55.0,308702,1,,,done,,done charging,949.0390655701771,,,403.9345218681997
Car 289,,308702,1,,,start_charge,,starting to charge at Charger 1 (fid=308702),949.0390655701771,,64.66342048602894,
Car 324,,,,,17,switch,,"Charger 17 (fid=35) not available, trying Charger 5 (fid=73)",949.8155383193091,5,,
Car 315,,,,,18,switch,,"Charger 18 (fid=64) not available, trying Charger 2 (fid=307904)",949.9030698153715,2,,
Car 245,94.0,308440,0,,,done,,done charging,950.6539383435492,,,516.0337118323164
Car 325,,308440,0,,,start_charge,,starting to charge at Charger 0 (fid=308440),950.6539383435492,,12.451439652618546,
Car 327,,,,,3,switch,,"Charger 3 (fid=307905) not available, trying Charger 4 (fid=308108)",951.0217802238916,4,,
Car 318,,,,,7,switch,,"Charger 7 (fid=31) not available, trying Charger 10 (fid=30)",951.192163477224,10,,
Car 329,,,,,15,switch,,"Charger 15 (fid=57) not available, trying Charger 0 (fid=308440)",951.6260092705106,0,,
Car 330,,,,8,,arrived,,arrived,951.8147366581226,,,
Car 318,,30,10,,,start_charge,,starting to charge at Charger 10 (fid=30),952.0168497280279,,20.0,
Car 268,,,,,18,switch,,"Charger 18 (fid=64) not available, trying Charger 9 (fid=86)",953.1707553790857,9,,
Car 320,,,,,5,switch,,"Charger 5 (fid=73) not available, trying Charger 19 (fid=37)",953.4423830281377,19,,
Car 326,,,,,5,switch,,"Charger 5 (fid=73) not available, trying Charger 6 (fid=60)",953.4659842079216,6,,
Car 328,,,,,17,switch,,"Charger 17 (fid=35) not available, trying Charger 0 (fid=308440)",953.4898512415873,0,,
Car 312,,,,,1,switch,,"Charger 1 (fid=308702) not available, trying Charger 6 (fid=60)",953.8018315452564,6,,
Car 295,,,,,3,switch,,"Charger 3 (fid=307905) not available, trying Charger 1 (fid=308702)",953.9810032268106,1,,
Car 331,,,,37,,arrived,,arrived,954.1806424524557,,,
Car 323,,,,,0,switch,,"Charger 0 (fid=308440) not available, trying Charger 9 (fid=86)",954.3683840188428,9,,
Car 317,,,,,17,switch,,"Charger 17 (fid=35) not available, trying Charger 19 (fid=37)",954.398453367009,19,,
Car 302,,,,,15,switch,,"Charger 15 (fid=57) not available, trying Charger 0 (fid=308440)",956.5317819571897,0,,
Car 330,,,,,16,switch,,"Charger 16 (fid=8) not available, trying Charger 5 (fid=73)",956.8147366581226,5,,
Car 248,95.0,35,17,,,done,,done charging,957.2176665788382,,,321.0621113051119
Car 307,,35,17,,,start_charge,,starting to charge at Charger 17 (fid=35),957.2176665788382,,38.40456039473429,
Car 329,,,,,0,switch,,"Charger 0 (fid=308440) not available, trying Charger 17 (fid=35)",958.3655835859737,17,,
Car 324,,,,,5,switch,,"Charger 5 (fid=73) not available, trying Charger 19 (fid=37)",958.7093452722949,19,,
Car 315,,,,,2,switch,,"Charger 2 (fid=307904) not available, trying Charger 3 (fid=307905)",959.1691605095074,3,,
Car 331,,,,,19,switch,,"Charger 19 (fid=37) not available, trying Charger 5 (fid=73)",959.1806424524557,5,,
Car 332,,,,61,,arrived,,arrived,959.3075434859574,,,
Car 239,107.0,308108,4,,,done,,done charging,959.3992255332066,,,482.57987885109924
Car 327,,308108,4,,,start_charge,,starting to charge at Charger 4 (fid=308108),959.3992255332066,,14.854975463062829,
Car 320,,,,,19,switch,,"Charger 19 (fid=37) not available, trying Charger 1 (fid=308702)",959.517046626367,1,,
Car 328,,,,,0,switch,,"Charger 0 (fid=308440) not available, trying Charger 5 (fid=73)",960.4255915233535,5,,
Car 268,,,,,,gave_up,9,"no alternate charger available, gave up",960.7537671314359,,,
Car 326,,,,,6,switch,,"Charger 6 (fid=60) not available, trying Charger 19 (fid=37)",961.4951732294411,19,,
Car 287,119.0,57,15,,,done,,done charging,962.4952972505656,,,115.57456979820296
Car 333,,,,7,,arrived,,arrived,962.5260856734398,,,
Car 302,,,,,0,switch,,"Charger 0 (fid=308440) not available, trying Charger 5 (fid=73)",963.2713562726527,5,,
Car 317,,,,,19,switch,,"Charger 19 (fid=37) not available, trying Charger 16 (fid=8)",963.4966180385263,16,,
Car 332,,,,,6,switch,,"Charger 6 (fid=60) not available, trying Charger 12 (fid=40)",964.3075434859574,12,,
Car 315,,,,,3,switch,,"Charger 3 (fid=307905) not available, trying Charger 9 (fid=86)",964.4327866910714,9,,
Car 312,,,,,6,switch,,"Charger 6 (fid=60) not available, trying Charger 7 (fid=31)",964.4662841647129,7,,
Car 330,,,,,5,switch,,"Charger 5 (fid=73) not available, trying Charger 13 (fid=5)",964.6654628570479,13,,
Car 324,,,,,19,switch,,"Charger 19 (fid=37) not available, trying Charger 1 (fid=308702)",964.7840088705242,1,,
Car 331,,,,,5,switch,,"Charger 5 (fid=73) not available, trying Charger 13 (fid=5)",965.255306050685,13,,
Car 329,,,,,17,switch,,"Charger 17 (fid=35) not available, trying Charger 7 (fid=31)",965.3013238677399,7,,
Car 295,,,,,1,switch,,"Charger 1 (fid=308702) not available, trying Charger 7 (fid=31)",965.4851194365767,7,,
Car 260,98.0,308108,4,,,done,,done charging,965.7574932461667,,,405.2659236453122
Car 333,,308108,4,,,start_charge,,starting to charge at Charger 4 (fid=308108),965.7574932461667,,3.2314075727269937,
Car 323,,,,,9,switch,,"Charger 9 (fid=86) not available, trying Charger 15 (fid=57)",966.5317450693747,15,,
Car 310,68.0,86,9,,,done,,done charging,966.5737674589434,,,108.22702133242743
Car 308,64.0,40,12,,,done,,done charging,966.8193568390719,,,197.85603733348984
Car 332,,40,12,,,start_charge,,starting to charge at Charger 12 (fid=40),966.8193568390719,,5.183471611311916,
Car 315,,86,9,,,start_charge,,starting to charge at Charger 9 (fid=86),967.5232864242741,,30.0,
Car 320,,,,,1,switch,,"Charger 1 (fid=308702) not available, trying Charger 7 (fid=31)",967.760150088158,7,,
Car 334,,,,34,,arrived,,arrived,968.7812693884804,,,
Car 335,,,,10,,arrived,,arrived,968.9041210251618,,,
Car 306,68.0,40,12,,,done,,done charging,968.9923284346771,,,197.85603733348984
Car 336,,,,5,,arrived,,arrived,969.0800621083735,,,
Car 328,,,,,5,switch,,"Charger 5 (fid=73) not available, trying Charger 19 (fid=37)",969.6893705359313,19,,
Car 326,,,,,19,switch,,"Charger 19 (fid=37) not available, trying Charger 13 (fid=5)",969.8482812105927,13,,
Car 295,,,,,7,switch,,"Charger 7 (fid=31) not available, trying Charger 10 (fid=30)",971.1885210355612,10,,
Car 317,,,,,16,switch,,"Charger 16 (fid=8) not available, trying Charger 15 (fid=57)",971.577761246213,15,,
Car 337,,,,7,,arrived,,arrived,971.8782026134766,,,
Car 292,82.0,32,8,,,done,,done charging,972.084448855826,,,276.30734415144985
Car 338,,,,31,,arrived,,arrived,972.1194785279672,,,
Car 330,,,,,13,switch,,"Charger 13 (fid=5) not available, trying Charger 19 (fid=37)",972.1305339433186,19,,
Car 302,,,,,5,switch,,"Charger 5 (fid=73) not available, trying Charger 19 (fid=37)",972.5351352852305,19,,
Car 331,,,,,13,switch,,"Charger 13 (fid=5) not available, trying Charger 15 (fid=57)",972.7203771369557,15,,
Car 339,,,,60,,arrived,,arrived,972.9536621079214,,,
Car 324,,,,,1,switch,,"Charger 1 (fid=308702) not available, trying Charger 7 (fid=31)",973.0271123323151,7,,
Car 340,,,,55,,arrived,,arrived,973.1263858123293,,,
Car 340,,57,15,,,start_charge,,starting to charge at Charger 15 (fid=57),973.1263858123293,,0.0,
Car 281,71.0,35,17,,,done,,done charging,973.189540407859,,,341.37711713739037
Car 334,,35,17,,,start_charge,,starting to charge at Charger 17 (fid=35),973.189540407859,,4.408271019378617,
Car 320,,,,,7,switch,,"Charger 7 (fid=31) not available, trying Charger 6 (fid=60)",973.4635516871424,6,,
Car 335,,,,,16,switch,,"Charger 16 (fid=8) not available, trying Charger 5 (fid=73)",973.9041210251618,5,,
Car 336,,,,,13,switch,,"Charger 13 (fid=5) not available, trying Charger 19 (fid=37)",974.0800621083735,19,,
Car 329,,,,,7,switch,,"Charger 7 (fid=31) not available, trying Charger 5 (fid=73)",974.507094677491,5,,
Car 300,92.0,5,13,,,done,,done charging,974.551733349338,,,147.52671189997855
Car 326,,5,13,,,start_charge,,starting to charge at Charger 13 (fid=5),974.551733349338,,22.916349497626584,
Car 296,83.0,37,19,,,done,,done charging,974.5857305314704,,,249.61167592511373
Car 328,,37,19,,,start_charge,,starting to charge at Charger 19 (fid=37),974.5857305314704,,23.82169639730978,
Car 262,48.0,31,7,,,done,,done charging,974.6099584809399,,,618.6313871288738
Car 312,,31,7,,,start_charge,,starting to charge at Charger 7 (fid=31),974.6099584809399,,39.14085632017873,
Car 337,,,,,4,switch,,"Charger 4 (fid=308108) not available, trying Charger 2 (fid=307904)",976.8782026134766,2,,
Car 295,,,,,10,switch,,"Charger 10 (fid=30) not available, trying Charger 14 (fid=34)",977.0132072863651,14,,
Car 338,,,,,17,switch,,"Charger 17 (fid=35) not available, trying Charger 15 (fid=57)",977.1194785279672,15,,
Car 339,,,,,6,switch,,"Charger 6 (fid=60) not available, trying Charger 12 (fid=40)",977.9536621079214,12,,
Car 323,,,,,15,switch,,"Charger 15 (fid=57) not available, trying Charger 6 (fid=60)",978.3373568934593,6,,
Car 302,,,,,19,switch,,"Charger 19 (fid=37) not available, trying Charger 16 (fid=8)",978.6097988834598,16,,
Car 324,,,,,7,switch,,"Charger 7 (fid=31) not available, trying Charger 10 (fid=30)",978.7305139312996,10,,
Car 330,,,,,19,switch,,"Charger 19 (fid=37) not available, trying Charger 6 (fid=60)",978.9176365844372,6,,
Car 277,74.0,8,16,,,done,,done charging,979.0581867046552,,,676.6502036562565
Car 341,,,,30,,arrived,,arrived,979.3476188928784,,,
Car 288,93.0,32,8,,,done,,done charging,979.9734515839959,,,318.32575361833665
Car 339,,40,12,,,start_charge,,starting to charge at Charger 12 (fid=40),980.2820038497241,,5.0,
Car 342,,,,40,,arrived,,arrived,980.4132189030619,,,
Car 317,,,,,15,switch,,"Charger 15 (fid=57) not available, trying Charger 2 (fid=307904)",980.7705016838003,2,,
Car 336,,,,,19,switch,,"Charger 19 (fid=37) not available, trying Charger 5 (fid=73)",980.8671647494921,5,,
Car 302,,8,16,,,start_charge,,starting to charge at Charger 16 (fid=8),981.6909420911464,,60.0,
Car 335,,,,,5,switch,,"Charger 5 (fid=73) not available, trying Charger 6 (fid=60)",981.7548472240871,6,,
Car 331,,,,,15,switch,,"Charger 15 (fid=57) not available, trying Charger 16 (fid=8)",981.8059624429055,16,,
Car 295,,,,,14,switch,,"Charger 14 (fid=34) not available, trying Charger 4 (fid=308108)",982.1999481972603,4,,
Car 343,,,,32,,arrived,,arrived,982.6819178588579,,,
Car 338,,,,,15,switch,,"Charger 15 (fid=57) not available, trying Charger 0 (fid=308440)",983.4890807838383,0,,
Car 329,,,,,5,switch,,"Charger 5 (fid=73) not available, trying Charger 10 (fid=30)",983.7665319610259,10,,
Car 341,,,,,10,switch,,"Charger 10 (fid=30) not available, trying Charger 14 (fid=34)",984.3476188928784,14,,
Car 344,,,,59,,arrived,,arrived,984.354412990077,,,
Car 319,59.0,86,9,,,done,,done charging,984.3822844104453,,,108.22702133242743
Car 255,109.0,33,11,,,done,,done charging,984.4080524270535,,,367.7324713327458
Car 320,,,,,6,switch,,"Charger 6 (fid=60) not available, trying Charger 2 (fid=307904)",984.4663696831907,2,,
Car 324,,,,,10,switch,,"Charger 10 (fid=30) not available, trying Charger 14 (fid=34)",984.5552001821035,14,,
Car 241,104.0,64,18,,,done,,done charging,984.9212397842,,,466.36240644420155
Car 337,,,,,2,switch,,"Charger 2 (fid=307904) not available, trying Charger 3 (fid=307905)",985.3843356281079,3,,
Car 342,,,,,12,switch,,"Charger 12 (fid=40) not available, trying Charger 6 (fid=60)",985.4132189030619,6,,
Car 336,,,,,5,switch,,"Charger 5 (fid=73) not available, trying Charger 16 (fid=8)",986.9418283477214,16,,
Car 323,,,,,6,switch,,"Charger 6 (fid=60) not available, trying Charger 4 (fid=308108)",987.2286878188199,4,,
Car 330,,,,,6,switch,,"Charger 6 (fid=60) not available, trying Charger 15 (fid=57)",987.2707445655889,15,,
Car 343,,,,,17,switch,,"Charger 17 (fid=35) not available, trying Charger 15 (fid=57)",987.6819178588579,15,,
Car 291,75.0,64,18,,,done,,done charging,987.9251453428253,,,619.4232721679076
Car 344,,,,,4,switch,,"Charger 4 (fid=308108) not available, trying Charger 18 (fid=64)",989.354412990077,18,,
Car 341,,,,,14,switch,,"Charger 14 (fid=34) not available, trying Charger 11 (fid=33)",989.5343598037736,11,,
Car 345,,,,14,,arrived,,arrived,989.7243554946713,,,
Car 324,,,,,14,switch,,"Charger 14 (fid=34) not available, trying Charger 2 (fid=307904)",989.7419410929987,2,,
Car 317,,,,,2,switch,,"Charger 2 (fid=307904) not available, trying Charger 3 (fid=307905)",989.7492399562462,3,,
Car 335,,,,,6,switch,,"Charger 6 (fid=60) not available, trying Charger 19 (fid=37)",989.7840362456067,19,,
Car 346,,,,38,,arrived,,arrived,989.906453489445,,,
Car 347,,,,50,,arrived,,arrived,989.9187955119005,,,
Car 338,,,,,0,switch,,"Charger 0 (fid=308440) not available, trying Charger 2 (fid=307904)",990.2286550993014,2,,
Car 341,,33,11,,,start_charge,,starting to charge at Charger 11 (fid=33),990.4208752027482,,10.0,
Car 299,55.0,34,14,,,done,,done charging,990.557118164852,,,335.8792445881844
Car 337,,,,,3,switch,,"Charger 3 (fid=307905) not available, trying Charger 18 (fid=64)",990.647961809672,18,,
Car 331,,,,,16,switch,,"Charger 16 (fid=8) not available, trying Charger 1 (fid=308702)",990.9987028804928,1,,
Car 344,,64,18,,,start_charge,,starting to charge at Charger 18 (fid=64),991.1953497818948,,5.0,
Car 301,112.0,60,6,,,done,,done charging,991.5434707558662,,,195.7433552035399
Car 342,,60,6,,,start_charge,,starting to charge at Charger 6 (fid=60),991.5434707558662,,8.801910111001689,
Car 297,63.0,307904,2,,,done,,done charging,992.6323161883774,,,333.37963750819455
Car 320,,307904,2,,,start_charge,,starting to charge at Charger 2 (fid=307904),992.6323161883774,,44.163789992483316,
Car 348,,,,67,,arrived,,arrived,992.7834757389069,,,
Car 321,64.0,31,7,,,done,,done charging,993.325783404512,,,71.68114636112008
Car 329,,,,,10,switch,,"Charger 10 (fid=30) not available, trying Charger 14 (fid=34)",993.3844004318101,14,,
Car 329,,34,14,,,start_charge,,starting to charge at Charger 14 (fid=34),993.5711413427053,,30.0,
Car 343,,,,,15,switch,,"Charger 15 (fid=57) not available, trying Charger 0 (fid=308440)",994.051520114729,0,,
Car 294,47.0,37,19,,,done,,done charging,994.5740448281076,,,405.8164855283424
Car 348,,37,19,,,start_charge,,starting to charge at Charger 19 (fid=37),994.5740448281076,,1.7905690892007442,
Car 345,,,,,17,switch,,"Charger 17 (fid=35) not available, trying Charger 15 (fid=57)",994.7243554946713,15,,
Car 336,,,,,16,switch,,"Charger 16 (fid=8) not available, trying Charger 1 (fid=308702)",994.7925545466468,1,,
Car 346,,,,,13,switch,,"Charger 13 (fid=5) not available, trying Charger 19 (fid=37)",994.906453489445,19,,
Car 347,,,,,12,switch,,"Charger 12 (fid=40) not available, trying Charger 6 (fid=60)",994.9187955119005,6,,
Car 337,,64,18,,,start_charge,,starting to charge at Charger 18 (fid=64),994.9303893354286,,15.0,
Car 317,,,,,3,switch,,"Charger 3 (fid=307905) not available, trying Charger 13 (fid=5)",995.0128661378103,13,,
Car 280,78.0,308702,1,,,done,,done charging,995.0983103161037,,,334.23853374059826
Car 331,,308702,1,,,start_charge,,starting to charge at Charger 1 (fid=308702),995.8478568044808,,25.0,
Car 330,,,,,15,switch,,"Charger 15 (fid=57) not available, trying Charger 12 (fid=40)",996.1620754909495,12,,
Car 295,,,,,4,switch,,"Charger 4 (fid=308108) not available, trying Charger 11 (fid=33)",996.3658080512466,11,,
Car 323,,,,,4,switch,,"Charger 4 (fid=308108) not available, trying Charger 18 (fid=64)",996.4512561799986,18,,
Car 349,,,,63,,arrived,,arrived,996.5862366250068,,,
Car 318,45.0,30,10,,,done,,done charging,997.0168497280279,,,265.3682359607151
Car 335,,,,,19,switch,,"Charger 19 (fid=37) not available, trying Charger 13 (fid=5)",998.1371442267583,13,,
Car 338,,,,,2,switch,,"Charger 2 (fid=307904) not available, trying Charger 3 (fid=307905)",999.5651425981946,3,,
Car 350,,,,20,,arrived,,arrived,1000.2040890789176,,,
Car 309,102.0,33,11,,,done,,done charging,1000.4736312887817,,,99.58251798127932
Car 290,85.0,60,6,,,done,,done charging,1000.6663217272375,,,300.79810940588777
Car 347,,60,6,,,start_charge,,starting to charge at Charger 6 (fid=60),1000.6663217272375,,8.419184473534301,
Car 343,,,,,0,switch,,"Charger 0 (fid=308440) not available, trying Charger 2 (fid=307904)",1000.7910944301921,2,,
Car 351,,,,70,,arrived,,arrived,1000.7957689866001,,,
Car 345,,,,,15,switch,,"Charger 15 (fid=57) not available, trying Charger 0 (fid=308440)",1001.0939577505424,0,,
Car 349,,,,,13,switch,,"Charger 13 (fid=5) not available, trying Charger 16 (fid=8)",1001.5862366250068,16,,
Car 324,,,,,2,switch,,"Charger 2 (fid=307904) not available, trying Charger 3 (fid=307905)",1001.6684016765076,3,,
Car 346,,,,,19,switch,,"Charger 19 (fid=37) not available, trying Charger 1 (fid=308702)",1001.6935561305636,1,,
Car 323,,,,,18,switch,,"Charger 18 (fid=64) not available, trying Charger 12 (fid=40)",1003.2921929718165,12,,
Car 305,105.0,73,5,,,done,,done charging,1004.280032756619,,,237.46549237048123
Car 336,,,,,1,switch,,"Charger 1 (fid=308702) not available, trying Charger 7 (fid=31)",1004.6417084706347,7,,
Car 338,,,,,3,switch,,"Charger 3 (fid=307905) not available, trying Charger 5 (fid=73)",1004.8287687797587,5,,
Car 335,,,,,13,switch,,"Charger 13 (fid=5) not available, trying Charger 12 (fid=40)",1004.924246867877,12,,
Car 350,,,,,0,switch,,"Charger 0 (fid=308440) not available, trying Charger 15 (fid=57)",1005.2040890789176,15,,
Car 336,,31,7,,,start_charge,,starting to charge at Charger 7 (fid=31),1005.3451100696192,,25.0,
Car 303,86.0,34,14,,,done,,done charging,1005.495707670448,,,205.90669888038795
Car 351,,,,,15,switch,,"Charger 15 (fid=57) not available, trying Charger 0 (fid=308440)",1005.7957689866001,0,,
Car 295,,33,11,,,start_charge,,starting to charge at Charger 11 (fid=33),1006.1604552334147,,80.0,
Car 330,,,,,12,switch,,"Charger 12 (fid=40) not available, trying Charger 1 (fid=308702)",1006.5760923343126,1,,
Car 324,,,,,3,switch,,"Charger 3 (fid=307905) not available, trying Charger 6 (fid=60)",1006.9320278580717,6,,
Car 317,,,,,13,switch,,"Charger 13 (fid=5) not available, trying Charger 0 (fid=308440)",1007.1925098097322,0,,
Car 345,,,,,0,switch,,"Charger 0 (fid=308440) not available, trying Charger 2 (fid=307904)",1007.8335320660054,2,,
Car 352,,,,52,,arrived,,arrived,1009.0871028550677,,,
Car 316,71.0,308440,0,,,done,,done charging,1009.1198417118501,,,167.28540777168132
Car 351,,308440,0,,,start_charge,,starting to charge at Charger 0 (fid=308440),1009.1198417118501,,6.584498409786875,
Car 327,50.0,308108,4,,,done,,done charging,1009.3992255332066,,,237.51991159692324
Car 349,,,,,16,switch,,"Charger 16 (fid=8) not available, trying Charger 19 (fid=37)",1009.5216045646265,19,,
Car 298,83.0,30,10,,,done,,done charging,1009.763591305774,,,364.9882381658404
Car 346,,,,,1,switch,,"Charger 1 (fid=308702) not available, trying Charger 5 (fid=73)",1009.9366595923545,5,,
Car 289,61.0,308702,1,,,done,,done charging,1010.0390655701771,,,524.6667266868686
Car 343,,,,,2,switch,,"Charger 2 (fid=307904) not available, trying Charger 3 (fid=307905)",1010.1275819290853,3,,
Car 311,100.0,57,15,,,done,,done charging,1010.2010791925009,,,148.65695175439149
Car 350,,57,15,,,start_charge,,starting to charge at Charger 15 (fid=57),1010.2010791925009,,8.257415798120178,
Car 338,,73,5,,,start_charge,,starting to charge at Charger 5 (fid=73),1010.4748871512184,,25.0,
Car 353,,,,46,,arrived,,arrived,1012.6593949740657,,,
Car 353,,308702,1,,,start_charge,,starting to charge at Charger 1 (fid=308702),1012.6593949740657,,0.0,
Car 323,,,,,12,switch,,"Charger 12 (fid=40) not available, trying Charger 7 (fid=31)",1012.9527789162626,7,,
Car 354,,,,73,,arrived,,arrived,1013.9404822818605,,,
Car 352,,,,,2,switch,,"Charger 2 (fid=307904) not available, trying Charger 3 (fid=307905)",1014.0871028550677,3,,
Car 333,49.0,308108,4,,,done,,done charging,1014.7574932461667,,,138.47203364136507
Car 355,,,,5,,arrived,,arrived,1015.0228003655889,,,
Car 343,,,,,3,switch,,"Charger 3 (fid=307905) not available, trying Charger 5 (fid=73)",1015.3912081106494,5,,
Car 324,,,,,6,switch,,"Charger 6 (fid=60) not available, trying Charger 13 (fid=5)",1015.9505212023959,13,,
Car 335,,,,,12,switch,,"Charger 12 (fid=40) not available, trying Charger 15 (fid=57)",1016.0468093213589,15,,
Car 356,,,,3,,arrived,,arrived,1016.8776810753792,,,
Car 345,,,,,2,switch,,"Charger 2 (fid=307904) not available, trying Charger 3 (fid=307905)",1017.1700195648987,3,,
Car 349,,,,,19,switch,,"Charger 19 (fid=37) not available, trying Charger 5 (fid=73)",1017.6027477723131,5,,
Car 317,,,,,0,switch,,"Charger 0 (fid=308440) not available, trying Charger 4 (fid=308108)",1017.7496931201994,4,,
Car 357,,,,40,,arrived,,arrived,1017.7539877952809,,,
Car 330,,,,,1,switch,,"Charger 1 (fid=308702) not available, trying Charger 7 (fid=31)",1018.7632308717716,7,,
Car 346,,,,,5,switch,,"Charger 5 (fid=73) not available, trying Charger 7 (fid=31)",1018.8577314992975,7,,
Car 354,,,,,5,switch,,"Charger 5 (fid=73) not available, trying Charger 19 (fid=37)",1018.9404822818605,19,,
Car 358,,,,87,,arrived,,arrived,1018.9793526327169,,,
Car 358,,86,9,,,start_charge,,starting to charge at Charger 9 (fid=86),1018.9793526327169,,0.0,
Car 359,,,,69,,arrived,,arrived,1019.3213933391454,,,
Car 352,,,,,3,switch,,"Charger 3 (fid=307905) not available, trying Charger 4 (fid=308108)",1019.3507290366317,4,,
Car 360,,,,69,,arrived,,arrived,1020.01444179151,,,
Car 355,,,,,13,switch,,"Charger 13 (fid=5) not available, trying Charger 19 (fid=37)",1020.0228003655889,19,,
Car 361,,,,1,,arrived,,arrived,1020.9171083981836,,,
Car 326,47.0,5,13,,,done,,done charging,1021.551733349338,,,308.35368352632383
Car 324,,5,13,,,start_charge,,starting to charge at Charger 13 (fid=5),1021.551733349338,,60.99728823725866,
Car 304,92.0,73,5,,,done,,done charging,1021.7491469246203,,,330.39236148427193
Car 349,,73,5,,,start_charge,,starting to charge at Charger 5 (fid=73),1021.7491469246203,,18.071735554077804,
Car 356,,,,,2,switch,,"Charger 2 (fid=307904) not available, trying Charger 3 (fid=307905)",1021.8776810753792,3,,
Car 362,,,,9,,arrived,,arrived,1022.1280957125607,,,
Car 363,,,,124,,arrived,,arrived,1022.3649497626817,,,
Car 345,,,,,3,switch,,"Charger 3 (fid=307905) not available, trying Charger 5 (fid=73)",1022.4336457464627,5,,
Car 364,,,,73,,arrived,,arrived,1022.4379215987541,,,
Car 357,,,,,12,switch,,"Charger 12 (fid=40) not available, trying Charger 6 (fid=60)",1022.7539877952809,6,,
Car 352,,308108,4,,,start_charge,,starting to charge at Charger 4 (fid=308108),1022.8731988828839,,10.0,
Car 315,56.0,86,9,,,done,,done charging,1023.5232864242741,,,388.07763427952307
Car 365,,,,11,,arrived,,arrived,1023.9372505963638,,,
Car 366,,,,32,,arrived,,arrived,1023.9815478622671,,,
Car 359,,,,,0,switch,,"Charger 0 (fid=308440) not available, trying Charger 15 (fid=57)",1024.3213933391453,15,,
Car 330,,,,,7,switch,,"Charger 7 (fid=31) not available, trying Charger 17 (fid=35)",1024.466632470756,17,,
Car 360,,,,,0,switch,,"Charger 0 (fid=308440) not available, trying Charger 15 (fid=57)",1025.0144417915099,15,,
Car 354,,,,,19,switch,,"Charger 19 (fid=37) not available, trying Charger 13 (fid=5)",1025.0151458800897,13,,
Car 367,,,,45,,arrived,,arrived,1025.0785882099842,,,
Car 317,,308108,4,,,start_charge,,starting to charge at Charger 4 (fid=308108),1025.1111521632472,,55.0,
Car 323,,,,,7,switch,,"Charger 7 (fid=31) not available, trying Charger 10 (fid=30)",1025.4782828303132,10,,
Car 361,,,,,2,switch,,"Charger 2 (fid=307904) not available, trying Charger 3 (fid=307905)",1025.9171083981837,3,,
Car 343,,,,,5,switch,,"Charger 5 (fid=73) not available, trying Charger 6 (fid=60)",1026.0373264821092,6,,
Car 323,,30,10,,,start_charge,,starting to charge at Charger 10 (fid=30),1026.302969081117,,54.999999999999886,
Car 335,,,,,15,switch,,"Charger 15 (fid=57) not available, trying Charger 17 (fid=35)",1026.460826164722,17,,
Car 355,,,,,19,switch,,"Charger 19 (fid=37) not available, trying Charger 5 (fid=73)",1026.8099030067074,5,,
Car 362,,,,,16,switch,,"Charger 16 (fid=8) not available, trying Charger 5 (fid=73)",1027.1280957125607,5,,
Car 356,,,,,3,switch,,"Charger 3 (fid=307905) not available, trying Charger 17 (fid=35)",1027.1413072569433,17,,
Car 363,,,,,0,switch,,"Charger 0 (fid=308440) not available, trying Charger 15 (fid=57)",1027.3649497626816,15,,
Car 364,,,,,5,switch,,"Charger 5 (fid=73) not available, trying Charger 19 (fid=37)",1027.4379215987542,19,,
Car 314,104.0,8,16,,,done,,done charging,1027.590360066395,,,150.94559297924337
Car 346,,,,,7,switch,,"Charger 7 (fid=31) not available, trying Charger 11 (fid=33)",1028.1171687828323,11,,
Car 368,,,,39,,arrived,,arrived,1028.9020129477158,,,
Car 369,,,,44,,arrived,,arrived,1028.9291694173346,,,
Car 365,,,,,6,switch,,"Charger 6 (fid=60) not available, trying Charger 5 (fid=73)",1028.9372505963638,5,,
Car 366,,,,,17,switch,,"Charger 17 (fid=35) not available, trying Charger 15 (fid=57)",1028.9815478622672,15,,
Car 370,,,,12,,arrived,,arrived,1029.6414036157632,,,
Car 367,,,,,6,switch,,"Charger 6 (fid=60) not available, trying Charger 12 (fid=40)",1030.0785882099842,12,,
Car 357,,,,,6,switch,,"Charger 6 (fid=60) not available, trying Charger 4 (fid=308108)",1030.0823295370835,4,,
Car 313,111.0,307905,3,,,done,,done charging,1030.6794522758908,,,102.93161476567968
Car 361,,307905,3,,,start_charge,,starting to charge at Charger 3 (fid=307905),1030.6794522758908,,9.49871769614299,
Car 371,,,,55,,arrived,,arrived,1030.9181353311726,,,
Car 359,,,,,15,switch,,"Charger 15 (fid=57) not available, trying Charger 17 (fid=35)",1031.0609676546082,17,,
Car 360,,,,,15,switch,,"Charger 15 (fid=57) not available, trying Charger 17 (fid=35)",1031.7540161069728,17,,
Car 354,,,,,13,switch,,"Charger 13 (fid=5) not available, trying Charger 16 (fid=8)",1031.8022485212084,16,,
Car 372,,,,19,,arrived,,arrived,1032.366289923935,,,
Car 335,,,,,17,switch,,"Charger 17 (fid=35) not available, trying Charger 1 (fid=308702)",1032.830428420593,1,,
Car 355,,,,,5,switch,,"Charger 5 (fid=73) not available, trying Charger 16 (fid=8)",1032.8845666049367,16,,
Car 345,,,,,5,switch,,"Charger 5 (fid=73) not available, trying Charger 19 (fid=37)",1033.0797641179224,19,,
Car 373,,,,46,,arrived,,arrived,1033.5054392205898,,,
Car 364,,,,,19,switch,,"Charger 19 (fid=37) not available, trying Charger 13 (fid=5)",1033.5125851969835,13,,
Car 330,,,,,17,switch,,"Charger 17 (fid=35) not available, trying Charger 10 (fid=30)",1033.672403280507,10,,
Car 368,,,,,6,switch,,"Charger 6 (fid=60) not available, trying Charger 12 (fid=40)",1033.9020129477158,12,,
Car 369,,,,,7,switch,,"Charger 7 (fid=31) not available, trying Charger 1 (fid=308702)",1033.9291694173346,1,,
Car 343,,,,,6,switch,,"Charger 6 (fid=60) not available, trying Charger 19 (fid=37)",1034.0665155036288,19,,
Car 363,,,,,15,switch,,"Charger 15 (fid=57) not available, trying Charger 17 (fid=35)",1034.1045240781446,17,,
Car 370,,,,,2,switch,,"Charger 2 (fid=307904) not available, trying Charger 3 (fid=307905)",1034.6414036157632,3,,
Car 346,,,,,11,switch,,"Charger 11 (fid=33) not available, trying Charger 8 (fid=32)",1034.6416295217157,8,,
Car 354,,8,16,,,start_charge,,starting to charge at Charger 16 (fid=8),1034.7376164608281,,14.999999999999886,
Car 346,,32,8,,,start_charge,,starting to charge at Charger 8 (fid=32),1034.9107281980644,,29.999999999999886,
Car 362,,,,,5,switch,,"Charger 5 (fid=73) not available, trying Charger 19 (fid=37)",1034.978821911486,19,,
Car 356,,,,,17,switch,,"Charger 17 (fid=35) not available, trying Charger 0 (fid=308440)",1034.9931965468265,0,,
Car 374,,,,45,,arrived,,arrived,1035.2675639090028,,,
Car 366,,,,,15,switch,,"Charger 15 (fid=57) not available, trying Charger 0 (fid=308440)",1035.3511501181383,0,,
Car 375,,,,39,,arrived,,arrived,1035.4129147243143,,,
Car 371,,,,,15,switch,,"Charger 15 (fid=57) not available, trying Charger 17 (fid=35)",1035.9181353311726,17,,
Car 332,70.0,40,12,,,done,,done charging,1036.819356839072,,,192.19000550955928
Car 367,,40,12,,,start_charge,,starting to charge at Charger 12 (fid=40),1036.819356839072,,9.412426887285164,
Car 365,,,,,5,switch,,"Charger 5 (fid=73) not available, trying Charger 15 (fid=57)",1036.9664396178835,15,,
Car 307,80.0,35,17,,,done,,done charging,1037.2176665788384,,,370.4885821307792
Car 359,,35,17,,,start_charge,,starting to charge at Charger 17 (fid=35),1037.2176665788384,,14.787096668358913,
Car 372,,,,,0,switch,,"Charger 0 (fid=308440) not available, trying Charger 15 (fid=57)",1037.366289923935,15,,
Car 330,,30,10,,,start_charge,,starting to charge at Charger 10 (fid=30),1038.036572411646,,49.999999999999886,
Car 360,,,,,17,switch,,"Charger 17 (fid=35) not available, trying Charger 7 (fid=31)",1038.123618362844,7,,
Car 373,,,,,1,switch,,"Charger 1 (fid=308702) not available, trying Charger 7 (fid=31)",1038.5054392205898,7,,
Car 345,,,,,19,switch,,"Charger 19 (fid=37) not available, trying Charger 6 (fid=60)",1039.1544277161518,6,,
Car 357,,,,,4,switch,,"Charger 4 (fid=308108) not available, trying Charger 16 (fid=8)",1039.3048978982622,16,,
Car 369,,,,,1,switch,,"Charger 1 (fid=308702) not available, trying Charger 10 (fid=30)",1039.6325710163192,10,,
Car 376,,,,77,,arrived,,arrived,1039.8356620350048,,,
Car 370,,,,,3,switch,,"Charger 3 (fid=307905) not available, trying Charger 9 (fid=86)",1039.9050297973274,9,,
Car 374,,,,,6,switch,,"Charger 6 (fid=60) not available, trying Charger 12 (fid=40)",1040.2675639090028,12,,
Car 364,,,,,13,switch,,"Charger 13 (fid=5) not available, trying Charger 16 (fid=8)",1040.2996878381023,16,,
Car 375,,,,,6,switch,,"Charger 6 (fid=60) not available, trying Charger 12 (fid=40)",1040.4129147243143,12,,
Car 363,,,,,17,switch,,"Charger 17 (fid=35) not available, trying Charger 7 (fid=31)",1040.4741263340156,7,,
Car 355,,,,,16,switch,,"Charger 16 (fid=8) not available, trying Charger 1 (fid=308702)",1040.735292803862,1,,
Car 362,,,,,19,switch,,"Charger 19 (fid=37) not available, trying Charger 6 (fid=60)",1041.0534855097153,6,,
Car 368,,,,,12,switch,,"Charger 12 (fid=40) not available, trying Charger 16 (fid=8)",1041.2303546895184,16,,
Car 356,,,,,0,switch,,"Charger 0 (fid=308440) not available, trying Charger 9 (fid=86)",1041.9289368285927,9,,
Car 366,,,,,0,switch,,"Charger 0 (fid=308440) not available, trying Charger 2 (fid=307904)",1042.0907244336013,2,,
Car 335,,,,,1,switch,,"Charger 1 (fid=308702) not available, trying Charger 0 (fid=308440)",1042.2733457657741,0,,
Car 339,62.0,40,12,,,done,,done charging,1042.282003849724,,,193.9508670921604
Car 371,,,,,17,switch,,"Charger 17 (fid=35) not available, trying Charger 0 (fid=308440)",1042.2877375870437,0,,
Car 343,,,,,19,switch,,"Charger 19 (fid=37) not available, trying Charger 7 (fid=31)",1042.4196234847805,7,,
Car 374,,40,12,,,start_charge,,starting to charge at Charger 12 (fid=40),1042.5959056508054,,5.0,
Car 370,,86,9,,,start_charge,,starting to charge at Charger 9 (fid=86),1042.9955295305301,,10.0,
Car 377,,,,27,,arrived,,arrived,1043.314133409007,,,
Car 372,,,,,15,switch,,"Charger 15 (fid=57) not available, trying Charger 17 (fid=35)",1044.105864239398,17,,
Car 340,71.0,57,15,,,done,,done charging,1044.1263858123293,,,23.617248706405384
Car 365,,57,15,,,start_charge,,starting to charge at Charger 15 (fid=57),1044.1263858123293,,14.293063025043466,
Car 373,,,,,7,switch,,"Charger 7 (fid=31) not available, trying Charger 13 (fid=5)",1044.2088408195743,13,,
Car 376,,,,,6,switch,,"Charger 6 (fid=60) not available, trying Charger 12 (fid=40)",1044.8356620350048,12,,
Car 369,,,,,10,switch,,"Charger 10 (fid=30) not available, trying Charger 14 (fid=34)",1045.694403802553,14,,
Car 369,,34,14,,,start_charge,,starting to charge at Charger 14 (fid=34),1045.8811447134483,,15.0,
Car 325,96.0,308440,0,,,done,,done charging,1046.6539383435493,,,136.73927737693603
Car 371,,308440,0,,,start_charge,,starting to charge at Charger 0 (fid=308440),1046.6539383435493,,12.430460474739448,
Car 360,,,,,7,switch,,"Charger 7 (fid=31) not available, trying Charger 10 (fid=30)",1047.329389172595,10,,
Car 322,105.0,5,13,,,done,,done charging,1047.412504846408,,,244.51614937031866
Car 345,,,,,6,switch,,"Charger 6 (fid=60) not available, trying Charger 7 (fid=31)",1047.5075356973034,7,,
Car 375,,,,,12,switch,,"Charger 12 (fid=40) not available, trying Charger 16 (fid=8)",1047.741256466117,16,,
Car 373,,5,13,,,start_charge,,starting to charge at Charger 13 (fid=5),1048.002343840275,,10.0,
Car 364,,,,,16,switch,,"Charger 16 (fid=8) not available, trying Charger 15 (fid=57)",1048.235055777722,15,,
Car 377,,,,,7,switch,,"Charger 7 (fid=31) not available, trying Charger 11 (fid=33)",1048.314133409007,11,,
Car 378,,,,71,,arrived,,arrived,1048.932813783955,,,
Car 362,,,,,6,switch,,"Charger 6 (fid=60) not available, trying Charger 12 (fid=40)",1049.406593490867,12,,
Car 363,,,,,7,switch,,"Charger 7 (fid=31) not available, trying Charger 10 (fid=30)",1049.6798971437668,10,,
Car 379,,,,4,,arrived,,arrived,1050.1457159371457,,,
Car 380,,,,3,,arrived,,arrived,1050.2999815563408,,,
Car 335,,,,,0,switch,,"Charger 0 (fid=308440) not available, trying Charger 7 (fid=31)",1050.3837983931726,7,,
Car 381,,,,6,,arrived,,arrived,1050.4114672110677,,,
Car 372,,,,,17,switch,,"Charger 17 (fid=35) not available, trying Charger 7 (fid=31)",1050.475466495269,7,,
Car 368,,,,,16,switch,,"Charger 16 (fid=8) not available, trying Charger 5 (fid=73)",1050.5266146699557,5,,
Car 355,,,,,1,switch,,"Charger 1 (fid=308702) not available, trying Charger 7 (fid=31)",1050.58444672785,7,,
Car 357,,,,,16,switch,,"Charger 16 (fid=8) not available, trying Charger 2 (fid=307904)",1050.9796116514701,2,,
Car 343,,,,,7,switch,,"Charger 7 (fid=31) not available, trying Charger 10 (fid=30)",1051.0010923231632,10,,
Car 334,78.0,35,17,,,done,,done charging,1051.189540407859,,,20.34719147672096
Car 366,,,,,2,switch,,"Charger 2 (fid=307904) not available, trying Charger 3 (fid=307905)",1051.4272119324946,3,,
Car 382,,,,23,,arrived,,arrived,1052.124978259715,,,
Car 376,,,,,12,switch,,"Charger 12 (fid=40) not available, trying Charger 4 (fid=308108)",1052.1640037768075,4,,
Car 360,,,,,10,switch,,"Charger 10 (fid=30) not available, trying Charger 14 (fid=34)",1053.1540754233988,14,,
Car 378,,,,,15,switch,,"Charger 15 (fid=57) not available, trying Charger 0 (fid=308440)",1053.932813783955,0,,
Car 356,,,,,9,switch,,"Charger 9 (fid=86) not available, trying Charger 15 (fid=57)",1054.0922978791245,15,,
Car 383,,,,62,,arrived,,arrived,1054.432348649493,,,
Car 377,,,,,11,switch,,"Charger 11 (fid=33) not available, trying Charger 8 (fid=32)",1054.8385941478903,8,,
Car 384,,,,73,,arrived,,arrived,1054.9768908147732,,,
Car 377,,32,8,,,start_charge,,starting to charge at Charger 8 (fid=32),1055.107692824239,,10.0,
Car 379,,,,,6,switch,,"Charger 6 (fid=60) not available, trying Charger 2 (fid=307904)",1055.1457159371457,2,,
Car 385,,,,42,,arrived,,arrived,1055.1833073348869,,,
Car 380,,,,,6,switch,,"Charger 6 (fid=60) not available, trying Charger 12 (fid=40)",1055.2999815563408,12,,
Car 381,,,,,6,switch,,"Charger 6 (fid=60) not available, trying Charger 17 (fid=35)",1055.4114672110677,17,,
Car 363,,,,,10,switch,,"Charger 10 (fid=30) not available, trying Charger 14 (fid=34)",1055.5045833945705,14,,
Car 386,,,,63,,arrived,,arrived,1055.916855820048,,,
Car 355,,,,,7,switch,,"Charger 7 (fid=31) not available, trying Charger 11 (fid=33)",1056.2878483268346,11,,
Car 366,,,,,3,switch,,"Charger 3 (fid=307905) not available, trying Charger 5 (fid=73)",1056.6908381140588,5,,
Car 362,,,,,12,switch,,"Charger 12 (fid=40) not available, trying Charger 15 (fid=57)",1056.7349352326696,15,,
Car 343,,,,,10,switch,,"Charger 10 (fid=30) not available, trying Charger 14 (fid=34)",1056.825778573967,14,,
Car 375,,,,,16,switch,,"Charger 16 (fid=8) not available, trying Charger 5 (fid=73)",1057.0375164465543,5,,
Car 382,,,,,0,switch,,"Charger 0 (fid=308440) not available, trying Charger 17 (fid=35)",1057.124978259715,17,,
Car 364,,,,,15,switch,,"Charger 15 (fid=57) not available, trying Charger 6 (fid=60)",1057.4277962153092,6,,
Car 335,,,,,7,switch,,"Charger 7 (fid=31) not available, trying Charger 11 (fid=33)",1058.257104485141,11,,
Car 360,,,,,14,switch,,"Charger 14 (fid=34) not available, trying Charger 1 (fid=308702)",1058.340816334294,1,,
Car 368,,,,,5,switch,,"Charger 5 (fid=73) not available, trying Charger 17 (fid=35)",1058.377340868881,17,,
Car 345,,,,,7,switch,,"Charger 7 (fid=31) not available, trying Charger 10 (fid=30)",1058.5103536933518,10,,
Car 381,,35,17,,,start_charge,,starting to charge at Charger 17 (fid=35),1058.6367205802092,,5.0,
Car 387,,,,66,,arrived,,arrived,1059.3650197062202,,,
Car 388,,,,25,,arrived,,arrived,1059.419073113168,,,
Car 383,,,,,6,switch,,"Charger 6 (fid=60) not available, trying Charger 12 (fid=40)",1059.432348649493,12,,
Car 372,,,,,7,switch,,"Charger 7 (fid=31) not available, trying Charger 10 (fid=30)",1059.6812373050202,10,,
Car 337,65.0,64,18,,,done,,done charging,1059.9303893354286,,,216.9117998272602
Car 384,,,,,5,switch,,"Charger 5 (fid=73) not available, trying Charger 19 (fid=37)",1059.9768908147732,19,,
Car 295,54.0,33,11,,,done,,done charging,1060.1604552334147,,,450.572902365597
Car 355,,33,11,,,start_charge,,starting to charge at Charger 11 (fid=33),1060.1604552334147,,32.348146167696655,
Car 385,,,,,1,switch,,"Charger 1 (fid=308702) not available, trying Charger 7 (fid=31)",1060.1833073348869,7,,
Car 378,,,,,0,switch,,"Charger 0 (fid=308440) not available, trying Charger 17 (fid=35)",1060.672388099418,17,,
Car 363,,,,,14,switch,,"Charger 14 (fid=34) not available, trying Charger 1 (fid=308702)",1060.6913243054657,1,,
Car 389,,,,60,,arrived,,arrived,1060.7142814073616,,,
Car 386,,,,,13,switch,,"Charger 13 (fid=5) not available, trying Charger 16 (fid=8)",1060.916855820048,16,,
Car 376,,,,,4,switch,,"Charger 4 (fid=308108) not available, trying Charger 2 (fid=307904)",1061.279095585647,2,,
Car 343,,,,,14,switch,,"Charger 14 (fid=34) not available, trying Charger 1 (fid=308702)",1062.0125194848622,1,,
Car 380,,,,,12,switch,,"Charger 12 (fid=40) not available, trying Charger 16 (fid=8)",1062.6283232981434,16,,
Car 357,,,,,2,switch,,"Charger 2 (fid=307904) not available, trying Charger 3 (fid=307905)",1062.9292788518512,3,,
Car 390,,,,27,,arrived,,arrived,1063.0878991066097,,,
Car 382,,,,,17,switch,,"Charger 17 (fid=35) not available, trying Charger 15 (fid=57)",1064.060718541481,15,,
Car 379,,,,,2,switch,,"Charger 2 (fid=307904) not available, trying Charger 3 (fid=307905)",1064.147872449849,3,,
Car 345,,,,,10,switch,,"Charger 10 (fid=30) not available, trying Charger 14 (fid=34)",1064.3350399441556,14,,
Car 387,,,,,6,switch,,"Charger 6 (fid=60) not available, trying Charger 12 (fid=40)",1064.3650197062202,12,,
Car 388,,,,,11,switch,,"Charger 11 (fid=33) not available, trying Charger 8 (fid=32)",1064.419073113168,8,,
Car 360,,,,,1,switch,,"Charger 1 (fid=308702) not available, trying Charger 11 (fid=33)",1064.4736362804256,11,,
Car 353,52.0,308702,1,,,done,,done charging,1064.6593949740657,,,141.9503146929267
Car 363,,308702,1,,,start_charge,,starting to charge at Charger 1 (fid=308702),1064.6593949740657,,32.83525072246823,
Car 335,,,,,11,switch,,"Charger 11 (fid=33) not available, trying Charger 10 (fid=30)",1064.7815652240245,10,,
Car 391,,,,20,,arrived,,arrived,1064.817923349008,,,
Car 375,,,,,5,switch,,"Charger 5 (fid=73) not available, trying Charger 17 (fid=35)",1064.8882426454795,17,,
Car 358,46.0,86,9,,,done,,done charging,1064.9793526327169,,,109.0245919339664
Car 392,,,,4,,arrived,,arrived,1065.470782935683,,,
Car 372,,,,,10,switch,,"Charger 10 (fid=30) not available, trying Charger 14 (fid=34)",1065.505923555824,14,,
Car 389,,,,,6,switch,,"Charger 6 (fid=60) not available, trying Charger 12 (fid=40)",1065.7142814073616,12,,
Car 385,,,,,7,switch,,"Charger 7 (fid=31) not available, trying Charger 10 (fid=30)",1065.8867089338714,10,,
Car 356,,,,,15,switch,,"Charger 15 (fid=57) not available, trying Charger 6 (fid=60)",1065.897909703209,6,,
Car 384,,,,,19,switch,,"Charger 19 (fid=37) not available, trying Charger 13 (fid=5)",1066.0515544130026,13,,
Car 364,,,,,6,switch,,"Charger 6 (fid=60) not available, trying Charger 17 (fid=35)",1066.3191271406697,17,,
Car 383,,,,,12,switch,,"Charger 12 (fid=40) not available, trying Charger 5 (fid=73)",1066.7606903912956,5,,
Car 393,,,,14,,arrived,,arrived,1067.0499940913492,,,
Car 362,,,,,15,switch,,"Charger 15 (fid=57) not available, trying Charger 13 (fid=5)",1067.1489520760326,13,,
Car 368,,,,,17,switch,,"Charger 17 (fid=35) not available, trying Charger 19 (fid=37)",1067.2711478218669,19,,
Car 366,,,,,5,switch,,"Charger 5 (fid=73) not available, trying Charger 6 (fid=60)",1067.3369564855184,6,,
Car 394,,,,32,,arrived,,arrived,1067.4624127025456,,,
Car 378,,,,,17,switch,,"Charger 17 (fid=35) not available, trying Charger 7 (fid=31)",1067.608128381184,7,,
Car 395,,,,11,,arrived,,arrived,1067.8835682662495,,,
Car 390,,,,,0,switch,,"Charger 0 (fid=308440) not available, trying Charger 17 (fid=35)",1068.0878991066097,17,,
Car 343,,,,,1,switch,,"Charger 1 (fid=308702) not available, trying Charger 11 (fid=33)",1068.1453394309938,11,,
Car 357,,,,,3,switch,,"Charger 3 (fid=307905) not available, trying Charger 5 (fid=73)",1068.1929050334154,5,,
Car 396,,,,68,,arrived,,arrived,1068.3065993419282,,,
Car 397,,,,57,,arrived,,arrived,1068.4233227985046,,,
Car 386,,,,,16,switch,,"Charger 16 (fid=8) not available, trying Charger 19 (fid=37)",1068.8522237596678,19,,
Car 379,,,,,3,switch,,"Charger 3 (fid=307905) not available, trying Charger 17 (fid=35)",1069.4114986314132,17,,
Car 345,,,,,14,switch,,"Charger 14 (fid=34) not available, trying Charger 1 (fid=308702)",1069.5217808550508,1,,
Car 398,,,,47,,arrived,,arrived,1069.5417970296212,,,
Car 328,95.0,37,19,,,done,,done charging,1069.5857305314703,,,252.1405054932306
Car 388,,,,,8,switch,,"Charger 8 (fid=32) not available, trying Charger 10 (fid=30)",1069.6881717895167,10,,
Car 376,,,,,2,switch,,"Charger 2 (fid=307904) not available, trying Charger 3 (fid=307905)",1069.7852286002783,3,,
Car 391,,,,,0,switch,,"Charger 0 (fid=308440) not available, trying Charger 15 (fid=57)",1069.817923349008,15,,
Car 382,,,,,15,switch,,"Charger 15 (fid=57) not available, trying Charger 2 (fid=307904)",1070.4303207973521,2,,
Car 392,,,,,6,switch,,"Charger 6 (fid=60) not available, trying Charger 2 (fid=307904)",1070.470782935683,2,,
Car 399,,,,61,,arrived,,arrived,1070.539999624642,,,
Car 335,,,,,10,switch,,"Charger 10 (fid=30) not available, trying Charger 8 (fid=32)",1070.5970934631014,8,,
Car 400,,,,77,,arrived,,arrived,1070.6372811415445,,,
Car 372,,,,,14,switch,,"Charger 14 (fid=34) not available, trying Charger 1 (fid=308702)",1070.6926644667192,1,,
Car 401,,,,56,,arrived,,arrived,1071.078996448864,,,
Car 360,,,,,11,switch,,"Charger 11 (fid=33) not available, trying Charger 8 (fid=32)",1071.2352435547389,8,,
Car 368,,37,19,,,start_charge,,starting to charge at Charger 19 (fid=37),1071.369312493384,,25.0,
Car 402,,,,27,,arrived,,arrived,1071.5930053272878,,,
Car 387,,,,,12,switch,,"Charger 12 (fid=40) not available, trying Charger 16 (fid=8)",1071.6933614480229,16,,
Car 385,,,,,10,switch,,"Charger 10 (fid=30) not available, trying Charger 14 (fid=34)",1071.7113951846752,14,,
Car 380,,,,,16,switch,,"Charger 16 (fid=8) not available, trying Charger 5 (fid=73)",1071.9245832785807,5,,
Car 393,,,,,17,switch,,"Charger 17 (fid=35) not available, trying Charger 15 (fid=57)",1072.0499940913492,15,,
Car 403,,,,4,,arrived,,arrived,1072.1337188402626,,,
Car 394,,,,,17,switch,,"Charger 17 (fid=35) not available, trying Charger 15 (fid=57)",1072.4624127025456,15,,
Car 384,,,,,13,switch,,"Charger 13 (fid=5) not available, trying Charger 16 (fid=8)",1072.8386570541213,16,,
Car 331,77.0,308702,1,,,done,,done charging,1072.8478568044807,,,270.1505183671852
Car 345,,308702,1,,,start_charge,,starting to charge at Charger 1 (fid=308702),1072.8478568044807,,57.1932560032983,
Car 395,,,,,6,switch,,"Charger 6 (fid=60) not available, trying Charger 5 (fid=73)",1072.8835682662495,5,,
Car 389,,,,,12,switch,,"Charger 12 (fid=40) not available, trying Charger 5 (fid=73)",1073.0426231491642,5,,
Car 396,,,,,0,switch,,"Charger 0 (fid=308440) not available, trying Charger 15 (fid=57)",1073.3065993419282,15,,
Car 397,,,,,15,switch,,"Charger 15 (fid=57) not available, trying Charger 17 (fid=35)",1073.4233227985046,17,,
Car 375,,,,,17,switch,,"Charger 17 (fid=35) not available, trying Charger 19 (fid=37)",1073.7820495984654,19,,
Car 404,,,,8,,arrived,,arrived,1074.0654286130402,,,
Car 405,,,,37,,arrived,,arrived,1074.346843401172,,,
Car 398,,,,,7,switch,,"Charger 7 (fid=31) not available, trying Charger 1 (fid=308702)",1074.5417970296212,1,,
Car 364,,,,,17,switch,,"Charger 17 (fid=35) not available, trying Charger 1 (fid=308702)",1074.5443805098112,1,,
Car 356,,,,,6,switch,,"Charger 6 (fid=60) not available, trying Charger 4 (fid=308108)",1074.7892406285696,4,,
Car 343,,,,,11,switch,,"Charger 11 (fid=33) not available, trying Charger 8 (fid=32)",1074.906946705307,8,,
Car 390,,,,,17,switch,,"Charger 17 (fid=35) not available, trying Charger 15 (fid=57)",1075.0236393883758,15,,
Car 376,,,,,3,switch,,"Charger 3 (fid=307905) not available, trying Charger 18 (fid=64)",1075.0488547818425,18,,
Car 366,,,,,6,switch,,"Charger 6 (fid=60) not available, trying Charger 19 (fid=37)",1075.366145507038,19,,
Car 388,,,,,10,switch,,"Charger 10 (fid=30) not available, trying Charger 14 (fid=34)",1075.5204915281226,14,,
Car 399,,,,,6,switch,,"Charger 6 (fid=60) not available, trying Charger 12 (fid=40)",1075.539999624642,12,,
Car 320,83.0,307904,2,,,done,,done charging,1075.6323161883774,,,331.42889809475196
Car 382,,307904,2,,,start_charge,,starting to charge at Charger 2 (fid=307904),1075.6323161883774,,16.22325711857934,
Car 400,,,,,6,switch,,"Charger 6 (fid=60) not available, trying Charger 12 (fid=40)",1075.6372811415445,12,,
Car 401,,,,,15,switch,,"Charger 15 (fid=57) not available, trying Charger 0 (fid=308440)",1076.078996448864,0,,
Car 362,,,,,13,switch,,"Charger 13 (fid=5) not available, trying Charger 17 (fid=35)",1076.2345373819826,17,,
Car 383,,,,,5,switch,,"Charger 5 (fid=73) not available, trying Charger 17 (fid=35)",1076.3085179566137,17,,
Car 335,,,,,8,switch,,"Charger 8 (fid=32) not available, trying Charger 4 (fid=308108)",1076.4294132017073,4,,
Car 360,,,,,8,switch,,"Charger 8 (fid=32) not available, trying Charger 5 (fid=73)",1076.5043422310875,5,,
Car 391,,,,,15,switch,,"Charger 15 (fid=57) not available, trying Charger 17 (fid=35)",1076.557497664471,17,,
Car 402,,,,,0,switch,,"Charger 0 (fid=308440) not available, trying Charger 17 (fid=35)",1076.5930053272878,17,,
Car 378,,,,,7,switch,,"Charger 7 (fid=31) not available, trying Charger 5 (fid=73)",1076.8138991909352,5,,
Car 372,,,,,1,switch,,"Charger 1 (fid=308702) not available, trying Charger 11 (fid=33)",1076.8254844128508,11,,
Car 385,,,,,14,switch,,"Charger 14 (fid=34) not available, trying Charger 11 (fid=33)",1076.8981360955704,11,,
Car 386,,,,,19,switch,,"Charger 19 (fid=37) not available, trying Charger 5 (fid=73)",1076.9333669673545,5,,
Car 403,,,,,6,switch,,"Charger 6 (fid=60) not available, trying Charger 2 (fid=307904)",1077.1337188402626,2,,
Car 379,,,,,17,switch,,"Charger 17 (fid=35) not available, trying Charger 15 (fid=57)",1077.2633879212965,15,,
Car 312,103.0,31,7,,,done,,done charging,1077.60995848094,,,298.33635423728964
Car 406,,,,27,,arrived,,arrived,1078.1158963015623,,,
Car 393,,,,,15,switch,,"Charger 15 (fid=57) not available, trying Charger 0 (fid=308440)",1078.4195963472202,0,,
Car 302,97.0,8,16,,,done,,done charging,1078.6909420911466,,,529.8504381737437
Car 404,,8,16,,,start_charge,,starting to charge at Charger 16 (fid=8),1078.6909420911466,,4.625513478106313,
Car 394,,,,,15,switch,,"Charger 15 (fid=57) not available, trying Charger 0 (fid=308440)",1078.8320149584167,0,,
Car 357,,,,,5,switch,,"Charger 5 (fid=73) not available, trying Charger 18 (fid=64)",1078.839023404875,18,,
Car 376,,64,18,,,start_charge,,starting to charge at Charger 18 (fid=64),1079.3312823075992,,25.0,
Car 405,,,,,19,switch,,"Charger 19 (fid=37) not available, trying Charger 5 (fid=73)",1079.346843401172,5,,
Car 407,,,,35,,arrived,,arrived,1079.4319537623337,,,
Car 392,,,,,2,switch,,"Charger 2 (fid=307904) not available, trying Charger 3 (fid=307905)",1079.4729394483863,3,,
Car 380,,,,,5,switch,,"Charger 5 (fid=73) not available, trying Charger 17 (fid=35)",1079.775309477506,17,,
Car 397,,,,,17,switch,,"Charger 17 (fid=35) not available, trying Charger 0 (fid=308440)",1079.7929250543757,0,,
Car 396,,,,,15,switch,,"Charger 15 (fid=57) not available, trying Charger 17 (fid=35)",1080.0461736573911,17,,
Car 343,,,,,8,switch,,"Charger 8 (fid=32) not available, trying Charger 13 (fid=5)",1080.1760453816557,13,,
Car 398,,,,,1,switch,,"Charger 1 (fid=308702) not available, trying Charger 11 (fid=33)",1080.2451986286057,11,,
Car 388,,,,,14,switch,,"Charger 14 (fid=34) not available, trying Charger 7 (fid=31)",1080.7072324390178,7,,
Car 384,,,,,16,switch,,"Charger 16 (fid=8) not available, trying Charger 15 (fid=57)",1080.774024993741,15,,
Car 395,,,,,5,switch,,"Charger 5 (fid=73) not available, trying Charger 15 (fid=57)",1080.9127572877692,15,,
Car 387,,,,,16,switch,,"Charger 16 (fid=8) not available, trying Charger 5 (fid=73)",1080.9896214284602,5,,
Car 336,76.0,31,7,,,done,,done charging,1081.3451100696193,,,315.9988016243655
Car 390,,,,,15,switch,,"Charger 15 (fid=57) not available, trying Charger 2 (fid=307904)",1081.393241644247,2,,
Car 388,,31,7,,,start_charge,,starting to charge at Charger 7 (fid=31),1081.6029058497195,,20.0,
Car 408,,,,27,,arrived,,arrived,1081.9479277424366,,,
Car 409,,,,4,,arrived,,arrived,1082.1560300058113,,,
Car 389,,,,,5,switch,,"Charger 5 (fid=73) not available, trying Charger 17 (fid=35)",1082.5904507144824,17,,
Car 385,,,,,11,switch,,"Charger 11 (fid=33) not available, trying Charger 8 (fid=32)",1082.7846514945452,8,,
Car 401,,,,,0,switch,,"Charger 0 (fid=308440) not available, trying Charger 17 (fid=35)",1082.818570764327,17,,
Car 410,,,,4,,arrived,,arrived,1082.8219749487105,,,
Car 399,,,,,12,switch,,"Charger 12 (fid=40) not available, trying Charger 16 (fid=8)",1082.8683413664446,16,,
Car 375,,,,,19,switch,,"Charger 19 (fid=37) not available, trying Charger 4 (fid=308108)",1082.8802142699826,4,,
Car 391,,,,,17,switch,,"Charger 17 (fid=35) not available, trying Charger 7 (fid=31)",1082.927099920342,7,,
Car 400,,,,,12,switch,,"Charger 12 (fid=40) not available, trying Charger 4 (fid=308108)",1082.9656228833471,4,,
Car 386,,,,,5,switch,,"Charger 5 (fid=73) not available, trying Charger 1 (fid=308702)",1083.0080305655838,1,,
Car 406,,,,,0,switch,,"Charger 0 (fid=308440) not available, trying Charger 17 (fid=35)",1083.1158963015623,17,,
Car 344,92.0,64,18,,,done,,done charging,1083.195349781895,,,174.79677049365708
Car 411,,,,7,,arrived,,arrived,1083.3316227533796,,,
Car 402,,,,,17,switch,,"Charger 17 (fid=35) not available, trying Charger 15 (fid=57)",1083.5287456090539,15,,
Car 372,,,,,11,switch,,"Charger 11 (fid=33) not available, trying Charger 8 (fid=32)",1083.587091687164,8,,
Car 379,,,,,15,switch,,"Charger 15 (fid=57) not available, trying Charger 12 (fid=40)",1083.6329901771676,12,,
Car 366,,,,,19,switch,,"Charger 19 (fid=37) not available, trying Charger 7 (fid=31)",1083.7192534881897,7,,
Car 412,,,,52,,arrived,,arrived,1083.7355255322734,,,
Car 364,,,,,1,switch,,"Charger 1 (fid=308702) not available, trying Charger 7 (fid=31)",1083.9872978549922,7,,
Car 356,,,,,4,switch,,"Charger 4 (fid=308108) not available, trying Charger 18 (fid=64)",1084.0118089897483,18,,
Car 407,,,,,17,switch,,"Charger 17 (fid=35) not available, trying Charger 15 (fid=57)",1084.4319537623337,15,,
Car 364,,31,7,,,start_charge,,starting to charge at Charger 7 (fid=31),1084.6906994539768,,40.000000000000114,
Car 392,,,,,3,switch,,"Charger 3 (fid=307905) not available, trying Charger 17 (fid=35)",1084.7365656299505,17,,
Car 393,,,,,0,switch,,"Charger 0 (fid=308440) not available, trying Charger 2 (fid=307904)",1085.1591706626832,2,,
Car 383,,,,,17,switch,,"Charger 17 (fid=35) not available, trying Charger 19 (fid=37)",1085.2023249095996,19,,
Car 405,,,,,5,switch,,"Charger 5 (fid=73) not available, trying Charger 13 (fid=5)",1085.4215069994013,13,,
Car 394,,,,,0,switch,,"Charger 0 (fid=308440) not available, trying Charger 2 (fid=307904)",1085.5715892738797,2,,
Car 356,,64,18,,,start_charge,,starting to charge at Charger 18 (fid=64),1085.8527457815662,,40.0,
Car 378,,,,,5,switch,,"Charger 5 (fid=73) not available, trying Charger 10 (fid=30)",1086.0733364744701,10,,
Car 403,,,,,2,switch,,"Charger 2 (fid=307904) not available, trying Charger 3 (fid=307905)",1086.135875352966,3,,
Car 413,,,,4,,arrived,,arrived,1086.317569479382,,,
Car 396,,,,,17,switch,,"Charger 17 (fid=35) not available, trying Charger 7 (fid=31)",1086.4157759132622,7,,
Car 362,,,,,17,switch,,"Charger 17 (fid=35) not available, trying Charger 0 (fid=308440)",1086.4217486328578,0,,
Car 397,,,,,0,switch,,"Charger 0 (fid=308440) not available, trying Charger 5 (fid=73)",1086.7286653361418,5,,
Car 360,,,,,5,switch,,"Charger 5 (fid=73) not available, trying Charger 2 (fid=307904)",1086.8387766894803,2,,
Car 408,,,,,0,switch,,"Charger 0 (fid=308440) not available, trying Charger 17 (fid=35)",1086.9479277424366,17,,
Car 398,,,,,11,switch,,"Charger 11 (fid=33) not available, trying Charger 8 (fid=32)",1087.006805902919,8,,
Car 409,,,,,13,switch,,"Charger 13 (fid=5) not available, trying Charger 19 (fid=37)",1087.1560300058113,19,,
Car 341,97.0,33,11,,,done,,done charging,1087.4208752027482,,,67.93350231511175
Car 414,,,,115,,arrived,,arrived,1087.4594275516952,,,
Car 415,,,,45,,arrived,,arrived,1087.6265474968266,,,
Car 416,,,,8,,arrived,,arrived,1087.6392487759672,,,
Car 410,,,,,6,switch,,"Charger 6 (fid=60) not available, trying Charger 2 (fid=307904)",1087.8219749487105,2,,
Car 385,,,,,8,switch,,"Charger 8 (fid=32) not available, trying Charger 19 (fid=37)",1088.0537501708939,19,,
Car 411,,,,,4,switch,,"Charger 4 (fid=308108) not available, trying Charger 2 (fid=307904)",1088.3316227533796,2,,
Car 380,,,,,17,switch,,"Charger 17 (fid=35) not available, trying Charger 19 (fid=37)",1088.6691164304918,19,,
Car 412,,,,,2,switch,,"Charger 2 (fid=307904) not available, trying Charger 3 (fid=307905)",1088.7355255322734,3,,
Car 395,,,,,15,switch,,"Charger 15 (fid=57) not available, trying Charger 19 (fid=37)",1088.7796404571716,19,,
Car 387,,,,,5,switch,,"Charger 5 (fid=73) not available, trying Charger 19 (fid=37)",1088.8403476273854,19,,
Car 372,,,,,8,switch,,"Charger 8 (fid=32) not available, trying Charger 5 (fid=73)",1088.8561903635127,5,,
Car 343,,,,,13,switch,,"Charger 13 (fid=5) not available, trying Charger 16 (fid=8)",1088.997483000123,16,,
Car 417,,,,83,,arrived,,arrived,1089.0820652336902,,,
Car 418,,,,42,,arrived,,arrived,1089.0824263439872,,,
Car 401,,,,,17,switch,,"Charger 17 (fid=35) not available, trying Charger 5 (fid=73)",1089.754311046093,5,,
Car 402,,,,,15,switch,,"Charger 15 (fid=57) not available, trying Charger 2 (fid=307904)",1089.898347864925,2,,
Car 384,,,,,15,switch,,"Charger 15 (fid=57) not available, trying Charger 6 (fid=60)",1089.9667654313282,6,,
Car 406,,,,,17,switch,,"Charger 17 (fid=35) not available, trying Charger 15 (fid=57)",1090.0516365833284,15,,
Car 359,53.0,35,17,,,done,,done charging,1090.2176665788384,,,169.4978659812736
Car 389,,35,17,,,start_charge,,starting to charge at Charger 17 (fid=35),1090.2176665788384,,18.733408911370134,
Car 390,,,,,2,switch,,"Charger 2 (fid=307904) not available, trying Charger 3 (fid=307905)",1090.371979916693,3,,
Car 407,,,,,15,switch,,"Charger 15 (fid=57) not available, trying Charger 0 (fid=308440)",1090.8015560182048,0,,
Car 335,,,,,4,switch,,"Charger 4 (fid=308108) not available, trying Charger 14 (fid=34)",1091.2408518834045,14,,
Car 357,,,,,18,switch,,"Charger 18 (fid=64) not available, trying Charger 17 (fid=35)",1091.2613271762546,17,,
Car 413,,,,,6,switch,,"Charger 6 (fid=60) not available, trying Charger 2 (fid=307904)",1091.317569479382,2,,
Car 403,,,,,3,switch,,"Charger 3 (fid=307905) not available, trying Charger 17 (fid=35)",1091.3995015345301,17,,
Car 386,,,,,1,switch,,"Charger 1 (fid=308702) not available, trying Charger 7 (fid=31)",1091.929102472527,7,,
Car 400,,,,,4,switch,,"Charger 4 (fid=308108) not available, trying Charger 2 (fid=307904)",1092.0807146921866,2,,
Car 391,,,,,7,switch,,"Charger 7 (fid=31) not available, trying Charger 10 (fid=30)",1092.1328707300931,10,,
Car 399,,,,,16,switch,,"Charger 16 (fid=8) not available, trying Charger 5 (fid=73)",1092.164601346882,5,,
Car 398,,,,,8,switch,,"Charger 8 (fid=32) not available, trying Charger 10 (fid=30)",1092.2759045792677,10,,
Car 366,,,,,7,switch,,"Charger 7 (fid=31) not available, trying Charger 10 (fid=30)",1092.3007223265724,10,,
Car 414,,,,,0,switch,,"Charger 0 (fid=308440) not available, trying Charger 15 (fid=57)",1092.4594275516952,15,,
Car 338,82.0,73,5,,,done,,done charging,1092.4748871512184,,,299.84623108952667
Car 397,,73,5,,,start_charge,,starting to charge at Charger 5 (fid=73),1092.4748871512184,,16.48244280249878,
Car 392,,,,,17,switch,,"Charger 17 (fid=35) not available, trying Charger 15 (fid=57)",1092.5884549198338,15,,
Car 415,,,,,6,switch,,"Charger 6 (fid=60) not available, trying Charger 12 (fid=40)",1092.6265474968266,12,,
Car 416,,,,,16,switch,,"Charger 16 (fid=8) not available, trying Charger 5 (fid=73)",1092.6392487759672,5,,
Car 405,,,,,13,switch,,"Charger 13 (fid=5) not available, trying Charger 15 (fid=57)",1092.886578085672,15,,
Car 362,,,,,0,switch,,"Charger 0 (fid=308440) not available, trying Charger 1 (fid=308702)",1093.357488914624,1,,
Car 408,,,,,17,switch,,"Charger 17 (fid=35) not available, trying Charger 15 (fid=57)",1093.8836680242027,15,,
Car 409,,,,,19,switch,,"Charger 19 (fid=37) not available, trying Charger 5 (fid=73)",1093.94313264693,5,,
Car 412,,,,,3,switch,,"Charger 3 (fid=307905) not available, trying Charger 4 (fid=308108)",1093.9991517138376,4,,
Car 379,,,,,12,switch,,"Charger 12 (fid=40) not available, trying Charger 4 (fid=308108)",1094.0470070205306,4,,
Car 417,,,,,2,switch,,"Charger 2 (fid=307904) not available, trying Charger 3 (fid=307905)",1094.0820652336902,3,,
Car 418,,,,,1,switch,,"Charger 1 (fid=308702) not available, trying Charger 7 (fid=31)",1094.0824263439872,7,,
Car 383,,,,,19,switch,,"Charger 19 (fid=37) not available, trying Charger 16 (fid=8)",1094.3004895811168,16,,
Car 375,,,,,4,switch,,"Charger 4 (fid=308108) not available, trying Charger 18 (fid=64)",1094.4372242102995,18,,
Car 393,,,,,2,switch,,"Charger 2 (fid=307904) not available, trying Charger 3 (fid=307905)",1094.4956581615766,3,,
Car 367,58.0,40,12,,,done,,done charging,1094.819356839072,,,204.15431890605544
Car 394,,,,,2,switch,,"Charger 2 (fid=307904) not available, trying Charger 3 (fid=307905)",1094.908076772773,3,,
Car 346,60.0,32,8,,,done,,done charging,1094.9107281980644,,,276.30734415144985
Car 387,,,,,19,switch,,"Charger 19 (fid=37) not available, trying Charger 13 (fid=5)",1094.9150112256148,13,,
Car 415,,40,12,,,start_charge,,starting to charge at Charger 12 (fid=40),1094.9548892386292,,5.0,
Car 324,74.0,5,13,,,done,,done charging,1095.551733349338,,,414.5282229383652
Car 396,,,,,7,switch,,"Charger 7 (fid=31) not available, trying Charger 10 (fid=30)",1095.6215467230134,10,,
Car 390,,,,,3,switch,,"Charger 3 (fid=307905) not available, trying Charger 7 (fid=31)",1095.635606098257,7,,
Car 378,,,,,10,switch,,"Charger 10 (fid=30) not available, trying Charger 14 (fid=34)",1095.6912049452544,14,,
Car 406,,,,,15,switch,,"Charger 15 (fid=57) not available, trying Charger 2 (fid=307904)",1096.4212388391995,2,,
Car 387,,5,13,,,start_charge,,starting to charge at Charger 13 (fid=5),1096.7021138667335,,25.0,
Car 395,,,,,19,switch,,"Charger 19 (fid=37) not available, trying Charger 17 (fid=35)",1096.7761791837636,17,,
Car 410,,,,,2,switch,,"Charger 2 (fid=307904) not available, trying Charger 3 (fid=307905)",1096.8241314614138,3,,
Car 411,,,,,2,switch,,"Charger 2 (fid=307904) not available, trying Charger 3 (fid=307905)",1096.837755768011,3,,
Car 343,,,,,16,switch,,"Charger 16 (fid=8) not available, trying Charger 12 (fid=40)",1096.9328509397428,12,,
Car 419,,,,45,,arrived,,arrived,1097.2253003997134,,,
Car 360,,,,,2,switch,,"Charger 2 (fid=307904) not available, trying Charger 3 (fid=307905)",1097.4685582293191,3,,
Car 407,,,,,0,switch,,"Charger 0 (fid=308440) not available, trying Charger 2 (fid=307904)",1097.5411303336678,2,,
Car 386,,,,,7,switch,,"Charger 7 (fid=31) not available, trying Charger 15 (fid=57)",1097.6325040715114,15,,
Car 385,,,,,19,switch,,"Charger 19 (fid=37) not available, trying Charger 15 (fid=57)",1097.7102161841344,15,,
Car 354,63.0,8,16,,,done,,done charging,1097.7376164608281,,,237.46549237048123
Car 383,,8,16,,,start_charge,,starting to charge at Charger 16 (fid=8),1097.7376164608281,,25.35598367202465,
Car 380,,,,,19,switch,,"Charger 19 (fid=37) not available, trying Charger 4 (fid=308108)",1097.767281102009,4,,
Car 391,,,,,10,switch,,"Charger 10 (fid=30) not available, trying Charger 14 (fid=34)",1097.957556980897,14,,
Car 398,,,,,10,switch,,"Charger 10 (fid=30) not available, trying Charger 14 (fid=34)",1098.1082243178737,14,,
Car 366,,,,,10,switch,,"Charger 10 (fid=30) not available, trying Charger 14 (fid=34)",1098.1254085773762,14,,
Car 420,,,,81,,arrived,,arrived,1098.168292688942,,,
Car 401,,,,,5,switch,,"Charger 5 (fid=73) not available, trying Charger 19 (fid=37)",1098.648117999079,19,,
Car 384,,,,,6,switch,,"Charger 6 (fid=60) not available, trying Charger 17 (fid=35)",1098.8580963566887,17,,
Car 402,,,,,2,switch,,"Charger 2 (fid=307904) not available, trying Charger 3 (fid=307905)",1098.877086137371,3,,
Car 392,,,,,15,switch,,"Charger 15 (fid=57) not available, trying Charger 12 (fid=40)",1098.9580571757049,12,,
Car 372,,,,,5,switch,,"Charger 5 (fid=73) not available, trying Charger 2 (fid=307904)",1099.1906248219054,2,,
Car 414,,,,,15,switch,,"Charger 15 (fid=57) not available, trying Charger 17 (fid=35)",1099.1990018671581,17,,
Car 403,,,,,17,switch,,"Charger 17 (fid=35) not available, trying Charger 15 (fid=57)",1099.2513908244134,15,,
Car 417,,,,,3,switch,,"Charger 3 (fid=307905) not available, trying Charger 17 (fid=35)",1099.3456914152544,17,,
Car 393,,,,,3,switch,,"Charger 3 (fid=307905) not available, trying Charger 5 (fid=73)",1099.7592843431407,5,,
Car 418,,,,,7,switch,,"Charger 7 (fid=31) not available, trying Charger 10 (fid=30)",1099.7858279429718,10,,
Car 399,,,,,5,switch,,"Charger 5 (fid=73) not available, trying Charger 17 (fid=35)",1100.0153275458072,17,,
Car 409,,,,,5,switch,,"Charger 5 (fid=73) not available, trying Charger 16 (fid=8)",1100.0177962451594,16,,
Car 394,,,,,3,switch,,"Charger 3 (fid=307905) not available, trying Charger 5 (fid=73)",1100.1717029543372,5,,
Car 408,,,,,15,switch,,"Charger 15 (fid=57) not available, trying Charger 2 (fid=307904)",1100.2532702800738,2,,
Car 421,,,,74,,arrived,,arrived,1100.271922789725,,,
Car 413,,,,,2,switch,,"Charger 2 (fid=307904) not available, trying Charger 3 (fid=307905)",1100.3197259920853,3,,
Car 416,,,,,5,switch,,"Charger 5 (fid=73) not available, trying Charger 13 (fid=5)",1100.4899749748924,13,,
Car 400,,,,,2,switch,,"Charger 2 (fid=307904) not available, trying Charger 3 (fid=307905)",1100.586847706818,3,,
Car 422,,,,4,,arrived,,arrived,1100.8000785983982,,,
Car 378,,,,,14,switch,,"Charger 14 (fid=34) not available, trying Charger 1 (fid=308702)",1100.8779458561496,1,,
Car 375,,,,,18,switch,,"Charger 18 (fid=64) not available, trying Charger 15 (fid=57)",1101.2781610021175,15,,
Car 396,,,,,10,switch,,"Charger 10 (fid=30) not available, trying Charger 14 (fid=34)",1101.4462329738171,14,,
Car 362,,,,,1,switch,,"Charger 1 (fid=308702) not available, trying Charger 7 (fid=31)",1101.4679415420223,7,,
Car 405,,,,,15,switch,,"Charger 15 (fid=57) not available, trying Charger 16 (fid=8)",1101.972163391622,16,,
Car 410,,,,,3,switch,,"Charger 3 (fid=307905) not available, trying Charger 17 (fid=35)",1102.087757642978,17,,
Car 411,,,,,3,switch,,"Charger 3 (fid=307905) not available, trying Charger 18 (fid=64)",1102.1013819495752,18,,
Car 419,,,,,6,switch,,"Charger 6 (fid=60) not available, trying Charger 12 (fid=40)",1102.2253003997134,12,,
Car 412,,,,,4,switch,,"Charger 4 (fid=308108) not available, trying Charger 18 (fid=64)",1102.5216215600897,18,,
Car 360,,,,,3,switch,,"Charger 3 (fid=307905) not available, trying Charger 19 (fid=37)",1102.7321844108833,19,,
Car 423,,,,26,,arrived,,arrived,1103.0048443898932,,,
Car 357,,,,,17,switch,,"Charger 17 (fid=35) not available, trying Charger 19 (fid=37)",1103.1156809787096,19,,
Car 391,,,,,14,switch,,"Charger 14 (fid=34) not available, trying Charger 1 (fid=308702)",1103.1442978917921,1,,
Car 379,,,,,4,switch,,"Charger 4 (fid=308108) not available, trying Charger 5 (fid=73)",1103.16209882937,5,,
Car 420,,,,,2,switch,,"Charger 2 (fid=307904) not available, trying Charger 3 (fid=307905)",1103.168292688942,3,,
Car 424,,,,10,,arrived,,arrived,1103.200980331994,,,
Car 398,,,,,14,switch,,"Charger 14 (fid=34) not available, trying Charger 13 (fid=5)",1103.294965228769,13,,
Car 366,,,,,14,switch,,"Charger 14 (fid=34) not available, trying Charger 1 (fid=308702)",1103.3121494882714,1,,
Car 402,,,,,3,switch,,"Charger 3 (fid=307905) not available, trying Charger 7 (fid=31)",1104.1407123189351,7,,
Car 425,,,,26,,arrived,,arrived,1104.4843900430917,,,
Car 425,,33,11,,,start_charge,,starting to charge at Charger 11 (fid=33),1104.4843900430917,,0.0,
Car 426,,,,124,,arrived,,arrived,1104.6684117772488,,,
Car 401,,,,,19,switch,,"Charger 19 (fid=37) not available, trying Charger 1 (fid=308702)",1104.7227815973083,1,,
Car 427,,,,57,,arrived,,arrived,1105.0719626877776,,,
Car 421,,,,,2,switch,,"Charger 2 (fid=307904) not available, trying Charger 3 (fid=307905)",1105.271922789725,3,,
Car 406,,,,,2,switch,,"Charger 2 (fid=307904) not available, trying Charger 3 (fid=307905)",1105.3999771116455,3,,
Car 335,,,,,14,switch,,"Charger 14 (fid=34) not available, trying Charger 2 (fid=307904)",1105.4067117373909,2,,
Car 342,114.0,60,6,,,done,,done charging,1105.543470755866,,,193.9508670921604
Car 422,,60,6,,,start_charge,,starting to charge at Charger 6 (fid=60),1105.543470755866,,4.743392157467952,
Car 414,,,,,17,switch,,"Charger 17 (fid=35) not available, trying Charger 7 (fid=31)",1105.5686041230292,7,,
Car 413,,,,,3,switch,,"Charger 3 (fid=307905) not available, trying Charger 17 (fid=35)",1105.5833521736495,17,,
Car 418,,,,,10,switch,,"Charger 10 (fid=30) not available, trying Charger 14 (fid=34)",1105.6105141937755,14,,
Car 403,,,,,15,switch,,"Charger 15 (fid=57) not available, trying Charger 12 (fid=40)",1105.6209930802845,12,,
Car 385,,,,,15,switch,,"Charger 15 (fid=57) not available, trying Charger 13 (fid=5)",1105.7067549107264,13,,
Car 400,,,,,3,switch,,"Charger 3 (fid=307905) not available, trying Charger 18 (fid=64)",1105.850473888382,18,,
Car 395,,,,,17,switch,,"Charger 17 (fid=35) not available, trying Charger 0 (fid=308440)",1105.8743438552808,0,,
Car 343,,,,,12,switch,,"Charger 12 (fid=40) not available, trying Charger 9 (fid=86)",1106.2291109201801,9,,
Car 386,,,,,15,switch,,"Charger 15 (fid=57) not available, trying Charger 10 (fid=30)",1106.3809272918975,10,,
Car 396,,,,,14,switch,,"Charger 14 (fid=34) not available, trying Charger 1 (fid=308702)",1106.6329738847123,1,,
Car 407,,,,,2,switch,,"Charger 2 (fid=307904) not available, trying Charger 3 (fid=307905)",1106.877617832561,3,,
Car 378,,,,,1,switch,,"Charger 1 (fid=308702) not available, trying Charger 19 (fid=37)",1107.0107658022812,19,,
Car 384,,,,,17,switch,,"Charger 17 (fid=35) not available, trying Charger 1 (fid=308702)",1107.0833497258302,1,,
Car 362,,,,,7,switch,,"Charger 7 (fid=31) not available, trying Charger 10 (fid=30)",1107.171343141007,10,,
Car 417,,,,,17,switch,,"Charger 17 (fid=35) not available, trying Charger 0 (fid=308440)",1107.1975807051376,0,,
Car 390,,,,,7,switch,,"Charger 7 (fid=31) not available, trying Charger 6 (fid=60)",1107.3490180321014,6,,
Car 409,,,,,16,switch,,"Charger 16 (fid=8) not available, trying Charger 1 (fid=308702)",1107.8685224440846,1,,
Car 352,85.0,308108,4,,,done,,done charging,1107.873198882884,,,206.4392863257446
Car 380,,308108,4,,,start_charge,,starting to charge at Charger 4 (fid=308108),1107.873198882884,,33.54890784055806,
Car 416,,,,,13,switch,,"Charger 13 (fid=5) not available, trying Charger 19 (fid=37)",1107.955046061163,19,,
Car 423,,,,,0,switch,,"Charger 0 (fid=308440) not available, trying Charger 17 (fid=35)",1108.0048443898932,17,,
Car 428,,,,61,,arrived,,arrived,1108.0313049022843,,,
Car 424,,,,,16,switch,,"Charger 16 (fid=8) not available, trying Charger 5 (fid=73)",1108.200980331994,5,,
Car 350,98.0,57,15,,,done,,done charging,1108.2010791925009,,,152.69028303881328
Car 427,,57,15,,,start_charge,,starting to charge at Charger 15 (fid=57),1108.2010791925009,,3.1291165047232425,
Car 429,,,,72,,arrived,,arrived,1108.253352542884,,,
Car 420,,,,,3,switch,,"Charger 3 (fid=307905) not available, trying Charger 17 (fid=35)",1108.4319188705063,17,,
Car 399,,,,,17,switch,,"Charger 17 (fid=35) not available, trying Charger 19 (fid=37)",1108.909134498793,19,,
Car 408,,,,,2,switch,,"Charger 2 (fid=307904) not available, trying Charger 3 (fid=307905)",1109.2320085525198,3,,
Car 391,,,,,1,switch,,"Charger 1 (fid=308702) not available, trying Charger 11 (fid=33)",1109.2771178379237,11,,
Car 412,,,,,18,switch,,"Charger 18 (fid=64) not available, trying Charger 12 (fid=40)",1109.3625583519076,12,,
Car 392,,,,,12,switch,,"Charger 12 (fid=40) not available, trying Charger 4 (fid=308108)",1109.372074019068,4,,
Car 430,,,,54,,arrived,,arrived,1109.4191806514548,,,
Car 366,,,,,1,switch,,"Charger 1 (fid=308702) not available, trying Charger 11 (fid=33)",1109.444969434403,11,,
Car 431,,,,56,,arrived,,arrived,1109.5098575457757,,,
Car 419,,,,,12,switch,,"Charger 12 (fid=40) not available, trying Charger 5 (fid=73)",1109.553642141516,5,,
Car 371,63.0,308440,0,,,done,,done charging,1109.6539383435493,,,147.43537004618995
Car 426,,308440,0,,,start_charge,,starting to charge at Charger 0 (fid=308440),1109.6539383435493,,4.98552656630045,
Car 363,45.0,308702,1,,,done,,done charging,1109.6593949740657,,,263.7805365093257
Car 396,,308702,1,,,start_charge,,starting to charge at Charger 1 (fid=308702),1109.6593949740657,,31.89360114322176,
Car 372,,,,,2,switch,,"Charger 2 (fid=307904) not available, trying Charger 3 (fid=307905)",1109.8204063617443,3,,
Car 410,,,,,17,switch,,"Charger 17 (fid=35) not available, trying Charger 15 (fid=57)",1109.9396469328613,15,,
Car 393,,,,,5,switch,,"Charger 5 (fid=73) not available, trying Charger 19 (fid=37)",1110.4054027146003,19,,
Car 421,,,,,3,switch,,"Charger 3 (fid=307905) not available, trying Charger 17 (fid=35)",1110.5355489712892,17,,
Car 348,116.0,37,19,,,done,,done charging,1110.5740448281076,,,157.82833571049395
Car 357,,37,19,,,start_charge,,starting to charge at Charger 19 (fid=37),1110.5740448281076,,48.36019917788076,
Car 406,,,,,3,switch,,"Charger 3 (fid=307905) not available, trying Charger 7 (fid=31)",1110.6636032932097,7,,
Car 418,,,,,14,switch,,"Charger 14 (fid=34) not available, trying Charger 11 (fid=33)",1110.7972551046707,11,,
Car 394,,,,,5,switch,,"Charger 5 (fid=73) not available, trying Charger 6 (fid=60)",1110.8178213257968,6,,
Car 355,51.0,33,11,,,done,,done charging,1111.1604552334147,,,316.9270217075726
Car 391,,33,11,,,start_charge,,starting to charge at Charger 11 (fid=33),1111.1604552334147,,35.121730121177734,
Car 405,,,,,16,switch,,"Charger 16 (fid=8) not available, trying Charger 1 (fid=308702)",1111.1649038292092,1,,
Car 411,,,,,18,switch,,"Charger 18 (fid=64) not available, trying Charger 9 (fid=86)",1111.3838094753319,9,,
Car 349,90.0,73,5,,,done,,done charging,1111.7491469246202,,,216.14456321112897
Car 379,,73,5,,,start_charge,,starting to charge at Charger 5 (fid=73),1111.7491469246202,,37.35395711456522,
Car 343,,86,9,,,start_charge,,starting to charge at Charger 9 (fid=86),1112.1130509532118,,85.00000000000011,
Car 407,,,,,3,switch,,"Charger 3 (fid=307905) not available, trying Charger 6 (fid=60)",1112.1412440141253,6,,
Car 329,119.0,34,14,,,done,,done charging,1112.5711413427052,,,311.2222272889396
Car 398,,,,,13,switch,,"Charger 13 (fid=5) not available, trying Charger 19 (fid=37)",1112.617862309928,19,,
Car 395,,,,,0,switch,,"Charger 0 (fid=308440) not available, trying Charger 16 (fid=8)",1112.810084137047,16,,
Car 432,,,,30,,arrived,,arrived,1112.9486259739067,,,
Car 401,,,,,1,switch,,"Charger 1 (fid=308702) not available, trying Charger 7 (fid=31)",1112.9658850590993,7,,
Car 362,,,,,10,switch,,"Charger 10 (fid=30) not available, trying Charger 14 (fid=34)",1112.9960293918107,14,,
Car 428,,,,,6,switch,,"Charger 6 (fid=60) not available, trying Charger 12 (fid=40)",1113.0313049022843,12,,
Car 362,,34,14,,,start_charge,,starting to charge at Charger 14 (fid=34),1113.1827703027059,,60.0,
Car 429,,,,,15,switch,,"Charger 15 (fid=57) not available, trying Charger 0 (fid=308440)",1113.253352542884,0,,
Car 413,,,,,17,switch,,"Charger 17 (fid=35) not available, trying Charger 15 (fid=57)",1113.4352414635327,15,,
Car 360,,,,,19,switch,,"Charger 19 (fid=37) not available, trying Charger 6 (fid=60)",1113.7022217419749,6,,
Car 375,,,,,15,switch,,"Charger 15 (fid=57) not available, trying Charger 2 (fid=307904)",1113.8447692940422,2,,
Car 417,,,,,0,switch,,"Charger 0 (fid=308440) not available, trying Charger 15 (fid=57)",1114.1333209869038,15,,
Car 430,,,,,15,switch,,"Charger 15 (fid=57) not available, trying Charger 17 (fid=35)",1114.4191806514548,17,,
Car 408,,,,,3,switch,,"Charger 3 (fid=307905) not available, trying Charger 7 (fid=31)",1114.495634734084,7,,
Car 431,,,,,15,switch,,"Charger 15 (fid=57) not available, trying Charger 0 (fid=308440)",1114.5098575457757,0,,
Car 416,,,,,19,switch,,"Charger 19 (fid=37) not available, trying Charger 6 (fid=60)",1114.7421487022818,6,,
Car 414,,,,,7,switch,,"Charger 7 (fid=31) not available, trying Charger 10 (fid=30)",1114.7743749327803,10,,
Car 385,,,,,13,switch,,"Charger 13 (fid=5) not available, trying Charger 0 (fid=308440)",1114.7923402166764,0,,
Car 423,,,,,17,switch,,"Charger 17 (fid=35) not available, trying Charger 15 (fid=57)",1114.9405846716593,15,,
Car 372,,,,,3,switch,,"Charger 3 (fid=307905) not available, trying Charger 19 (fid=37)",1115.0840325433085,19,,
Car 400,,,,,18,switch,,"Charger 18 (fid=64) not available, trying Charger 16 (fid=8)",1115.1329014141388,16,,
Car 378,,,,,19,switch,,"Charger 19 (fid=37) not available, trying Charger 2 (fid=307904)",1115.2538692640721,2,,
Car 386,,,,,10,switch,,"Charger 10 (fid=30) not available, trying Charger 14 (fid=34)",1115.487781699533,14,,
Car 402,,,,,7,switch,,"Charger 7 (fid=31) not available, trying Charger 6 (fid=60)",1115.8541242527795,6,,
Car 373,68.0,5,13,,,done,,done charging,1116.002343840275,,,188.5979039560139
Car 403,,,,,12,switch,,"Charger 12 (fid=40) not available, trying Charger 4 (fid=308108)",1116.0350099236475,4,,
Car 424,,,,,5,switch,,"Charger 5 (fid=73) not available, trying Charger 6 (fid=60)",1116.0517065309193,6,,
Car 351,107.0,308440,0,,,done,,done charging,1116.11984171185,,,107.15313332298842
Car 429,,308440,0,,,start_charge,,starting to charge at Charger 0 (fid=308440),1116.11984171185,,6.1269148535031945,
Car 366,,,,,11,switch,,"Charger 11 (fid=33) not available, trying Charger 8 (fid=32)",1116.2065767087163,8,,
Car 420,,,,,17,switch,,"Charger 17 (fid=35) not available, trying Charger 15 (fid=57)",1116.2838081603895,15,,
Car 410,,,,,15,switch,,"Charger 15 (fid=57) not available, trying Charger 12 (fid=40)",1116.3092491887323,12,,
Car 366,,32,8,,,start_charge,,starting to charge at Charger 8 (fid=32),1116.475675385065,,65.00000000000011,
Car 393,,,,,19,switch,,"Charger 19 (fid=37) not available, trying Charger 6 (fid=60)",1116.4800663128296,6,,
Car 384,,,,,1,switch,,"Charger 1 (fid=308702) not available, trying Charger 7 (fid=31)",1116.5262670710113,7,,
Car 433,,,,10,,arrived,,arrived,1116.6071845743734,,,
Car 418,,,,,11,switch,,"Charger 11 (fid=33) not available, trying Charger 8 (fid=32)",1116.6837705036455,8,,
Car 434,,,,15,,arrived,,arrived,1116.7062518594917,,,
Car 435,,,,26,,arrived,,arrived,1117.0440254208604,,,
Car 436,,,,4,,arrived,,arrived,1117.3222465647993,,,
Car 436,,5,13,,,start_charge,,starting to charge at Charger 13 (fid=5),1117.3222465647993,,0.0,
Car 335,,,,,2,switch,,"Charger 2 (fid=307904) not available, trying Charger 3 (fid=307905)",1117.3331723208998,3,,
Car 409,,,,,1,switch,,"Charger 1 (fid=308702) not available, trying Charger 7 (fid=31)",1117.7176763680727,7,,
Car 437,,,,73,,arrived,,arrived,1117.7979774731002,,,
Car 438,,,,45,,arrived,,arrived,1117.9387584033232,,,
Car 432,,,,,17,switch,,"Charger 17 (fid=35) not available, trying Charger 15 (fid=57)",1117.9486259739067,15,,
Car 399,,,,,19,switch,,"Charger 19 (fid=37) not available, trying Charger 15 (fid=57)",1118.0072991703103,15,,
Car 365,74.0,57,15,,,done,,done charging,1118.1263858123293,,,186.53749662241785
Car 413,,57,15,,,start_charge,,starting to charge at Charger 15 (fid=57),1118.1263858123293,,23.321542092925483,
Car 390,,,,,6,switch,,"Charger 6 (fid=60) not available, trying Charger 10 (fid=30)",1118.3518360281498,10,,
Car 421,,,,,17,switch,,"Charger 17 (fid=35) not available, trying Charger 0 (fid=308440)",1118.3874382611725,0,,
Car 439,,,,10,,arrived,,arrived,1118.459091753747,,,
Car 392,,,,,4,switch,,"Charger 4 (fid=308108) not available, trying Charger 5 (fid=73)",1118.4871658279073,5,,
Car 401,,,,,7,switch,,"Charger 7 (fid=31) not available, trying Charger 10 (fid=30)",1118.6692866580838,10,,
Car 394,,,,,6,switch,,"Charger 6 (fid=60) not available, trying Charger 19 (fid=37)",1118.8470103473164,19,,
Car 411,,,,,9,switch,,"Charger 9 (fid=86) not available, trying Charger 12 (fid=40)",1118.966821227682,12,,
Car 412,,,,,12,switch,,"Charger 12 (fid=40) not available, trying Charger 6 (fid=60)",1119.0231442963538,6,,
Car 419,,,,,5,switch,,"Charger 5 (fid=73) not available, trying Charger 17 (fid=35)",1119.1014697068342,17,,
Car 398,,,,,19,switch,,"Charger 19 (fid=37) not available, trying Charger 0 (fid=308440)",1119.4049649510466,0,,
Car 428,,,,,12,switch,,"Charger 12 (fid=40) not available, trying Charger 16 (fid=8)",1120.359646644087,16,,
Car 440,,,,10,,arrived,,arrived,1120.412628515972,,,
Car 414,,,,,10,switch,,"Charger 10 (fid=30) not available, trying Charger 14 (fid=34)",1120.5990611835841,14,,
Car 347,120.0,60,6,,,done,,done charging,1120.6663217272376,,,195.06603983451163
Car 407,,60,6,,,start_charge,,starting to charge at Charger 6 (fid=60),1120.6663217272376,,29.506584368788026,
Car 386,,,,,14,switch,,"Charger 14 (fid=34) not available, trying Charger 6 (fid=60)",1120.674522610428,6,,
Car 430,,,,,17,switch,,"Charger 17 (fid=35) not available, trying Charger 0 (fid=308440)",1120.7887829073259,0,,
Car 441,,,,37,,arrived,,arrived,1120.8603867814234,,,
Car 417,,,,,15,switch,,"Charger 15 (fid=57) not available, trying Charger 9 (fid=86)",1120.8728953023667,9,,
Car 442,,,,66,,arrived,,arrived,1120.9517771215515,,,
Car 405,,,,,1,switch,,"Charger 1 (fid=308702) not available, trying Charger 6 (fid=60)",1121.0140577531972,6,,
Car 431,,,,,0,switch,,"Charger 0 (fid=308440) not available, trying Charger 17 (fid=35)",1121.2494318612387,17,,
Car 423,,,,,15,switch,,"Charger 15 (fid=57) not available, trying Charger 2 (fid=307904)",1121.3101869275304,2,,
Car 433,,,,,16,switch,,"Charger 16 (fid=8) not available, trying Charger 5 (fid=73)",1121.6071845743734,5,,
Car 434,,,,,17,switch,,"Charger 17 (fid=35) not available, trying Charger 15 (fid=57)",1121.7062518594917,15,,
Car 418,,,,,8,switch,,"Charger 8 (fid=32) not available, trying Charger 19 (fid=37)",1121.9528691799942,19,,
Car 435,,,,,0,switch,,"Charger 0 (fid=308440) not available, trying Charger 17 (fid=35)",1122.0440254208604,17,,
Car 360,,,,,6,switch,,"Charger 6 (fid=60) not available, trying Charger 13 (fid=5)",1122.0553297231265,13,,
Car 384,,,,,7,switch,,"Charger 7 (fid=31) not available, trying Charger 0 (fid=308440)",1122.2296686699958,0,,
Car 406,,,,,7,switch,,"Charger 7 (fid=31) not available, trying Charger 6 (fid=60)",1122.377015227054,6,,
Car 335,,,,,3,switch,,"Charger 3 (fid=307905) not available, trying Charger 18 (fid=64)",1122.596798502464,18,,
Car 420,,,,,15,switch,,"Charger 15 (fid=57) not available, trying Charger 6 (fid=60)",1122.6534104162606,6,,
Car 437,,,,,5,switch,,"Charger 5 (fid=73) not available, trying Charger 19 (fid=37)",1122.7979774731002,19,,
Car 375,,,,,2,switch,,"Charger 2 (fid=307904) not available, trying Charger 3 (fid=307905)",1122.8235075664882,3,,
Car 438,,,,,6,switch,,"Charger 6 (fid=60) not available, trying Charger 12 (fid=40)",1122.9387584033232,12,,
Car 443,,,,73,,arrived,,arrived,1123.0313247807114,,,
Car 416,,,,,6,switch,,"Charger 6 (fid=60) not available, trying Charger 15 (fid=57)",1123.0952566834335,15,,
Car 395,,,,,16,switch,,"Charger 16 (fid=8) not available, trying Charger 12 (fid=40)",1123.3997204178095,12,,
Car 409,,,,,7,switch,,"Charger 7 (fid=31) not available, trying Charger 15 (fid=57)",1123.4210779670573,15,,
Car 439,,,,,16,switch,,"Charger 16 (fid=8) not available, trying Charger 5 (fid=73)",1123.459091753747,5,,
Car 424,,,,,6,switch,,"Charger 6 (fid=60) not available, trying Charger 19 (fid=37)",1124.080895552439,19,,
Car 432,,,,,15,switch,,"Charger 15 (fid=57) not available, trying Charger 0 (fid=308440)",1124.3182282297778,0,,
Car 401,,,,,10,switch,,"Charger 10 (fid=30) not available, trying Charger 14 (fid=34)",1124.4939729088876,14,,
Car 393,,,,,6,switch,,"Charger 6 (fid=60) not available, trying Charger 7 (fid=31)",1124.8331742939813,7,,
Car 403,,,,,4,switch,,"Charger 4 (fid=308108) not available, trying Charger 5 (fid=73)",1125.150101732487,5,,
Car 421,,,,,0,switch,,"Charger 0 (fid=308440) not available, trying Charger 9 (fid=86)",1125.3231785429386,9,,
Car 385,,,,,0,switch,,"Charger 0 (fid=308440) not available, trying Charger 5 (fid=73)",1125.3495235271434,5,,
Car 440,,,,,16,switch,,"Charger 16 (fid=8) not available, trying Charger 5 (fid=73)",1125.412628515972,5,,
Car 361,95.0,307905,3,,,done,,done charging,1125.6794522758908,,,100.47565973201277
Car 375,,307905,3,,,start_charge,,starting to charge at Charger 3 (fid=307905),1125.6794522758908,,52.592318527838415,
Car 414,,,,,14,switch,,"Charger 14 (fid=34) not available, trying Charger 1 (fid=308702)",1125.7858020944793,1,,
Car 441,,,,,19,switch,,"Charger 19 (fid=37) not available, trying Charger 5 (fid=73)",1125.8603867814234,5,,
Car 442,,,,,6,switch,,"Charger 6 (fid=60) not available, trying Charger 12 (fid=40)",1125.9517771215515,12,,
Car 399,,,,,15,switch,,"Charger 15 (fid=57) not available, trying Charger 4 (fid=308108)",1126.0038378969023,4,,
Car 372,,,,,19,switch,,"Charger 19 (fid=37) not available, trying Charger 6 (fid=60)",1126.0540698744,6,,
Car 378,,,,,2,switch,,"Charger 2 (fid=307904) not available, trying Charger 3 (fid=307905)",1126.207569763543,3,,
Car 408,,,,,7,switch,,"Charger 7 (fid=31) not available, trying Charger 6 (fid=60)",1126.2090466679283,6,,
Car 412,,,,,6,switch,,"Charger 6 (fid=60) not available, trying Charger 9 (fid=86)",1126.3514860381565,9,,
Car 444,,,,7,,arrived,,arrived,1126.5851939219806,,,
Car 410,,,,,12,switch,,"Charger 12 (fid=40) not available, trying Charger 4 (fid=308108)",1126.7232660320954,4,,
Car 402,,,,,6,switch,,"Charger 6 (fid=60) not available, trying Charger 10 (fid=30)",1126.8569422488279,10,,
Car 317,102.0,308108,4,,,done,,done charging,1127.1111521632472,,,371.00062035496927
Car 444,,308108,4,,,start_charge,,starting to charge at Charger 4 (fid=308108),1127.1111521632472,,0.5259582412666077,
Car 394,,,,,19,switch,,"Charger 19 (fid=37) not available, trying Charger 7 (fid=31)",1127.200118328468,7,,
Car 445,,,,67,,arrived,,arrived,1127.313989482432,,,
Car 430,,,,,0,switch,,"Charger 0 (fid=308440) not available, trying Charger 5 (fid=73)",1127.724523189092,5,,
Car 400,,,,,16,switch,,"Charger 16 (fid=8) not available, trying Charger 5 (fid=73)",1127.9524145201588,5,,
Car 446,,,,38,,arrived,,arrived,1127.9604726853088,,,
Car 419,,,,,17,switch,,"Charger 17 (fid=35) not available, trying Charger 19 (fid=37)",1127.99527665982,19,,
Car 443,,,,,5,switch,,"Charger 5 (fid=73) not available, trying Charger 19 (fid=37)",1128.0313247807114,19,,
Car 434,,,,,15,switch,,"Charger 15 (fid=57) not available, trying Charger 0 (fid=308440)",1128.0758541153627,0,,
Car 431,,,,,17,switch,,"Charger 17 (fid=35) not available, trying Charger 5 (fid=73)",1128.1851721430048,5,,
Car 447,,,,32,,arrived,,arrived,1128.6022520290371,,,
Car 437,,,,,19,switch,,"Charger 19 (fid=37) not available, trying Charger 13 (fid=5)",1128.8726410713296,13,,
Car 398,,,,,0,switch,,"Charger 0 (fid=308440) not available, trying Charger 15 (fid=57)",1128.873101682156,15,,
Car 435,,,,,17,switch,,"Charger 17 (fid=35) not available, trying Charger 15 (fid=57)",1128.9797657026265,15,,
Car 433,,,,,5,switch,,"Charger 5 (fid=73) not available, trying Charger 6 (fid=60)",1129.4579107732986,6,,
Car 428,,,,,16,switch,,"Charger 16 (fid=8) not available, trying Charger 5 (fid=73)",1129.6559066245243,5,,
Car 401,,,,,14,switch,,"Charger 14 (fid=34) not available, trying Charger 2 (fid=307904)",1129.6807138197828,2,,
Car 390,,,,,10,switch,,"Charger 10 (fid=30) not available, trying Charger 14 (fid=34)",1129.7130852114476,14,,
Car 392,,,,,5,switch,,"Charger 5 (fid=73) not available, trying Charger 19 (fid=37)",1129.7202568085922,19,,
Car 448,,,,11,,arrived,,arrived,1129.7964411977043,,,
Car 411,,,,,12,switch,,"Charger 12 (fid=40) not available, trying Charger 6 (fid=60)",1129.8507612607136,6,,
Car 384,,,,,0,switch,,"Charger 0 (fid=308440) not available, trying Charger 12 (fid=40)",1130.1029747619643,12,,
Car 438,,,,,12,switch,,"Charger 12 (fid=40) not available, trying Charger 5 (fid=73)",1130.2671001451258,5,,
Car 423,,,,,2,switch,,"Charger 2 (fid=307904) not available, trying Charger 3 (fid=307905)",1130.2889251999763,3,,
Car 432,,,,,0,switch,,"Charger 0 (fid=308440) not available, trying Charger 2 (fid=307904)",1131.0578025452407,2,,
Car 439,,,,,5,switch,,"Charger 5 (fid=73) not available, trying Charger 6 (fid=60)",1131.3098179526723,6,,
Car 378,,,,,3,switch,,"Charger 3 (fid=307905) not available, trying Charger 6 (fid=60)",1131.4711959451072,6,,
Car 420,,,,,6,switch,,"Charger 6 (fid=60) not available, trying Charger 0 (fid=308440)",1131.5447413416211,0,,
Car 418,,,,,19,switch,,"Charger 19 (fid=37) not available, trying Charger 15 (fid=57)",1131.6093351932348,15,,
Car 360,,,,,13,switch,,"Charger 13 (fid=5) not available, trying Charger 16 (fid=8)",1131.6592536328099,16,,
Car 405,,,,,6,switch,,"Charger 6 (fid=60) not available, trying Charger 7 (fid=31)",1131.6785103726536,7,,
Car 449,,,,57,,arrived,,arrived,1131.7995109864921,,,
Car 335,,,,,18,switch,,"Charger 18 (fid=64) not available, trying Charger 9 (fid=86)",1131.8792260282207,9,,
Car 414,,,,,1,switch,,"Charger 1 (fid=308702) not available, trying Charger 11 (fid=33)",1131.918622040611,11,,
Car 441,,,,,5,switch,,"Charger 5 (fid=73) not available, trying Charger 13 (fid=5)",1131.9350503796527,13,,
Car 416,,,,,15,switch,,"Charger 15 (fid=57) not available, trying Charger 12 (fid=40)",1131.986587608794,12,,
Car 386,,,,,6,switch,,"Charger 6 (fid=60) not available, trying Charger 11 (fid=33)",1132.1067589536235,11,,
Car 409,,,,,15,switch,,"Charger 15 (fid=57) not available, trying Charger 10 (fid=30)",1132.1695011874433,10,,
Car 445,,,,,19,switch,,"Charger 19 (fid=37) not available, trying Charger 15 (fid=57)",1132.313989482432,15,,
Car 450,,,,37,,arrived,,arrived,1132.352083306408,,,
Car 424,,,,,19,switch,,"Charger 19 (fid=37) not available, trying Charger 13 (fid=5)",1132.4340035335906,13,,
Car 417,,,,,9,switch,,"Charger 9 (fid=86) not available, trying Charger 6 (fid=60)",1132.6785071264512,6,,
Car 395,,,,,12,switch,,"Charger 12 (fid=40) not available, trying Charger 13 (fid=5)",1132.6959803982468,13,,
Car 451,,,,80,,arrived,,arrived,1132.8765969247345,,,
Car 369,87.0,34,14,,,done,,done charging,1132.8811447134483,,,139.44594663319606
Car 390,,34,14,,,start_charge,,starting to charge at Charger 14 (fid=34),1132.8811447134483,,42.98131859110549,
Car 446,,,,,13,switch,,"Charger 13 (fid=5) not available, trying Charger 19 (fid=37)",1132.9604726853088,19,,
Car 440,,,,,5,switch,,"Charger 5 (fid=73) not available, trying Charger 6 (fid=60)",1133.2633547148973,6,,
Car 442,,,,,12,switch,,"Charger 12 (fid=40) not available, trying Charger 16 (fid=8)",1133.2801188633541,16,,
Car 406,,,,,6,switch,,"Charger 6 (fid=60) not available, trying Charger 10 (fid=30)",1133.3798332231024,10,,
Car 447,,,,,17,switch,,"Charger 17 (fid=35) not available, trying Charger 15 (fid=57)",1133.6022520290371,15,,
Car 443,,,,,19,switch,,"Charger 19 (fid=37) not available, trying Charger 13 (fid=5)",1134.1059883789408,13,,
Car 323,108.0,30,10,,,done,,done charging,1134.302969081117,,,656.8827236592125
Car 402,,30,10,,,start_charge,,starting to charge at Charger 10 (fid=30),1134.302969081117,,36.08477764899135,
Car 372,,,,,6,switch,,"Charger 6 (fid=60) not available, trying Charger 13 (fid=5)",1134.4071778555517,13,,
Car 385,,,,,5,switch,,"Charger 5 (fid=73) not available, trying Charger 17 (fid=35)",1134.6133025397212,17,,
Car 452,,,,14,,arrived,,arrived,1134.7069990877712,,,
Car 448,,,,,6,switch,,"Charger 6 (fid=60) not available, trying Charger 5 (fid=73)",1134.7964411977043,5,,
Car 434,,,,,0,switch,,"Charger 0 (fid=308440) not available, trying Charger 2 (fid=307904)",1134.8154284308257,2,,
Car 345,62.0,308702,1,,,done,,done charging,1134.8478568044807,,,341.6609080558209
Car 453,,,,54,,arrived,,arrived,1135.0132444854605,,,
Car 435,,,,,15,switch,,"Charger 15 (fid=57) not available, trying Charger 2 (fid=307904)",1135.3493679584976,2,,
Car 423,,,,,3,switch,,"Charger 3 (fid=307905) not available, trying Charger 7 (fid=31)",1135.5525513815405,7,,
Car 398,,,,,15,switch,,"Charger 15 (fid=57) not available, trying Charger 5 (fid=73)",1135.612675997619,5,,
Car 437,,,,,13,switch,,"Charger 13 (fid=5) not available, trying Charger 16 (fid=8)",1135.6597437124483,16,,
Car 394,,,,,7,switch,,"Charger 7 (fid=31) not available, trying Charger 10 (fid=30)",1135.7815871668508,10,,
Car 392,,,,,19,switch,,"Charger 19 (fid=37) not available, trying Charger 0 (fid=308440)",1135.7949204068216,0,,
Car 400,,,,,5,switch,,"Charger 5 (fid=73) not available, trying Charger 17 (fid=35)",1135.803140719084,17,,
Car 393,,,,,7,switch,,"Charger 7 (fid=31) not available, trying Charger 10 (fid=30)",1135.8359922900297,10,,
Car 410,,,,,4,switch,,"Charger 4 (fid=308108) not available, trying Charger 5 (fid=73)",1135.8383578409348,5,,
Car 403,,,,,5,switch,,"Charger 5 (fid=73) not available, trying Charger 19 (fid=37)",1136.3831927131719,19,,
Car 454,,,,11,,arrived,,arrived,1136.5768212787898,,,
Car 374,94.0,40,12,,,done,,done charging,1136.5959056508054,,,204.15431890605544
Car 384,,40,12,,,start_charge,,starting to charge at Charger 12 (fid=40),1136.5959056508054,,50.342409438581626,
Car 449,,,,,15,switch,,"Charger 15 (fid=57) not available, trying Charger 17 (fid=35)",1136.7995109864921,17,,
Car 430,,,,,5,switch,,"Charger 5 (fid=73) not available, trying Charger 19 (fid=37)",1136.9883022016697,19,,
Car 431,,,,,5,switch,,"Charger 5 (fid=73) not available, trying Charger 19 (fid=37)",1137.0789790959907,19,,
Car 419,,,,,19,switch,,"Charger 19 (fid=37) not available, trying Charger 15 (fid=57)",1137.0934413313373,15,,
Car 411,,,,,6,switch,,"Charger 6 (fid=60) not available, trying Charger 17 (fid=35)",1137.1791030025163,17,,
Car 408,,,,,6,switch,,"Charger 6 (fid=60) not available, trying Charger 10 (fid=30)",1137.2118646639767,10,,
Car 450,,,,,19,switch,,"Charger 19 (fid=37) not available, trying Charger 5 (fid=73)",1137.352083306408,5,,
Car 412,,,,,9,switch,,"Charger 9 (fid=86) not available, trying Charger 17 (fid=35)",1137.3753043304964,17,,
Car 421,,,,,9,switch,,"Charger 9 (fid=86) not available, trying Charger 15 (fid=57)",1137.4865395934705,15,,
Car 433,,,,,6,switch,,"Charger 6 (fid=60) not available, trying Charger 19 (fid=37)",1137.4870997948183,19,,
Car 428,,,,,5,switch,,"Charger 5 (fid=73) not available, trying Charger 17 (fid=35)",1137.5066328234495,17,,
Car 399,,,,,4,switch,,"Charger 4 (fid=308108) not available, trying Charger 2 (fid=307904)",1137.6287923330538,2,,
Car 451,,,,,17,switch,,"Charger 17 (fid=35) not available, trying Charger 15 (fid=57)",1137.8765969247345,15,,
Car 414,,,,,11,switch,,"Charger 11 (fid=33) not available, trying Charger 8 (fid=32)",1138.6802293149242,8,,
Car 330,101.0,30,10,,,done,,done charging,1139.036572411646,,,461.9776756361805
Car 409,,30,10,,,start_charge,,starting to charge at Charger 10 (fid=30),1139.036572411646,,37.76021681656721,
Car 455,,,,77,,arrived,,arrived,1139.202355453121,,,
Car 424,,,,,13,switch,,"Charger 13 (fid=5) not available, trying Charger 12 (fid=40)",1139.2211061747093,12,,
Car 439,,,,,6,switch,,"Charger 6 (fid=60) not available, trying Charger 19 (fid=37)",1139.339006974192,19,,
Car 441,,,,,13,switch,,"Charger 13 (fid=5) not available, trying Charger 15 (fid=57)",1139.4001214659233,15,,
Car 335,,,,,,gave_up,9,"no alternate charger available, gave up",1139.4622377805708,,,
Car 360,,,,,16,switch,,"Charger 16 (fid=8) not available, trying Charger 12 (fid=40)",1139.5946215724296,12,,
Car 418,,,,,15,switch,,"Charger 15 (fid=57) not available, trying Charger 13 (fid=5)",1139.6058739198268,13,,
Car 452,,,,,17,switch,,"Charger 17 (fid=35) not available, trying Charger 15 (fid=57)",1139.7069990877712,15,,
Car 446,,,,,19,switch,,"Charger 19 (fid=37) not available, trying Charger 1 (fid=308702)",1139.7475753264275,1,,
Car 438,,,,,5,switch,,"Charger 5 (fid=73) not available, trying Charger 17 (fid=35)",1139.814927710444,17,,
Car 447,,,,,15,switch,,"Charger 15 (fid=57) not available, trying Charger 0 (fid=308440)",1139.9718542849082,0,,
Car 453,,,,,15,switch,,"Charger 15 (fid=57) not available, trying Charger 17 (fid=35)",1140.0132444854605,17,,
Car 445,,,,,15,switch,,"Charger 15 (fid=57) not available, trying Charger 1 (fid=308702)",1140.310528209024,1,,
Car 432,,,,,2,switch,,"Charger 2 (fid=307904) not available, trying Charger 3 (fid=307905)",1140.394290044134,3,,
Car 378,,,,,6,switch,,"Charger 6 (fid=60) not available, trying Charger 11 (fid=33)",1140.4896892894315,11,,
Car 443,,,,,13,switch,,"Charger 13 (fid=5) not available, trying Charger 16 (fid=8)",1140.8930910200595,16,,
Car 420,,,,,0,switch,,"Charger 0 (fid=308440) not available, trying Charger 9 (fid=86)",1141.1725768738781,9,,
Car 440,,,,,6,switch,,"Charger 6 (fid=60) not available, trying Charger 19 (fid=37)",1141.292543736417,19,,
Car 454,,,,,6,switch,,"Charger 6 (fid=60) not available, trying Charger 5 (fid=73)",1141.5768212787898,5,,
Car 394,,,,,10,switch,,"Charger 10 (fid=30) not available, trying Charger 14 (fid=34)",1141.6062734176546,14,,
Car 401,,,,,2,switch,,"Charger 2 (fid=307904) not available, trying Charger 3 (fid=307905)",1141.6071744032918,3,,
Car 393,,,,,10,switch,,"Charger 10 (fid=30) not available, trying Charger 14 (fid=34)",1141.6606785408335,14,,
Car 456,,,,59,,arrived,,arrived,1141.8420507571143,,,
Car 416,,,,,12,switch,,"Charger 12 (fid=40) not available, trying Charger 1 (fid=308702)",1142.400604452157,1,,
Car 403,,,,,19,switch,,"Charger 19 (fid=37) not available, trying Charger 0 (fid=308440)",1142.4578563114012,0,,
Car 442,,,,,16,switch,,"Charger 16 (fid=8) not available, trying Charger 5 (fid=73)",1142.5763788437914,5,,
Car 382,67.0,307904,2,,,done,,done charging,1142.6323161883774,,,298.67463608362624
Car 434,,307904,2,,,start_charge,,starting to charge at Charger 2 (fid=307904),1142.6323161883774,,18.480400258658392,
Car 457,,,,24,,arrived,,arrived,1142.6784543254648,,,
Car 405,,,,,7,switch,,"Charger 7 (fid=31) not available, trying Charger 10 (fid=30)",1142.681328368702,10,,
Car 448,,,,,5,switch,,"Charger 5 (fid=73) not available, trying Charger 15 (fid=57)",1142.825630219224,15,,
Car 446,,308702,1,,,start_charge,,starting to charge at Charger 1 (fid=308702),1142.9906787882185,,10.0,
Car 370,100.0,86,9,,,done,,done charging,1142.9955295305301,,,304.4528110645739
Car 430,,,,,19,switch,,"Charger 19 (fid=37) not available, trying Charger 1 (fid=308702)",1143.062965799899,1,,
Car 431,,,,,19,switch,,"Charger 19 (fid=37) not available, trying Charger 1 (fid=308702)",1143.15364269422,1,,
Car 449,,,,,17,switch,,"Charger 17 (fid=35) not available, trying Charger 0 (fid=308440)",1143.1691132423632,0,,
Car 450,,,,,5,switch,,"Charger 5 (fid=73) not available, trying Charger 13 (fid=5)",1143.4267469046374,13,,
Car 398,,,,,5,switch,,"Charger 5 (fid=73) not available, trying Charger 17 (fid=35)",1143.4795591670213,17,,
Car 385,,,,,17,switch,,"Charger 17 (fid=35) not available, trying Charger 16 (fid=8)",1143.507109492707,16,,
Car 437,,,,,16,switch,,"Charger 16 (fid=8) not available, trying Charger 15 (fid=57)",1143.595111652068,15,,
Car 417,,,,,6,switch,,"Charger 6 (fid=60) not available, trying Charger 4 (fid=308108)",1143.7023254187911,4,,
Car 395,,,,,13,switch,,"Charger 13 (fid=5) not available, trying Charger 2 (fid=307904)",1143.8185428517286,2,,
Car 414,,,,,8,switch,,"Charger 8 (fid=32) not available, trying Charger 5 (fid=73)",1143.9493279912729,5,,
Car 372,,,,,13,switch,,"Charger 13 (fid=5) not available, trying Charger 16 (fid=8)",1144.011101765235,16,,
Car 386,,,,,11,switch,,"Charger 11 (fid=33) not available, trying Charger 8 (fid=32)",1144.1677826250007,8,,
Car 455,,,,,6,switch,,"Charger 6 (fid=60) not available, trying Charger 12 (fid=40)",1144.202355453121,12,,
Car 451,,,,,15,switch,,"Charger 15 (fid=57) not available, trying Charger 0 (fid=308440)",1144.2461991806056,0,,
Car 435,,,,,2,switch,,"Charger 2 (fid=307904) not available, trying Charger 3 (fid=307905)",1144.3281062309436,3,,
Car 458,,,,81,,arrived,,arrived,1144.5203751131137,,,
Car 400,,,,,17,switch,,"Charger 17 (fid=35) not available, trying Charger 19 (fid=37)",1144.6969476720699,19,,
Car 406,,,,,10,switch,,"Charger 10 (fid=30) not available, trying Charger 14 (fid=34)",1144.7410824064002,14,,
Car 419,,,,,15,switch,,"Charger 15 (fid=57) not available, trying Charger 16 (fid=8)",1145.0899800579293,16,,
Car 392,,,,,0,switch,,"Charger 0 (fid=308440) not available, trying Charger 18 (fid=64)",1145.263057137931,18,,
Car 411,,,,,17,switch,,"Charger 17 (fid=35) not available, trying Charger 15 (fid=57)",1145.4043563716577,15,,
Car 459,,,,37,,arrived,,arrived,1145.6085731579406,,,
Car 432,,,,,3,switch,,"Charger 3 (fid=307905) not available, trying Charger 5 (fid=73)",1145.6579162256983,5,,
Car 433,,,,,19,switch,,"Charger 19 (fid=37) not available, trying Charger 13 (fid=5)",1145.84020777597,13,,
Car 460,,,,11,,arrived,,arrived,1145.9526592858858,,,
Car 452,,,,,15,switch,,"Charger 15 (fid=57) not available, trying Charger 0 (fid=308440)",1146.0766013436423,0,,
Car 399,,,,,2,switch,,"Charger 2 (fid=307904) not available, trying Charger 3 (fid=307905)",1146.134925347685,3,,
Car 453,,,,,17,switch,,"Charger 17 (fid=35) not available, trying Charger 0 (fid=308440)",1146.3828467413316,0,,
Car 428,,,,,17,switch,,"Charger 17 (fid=35) not available, trying Charger 19 (fid=37)",1146.4004397764354,19,,
Car 447,,,,,0,switch,,"Charger 0 (fid=308440) not available, trying Charger 2 (fid=307904)",1146.7114286003712,2,,
Car 394,,,,,14,switch,,"Charger 14 (fid=34) not available, trying Charger 1 (fid=308702)",1146.7930143285498,1,,
Car 461,,,,15,,arrived,,arrived,1146.8066937382625,,,
Car 456,,,,,4,switch,,"Charger 4 (fid=308108) not available, trying Charger 18 (fid=64)",1146.8420507571143,18,,
Car 393,,,,,14,switch,,"Charger 14 (fid=34) not available, trying Charger 1 (fid=308702)",1146.8474194517287,1,,
Car 401,,,,,3,switch,,"Charger 3 (fid=307905) not available, trying Charger 6 (fid=60)",1146.870800584856,6,,
Car 410,,,,,5,switch,,"Charger 5 (fid=73) not available, trying Charger 19 (fid=37)",1147.0714488216197,19,,
Car 423,,,,,7,switch,,"Charger 7 (fid=31) not available, trying Charger 6 (fid=60)",1147.2659633153849,6,,
Car 457,,,,,0,switch,,"Charger 0 (fid=308440) not available, trying Charger 17 (fid=35)",1147.6784543254648,17,,
Car 439,,,,,19,switch,,"Charger 19 (fid=37) not available, trying Charger 13 (fid=5)",1147.6921149553436,13,,
Car 412,,,,,17,switch,,"Charger 17 (fid=35) not available, trying Charger 15 (fid=57)",1148.0377303403975,15,,
Car 420,,86,9,,,start_charge,,starting to charge at Charger 9 (fid=86),1148.33593792441,,30.0,
Car 441,,,,,15,switch,,"Charger 15 (fid=57) not available, trying Charger 16 (fid=8)",1148.4857067718733,16,,
Car 405,,,,,10,switch,,"Charger 10 (fid=30) not available, trying Charger 14 (fid=34)",1148.5060146195058,14,,
Car 408,,,,,10,switch,,"Charger 10 (fid=30) not available, trying Charger 14 (fid=34)",1148.5731138472745,14,,
Car 418,,,,,13,switch,,"Charger 13 (fid=5) not available, trying Charger 0 (fid=308440)",1148.6914592257767,0,,
Car 438,,,,,17,switch,,"Charger 17 (fid=35) not available, trying Charger 19 (fid=37)",1148.7087346634298,19,,
Car 445,,,,,1,switch,,"Charger 1 (fid=308702) not available, trying Charger 5 (fid=73)",1148.720586052818,5,,
Car 443,,,,,16,switch,,"Charger 16 (fid=8) not available, trying Charger 15 (fid=57)",1148.8284589596792,15,,
Car 360,,,,,12,switch,,"Charger 12 (fid=40) not available, trying Charger 9 (fid=86)",1148.8908815528669,9,,
Car 421,,,,,15,switch,,"Charger 15 (fid=57) not available, trying Charger 6 (fid=60)",1149.292151417555,6,,
Car 386,,,,,8,switch,,"Charger 8 (fid=32) not available, trying Charger 17 (fid=35)",1149.4368813013493,17,,
Car 458,,,,,2,switch,,"Charger 2 (fid=307904) not available, trying Charger 3 (fid=307905)",1149.5203751131137,3,,
Car 435,,,,,3,switch,,"Charger 3 (fid=307905) not available, trying Charger 7 (fid=31)",1149.5917324125078,7,,
Car 454,,,,,5,switch,,"Charger 5 (fid=73) not available, trying Charger 15 (fid=57)",1149.6060103003094,15,,
Car 381,91.0,35,17,,,done,,done charging,1149.6367205802092,,,222.2107424868969
Car 398,,35,17,,,start_charge,,starting to charge at Charger 17 (fid=35),1149.6367205802092,,57.26335446020198,
Car 440,,,,,19,switch,,"Charger 19 (fid=37) not available, trying Charger 13 (fid=5)",1149.6456517175686,13,,
Car 406,,,,,14,switch,,"Charger 14 (fid=34) not available, trying Charger 1 (fid=308702)",1149.9278233172954,1,,
Car 449,,,,,0,switch,,"Charger 0 (fid=308440) not available, trying Charger 5 (fid=73)",1150.1048535241293,5,,
Car 424,,,,,12,switch,,"Charger 12 (fid=40) not available, trying Charger 15 (fid=57)",1150.3436686281912,15,,
Car 442,,,,,5,switch,,"Charger 5 (fid=73) not available, trying Charger 19 (fid=37)",1150.4271050427167,19,,
Car 459,,,,,19,switch,,"Charger 19 (fid=37) not available, trying Charger 5 (fid=73)",1150.6085731579406,5,,
Car 448,,,,,15,switch,,"Charger 15 (fid=57) not available, trying Charger 19 (fid=37)",1150.6925133886264,19,,
Car 450,,,,,13,switch,,"Charger 13 (fid=5) not available, trying Charger 15 (fid=57)",1150.891817990908,15,,
Car 460,,,,,6,switch,,"Charger 6 (fid=60) not available, trying Charger 5 (fid=73)",1150.9526592858858,5,,
Car 451,,,,,0,switch,,"Charger 0 (fid=308440) not available, trying Charger 2 (fid=307904)",1150.9857734960685,2,,
Car 430,,,,,1,switch,,"Charger 1 (fid=308702) not available, trying Charger 7 (fid=31)",1151.30606926169,7,,
Car 462,,,,62,,arrived,,arrived,1151.3476480714312,,,
Car 431,,,,,1,switch,,"Charger 1 (fid=308702) not available, trying Charger 7 (fid=31)",1151.396746156011,7,,
Car 399,,,,,3,switch,,"Charger 3 (fid=307905) not available, trying Charger 18 (fid=64)",1151.3985515292493,18,,
Car 455,,,,,12,switch,,"Charger 12 (fid=40) not available, trying Charger 4 (fid=308108)",1151.5306971949237,4,,
Car 411,,,,,15,switch,,"Charger 15 (fid=57) not available, trying Charger 5 (fid=73)",1151.7739586275288,5,,
Car 461,,,,,18,switch,,"Charger 18 (fid=64) not available, trying Charger 12 (fid=40)",1151.8066937382625,12,,
Car 403,,,,,0,switch,,"Charger 0 (fid=308440) not available, trying Charger 18 (fid=64)",1151.9259930425105,18,,
Car 372,,,,,16,switch,,"Charger 16 (fid=8) not available, trying Charger 12 (fid=40)",1151.9464697048547,12,,
Car 376,73.0,64,18,,,done,,done charging,1152.3312823075992,,,349.49998703334177
Car 456,,64,18,,,start_charge,,starting to charge at Charger 18 (fid=64),1152.3312823075992,,8.648294758666907,
Car 378,,,,,11,switch,,"Charger 11 (fid=33) not available, trying Charger 8 (fid=32)",1152.5507129608086,8,,
Car 433,,,,,13,switch,,"Charger 13 (fid=5) not available, trying Charger 12 (fid=40)",1152.6273104170887,12,,
Car 437,,,,,15,switch,,"Charger 15 (fid=57) not available, trying Charger 6 (fid=60)",1152.7878520896552,6,,
Car 452,,,,,0,switch,,"Charger 0 (fid=308440) not available, trying Charger 2 (fid=307904)",1152.8161756591053,2,,
Car 417,,,,,4,switch,,"Charger 4 (fid=308108) not available, trying Charger 7 (fid=31)",1152.9248937799698,7,,
Car 394,,,,,1,switch,,"Charger 1 (fid=308702) not available, trying Charger 11 (fid=33)",1152.9258342746814,11,,
Car 463,,,,55,,arrived,,arrived,1152.9587630464086,,,
Car 393,,,,,1,switch,,"Charger 1 (fid=308702) not available, trying Charger 11 (fid=33)",1152.9802393978603,11,,
Car 410,,,,,19,switch,,"Charger 19 (fid=37) not available, trying Charger 0 (fid=308440)",1153.146112419849,0,,
Car 453,,,,,0,switch,,"Charger 0 (fid=308440) not available, trying Charger 5 (fid=73)",1153.3185870230977,5,,
Car 405,,,,,14,switch,,"Charger 14 (fid=34) not available, trying Charger 17 (fid=35)",1153.692755530401,17,,
Car 385,,,,,16,switch,,"Charger 16 (fid=8) not available, trying Charger 6 (fid=60)",1153.7267737138777,6,,
Car 408,,,,,14,switch,,"Charger 14 (fid=34) not available, trying Charger 1 (fid=308702)",1153.7598547581697,1,,
Car 400,,,,,19,switch,,"Charger 19 (fid=37) not available, trying Charger 9 (fid=86)",1153.795112343587,9,,
Car 419,,,,,16,switch,,"Charger 16 (fid=8) not available, trying Charger 2 (fid=307904)",1154.2827204955165,2,,
Car 414,,,,,5,switch,,"Charger 5 (fid=73) not available, trying Charger 2 (fid=307904)",1154.2837624496656,2,,
Car 412,,,,,15,switch,,"Charger 15 (fid=57) not available, trying Charger 5 (fid=73)",1154.4073325962686,5,,
Car 439,,,,,13,switch,,"Charger 13 (fid=5) not available, trying Charger 12 (fid=40)",1154.4792175964624,12,,
Car 416,,,,,1,switch,,"Charger 1 (fid=308702) not available, trying Charger 7 (fid=31)",1154.587742989616,7,,
Car 457,,,,,17,switch,,"Charger 17 (fid=35) not available, trying Charger 15 (fid=57)",1154.614194607231,15,,
Car 458,,,,,3,switch,,"Charger 3 (fid=307905) not available, trying Charger 17 (fid=35)",1154.7840012946779,17,,
Car 428,,,,,19,switch,,"Charger 19 (fid=37) not available, trying Charger 15 (fid=57)",1155.4986044479526,15,,
Car 401,,,,,6,switch,,"Charger 6 (fid=60) not available, trying Charger 13 (fid=5)",1155.8892939291802,13,,
Car 395,,,,,2,switch,,"Charger 2 (fid=307904) not available, trying Charger 3 (fid=307905)",1155.9818496920298,3,,
Car 447,,,,,2,switch,,"Charger 2 (fid=307904) not available, trying Charger 3 (fid=307905)",1156.0479160992645,3,,
Car 406,,,,,1,switch,,"Charger 1 (fid=308702) not available, trying Charger 11 (fid=33)",1156.060643263427,11,,
Car 377,101.0,32,8,,,done,,done charging,1156.107692824239,,,76.71501987371204
Car 378,,32,8,,,start_charge,,starting to charge at Charger 8 (fid=32),1156.107692824239,,68.28788118708167,
Car 432,,,,,5,switch,,"Charger 5 (fid=73) not available, trying Charger 6 (fid=60)",1156.3040345971579,6,,
Car 462,,,,,6,switch,,"Charger 6 (fid=60) not available, trying Charger 12 (fid=40)",1156.3476480714312,12,,
Car 440,,,,,13,switch,,"Charger 13 (fid=5) not available, trying Charger 12 (fid=40)",1156.4327543586874,12,,
Car 442,,,,,19,switch,,"Charger 19 (fid=37) not available, trying Charger 13 (fid=5)",1156.501768640946,13,,
Car 459,,,,,5,switch,,"Charger 5 (fid=73) not available, trying Charger 13 (fid=5)",1156.68323675617,13,,
Car 430,,,,,7,switch,,"Charger 7 (fid=31) not available, trying Charger 13 (fid=5)",1157.0094708606746,13,,
Car 431,,,,,7,switch,,"Charger 7 (fid=31) not available, trying Charger 10 (fid=30)",1157.1001477549955,10,,
Car 454,,,,,15,switch,,"Charger 15 (fid=57) not available, trying Charger 19 (fid=37)",1157.4728934697118,19,,
Car 445,,,,,5,switch,,"Charger 5 (fid=73) not available, trying Charger 7 (fid=31)",1157.641657959761,7,,
Car 441,,,,,16,switch,,"Charger 16 (fid=8) not available, trying Charger 1 (fid=308702)",1157.6784472094605,1,,
Car 438,,,,,19,switch,,"Charger 19 (fid=37) not available, trying Charger 15 (fid=57)",1157.806899334947,15,,
Car 356,72.0,64,18,,,done,,done charging,1157.8527457815662,,,469.66180080922254
Car 392,,64,18,,,start_charge,,starting to charge at Charger 18 (fid=64),1157.8527457815662,,54.2865757448144,
Car 463,,,,,15,switch,,"Charger 15 (fid=57) not available, trying Charger 17 (fid=35)",1157.9587630464086,17,,
Car 443,,,,,15,switch,,"Charger 15 (fid=57) not available, trying Charger 6 (fid=60)",1158.0211993972664,6,,
Car 421,,,,,6,switch,,"Charger 6 (fid=60) not available, trying Charger 4 (fid=308108)",1158.1834823429156,4,,
Car 423,,,,,6,switch,,"Charger 6 (fid=60) not available, trying Charger 10 (fid=30)",1158.2687813114333,10,,
Car 464,,,,52,,arrived,,arrived,1158.3186954016173,,,
Car 368,87.0,37,19,,,done,,done charging,1158.369312493384,,,461.88108522621604
Car 448,,37,19,,,start_charge,,starting to charge at Charger 19 (fid=37),1158.369312493384,,19.680260378165713,
Car 460,,,,,5,switch,,"Charger 5 (fid=73) not available, trying Charger 15 (fid=57)",1158.9818483074055,15,,
Car 418,,,,,0,switch,,"Charger 0 (fid=308440) not available, trying Charger 5 (fid=73)",1159.2486425362438,5,,
Car 449,,,,,5,switch,,"Charger 5 (fid=73) not available, trying Charger 19 (fid=37)",1159.368632536707,19,,
Car 386,,,,,17,switch,,"Charger 17 (fid=35) not available, trying Charger 12 (fid=40)",1159.5176164200966,12,,
Car 411,,,,,5,switch,,"Charger 5 (fid=73) not available, trying Charger 19 (fid=37)",1159.6408417969312,19,,
Car 394,,,,,11,switch,,"Charger 11 (fid=33) not available, trying Charger 8 (fid=32)",1159.6874415489947,8,,
Car 393,,,,,11,switch,,"Charger 11 (fid=33) not available, trying Charger 8 (fid=32)",1159.7418466721736,8,,
Car 360,,,,,9,switch,,"Charger 9 (fid=86) not available, trying Charger 4 (fid=308108)",1159.7748215858985,4,,
Car 408,,,,,1,switch,,"Charger 1 (fid=308702) not available, trying Charger 11 (fid=33)",1159.8926747043013,11,,
Car 450,,,,,15,switch,,"Charger 15 (fid=57) not available, trying Charger 16 (fid=8)",1159.977403296858,16,,
Car 416,,,,,7,switch,,"Charger 7 (fid=31) not available, trying Charger 17 (fid=35)",1160.2911445886004,17,,
Car 451,,,,,2,switch,,"Charger 2 (fid=307904) not available, trying Charger 3 (fid=307905)",1160.3222609949619,3,,
Car 455,,,,,4,switch,,"Charger 4 (fid=308108) not available, trying Charger 2 (fid=307904)",1160.6457890037632,2,,
Car 399,,,,,18,switch,,"Charger 18 (fid=64) not available, trying Charger 13 (fid=5)",1160.680979055006,13,,
Car 424,,,,,15,switch,,"Charger 15 (fid=57) not available, trying Charger 17 (fid=35)",1160.7576854715542,17,,
Car 457,,,,,15,switch,,"Charger 15 (fid=57) not available, trying Charger 2 (fid=307904)",1160.983796863102,2,,
Car 372,,,,,12,switch,,"Charger 12 (fid=40) not available, trying Charger 9 (fid=86)",1161.242729685292,9,,
Car 395,,,,,3,switch,,"Charger 3 (fid=307905) not available, trying Charger 1 (fid=308702)",1161.245475873594,1,,
Car 435,,,,,7,switch,,"Charger 7 (fid=31) not available, trying Charger 6 (fid=60)",1161.305144346352,6,,
Car 447,,,,,3,switch,,"Charger 3 (fid=307905) not available, trying Charger 5 (fid=73)",1161.3115422808287,5,,
Car 461,,,,,12,switch,,"Charger 12 (fid=40) not available, trying Charger 4 (fid=308108)",1161.4672796827087,4,,
Car 437,,,,,6,switch,,"Charger 6 (fid=60) not available, trying Charger 17 (fid=35)",1161.6791830150157,17,,
Car 452,,,,,2,switch,,"Charger 2 (fid=307904) not available, trying Charger 3 (fid=307905)",1162.1526631579986,3,,
Car 385,,,,,6,switch,,"Charger 6 (fid=60) not available, trying Charger 2 (fid=307904)",1162.25290503161,2,,
Car 412,,,,,5,switch,,"Charger 5 (fid=73) not available, trying Charger 19 (fid=37)",1162.274215765671,19,,
Car 453,,,,,5,switch,,"Charger 5 (fid=73) not available, trying Charger 19 (fid=37)",1162.5823660356755,19,,
Car 410,,,,,0,switch,,"Charger 0 (fid=308440) not available, trying Charger 18 (fid=64)",1162.6142491509584,18,,
Car 458,,,,,17,switch,,"Charger 17 (fid=35) not available, trying Charger 15 (fid=57)",1162.6358905845611,15,,
Car 406,,,,,11,switch,,"Charger 11 (fid=33) not available, trying Charger 8 (fid=32)",1162.8222505377403,8,,
Car 380,55.0,308108,4,,,done,,done charging,1162.873198882884,,,495.83091423880484
Car 360,,308108,4,,,start_charge,,starting to charge at Charger 4 (fid=308108),1162.873198882884,,90.72544726061494,
Car 431,,,,,10,switch,,"Charger 10 (fid=30) not available, trying Charger 14 (fid=34)",1162.9248340057993,14,,
Car 405,,,,,17,switch,,"Charger 17 (fid=35) not available, trying Charger 0 (fid=308440)",1163.1279118214375,0,,
Car 362,50.0,34,14,,,done,,done charging,1163.1827703027059,,,473.8966537368018
Car 431,,34,14,,,start_charge,,starting to charge at Charger 14 (fid=34),1163.1827703027059,,40.07119538601137,
Car 442,,,,,13,switch,,"Charger 13 (fid=5) not available, trying Charger 17 (fid=35)",1163.2888712820647,17,,
Car 464,,,,,2,switch,,"Charger 2 (fid=307904) not available, trying Charger 3 (fid=307905)",1163.3186954016173,3,,
Car 428,,,,,15,switch,,"Charger 15 (fid=57) not available, trying Charger 4 (fid=308108)",1163.4951431745446,4,,
Car 462,,,,,12,switch,,"Charger 12 (fid=40) not available, trying Charger 5 (fid=73)",1163.6759898132339,5,,
Car 433,,,,,12,switch,,"Charger 12 (fid=40) not available, trying Charger 15 (fid=57)",1163.7498728705705,15,,
Car 459,,,,,13,switch,,"Charger 13 (fid=5) not available, trying Charger 15 (fid=57)",1164.1483078424405,15,,
Car 463,,,,,17,switch,,"Charger 17 (fid=35) not available, trying Charger 0 (fid=308440)",1164.3283653022797,0,,
Car 432,,,,,6,switch,,"Charger 6 (fid=60) not available, trying Charger 19 (fid=37)",1164.3332236186775,19,,
Car 414,,,,,2,switch,,"Charger 2 (fid=307904) not available, trying Charger 3 (fid=307905)",1164.9135439895044,3,,
Car 465,,,,1,,arrived,,arrived,1164.9384717924547,,,
Car 394,,,,,8,switch,,"Charger 8 (fid=32) not available, trying Charger 13 (fid=5)",1164.9565402253434,13,,
Car 393,,,,,8,switch,,"Charger 8 (fid=32) not available, trying Charger 13 (fid=5)",1165.0109453485222,13,,
Car 466,,,,57,,arrived,,arrived,1165.2066669644892,,,
Car 403,,,,,18,switch,,"Charger 18 (fid=64) not available, trying Charger 9 (fid=86)",1165.2291059413315,9,,
Car 449,,,,,19,switch,,"Charger 19 (fid=37) not available, trying Charger 1 (fid=308702)",1165.4432961349364,1,,
Car 454,,,,,19,switch,,"Charger 19 (fid=37) not available, trying Charger 17 (fid=35)",1165.4694321963038,17,,
Car 401,,,,,13,switch,,"Charger 13 (fid=5) not available, trying Charger 16 (fid=8)",1165.4932178388635,16,,
Car 467,,,,66,,arrived,,arrived,1165.5582148843298,,,
Car 451,,,,,3,switch,,"Charger 3 (fid=307905) not available, trying Charger 6 (fid=60)",1165.585887176526,6,,
Car 439,,,,,12,switch,,"Charger 12 (fid=40) not available, trying Charger 15 (fid=57)",1165.6017800499442,15,,
Car 411,,,,,19,switch,,"Charger 19 (fid=37) not available, trying Charger 0 (fid=308440)",1165.7155053951606,0,,
Car 430,,,,,13,switch,,"Charger 13 (fid=5) not available, trying Charger 10 (fid=30)",1165.8029738813752,10,,
Car 438,,,,,15,switch,,"Charger 15 (fid=57) not available, trying Charger 16 (fid=8)",1165.803438061539,16,,
Car 427,58.0,57,15,,,done,,done charging,1166.2010791925009,,,21.08841913828849
Car 460,,57,15,,,start_charge,,starting to charge at Charger 15 (fid=57),1166.2010791925009,,14.352347715692986,
Car 419,,,,,2,switch,,"Charger 2 (fid=307904) not available, trying Charger 3 (fid=307905)",1166.2323876958976,3,,
Car 408,,,,,11,switch,,"Charger 11 (fid=33) not available, trying Charger 8 (fid=32)",1166.6542819786146,8,,
Car 417,,,,,7,switch,,"Charger 7 (fid=31) not available, trying Charger 18 (fid=64)",1166.661335286809,18,,
Car 468,,,,79,,arrived,,arrived,1166.6747762433804,,,
Car 364,82.0,31,7,,,done,,done charging,1166.6906994539768,,,354.81112571845796
Car 445,,31,7,,,start_charge,,starting to charge at Charger 7 (fid=31),1166.6906994539768,,24.789604210680864,
Car 469,,,,57,,arrived,,arrived,1166.8031159480302,,,
Car 443,,,,,6,switch,,"Charger 6 (fid=60) not available, trying Charger 17 (fid=35)",1166.912530322627,17,,
Car 424,,,,,17,switch,,"Charger 17 (fid=35) not available, trying Charger 1 (fid=308702)",1167.1272877274253,1,,
Car 400,,,,,9,switch,,"Charger 9 (fid=86) not available, trying Charger 15 (fid=57)",1167.1533722150652,15,,
Car 470,,,,28,,arrived,,arrived,1167.3282142087312,,,
Car 421,,,,,4,switch,,"Charger 4 (fid=308108) not available, trying Charger 18 (fid=64)",1167.4060507040942,18,,
Car 452,,,,,3,switch,,"Charger 3 (fid=307905) not available, trying Charger 5 (fid=73)",1167.4162893395628,5,,
Car 441,,,,,1,switch,,"Charger 1 (fid=308702) not available, trying Charger 6 (fid=60)",1167.5276011334486,6,,
Car 440,,,,,12,switch,,"Charger 12 (fid=40) not available, trying Charger 15 (fid=57)",1167.5553168121692,15,,
Car 406,,,,,8,switch,,"Charger 8 (fid=32) not available, trying Charger 5 (fid=73)",1168.091349214089,5,,
Car 412,,,,,19,switch,,"Charger 19 (fid=37) not available, trying Charger 0 (fid=308440)",1168.3488793639003,0,,
Car 418,,,,,5,switch,,"Charger 5 (fid=73) not available, trying Charger 17 (fid=35)",1168.5124215488215,17,,
Car 464,,,,,3,switch,,"Charger 3 (fid=307905) not available, trying Charger 4 (fid=308108)",1168.5823215831815,4,,
Car 453,,,,,19,switch,,"Charger 19 (fid=37) not available, trying Charger 1 (fid=308702)",1168.6570296339048,1,,
Car 458,,,,,15,switch,,"Charger 15 (fid=57) not available, trying Charger 6 (fid=60)",1169.0054928404322,6,,
Car 455,,,,,2,switch,,"Charger 2 (fid=307904) not available, trying Charger 3 (fid=307905)",1169.1519220183945,3,,
Car 471,,,,71,,arrived,,arrived,1169.1699060449241,,,
Car 450,,,,,16,switch,,"Charger 16 (fid=8) not available, trying Charger 1 (fid=308702)",1169.1701437344452,1,,
Car 386,,,,,12,switch,,"Charger 12 (fid=40) not available, trying Charger 0 (fid=308440)",1169.325770305951,0,,
Car 416,,,,,17,switch,,"Charger 17 (fid=35) not available, trying Charger 10 (fid=30)",1169.4969153983516,10,,
Car 423,,,,,10,switch,,"Charger 10 (fid=30) not available, trying Charger 14 (fid=34)",1169.630030494731,14,,
Car 437,,,,,17,switch,,"Charger 17 (fid=35) not available, trying Charger 1 (fid=308702)",1169.9044363841572,1,,
Car 465,,,,,2,switch,,"Charger 2 (fid=307904) not available, trying Charger 3 (fid=307905)",1169.9384717924547,3,,
Car 457,,,,,2,switch,,"Charger 2 (fid=307904) not available, trying Charger 3 (fid=307905)",1169.962535135548,3,,
Car 405,,,,,0,switch,,"Charger 0 (fid=308440) not available, trying Charger 11 (fid=33)",1170.0636521032036,11,,
Car 414,,,,,3,switch,,"Charger 3 (fid=307905) not available, trying Charger 19 (fid=37)",1170.1771701710686,19,,
Car 466,,,,,15,switch,,"Charger 15 (fid=57) not available, trying Charger 17 (fid=35)",1170.2066669644892,17,,
Car 467,,,,,6,switch,,"Charger 6 (fid=60) not available, trying Charger 12 (fid=40)",1170.5582148843298,12,,
Car 461,,,,,4,switch,,"Charger 4 (fid=308108) not available, trying Charger 6 (fid=60)",1170.5823714915482,6,,
Car 404,92.0,8,16,,,done,,done charging,1170.6909420911466,,,51.031920891441445
Car 401,,8,16,,,start_charge,,starting to charge at Charger 16 (fid=8),1170.6909420911466,,67.26235631266331,
Car 472,,,,77,,arrived,,arrived,1171.140438553884,,,
Car 385,,,,,2,switch,,"Charger 2 (fid=307904) not available, trying Charger 3 (fid=307905)",1171.2550615443133,3,,
Car 463,,,,,0,switch,,"Charger 0 (fid=308440) not available, trying Charger 5 (fid=73)",1171.2641055840459,5,,
Car 419,,,,,3,switch,,"Charger 3 (fid=307905) not available, trying Charger 13 (fid=5)",1171.4960138774618,13,,
Car 468,,,,,2,switch,,"Charger 2 (fid=307904) not available, trying Charger 3 (fid=307905)",1171.6747762433804,3,,
Car 469,,,,,15,switch,,"Charger 15 (fid=57) not available, trying Charger 17 (fid=35)",1171.8031159480302,17,,
Car 408,,,,,8,switch,,"Charger 8 (fid=32) not available, trying Charger 5 (fid=73)",1171.9233806549632,5,,
Car 447,,,,,5,switch,,"Charger 5 (fid=73) not available, trying Charger 6 (fid=60)",1171.9576606522883,6,,
Car 372,,,,,9,switch,,"Charger 9 (fid=86) not available, trying Charger 4 (fid=308108)",1172.1266697183237,4,,
Car 435,,,,,6,switch,,"Charger 6 (fid=60) not available, trying Charger 10 (fid=30)",1172.3079623424005,10,,
Car 470,,,,,17,switch,,"Charger 17 (fid=35) not available, trying Charger 15 (fid=57)",1172.3282142087312,15,,
Car 432,,,,,19,switch,,"Charger 19 (fid=37) not available, trying Charger 7 (fid=31)",1172.6863315998291,7,,
Car 395,,,,,1,switch,,"Charger 1 (fid=308702) not available, trying Charger 7 (fid=31)",1172.74959208336,7,,
Car 403,,,,,9,switch,,"Charger 9 (fid=86) not available, trying Charger 16 (fid=8)",1172.8121176936816,16,,
Car 462,,,,,5,switch,,"Charger 5 (fid=73) not available, trying Charger 17 (fid=35)",1173.223817378552,17,,
Car 459,,,,,15,switch,,"Charger 15 (fid=57) not available, trying Charger 16 (fid=8)",1173.2338931483905,16,,
Car 442,,,,,17,switch,,"Charger 17 (fid=35) not available, trying Charger 15 (fid=57)",1173.47608253294,15,,
Car 449,,,,,1,switch,,"Charger 1 (fid=308702) not available, trying Charger 7 (fid=31)",1173.6863995967274,7,,
Car 394,,,,,13,switch,,"Charger 13 (fid=5) not available, trying Charger 16 (fid=8)",1173.7779778438107,16,,
Car 393,,,,,13,switch,,"Charger 13 (fid=5) not available, trying Charger 16 (fid=8)",1173.8323829669896,16,,
Car 473,,,,28,,arrived,,arrived,1173.9607784548655,,,
Car 433,,,,,15,switch,,"Charger 15 (fid=57) not available, trying Charger 17 (fid=35)",1174.1638897139335,17,,
Car 471,,,,,15,switch,,"Charger 15 (fid=57) not available, trying Charger 0 (fid=308440)",1174.1699060449241,0,,
Car 421,,,,,18,switch,,"Charger 18 (fid=64) not available, trying Charger 12 (fid=40)",1174.2469874959122,12,,
Car 474,,,,4,,arrived,,arrived,1174.3078095656085,,,
Car 455,,,,,3,switch,,"Charger 3 (fid=307905) not available, trying Charger 18 (fid=64)",1174.4155481999587,18,,
Car 454,,,,,17,switch,,"Charger 17 (fid=35) not available, trying Charger 0 (fid=308440)",1174.567596867821,0,,
Car 451,,,,,6,switch,,"Charger 6 (fid=60) not available, trying Charger 5 (fid=73)",1174.6043805208503,5,,
Car 399,,,,,13,switch,,"Charger 13 (fid=5) not available, trying Charger 0 (fid=308440)",1174.6780177145495,0,,
Car 423,,,,,14,switch,,"Charger 14 (fid=34) not available, trying Charger 1 (fid=308702)",1174.8167714056262,1,,
Car 438,,,,,16,switch,,"Charger 16 (fid=8) not available, trying Charger 2 (fid=307904)",1174.9961784991262,2,,
Car 430,,,,,10,switch,,"Charger 10 (fid=30) not available, trying Charger 6 (fid=60)",1175.0548838026364,6,,
Car 428,,,,,4,switch,,"Charger 4 (fid=308108) not available, trying Charger 2 (fid=307904)",1175.1200976106961,2,,
Car 443,,,,,17,switch,,"Charger 17 (fid=35) not available, trying Charger 1 (fid=308702)",1175.1377836917684,1,,
Car 411,,,,,0,switch,,"Charger 0 (fid=308440) not available, trying Charger 16 (fid=8)",1175.18364212627,16,,
Car 465,,,,,3,switch,,"Charger 3 (fid=307905) not available, trying Charger 4 (fid=308108)",1175.202097974019,4,,
Car 457,,,,,3,switch,,"Charger 3 (fid=307905) not available, trying Charger 7 (fid=31)",1175.2261613171122,7,,
Car 410,,,,,18,switch,,"Charger 18 (fid=64) not available, trying Charger 9 (fid=86)",1175.9173620497793,9,,
Car 439,,,,,15,switch,,"Charger 15 (fid=57) not available, trying Charger 17 (fid=35)",1176.0157968933072,17,,
Car 472,,,,,6,switch,,"Charger 6 (fid=60) not available, trying Charger 12 (fid=40)",1176.140438553884,12,,
Car 385,,,,,3,switch,,"Charger 3 (fid=307905) not available, trying Charger 12 (fid=40)",1176.5186877258775,12,,
Car 424,,,,,1,switch,,"Charger 1 (fid=308702) not available, trying Charger 0 (fid=308440)",1176.5702050726063,0,,
Car 466,,,,,17,switch,,"Charger 17 (fid=35) not available, trying Charger 0 (fid=308440)",1176.5762692203602,0,,
Car 453,,,,,1,switch,,"Charger 1 (fid=308702) not available, trying Charger 7 (fid=31)",1176.9001330956958,7,,
Car 468,,,,,3,switch,,"Charger 3 (fid=307905) not available, trying Charger 17 (fid=35)",1176.9384024249446,17,,
Car 464,,,,,4,switch,,"Charger 4 (fid=308108) not available, trying Charger 18 (fid=64)",1177.1047914294336,18,,
Car 418,,,,,17,switch,,"Charger 17 (fid=35) not available, trying Charger 16 (fid=8)",1177.4062285018074,16,,
Car 412,,,,,0,switch,,"Charger 0 (fid=308440) not available, trying Charger 16 (fid=8)",1177.8170160950096,16,,
Car 467,,,,,12,switch,,"Charger 12 (fid=40) not available, trying Charger 16 (fid=8)",1177.8865566261325,16,,
Car 458,,,,,6,switch,,"Charger 6 (fid=60) not available, trying Charger 0 (fid=308440)",1177.8968237657928,0,,
Car 440,,,,,15,switch,,"Charger 15 (fid=57) not available, trying Charger 17 (fid=35)",1177.9693336555322,17,,
Car 452,,,,,5,switch,,"Charger 5 (fid=73) not available, trying Charger 19 (fid=37)",1178.0624077110224,19,,
Car 469,,,,,17,switch,,"Charger 17 (fid=35) not available, trying Charger 0 (fid=308440)",1178.1727182039012,0,,
Car 441,,,,,6,switch,,"Charger 6 (fid=60) not available, trying Charger 7 (fid=31)",1178.192053752905,7,,
Car 406,,,,,5,switch,,"Charger 5 (fid=73) not available, trying Charger 19 (fid=37)",1178.4257836724817,19,,
Car 395,,,,,7,switch,,"Charger 7 (fid=31) not available, trying Charger 10 (fid=30)",1178.4529936823446,10,,
Car 470,,,,,15,switch,,"Charger 15 (fid=57) not available, trying Charger 0 (fid=308440)",1178.6978164646023,0,,
Car 405,,,,,11,switch,,"Charger 11 (fid=33) not available, trying Charger 8 (fid=32)",1178.7951310046392,8,,
Car 416,,,,,10,switch,,"Charger 10 (fid=30) not available, trying Charger 0 (fid=308440)",1178.8610845294904,0,,
Car 400,,,,,15,switch,,"Charger 15 (fid=57) not available, trying Charger 13 (fid=5)",1178.9589840391498,13,,
Car 473,,,,,7,switch,,"Charger 7 (fid=31) not available, trying Charger 11 (fid=33)",1178.9607784548655,11,,
Car 450,,,,,1,switch,,"Charger 1 (fid=308702) not available, trying Charger 6 (fid=60)",1179.0192976584333,6,,
Car 474,,,,,6,switch,,"Charger 6 (fid=60) not available, trying Charger 2 (fid=307904)",1179.3078095656085,2,,
Car 437,,,,,1,switch,,"Charger 1 (fid=308702) not available, trying Charger 7 (fid=31)",1179.3473537293382,7,,
Car 449,,,,,7,switch,,"Charger 7 (fid=31) not available, trying Charger 6 (fid=60)",1179.389801195712,6,,
Car 372,,,,,4,switch,,"Charger 4 (fid=308108) not available, trying Charger 18 (fid=64)",1179.4995997546941,18,,
Car 461,,,,,6,switch,,"Charger 6 (fid=60) not available, trying Charger 9 (fid=86)",1179.8049398527269,9,,
Car 442,,,,,15,switch,,"Charger 15 (fid=57) not available, trying Charger 4 (fid=308108)",1179.845684788811,4,,
Car 447,,,,,6,switch,,"Charger 6 (fid=60) not available, trying Charger 19 (fid=37)",1179.986849673808,19,,
Car 475,,,,37,,arrived,,arrived,1179.990669147338,,,
Car 386,,,,,0,switch,,"Charger 0 (fid=308440) not available, trying Charger 2 (fid=307904)",1180.4762917562105,2,,
Car 463,,,,,5,switch,,"Charger 5 (fid=73) not available, trying Charger 19 (fid=37)",1180.5278845966236,19,,
Car 433,,,,,17,switch,,"Charger 17 (fid=35) not available, trying Charger 1 (fid=308702)",1180.5334919698046,1,,
Car 383,83.0,8,16,,,done,,done charging,1180.7376164608281,,,272.6512927581114
Car 394,,8,16,,,start_charge,,starting to charge at Charger 16 (fid=8),1180.7376164608281,,79.02427067739768,
Car 471,,,,,0,switch,,"Charger 0 (fid=308440) not available, trying Charger 17 (fid=35)",1180.909480360387,17,,
Car 423,,,,,1,switch,,"Charger 1 (fid=308702) not available, trying Charger 11 (fid=33)",1180.9495913517578,11,,
Car 414,,,,,19,switch,,"Charger 19 (fid=37) not available, trying Charger 6 (fid=60)",1181.1472075021602,6,,
Car 476,,,,67,,arrived,,arrived,1181.1850862579136,,,
Car 432,,,,,7,switch,,"Charger 7 (fid=31) not available, trying Charger 10 (fid=30)",1181.267800438212,10,,
Car 417,,,,,18,switch,,"Charger 18 (fid=64) not available, trying Charger 10 (fid=30)",1181.3394306494213,10,,
Car 454,,,,,0,switch,,"Charger 0 (fid=308440) not available, trying Charger 16 (fid=8)",1181.5033371495872,16,,
Car 393,,,,,16,switch,,"Charger 16 (fid=8) not available, trying Charger 12 (fid=40)",1181.7677509066093,12,,
Car 477,,,,28,,arrived,,arrived,1181.9101459638975,,,
Car 462,,,,,17,switch,,"Charger 17 (fid=35) not available, trying Charger 19 (fid=37)",1182.1176243315379,19,,
Car 408,,,,,5,switch,,"Charger 5 (fid=73) not available, trying Charger 19 (fid=37)",1182.257815113356,19,,
Car 439,,,,,17,switch,,"Charger 17 (fid=35) not available, trying Charger 1 (fid=308702)",1182.3853991491783,1,,
Car 459,,,,,16,switch,,"Charger 16 (fid=8) not available, trying Charger 1 (fid=308702)",1182.4266335859777,1,,
Car 453,,,,,7,switch,,"Charger 7 (fid=31) not available, trying Charger 13 (fid=5)",1182.6035346946803,13,,
Car 451,,,,,5,switch,,"Charger 5 (fid=73) not available, trying Charger 7 (fid=31)",1182.63356954237,7,,
Car 472,,,,,12,switch,,"Charger 12 (fid=40) not available, trying Charger 4 (fid=308108)",1183.4687802956867,4,,
Car 410,,,,,9,switch,,"Charger 9 (fid=86) not available, trying Charger 16 (fid=8)",1183.5003738021294,16,,
Car 466,,,,,0,switch,,"Charger 0 (fid=308440) not available, trying Charger 5 (fid=73)",1183.5120095021264,5,,
Car 428,,,,,2,switch,,"Charger 2 (fid=307904) not available, trying Charger 3 (fid=307905)",1183.6262306253275,3,,
Car 435,,,,,10,switch,,"Charger 10 (fid=30) not available, trying Charger 14 (fid=34)",1183.6692115256983,14,,
Car 419,,,,,13,switch,,"Charger 13 (fid=5) not available, trying Charger 0 (fid=308440)",1183.6756575493837,0,,
Car 455,,,,,18,switch,,"Charger 18 (fid=64) not available, trying Charger 16 (fid=8)",1183.6979757257154,16,,
Car 465,,,,,4,switch,,"Charger 4 (fid=308108) not available, trying Charger 9 (fid=86)",1183.724567820271,9,,
Car 421,,,,,12,switch,,"Charger 12 (fid=40) not available, trying Charger 7 (fid=31)",1183.9075734403584,7,,
Car 464,,,,,18,switch,,"Charger 18 (fid=64) not available, trying Charger 12 (fid=40)",1183.9457282212516,12,,
Car 478,,,,34,,arrived,,arrived,1184.056760499427,,,
Car 405,,,,,8,switch,,"Charger 8 (fid=32) not available, trying Charger 12 (fid=40)",1184.0642296809879,12,,
Car 452,,,,,19,switch,,"Charger 19 (fid=37) not available, trying Charger 6 (fid=60)",1184.1370713092517,6,,
Car 395,,,,,10,switch,,"Charger 10 (fid=30) not available, trying Charger 14 (fid=34)",1184.2776799331484,14,,
Car 440,,,,,17,switch,,"Charger 17 (fid=35) not available, trying Charger 1 (fid=308702)",1184.3389359114033,1,,
Car 425,80.0,33,11,,,done,,done charging,1184.4843900430917,,,53.74301665094826
Car 473,,33,11,,,start_charge,,starting to charge at Charger 11 (fid=33),1184.4843900430917,,8.999150849342868,
Car 406,,,,,19,switch,,"Charger 19 (fid=37) not available, trying Charger 12 (fid=40)",1184.500447270711,12,,
Car 443,,,,,1,switch,,"Charger 1 (fid=308702) not available, trying Charger 7 (fid=31)",1184.5807010369494,7,,
Car 424,,,,,0,switch,,"Charger 0 (fid=308440) not available, trying Charger 7 (fid=31)",1184.6806577000048,7,,
Car 468,,,,,17,switch,,"Charger 17 (fid=35) not available, trying Charger 0 (fid=308440)",1184.7902917148278,0,,
Car 475,,,,,19,switch,,"Charger 19 (fid=37) not available, trying Charger 5 (fid=73)",1184.990669147338,5,,
Car 437,,,,,7,switch,,"Charger 7 (fid=31) not available, trying Charger 0 (fid=308440)",1185.0507553283228,0,,
Car 469,,,,,0,switch,,"Charger 0 (fid=308440) not available, trying Charger 5 (fid=73)",1185.1084584856674,5,,
Car 399,,,,,0,switch,,"Charger 0 (fid=308440) not available, trying Charger 9 (fid=86)",1185.2352010250165,9,,
Car 479,,,,60,,arrived,,arrived,1185.3969732778419,,,
Car 470,,,,,0,switch,,"Charger 0 (fid=308440) not available, trying Charger 2 (fid=307904)",1185.4373907800652,2,,
Car 411,,,,,16,switch,,"Charger 16 (fid=8) not available, trying Charger 1 (fid=308702)",1185.7732784070324,1,,
Car 385,,,,,12,switch,,"Charger 12 (fid=40) not available, trying Charger 4 (fid=308108)",1186.049617147296,4,,
Car 429,70.0,308440,0,,,done,,done charging,1186.11984171185,,,99.33725130193227
Car 416,,308440,0,,,start_charge,,starting to charge at Charger 0 (fid=308440),1186.11984171185,,59.22705276900342,
Car 476,,,,,19,switch,,"Charger 19 (fid=37) not available, trying Charger 15 (fid=57)",1186.1850862579136,15,,
Car 403,,,,,16,switch,,"Charger 16 (fid=8) not available, trying Charger 1 (fid=308702)",1186.2880813780507,1,,
Car 372,,,,,,gave_up,18,"no alternate charger available, gave up",1186.340536546512,,,
Car 430,,,,,6,switch,,"Charger 6 (fid=60) not available, trying Charger 14 (fid=34)",1186.4161329859342,14,,
Car 480,,,,73,,arrived,,arrived,1186.4291239482866,,,
Car 463,,,,,19,switch,,"Charger 19 (fid=37) not available, trying Charger 1 (fid=308702)",1186.602548194853,1,,
Car 481,,,,37,,arrived,,arrived,1186.7637426416932,,,
Car 477,,,,,17,switch,,"Charger 17 (fid=35) not available, trying Charger 15 (fid=57)",1186.9101459638975,15,,
Car 482,,,,63,,arrived,,arrived,1186.9268463814376,,,
Car 457,,,,,7,switch,,"Charger 7 (fid=31) not available, trying Charger 6 (fid=60)",1186.9395732509565,6,,
Car 438,,,,,2,switch,,"Charger 2 (fid=307904) not available, trying Charger 3 (fid=307905)",1186.9458456995073,3,,
Car 432,,,,,10,switch,,"Charger 10 (fid=30) not available, trying Charger 14 (fid=34)",1187.0924866890157,14,,
Car 483,,,,25,,arrived,,arrived,1187.1293489616398,,,
Car 467,,,,,16,switch,,"Charger 16 (fid=8) not available, trying Charger 5 (fid=73)",1187.1828166065698,5,,
Car 484,,,,22,,arrived,,arrived,1187.373523696667,,,
Car 397,95.0,73,5,,,done,,done charging,1187.4748871512184,,,238.8113680112204
Car 475,,73,5,,,start_charge,,starting to charge at Charger 5 (fid=73),1187.4748871512184,,6.409554405651079,
Car 458,,,,,0,switch,,"Charger 0 (fid=308440) not available, trying Charger 9 (fid=86)",1187.5246592980498,9,,
Car 418,,,,,16,switch,,"Charger 16 (fid=8) not available, trying Charger 6 (fid=60)",1187.625892722978,6,,
Car 423,,,,,11,switch,,"Charger 11 (fid=33) not available, trying Charger 8 (fid=32)",1187.711198626071,8,,
Car 471,,,,,17,switch,,"Charger 17 (fid=35) not available, trying Charger 7 (fid=31)",1187.8452206421532,7,,
Car 400,,,,,13,switch,,"Charger 13 (fid=5) not available, trying Charger 0 (fid=308440)",1188.0445693450997,0,,
Car 474,,,,,2,switch,,"Charger 2 (fid=307904) not available, trying Charger 3 (fid=307905)",1188.3099660783118,3,,
Car 408,,,,,19,switch,,"Charger 19 (fid=37) not available, trying Charger 12 (fid=40)",1188.3324787115853,12,,
Car 447,,,,,19,switch,,"Charger 19 (fid=37) not available, trying Charger 7 (fid=31)",1188.3399576549596,7,,
Car 412,,,,,16,switch,,"Charger 16 (fid=8) not available, trying Charger 1 (fid=308702)",1188.4066523757722,1,,
Car 485,,,,7,,arrived,,arrived,1188.6150509662416,,,
Car 435,,,,,14,switch,,"Charger 14 (fid=34) not available, trying Charger 1 (fid=308702)",1188.8559524365935,1,,
Car 428,,,,,3,switch,,"Charger 3 (fid=307905) not available, trying Charger 18 (fid=64)",1188.8898568068917,18,,
Car 478,,,,,17,switch,,"Charger 17 (fid=35) not available, trying Charger 15 (fid=57)",1189.056760499427,15,,
Car 486,,,,37,,arrived,,arrived,1189.1636529049365,,,
Car 441,,,,,7,switch,,"Charger 7 (fid=31) not available, trying Charger 10 (fid=30)",1189.1948717489533,10,,
Car 395,,,,,14,switch,,"Charger 14 (fid=34) not available, trying Charger 4 (fid=308108)",1189.4644208440436,4,,
Car 414,,,,,6,switch,,"Charger 6 (fid=60) not available, trying Charger 13 (fid=5)",1189.5003154833119,13,,
Car 450,,,,,6,switch,,"Charger 6 (fid=60) not available, trying Charger 7 (fid=31)",1189.6837502778897,7,,
Car 386,,,,,2,switch,,"Charger 2 (fid=307904) not available, trying Charger 3 (fid=307905)",1189.8127792551038,3,,
Car 433,,,,,1,switch,,"Charger 1 (fid=308702) not available, trying Charger 0 (fid=308440)",1189.9764093149856,0,,
Car 389,100.0,35,17,,,done,,done charging,1190.2176665788384,,,268.6636056494783
Car 443,,,,,7,switch,,"Charger 7 (fid=31) not available, trying Charger 0 (fid=308440)",1190.284102635934,0,,
Car 449,,,,,6,switch,,"Charger 6 (fid=60) not available, trying Charger 2 (fid=307904)",1190.3926191917603,2,,
Car 479,,,,,6,switch,,"Charger 6 (fid=60) not available, trying Charger 12 (fid=40)",1190.3969732778419,12,,
Car 461,,,,,9,switch,,"Charger 9 (fid=86) not available, trying Charger 2 (fid=307904)",1190.8287581450668,2,,
Car 393,,,,,12,switch,,"Charger 12 (fid=40) not available, trying Charger 9 (fid=86)",1191.0640108870466,9,,
Car 465,,,,,9,switch,,"Charger 9 (fid=86) not available, trying Charger 17 (fid=35)",1191.0974978566414,17,,
Car 462,,,,,19,switch,,"Charger 19 (fid=37) not available, trying Charger 16 (fid=8)",1191.215789003055,16,,
Car 453,,,,,13,switch,,"Charger 13 (fid=5) not available, trying Charger 10 (fid=30)",1191.397037715381,10,,
Car 480,,,,,5,switch,,"Charger 5 (fid=73) not available, trying Charger 19 (fid=37)",1191.4291239482866,19,,
Car 442,,,,,4,switch,,"Charger 4 (fid=308108) not available, trying Charger 2 (fid=307904)",1191.4706392249625,2,,
Car 468,,,,,0,switch,,"Charger 0 (fid=308440) not available, trying Charger 15 (fid=57)",1191.726031996594,15,,
Car 481,,,,,19,switch,,"Charger 19 (fid=37) not available, trying Charger 5 (fid=73)",1191.7637426416932,5,,
Car 439,,,,,1,switch,,"Charger 1 (fid=308702) not available, trying Charger 0 (fid=308440)",1191.8283164943593,0,,
Car 451,,,,,7,switch,,"Charger 7 (fid=31) not available, trying Charger 19 (fid=37)",1191.8930068259049,19,,
Car 482,,,,,13,switch,,"Charger 13 (fid=5) not available, trying Charger 16 (fid=8)",1191.9268463814376,16,,
Car 454,,,,,16,switch,,"Charger 16 (fid=8) not available, trying Charger 12 (fid=40)",1192.0929734303497,12,,
Car 343,80.0,86,9,,,done,,done charging,1192.1130509532118,,,505.4944635941918
Car 483,,,,,0,switch,,"Charger 0 (fid=308440) not available, trying Charger 17 (fid=35)",1192.1293489616398,17,,
Car 438,,,,,3,switch,,"Charger 3 (fid=307905) not available, trying Charger 13 (fid=5)",1192.2094718810715,13,,
Car 459,,,,,1,switch,,"Charger 1 (fid=308702) not available, trying Charger 6 (fid=60)",1192.2757875099658,6,,
Car 432,,,,,14,switch,,"Charger 14 (fid=34) not available, trying Charger 1 (fid=308702)",1192.2792275999109,1,,
Car 484,,,,,0,switch,,"Charger 0 (fid=308440) not available, trying Charger 17 (fid=35)",1192.373523696667,17,,
Car 399,,86,9,,,start_charge,,starting to charge at Charger 9 (fid=86),1192.3985620755484,,65.0,
Car 452,,,,,6,switch,,"Charger 6 (fid=60) not available, trying Charger 7 (fid=31)",1192.4901792904034,7,,
Car 424,,,,,7,switch,,"Charger 7 (fid=31) not available, trying Charger 11 (fid=33)",1192.5539637919733,11,,
Car 472,,,,,4,switch,,"Charger 4 (fid=308108) not available, trying Charger 2 (fid=307904)",1192.583872104526,2,,
Car 466,,,,,5,switch,,"Charger 5 (fid=73) not available, trying Charger 19 (fid=37)",1192.7757885147041,19,,
Car 437,,,,,0,switch,,"Charger 0 (fid=308440) not available, trying Charger 12 (fid=40)",1192.9240614202913,12,,
Car 423,,,,,8,switch,,"Charger 8 (fid=32) not available, trying Charger 5 (fid=73)",1192.9802973024198,5,,
Car 477,,,,,15,switch,,"Charger 15 (fid=57) not available, trying Charger 0 (fid=308440)",1193.2797482197686,0,,
Car 487,,,,11,,arrived,,arrived,1193.3263240579192,,,
Car 474,,,,,3,switch,,"Charger 3 (fid=307905) not available, trying Charger 17 (fid=35)",1193.573592259876,17,,
Car 464,,,,,12,switch,,"Charger 12 (fid=40) not available, trying Charger 6 (fid=60)",1193.6063141656978,6,,
Car 485,,,,,4,switch,,"Charger 4 (fid=308108) not available, trying Charger 2 (fid=307904)",1193.6150509662416,2,,
Car 440,,,,,1,switch,,"Charger 1 (fid=308702) not available, trying Charger 0 (fid=308440)",1193.7818532565843,0,,
Car 488,,,,47,,arrived,,arrived,1194.0642839789343,,,
Car 483,,35,17,,,start_charge,,starting to charge at Charger 17 (fid=35),1194.065089243406,,5.0,
Car 486,,,,,19,switch,,"Charger 19 (fid=37) not available, trying Charger 5 (fid=73)",1194.1636529049365,5,,
Car 476,,,,,15,switch,,"Charger 15 (fid=57) not available, trying Charger 1 (fid=308702)",1194.1816249845056,1,,
Car 419,,,,,0,switch,,"Charger 0 (fid=308440) not available, trying Charger 4 (fid=308108)",1194.2328408598507,4,,
Car 406,,,,,12,switch,,"Charger 12 (fid=40) not available, trying Charger 9 (fid=86)",1194.3721937956611,9,,
Car 469,,,,,5,switch,,"Charger 5 (fid=73) not available, trying Charger 19 (fid=37)",1194.372237498245,19,,
Car 426,85.0,308440,0,,,done,,done charging,1194.6539383435493,,,54.93268712686712
Car 433,,308440,0,,,start_charge,,starting to charge at Charger 0 (fid=308440),1194.6539383435493,,46.567076401165195,
Car 470,,,,,2,switch,,"Charger 2 (fid=307904) not available, trying Charger 3 (fid=307905)",1194.7738782789586,3,,
Car 463,,,,,1,switch,,"Charger 1 (fid=308702) not available, trying Charger 7 (fid=31)",1194.845651656644,7,,
Car 435,,,,,1,switch,,"Charger 1 (fid=308702) not available, trying Charger 11 (fid=33)",1194.988772382725,11,,
Car 441,,,,,10,switch,,"Charger 10 (fid=30) not available, trying Charger 14 (fid=34)",1195.0195579997571,14,,
Car 467,,,,,5,switch,,"Charger 5 (fid=73) not available, trying Charger 19 (fid=37)",1195.033542805495,19,,
Car 386,,,,,3,switch,,"Charger 3 (fid=307905) not available, trying Charger 4 (fid=308108)",1195.076405436668,4,,
Car 385,,,,,4,switch,,"Charger 4 (fid=308108) not available, trying Charger 9 (fid=86)",1195.1647089561354,9,,
Car 489,,,,37,,arrived,,arrived,1195.3728349882508,,,
Car 478,,,,,15,switch,,"Charger 15 (fid=57) not available, trying Charger 0 (fid=308440)",1195.426362755298,0,,
Car 411,,,,,1,switch,,"Charger 1 (fid=308702) not available, trying Charger 13 (fid=5)",1195.6224323310205,13,,
Car 490,,,,64,,arrived,,arrived,1196.057374942294,,,
Car 403,,,,,1,switch,,"Charger 1 (fid=308702) not available, trying Charger 13 (fid=5)",1196.1372353020388,13,,
Car 491,,,,38,,arrived,,arrived,1196.1452861598573,,,
Car 418,,,,,6,switch,,"Charger 6 (fid=60) not available, trying Charger 2 (fid=307904)",1196.1520240407103,2,,
Car 417,,,,,10,switch,,"Charger 10 (fid=30) not available, trying Charger 14 (fid=34)",1196.375957199283,14,,
Car 421,,,,,7,switch,,"Charger 7 (fid=31) not available, trying Charger 10 (fid=30)",1196.4330773544093,10,,
Car 455,,,,,16,switch,,"Charger 16 (fid=8) not available, trying Charger 5 (fid=73)",1196.5174888317354,5,,
Car 388,115.0,31,7,,,done,,done charging,1196.6029058497195,,,153.5707290027386
Car 447,,31,7,,,start_charge,,starting to charge at Charger 7 (fid=31),1196.6029058497195,,44.68147935637717,
Car 492,,,,5,,arrived,,arrived,1196.6869951129243,,,
Car 410,,,,,16,switch,,"Charger 16 (fid=8) not available, trying Charger 1 (fid=308702)",1196.9763374864986,1,,
Car 471,,,,,7,switch,,"Charger 7 (fid=31) not available, trying Charger 5 (fid=73)",1197.0509914519043,5,,
Car 480,,,,,19,switch,,"Charger 19 (fid=37) not available, trying Charger 13 (fid=5)",1197.503787546516,13,,
Car 405,,,,,12,switch,,"Charger 12 (fid=40) not available, trying Charger 2 (fid=307904)",1197.6647307698966,2,,
Car 479,,,,,12,switch,,"Charger 12 (fid=40) not available, trying Charger 5 (fid=73)",1197.7253150196445,5,,
Car 481,,,,,5,switch,,"Charger 5 (fid=73) not available, trying Charger 13 (fid=5)",1197.8384062399225,13,,
Car 430,,,,,14,switch,,"Charger 14 (fid=34) not available, trying Charger 16 (fid=8)",1197.8483693291296,16,,
Car 457,,,,,6,switch,,"Charger 6 (fid=60) not available, trying Charger 10 (fid=30)",1197.942391247005,10,,
Car 415,103.0,40,12,,,done,,done charging,1197.9548892386292,,,204.15431890605544
Car 408,,40,12,,,start_charge,,starting to charge at Charger 12 (fid=40),1197.9548892386292,,74.7506640020938,
Car 443,,,,,0,switch,,"Charger 0 (fid=308440) not available, trying Charger 12 (fid=40)",1198.1574087279025,12,,
Car 428,,,,,18,switch,,"Charger 18 (fid=64) not available, trying Charger 13 (fid=5)",1198.1722843326484,13,,
Car 412,,,,,1,switch,,"Charger 1 (fid=308702) not available, trying Charger 13 (fid=5)",1198.2558062997603,13,,
Car 436,81.0,5,13,,,done,,done charging,1198.3222465647993,,,74.00372403072134
Car 414,,5,13,,,start_charge,,starting to charge at Charger 13 (fid=5),1198.3222465647993,,74.21800717180417,
Car 487,,,,,6,switch,,"Charger 6 (fid=60) not available, trying Charger 5 (fid=73)",1198.3263240579192,5,,
Car 432,,,,,1,switch,,"Charger 1 (fid=308702) not available, trying Charger 11 (fid=33)",1198.4120475460425,11,,
Car 468,,,,,15,switch,,"Charger 15 (fid=57) not available, trying Charger 9 (fid=86)",1198.465606312057,9,,
Car 400,,,,,0,switch,,"Charger 0 (fid=308440) not available, trying Charger 1 (fid=308702)",1198.6017526555668,1,,
Car 466,,,,,19,switch,,"Charger 19 (fid=37) not available, trying Charger 1 (fid=308702)",1198.8504521129335,1,,
Car 461,,,,,2,switch,,"Charger 2 (fid=307904) not available, trying Charger 3 (fid=307905)",1198.9029210466488,3,,
Car 488,,,,,7,switch,,"Charger 7 (fid=31) not available, trying Charger 1 (fid=308702)",1199.0642839789343,1,,
Car 424,,,,,11,switch,,"Charger 11 (fid=33) not available, trying Charger 10 (fid=30)",1199.0784245308566,10,,
Car 462,,,,,16,switch,,"Charger 16 (fid=8) not available, trying Charger 15 (fid=57)",1199.2969322107417,15,,
Car 484,,,,,17,switch,,"Charger 17 (fid=35) not available, trying Charger 15 (fid=57)",1199.3092639784331,15,,
Car 449,,,,,2,switch,,"Charger 2 (fid=307904) not available, trying Charger 3 (fid=307905)",1199.3947757044637,3,,
Car 434,57.0,307904,2,,,done,,done charging,1199.6323161883774,,,225.49196871352584
Car 442,,307904,2,,,start_charge,,starting to charge at Charger 2 (fid=307904),1199.6323161883774,,49.65554394878359,
Car 458,,,,,9,switch,,"Charger 9 (fid=86) not available, trying Charger 4 (fid=308108)",1199.6880203485816,4,,
Car 482,,,,,16,switch,,"Charger 16 (fid=8) not available, trying Charger 19 (fid=37)",1199.8622143210573,19,,
Car 439,,,,,0,switch,,"Charger 0 (fid=308440) not available, trying Charger 7 (fid=31)",1199.9387691217578,7,,
Car 477,,,,,0,switch,,"Charger 0 (fid=308440) not available, trying Charger 2 (fid=307904)",1200.0193225352316,2,,
Car 470,,,,,3,switch,,"Charger 3 (fid=307905) not available, trying Charger 6 (fid=60)",1200.0375044605228,6,,
Car 441,,,,,14,switch,,"Charger 14 (fid=34) not available, trying Charger 17 (fid=35)",1200.2062989106523,17,,
Car 486,,,,,5,switch,,"Charger 5 (fid=73) not available, trying Charger 13 (fid=5)",1200.2383165031658,13,,
Car 489,,,,,19,switch,,"Charger 19 (fid=37) not available, trying Charger 5 (fid=73)",1200.3728349882508,5,,
Car 493,,,,55,,arrived,,arrived,1200.4310740351361,,,
Car 469,,,,,19,switch,,"Charger 19 (fid=37) not available, trying Charger 1 (fid=308702)",1200.4469010964744,1,,
Car 451,,,,,19,switch,,"Charger 19 (fid=37) not available, trying Charger 12 (fid=40)",1200.4744756642876,12,,
Car 422,95.0,60,6,,,done,,done charging,1200.543470755866,,,180.72136149700506
Car 464,,60,6,,,start_charge,,starting to charge at Charger 6 (fid=60),1200.543470755866,,29.608814848365682,
Car 463,,,,,7,switch,,"Charger 7 (fid=31) not available, trying Charger 6 (fid=60)",1200.5490532556285,6,,
Car 494,,,,74,,arrived,,arrived,1200.597854478778,,,
Car 453,,,,,10,switch,,"Charger 10 (fid=30) not available, trying Charger 6 (fid=60)",1200.648947636642,6,,
Car 450,,,,,7,switch,,"Charger 7 (fid=31) not available, trying Charger 10 (fid=30)",1200.686568273938,10,,
Car 490,,,,,18,switch,,"Charger 18 (fid=64) not available, trying Charger 4 (fid=308108)",1201.057374942294,4,,
Car 472,,,,,2,switch,,"Charger 2 (fid=307904) not available, trying Charger 3 (fid=307905)",1201.0900051191575,3,,
Car 467,,,,,19,switch,,"Charger 19 (fid=37) not available, trying Charger 13 (fid=5)",1201.1082064037244,13,,
Car 491,,,,,13,switch,,"Charger 13 (fid=5) not available, trying Charger 19 (fid=37)",1201.1452861598573,19,,
Car 454,,,,,12,switch,,"Charger 12 (fid=40) not available, trying Charger 13 (fid=5)",1201.389233410787,13,,
Car 474,,,,,17,switch,,"Charger 17 (fid=35) not available, trying Charger 15 (fid=57)",1201.4254815497593,15,,
Car 495,,,,23,,arrived,,arrived,1201.4790008661694,,,
Car 417,,,,,14,switch,,"Charger 14 (fid=34) not available, trying Charger 1 (fid=308702)",1201.5626981101782,1,,
Car 492,,,,,13,switch,,"Charger 13 (fid=5) not available, trying Charger 19 (fid=37)",1201.6869951129243,19,,
Car 435,,,,,11,switch,,"Charger 11 (fid=33) not available, trying Charger 8 (fid=32)",1201.7503796570384,8,,
Car 465,,,,,17,switch,,"Charger 17 (fid=35) not available, trying Charger 18 (fid=64)",1201.7599238665425,18,,
Car 496,,,,30,,arrived,,arrived,1201.7626504654193,,,
Car 497,,,,1,,arrived,,arrived,1201.8080540731362,,,
Car 440,,,,,0,switch,,"Charger 0 (fid=308440) not available, trying Charger 7 (fid=31)",1201.8923058839828,7,,
Car 393,,,,,9,switch,,"Charger 9 (fid=86) not available, trying Charger 4 (fid=308108)",1201.9479509200783,4,,
Car 444,75.0,308108,4,,,done,,done charging,1202.1111521632472,,,138.47203364136507
Car 386,,308108,4,,,start_charge,,starting to charge at Charger 4 (fid=308108),1202.1111521632472,,88.51227688032714,
Car 485,,,,,2,switch,,"Charger 2 (fid=307904) not available, trying Charger 3 (fid=307905)",1202.121183980873,3,,
Car 478,,,,,0,switch,,"Charger 0 (fid=308440) not available, trying Charger 2 (fid=307904)",1202.165937070761,2,,
Car 421,,,,,10,switch,,"Charger 10 (fid=30) not available, trying Charger 14 (fid=34)",1202.257763605213,14,,
Car 420,54.0,86,9,,,done,,done charging,1202.33593792441,,,359.93273013619785
Car 385,,86,9,,,start_charge,,starting to charge at Charger 9 (fid=86),1202.33593792441,,94.79829893190413,
Car 476,,,,,1,switch,,"Charger 1 (fid=308702) not available, trying Charger 5 (fid=73)",1202.5916828282996,5,,
Car 459,,,,,6,switch,,"Charger 6 (fid=60) not available, trying Charger 7 (fid=31)",1202.9402401294221,7,,
Car 423,,,,,5,switch,,"Charger 5 (fid=73) not available, trying Charger 19 (fid=37)",1203.3147317608125,19,,
Car 452,,,,,7,switch,,"Charger 7 (fid=31) not available, trying Charger 10 (fid=30)",1203.4929972864518,10,,
Car 395,,,,,4,switch,,"Charger 4 (fid=308108) not available, trying Charger 11 (fid=33)",1203.63028069803,11,,
Car 407,83.0,60,6,,,done,,done charging,1203.6663217272376,,,268.66360564947826
Car 470,,60,6,,,start_charge,,starting to charge at Charger 6 (fid=60),1204.055997804847,,25.0,
Car 437,,,,,12,switch,,"Charger 12 (fid=40) not available, trying Charger 10 (fid=30)",1204.0745828705508,10,,
Car 461,,,,,3,switch,,"Charger 3 (fid=307905) not available, trying Charger 5 (fid=73)",1204.166547228213,5,,
Car 411,,,,,13,switch,,"Charger 13 (fid=5) not available, trying Charger 7 (fid=31)",1204.1775456884404,7,,
Car 498,,,,62,,arrived,,arrived,1204.2197679525814,,,
Car 499,,,,86,,arrived,,arrived,1204.2310566886913,,,
Car 480,,,,,13,switch,,"Charger 13 (fid=5) not available, trying Charger 16 (fid=8)",1204.2908901876347,16,,
Car 455,,,,,5,switch,,"Charger 5 (fid=73) not available, trying Charger 17 (fid=35)",1204.3682150306606,17,,
Car 438,,,,,13,switch,,"Charger 13 (fid=5) not available, trying Charger 0 (fid=308440)",1204.3891155529934,0,,
Car 449,,,,,3,switch,,"Charger 3 (fid=307905) not available, trying Charger 13 (fid=5)",1204.6584018860278,13,,
Car 403,,,,,13,switch,,"Charger 13 (fid=5) not available, trying Charger 7 (fid=31)",1204.6923486594587,7,,
Car 500,,,,8,,arrived,,arrived,1204.7123123791082,,,
Car 488,,,,,1,switch,,"Charger 1 (fid=308702) not available, trying Charger 11 (fid=33)",1204.7676855779189,11,,
Car 424,,,,,10,switch,,"Charger 10 (fid=30) not available, trying Charger 8 (fid=32)",1204.8939527699335,8,,
Car 418,,,,,2,switch,,"Charger 2 (fid=307904) not available, trying Charger 3 (fid=307905)",1205.1541805534137,3,,
Car 432,,,,,11,switch,,"Charger 11 (fid=33) not available, trying Charger 8 (fid=32)",1205.1736548203558,8,,
Car 406,,,,,9,switch,,"Charger 9 (fid=86) not available, trying Charger 13 (fid=5)",1205.2561338286928,13,,
Car 481,,,,,13,switch,,"Charger 13 (fid=5) not available, trying Charger 15 (fid=57)",1205.3034773261932,15,,
Car 493,,,,,15,switch,,"Charger 15 (fid=57) not available, trying Charger 17 (fid=35)",1205.4310740351361,17,,
Car 494,,,,,2,switch,,"Charger 2 (fid=307904) not available, trying Charger 3 (fid=307905)",1205.597854478778,3,,
Car 484,,,,,15,switch,,"Charger 15 (fid=57) not available, trying Charger 2 (fid=307904)",1205.6788662343042,2,,
Car 379,94.0,73,5,,,done,,done charging,1205.7491469246202,,,316.3025262573897
Car 471,,73,5,,,start_charge,,starting to charge at Charger 5 (fid=73),1205.7491469246202,,24.438718189180918,
Car 472,,,,,3,switch,,"Charger 3 (fid=307905) not available, trying Charger 18 (fid=64)",1206.3536313007216,18,,
Car 487,,,,,5,switch,,"Charger 5 (fid=73) not available, trying Charger 15 (fid=57)",1206.3555130794389,15,,
Car 489,,,,,5,switch,,"Charger 5 (fid=73) not available, trying Charger 13 (fid=5)",1206.4474985864802,13,,
Car 495,,,,,11,switch,,"Charger 11 (fid=33) not available, trying Charger 8 (fid=32)",1206.4790008661694,8,,
Car 450,,,,,10,switch,,"Charger 10 (fid=30) not available, trying Charger 14 (fid=34)",1206.5112545247418,14,,
Car 419,,,,,4,switch,,"Charger 4 (fid=308108) not available, trying Charger 1 (fid=308702)",1206.5942999028985,1,,
Car 400,,,,,1,switch,,"Charger 1 (fid=308702) not available, trying Charger 7 (fid=31)",1206.7122052829652,7,,
Car 496,,,,,10,switch,,"Charger 10 (fid=30) not available, trying Charger 14 (fid=34)",1206.7626504654193,14,,
Car 497,,,,,2,switch,,"Charger 2 (fid=307904) not available, trying Charger 3 (fid=307905)",1206.8080540731362,3,,
Car 412,,,,,13,switch,,"Charger 13 (fid=5) not available, trying Charger 7 (fid=31)",1206.8109196571802,7,,
Car 410,,,,,1,switch,,"Charger 1 (fid=308702) not available, trying Charger 13 (fid=5)",1206.8254914104866,13,,
Car 435,,,,,8,switch,,"Charger 8 (fid=32) not available, trying Charger 5 (fid=73)",1207.019478333387,5,,
Car 458,,,,,4,switch,,"Charger 4 (fid=308108) not available, trying Charger 12 (fid=40)",1207.060950384952,12,,
Car 466,,,,,1,switch,,"Charger 1 (fid=308702) not available, trying Charger 7 (fid=31)",1207.0935555747244,7,,
Car 405,,,,,2,switch,,"Charger 2 (fid=307904) not available, trying Charger 3 (fid=307905)",1207.179323359694,3,,
Car 479,,,,,5,switch,,"Charger 5 (fid=73) not available, trying Charger 17 (fid=35)",1207.2731425849627,17,,
Car 485,,,,,3,switch,,"Charger 3 (fid=307905) not available, trying Charger 18 (fid=64)",1207.3848101624371,18,,
Car 501,,,,86,,arrived,,arrived,1207.3912872737542,,,
Car 421,,,,,14,switch,,"Charger 14 (fid=34) not available, trying Charger 1 (fid=308702)",1207.4445045161083,1,,
Car 417,,,,,1,switch,,"Charger 1 (fid=308702) not available, trying Charger 12 (fid=40)",1207.6955180563098,12,,
Car 387,111.0,5,13,,,done,,done charging,1207.7021138667335,,,458.0149343516917
Car 486,,5,13,,,start_charge,,starting to charge at Charger 13 (fid=5),1207.7021138667335,,14.99872627729701,
Car 474,,,,,15,switch,,"Charger 15 (fid=57) not available, trying Charger 12 (fid=40)",1207.7950838056304,12,,
Car 439,,,,,7,switch,,"Charger 7 (fid=31) not available, trying Charger 11 (fid=33)",1207.8120752137263,11,,
Car 467,,,,,13,switch,,"Charger 13 (fid=5) not available, trying Charger 17 (fid=35)",1207.895309044843,17,,
Car 490,,,,,4,switch,,"Charger 4 (fid=308108) not available, trying Charger 9 (fid=86)",1207.898311734112,9,,
Car 491,,,,,19,switch,,"Charger 19 (fid=37) not available, trying Charger 1 (fid=308702)",1207.932388800976,1,,
Car 482,,,,,19,switch,,"Charger 19 (fid=37) not available, trying Charger 5 (fid=73)",1207.943357528744,5,,
Car 430,,,,,16,switch,,"Charger 16 (fid=8) not available, trying Charger 11 (fid=33)",1208.4653069768567,11,,
Car 492,,,,,19,switch,,"Charger 19 (fid=37) not available, trying Charger 5 (fid=73)",1208.474097754043,5,,
Car 462,,,,,15,switch,,"Charger 15 (fid=57) not available, trying Charger 2 (fid=307904)",1208.489672648329,2,,
Car 396,99.0,308702,1,,,done,,done charging,1208.6593949740657,,,262.52495816765685
Car 469,,308702,1,,,start_charge,,starting to charge at Charger 1 (fid=308702),1208.6593949740657,,29.969390415800262,
Car 498,,,,,6,switch,,"Charger 6 (fid=60) not available, trying Charger 12 (fid=40)",1209.2197679525814,12,,
Car 499,,,,,9,switch,,"Charger 9 (fid=86) not available, trying Charger 4 (fid=308108)",1209.2310566886913,4,,
Car 457,,,,,10,switch,,"Charger 10 (fid=30) not available, trying Charger 14 (fid=34)",1209.3036404303027,14,,
Car 443,,,,,12,switch,,"Charger 12 (fid=40) not available, trying Charger 10 (fid=30)",1209.307930178162,10,,
Car 452,,,,,10,switch,,"Charger 10 (fid=30) not available, trying Charger 14 (fid=34)",1209.3176835372556,14,,
Car 393,,,,,4,switch,,"Charger 4 (fid=308108) not available, trying Charger 18 (fid=64)",1209.3208809564487,18,,
Car 477,,,,,2,switch,,"Charger 2 (fid=307904) not available, trying Charger 3 (fid=307905)",1209.355810034125,3,,
Car 423,,,,,19,switch,,"Charger 19 (fid=37) not available, trying Charger 12 (fid=40)",1209.3893953590418,12,,
Car 441,,,,,17,switch,,"Charger 17 (fid=35) not available, trying Charger 0 (fid=308440)",1209.6414552016888,0,,
Car 500,,,,,16,switch,,"Charger 16 (fid=8) not available, trying Charger 5 (fid=73)",1209.7123123791082,5,,
Car 440,,,,,7,switch,,"Charger 7 (fid=31) not available, trying Charger 11 (fid=33)",1209.7656119759513,11,,
Car 468,,,,,9,switch,,"Charger 9 (fid=86) not available, trying Charger 6 (fid=60)",1210.2712181361414,6,,
Car 451,,,,,12,switch,,"Charger 12 (fid=40) not available, trying Charger 10 (fid=30)",1210.3462221892378,10,,
Car 418,,,,,3,switch,,"Charger 3 (fid=307905) not available, trying Charger 12 (fid=40)",1210.4178067349778,12,,
Car 432,,,,,8,switch,,"Charger 8 (fid=32) not available, trying Charger 13 (fid=5)",1210.4427534967044,13,,
Car 424,,,,,8,switch,,"Charger 8 (fid=32) not available, trying Charger 4 (fid=308108)",1210.7262725085395,4,,
Car 494,,,,,3,switch,,"Charger 3 (fid=307905) not available, trying Charger 17 (fid=35)",1210.861480660342,17,,
Car 478,,,,,2,switch,,"Charger 2 (fid=307904) not available, trying Charger 3 (fid=307905)",1211.5024245696543,3,,
Car 476,,,,,5,switch,,"Charger 5 (fid=73) not available, trying Charger 7 (fid=31)",1211.5127547352427,7,,
Car 488,,,,,11,switch,,"Charger 11 (fid=33) not available, trying Charger 8 (fid=32)",1211.5292928522322,8,,
Car 463,,,,,6,switch,,"Charger 6 (fid=60) not available, trying Charger 2 (fid=307904)",1211.5518712516769,2,,
Car 450,,,,,14,switch,,"Charger 14 (fid=34) not available, trying Charger 17 (fid=35)",1211.697995435637,17,,
Car 495,,,,,8,switch,,"Charger 8 (fid=32) not available, trying Charger 10 (fid=30)",1211.748099542518,10,,
Car 493,,,,,17,switch,,"Charger 17 (fid=35) not available, trying Charger 0 (fid=308440)",1211.8006762910072,0,,
Car 496,,,,,14,switch,,"Charger 14 (fid=34) not available, trying Charger 11 (fid=33)",1211.9493913763145,11,,
Car 453,,,,,6,switch,,"Charger 6 (fid=60) not available, trying Charger 14 (fid=34)",1212.01019681994,14,,
Car 497,,,,,3,switch,,"Charger 3 (fid=307905) not available, trying Charger 4 (fid=308108)",1212.0716802547004,4,,
Car 428,,,,,13,switch,,"Charger 13 (fid=5) not available, trying Charger 0 (fid=308440)",1212.1693229921918,0,,
Car 480,,,,,16,switch,,"Charger 16 (fid=8) not available, trying Charger 15 (fid=57)",1212.2262581272544,15,,
Car 502,,,,26,,arrived,,arrived,1212.287447896161,,,
Car 501,,,,,9,switch,,"Charger 9 (fid=86) not available, trying Charger 4 (fid=308108)",1212.3912872737542,4,,
Car 400,,,,,7,switch,,"Charger 7 (fid=31) not available, trying Charger 10 (fid=30)",1212.4156068819498,10,,
Car 405,,,,,3,switch,,"Charger 3 (fid=307905) not available, trying Charger 4 (fid=308108)",1212.4429495412583,4,,
Car 503,,,,30,,arrived,,arrived,1212.478682400241,,,
Car 454,,,,,13,switch,,"Charger 13 (fid=5) not available, trying Charger 2 (fid=307904)",1212.5117958642688,2,,
Car 466,,,,,7,switch,,"Charger 7 (fid=31) not available, trying Charger 6 (fid=60)",1212.796957173709,6,,
Car 411,,,,,7,switch,,"Charger 7 (fid=31) not available, trying Charger 10 (fid=30)",1212.971048709141,10,,
Car 455,,,,,17,switch,,"Charger 17 (fid=35) not available, trying Charger 19 (fid=37)",1213.2620219836465,19,,
Car 403,,,,,7,switch,,"Charger 7 (fid=31) not available, trying Charger 10 (fid=30)",1213.4858516801594,10,,
Car 421,,,,,1,switch,,"Charger 1 (fid=308702) not available, trying Charger 5 (fid=73)",1213.5773244622399,5,,
Car 465,,,,,18,switch,,"Charger 18 (fid=64) not available, trying Charger 12 (fid=40)",1213.6142776689976,12,,
Car 489,,,,,13,switch,,"Charger 13 (fid=5) not available, trying Charger 15 (fid=57)",1213.9125696727508,15,,
Car 459,,,,,7,switch,,"Charger 7 (fid=31) not available, trying Charger 10 (fid=30)",1213.9430581254705,10,,
Car 482,,,,,5,switch,,"Charger 5 (fid=73) not available, trying Charger 1 (fid=308702)",1214.0180211269733,1,,
Car 487,,,,,15,switch,,"Charger 15 (fid=57) not available, trying Charger 19 (fid=37)",1214.2223962488413,19,,
Car 439,,,,,11,switch,,"Charger 11 (fid=33) not available, trying Charger 10 (fid=30)",1214.3365359526097,10,,
Car 481,,,,,15,switch,,"Charger 15 (fid=57) not available, trying Charger 16 (fid=8)",1214.3890626321431,16,,
Car 457,,,,,14,switch,,"Charger 14 (fid=34) not available, trying Charger 1 (fid=308702)",1214.490381341198,1,,
Car 452,,,,,14,switch,,"Charger 14 (fid=34) not available, trying Charger 1 (fid=308702)",1214.5044244481508,1,,
Car 492,,,,,5,switch,,"Charger 5 (fid=73) not available, trying Charger 16 (fid=8)",1214.5487613522723,16,,
Car 477,,,,,3,switch,,"Charger 3 (fid=307905) not available, trying Charger 6 (fid=60)",1214.6194362156891,6,,
Car 484,,,,,2,switch,,"Charger 2 (fid=307904) not available, trying Charger 3 (fid=307905)",1214.6576045067502,3,,
Car 461,,,,,5,switch,,"Charger 5 (fid=73) not available, trying Charger 17 (fid=35)",1214.8126655996725,17,,
Car 438,,,,,0,switch,,"Charger 0 (fid=308440) not available, trying Charger 4 (fid=308108)",1214.9462988634605,4,,
Car 490,,,,,9,switch,,"Charger 9 (fid=86) not available, trying Charger 2 (fid=307904)",1215.2712417704824,2,,
Car 410,,,,,13,switch,,"Charger 13 (fid=5) not available, trying Charger 7 (fid=31)",1215.3806047679066,7,,
Car 357,105.0,37,19,,,done,,done charging,1215.5740448281076,,,405.8164855283424
Car 412,,,,,7,switch,,"Charger 7 (fid=31) not available, trying Charger 10 (fid=30)",1215.6044226778808,10,,
Car 472,,,,,18,switch,,"Charger 18 (fid=64) not available, trying Charger 16 (fid=8)",1215.6360588264783,16,,
Car 391,105.0,33,11,,,done,,done charging,1216.1604552334147,,,318.6159350503282
Car 440,,33,11,,,start_charge,,starting to charge at Charger 11 (fid=33),1216.1604552334147,,59.87038251858007,
Car 393,,,,,,gave_up,18,"no alternate charger available, gave up",1216.1618177482667,,,
Car 479,,,,,17,switch,,"Charger 17 (fid=35) not available, trying Charger 19 (fid=37)",1216.1669495379485,19,,
Car 491,,,,,1,switch,,"Charger 1 (fid=308702) not available, trying Charger 5 (fid=73)",1216.175492262767,5,,
Car 458,,,,,12,switch,,"Charger 12 (fid=40) not available, trying Charger 5 (fid=73)",1216.1760421937915,5,,
Car 498,,,,,12,switch,,"Charger 12 (fid=40) not available, trying Charger 5 (fid=73)",1216.548109694384,5,,
Car 441,,,,,0,switch,,"Charger 0 (fid=308440) not available, trying Charger 11 (fid=33)",1216.577195483455,11,,
Car 499,,,,,4,switch,,"Charger 4 (fid=308108) not available, trying Charger 18 (fid=64)",1216.6039867250618,18,,
Car 485,,,,,18,switch,,"Charger 18 (fid=64) not available, trying Charger 9 (fid=86)",1216.6672376881938,9,,
Car 478,,,,,3,switch,,"Charger 3 (fid=307905) not available, trying Charger 6 (fid=60)",1216.7660507512185,6,,
Car 488,,,,,8,switch,,"Charger 8 (fid=32) not available, trying Charger 10 (fid=30)",1216.7983915285809,10,,
Car 449,,,,,13,switch,,"Charger 13 (fid=5) not available, trying Charger 10 (fid=30)",1216.8380455579497,10,,
Car 437,,,,,10,switch,,"Charger 10 (fid=30) not available, trying Charger 14 (fid=34)",1216.958517971851,14,,
Car 446,74.0,308702,1,,,done,,done charging,1216.9906787882185,,,221.54584266575003
Car 419,,308702,1,,,start_charge,,starting to charge at Charger 1 (fid=308702),1216.9906787882185,,61.9983027550727,
Car 487,,37,19,,,start_charge,,starting to charge at Charger 19 (fid=37),1217.2189349754333,,15.0,
Car 502,,,,,0,switch,,"Charger 0 (fid=308440) not available, trying Charger 17 (fid=35)",1217.287447896161,17,,
Car 435,,,,,5,switch,,"Charger 5 (fid=73) not available, trying Charger 19 (fid=37)",1217.3539127917797,19,,
Car 462,,,,,2,switch,,"Charger 2 (fid=307904) not available, trying Charger 3 (fid=307905)",1217.4684109207749,3,,
Car 503,,,,,10,switch,,"Charger 10 (fid=30) not available, trying Charger 14 (fid=34)",1217.478682400241,14,,
Car 500,,,,,5,switch,,"Charger 5 (fid=73) not available, trying Charger 13 (fid=5)",1217.5630385780335,13,,
Car 495,,,,,10,switch,,"Charger 10 (fid=30) not available, trying Charger 14 (fid=34)",1217.580419281124,14,,
Car 496,,,,,11,switch,,"Charger 11 (fid=33) not available, trying Charger 7 (fid=31)",1217.8359067752892,7,,
Car 360,55.0,308108,4,,,done,,done charging,1217.873198882884,,,621.4602387960314
Car 501,,308108,4,,,start_charge,,starting to charge at Charger 4 (fid=308108),1217.873198882884,,8.108981572759376,
Car 467,,,,,17,switch,,"Charger 17 (fid=35) not available, trying Charger 15 (fid=57)",1218.0825202957183,15,,
Car 474,,,,,12,switch,,"Charger 12 (fid=40) not available, trying Charger 4 (fid=308108)",1218.2091006489934,4,,
Car 400,,,,,10,switch,,"Charger 10 (fid=30) not available, trying Charger 14 (fid=34)",1218.2402931327535,14,,
Car 395,,,,,11,switch,,"Charger 11 (fid=33) not available, trying Charger 8 (fid=32)",1218.424927880198,8,,
Car 494,,,,,17,switch,,"Charger 17 (fid=35) not available, trying Charger 0 (fid=308440)",1218.7133699502253,0,,
Car 493,,,,,0,switch,,"Charger 0 (fid=308440) not available, trying Charger 5 (fid=73)",1218.7364165727734,5,,
Car 411,,,,,10,switch,,"Charger 10 (fid=30) not available, trying Charger 14 (fid=34)",1218.7957349599449,14,,
Car 413,101.0,57,15,,,done,,done charging,1219.1263858123293,,,299.60881247267764
Car 480,,57,15,,,start_charge,,starting to charge at Charger 15 (fid=57),1219.1263858123293,,22.70738724748776,
Car 423,,,,,12,switch,,"Charger 12 (fid=40) not available, trying Charger 9 (fid=86)",1219.261141883992,9,,
Car 432,,,,,13,switch,,"Charger 13 (fid=5) not available, trying Charger 16 (fid=8)",1219.2641911151718,16,,
Car 430,,,,,11,switch,,"Charger 11 (fid=33) not available, trying Charger 8 (fid=32)",1219.2887563921593,8,,
Car 403,,,,,10,switch,,"Charger 10 (fid=30) not available, trying Charger 14 (fid=34)",1219.3105379309632,14,,
Car 459,,,,,10,switch,,"Charger 10 (fid=30) not available, trying Charger 14 (fid=34)",1219.7677443762743,14,,
Car 406,,,,,13,switch,,"Charger 13 (fid=5) not available, trying Charger 16 (fid=8)",1219.8652096287028,16,,
Car 417,,,,,12,switch,,"Charger 12 (fid=40) not available, trying Charger 5 (fid=73)",1219.8826565937686,5,,
Car 484,,,,,3,switch,,"Charger 3 (fid=307905) not available, trying Charger 7 (fid=31)",1219.9212306883144,7,,
Car 418,,,,,12,switch,,"Charger 12 (fid=40) not available, trying Charger 4 (fid=308108)",1219.9487361563963,4,,
Car 439,,,,,10,switch,,"Charger 10 (fid=30) not available, trying Charger 8 (fid=32)",1220.1520641916866,8,,
Car 402,86.0,30,10,,,done,,done charging,1220.302969081117,,,334.92265353981963
Car 412,,30,10,,,start_charge,,starting to charge at Charger 10 (fid=30),1220.302969081117,,83.87386015243237,
Car 463,,,,,2,switch,,"Charger 2 (fid=307904) not available, trying Charger 3 (fid=307905)",1220.5540277643802,3,,
Car 497,,,,,4,switch,,"Charger 4 (fid=308108) not available, trying Charger 9 (fid=86)",1220.5941501009524,9,,
Car 457,,,,,1,switch,,"Charger 1 (fid=308702) not available, trying Charger 11 (fid=33)",1220.6232012873295,11,,
Car 452,,,,,1,switch,,"Charger 1 (fid=308702) not available, trying Charger 11 (fid=33)",1220.6372443942823,11,,
Car 476,,,,,7,switch,,"Charger 7 (fid=31) not available, trying Charger 13 (fid=5)",1220.7721920187776,13,,
Car 504,,,,73,,arrived,,arrived,1220.8726636370604,,,
Car 405,,,,,4,switch,,"Charger 4 (fid=308108) not available, trying Charger 18 (fid=64)",1220.9654193875103,18,,
Car 450,,,,,17,switch,,"Charger 17 (fid=35) not available, trying Charger 0 (fid=308440)",1221.1331517266735,0,,
Car 468,,,,,6,switch,,"Charger 6 (fid=60) not available, trying Charger 7 (fid=31)",1221.2950364284814,7,,
Car 505,,,,15,,arrived,,arrived,1221.5551988892742,,,
Car 437,,,,,14,switch,,"Charger 14 (fid=34) not available, trying Charger 11 (fid=33)",1222.1452588827462,11,,
Car 506,,,,45,,arrived,,arrived,1222.1478088302015,,,
Car 443,,,,,10,switch,,"Charger 10 (fid=30) not available, trying Charger 14 (fid=34)",1222.1918652794623,14,,
Car 455,,,,,19,switch,,"Charger 19 (fid=37) not available, trying Charger 9 (fid=86)",1222.3601866551637,9,,
Car 492,,,,,16,switch,,"Charger 16 (fid=8) not available, trying Charger 1 (fid=308702)",1222.3994875511976,1,,
Car 421,,,,,5,switch,,"Charger 5 (fid=73) not available, trying Charger 19 (fid=37)",1222.498396369183,19,,
Car 488,,,,,10,switch,,"Charger 10 (fid=30) not available, trying Charger 14 (fid=34)",1222.6307112671868,14,,
Car 398,73.0,35,17,,,done,,done charging,1222.6367205802092,,,429.21802929150397
Car 461,,35,17,,,start_charge,,starting to charge at Charger 17 (fid=35),1222.6367205802092,,43.93024802755076,
Car 503,,,,,14,switch,,"Charger 14 (fid=34) not available, trying Charger 11 (fid=33)",1222.6654233111362,11,,
Car 428,,,,,0,switch,,"Charger 0 (fid=308440) not available, trying Charger 9 (fid=86)",1222.726506302659,9,,
Car 462,,,,,3,switch,,"Charger 3 (fid=307905) not available, trying Charger 13 (fid=5)",1222.732037102339,13,,
Car 495,,,,,14,switch,,"Charger 14 (fid=34) not available, trying Charger 7 (fid=31)",1222.7671601920192,7,,
Car 482,,,,,1,switch,,"Charger 1 (fid=308702) not available, trying Charger 7 (fid=31)",1222.9390930339164,7,,
Car 489,,,,,15,switch,,"Charger 15 (fid=57) not available, trying Charger 16 (fid=8)",1222.9981549787008,16,,
Car 451,,,,,10,switch,,"Charger 10 (fid=30) not available, trying Charger 14 (fid=34)",1223.230157290538,14,,
Car 465,,,,,12,switch,,"Charger 12 (fid=40) not available, trying Charger 6 (fid=60)",1223.2748636134438,6,,
Car 490,,,,,2,switch,,"Charger 2 (fid=307904) not available, trying Charger 3 (fid=307905)",1223.3454046720644,3,,
Car 400,,,,,14,switch,,"Charger 14 (fid=34) not available, trying Charger 11 (fid=33)",1223.4270340436487,11,,
Car 435,,,,,19,switch,,"Charger 19 (fid=37) not available, trying Charger 12 (fid=40)",1223.428576390009,12,,
Car 453,,,,,14,switch,,"Charger 14 (fid=34) not available, trying Charger 16 (fid=8)",1223.4424331631353,16,,
Car 499,,,,,18,switch,,"Charger 18 (fid=64) not available, trying Charger 2 (fid=307904)",1223.4449235168797,2,,
Car 481,,,,,16,switch,,"Charger 16 (fid=8) not available, trying Charger 1 (fid=308702)",1223.5818030697303,1,,
Car 477,,,,,6,switch,,"Charger 6 (fid=60) not available, trying Charger 5 (fid=73)",1223.6379295600134,5,,
Car 395,,,,,8,switch,,"Charger 8 (fid=32) not available, trying Charger 18 (fid=64)",1223.6940265565468,18,,
Car 466,,,,,6,switch,,"Charger 6 (fid=60) not available, trying Charger 2 (fid=307904)",1223.7997751697574,2,,
Car 411,,,,,14,switch,,"Charger 14 (fid=34) not available, trying Charger 11 (fid=33)",1223.98247587084,11,,
Car 410,,,,,7,switch,,"Charger 7 (fid=31) not available, trying Charger 10 (fid=30)",1224.1741077886072,10,,
Car 502,,,,,17,switch,,"Charger 17 (fid=35) not available, trying Charger 15 (fid=57)",1224.223188177927,15,,
Car 485,,,,,9,switch,,"Charger 9 (fid=86) not available, trying Charger 12 (fid=40)",1224.250249440544,12,,
Car 496,,,,,7,switch,,"Charger 7 (fid=31) not available, trying Charger 8 (fid=32)",1224.3603675141726,8,,
Car 448,66.0,37,19,,,done,,done charging,1224.369312493384,,,200.5207576793668
Car 479,,37,19,,,start_charge,,starting to charge at Charger 19 (fid=37),1224.369312493384,,24.104198283918322,
Car 467,,,,,15,switch,,"Charger 15 (fid=57) not available, trying Charger 4 (fid=308108)",1224.4521225515894,4,,
Car 403,,,,,14,switch,,"Charger 14 (fid=34) not available, trying Charger 11 (fid=33)",1224.4972788418584,11,,
Car 430,,,,,8,switch,,"Charger 8 (fid=32) not available, trying Charger 2 (fid=307904)",1224.557855068508,2,,
Car 454,,,,,2,switch,,"Charger 2 (fid=307904) not available, trying Charger 3 (fid=307905)",1224.67510270457,3,,
Car 459,,,,,14,switch,,"Charger 14 (fid=34) not available, trying Charger 17 (fid=35)",1224.9544852871695,17,,
Car 500,,,,,13,switch,,"Charger 13 (fid=5) not available, trying Charger 19 (fid=37)",1225.028109664304,19,,
Car 491,,,,,5,switch,,"Charger 5 (fid=73) not available, trying Charger 7 (fid=31)",1225.09656416971,7,,
Car 441,,,,,11,switch,,"Charger 11 (fid=33) not available, trying Charger 8 (fid=32)",1225.3086743848905,8,,
Car 424,,,,,4,switch,,"Charger 4 (fid=308108) not available, trying Charger 14 (fid=34)",1225.5377111902367,14,,
Car 494,,,,,0,switch,,"Charger 0 (fid=308440) not available, trying Charger 9 (fid=86)",1225.6491102319915,9,,
Car 458,,,,,5,switch,,"Charger 5 (fid=73) not available, trying Charger 19 (fid=37)",1225.7238697591097,19,,
Car 394,45.0,8,16,,,done,,done charging,1225.7376164608281,,,412.2609795646859
Car 432,,8,16,,,start_charge,,starting to charge at Charger 16 (fid=8),1225.7376164608281,,78.53805740603661,
Car 478,,,,,6,switch,,"Charger 6 (fid=60) not available, trying Charger 5 (fid=73)",1225.7845440955427,5,,
Car 463,,,,,3,switch,,"Charger 3 (fid=307905) not available, trying Charger 13 (fid=5)",1225.8176539459444,13,,
Car 504,,,,,5,switch,,"Charger 5 (fid=73) not available, trying Charger 19 (fid=37)",1225.8726636370604,19,,
Car 439,,,,,8,switch,,"Charger 8 (fid=32) not available, trying Charger 4 (fid=308108)",1225.9843839302926,4,,
Car 449,,,,,10,switch,,"Charger 10 (fid=30) not available, trying Charger 14 (fid=34)",1226.0899554792109,14,,
Car 498,,,,,5,switch,,"Charger 5 (fid=73) not available, trying Charger 17 (fid=35)",1226.0959372597022,17,,
Car 505,,,,,17,switch,,"Charger 17 (fid=35) not available, trying Charger 15 (fid=57)",1226.5551988892742,15,,
Car 506,,,,,6,switch,,"Charger 6 (fid=60) not available, trying Charger 12 (fid=40)",1227.1478088302015,12,,
Car 438,,,,,4,switch,,"Charger 4 (fid=308108) not available, trying Charger 1 (fid=308702)",1227.3077579065082,1,,
Car 474,,,,,4,switch,,"Charger 4 (fid=308108) not available, trying Charger 5 (fid=73)",1227.3241924578329,5,,
Car 443,,,,,14,switch,,"Charger 14 (fid=34) not available, trying Charger 11 (fid=33)",1227.3786061903575,11,,
Car 457,,,,,11,switch,,"Charger 11 (fid=33) not available, trying Charger 8 (fid=32)",1227.3848085616428,8,,
Car 452,,,,,11,switch,,"Charger 11 (fid=33) not available, trying Charger 8 (fid=32)",1227.3988516685956,8,,
Car 406,,,,,16,switch,,"Charger 16 (fid=8) not available, trying Charger 4 (fid=308108)",1227.8005775683225,4,,
Car 405,,,,,18,switch,,"Charger 18 (fid=64) not available, trying Charger 9 (fid=86)",1227.8063561793283,9,,
Car 488,,,,,14,switch,,"Charger 14 (fid=34) not available, trying Charger 13 (fid=5)",1227.817452178082,13,,
Car 497,,,,,9,switch,,"Charger 9 (fid=86) not available, trying Charger 17 (fid=35)",1227.967080137323,17,,
Car 493,,,,,5,switch,,"Charger 5 (fid=73) not available, trying Charger 19 (fid=37)",1228.000195585351,19,,
Car 437,,,,,11,switch,,"Charger 11 (fid=33) not available, trying Charger 8 (fid=32)",1228.031774281721,8,,
Car 409,89.0,30,10,,,done,,done charging,1228.036572411646,,,337.0244991096795
Car 410,,30,10,,,start_charge,,starting to charge at Charger 10 (fid=30),1228.036572411646,,83.03777837223492,
Car 450,,,,,0,switch,,"Charger 0 (fid=308440) not available, trying Charger 11 (fid=33)",1228.0688920084397,11,,
Car 451,,,,,14,switch,,"Charger 14 (fid=34) not available, trying Charger 1 (fid=308702)",1228.4168982014332,1,,
Car 472,,,,,16,switch,,"Charger 16 (fid=8) not available, trying Charger 5 (fid=73)",1228.4555719324983,5,,
Car 503,,,,,11,switch,,"Charger 11 (fid=33) not available, trying Charger 7 (fid=31)",1228.551938710111,7,,
Car 421,,,,,19,switch,,"Charger 19 (fid=37) not available, trying Charger 11 (fid=33)",1228.5730599674123,11,,
Car 490,,,,,3,switch,,"Charger 3 (fid=307905) not available, trying Charger 12 (fid=40)",1228.6090308536286,12,,
Car 482,,,,,7,switch,,"Charger 7 (fid=31) not available, trying Charger 15 (fid=57)",1228.642494632901,15,,
Car 495,,,,,7,switch,,"Charger 7 (fid=31) not available, trying Charger 13 (fid=5)",1228.6628336027209,13,,
Car 418,,,,,4,switch,,"Charger 4 (fid=308108) not available, trying Charger 9 (fid=86)",1229.0638279652358,9,,
Car 400,,,,,11,switch,,"Charger 11 (fid=33) not available, trying Charger 8 (fid=32)",1229.3135494426235,8,,
Car 417,,,,,5,switch,,"Charger 5 (fid=73) not available, trying Charger 11 (fid=33)",1229.4304841590867,11,,
Car 476,,,,,13,switch,,"Charger 13 (fid=5) not available, trying Charger 10 (fid=30)",1229.5656950394782,10,,
Car 411,,,,,11,switch,,"Charger 11 (fid=33) not available, trying Charger 8 (fid=32)",1229.8689912698148,8,,
Car 454,,,,,3,switch,,"Charger 3 (fid=307905) not available, trying Charger 1 (fid=308702)",1229.9387288861342,1,,
Car 423,,,,,9,switch,,"Charger 9 (fid=86) not available, trying Charger 13 (fid=5)",1230.1450819170236,13,,
Car 403,,,,,11,switch,,"Charger 11 (fid=33) not available, trying Charger 8 (fid=32)",1230.3837942408331,8,,
Car 441,,,,,8,switch,,"Charger 8 (fid=32) not available, trying Charger 12 (fid=40)",1230.5777730612392,12,,
Car 502,,,,,15,switch,,"Charger 15 (fid=57) not available, trying Charger 2 (fid=307904)",1230.5927904337982,2,,
Car 465,,,,,6,switch,,"Charger 6 (fid=60) not available, trying Charger 15 (fid=57)",1230.6032053552465,15,,
Car 496,,,,,8,switch,,"Charger 8 (fid=32) not available, trying Charger 1 (fid=308702)",1230.901619752585,1,,
Car 449,,,,,14,switch,,"Charger 14 (fid=34) not available, trying Charger 16 (fid=8)",1231.276696390106,16,,
Car 484,,,,,7,switch,,"Charger 7 (fid=31) not available, trying Charger 6 (fid=60)",1231.6346426221587,6,,
Car 477,,,,,5,switch,,"Charger 5 (fid=73) not available, trying Charger 19 (fid=37)",1231.667118581533,19,,
Car 458,,,,,19,switch,,"Charger 19 (fid=37) not available, trying Charger 18 (fid=64)",1231.798533357339,18,,
Car 500,,,,,19,switch,,"Charger 19 (fid=37) not available, trying Charger 6 (fid=60)",1231.8152123054228,6,,
Car 504,,,,,19,switch,,"Charger 19 (fid=37) not available, trying Charger 13 (fid=5)",1231.9473272352898,13,,
Car 489,,,,,16,switch,,"Charger 16 (fid=8) not available, trying Charger 1 (fid=308702)",1232.190895416288,1,,
Car 492,,,,,1,switch,,"Charger 1 (fid=308702) not available, trying Charger 7 (fid=31)",1232.2486414751857,7,,
Car 468,,,,,7,switch,,"Charger 7 (fid=31) not available, trying Charger 4 (fid=308108)",1232.2978544245298,4,,
Car 457,,,,,8,switch,,"Charger 8 (fid=32) not available, trying Charger 5 (fid=73)",1232.6539072379915,5,,
Car 452,,,,,8,switch,,"Charger 8 (fid=32) not available, trying Charger 13 (fid=5)",1232.6679503449443,13,,
Car 375,107.0,307905,3,,,done,,done charging,1232.6794522758908,,,538.4191270534874
Car 499,,,,,2,switch,,"Charger 2 (fid=307904) not available, trying Charger 3 (fid=307905)",1232.7110142110155,3,,
Car 466,,,,,2,switch,,"Charger 2 (fid=307904) not available, trying Charger 3 (fid=307905)",1232.8019316824607,3,,
Car 505,,,,,15,switch,,"Charger 15 (fid=57) not available, trying Charger 0 (fid=308440)",1232.9248011451452,0,,
Car 499,,307905,3,,,start_charge,,starting to charge at Charger 3 (fid=307905),1232.9746403925797,,20.0,
Car 443,,,,,11,switch,,"Charger 11 (fid=33) not available, trying Charger 8 (fid=32)",1233.2651215893322,8,,
Car 435,,,,,12,switch,,"Charger 12 (fid=40) not available, trying Charger 9 (fid=86)",1233.3003229149592,9,,
Car 437,,,,,8,switch,,"Charger 8 (fid=32) not available, trying Charger 2 (fid=307904)",1233.3008729580697,2,,
Car 481,,,,,1,switch,,"Charger 1 (fid=308702) not available, trying Charger 6 (fid=60)",1233.4309569937184,6,,
Car 478,,,,,5,switch,,"Charger 5 (fid=73) not available, trying Charger 19 (fid=37)",1233.8137331170624,19,,
Car 453,,,,,16,switch,,"Charger 16 (fid=8) not available, trying Charger 11 (fid=33)",1234.0593708108624,11,,
Car 493,,,,,19,switch,,"Charger 19 (fid=37) not available, trying Charger 1 (fid=308702)",1234.0748591835804,1,,
Car 491,,,,,7,switch,,"Charger 7 (fid=31) not available, trying Charger 11 (fid=33)",1234.356001453245,11,,
Car 459,,,,,17,switch,,"Charger 17 (fid=35) not available, trying Charger 0 (fid=308440)",1234.389641578206,0,,
Car 366,118.0,32,8,,,done,,done charging,1234.475675385065,,,400.688185332818
Car 400,,32,8,,,start_charge,,starting to charge at Charger 8 (fid=32),1234.475675385065,,99.89302726609276,
Car 506,,,,,12,switch,,"Charger 12 (fid=40) not available, trying Charger 5 (fid=73)",1234.4761505720041,5,,
Car 451,,,,,1,switch,,"Charger 1 (fid=308702) not available, trying Charger 11 (fid=33)",1234.5497181475648,11,,
Car 428,,,,,9,switch,,"Charger 9 (fid=86) not available, trying Charger 1 (fid=308702)",1234.8898673531908,1,,
Car 462,,,,,13,switch,,"Charger 13 (fid=5) not available, trying Charger 0 (fid=308440)",1234.911680774261,0,,
Car 498,,,,,17,switch,,"Charger 17 (fid=35) not available, trying Charger 19 (fid=37)",1234.989744212688,19,,
Car 503,,,,,7,switch,,"Charger 7 (fid=31) not available, trying Charger 8 (fid=32)",1235.0763994489944,8,,
Car 485,,,,,12,switch,,"Charger 12 (fid=40) not available, trying Charger 6 (fid=60)",1235.1341894735756,6,,
Car 411,,,,,,gave_up,8,"no alternate charger available, gave up",1235.1380899461635,,,
Car 405,,,,,,gave_up,9,"no alternate charger available, gave up",1235.3893679316784,,,
Car 403,,,,,,gave_up,8,"no alternate charger available, gave up",1235.6528929171818,,,
Car 455,,,,,9,switch,,"Charger 9 (fid=86) not available, trying Charger 15 (fid=57)",1235.7184465266419,15,,
Car 467,,,,,4,switch,,"Charger 4 (fid=308108) not available, trying Charger 2 (fid=307904)",1236.0770769877408,2,,
Car 472,,,,,5,switch,,"Charger 5 (fid=73) not available, trying Charger 17 (fid=35)",1236.3062981314235,17,,
Car 418,,,,,9,switch,,"Charger 9 (fid=86) not available, trying Charger 18 (fid=64)",1236.4367580016062,18,,
Car 450,,,,,11,switch,,"Charger 11 (fid=33) not available, trying Charger 8 (fid=32)",1236.8003709098753,8,,
Car 392,79.0,64,18,,,done,,done charging,1236.8527457815662,,,392.39558941328113
Car 395,,64,18,,,start_charge,,starting to charge at Charger 18 (fid=64),1236.8527457815662,,92.40562668754933,
Car 430,,,,,2,switch,,"Charger 2 (fid=307904) not available, trying Charger 3 (fid=307905)",1237.1298944797277,3,,
Car 488,,,,,13,switch,,"Charger 13 (fid=5) not available, trying Charger 19 (fid=37)",1237.140349259241,19,,
Car 482,,,,,15,switch,,"Charger 15 (fid=57) not available, trying Charger 10 (fid=30)",1237.390917853287,10,,
Car 495,,,,,13,switch,,"Charger 13 (fid=5) not available, trying Charger 1 (fid=308702)",1237.4563366234215,1,,
Car 496,,,,,1,switch,,"Charger 1 (fid=308702) not available, trying Charger 0 (fid=308440)",1237.6800185264274,0,,
Car 477,,,,,19,switch,,"Charger 19 (fid=37) not available, trying Charger 7 (fid=31)",1237.7417821797624,7,,
Car 494,,,,,9,switch,,"Charger 9 (fid=86) not available, trying Charger 15 (fid=57)",1237.8124712825233,15,,
Car 492,,,,,7,switch,,"Charger 7 (fid=31) not available, trying Charger 11 (fid=33)",1237.9520430741702,11,,
Car 463,,,,,13,switch,,"Charger 13 (fid=5) not available, trying Charger 10 (fid=30)",1237.9972976178663,10,,
Car 466,,,,,3,switch,,"Charger 3 (fid=307905) not available, trying Charger 13 (fid=5)",1238.0655578640249,13,,
Car 490,,,,,12,switch,,"Charger 12 (fid=40) not available, trying Charger 6 (fid=60)",1238.139960275047,6,,
Car 421,,,,,11,switch,,"Charger 11 (fid=33) not available, trying Charger 8 (fid=32)",1238.212734481124,8,,
Car 443,,,,,8,switch,,"Charger 8 (fid=32) not available, trying Charger 2 (fid=307904)",1238.534220265681,2,,
Car 474,,,,,5,switch,,"Charger 5 (fid=73) not available, trying Charger 19 (fid=37)",1238.5572834385177,19,,
Car 497,,,,,17,switch,,"Charger 17 (fid=35) not available, trying Charger 18 (fid=64)",1238.629506147224,18,,
Car 504,,,,,13,switch,,"Charger 13 (fid=5) not available, trying Charger 16 (fid=8)",1238.7344298764085,16,,
Car 476,,,,,10,switch,,"Charger 10 (fid=30) not available, trying Charger 14 (fid=34)",1238.8176049607393,14,,
Car 406,,,,,4,switch,,"Charger 4 (fid=308108) not available, trying Charger 18 (fid=64)",1239.4752913215304,18,,
Car 465,,,,,15,switch,,"Charger 15 (fid=57) not available, trying Charger 0 (fid=308440)",1239.494536280607,0,,
Car 502,,,,,2,switch,,"Charger 2 (fid=307904) not available, trying Charger 3 (fid=307905)",1239.5715287062442,3,,
Car 505,,,,,0,switch,,"Charger 0 (fid=308440) not available, trying Charger 2 (fid=307904)",1239.6643754606082,2,,
Car 424,,,,,14,switch,,"Charger 14 (fid=34) not available, trying Charger 2 (fid=307904)",1239.703571044223,2,,
Car 417,,,,,11,switch,,"Charger 11 (fid=33) not available, trying Charger 8 (fid=32)",1239.7481271179506,8,,
Car 390,107.0,34,14,,,done,,done charging,1239.8811447134483,,,340.8358839593001
Car 476,,34,14,,,start_charge,,starting to charge at Charger 14 (fid=34),1239.8811447134483,,35.87679884181375,
Car 478,,,,,19,switch,,"Charger 19 (fid=37) not available, trying Charger 7 (fid=31)",1239.8883967152917,7,,
Car 500,,,,,6,switch,,"Charger 6 (fid=60) not available, trying Charger 15 (fid=57)",1240.1683202865745,15,,
Car 507,,,,62,,arrived,,arrived,1240.42554873173,,,
Car 438,,,,,1,switch,,"Charger 1 (fid=308702) not available, trying Charger 7 (fid=31)",1240.7058340367555,7,,
Car 439,,,,,4,switch,,"Charger 4 (fid=308108) not available, trying Charger 14 (fid=34)",1240.7958226119897,14,,
Car 491,,,,,11,switch,,"Charger 11 (fid=33) not available, trying Charger 8 (fid=32)",1240.8804621921283,8,,
Car 416,55.0,308440,0,,,done,,done charging,1241.11984171185,,,465.61670218752363
Car 459,,308440,0,,,start_charge,,starting to charge at Charger 0 (fid=308440),1241.11984171185,,59.794459851877946,
Car 451,,,,,11,switch,,"Charger 11 (fid=33) not available, trying Charger 8 (fid=32)",1241.311325421878,8,,
Car 454,,,,,1,switch,,"Charger 1 (fid=308702) not available, trying Charger 7 (fid=31)",1241.4428450959003,7,,
Car 452,,,,,13,switch,,"Charger 13 (fid=5) not available, trying Charger 16 (fid=8)",1241.4893879634117,16,,
Car 503,,,,,8,switch,,"Charger 8 (fid=32) not available, trying Charger 1 (fid=308702)",1241.6176516874068,1,,
Car 433,47.0,308440,0,,,done,,done charging,1241.6539383435493,,,475.1967713755742
Car 462,,308440,0,,,start_charge,,starting to charge at Charger 0 (fid=308440),1241.6539383435493,,51.18507425882126,
Car 449,,,,,16,switch,,"Charger 16 (fid=8) not available, trying Charger 11 (fid=33)",1241.8936340378332,11,,
Car 489,,,,,1,switch,,"Charger 1 (fid=308702) not available, trying Charger 6 (fid=60)",1242.040049340276,6,,
Car 483,48.0,35,17,,,done,,done charging,1242.065089243406,,,117.39640114928652
Car 472,,35,17,,,start_charge,,starting to charge at Charger 17 (fid=35),1242.065089243406,,41.86498415899655,
Car 450,,,,,8,switch,,"Charger 8 (fid=32) not available, trying Charger 12 (fid=40)",1242.069469586224,12,,
Car 493,,,,,1,switch,,"Charger 1 (fid=308702) not available, trying Charger 7 (fid=31)",1242.3179626453714,7,,
Car 430,,,,,3,switch,,"Charger 3 (fid=307905) not available, trying Charger 12 (fid=40)",1242.3935206612919,12,,
Car 485,,,,,6,switch,,"Charger 6 (fid=60) not available, trying Charger 17 (fid=35)",1242.4625312153782,17,,
Car 484,,,,,6,switch,,"Charger 6 (fid=60) not available, trying Charger 10 (fid=30)",1242.6374606182071,10,,
Car 457,,,,,5,switch,,"Charger 5 (fid=73) not available, trying Charger 19 (fid=37)",1242.9883416963842,19,,
Car 508,,,,71,,arrived,,arrived,1243.3525663253304,,,
Car 421,,,,,8,switch,,"Charger 8 (fid=32) not available, trying Charger 16 (fid=8)",1243.4818331574727,16,,
Car 488,,,,,19,switch,,"Charger 19 (fid=37) not available, trying Charger 0 (fid=308440)",1243.9274519003598,0,,
Car 418,,,,,,gave_up,18,"no alternate charger available, gave up",1244.0197697539563,,,
Car 506,,,,,5,switch,,"Charger 5 (fid=73) not available, trying Charger 17 (fid=35)",1244.0239781373223,17,,
Car 498,,,,,19,switch,,"Charger 19 (fid=37) not available, trying Charger 16 (fid=8)",1244.0879088842053,16,,
Car 481,,,,,6,switch,,"Charger 6 (fid=60) not available, trying Charger 7 (fid=31)",1244.0954096131748,7,,
Car 441,,,,,12,switch,,"Charger 12 (fid=40) not available, trying Charger 2 (fid=307904)",1244.178274150148,2,,
Car 435,,,,,9,switch,,"Charger 9 (fid=86) not available, trying Charger 13 (fid=5)",1244.1842629479909,13,,
Car 492,,,,,11,switch,,"Charger 11 (fid=33) not available, trying Charger 8 (fid=32)",1244.4765038130536,8,,
Car 458,,,,,18,switch,,"Charger 18 (fid=64) not available, trying Charger 1 (fid=308702)",1244.5447560883506,1,,
Car 467,,,,,2,switch,,"Charger 2 (fid=307904) not available, trying Charger 3 (fid=307905)",1244.5832100023722,3,,
Car 474,,,,,19,switch,,"Charger 19 (fid=37) not available, trying Charger 0 (fid=308440)",1244.631947036747,0,,
Car 423,,,,,13,switch,,"Charger 13 (fid=5) not available, trying Charger 16 (fid=8)",1244.7541577170336,16,,
Car 502,,,,,3,switch,,"Charger 3 (fid=307905) not available, trying Charger 7 (fid=31)",1244.8351548878084,7,,
Car 453,,,,,11,switch,,"Charger 11 (fid=33) not available, trying Charger 8 (fid=32)",1244.882820226165,8,,
Car 417,,,,,8,switch,,"Charger 8 (fid=32) not available, trying Charger 19 (fid=37)",1245.0172257942993,19,,
Car 507,,,,,6,switch,,"Charger 6 (fid=60) not available, trying Charger 12 (fid=40)",1245.42554873173,12,,
Car 490,,,,,6,switch,,"Charger 6 (fid=60) not available, trying Charger 17 (fid=35)",1245.4683020168497,17,,
Car 496,,,,,0,switch,,"Charger 0 (fid=308440) not available, trying Charger 19 (fid=37)",1245.7904711538258,19,,
Car 437,,,,,2,switch,,"Charger 2 (fid=307904) not available, trying Charger 3 (fid=307905)",1245.8729123692895,3,,
Car 495,,,,,1,switch,,"Charger 1 (fid=308702) not available, trying Charger 19 (fid=37)",1246.0114499808415,19,,
Car 468,,,,,4,switch,,"Charger 4 (fid=308108) not available, trying Charger 10 (fid=30)",1246.034295931369,10,,
Car 491,,,,,8,switch,,"Charger 8 (fid=32) not available, trying Charger 10 (fid=30)",1246.149560868477,10,,
Car 465,,,,,0,switch,,"Charger 0 (fid=308440) not available, trying Charger 5 (fid=73)",1246.23411059607,5,,
Car 406,,,,,,gave_up,18,"no alternate charger available, gave up",1246.3162281133484,,,
Car 477,,,,,7,switch,,"Charger 7 (fid=31) not available, trying Charger 10 (fid=30)",1246.3232510181451,10,,
Car 438,,,,,7,switch,,"Charger 7 (fid=31) not available, trying Charger 18 (fid=64)",1246.40923563574,18,,
Car 482,,,,,10,switch,,"Charger 10 (fid=30) not available, trying Charger 14 (fid=34)",1246.4977722609224,14,,
Car 451,,,,,8,switch,,"Charger 8 (fid=32) not available, trying Charger 9 (fid=86)",1246.5804240982268,9,,
Car 384,110.0,40,12,,,done,,done charging,1246.5959056508054,,,378.8340361909932
Car 504,,,,,16,switch,,"Charger 16 (fid=8) not available, trying Charger 15 (fid=57)",1246.6697978160282,15,,
Car 430,,40,12,,,start_charge,,starting to charge at Charger 12 (fid=40),1246.9244500827103,,80.0,
Car 454,,,,,7,switch,,"Charger 7 (fid=31) not available, trying Charger 10 (fid=30)",1247.146246694885,10,,
Car 463,,,,,10,switch,,"Charger 10 (fid=30) not available, trying Charger 14 (fid=34)",1247.2492075391274,14,,
Car 455,,,,,15,switch,,"Charger 15 (fid=57) not available, trying Charger 13 (fid=5)",1247.5240583507264,13,,
Car 493,,,,,7,switch,,"Charger 7 (fid=31) not available, trying Charger 6 (fid=60)",1248.021364244356,6,,
Car 508,,,,,15,switch,,"Charger 15 (fid=57) not available, trying Charger 0 (fid=308440)",1248.3525663253304,0,,
Car 503,,,,,1,switch,,"Charger 1 (fid=308702) not available, trying Charger 0 (fid=308440)",1248.3960504612492,0,,
Car 478,,,,,7,switch,,"Charger 7 (fid=31) not available, trying Charger 10 (fid=30)",1248.4698655536745,10,,
Car 505,,,,,2,switch,,"Charger 2 (fid=307904) not available, trying Charger 3 (fid=307905)",1249.0008629595015,3,,
Car 500,,,,,15,switch,,"Charger 15 (fid=57) not available, trying Charger 12 (fid=40)",1249.059651211935,12,,
Car 457,,,,,19,switch,,"Charger 19 (fid=37) not available, trying Charger 12 (fid=40)",1249.0630052946135,12,,
Car 509,,,,27,,arrived,,arrived,1249.1404019441318,,,
Car 428,,,,,1,switch,,"Charger 1 (fid=308702) not available, trying Charger 7 (fid=31)",1249.2045202829747,7,,
Car 452,,,,,16,switch,,"Charger 16 (fid=8) not available, trying Charger 12 (fid=40)",1249.4247559030314,12,,
Car 494,,,,,15,switch,,"Charger 15 (fid=57) not available, trying Charger 6 (fid=60)",1249.6180831066079,6,,
Car 492,,,,,8,switch,,"Charger 8 (fid=32) not available, trying Charger 15 (fid=57)",1249.7456024894022,15,,
Car 467,,,,,3,switch,,"Charger 3 (fid=307905) not available, trying Charger 18 (fid=64)",1249.8468361839364,18,,
Car 453,,,,,8,switch,,"Charger 8 (fid=32) not available, trying Charger 2 (fid=307904)",1250.1519189025137,2,,
Car 466,,,,,13,switch,,"Charger 13 (fid=5) not available, trying Charger 10 (fid=30)",1250.2452015359468,10,,
Car 497,,,,,18,switch,,"Charger 18 (fid=64) not available, trying Charger 12 (fid=40)",1250.483859949679,12,,
Car 485,,,,,17,switch,,"Charger 17 (fid=35) not available, trying Charger 15 (fid=57)",1250.6877845845197,15,,
Car 445,84.0,31,7,,,done,,done charging,1250.6906994539768,,,220.46031404353255
Car 428,,31,7,,,start_charge,,starting to charge at Charger 7 (fid=31),1250.6906994539768,,75.7827775720175,
Car 443,,,,,2,switch,,"Charger 2 (fid=307904) not available, trying Charger 3 (fid=307905)",1251.1062596769007,3,,
Car 437,,,,,3,switch,,"Charger 3 (fid=307905) not available, trying Charger 4 (fid=308108)",1251.1365385508536,4,,
Car 424,,,,,2,switch,,"Charger 2 (fid=307904) not available, trying Charger 3 (fid=307905)",1251.630031627732,3,,
Car 482,,,,,14,switch,,"Charger 14 (fid=34) not available, trying Charger 6 (fid=60)",1251.6845131718176,6,,
Car 491,,,,,10,switch,,"Charger 10 (fid=30) not available, trying Charger 14 (fid=34)",1251.981880607083,14,,
Car 477,,,,,10,switch,,"Charger 10 (fid=30) not available, trying Charger 12 (fid=40)",1252.147937268949,12,,
Car 498,,,,,16,switch,,"Charger 16 (fid=8) not available, trying Charger 15 (fid=57)",1252.169052091892,15,,
Car 463,,,,,14,switch,,"Charger 14 (fid=34) not available, trying Charger 16 (fid=8)",1252.4359484500226,16,,
Car 423,,,,,16,switch,,"Charger 16 (fid=8) not available, trying Charger 4 (fid=308108)",1252.6895256566534,4,,
Car 489,,,,,6,switch,,"Charger 6 (fid=60) not available, trying Charger 7 (fid=31)",1252.7045019597324,7,,
Car 449,,,,,11,switch,,"Charger 11 (fid=33) not available, trying Charger 8 (fid=32)",1252.7170834531357,8,,
Car 507,,,,,12,switch,,"Charger 12 (fid=40) not available, trying Charger 5 (fid=73)",1252.7538904735327,5,,
Car 506,,,,,17,switch,,"Charger 17 (fid=35) not available, trying Charger 19 (fid=37)",1252.9177850903081,19,,
Car 454,,,,,10,switch,,"Charger 10 (fid=30) not available, trying Charger 14 (fid=34)",1252.9709329456887,14,,
Car 386,51.0,308108,4,,,done,,done charging,1253.1111521632472,,,655.9173277300296
Car 488,,,,,0,switch,,"Charger 0 (fid=308440) not available, trying Charger 15 (fid=57)",1253.395588631469,15,,
Car 510,,,,4,,arrived,,arrived,1253.6061055108717,,,
Car 441,,,,,2,switch,,"Charger 2 (fid=307904) not available, trying Charger 3 (fid=307905)",1253.6928667399454,3,,
Car 490,,,,,17,switch,,"Charger 17 (fid=35) not available, trying Charger 5 (fid=73)",1253.6935553859912,5,,
Car 484,,,,,10,switch,,"Charger 10 (fid=30) not available, trying Charger 14 (fid=34)",1253.998709801505,14,,
Car 474,,,,,0,switch,,"Charger 0 (fid=308440) not available, trying Charger 18 (fid=64)",1254.1000837678564,18,,
Car 509,,,,,0,switch,,"Charger 0 (fid=308440) not available, trying Charger 17 (fid=35)",1254.1404019441318,17,,
Car 495,,,,,19,switch,,"Charger 19 (fid=37) not available, trying Charger 5 (fid=73)",1254.2545534426324,5,,
Car 505,,,,,3,switch,,"Charger 3 (fid=307905) not available, trying Charger 6 (fid=60)",1254.2644891410657,6,,
Car 478,,,,,10,switch,,"Charger 10 (fid=30) not available, trying Charger 14 (fid=34)",1254.2945518044783,14,,
Car 421,,,,,16,switch,,"Charger 16 (fid=8) not available, trying Charger 13 (fid=5)",1254.3220740723043,13,,
Car 437,,308108,4,,,start_charge,,starting to charge at Charger 4 (fid=308108),1254.6590083971057,,85.0,
Car 417,,,,,19,switch,,"Charger 19 (fid=37) not available, trying Charger 16 (fid=8)",1254.6736918075399,16,,
Car 439,,,,,14,switch,,"Charger 14 (fid=34) not available, trying Charger 2 (fid=307904)",1254.961682465976,2,,
Car 508,,,,,0,switch,,"Charger 0 (fid=308440) not available, trying Charger 17 (fid=35)",1255.0921406407933,17,,
Car 481,,,,,7,switch,,"Charger 7 (fid=31) not available, trying Charger 10 (fid=30)",1255.0982276092232,10,,
Car 511,,,,53,,arrived,,arrived,1255.1569412040967,,,
Car 496,,,,,19,switch,,"Charger 19 (fid=37) not available, trying Charger 15 (fid=57)",1255.2586078849351,15,,
Car 465,,,,,5,switch,,"Charger 5 (fid=73) not available, trying Charger 19 (fid=37)",1255.4978896086477,19,,
Car 450,,,,,12,switch,,"Charger 12 (fid=40) not available, trying Charger 2 (fid=307904)",1255.6699706751326,2,,
Car 504,,,,,15,switch,,"Charger 15 (fid=57) not available, trying Charger 6 (fid=60)",1255.8625382536154,6,,
Car 512,,,,32,,arrived,,arrived,1256.2957360897528,,,
Car 443,,,,,3,switch,,"Charger 3 (fid=307905) not available, trying Charger 4 (fid=308108)",1256.3698858584648,4,,
Car 503,,,,,0,switch,,"Charger 0 (fid=308440) not available, trying Charger 19 (fid=37)",1256.5065030886476,19,,
Car 502,,,,,7,switch,,"Charger 7 (fid=31) not available, trying Charger 6 (fid=60)",1256.5485668216527,6,,
Car 455,,,,,13,switch,,"Charger 13 (fid=5) not available, trying Charger 0 (fid=308440)",1256.6096436566763,0,,
Car 401,86.0,8,16,,,done,,done charging,1256.6909420911466,,,423.4542454037593
Car 424,,,,,3,switch,,"Charger 3 (fid=307905) not available, trying Charger 18 (fid=64)",1256.8936578092962,18,,
Car 485,,,,,15,switch,,"Charger 15 (fid=57) not available, trying Charger 5 (fid=73)",1257.0573868403908,5,,
Car 491,,,,,14,switch,,"Charger 14 (fid=34) not available, trying Charger 16 (fid=8)",1257.1686215179782,16,,
Car 513,,,,48,,arrived,,arrived,1257.734549190625,,,
Car 417,,8,16,,,start_charge,,starting to charge at Charger 16 (fid=8),1257.7548350152265,,90.0,
Car 449,,,,,8,switch,,"Charger 8 (fid=32) not available, trying Charger 12 (fid=40)",1257.9861821294844,12,,
Car 454,,,,,14,switch,,"Charger 14 (fid=34) not available, trying Charger 4 (fid=308108)",1258.1576738565839,4,,
Car 514,,,,37,,arrived,,arrived,1258.4594107704581,,,
Car 494,,,,,6,switch,,"Charger 6 (fid=60) not available, trying Charger 4 (fid=308108)",1258.5094140319684,4,,
Car 510,,,,,6,switch,,"Charger 6 (fid=60) not available, trying Charger 2 (fid=307904)",1258.6061055108717,2,,
Car 452,,,,,12,switch,,"Charger 12 (fid=40) not available, trying Charger 9 (fid=86)",1258.7210158834687,9,,
Car 435,,,,,13,switch,,"Charger 13 (fid=5) not available, trying Charger 16 (fid=8)",1258.793338748001,16,,
Car 458,,,,,1,switch,,"Charger 1 (fid=308702) not available, trying Charger 7 (fid=31)",1258.884486074371,7,,
Car 457,,,,,12,switch,,"Charger 12 (fid=40) not available, trying Charger 9 (fid=86)",1258.9347518195636,9,,
Car 441,,,,,3,switch,,"Charger 3 (fid=307905) not available, trying Charger 4 (fid=308108)",1258.9564929215096,4,,
Car 493,,,,,6,switch,,"Charger 6 (fid=60) not available, trying Charger 2 (fid=307904)",1259.0241822404043,2,,
Car 470,55.0,60,6,,,done,,done charging,1259.055997804847,,,272.6875520692414
Car 482,,60,6,,,start_charge,,starting to charge at Charger 6 (fid=60),1259.055997804847,,45.93924828983404,
Car 467,,,,,18,switch,,"Charger 18 (fid=64) not available, trying Charger 0 (fid=308440)",1259.129263709693,0,,
Car 484,,,,,14,switch,,"Charger 14 (fid=34) not available, trying Charger 1 (fid=308702)",1259.1854507124,1,,
Car 500,,,,,12,switch,,"Charger 12 (fid=40) not available, trying Charger 1 (fid=308702)",1259.473668055298,1,,
Car 478,,,,,14,switch,,"Charger 14 (fid=34) not available, trying Charger 1 (fid=308702)",1259.4812927153735,1,,
Car 466,,,,,10,switch,,"Charger 10 (fid=30) not available, trying Charger 14 (fid=34)",1259.497111457208,14,,
Car 492,,,,,15,switch,,"Charger 15 (fid=57) not available, trying Charger 10 (fid=30)",1259.569022884646,10,,
Car 486,52.0,5,13,,,done,,done charging,1259.7021138667335,,,148.86565000518124
Car 421,,5,13,,,start_charge,,starting to charge at Charger 13 (fid=5),1259.7021138667335,,97.44467185480949,
Car 468,,,,,10,switch,,"Charger 10 (fid=30) not available, trying Charger 14 (fid=34)",1260.1291686254576,14,,
Car 488,,,,,15,switch,,"Charger 15 (fid=57) not available, trying Charger 5 (fid=73)",1260.135162946932,5,,
Car 497,,,,,12,switch,,"Charger 12 (fid=40) not available, trying Charger 6 (fid=60)",1260.1444458941253,6,,
Car 511,,,,,12,switch,,"Charger 12 (fid=40) not available, trying Charger 4 (fid=308108)",1260.1569412040967,4,,
Car 495,,,,,5,switch,,"Charger 5 (fid=73) not available, trying Charger 15 (fid=57)",1260.3292170408617,15,,
Car 456,108.0,64,18,,,done,,done charging,1260.3312823075992,,,174.79677049365708
Car 438,,64,18,,,start_charge,,starting to charge at Charger 18 (fid=64),1260.3312823075992,,74.24395130924677,
Car 481,,,,,10,switch,,"Charger 10 (fid=30) not available, trying Charger 14 (fid=34)",1260.922913860027,14,,
Car 509,,,,,17,switch,,"Charger 17 (fid=35) not available, trying Charger 15 (fid=57)",1261.076142225898,15,,
Car 512,,,,,17,switch,,"Charger 17 (fid=35) not available, trying Charger 15 (fid=57)",1261.2957360897528,15,,
Car 498,,,,,15,switch,,"Charger 15 (fid=57) not available, trying Charger 2 (fid=307904)",1261.361792529479,2,,
Car 465,,,,,19,switch,,"Charger 19 (fid=37) not available, trying Charger 16 (fid=8)",1261.572553206877,16,,
Car 451,,,,,9,switch,,"Charger 9 (fid=86) not available, trying Charger 13 (fid=5)",1261.979337061085,13,,
Car 506,,,,,19,switch,,"Charger 19 (fid=37) not available, trying Charger 15 (fid=57)",1262.0159497618254,15,,
Car 508,,,,,17,switch,,"Charger 17 (fid=35) not available, trying Charger 7 (fid=31)",1262.0278809225595,7,,
Car 507,,,,,5,switch,,"Charger 5 (fid=73) not available, trying Charger 17 (fid=35)",1262.3017180388508,17,,
Car 490,,,,,5,switch,,"Charger 5 (fid=73) not available, trying Charger 15 (fid=57)",1262.587362338977,15,,
Car 453,,,,,2,switch,,"Charger 2 (fid=307904) not available, trying Charger 3 (fid=307905)",1262.7239583137334,3,,
Car 513,,,,,7,switch,,"Charger 7 (fid=31) not available, trying Charger 11 (fid=33)",1262.734549190625,11,,
Car 463,,,,,16,switch,,"Charger 16 (fid=8) not available, trying Charger 11 (fid=33)",1263.0528860977497,11,,
Car 496,,,,,15,switch,,"Charger 15 (fid=57) not available, trying Charger 13 (fid=5)",1263.2551466115272,13,,
Car 505,,,,,6,switch,,"Charger 6 (fid=60) not available, trying Charger 5 (fid=73)",1263.28298248539,5,,
Car 514,,,,,19,switch,,"Charger 19 (fid=37) not available, trying Charger 5 (fid=73)",1263.4594107704581,5,,
Car 475,76.0,73,5,,,done,,done charging,1263.4748871512184,,,89.51947773250689
Car 485,,73,5,,,start_charge,,starting to charge at Charger 5 (fid=73),1263.4748871512184,,48.550617141425164,
Car 489,,,,,7,switch,,"Charger 7 (fid=31) not available, trying Charger 10 (fid=30)",1263.7073199557808,10,,
Car 423,,,,,4,switch,,"Charger 4 (fid=308108) not available, trying Charger 18 (fid=64)",1264.3642394098613,18,,
Car 458,,,,,7,switch,,"Charger 7 (fid=31) not available, trying Charger 10 (fid=30)",1264.5878876733555,10,,
Car 466,,,,,14,switch,,"Charger 14 (fid=34) not available, trying Charger 16 (fid=8)",1264.683852368103,16,,
Car 504,,,,,6,switch,,"Charger 6 (fid=60) not available, trying Charger 17 (fid=35)",1264.753869178976,17,,
Car 443,,,,,4,switch,,"Charger 4 (fid=308108) not available, trying Charger 18 (fid=64)",1264.892355704717,18,,
Car 477,,,,,12,switch,,"Charger 12 (fid=40) not available, trying Charger 14 (fid=34)",1265.0318723702492,14,,
Car 450,,,,,2,switch,,"Charger 2 (fid=307904) not available, trying Charger 3 (fid=307905)",1265.1845632649301,3,,
Car 468,,,,,14,switch,,"Charger 14 (fid=34) not available, trying Charger 1 (fid=308702)",1265.3159095363528,1,,
Car 484,,,,,1,switch,,"Charger 1 (fid=308702) not available, trying Charger 11 (fid=33)",1265.3182706585317,11,,
Car 478,,,,,1,switch,,"Charger 1 (fid=308702) not available, trying Charger 12 (fid=40)",1265.614112661505,12,,
Car 503,,,,,19,switch,,"Charger 19 (fid=37) not available, trying Charger 15 (fid=57)",1265.974639819757,15,,
Car 481,,,,,14,switch,,"Charger 14 (fid=34) not available, trying Charger 17 (fid=35)",1266.1096547709221,17,,
Car 424,,,,,18,switch,,"Charger 18 (fid=64) not available, trying Charger 9 (fid=86)",1266.176085335053,9,,
Car 435,,,,,16,switch,,"Charger 16 (fid=8) not available, trying Charger 4 (fid=308108)",1266.7287066876206,4,,
Car 515,,,,37,,arrived,,arrived,1266.743462149811,,,
Car 439,,,,,2,switch,,"Charger 2 (fid=307904) not available, trying Charger 3 (fid=307905)",1266.888143049485,3,,
Car 455,,,,,0,switch,,"Charger 0 (fid=308440) not available, trying Charger 1 (fid=308702)",1267.1668269671434,1,,
Car 431,104.0,34,14,,,done,,done charging,1267.1827703027059,,,383.1706347971708
Car 474,,,,,18,switch,,"Charger 18 (fid=64) not available, trying Charger 9 (fid=86)",1267.4031966666773,9,,
Car 509,,,,,15,switch,,"Charger 15 (fid=57) not available, trying Charger 2 (fid=307904)",1267.445744481769,2,,
Car 497,,,,,6,switch,,"Charger 6 (fid=60) not available, trying Charger 15 (fid=57)",1267.472787635928,15,,
Car 441,,,,,4,switch,,"Charger 4 (fid=308108) not available, trying Charger 18 (fid=64)",1267.4789627677617,18,,
Car 502,,,,,6,switch,,"Charger 6 (fid=60) not available, trying Charger 10 (fid=30)",1267.551384817701,10,,
Car 510,,,,,2,switch,,"Charger 2 (fid=307904) not available, trying Charger 3 (fid=307905)",1267.608262023575,3,,
Car 512,,,,,15,switch,,"Charger 15 (fid=57) not available, trying Charger 0 (fid=308440)",1267.665338345624,0,,
Car 494,,,,,4,switch,,"Charger 4 (fid=308108) not available, trying Charger 18 (fid=64)",1267.731982393147,18,,
Car 491,,,,,16,switch,,"Charger 16 (fid=8) not available, trying Charger 15 (fid=57)",1267.7855591657053,15,,
Car 516,,,,28,,arrived,,arrived,1267.809461665721,,,
Car 453,,,,,3,switch,,"Charger 3 (fid=307905) not available, trying Charger 12 (fid=40)",1267.9875844952976,12,,
Car 488,,,,,5,switch,,"Charger 5 (fid=73) not available, trying Charger 17 (fid=35)",1268.0020461163344,17,,
Car 493,,,,,2,switch,,"Charger 2 (fid=307904) not available, trying Charger 3 (fid=307905)",1268.0263387531077,3,,
Car 495,,,,,15,switch,,"Charger 15 (fid=57) not available, trying Charger 16 (fid=8)",1268.1961002102641,16,,
Car 492,,,,,10,switch,,"Charger 10 (fid=30) not available, trying Charger 14 (fid=34)",1268.6758772922815,14,,
Car 492,,34,14,,,start_charge,,starting to charge at Charger 14 (fid=34),1268.8626182031767,,50.0,
Car 513,,,,,11,switch,,"Charger 11 (fid=33) not available, trying Charger 8 (fid=32)",1269.2590099295085,8,,
Car 511,,,,,4,switch,,"Charger 4 (fid=308108) not available, trying Charger 6 (fid=60)",1269.2720330129362,6,,
Car 489,,,,,10,switch,,"Charger 10 (fid=30) not available, trying Charger 14 (fid=34)",1269.5320062065846,14,,
Car 514,,,,,5,switch,,"Charger 5 (fid=73) not available, trying Charger 13 (fid=5)",1269.5340743686875,13,,
Car 452,,,,,9,switch,,"Charger 9 (fid=86) not available, trying Charger 4 (fid=308108)",1269.6049559165003,4,,
Car 465,,,,,16,switch,,"Charger 16 (fid=8) not available, trying Charger 1 (fid=308702)",1269.6536964145637,1,,
Car 457,,,,,9,switch,,"Charger 9 (fid=86) not available, trying Charger 13 (fid=5)",1269.8186918525953,13,,
Car 506,,,,,15,switch,,"Charger 15 (fid=57) not available, trying Charger 16 (fid=8)",1270.0124884884174,16,,
Car 498,,,,,2,switch,,"Charger 2 (fid=307904) not available, trying Charger 3 (fid=307905)",1270.340530801925,3,,
Car 458,,,,,10,switch,,"Charger 10 (fid=30) not available, trying Charger 14 (fid=34)",1270.4125739241592,14,,
Car 450,,,,,3,switch,,"Charger 3 (fid=307905) not available, trying Charger 4 (fid=308108)",1270.4481894464943,4,,
Car 490,,,,,15,switch,,"Charger 15 (fid=57) not available, trying Charger 19 (fid=37)",1270.4542455083795,19,,
Car 517,,,,35,,arrived,,arrived,1271.0427330105094,,,
Car 480,52.0,57,15,,,done,,done charging,1271.1263858123293,,,238.81136801122034
Car 503,,57,15,,,start_charge,,starting to charge at Charger 15 (fid=57),1271.1263858123293,,42.15520726598038,
Car 507,,,,,17,switch,,"Charger 17 (fid=35) not available, trying Charger 19 (fid=37)",1271.1955249918367,19,,
Car 423,,,,,,gave_up,18,"no alternate charger available, gave up",1271.2051762016793,,,
Car 518,,,,57,,arrived,,arrived,1271.2195021453715,,,
Car 508,,,,,7,switch,,"Charger 7 (fid=31) not available, trying Charger 5 (fid=73)",1271.2336517323106,5,,
Car 505,,,,,5,switch,,"Charger 5 (fid=73) not available, trying Charger 19 (fid=37)",1271.3121715069096,19,,
Car 468,,,,,1,switch,,"Charger 1 (fid=308702) not available, trying Charger 18 (fid=64)",1271.4487294824844,18,,
Car 449,,,,,12,switch,,"Charger 12 (fid=40) not available, trying Charger 4 (fid=308108)",1271.586683218393,4,,
Car 500,,,,,1,switch,,"Charger 1 (fid=308702) not available, trying Charger 7 (fid=31)",1271.660806592757,7,,
Car 443,,,,,18,switch,,"Charger 18 (fid=64) not available, trying Charger 9 (fid=86)",1271.733292496535,9,,
Car 515,,,,,19,switch,,"Charger 19 (fid=37) not available, trying Charger 5 (fid=73)",1271.743462149811,5,,
Car 484,,,,,11,switch,,"Charger 11 (fid=33) not available, trying Charger 8 (fid=32)",1272.079877932845,8,,
Car 439,,,,,3,switch,,"Charger 3 (fid=307905) not available, trying Charger 18 (fid=64)",1272.1517692310492,18,,
Car 454,,,,,4,switch,,"Charger 4 (fid=308108) not available, trying Charger 11 (fid=33)",1272.3235337105702,11,,
Car 496,,,,,13,switch,,"Charger 13 (fid=5) not available, trying Charger 17 (fid=35)",1272.3407319174771,17,,
Car 467,,,,,0,switch,,"Charger 0 (fid=308440) not available, trying Charger 11 (fid=33)",1272.432376608514,11,,
Car 516,,,,,7,switch,,"Charger 7 (fid=31) not available, trying Charger 11 (fid=33)",1272.809461665721,11,,
Car 510,,,,,3,switch,,"Charger 3 (fid=307905) not available, trying Charger 17 (fid=35)",1272.8718882051392,17,,
Car 504,,,,,17,switch,,"Charger 17 (fid=35) not available, trying Charger 1 (fid=308702)",1272.9791225481174,1,,
Car 493,,,,,3,switch,,"Charger 3 (fid=307905) not available, trying Charger 13 (fid=5)",1273.2899649346718,13,,
Car 424,,,,,,gave_up,9,"no alternate charger available, gave up",1273.759097087403,,,
Car 463,,,,,11,switch,,"Charger 11 (fid=33) not available, trying Charger 8 (fid=32)",1273.8763355130523,8,,
Car 441,,,,,18,switch,,"Charger 18 (fid=64) not available, trying Charger 9 (fid=86)",1274.3198995595797,9,,
Car 512,,,,,0,switch,,"Charger 0 (fid=308440) not available, trying Charger 2 (fid=307904)",1274.4049126610869,2,,
Car 513,,,,,8,switch,,"Charger 8 (fid=32) not available, trying Charger 1 (fid=308702)",1274.5281086058571,1,,
Car 494,,,,,18,switch,,"Charger 18 (fid=64) not available, trying Charger 12 (fid=40)",1274.572919184965,12,,
Car 489,,,,,14,switch,,"Charger 14 (fid=34) not available, trying Charger 17 (fid=35)",1274.7187471174798,17,,
Car 474,,,,,9,switch,,"Charger 9 (fid=86) not available, trying Charger 16 (fid=8)",1274.9862084190274,16,,
Car 455,,,,,1,switch,,"Charger 1 (fid=308702) not available, trying Charger 7 (fid=31)",1275.2772795945418,7,,
Car 466,,,,,16,switch,,"Charger 16 (fid=8) not available, trying Charger 11 (fid=33)",1275.3007900158302,11,,
Car 481,,,,,17,switch,,"Charger 17 (fid=35) not available, trying Charger 0 (fid=308440)",1275.5448110619586,0,,
Car 458,,,,,14,switch,,"Charger 14 (fid=34) not available, trying Charger 16 (fid=8)",1275.5993148350544,16,,
Car 498,,,,,3,switch,,"Charger 3 (fid=307905) not available, trying Charger 13 (fid=5)",1275.6041569834892,13,,
Car 517,,,,,17,switch,,"Charger 17 (fid=35) not available, trying Charger 15 (fid=57)",1276.0427330105094,15,,
Car 378,120.0,32,8,,,done,,done charging,1276.107692824239,,,364.9989436372412
Car 484,,32,8,,,start_charge,,starting to charge at Charger 8 (fid=32),1276.107692824239,,58.7587162150453,
Car 518,,,,,15,switch,,"Charger 15 (fid=57) not available, trying Charger 17 (fid=35)",1276.2195021453715,17,,
Car 497,,,,,15,switch,,"Charger 15 (fid=57) not available, trying Charger 0 (fid=308440)",1276.3641185612885,0,,
Car 509,,,,,2,switch,,"Charger 2 (fid=307904) not available, trying Charger 3 (fid=307905)",1276.424482754215,3,,
Car 451,,,,,13,switch,,"Charger 13 (fid=5) not available, trying Charger 16 (fid=8)",1276.588412861095,16,,
Car 488,,,,,17,switch,,"Charger 17 (fid=35) not available, trying Charger 16 (fid=8)",1276.8958530693203,16,,
Car 452,,,,,4,switch,,"Charger 4 (fid=308108) not available, trying Charger 18 (fid=64)",1276.9778859528708,18,,
Car 491,,,,,15,switch,,"Charger 15 (fid=57) not available, trying Charger 17 (fid=35)",1276.9782996032925,17,,
Car 514,,,,,13,switch,,"Charger 13 (fid=5) not available, trying Charger 15 (fid=57)",1276.9991454549581,15,,
Car 500,,,,,7,switch,,"Charger 7 (fid=31) not available, trying Charger 17 (fid=35)",1277.3642081917415,17,,
Car 505,,,,,19,switch,,"Charger 19 (fid=37) not available, trying Charger 7 (fid=31)",1277.386835105139,7,,
Car 495,,,,,16,switch,,"Charger 16 (fid=8) not available, trying Charger 0 (fid=308440)",1277.3888406478513,0,,
Car 453,,,,,12,switch,,"Charger 12 (fid=40) not available, trying Charger 4 (fid=308108)",1277.518513916716,4,,
Car 519,,,,77,,arrived,,arrived,1277.5579191578984,,,
Car 478,,,,,12,switch,,"Charger 12 (fid=40) not available, trying Charger 11 (fid=33)",1277.8012511989639,11,,
Car 515,,,,,5,switch,,"Charger 5 (fid=73) not available, trying Charger 13 (fid=5)",1277.8181257480403,13,,
Car 477,,,,,14,switch,,"Charger 14 (fid=34) not available, trying Charger 1 (fid=308702)",1277.986794631447,1,,
Car 435,,,,,4,switch,,"Charger 4 (fid=308108) not available, trying Charger 18 (fid=64)",1278.4034204408285,18,,
Car 490,,,,,19,switch,,"Charger 19 (fid=37) not available, trying Charger 16 (fid=8)",1278.4507842349715,16,,
Car 473,94.0,33,11,,,done,,done charging,1278.4843900430917,,,96.50415837727523
Car 516,,33,11,,,start_charge,,starting to charge at Charger 11 (fid=33),1278.4843900430917,,9.150467638487271,
Car 511,,,,,6,switch,,"Charger 6 (fid=60) not available, trying Charger 18 (fid=64)",1278.4946013741148,18,,
Car 502,,,,,10,switch,,"Charger 10 (fid=30) not available, trying Charger 14 (fid=34)",1278.9126340009989,14,,
Car 450,,,,,4,switch,,"Charger 4 (fid=308108) not available, trying Charger 18 (fid=64)",1278.9706592927464,18,,
Car 463,,,,,8,switch,,"Charger 8 (fid=32) not available, trying Charger 12 (fid=40)",1279.145434189401,12,,
Car 506,,,,,16,switch,,"Charger 16 (fid=8) not available, trying Charger 2 (fid=307904)",1279.2052289260046,2,,
Car 443,,,,,,gave_up,9,"no alternate charger available, gave up",1279.316304248885,,,
Car 465,,,,,1,switch,,"Charger 1 (fid=308702) not available, trying Charger 13 (fid=5)",1279.5028503385518,13,,
Car 507,,,,,19,switch,,"Charger 19 (fid=37) not available, trying Charger 16 (fid=8)",1280.293689663354,16,,
Car 399,88.0,86,9,,,done,,done charging,1280.3985620755484,,,588.4863845817305
Car 441,,86,9,,,start_charge,,starting to charge at Charger 9 (fid=86),1280.3985620755484,,98.49565076361864,
Car 508,,,,,5,switch,,"Charger 5 (fid=73) not available, trying Charger 10 (fid=30)",1280.4930890158455,10,,
Car 520,,,,57,,arrived,,arrived,1280.6669764403166,,,
Car 449,,,,,4,switch,,"Charger 4 (fid=308108) not available, trying Charger 9 (fid=86)",1280.7017750272325,9,,
Car 510,,,,,17,switch,,"Charger 17 (fid=35) not available, trying Charger 15 (fid=57)",1280.7237774950224,15,,
Car 455,,,,,7,switch,,"Charger 7 (fid=31) not available, trying Charger 10 (fid=30)",1280.9806811935264,10,,
Car 467,,,,,11,switch,,"Charger 11 (fid=33) not available, trying Charger 8 (fid=32)",1281.1638555099496,8,,
Car 513,,,,,1,switch,,"Charger 1 (fid=308702) not available, trying Charger 10 (fid=30)",1281.3065073796995,10,,
Car 439,,,,,18,switch,,"Charger 18 (fid=64) not available, trying Charger 9 (fid=86)",1281.434196756806,9,,
Car 509,,,,,3,switch,,"Charger 3 (fid=307905) not available, trying Charger 7 (fid=31)",1281.6881089357792,7,,
Car 521,,,,48,,arrived,,arrived,1281.734392196691,,,
Car 395,45.0,64,18,,,done,,done charging,1281.8527457815662,,,510.8070539738279
Car 452,,64,18,,,start_charge,,starting to charge at Charger 18 (fid=64),1281.8527457815662,,98.03392303687747,
Car 517,,,,,15,switch,,"Charger 15 (fid=57) not available, trying Charger 0 (fid=308440)",1282.4123352663805,0,,
Car 504,,,,,1,switch,,"Charger 1 (fid=308702) not available, trying Charger 7 (fid=31)",1282.4220398932985,7,,
Car 481,,,,,0,switch,,"Charger 0 (fid=308440) not available, trying Charger 11 (fid=33)",1282.4805513437248,11,,
Car 496,,,,,17,switch,,"Charger 17 (fid=35) not available, trying Charger 5 (fid=73)",1282.5279431683523,5,,
Car 519,,,,,6,switch,,"Charger 6 (fid=60) not available, trying Charger 12 (fid=40)",1282.5579191578984,12,,
Car 518,,,,,17,switch,,"Charger 17 (fid=35) not available, trying Charger 0 (fid=308440)",1282.5891044012426,0,,
Car 497,,,,,0,switch,,"Charger 0 (fid=308440) not available, trying Charger 5 (fid=73)",1283.1036928767514,5,,
Car 491,,,,,17,switch,,"Charger 17 (fid=35) not available, trying Charger 0 (fid=308440)",1283.3479018591636,0,,
Car 512,,,,,2,switch,,"Charger 2 (fid=307904) not available, trying Charger 3 (fid=307905)",1283.7414001599802,3,,
Car 502,,,,,14,switch,,"Charger 14 (fid=34) not available, trying Charger 1 (fid=308702)",1284.099374911894,1,,
Car 477,,,,,1,switch,,"Charger 1 (fid=308702) not available, trying Charger 11 (fid=33)",1284.1196145775787,11,,
Car 489,,,,,17,switch,,"Charger 17 (fid=35) not available, trying Charger 0 (fid=308440)",1284.1539034085163,0,,
Car 494,,,,,12,switch,,"Charger 12 (fid=40) not available, trying Charger 7 (fid=31)",1284.2335051294112,7,,
Car 457,,,,,13,switch,,"Charger 13 (fid=5) not available, trying Charger 16 (fid=8)",1284.4277676526053,16,,
Car 451,,,,,16,switch,,"Charger 16 (fid=8) not available, trying Charger 4 (fid=308108)",1284.5237808007148,4,,
Car 435,,,,,,gave_up,18,"no alternate charger available, gave up",1285.2443572326465,,,
Car 515,,,,,13,switch,,"Charger 13 (fid=5) not available, trying Charger 15 (fid=57)",1285.283196834311,15,,
Car 493,,,,,13,switch,,"Charger 13 (fid=5) not available, trying Charger 10 (fid=30)",1285.4696086065937,10,,
Car 520,,,,,15,switch,,"Charger 15 (fid=57) not available, trying Charger 17 (fid=35)",1285.6669764403166,17,,
Car 468,,,,,18,switch,,"Charger 18 (fid=64) not available, trying Charger 11 (fid=33)",1285.7884594685047,11,,
Car 450,,,,,18,switch,,"Charger 18 (fid=64) not available, trying Charger 9 (fid=86)",1285.8115960845644,9,,
Car 505,,,,,7,switch,,"Charger 7 (fid=31) not available, trying Charger 12 (fid=40)",1285.9683039435217,12,,
Car 514,,,,,15,switch,,"Charger 15 (fid=57) not available, trying Charger 16 (fid=8)",1286.084730760908,16,,
Car 466,,,,,11,switch,,"Charger 11 (fid=33) not available, trying Charger 8 (fid=32)",1286.1242394311328,8,,
Car 460,120.0,57,15,,,done,,done charging,1286.2010791925009,,,186.53749662241785
Car 510,,57,15,,,start_charge,,starting to charge at Charger 15 (fid=57),1286.2010791925009,,24.107699441607338,
Car 458,,,,,16,switch,,"Charger 16 (fid=8) not available, trying Charger 13 (fid=5)",1286.2162524827816,13,,
Car 467,,,,,8,switch,,"Charger 8 (fid=32) not available, trying Charger 1 (fid=308702)",1286.4329541862983,1,,
Car 490,,,,,16,switch,,"Charger 16 (fid=8) not available, trying Charger 0 (fid=308440)",1286.5319274426581,0,,
Car 500,,,,,17,switch,,"Charger 17 (fid=35) not available, trying Charger 10 (fid=30)",1286.5699790014926,10,,
Car 453,,,,,4,switch,,"Charger 4 (fid=308108) not available, trying Charger 9 (fid=86)",1286.6336057255555,9,,
Car 521,,,,,7,switch,,"Charger 7 (fid=31) not available, trying Charger 11 (fid=33)",1286.734392196691,11,,
Car 455,,,,,10,switch,,"Charger 10 (fid=30) not available, trying Charger 14 (fid=34)",1286.8053674443302,14,,
Car 488,,,,,16,switch,,"Charger 16 (fid=8) not available, trying Charger 6 (fid=60)",1287.115517290491,6,,
Car 454,,,,,11,switch,,"Charger 11 (fid=33) not available, trying Charger 8 (fid=32)",1287.1181808927383,8,,
Car 513,,,,,10,switch,,"Charger 10 (fid=30) not available, trying Charger 14 (fid=34)",1287.3683401659334,14,,
Car 498,,,,,13,switch,,"Charger 13 (fid=5) not available, trying Charger 0 (fid=308440)",1287.7838006554111,0,,
Car 495,,,,,0,switch,,"Charger 0 (fid=308440) not available, trying Charger 17 (fid=35)",1287.9784769286139,17,,
Car 465,,,,,13,switch,,"Charger 13 (fid=5) not available, trying Charger 7 (fid=31)",1288.0579636959717,7,,
Car 449,,,,,9,switch,,"Charger 9 (fid=86) not available, trying Charger 18 (fid=64)",1288.074705063603,18,,
Car 504,,,,,7,switch,,"Charger 7 (fid=31) not available, trying Charger 0 (fid=308440)",1288.125441492283,0,,
Car 507,,,,,16,switch,,"Charger 16 (fid=8) not available, trying Charger 15 (fid=57)",1288.3748328710406,15,,
Car 522,,,,40,,arrived,,arrived,1288.4022241656066,,,
Car 474,,,,,16,switch,,"Charger 16 (fid=8) not available, trying Charger 1 (fid=308702)",1288.4621721033966,1,,
Car 511,,,,,18,switch,,"Charger 18 (fid=64) not available, trying Charger 2 (fid=307904)",1288.8845201935778,2,,
Car 419,72.0,308702,1,,,done,,done charging,1288.9906787882185,,,431.42580045284893
Car 502,,308702,1,,,start_charge,,starting to charge at Charger 1 (fid=308702),1288.9906787882185,,48.758483930192824,
Car 512,,,,,3,switch,,"Charger 3 (fid=307905) not available, trying Charger 5 (fid=73)",1289.0050263415444,5,,
Car 439,,,,,,gave_up,9,"no alternate charger available, gave up",1289.017208509156,,,
Car 517,,,,,0,switch,,"Charger 0 (fid=308440) not available, trying Charger 2 (fid=307904)",1289.1519095818435,2,,
Car 400,55.0,32,8,,,done,,done charging,1289.475675385065,,,708.1786517945322
Car 466,,32,8,,,start_charge,,starting to charge at Charger 8 (fid=32),1289.475675385065,,78.08233727758352,
Car 518,,,,,0,switch,,"Charger 0 (fid=308440) not available, trying Charger 5 (fid=73)",1289.5248446830087,5,,
Car 519,,,,,12,switch,,"Charger 12 (fid=40) not available, trying Charger 4 (fid=308108)",1289.886260899701,4,,
Car 508,,,,,10,switch,,"Charger 10 (fid=30) not available, trying Charger 14 (fid=34)",1290.1109574866298,14,,
Car 491,,,,,0,switch,,"Charger 0 (fid=308440) not available, trying Charger 6 (fid=60)",1290.2836421409297,6,,
Car 464,90.0,60,6,,,done,,done charging,1290.543470755866,,,294.50610174651626
Car 488,,60,6,,,start_charge,,starting to charge at Charger 6 (fid=60),1290.6416486082232,,65.0,
Car 477,,,,,11,switch,,"Charger 11 (fid=33) not available, trying Charger 8 (fid=32)",1290.881221851892,8,,
Car 489,,,,,0,switch,,"Charger 0 (fid=308440) not available, trying Charger 11 (fid=33)",1291.0896436902824,11,,
Car 506,,,,,2,switch,,"Charger 2 (fid=307904) not available, trying Charger 3 (fid=307905)",1291.1548961263857,3,,
Car 481,,,,,11,switch,,"Charger 11 (fid=33) not available, trying Charger 8 (fid=32)",1291.2120302451603,8,,
Car 478,,,,,11,switch,,"Charger 11 (fid=33) not available, trying Charger 8 (fid=32)",1291.3849607883435,8,,
Car 496,,,,,5,switch,,"Charger 5 (fid=73) not available, trying Charger 16 (fid=8)",1291.4217501213382,16,,
Car 408,94.0,40,12,,,done,,done charging,1291.9548892386292,,,458.72281192438226
Car 463,,40,12,,,start_charge,,starting to charge at Charger 12 (fid=40),1291.9548892386292,,84.2089539603196,
Car 455,,,,,14,switch,,"Charger 14 (fid=34) not available, trying Charger 11 (fid=33)",1291.9921083552254,11,,
Car 520,,,,,17,switch,,"Charger 17 (fid=35) not available, trying Charger 0 (fid=308440)",1292.0365786961877,0,,
Car 385,90.0,86,9,,,done,,done charging,1292.33593792441,,,754.6558329528788
Car 450,,86,9,,,start_charge,,starting to charge at Charger 9 (fid=86),1292.33593792441,,98.94133008749554,
Car 457,,,,,16,switch,,"Charger 16 (fid=8) not available, trying Charger 4 (fid=308108)",1292.363135592225,4,,
Car 497,,,,,5,switch,,"Charger 5 (fid=73) not available, trying Charger 19 (fid=37)",1292.3674718893292,19,,
Car 454,,,,,8,switch,,"Charger 8 (fid=32) not available, trying Charger 18 (fid=64)",1292.387279569087,18,,
Car 513,,,,,14,switch,,"Charger 14 (fid=34) not available, trying Charger 13 (fid=5)",1292.5550810768286,13,,
Car 501,75.0,308108,4,,,done,,done charging,1292.873198882884,,,197.66507202966858
Car 451,,308108,4,,,start_charge,,starting to charge at Charger 4 (fid=308108),1292.873198882884,,91.6747043289613,
Car 467,,,,,1,switch,,"Charger 1 (fid=308702) not available, trying Charger 7 (fid=31)",1293.2113529601406,7,,
Car 521,,,,,11,switch,,"Charger 11 (fid=33) not available, trying Charger 8 (fid=32)",1293.2588529355744,8,,
Car 509,,,,,7,switch,,"Charger 7 (fid=31) not available, trying Charger 6 (fid=60)",1293.4015208696235,6,,
Car 522,,,,,12,switch,,"Charger 12 (fid=40) not available, trying Charger 6 (fid=60)",1293.4022241656066,6,,
Car 453,,,,,9,switch,,"Charger 9 (fid=86) not available, trying Charger 18 (fid=64)",1294.006535761926,18,,
Car 458,,,,,13,switch,,"Charger 13 (fid=5) not available, trying Charger 11 (fid=33)",1294.1516204224013,11,,
Car 515,,,,,15,switch,,"Charger 15 (fid=57) not available, trying Charger 16 (fid=8)",1294.368782140261,16,,
Car 493,,,,,10,switch,,"Charger 10 (fid=30) not available, trying Charger 14 (fid=34)",1294.7215185278549,14,,
Car 495,,,,,17,switch,,"Charger 17 (fid=35) not available, trying Charger 6 (fid=60)",1294.91421721038,6,,
Car 440,79.0,33,11,,,done,,done charging,1295.1604552334147,,,525.4656079465294
Car 455,,33,11,,,start_charge,,starting to charge at Charger 11 (fid=33),1295.1604552334147,,92.28183147921459,
Car 514,,,,,16,switch,,"Charger 16 (fid=8) not available, trying Charger 1 (fid=308702)",1295.2774711984953,1,,
Car 508,,,,,14,switch,,"Charger 14 (fid=34) not available, trying Charger 1 (fid=308702)",1295.297698397525,1,,
Car 414,97.0,5,13,,,done,,done charging,1295.3222465647993,,,477.5408608663005
Car 449,,,,,,gave_up,18,"no alternate charger available, gave up",1295.657716815953,,,
Car 500,,,,,10,switch,,"Charger 10 (fid=30) not available, trying Charger 0 (fid=308440)",1295.9341481326314,0,,
Car 504,,,,,0,switch,,"Charger 0 (fid=308440) not available, trying Charger 12 (fid=40)",1295.9987475842515,12,,
Car 477,,,,,8,switch,,"Charger 8 (fid=32) not available, trying Charger 13 (fid=5)",1296.1503205282406,13,,
Car 523,,,,5,,arrived,,arrived,1296.2908942548318,,,
Car 506,,,,,3,switch,,"Charger 3 (fid=307905) not available, trying Charger 13 (fid=5)",1296.4185223079498,13,,
Car 481,,,,,8,switch,,"Charger 8 (fid=32) not available, trying Charger 12 (fid=40)",1296.481128921509,12,,
Car 478,,,,,8,switch,,"Charger 8 (fid=32) not available, trying Charger 13 (fid=5)",1296.6540594646922,13,,
Car 494,,,,,7,switch,,"Charger 7 (fid=31) not available, trying Charger 10 (fid=30)",1296.7590090434621,10,,
Car 465,,,,,7,switch,,"Charger 7 (fid=31) not available, trying Charger 10 (fid=30)",1296.8514667166723,10,,
Car 513,,5,13,,,start_charge,,starting to charge at Charger 13 (fid=5),1296.8779781579876,,30.0,
Car 490,,,,,0,switch,,"Charger 0 (fid=308440) not available, trying Charger 13 (fid=5)",1297.1215637234206,13,,
Car 507,,,,,15,switch,,"Charger 15 (fid=57) not available, trying Charger 2 (fid=307904)",1297.5675733086277,2,,
Car 511,,,,,2,switch,,"Charger 2 (fid=307904) not available, trying Charger 3 (fid=307905)",1298.1506108877136,3,,
Car 524,,,,73,,arrived,,arrived,1298.1549423904646,,,
Car 474,,,,,1,switch,,"Charger 1 (fid=308702) not available, trying Charger 13 (fid=5)",1298.3113260273847,13,,
Car 498,,,,,0,switch,,"Charger 0 (fid=308440) not available, trying Charger 4 (fid=308108)",1298.3409839658782,4,,
Car 497,,,,,19,switch,,"Charger 19 (fid=37) not available, trying Charger 16 (fid=8)",1298.4421354875585,16,,
Car 517,,,,,2,switch,,"Charger 2 (fid=307904) not available, trying Charger 3 (fid=307905)",1298.4883970807368,3,,
Car 505,,,,,12,switch,,"Charger 12 (fid=40) not available, trying Charger 10 (fid=30)",1298.4938078575726,10,,
Car 521,,,,,8,switch,,"Charger 8 (fid=32) not available, trying Charger 1 (fid=308702)",1298.527951611923,1,,
Car 518,,,,,5,switch,,"Charger 5 (fid=73) not available, trying Charger 19 (fid=37)",1298.7886236955865,19,,
Car 467,,,,,7,switch,,"Charger 7 (fid=31) not available, trying Charger 9 (fid=86)",1298.9147545591252,9,,
Car 520,,,,,0,switch,,"Charger 0 (fid=308440) not available, trying Charger 5 (fid=73)",1298.9723189779538,5,,
Car 519,,,,,4,switch,,"Charger 4 (fid=308108) not available, trying Charger 2 (fid=307904)",1299.0013527085405,2,,
Car 496,,,,,16,switch,,"Charger 16 (fid=8) not available, trying Charger 6 (fid=60)",1299.2724763202634,6,,
Car 512,,,,,5,switch,,"Charger 5 (fid=73) not available, trying Charger 6 (fid=60)",1299.651144713004,6,,
Car 462,58.0,308440,0,,,done,,done charging,1299.6539383435493,,,364.3446424558129
Car 500,,308440,0,,,start_charge,,starting to charge at Charger 0 (fid=308440),1299.6539383435493,,55.6880857975616,
Car 437,45.0,308108,4,,,done,,done charging,1299.6590083971057,,,519.2164786910533
Car 457,,308108,4,,,start_charge,,starting to charge at Charger 4 (fid=308108),1299.6590083971057,,90.62115905167275,
Car 489,,,,,11,switch,,"Charger 11 (fid=33) not available, trying Charger 8 (fid=32)",1299.821122591718,8,,
Car 493,,,,,14,switch,,"Charger 14 (fid=34) not available, trying Charger 16 (fid=8)",1299.90825943875,16,,
Car 491,,,,,6,switch,,"Charger 6 (fid=60) not available, trying Charger 2 (fid=307904)",1299.9114776731867,2,,
Car 522,,,,,6,switch,,"Charger 6 (fid=60) not available, trying Charger 4 (fid=308108)",1300.7305659074093,4,,
Car 523,,,,,18,switch,,"Charger 18 (fid=64) not available, trying Charger 4 (fid=308108)",1301.2908942548318,4,,
Car 508,,,,,1,switch,,"Charger 1 (fid=308702) not available, trying Charger 19 (fid=37)",1301.4305183436566,19,,
Car 468,,,,,11,switch,,"Charger 11 (fid=33) not available, trying Charger 8 (fid=32)",1301.5247605064458,8,,
Car 453,,,,,,gave_up,18,"no alternate charger available, gave up",1301.589547514276,,,
Car 471,96.0,73,5,,,done,,done charging,1301.7491469246202,,,297.5986148920669
Car 524,,73,5,,,start_charge,,starting to charge at Charger 5 (fid=73),1301.7491469246202,,3.5942045341555513,
Car 494,,,,,10,switch,,"Charger 10 (fid=30) not available, trying Charger 14 (fid=34)",1302.583695294266,14,,
Car 447,106.0,31,7,,,done,,done charging,1302.6029058497195,,,327.8036583934354
Car 465,,,,,10,switch,,"Charger 10 (fid=30) not available, trying Charger 14 (fid=34)",1302.6761529674761,14,,
Car 458,,,,,11,switch,,"Charger 11 (fid=33) not available, trying Charger 8 (fid=32)",1302.9562665413398,8,,
Car 410,75.0,30,10,,,done,,done charging,1303.036572411646,,,505.3530033588389
Car 495,,,,,6,switch,,"Charger 6 (fid=60) not available, trying Charger 2 (fid=307904)",1303.1394705795215,2,,
Car 511,,,,,3,switch,,"Charger 3 (fid=307905) not available, trying Charger 9 (fid=86)",1303.4142370692778,9,,
Car 515,,,,,16,switch,,"Charger 16 (fid=8) not available, trying Charger 1 (fid=308702)",1303.561522577848,1,,
Car 432,78.0,8,16,,,done,,done charging,1303.7376164608281,,,409.1689924005558
Car 497,,8,16,,,start_charge,,starting to charge at Charger 16 (fid=8),1303.7376164608281,,62.21433776558297,
Car 517,,,,,3,switch,,"Charger 3 (fid=307905) not available, trying Charger 6 (fid=60)",1303.752023262301,6,,
Car 509,,,,,6,switch,,"Charger 6 (fid=60) not available, trying Charger 10 (fid=30)",1304.404338865672,10,,
Car 518,,,,,19,switch,,"Charger 19 (fid=37) not available, trying Charger 1 (fid=308702)",1304.8632872938158,1,,
Car 477,,,,,13,switch,,"Charger 13 (fid=5) not available, trying Charger 16 (fid=8)",1304.971758146708,16,,
Car 489,,,,,8,switch,,"Charger 8 (fid=32) not available, trying Charger 12 (fid=40)",1305.0902212680667,12,,
Car 514,,,,,1,switch,,"Charger 1 (fid=308702) not available, trying Charger 6 (fid=60)",1305.1266251224833,6,,
Car 521,,,,,1,switch,,"Charger 1 (fid=308702) not available, trying Charger 10 (fid=30)",1305.3063503857654,10,,
Car 478,,,,,13,switch,,"Charger 13 (fid=5) not available, trying Charger 16 (fid=8)",1305.4754970831596,16,,
Car 521,,30,10,,,start_charge,,starting to charge at Charger 10 (fid=30),1306.3681831719994,,20.0,
Car 507,,,,,2,switch,,"Charger 2 (fid=307904) not available, trying Charger 3 (fid=307905)",1306.5463115810737,3,,
Car 468,,,,,8,switch,,"Charger 8 (fid=32) not available, trying Charger 12 (fid=40)",1306.7938591827944,12,,
Car 474,,,,,13,switch,,"Charger 13 (fid=5) not available, trying Charger 7 (fid=31)",1306.8664393848046,7,,
Car 504,,,,,12,switch,,"Charger 12 (fid=40) not available, trying Charger 10 (fid=30)",1307.149269034511,10,,
Car 519,,,,,2,switch,,"Charger 2 (fid=307904) not available, trying Charger 3 (fid=307905)",1307.5074857231718,3,,
Car 490,,,,,13,switch,,"Charger 13 (fid=5) not available, trying Charger 1 (fid=308702)",1307.6787470338877,1,,
Car 512,,,,,6,switch,,"Charger 6 (fid=60) not available, trying Charger 19 (fid=37)",1307.6803337345236,19,,
Car 494,,,,,14,switch,,"Charger 14 (fid=34) not available, trying Charger 1 (fid=308702)",1307.770436205161,1,,
Car 496,,,,,6,switch,,"Charger 6 (fid=60) not available, trying Charger 2 (fid=307904)",1307.7986076379957,2,,
Car 465,,,,,14,switch,,"Charger 14 (fid=34) not available, trying Charger 11 (fid=33)",1307.8628938783713,11,,
Car 523,,,,,4,switch,,"Charger 4 (fid=308108) not available, trying Charger 9 (fid=86)",1308.1318310466497,9,,
Car 454,,,,,18,switch,,"Charger 18 (fid=64) not available, trying Charger 9 (fid=86)",1308.1403721065572,9,,
Car 458,,,,,,gave_up,8,"no alternate charger available, gave up",1308.2253652176885,,,
Car 520,,,,,5,switch,,"Charger 5 (fid=73) not available, trying Charger 19 (fid=37)",1308.2360979905316,19,,
Car 506,,,,,13,switch,,"Charger 13 (fid=5) not available, trying Charger 0 (fid=308440)",1308.5981659798717,0,,
Car 491,,,,,2,switch,,"Charger 2 (fid=307904) not available, trying Charger 3 (fid=307905)",1308.91363418589,3,,
Car 508,,,,,19,switch,,"Charger 19 (fid=37) not available, trying Charger 2 (fid=307904)",1309.6736218054475,2,,
Car 522,,,,,4,switch,,"Charger 4 (fid=308108) not available, trying Charger 16 (fid=8)",1309.953134268588,16,,
Car 481,,,,,12,switch,,"Charger 12 (fid=40) not available, trying Charger 2 (fid=307904)",1310.0816300104177,2,,
Car 493,,,,,16,switch,,"Charger 16 (fid=8) not available, trying Charger 11 (fid=33)",1310.5251970864772,11,,
Car 474,,31,7,,,start_charge,,starting to charge at Charger 7 (fid=31),1310.6599424055053,,75.0,
Car 498,,,,,4,switch,,"Charger 4 (fid=308108) not available, trying Charger 1 (fid=308702)",1310.702443008926,1,,
Car 505,,,,,10,switch,,"Charger 10 (fid=30) not available, trying Charger 14 (fid=34)",1311.377742958873,14,,
Car 511,,,,,9,switch,,"Charger 9 (fid=86) not available, trying Charger 5 (fid=73)",1311.5047368024805,5,,
Car 525,,,,27,,arrived,,arrived,1311.5505365171525,,,
Car 507,,,,,3,switch,,"Charger 3 (fid=307905) not available, trying Charger 13 (fid=5)",1311.809937762638,13,,
Car 495,,,,,2,switch,,"Charger 2 (fid=307904) not available, trying Charger 3 (fid=307905)",1312.1416270922248,3,,
Car 517,,,,,6,switch,,"Charger 6 (fid=60) not available, trying Charger 5 (fid=73)",1312.7705166066253,5,,
Car 519,,,,,3,switch,,"Charger 3 (fid=307905) not available, trying Charger 18 (fid=64)",1312.771111904736,18,,
Car 477,,,,,16,switch,,"Charger 16 (fid=8) not available, trying Charger 9 (fid=86)",1312.9071260863277,9,,
Car 518,,,,,1,switch,,"Charger 1 (fid=308702) not available, trying Charger 7 (fid=31)",1313.1063907556068,7,,
Car 515,,,,,1,switch,,"Charger 1 (fid=308702) not available, trying Charger 6 (fid=60)",1313.4106765018362,6,,
Car 478,,,,,16,switch,,"Charger 16 (fid=8) not available, trying Charger 9 (fid=86)",1313.4108650227793,9,,
Car 467,,,,,9,switch,,"Charger 9 (fid=86) not available, trying Charger 10 (fid=30)",1313.4387032129873,10,,
Car 442,114.0,307904,2,,,done,,done charging,1313.6323161883774,,,553.065537120335
Car 496,,307904,2,,,start_charge,,starting to charge at Charger 2 (fid=307904),1313.6323161883774,,71.83155203767842,
Car 465,,,,,11,switch,,"Charger 11 (fid=33) not available, trying Charger 8 (fid=32)",1313.749409277346,8,,
Car 494,,,,,1,switch,,"Charger 1 (fid=308702) not available, trying Charger 5 (fid=73)",1313.9032561512927,5,,
Car 491,,,,,3,switch,,"Charger 3 (fid=307905) not available, trying Charger 12 (fid=40)",1314.1772603674542,12,,
Car 520,,,,,19,switch,,"Charger 19 (fid=37) not available, trying Charger 1 (fid=308702)",1314.310761588761,1,,
Car 479,90.0,37,19,,,done,,done charging,1314.369312493384,,,279.313894829928
Car 512,,37,19,,,start_charge,,starting to charge at Charger 19 (fid=37),1314.369312493384,,38.335870777708806,
Car 469,106.0,308702,1,,,done,,done charging,1314.6593949740657,,,284.05781838804796
Car 490,,308702,1,,,start_charge,,starting to charge at Charger 1 (fid=308702),1314.6593949740657,,73.42553458275802,
Car 417,57.0,8,16,,,done,,done charging,1314.7548350152265,,,802.9720987432739
Car 523,,,,,9,switch,,"Charger 9 (fid=86) not available, trying Charger 2 (fid=307904)",1315.5047610830202,2,,
Car 454,,,,,,gave_up,9,"no alternate charger available, gave up",1315.7233838589073,,,
Car 509,,,,,10,switch,,"Charger 10 (fid=30) not available, trying Charger 14 (fid=34)",1315.7655880489697,14,,
Car 514,,,,,6,switch,,"Charger 6 (fid=60) not available, trying Charger 7 (fid=31)",1315.7910777419397,7,,
Car 487,99.0,37,19,,,done,,done charging,1316.2189349754333,,,200.5207576793668
Car 526,,,,71,,arrived,,arrived,1316.2276106529282,,,
Car 525,,,,,0,switch,,"Charger 0 (fid=308440) not available, trying Charger 17 (fid=35)",1316.5505365171525,17,,
Car 505,,,,,14,switch,,"Charger 14 (fid=34) not available, trying Charger 1 (fid=308702)",1316.564483869768,1,,
Car 522,,8,16,,,start_charge,,starting to charge at Charger 16 (fid=8),1316.627848021796,,15.0,
Car 495,,,,,3,switch,,"Charger 3 (fid=307905) not available, trying Charger 12 (fid=40)",1317.405253273789,12,,
Car 527,,,,124,,arrived,,arrived,1317.4888736992498,,,
Car 528,,,,75,,arrived,,arrived,1317.5502912364389,,,
Car 529,,,,37,,arrived,,arrived,1317.9911556280197,,,
Car 529,,37,19,,,start_charge,,starting to charge at Charger 19 (fid=37),1317.9911556280197,,0.0,
Car 503,47.0,57,15,,,done,,done charging,1318.1263858123293,,,342.1009721560287
Car 526,,57,15,,,start_charge,,starting to charge at Charger 15 (fid=57),1318.1263858123293,,1.8987751594011115,
Car 489,,,,,12,switch,,"Charger 12 (fid=40) not available, trying Charger 2 (fid=307904)",1318.6907223569754,2,,
Car 518,,,,,7,switch,,"Charger 7 (fid=31) not available, trying Charger 6 (fid=60)",1318.8097923545913,6,,
Car 465,,,,,,gave_up,8,"no alternate charger available, gave up",1319.0185079536948,,,
Car 506,,,,,0,switch,,"Charger 0 (fid=308440) not available, trying Charger 4 (fid=308108)",1319.1553492903388,4,,
Car 530,,,,19,,arrived,,arrived,1319.5771073166172,,,
Car 481,,,,,2,switch,,"Charger 2 (fid=307904) not available, trying Charger 3 (fid=307905)",1319.5962226002152,3,,
Car 504,,,,,10,switch,,"Charger 10 (fid=30) not available, trying Charger 14 (fid=34)",1320.0332041358113,14,,
Car 468,,,,,12,switch,,"Charger 12 (fid=40) not available, trying Charger 5 (fid=73)",1320.3943602717031,5,,
Car 508,,,,,2,switch,,"Charger 2 (fid=307904) not available, trying Charger 3 (fid=307905)",1320.6273223049184,3,,
Car 517,,,,,5,switch,,"Charger 5 (fid=73) not available, trying Charger 19 (fid=37)",1320.799705628145,19,,
Car 509,,,,,14,switch,,"Charger 14 (fid=34) not available, trying Charger 1 (fid=308702)",1320.9523289598649,1,,
Car 493,,,,,11,switch,,"Charger 11 (fid=33) not available, trying Charger 8 (fid=32)",1321.3486465017797,8,,
Car 519,,,,,18,switch,,"Charger 18 (fid=64) not available, trying Charger 16 (fid=8)",1322.0535394304927,16,,
Car 484,46.0,32,8,,,done,,done charging,1322.107692824239,,,404.0078464465175
Car 493,,32,8,,,start_charge,,starting to charge at Charger 8 (fid=32),1322.107692824239,,75.48994764611052,
Car 527,,,,,0,switch,,"Charger 0 (fid=308440) not available, trying Charger 15 (fid=57)",1322.4888736992498,15,,
Car 528,,,,,18,switch,,"Charger 18 (fid=64) not available, trying Charger 12 (fid=40)",1322.5502912364389,12,,
Car 520,,,,,1,switch,,"Charger 1 (fid=308702) not available, trying Charger 7 (fid=31)",1322.5538650505518,7,,
Car 505,,,,,1,switch,,"Charger 1 (fid=308702) not available, trying Charger 11 (fid=33)",1322.6973038158997,11,,
Car 494,,,,,5,switch,,"Charger 5 (fid=73) not available, trying Charger 19 (fid=37)",1322.8243280582358,19,,
Car 412,103.0,30,10,,,done,,done charging,1323.302969081117,,,607.1659762188464
Car 467,,30,10,,,start_charge,,starting to charge at Charger 10 (fid=30),1323.302969081117,,90.18191889287982,
Car 525,,,,,17,switch,,"Charger 17 (fid=35) not available, trying Charger 15 (fid=57)",1323.4862767989187,15,,
Car 523,,,,,2,switch,,"Charger 2 (fid=307904) not available, trying Charger 3 (fid=307905)",1323.5789239846022,3,,
Car 491,,,,,12,switch,,"Charger 12 (fid=40) not available, trying Charger 4 (fid=308108)",1323.7081897888727,4,,
Car 507,,,,,13,switch,,"Charger 13 (fid=5) not available, trying Charger 0 (fid=308440)",1323.9895814345598,0,,
Car 515,,,,,6,switch,,"Charger 6 (fid=60) not available, trying Charger 7 (fid=31)",1324.0751291212925,7,,
Car 498,,,,,1,switch,,"Charger 1 (fid=308702) not available, trying Charger 18 (fid=64)",1324.1005191391732,18,,
Car 511,,,,,5,switch,,"Charger 5 (fid=73) not available, trying Charger 17 (fid=35)",1324.5390777143266,17,,
Car 530,,,,,0,switch,,"Charger 0 (fid=308440) not available, trying Charger 15 (fid=57)",1324.5771073166172,15,,
Car 481,,,,,3,switch,,"Charger 3 (fid=307905) not available, trying Charger 4 (fid=308108)",1324.8598487817794,4,,
Car 504,,,,,14,switch,,"Charger 14 (fid=34) not available, trying Charger 11 (fid=33)",1325.2199450467065,11,,
Car 508,,,,,3,switch,,"Charger 3 (fid=307905) not available, trying Charger 6 (fid=60)",1325.8909484864826,6,,
Car 531,,,,116,,arrived,,arrived,1326.1548263728148,,,
Car 477,,,,,9,switch,,"Charger 9 (fid=86) not available, trying Charger 4 (fid=308108)",1326.3830897706969,4,,
Car 514,,,,,7,switch,,"Charger 7 (fid=31) not available, trying Charger 10 (fid=30)",1326.7938957379881,10,,
Car 517,,,,,19,switch,,"Charger 19 (fid=37) not available, trying Charger 7 (fid=31)",1326.8743692263743,7,,
Car 478,,,,,9,switch,,"Charger 9 (fid=86) not available, trying Charger 4 (fid=308108)",1326.8868287071484,4,,
Car 495,,,,,12,switch,,"Charger 12 (fid=40) not available, trying Charger 4 (fid=308108)",1326.9361826952074,4,,
Car 472,85.0,35,17,,,done,,done charging,1327.065089243406,,,387.2602537075258
Car 531,,35,17,,,start_charge,,starting to charge at Charger 17 (fid=35),1327.065089243406,,0.9102628705911684,
Car 509,,,,,1,switch,,"Charger 1 (fid=308702) not available, trying Charger 11 (fid=33)",1327.0851489059964,11,,
Car 489,,,,,2,switch,,"Charger 2 (fid=307904) not available, trying Charger 3 (fid=307905)",1328.205314946773,3,,
Car 520,,,,,7,switch,,"Charger 7 (fid=31) not available, trying Charger 6 (fid=60)",1328.2572666495364,6,,
Car 523,,,,,3,switch,,"Charger 3 (fid=307905) not available, trying Charger 12 (fid=40)",1328.8425501661663,12,,
Car 494,,,,,19,switch,,"Charger 19 (fid=37) not available, trying Charger 11 (fid=33)",1328.8989916564651,11,,
Car 527,,,,,15,switch,,"Charger 15 (fid=57) not available, trying Charger 17 (fid=35)",1329.2284480147127,17,,
Car 532,,,,60,,arrived,,arrived,1329.3841836049805,,,
Car 505,,,,,11,switch,,"Charger 11 (fid=33) not available, trying Charger 8 (fid=32)",1329.458911090213,8,,
Car 518,,,,,6,switch,,"Charger 6 (fid=60) not available, trying Charger 2 (fid=307904)",1329.8126103506397,2,,
Car 525,,,,,15,switch,,"Charger 15 (fid=57) not available, trying Charger 2 (fid=307904)",1329.8558790547897,2,,
Car 468,,,,,5,switch,,"Charger 5 (fid=73) not available, trying Charger 19 (fid=37)",1329.9421878370213,19,,
Car 461,108.0,35,17,,,done,,done charging,1330.6367205802092,,,565.1288779069713
Car 511,,35,17,,,start_charge,,starting to charge at Charger 17 (fid=35),1330.6367205802092,,42.20383591289669,
Car 504,,,,,11,switch,,"Charger 11 (fid=33) not available, trying Charger 8 (fid=32)",1331.1064604456813,8,,
Car 530,,,,,15,switch,,"Charger 15 (fid=57) not available, trying Charger 17 (fid=35)",1331.3166816320802,17,,
Car 506,,,,,4,switch,,"Charger 4 (fid=308108) not available, trying Charger 1 (fid=308702)",1331.5168083333865,1,,
Car 428,81.0,31,7,,,done,,done charging,1331.6906994539768,,,616.723768738326
Car 515,,31,7,,,start_charge,,starting to charge at Charger 7 (fid=31),1331.6906994539768,,36.61275233663582,
Car 528,,,,,12,switch,,"Charger 12 (fid=40) not available, trying Charger 4 (fid=308108)",1332.210877180885,4,,
Car 514,,,,,10,switch,,"Charger 10 (fid=30) not available, trying Charger 14 (fid=34)",1332.618581988792,14,,
Car 491,,,,,4,switch,,"Charger 4 (fid=308108) not available, trying Charger 18 (fid=64)",1332.8232815977121,18,,
Car 481,,,,,4,switch,,"Charger 4 (fid=308108) not available, trying Charger 18 (fid=64)",1333.3823186280315,18,,
Car 489,,,,,3,switch,,"Charger 3 (fid=307905) not available, trying Charger 4 (fid=308108)",1333.468941128337,4,,
Car 477,,,,,4,switch,,"Charger 4 (fid=308108) not available, trying Charger 18 (fid=64)",1333.7560198070673,18,,
Car 509,,,,,11,switch,,"Charger 11 (fid=33) not available, trying Charger 8 (fid=32)",1333.8467561803097,8,,
Car 478,,,,,4,switch,,"Charger 4 (fid=308108) not available, trying Charger 18 (fid=64)",1334.259758743519,18,,
Car 532,,,,,6,switch,,"Charger 6 (fid=60) not available, trying Charger 12 (fid=40)",1334.3841836049805,12,,
Car 507,,,,,0,switch,,"Charger 0 (fid=308440) not available, trying Charger 4 (fid=308108)",1334.5467647450268,4,,
Car 533,,,,68,,arrived,,arrived,1334.5703213974791,,,
Car 505,,,,,8,switch,,"Charger 8 (fid=32) not available, trying Charger 9 (fid=86)",1334.7280097665616,9,,
Car 519,,,,,16,switch,,"Charger 16 (fid=8) not available, trying Charger 5 (fid=73)",1334.8730525365127,5,,
Car 508,,,,,6,switch,,"Charger 6 (fid=60) not available, trying Charger 11 (fid=33)",1334.9094418308068,11,,
Car 459,94.0,308440,0,,,done,,done charging,1335.11984171185,,,372.19578970139935
Car 533,,308440,0,,,start_charge,,starting to charge at Charger 0 (fid=308440),1335.11984171185,,0.5495203143709659,
Car 517,,,,,7,switch,,"Charger 7 (fid=31) not available, trying Charger 10 (fid=30)",1335.455838064757,10,,
Car 527,,,,,17,switch,,"Charger 17 (fid=35) not available, trying Charger 7 (fid=31)",1335.5980502705838,7,,
Car 468,,,,,19,switch,,"Charger 19 (fid=37) not available, trying Charger 13 (fid=5)",1336.0168514352506,13,,
Car 495,,,,,4,switch,,"Charger 4 (fid=308108) not available, trying Charger 9 (fid=86)",1336.051274504047,9,,
Car 504,,,,,8,switch,,"Charger 8 (fid=32) not available, trying Charger 2 (fid=307904)",1336.37555912203,2,,
Car 534,,,,14,,arrived,,arrived,1337.4635711487213,,,
Car 530,,,,,17,switch,,"Charger 17 (fid=35) not available, trying Charger 7 (fid=31)",1337.6862838879513,7,,
Car 514,,,,,14,switch,,"Charger 14 (fid=34) not available, trying Charger 17 (fid=35)",1337.805322899687,17,,
Car 523,,,,,12,switch,,"Charger 12 (fid=40) not available, trying Charger 6 (fid=60)",1338.3734795875848,6,,
Car 498,,,,,18,switch,,"Charger 18 (fid=64) not available, trying Charger 7 (fid=31)",1338.4402491251935,7,,
Car 494,,,,,11,switch,,"Charger 11 (fid=33) not available, trying Charger 8 (fid=32)",1338.5386661701768,8,,
Car 518,,,,,2,switch,,"Charger 2 (fid=307904) not available, trying Charger 3 (fid=307905)",1338.814766863343,3,,
Car 525,,,,,2,switch,,"Charger 2 (fid=307904) not available, trying Charger 3 (fid=307905)",1338.8346173272357,3,,
Car 535,,,,37,,arrived,,arrived,1338.9534851200874,,,
Car 509,,,,,8,switch,,"Charger 8 (fid=32) not available, trying Charger 5 (fid=73)",1339.1158548566584,5,,
Car 520,,,,,6,switch,,"Charger 6 (fid=60) not available, trying Charger 2 (fid=307904)",1339.2600846455848,2,,
Car 491,,,,,18,switch,,"Charger 18 (fid=64) not available, trying Charger 9 (fid=86)",1339.66421838953,9,,
Car 463,48.0,40,12,,,done,,done charging,1339.9548892386292,,,453.5164326202654
Car 532,,40,12,,,start_charge,,starting to charge at Charger 12 (fid=40),1339.9548892386292,,8.242363891846026,
Car 481,,,,,18,switch,,"Charger 18 (fid=64) not available, trying Charger 9 (fid=86)",1340.2232554198495,9,,
Car 477,,,,,,gave_up,18,"no alternate charger available, gave up",1340.5969565988853,,,
Car 451,48.0,308108,4,,,done,,done charging,1340.873198882884,,,495.7694436031053
Car 528,,308108,4,,,start_charge,,starting to charge at Charger 4 (fid=308108),1340.873198882884,,14.54722989315951,
Car 476,101.0,34,14,,,done,,done charging,1340.8811447134483,,,256.23086236088943
Car 478,,,,,,gave_up,18,"no alternate charger available, gave up",1341.1006955353369,,,
Car 517,,,,,10,switch,,"Charger 10 (fid=30) not available, trying Charger 14 (fid=34)",1341.2805243155608,14,,
Car 517,,34,14,,,start_charge,,starting to charge at Charger 14 (fid=34),1341.467265226456,,50.0,
Car 489,,,,,4,switch,,"Charger 4 (fid=308108) not available, trying Charger 18 (fid=64)",1341.9914109745891,18,,
Car 534,,,,,17,switch,,"Charger 17 (fid=35) not available, trying Charger 15 (fid=57)",1342.4635711487213,15,,
Car 519,,,,,5,switch,,"Charger 5 (fid=73) not available, trying Charger 17 (fid=35)",1342.723778735438,17,,
Car 468,,,,,13,switch,,"Charger 13 (fid=5) not available, trying Charger 16 (fid=8)",1342.8039540763693,16,,
Car 499,110.0,307905,3,,,done,,done charging,1342.9746403925797,,,257.4386277757834
Car 518,,307905,3,,,start_charge,,starting to charge at Charger 3 (fid=307905),1342.9746403925797,,48.89624734767244,
Car 495,,,,,9,switch,,"Charger 9 (fid=86) not available, trying Charger 18 (fid=64)",1343.4242045404173,18,,
Car 494,,,,,8,switch,,"Charger 8 (fid=32) not available, trying Charger 16 (fid=8)",1343.8077648465255,16,,
Car 535,,,,,19,switch,,"Charger 19 (fid=37) not available, trying Charger 5 (fid=73)",1343.9534851200874,5,,
Car 525,,,,,3,switch,,"Charger 3 (fid=307905) not available, trying Charger 7 (fid=31)",1344.0982435088,7,,
Car 527,,,,,7,switch,,"Charger 7 (fid=31) not available, trying Charger 10 (fid=30)",1344.803821080335,10,,
Car 506,,,,,1,switch,,"Charger 1 (fid=308702) not available, trying Charger 7 (fid=31)",1344.9148844636338,7,,
Car 536,,,,60,,arrived,,arrived,1345.1871226712444,,,
Car 523,,,,,6,switch,,"Charger 6 (fid=60) not available, trying Charger 17 (fid=35)",1345.7018213293875,17,,
Car 530,,,,,7,switch,,"Charger 7 (fid=31) not available, trying Charger 10 (fid=30)",1346.8920546977024,10,,
Car 507,,,,,4,switch,,"Charger 4 (fid=308108) not available, trying Charger 1 (fid=308702)",1346.9082237880746,1,,
Car 508,,,,,11,switch,,"Charger 11 (fid=33) not available, trying Charger 8 (fid=32)",1346.970465502184,8,,
Car 514,,,,,17,switch,,"Charger 17 (fid=35) not available, trying Charger 0 (fid=308440)",1347.2404791907236,0,,
Car 491,,,,,,gave_up,9,"no alternate charger available, gave up",1347.2472301418802,,,
Car 481,,,,,,gave_up,9,"no alternate charger available, gave up",1347.8062671721996,,,
Car 430,101.0,40,12,,,done,,done charging,1347.9244500827103,,,427.6378463754947
Car 520,,,,,2,switch,,"Charger 2 (fid=307904) not available, trying Charger 3 (fid=307905)",1348.2622411582881,3,,
Car 489,,,,,18,switch,,"Charger 18 (fid=64) not available, trying Charger 9 (fid=86)",1348.832347766407,9,,
Car 534,,,,,15,switch,,"Charger 15 (fid=57) not available, trying Charger 0 (fid=308440)",1348.8331734045923,0,,
Car 504,,,,,2,switch,,"Charger 2 (fid=307904) not available, trying Charger 3 (fid=307905)",1348.9475985332497,3,,
Car 509,,,,,5,switch,,"Charger 5 (fid=73) not available, trying Charger 19 (fid=37)",1349.4502893150511,19,,
Car 485,86.0,73,5,,,done,,done charging,1349.4748871512184,,,504.3395672348788
Car 535,,73,5,,,start_charge,,starting to charge at Charger 5 (fid=73),1349.4748871512184,,9.446738432901611,
Car 505,,,,,9,switch,,"Charger 9 (fid=86) not available, trying Charger 13 (fid=5)",1350.12692272942,13,,
Car 536,,,,,6,switch,,"Charger 6 (fid=60) not available, trying Charger 12 (fid=40)",1350.1871226712444,12,,
Car 506,,,,,7,switch,,"Charger 7 (fid=31) not available, trying Charger 18 (fid=64)",1350.6182860626184,18,,
Car 527,,,,,10,switch,,"Charger 10 (fid=30) not available, trying Charger 14 (fid=34)",1350.6285073311387,14,,
Car 468,,,,,,gave_up,16,"no alternate charger available, gave up",1350.739322015989,,,
Car 495,,,,,,gave_up,18,"no alternate charger available, gave up",1351.0072162927675,,,
Car 519,,,,,17,switch,,"Charger 17 (fid=35) not available, trying Charger 19 (fid=37)",1351.6175856884238,19,,
Car 508,,,,,8,switch,,"Charger 8 (fid=32) not available, trying Charger 13 (fid=5)",1352.2395641785326,13,,
Car 536,,40,12,,,start_charge,,starting to charge at Charger 12 (fid=40),1352.515464413047,,5.0,
Car 530,,,,,10,switch,,"Charger 10 (fid=30) not available, trying Charger 14 (fid=34)",1352.7167409485062,14,,
Car 498,,,,,7,switch,,"Charger 7 (fid=31) not available, trying Charger 10 (fid=30)",1353.1183444878059,10,,
Car 520,,,,,3,switch,,"Charger 3 (fid=307905) not available, trying Charger 13 (fid=5)",1353.5258673398523,13,,
Car 523,,,,,17,switch,,"Charger 17 (fid=35) not available, trying Charger 5 (fid=73)",1353.927074698529,5,,
Car 514,,,,,0,switch,,"Charger 0 (fid=308440) not available, trying Charger 11 (fid=33)",1354.1762194724897,11,,
Car 504,,,,,3,switch,,"Charger 3 (fid=307905) not available, trying Charger 4 (fid=308108)",1354.2112247148139,4,,
Car 494,,,,,16,switch,,"Charger 16 (fid=8) not available, trying Charger 13 (fid=5)",1354.6480057613571,13,,
Car 537,,,,58,,arrived,,arrived,1354.850962895645,,,
Car 521,49.0,30,10,,,done,,done charging,1355.3681831719994,,,183.31735305293157
Car 498,,30,10,,,start_charge,,starting to charge at Charger 10 (fid=30),1355.3681831719994,,76.42515243338971,
Car 509,,,,,19,switch,,"Charger 19 (fid=37) not available, trying Charger 12 (fid=40)",1355.5249529132805,12,,
Car 534,,,,,0,switch,,"Charger 0 (fid=308440) not available, trying Charger 2 (fid=307904)",1355.5727477200553,2,,
Car 525,,,,,7,switch,,"Charger 7 (fid=31) not available, trying Charger 6 (fid=60)",1355.8116554426442,6,,
Car 527,,,,,14,switch,,"Charger 14 (fid=34) not available, trying Charger 1 (fid=308702)",1355.815248242034,1,,
Car 502,67.0,308702,1,,,done,,done charging,1355.9906787882185,,,336.5257403984233
Car 507,,308702,1,,,start_charge,,starting to charge at Charger 1 (fid=308702),1355.9906787882185,,60.68437886989659,
Car 489,,,,,,gave_up,9,"no alternate charger available, gave up",1356.4153595187572,,,
Car 530,,,,,14,switch,,"Charger 14 (fid=34) not available, trying Charger 1 (fid=308702)",1357.9034818594014,1,,
Car 537,,,,,18,switch,,"Charger 18 (fid=64) not available, trying Charger 4 (fid=308108)",1359.850962895645,4,,
Car 519,,,,,19,switch,,"Charger 19 (fid=37) not available, trying Charger 9 (fid=86)",1360.715750359941,9,,
Car 513,64.0,5,13,,,done,,done charging,1360.8779781579876,,,240.09463136289696
Car 508,,5,13,,,start_charge,,starting to charge at Charger 13 (fid=5),1360.8779781579876,,74.81697636098761,
Car 527,,,,,1,switch,,"Charger 1 (fid=308702) not available, trying Charger 11 (fid=33)",1361.9480681881655,11,,
Car 466,73.0,32,8,,,done,,done charging,1362.475675385065,,,401.79091892381075
Car 494,,,,,,gave_up,13,"no alternate charger available, gave up",1362.5833737009768,,,
Car 488,72.0,60,6,,,done,,done charging,1362.6416486082232,,,525.2436728919015
Car 525,,60,6,,,start_charge,,starting to charge at Charger 6 (fid=60),1362.6416486082232,,30.82717516953062,
Car 500,63.0,308440,0,,,done,,done charging,1362.6539383435493,,,465.61670218752363
Car 504,,,,,4,switch,,"Charger 4 (fid=308108) not available, trying Charger 18 (fid=64)",1362.733694561066,18,,
Car 523,,,,,5,switch,,"Charger 5 (fid=73) not available, trying Charger 15 (fid=57)",1362.8208816515148,15,,
Car 514,,,,,11,switch,,"Charger 11 (fid=33) not available, trying Charger 8 (fid=32)",1362.9076983739253,8,,
Car 514,,32,8,,,start_charge,,starting to charge at Charger 8 (fid=32),1363.176797050274,,65.0,
Car 530,,,,,1,switch,,"Charger 1 (fid=308702) not available, trying Charger 11 (fid=33)",1364.036301805533,11,,
Car 505,,,,,13,switch,,"Charger 13 (fid=5) not available, trying Charger 16 (fid=8)",1364.73599852943,16,,
Car 534,,,,,2,switch,,"Charger 2 (fid=307904) not available, trying Charger 3 (fid=307905)",1364.9092352189487,3,,
Car 538,,,,37,,arrived,,arrived,1365.2915047931422,,,
Car 506,,,,,18,switch,,"Charger 18 (fid=64) not available, trying Charger 10 (fid=30)",1365.2963814252307,10,,
Car 509,,,,,12,switch,,"Charger 12 (fid=40) not available, trying Charger 9 (fid=86)",1365.3966994382306,9,,
Car 520,,,,,13,switch,,"Charger 13 (fid=5) not available, trying Charger 10 (fid=30)",1365.7055110117742,10,,
Car 492,97.0,34,14,,,done,,done charging,1365.8626182031767,,,360.09732686054133
Car 482,107.0,60,6,,,done,,done charging,1366.055997804847,,,393.6404108549025
Car 455,71.0,33,11,,,done,,done charging,1366.1604552334147,,,706.7799198837682
Car 527,,33,11,,,start_charge,,starting to charge at Charger 11 (fid=33),1366.1604552334147,,37.450779770935924,
Car 537,,,,,4,switch,,"Charger 4 (fid=308108) not available, trying Charger 9 (fid=86)",1366.6918996874629,9,,
Car 539,,,,37,,arrived,,arrived,1368.2634178800065,,,
Car 504,,,,,18,switch,,"Charger 18 (fid=64) not available, trying Charger 9 (fid=86)",1369.574631352884,9,,
Car 497,66.0,8,16,,,done,,done charging,1369.7376164608281,,,529.8504381737437
Car 505,,8,16,,,start_charge,,starting to charge at Charger 16 (fid=8),1369.7376164608281,,87.06624999177848,
Car 534,,,,,3,switch,,"Charger 3 (fid=307905) not available, trying Charger 5 (fid=73)",1370.1728614005128,5,,
Car 538,,,,,19,switch,,"Charger 19 (fid=37) not available, trying Charger 5 (fid=73)",1370.2915047931422,5,,
Car 438,110.0,64,18,,,done,,done charging,1370.3312823075992,,,463.0479314514651
Car 523,,,,,15,switch,,"Charger 15 (fid=57) not available, trying Charger 19 (fid=37)",1370.6877648209172,19,,
Car 530,,,,,11,switch,,"Charger 11 (fid=33) not available, trying Charger 8 (fid=32)",1370.7979090798462,8,,
Car 457,72.0,308108,4,,,done,,done charging,1371.6590083971057,,,550.6582636384428
Car 539,,,,,19,switch,,"Charger 19 (fid=37) not available, trying Charger 5 (fid=73)",1373.2634178800065,5,,
Car 540,,,,61,,arrived,,arrived,1373.8605188490124,,,
Car 540,,60,6,,,start_charge,,starting to charge at Charger 6 (fid=60),1373.8605188490124,,0.0,
Car 537,,,,,9,switch,,"Charger 9 (fid=86) not available, trying Charger 12 (fid=40)",1374.0648297238333,12,,
Car 519,,,,,9,switch,,"Charger 9 (fid=86) not available, trying Charger 15 (fid=57)",1374.0740102314192,15,,
Car 520,,,,,10,switch,,"Charger 10 (fid=30) not available, trying Charger 14 (fid=34)",1374.9574209330353,14,,
Car 520,,34,14,,,start_charge,,starting to charge at Charger 14 (fid=34),1375.1441618439305,,60.0,
Car 421,116.0,5,13,,,done,,done charging,1375.7021138667335,,,811.6398262402171
Car 530,,,,,8,switch,,"Charger 8 (fid=32) not available, trying Charger 5 (fid=73)",1376.067007756195,5,,
Car 509,,,,,9,switch,,"Charger 9 (fid=86) not available, trying Charger 13 (fid=5)",1376.2806394712622,13,,
Car 538,,,,,5,switch,,"Charger 5 (fid=73) not available, trying Charger 13 (fid=5)",1376.3661683913715,13,,
Car 522,60.0,8,16,,,done,,done charging,1376.627848021796,,,357.8784563704295
Car 541,,,,1,,arrived,,arrived,1376.740703489737,,,
Car 452,95.0,64,18,,,done,,done charging,1376.8527457815662,,,616.2179648479906
Car 504,,,,,,gave_up,9,"no alternate charger available, gave up",1377.157643105234,,,
Car 450,86.0,86,9,,,done,,done charging,1378.33593792441,,,696.2430472941311
Car 523,,,,,19,switch,,"Charger 19 (fid=37) not available, trying Charger 16 (fid=8)",1378.6843035475092,16,,
Car 538,,5,13,,,start_charge,,starting to charge at Charger 13 (fid=5),1378.8312394776422,,10.0,
Car 510,93.0,57,15,,,done,,done charging,1379.2010791925009,,,299.60881247267764
Car 539,,,,,5,switch,,"Charger 5 (fid=73) not available, trying Charger 13 (fid=5)",1379.3380814782358,13,,
Car 511,49.0,35,17,,,done,,done charging,1379.6367205802092,,,484.0686160571506
Car 506,,,,,10,switch,,"Charger 10 (fid=30) not available, trying Charger 14 (fid=34)",1380.3329079750924,14,,
Car 524,79.0,73,5,,,done,,done charging,1380.7491469246202,,,62.537028395157705
Car 534,,73,5,,,start_charge,,starting to charge at Charger 5 (fid=73),1380.7491469246202,,29.930167152647755,
Car 519,,57,15,,,start_charge,,starting to charge at Charger 15 (fid=57),1380.8796220555037,,55.0,
Car 542,,,,59,,arrived,,arrived,1381.2329772385067,,,
Car 542,,308108,4,,,start_charge,,starting to charge at Charger 4 (fid=308108),1381.2329772385067,,0.0,
Car 490,67.0,308702,1,,,done,,done charging,1381.6593949740657,,,777.9995078354991
Car 474,71.0,31,7,,,done,,done charging,1381.6599424055053,,,475.4956854609625
Car 541,,,,,2,switch,,"Charger 2 (fid=307904) not available, trying Charger 3 (fid=307905)",1381.740703489737,3,,
Car 523,,8,16,,,start_charge,,starting to charge at Charger 16 (fid=8),1381.7654467551959,,55.0,
Car 543,,,,10,,arrived,,arrived,1382.7753406141585,,,
Car 544,,,,29,,arrived,,arrived,1384.3926689618916,,,
Car 545,,,,21,,arrived,,arrived,1384.675267205612,,,
Car 537,,,,,12,switch,,"Charger 12 (fid=40) not available, trying Charger 2 (fid=307904)",1384.948769756865,2,,
Car 506,,,,,14,switch,,"Charger 14 (fid=34) not available, trying Charger 9 (fid=86)",1385.5196488859876,9,,
Car 530,,,,,5,switch,,"Charger 5 (fid=73) not available, trying Charger 2 (fid=307904)",1386.4014422145876,2,,
Car 516,108.0,33,11,,,done,,done charging,1386.4843900430917,,,96.50415837727523
Car 539,,,,,13,switch,,"Charger 13 (fid=5) not available, trying Charger 15 (fid=57)",1386.8031525645065,15,,
Car 541,,,,,3,switch,,"Charger 3 (fid=307905) not available, trying Charger 4 (fid=308108)",1387.004329671301,4,,
Car 517,46.0,34,14,,,done,,done charging,1387.467265226456,,,369.4485190433453
Car 543,,,,,16,switch,,"Charger 16 (fid=8) not available, trying Charger 5 (fid=73)",1387.7753406141585,5,,
Car 546,,,,73,,arrived,,arrived,1387.9340286260283,,,
Car 467,65.0,30,10,,,done,,done charging,1388.302969081117,,,683.9653185466516
Car 544,,30,10,,,start_charge,,starting to charge at Charger 10 (fid=30),1388.302969081117,,3.9103001192254396,
Car 545,,,,,2,switch,,"Charger 2 (fid=307904) not available, trying Charger 3 (fid=307905)",1389.675267205612,3,,
Car 509,,,,,13,switch,,"Charger 13 (fid=5) not available, trying Charger 16 (fid=8)",1390.8897152712723,16,,
Car 546,,,,,5,switch,,"Charger 5 (fid=73) not available, trying Charger 19 (fid=37)",1392.9340286260283,19,,
Car 537,,,,,2,switch,,"Charger 2 (fid=307904) not available, trying Charger 3 (fid=307905)",1394.4633623466625,3,,
Car 545,,,,,3,switch,,"Charger 3 (fid=307905) not available, trying Charger 17 (fid=35)",1394.9388933871762,17,,
Car 506,,86,9,,,start_charge,,starting to charge at Charger 9 (fid=86),1395.2729830211351,,85.0,
Car 541,,,,,4,switch,,"Charger 4 (fid=308108) not available, trying Charger 9 (fid=86)",1395.5267995175532,9,,
Car 543,,,,,5,switch,,"Charger 5 (fid=73) not available, trying Charger 6 (fid=60)",1395.6260668130838,6,,
Car 539,,,,,15,switch,,"Charger 15 (fid=57) not available, trying Charger 16 (fid=8)",1395.8887378704565,16,,
Car 530,,,,,2,switch,,"Charger 2 (fid=307904) not available, trying Charger 3 (fid=307905)",1397.0312237544265,3,,
Car 441,117.0,86,9,,,done,,done charging,1397.3985620755484,,,696.2430472941311
Car 545,,35,17,,,start_charge,,starting to charge at Charger 17 (fid=35),1397.7907826770595,,10.0,
Car 541,,86,9,,,start_charge,,starting to charge at Charger 9 (fid=86),1397.8997295539236,,15.0,
Car 536,46.0,40,12,,,done,,done charging,1398.515464413047,,,193.9508670921604
Car 509,,,,,16,switch,,"Charger 16 (fid=8) not available, trying Charger 4 (fid=308108)",1398.825083210892,4,,
Car 546,,,,,19,switch,,"Charger 19 (fid=37) not available, trying Charger 13 (fid=5)",1399.0086922242576,13,,
Car 537,,,,,3,switch,,"Charger 3 (fid=307905) not available, trying Charger 6 (fid=60)",1399.7269885282267,6,,
Car 530,,,,,3,switch,,"Charger 3 (fid=307905) not available, trying Charger 19 (fid=37)",1402.2948499359907,19,,
Car 543,,,,,6,switch,,"Charger 6 (fid=60) not available, trying Charger 19 (fid=37)",1403.6552558346034,19,,
Car 512,90.0,37,19,,,done,,done charging,1404.369312493384,,,318.8400670785616
Car 539,,,,,16,switch,,"Charger 16 (fid=8) not available, trying Charger 1 (fid=308702)",1405.0814783080436,1,,
Car 546,,,,,13,switch,,"Charger 13 (fid=5) not available, trying Charger 16 (fid=8)",1405.7957948653764,16,,
Car 543,,37,19,,,start_charge,,starting to charge at Charger 19 (fid=37),1407.008363815755,,15.0,
Car 537,,,,,6,switch,,"Charger 6 (fid=60) not available, trying Charger 17 (fid=35)",1408.745481872551,17,,
Car 539,,308702,1,,,start_charge,,starting to charge at Charger 1 (fid=308702),1409.9306322320317,,25.0,
Car 509,,,,,4,switch,,"Charger 4 (fid=308108) not available, trying Charger 18 (fid=64)",1410.4997969641,18,,
Car 496,97.0,307904,2,,,done,,done charging,1410.6323161883774,,,571.0609361868159
Car 525,49.0,60,6,,,done,,done charging,1411.6416486082232,,,326.8671988821962
Car 528,71.0,308108,4,,,done,,done charging,1411.873198882884,,,353.2045540454778
Car 509,,64,18,,,start_charge,,starting to charge at Charger 18 (fid=64),1412.3407337559179,,95.0,
Car 530,,,,,19,switch,,"Charger 19 (fid=37) not available, trying Charger 6 (fid=60)",1413.2648872670823,6,,
Car 535,64.0,73,5,,,done,,done charging,1413.4748871512184,,,89.51947773250689
Car 546,,,,,16,switch,,"Charger 16 (fid=8) not available, trying Charger 15 (fid=57)",1413.731162804996,15,,
Car 507,58.0,308702,1,,,done,,done charging,1413.9906787882185,,,450.69484581953367
Car 532,76.0,40,12,,,done,,done charging,1415.9548892386292,,,193.9508670921604
Car 530,,60,6,,,start_charge,,starting to charge at Charger 6 (fid=60),1416.617995248234,,65.0,
Car 537,,,,,17,switch,,"Charger 17 (fid=35) not available, trying Charger 5 (fid=73)",1416.9707352416924,5,,
Car 498,62.0,30,10,,,done,,done charging,1417.3681831719994,,,508.7379995875145
Car 537,,73,5,,,start_charge,,starting to charge at Charger 5 (fid=73),1420.8645421946783,,40.0,
Car 546,,,,,15,switch,,"Charger 15 (fid=57) not available, trying Charger 6 (fid=60)",1422.9239032425833,6,,
Car 518,81.0,307905,3,,,done,,done charging,1423.9746403925797,,,332.78975616876215
Car 515,96.0,31,7,,,done,,done charging,1427.6906994539768,,,298.33635423728964
Car 529,111.0,37,19,,,done,,done charging,1428.9911556280197,,,33.04470625133857
Car 519,49.0,57,15,,,done,,done charging,1429.8796220555037,,,442.74451414058905
Car 546,,,,,6,switch,,"Charger 6 (fid=60) not available, trying Charger 17 (fid=35)",1431.8152341679438,17,,
Car 544,46.0,30,10,,,done,,done charging,1434.302969081117,,,21.000109280887493
Car 493,113.0,32,8,,,done,,done charging,1435.107692824239,,,404.31974849192767
Car 526,119.0,57,15,,,done,,done charging,1437.1263858123293,,,87.33236362241504
