car,charge_time,charger_fid,charger_id,destination_fid,from_charger_id,kind,last_charger_id,msg,t,to_charger_id,waited,walking_dist_m
Car 0,,,,74,,arrived,,arrived,15.5350050175778,,,
Car 0,,307904,2,,,start_charge,,starting to charge at Charger 2 (fid=307904),15.5350050175778,,0.0,
Car 1,,,,4,,arrived,,arrived,25.2342948498507,,,
Car 1,,60,6,,,start_charge,,starting to charge at Charger 6 (fid=60),25.2342948498507,,0.0,
Car 2,,,,52,,arrived,,arrived,30.67648328211651,,,
Car 2,,,,,2,switch,,"Charger 2 (fid=307904) not available, trying Charger 3 (fid=307905)",35.67648328211651,3,,
Car 2,,307905,3,,,start_charge,,starting to charge at Charger 3 (fid=307905),35.94010946368058,,4.9999999999999964,
Car 3,,,,33,,arrived,,arrived,45.477264176418146,,,
Car 3,,33,11,,,start_charge,,starting to charge at Charger 11 (fid=33),45.477264176418146,,0.0,
Car 4,,,,60,,arrived,,arrived,50.665311091502886,,,
Car 4,,60,6,,,start_charge,,starting to charge at Charger 6 (fid=60),50.665311091502886,,0.0,
Car 5,,,,54,,arrived,,arrived,78.19876356473564,,,
Car 5,,57,15,,,start_charge,,starting to charge at Charger 15 (fid=57),78.19876356473564,,0.0,
Car 6,,,,11,,arrived,,arrived,84.29604824702486,,,
Car 7,,,,62,,arrived,,arrived,88.59581724914135,,,
Car 6,,,,,6,switch,,"Charger 6 (fid=60) not available, trying Charger 5 (fid=73)",89.29604824702486,5,,
Car 6,,73,5,,,start_charge,,starting to charge at Charger 5 (fid=73),92.32523726854441,,5.0,
Car 7,,,,,6,switch,,"Charger 6 (fid=60) not available, trying Charger 12 (fid=40)",93.59581724914135,12,,
Car 8,,,,117,,arrived,,arrived,95.00292236730186,,,
Car 7,,40,12,,,start_charge,,starting to charge at Charger 12 (fid=40),95.924158990944,,5.0,
Car 8,,,,,2,switch,,"Charger 2 (fid=307904) not available, trying Charger 3 (fid=307905)",100.00292236730186,3,,
Car 8,,,,,3,switch,,"Charger 3 (fid=307905) not available, trying Charger 0 (fid=308440)",105.26654854886593,0,,
Car 9,,,,116,,arrived,,arrived,107.02791534208636,,,
Car 9,,308440,0,,,start_charge,,starting to charge at Charger 0 (fid=308440),107.02791534208636,,0.0,
Car 0,94.0,307904,2,,,done,,done charging,109.5350050175778,,,284.65712019666825
Car 8,,308440,0,,,start_charge,,starting to charge at Charger 0 (fid=308440),109.61937287938,,10.0,
Car 1,98.0,60,6,,,done,,done charging,123.2342948498507,,,180.72136149700506
Car 3,83.0,33,11,,,done,,done charging,128.47726417641815,,,21.017187829072068
Car 10,,,,35,,arrived,,arrived,136.91027066398223,,,
Car 10,,57,15,,,start_charge,,starting to charge at Charger 15 (fid=57),136.91027066398223,,0.0,
Car 4,90.0,60,6,,,done,,done charging,140.66531109150287,,,39.826269693187264
Car 2,110.0,307905,3,,,done,,done charging,145.94010946368059,,,142.9848189940665
Car 5,72.0,57,15,,,done,,done charging,150.19876356473566,,,62.45338735224125
Car 11,,,,15,,arrived,,arrived,150.28121134904342,,,
Car 11,,40,12,,,start_charge,,starting to charge at Charger 12 (fid=40),150.28121134904342,,0.0,
Car 7,57.0,40,12,,,done,,done charging,152.924158990944,,,172.87542108317126
Car 12,,,,50,,arrived,,arrived,157.1021398005199,,,
Car 12,,40,12,,,start_charge,,starting to charge at Charger 12 (fid=40),157.1021398005199,,0.0,
Car 13,,,,37,,arrived,,arrived,165.34825224943344,,,
Car 13,,73,5,,,start_charge,,starting to charge at Charger 5 (fid=73),165.34825224943344,,0.0,
Car 6,81.0,73,5,,,done,,done charging,173.3252372685444,,,173.53830834201761
Car 14,,,,61,,arrived,,arrived,174.4867731117201,,,
Car 14,,60,6,,,start_charge,,starting to charge at Charger 6 (fid=60),174.4867731117201,,0.0,
Car 8,77.0,308440,0,,,done,,done charging,186.61937287938,,,356.88647617447367
Car 15,,,,33,,arrived,,arrived,195.03038048174642,,,
Car 15,,33,11,,,start_charge,,starting to charge at Charger 11 (fid=33),195.03038048174642,,0.0,
Car 10,63.0,57,15,,,done,,done charging,199.91027066398223,,,114.0878679140641
Car 11,54.0,40,12,,,done,,done charging,204.28121134904342,,,324.1659937557984
Car 9,113.0,308440,0,,,done,,done charging,220.02791534208637,,,174.58820199753484
Car 13,57.0,73,5,,,done,,done charging,222.34825224943344,,,89.51947773250689
Car 16,,,,46,,arrived,,arrived,228.61303415979538,,,
Car 16,,308702,1,,,start_charge,,starting to charge at Charger 1 (fid=308702),228.61303415979538,,0.0,
Car 17,,,,28,,arrived,,arrived,234.12995702637497,,,
Car 17,,57,15,,,start_charge,,starting to charge at Charger 15 (fid=57),234.12995702637497,,0.0,
Car 18,,,,22,,arrived,,arrived,234.58477535809442,,,
Car 18,,31,7,,,start_charge,,starting to charge at Charger 7 (fid=31),234.58477535809442,,0.0,
Car 19,,,,72,,arrived,,arrived,238.96712856225918,,,
Car 19,,57,15,,,start_charge,,starting to charge at Charger 15 (fid=57),238.96712856225918,,0.0,
Car 12,87.0,40,12,,,done,,done charging,244.1021398005199,,,55.35955402533605
Car 20,,,,71,,arrived,,arrived,258.60885415915993,,,
Car 14,85.0,60,6,,,done,,done charging,259.48677311172014,,,183.80015979005304
Car 20,,,,,15,switch,,"Charger 15 (fid=57) not available, trying Charger 0 (fid=308440)",263.60885415915993,0,,
Car 20,,308440,0,,,start_charge,,starting to charge at Charger 0 (fid=308440),265.348428474623,,5.0,
Car 15,71.0,33,11,,,done,,done charging,266.0303804817464,,,21.017187829072068
Car 21,,,,62,,arrived,,arrived,281.03903591492644,,,
Car 21,,60,6,,,start_charge,,starting to charge at Charger 6 (fid=60),281.03903591492644,,0.0,
Car 22,,,,25,,arrived,,arrived,283.7899048956077,,,
Car 22,,308440,0,,,start_charge,,starting to charge at Charger 0 (fid=308440),283.7899048956077,,0.0,
Car 23,,,,71,,arrived,,arrived,293.9302972780796,,,
Car 19,56.0,57,15,,,done,,done charging,294.9671285622592,,,83.64874120762752
Car 23,,57,15,,,start_charge,,starting to charge at Charger 15 (fid=57),294.9671285622592,,1.0368312841795841,
Car 24,,,,17,,arrived,,arrived,306.04207248410194,,,
Car 24,,,,,15,switch,,"Charger 15 (fid=57) not available, trying Charger 2 (fid=307904)",311.04207248410194,2,,
Car 24,,307904,2,,,start_charge,,starting to charge at Charger 2 (fid=307904),315.0208107565479,,5.0,
Car 25,,,,21,,arrived,,arrived,315.6295386235176,,,
Car 25,,,,,0,switch,,"Charger 0 (fid=308440) not available, trying Charger 15 (fid=57)",320.6295386235176,15,,
Car 21,45.0,60,6,,,done,,done charging,326.03903591492644,,,108.72370347984227
Car 26,,,,78,,arrived,,arrived,326.050310127227,,,
Car 26,,73,5,,,start_charge,,starting to charge at Charger 5 (fid=73),326.050310127227,,0.0,
Car 25,,,,,15,switch,,"Charger 15 (fid=57) not available, trying Charger 7 (fid=31)",327.36911293898066,7,,
Car 27,,,,8,,arrived,,arrived,328.3285629271628,,,
Car 27,,73,5,,,start_charge,,starting to charge at Charger 5 (fid=73),328.3285629271628,,0.0,
Car 28,,,,4,,arrived,,arrived,328.620586593163,,,
Car 28,,5,13,,,start_charge,,starting to charge at Charger 13 (fid=5),328.620586593163,,0.0,
Car 25,,31,7,,,start_charge,,starting to charge at Charger 7 (fid=31),331.11753615936664,,10.0,
Car 16,106.0,308702,1,,,done,,done charging,334.61303415979535,,,141.9503146929267
Car 29,,,,9,,arrived,,arrived,336.65321840662807,,,
Car 29,,,,,5,switch,,"Charger 5 (fid=73) not available, trying Charger 6 (fid=60)",341.65321840662807,6,,
Car 29,,60,6,,,start_charge,,starting to charge at Charger 6 (fid=60),344.6824074281476,,5.0,
Car 17,111.0,57,15,,,done,,done charging,345.129957026375,,,150.07004231890562
Car 18,115.0,31,7,,,done,,done charging,349.5847753580944,,,103.30096956659214
Car 30,,,,32,,arrived,,arrived,351.9185956662984,,,
Car 30,,57,15,,,start_charge,,starting to charge at Charger 15 (fid=57),351.9185956662984,,0.0,
Car 31,,,,57,,arrived,,arrived,354.78066319427387,,,
Car 32,,,,18,,arrived,,arrived,357.99638206624553,,,
Car 31,,,,,15,switch,,"Charger 15 (fid=57) not available, trying Charger 0 (fid=308440)",359.78066319427387,0,,
Car 33,,,,60,,arrived,,arrived,360.06856915886567,,,
Car 33,,60,6,,,start_charge,,starting to charge at Charger 6 (fid=60),360.06856915886567,,0.0,
Car 34,,,,8,,arrived,,arrived,360.84250200984116,,,
Car 20,96.0,308440,0,,,done,,done charging,361.348428474623,,,103.02087371671979
Car 31,,308440,0,,,start_charge,,starting to charge at Charger 0 (fid=308440),361.52023750973694,,5.0,
Car 32,,,,,15,switch,,"Charger 15 (fid=57) not available, trying Charger 0 (fid=308440)",362.99638206624553,0,,
Car 35,,,,36,,arrived,,arrived,364.8267491131521,,,
Car 34,,,,,5,switch,,"Charger 5 (fid=73) not available, trying Charger 13 (fid=5)",365.84250200984116,13,,
Car 24,53.0,307904,2,,,done,,done charging,368.0208107565479,,,195.70595856928733
Car 34,,5,13,,,start_charge,,starting to charge at Charger 13 (fid=5),368.30757309611187,,5.0,
Car 32,,,,,0,switch,,"Charger 0 (fid=308440) not available, trying Charger 2 (fid=307904)",369.7359563817086,2,,
Car 35,,,,,15,switch,,"Charger 15 (fid=57) not available, trying Charger 0 (fid=308440)",369.8267491131521,0,,
Car 22,87.0,308440,0,,,done,,done charging,370.7899048956077,,,113.2555742822028
Car 36,,,,32,,arrived,,arrived,371.46402549014346,,,
Car 35,,308440,0,,,start_charge,,starting to charge at Charger 0 (fid=308440),371.5663234286152,,5.0,
Car 32,,307904,2,,,start_charge,,starting to charge at Charger 2 (fid=307904),374.0724438806019,,10.0,
Car 37,,,,82,,arrived,,arrived,374.3169557169132,,,
Car 37,,86,9,,,start_charge,,starting to charge at Charger 9 (fid=86),374.3169557169132,,0.0,
Car 38,,,,62,,arrived,,arrived,374.6346526132279,,,
Car 36,,,,,15,switch,,"Charger 15 (fid=57) not available, trying Charger 0 (fid=308440)",376.46402549014346,0,,
Car 39,,,,51,,arrived,,arrived,379.2032762803527,,,
Car 39,,40,12,,,start_charge,,starting to charge at Charger 12 (fid=40),379.2032762803527,,0.0,
Car 40,,,,68,,arrived,,arrived,379.5122617648434,,,
Car 38,,,,,6,switch,,"Charger 6 (fid=60) not available, trying Charger 12 (fid=40)",379.6346526132279,12,,
Car 23,86.0,57,15,,,done,,done charging,380.9671285622592,,,87.33236362241504
Car 38,,40,12,,,start_charge,,starting to charge at Charger 12 (fid=40),381.96299435503056,,5.0,
Car 36,,,,,0,switch,,"Charger 0 (fid=308440) not available, trying Charger 2 (fid=307904)",383.20359980560653,2,,
Car 41,,,,4,,arrived,,arrived,383.9294125334561,,,
Car 40,,,,,0,switch,,"Charger 0 (fid=308440) not available, trying Charger 15 (fid=57)",384.5122617648434,15,,
Car 40,,57,15,,,start_charge,,starting to charge at Charger 15 (fid=57),386.2518360803065,,5.0,
Car 42,,,,86,,arrived,,arrived,386.8781742861342,,,
Car 42,,86,9,,,start_charge,,starting to charge at Charger 9 (fid=86),386.8781742861342,,0.0,
Car 41,,,,,13,switch,,"Charger 13 (fid=5) not available, trying Charger 5 (fid=73)",388.9294125334561,5,,
Car 26,63.0,73,5,,,done,,done charging,389.050310127227,,,287.882502015274
Car 43,,,,68,,arrived,,arrived,389.61467198791945,,,
Car 44,,,,30,,arrived,,arrived,390.4764385512344,,,
Car 41,,73,5,,,start_charge,,starting to charge at Charger 5 (fid=73),391.3944836197268,,5.0,
Car 36,,,,,2,switch,,"Charger 2 (fid=307904) not available, trying Charger 3 (fid=307905)",392.5400873044998,3,,
Car 36,,307905,3,,,start_charge,,starting to charge at Charger 3 (fid=307905),392.8037134860639,,15.0,
Car 45,,,,88,,arrived,,arrived,392.9219582301354,,,
Car 46,,,,83,,arrived,,arrived,394.0506444372403,,,
Car 43,,,,,0,switch,,"Charger 0 (fid=308440) not available, trying Charger 15 (fid=57)",394.61467198791945,15,,
Car 44,,,,,15,switch,,"Charger 15 (fid=57) not available, trying Charger 0 (fid=308440)",395.4764385512344,0,,
Car 45,,,,,9,switch,,"Charger 9 (fid=86) not available, trying Charger 4 (fid=308108)",397.9219582301354,4,,
Car 46,,,,,2,switch,,"Charger 2 (fid=307904) not available, trying Charger 3 (fid=307905)",399.0506444372403,3,,
Car 47,,,,60,,arrived,,arrived,400.089192073911,,,
Car 45,,308108,4,,,start_charge,,starting to charge at Charger 4 (fid=308108),400.29488826650595,,5.0,
Car 43,,,,,15,switch,,"Charger 15 (fid=57) not available, trying Charger 7 (fid=31)",401.3542463033825,7,,
Car 44,,,,,0,switch,,"Charger 0 (fid=308440) not available, trying Charger 2 (fid=307904)",402.2160128666975,2,,
Car 48,,,,52,,arrived,,arrived,403.18228118423724,,,
Car 46,,,,,3,switch,,"Charger 3 (fid=307905) not available, trying Charger 0 (fid=308440)",404.31427061880436,0,,
Car 47,,,,,6,switch,,"Charger 6 (fid=60) not available, trying Charger 12 (fid=40)",405.089192073911,12,,
Car 43,,31,7,,,start_charge,,starting to charge at Charger 7 (fid=31),405.1026695237685,,10.0,
Car 48,,,,,2,switch,,"Charger 2 (fid=307904) not available, trying Charger 3 (fid=307905)",408.18228118423724,3,,
Car 49,,,,8,,arrived,,arrived,408.1907681567922,,,
Car 50,,,,52,,arrived,,arrived,408.30166962078135,,,
Car 51,,,,87,,arrived,,arrived,409.490698628894,,,
Car 44,,,,,2,switch,,"Charger 2 (fid=307904) not available, trying Charger 3 (fid=307905)",411.5525003655908,3,,
Car 52,,,,2,,arrived,,arrived,412.05616652956684,,,
Car 52,,308108,4,,,start_charge,,starting to charge at Charger 4 (fid=308108),412.05616652956684,,0.0,
Car 53,,,,10,,arrived,,arrived,412.22827392651925,,,
Car 47,,,,,12,switch,,"Charger 12 (fid=40) not available, trying Charger 5 (fid=73)",412.4175338157137,5,,
Car 49,,,,,5,switch,,"Charger 5 (fid=73) not available, trying Charger 13 (fid=5)",413.1907681567922,13,,
Car 50,,,,,2,switch,,"Charger 2 (fid=307904) not available, trying Charger 3 (fid=307905)",413.30166962078135,3,,
Car 48,,,,,3,switch,,"Charger 3 (fid=307905) not available, trying Charger 4 (fid=308108)",413.4459073658013,4,,
Car 28,85.0,5,13,,,done,,done charging,413.620586593163,,,74.00372403072134
Car 46,,,,,0,switch,,"Charger 0 (fid=308440) not available, trying Charger 15 (fid=57)",413.6670949493184,15,,
Car 51,,,,,9,switch,,"Charger 9 (fid=86) not available, trying Charger 4 (fid=308108)",414.490698628894,4,,
Car 49,,5,13,,,start_charge,,starting to charge at Charger 13 (fid=5),415.6558392430629,,5.0,
Car 44,,,,,3,switch,,"Charger 3 (fid=307905) not available, trying Charger 5 (fid=73)",416.81612654715485,5,,
Car 53,,,,,5,switch,,"Charger 5 (fid=73) not available, trying Charger 6 (fid=60)",417.22827392651925,6,,
Car 54,,,,38,,arrived,,arrived,418.0524150174086,,,
Car 50,,,,,3,switch,,"Charger 3 (fid=307905) not available, trying Charger 4 (fid=308108)",418.5652958023454,4,,
Car 46,,,,,15,switch,,"Charger 15 (fid=57) not available, trying Charger 9 (fid=86)",420.4066692647815,9,,
Car 31,60.0,308440,0,,,done,,done charging,421.52023750973694,,,144.90654047807305
Car 51,,,,,4,switch,,"Charger 4 (fid=308108) not available, trying Charger 2 (fid=307904)",421.86362866526457,2,,
Car 47,,,,,5,switch,,"Charger 5 (fid=73) not available, trying Charger 15 (fid=57)",421.96536138103176,15,,
Car 48,,,,,4,switch,,"Charger 4 (fid=308108) not available, trying Charger 12 (fid=40)",421.96837721205344,12,,
Car 54,,,,,13,switch,,"Charger 13 (fid=5) not available, trying Charger 1 (fid=308702)",423.0524150174086,1,,
Car 53,,,,,6,switch,,"Charger 6 (fid=60) not available, trying Charger 13 (fid=5)",425.2574629480388,13,,
Car 55,,,,37,,arrived,,arrived,425.3894616717356,,,
Car 56,,,,8,,arrived,,arrived,426.5434707558662,,,
Car 54,,308702,1,,,start_charge,,starting to charge at Charger 1 (fid=308702),426.6075283748285,,5.0,
Car 50,,,,,4,switch,,"Charger 4 (fid=308108) not available, trying Charger 12 (fid=40)",427.08776564859755,12,,
Car 44,,,,,5,switch,,"Charger 5 (fid=73) not available, trying Charger 6 (fid=60)",427.4622449186145,6,,
Car 47,,,,,15,switch,,"Charger 15 (fid=57) not available, trying Charger 2 (fid=307904)",429.83224455043415,2,,
Car 27,102.0,73,5,,,done,,done charging,430.3285629271628,,,237.46549237048123
Car 55,,73,5,,,start_charge,,starting to charge at Charger 5 (fid=73),430.3285629271628,,4.939101255427204,
Car 51,,,,,2,switch,,"Charger 2 (fid=307904) not available, trying Charger 3 (fid=307905)",430.369761679896,3,,
Car 38,49.0,40,12,,,done,,done charging,430.96299435503056,,,172.87542108317126
Car 48,,40,12,,,start_charge,,starting to charge at Charger 12 (fid=40),430.96299435503056,,19.87952533413761,
Car 57,,,,89,,arrived,,arrived,431.20377169533333,,,
Car 58,,,,4,,arrived,,arrived,431.36347971326137,,,
Car 56,,,,,5,switch,,"Charger 5 (fid=73) not available, trying Charger 13 (fid=5)",431.5434707558662,13,,
Car 46,,,,,9,switch,,"Charger 9 (fid=86) not available, trying Charger 6 (fid=60)",432.2122810888661,6,,
Car 53,,,,,13,switch,,"Charger 13 (fid=5) not available, trying Charger 12 (fid=40)",434.8613868577222,12,,
Car 44,,,,,6,switch,,"Charger 6 (fid=60) not available, trying Charger 7 (fid=31)",435.491433940134,7,,
Car 51,,,,,3,switch,,"Charger 3 (fid=307905) not available, trying Charger 12 (fid=40)",435.63338786146005,12,,
Car 42,49.0,86,9,,,done,,done charging,435.8781742861342,,,115.87729385102658
Car 57,,86,9,,,start_charge,,starting to charge at Charger 9 (fid=86),435.8781742861342,,4.674402590800867,
Car 50,,,,,12,switch,,"Charger 12 (fid=40) not available, trying Charger 6 (fid=60)",436.20285745743706,6,,
Car 58,,,,,6,switch,,"Charger 6 (fid=60) not available, trying Charger 2 (fid=307904)",436.36347971326137,2,,
Car 59,,,,63,,arrived,,arrived,436.5380472787276,,,
Car 60,,,,61,,arrived,,arrived,437.41977014416545,,,
Car 47,,,,,2,switch,,"Charger 2 (fid=307904) not available, trying Charger 3 (fid=307905)",438.81098282288013,3,,
Car 56,,,,,13,switch,,"Charger 13 (fid=5) not available, trying Charger 6 (fid=60)",439.00854184213694,6,,
Car 59,,,,,13,switch,,"Charger 13 (fid=5) not available, trying Charger 5 (fid=73)",441.5380472787276,5,,
Car 40,56.0,57,15,,,done,,done charging,442.2518360803065,,,148.33079478344064
Car 60,,,,,6,switch,,"Charger 6 (fid=60) not available, trying Charger 12 (fid=40)",442.41977014416545,12,,
Car 61,,,,4,,arrived,,arrived,443.09406875835964,,,
Car 46,,,,,6,switch,,"Charger 6 (fid=60) not available, trying Charger 4 (fid=308108)",443.2360993812059,4,,
Car 37,69.0,86,9,,,done,,done charging,443.3169557169132,,,127.87735588674548
Car 62,,,,61,,arrived,,arrived,443.4777630140775,,,
Car 50,,,,,6,switch,,"Charger 6 (fid=60) not available, trying Charger 9 (fid=86)",443.5311991992397,9,,
Car 47,,,,,3,switch,,"Charger 3 (fid=307905) not available, trying Charger 4 (fid=308108)",444.0746090044442,4,,
Car 51,,,,,12,switch,,"Charger 12 (fid=40) not available, trying Charger 6 (fid=60)",445.1643172828784,6,,
Car 58,,,,,2,switch,,"Charger 2 (fid=307904) not available, trying Charger 3 (fid=307905)",445.3656362259648,3,,
Car 53,,,,,12,switch,,"Charger 12 (fid=40) not available, trying Charger 15 (fid=57)",445.9839493112041,15,,
Car 44,,,,,7,switch,,"Charger 7 (fid=31) not available, trying Charger 10 (fid=30)",446.49425193618237,10,,
Car 63,,,,10,,arrived,,arrived,446.69934157653097,,,
Car 44,,30,10,,,start_charge,,starting to charge at Charger 10 (fid=30),447.31893818698626,,35.0,
Car 61,,,,,6,switch,,"Charger 6 (fid=60) not available, trying Charger 2 (fid=307904)",448.09406875835964,2,,
Car 25,117.0,31,7,,,done,,done charging,448.11753615936664,,,252.17365578911438
Car 62,,,,,6,switch,,"Charger 6 (fid=60) not available, trying Charger 12 (fid=40)",448.4777630140775,12,,
Car 64,,,,38,,arrived,,arrived,448.5918595205628,,,
Car 56,,,,,6,switch,,"Charger 6 (fid=60) not available, trying Charger 15 (fid=57)",448.61246575182037,15,,
Car 59,,,,,5,switch,,"Charger 5 (fid=73) not available, trying Charger 1 (fid=308702)",449.00311836499833,1,,
Car 50,,86,9,,,start_charge,,starting to charge at Charger 9 (fid=86),449.5550174915795,,25.0,
Car 60,,,,,12,switch,,"Charger 12 (fid=40) not available, trying Charger 5 (fid=73)",449.7481118859681,5,,
Car 58,,,,,3,switch,,"Charger 3 (fid=307905) not available, trying Charger 15 (fid=57)",450.62926240752887,15,,
Car 53,,57,15,,,start_charge,,starting to charge at Charger 15 (fid=57),451.39796615456726,,20.0,
Car 29,107.0,60,6,,,done,,done charging,451.6824074281476,,,220.30296197597224
Car 51,,60,6,,,start_charge,,starting to charge at Charger 6 (fid=60),451.6824074281476,,29.189748403466524,
Car 63,,,,,5,switch,,"Charger 5 (fid=73) not available, trying Charger 6 (fid=60)",451.69934157653097,6,,
Car 41,61.0,73,5,,,done,,done charging,452.3944836197268,,,188.18082415496804
Car 65,,,,4,,arrived,,arrived,452.4170164182194,,,
Car 66,,,,18,,arrived,,arrived,452.43599549688327,,,
Car 46,,,,,4,switch,,"Charger 4 (fid=308108) not available, trying Charger 7 (fid=31)",452.45866774238453,7,,
Car 47,,,,,4,switch,,"Charger 4 (fid=308108) not available, trying Charger 13 (fid=5)",452.59707885069633,13,,
Car 67,,,,72,,arrived,,arrived,452.8464546797054,,,
Car 59,,308702,1,,,start_charge,,starting to charge at Charger 1 (fid=308702),452.92419027194137,,10.0,
Car 68,,,,19,,arrived,,arrived,453.07603476543306,,,
Car 68,,308440,0,,,start_charge,,starting to charge at Charger 0 (fid=308440),453.07603476543306,,0.0,
Car 64,,,,,13,switch,,"Charger 13 (fid=5) not available, trying Charger 1 (fid=308702)",453.5918595205628,1,,
Car 60,,73,5,,,start_charge,,starting to charge at Charger 5 (fid=73),454.2959394512862,,10.0,
Car 69,,,,26,,arrived,,arrived,454.5390608498933,,,
Car 69,,33,11,,,start_charge,,starting to charge at Charger 11 (fid=33),454.5390608498933,,0.0,
Car 70,,,,56,,arrived,,arrived,455.2570238505262,,,
Car 71,,,,85,,arrived,,arrived,455.3880710118696,,,
Car 72,,,,21,,arrived,,arrived,455.77721169498636,,,
Car 62,,,,,12,switch,,"Charger 12 (fid=40) not available, trying Charger 5 (fid=73)",455.80610475588014,5,,
Car 73,,,,37,,arrived,,arrived,456.191137677683,,,
Car 74,,,,6,,arrived,,arrived,456.7663907921164,,,
Car 61,,,,,2,switch,,"Charger 2 (fid=307904) not available, trying Charger 3 (fid=307905)",457.0962252710631,3,,
Car 39,78.0,40,12,,,done,,done charging,457.2032762803527,,,156.75889370187915
Car 65,,,,,6,switch,,"Charger 6 (fid=60) not available, trying Charger 2 (fid=307904)",457.4170164182194,2,,
Car 66,,,,,15,switch,,"Charger 15 (fid=57) not available, trying Charger 0 (fid=308440)",457.43599549688327,0,,
Car 56,,,,,15,switch,,"Charger 15 (fid=57) not available, trying Charger 12 (fid=40)",457.503796677181,12,,
Car 67,,,,,15,switch,,"Charger 15 (fid=57) not available, trying Charger 0 (fid=308440)",457.8464546797054,0,,
Car 75,,,,4,,arrived,,arrived,459.3995633393777,,,
Car 58,,,,,15,switch,,"Charger 15 (fid=57) not available, trying Charger 12 (fid=40)",459.6243375115956,12,,
Car 63,,,,,6,switch,,"Charger 6 (fid=60) not available, trying Charger 13 (fid=5)",459.7285305980505,13,,
Car 70,,,,,15,switch,,"Charger 15 (fid=57) not available, trying Charger 0 (fid=308440)",460.2570238505262,0,,
Car 71,,,,,9,switch,,"Charger 9 (fid=86) not available, trying Charger 4 (fid=308108)",460.3880710118696,4,,
Car 72,,,,,0,switch,,"Charger 0 (fid=308440) not available, trying Charger 15 (fid=57)",460.77721169498636,15,,
Car 73,,,,,5,switch,,"Charger 5 (fid=73) not available, trying Charger 13 (fid=5)",461.191137677683,13,,
Car 46,,31,7,,,start_charge,,starting to charge at Charger 7 (fid=31),461.1951092492238,,35.0,
Car 74,,,,,6,switch,,"Charger 6 (fid=60) not available, trying Charger 2 (fid=307904)",461.7663907921164,2,,
Car 64,,,,,1,switch,,"Charger 1 (fid=308702) not available, trying Charger 5 (fid=73)",462.14697287798276,5,,
Car 76,,,,70,,arrived,,arrived,462.31700399126436,,,
Car 61,,,,,3,switch,,"Charger 3 (fid=307905) not available, trying Charger 15 (fid=57)",462.35985145262714,15,,
Car 77,,,,18,,arrived,,arrived,462.39368459201336,,,
Car 56,,40,12,,,start_charge,,starting to charge at Charger 12 (fid=40),462.91781352054414,,20.0,
Car 66,,,,,0,switch,,"Charger 0 (fid=308440) not available, trying Charger 2 (fid=307904)",464.17556981234634,2,,
Car 75,,,,,6,switch,,"Charger 6 (fid=60) not available, trying Charger 2 (fid=307904)",464.3995633393777,2,,
Car 67,,,,,0,switch,,"Charger 0 (fid=308440) not available, trying Charger 7 (fid=31)",464.5860289951685,7,,
Car 62,,,,,5,switch,,"Charger 5 (fid=73) not available, trying Charger 15 (fid=57)",465.3539323211982,15,,
Car 47,,,,,13,switch,,"Charger 13 (fid=5) not available, trying Charger 0 (fid=308440)",465.40490471954513,0,,
Car 78,,,,17,,arrived,,arrived,465.4562353179862,,,
Car 35,94.0,308440,0,,,done,,done charging,465.5663234286152,,,170.52989220743032
Car 70,,308440,0,,,start_charge,,starting to charge at Charger 0 (fid=308440),465.5663234286152,,8.569725262625923,
Car 65,,,,,2,switch,,"Charger 2 (fid=307904) not available, trying Charger 3 (fid=307905)",466.41917293092285,3,,
Car 30,115.0,57,15,,,done,,done charging,466.9185956662984,,,91.55081785523534
Car 76,,57,15,,,start_charge,,starting to charge at Charger 15 (fid=57),466.9185956662984,,4.601591675034058,
Car 77,,,,,15,switch,,"Charger 15 (fid=57) not available, trying Charger 0 (fid=308440)",467.39368459201336,0,,
Car 72,,,,,15,switch,,"Charger 15 (fid=57) not available, trying Charger 7 (fid=31)",467.51678601044944,7,,
Car 71,,,,,4,switch,,"Charger 4 (fid=308108) not available, trying Charger 2 (fid=307904)",467.7610010482402,2,,
Car 36,75.0,307905,3,,,done,,done charging,467.8037134860639,,,271.3767548167054
Car 65,,307905,3,,,start_charge,,starting to charge at Charger 3 (fid=307905),467.8037134860639,,11.120914373576966,
Car 73,,,,,13,switch,,"Charger 13 (fid=5) not available, trying Charger 15 (fid=57)",468.6562087639537,15,,
Car 79,,,,86,,arrived,,arrived,468.6977225104727,,,
Car 80,,,,15,,arrived,,arrived,468.86801179748016,,,
Car 34,101.0,5,13,,,done,,done charging,469.30757309611187,,,244.51614937031866
Car 63,,5,13,,,start_charge,,starting to charge at Charger 13 (fid=5),469.30757309611187,,14.975118588377939,
Car 58,,,,,12,switch,,"Charger 12 (fid=40) not available, trying Charger 4 (fid=308108)",470.03835435495876,4,,
Car 78,,,,,1,switch,,"Charger 1 (fid=308702) not available, trying Charger 7 (fid=31)",470.4562353179862,7,,
Car 81,,,,33,,arrived,,arrived,470.5476133884109,,,
Car 81,,33,11,,,start_charge,,starting to charge at Charger 11 (fid=33),470.5476133884109,,0.0,
Car 74,,,,,2,switch,,"Charger 2 (fid=307904) not available, trying Charger 3 (fid=307905)",470.76854730481983,3,,
Car 82,,,,77,,arrived,,arrived,470.96915791118204,,,
Car 64,,,,,5,switch,,"Charger 5 (fid=73) not available, trying Charger 7 (fid=31)",471.0680447849258,7,,
Car 61,,,,,15,switch,,"Charger 15 (fid=57) not available, trying Charger 12 (fid=40)",471.3549265566939,12,,
Car 67,,,,,7,switch,,"Charger 7 (fid=31) not available, trying Charger 5 (fid=73)",472.4593350871369,5,,
Car 83,,,,87,,arrived,,arrived,472.6062222493665,,,
Car 62,,,,,15,switch,,"Charger 15 (fid=57) not available, trying Charger 4 (fid=308108)",473.2208154906006,4,,
Car 75,,,,,2,switch,,"Charger 2 (fid=307904) not available, trying Charger 3 (fid=307905)",473.40171985208116,3,,
Car 66,,,,,2,switch,,"Charger 2 (fid=307904) not available, trying Charger 3 (fid=307905)",473.51205731123963,3,,
Car 79,,,,,9,switch,,"Charger 9 (fid=86) not available, trying Charger 4 (fid=308108)",473.6977225104727,4,,
Car 84,,,,55,,arrived,,arrived,473.7023380456005,,,
Car 80,,,,,15,switch,,"Charger 15 (fid=57) not available, trying Charger 0 (fid=308440)",473.86801179748016,0,,
Car 85,,,,61,,arrived,,arrived,473.8903872814727,,,
Car 77,,,,,0,switch,,"Charger 0 (fid=308440) not available, trying Charger 2 (fid=307904)",474.13325890747643,2,,
Car 33,115.0,60,6,,,done,,done charging,475.06856915886567,,,39.826269693187264
Car 82,,60,6,,,start_charge,,starting to charge at Charger 6 (fid=60),475.06856915886567,,4.0994112476836335,
Car 45,75.0,308108,4,,,done,,done charging,475.29488826650595,,,194.04377951206857
Car 58,,308108,4,,,start_charge,,starting to charge at Charger 4 (fid=308108),475.29488826650595,,26.141442102707686,
Car 86,,,,66,,arrived,,arrived,475.3849463892106,,,
Car 87,,,,50,,arrived,,arrived,475.40286095677686,,,
Car 47,,,,,0,switch,,"Charger 0 (fid=308440) not available, trying Charger 1 (fid=308702)",475.96208803001224,1,,
Car 88,,,,15,,arrived,,arrived,475.9700294536144,,,
Car 74,,,,,3,switch,,"Charger 3 (fid=307905) not available, trying Charger 15 (fid=57)",476.0321734863839,15,,
Car 78,,,,,7,switch,,"Charger 7 (fid=31) not available, trying Charger 10 (fid=30)",476.1596369169707,10,,
Car 72,,,,,7,switch,,"Charger 7 (fid=31) not available, trying Charger 10 (fid=30)",476.2652092308354,10,,
Car 71,,,,,2,switch,,"Charger 2 (fid=307904) not available, trying Charger 3 (fid=307905)",476.2671340628716,3,,
Car 78,,30,10,,,start_charge,,starting to charge at Charger 10 (fid=30),476.9843231677746,,10.0,
Car 83,,,,,9,switch,,"Charger 9 (fid=86) not available, trying Charger 4 (fid=308108)",477.6062222493665,4,,
Car 73,,,,,15,switch,,"Charger 15 (fid=57) not available, trying Charger 1 (fid=308702)",477.7417940699036,1,,
Car 89,,,,22,,arrived,,arrived,477.8303127584281,,,
Car 75,,,,,3,switch,,"Charger 3 (fid=307905) not available, trying Charger 15 (fid=57)",478.6653460336452,15,,
Car 84,,,,,15,switch,,"Charger 15 (fid=57) not available, trying Charger 0 (fid=308440)",478.7023380456005,0,,
Car 66,,,,,3,switch,,"Charger 3 (fid=307905) not available, trying Charger 5 (fid=73)",478.7756834928037,5,,
Car 85,,,,,6,switch,,"Charger 6 (fid=60) not available, trying Charger 12 (fid=40)",478.8903872814727,12,,
Car 64,,,,,7,switch,,"Charger 7 (fid=31) not available, trying Charger 11 (fid=33)",480.3274820684607,11,,
Car 86,,,,,6,switch,,"Charger 6 (fid=60) not available, trying Charger 12 (fid=40)",480.3849463892106,12,,
Car 87,,,,,12,switch,,"Charger 12 (fid=40) not available, trying Charger 6 (fid=60)",480.40286095677686,6,,
Car 80,,,,,0,switch,,"Charger 0 (fid=308440) not available, trying Charger 2 (fid=307904)",480.60758611294324,2,,
Car 88,,,,,12,switch,,"Charger 12 (fid=40) not available, trying Charger 4 (fid=308108)",480.9700294536144,4,,
Car 79,,,,,4,switch,,"Charger 4 (fid=308108) not available, trying Charger 2 (fid=307904)",481.0706525468433,2,,
Car 71,,,,,3,switch,,"Charger 3 (fid=307905) not available, trying Charger 12 (fid=40)",481.53076024443567,12,,
Car 90,,,,39,,arrived,,arrived,481.6018076797323,,,
Car 67,,,,,5,switch,,"Charger 5 (fid=73) not available, trying Charger 10 (fid=30)",481.7187723706718,10,,
Car 61,,,,,12,switch,,"Charger 12 (fid=40) not available, trying Charger 4 (fid=308108)",481.768943400057,4,,
Car 72,,,,,10,switch,,"Charger 10 (fid=30) not available, trying Charger 14 (fid=34)",482.0898954816393,14,,
Car 91,,,,13,,arrived,,arrived,482.1835222566892,,,
Car 72,,34,14,,,start_charge,,starting to charge at Charger 14 (fid=34),482.27663639253456,,20.0,
Car 92,,,,48,,arrived,,arrived,482.71404407193677,,,
Car 89,,,,,7,switch,,"Charger 7 (fid=31) not available, trying Charger 10 (fid=30)",482.8303127584281,10,,
Car 77,,,,,2,switch,,"Charger 2 (fid=307904) not available, trying Charger 3 (fid=307905)",483.4697464063697,3,,
Car 47,,,,,1,switch,,"Charger 1 (fid=308702) not available, trying Charger 7 (fid=31)",484.0725406574107,7,,
Car 62,,,,,4,switch,,"Charger 4 (fid=308108) not available, trying Charger 2 (fid=307904)",484.84576992675215,2,,
Car 93,,,,37,,arrived,,arrived,484.94237929179883,,,
Car 83,,,,,4,switch,,"Charger 4 (fid=308108) not available, trying Charger 2 (fid=307904)",484.9791522857371,2,,
Car 74,,,,,15,switch,,"Charger 15 (fid=57) not available, trying Charger 5 (fid=73)",485.02724859045065,5,,
Car 84,,,,,0,switch,,"Charger 0 (fid=308440) not available, trying Charger 5 (fid=73)",485.4419123610636,5,,
Car 94,,,,56,,arrived,,arrived,486.03645121296574,,,
Car 73,,,,,1,switch,,"Charger 1 (fid=308702) not available, trying Charger 6 (fid=60)",486.1518519136977,6,,
Car 85,,,,,12,switch,,"Charger 12 (fid=40) not available, trying Charger 5 (fid=73)",486.2187290232754,5,,
Car 90,,,,,6,switch,,"Charger 6 (fid=60) not available, trying Charger 12 (fid=40)",486.6018076797323,12,,
Car 64,,,,,11,switch,,"Charger 11 (fid=33) not available, trying Charger 8 (fid=32)",486.851942807344,8,,
Car 95,,,,24,,arrived,,arrived,487.02805759251106,,,
Car 64,,32,8,,,start_charge,,starting to charge at Charger 8 (fid=32),487.1210414836926,,25.0,
Car 91,,,,,7,switch,,"Charger 7 (fid=31) not available, trying Charger 10 (fid=30)",487.1835222566892,10,,
Car 75,,,,,15,switch,,"Charger 15 (fid=57) not available, trying Charger 12 (fid=40)",487.660421137712,12,,
Car 86,,,,,12,switch,,"Charger 12 (fid=40) not available, trying Charger 5 (fid=73)",487.71328813101326,5,,
Car 92,,,,,7,switch,,"Charger 7 (fid=31) not available, trying Charger 11 (fid=33)",487.71404407193677,11,,
Car 87,,,,,6,switch,,"Charger 6 (fid=60) not available, trying Charger 4 (fid=308108)",487.7312026985795,4,,
Car 52,76.0,308108,4,,,done,,done charging,488.05616652956684,,,133.51194051660465
Car 88,,308108,4,,,start_charge,,starting to charge at Charger 4 (fid=308108),488.05616652956684,,7.971045267112913,
Car 32,114.0,307904,2,,,done,,done charging,488.0724438806019,,,278.2164119235254
Car 79,,307904,2,,,start_charge,,starting to charge at Charger 2 (fid=307904),488.0724438806019,,13.495658319127187,
Car 89,,,,,10,switch,,"Charger 10 (fid=30) not available, trying Charger 14 (fid=34)",488.654999009232,14,,
Car 77,,,,,3,switch,,"Charger 3 (fid=307905) not available, trying Charger 5 (fid=73)",488.7333725879338,5,,
Car 96,,,,37,,arrived,,arrived,488.78150933473825,,,
Car 89,,34,14,,,start_charge,,starting to charge at Charger 14 (fid=34),488.8417399201272,,10.0,
Car 66,,,,,5,switch,,"Charger 5 (fid=73) not available, trying Charger 6 (fid=60)",489.42180186426333,6,,
Car 47,,,,,7,switch,,"Charger 7 (fid=31) not available, trying Charger 9 (fid=86)",489.7759422563952,9,,
Car 93,,,,,5,switch,,"Charger 5 (fid=73) not available, trying Charger 13 (fid=5)",489.94237929179883,13,,
Car 80,,,,,2,switch,,"Charger 2 (fid=307904) not available, trying Charger 3 (fid=307905)",489.94407361183653,3,,
Car 61,,,,,4,switch,,"Charger 4 (fid=308108) not available, trying Charger 5 (fid=73)",490.88403520889653,5,,
Car 94,,,,,15,switch,,"Charger 15 (fid=57) not available, trying Charger 0 (fid=308440)",491.03645121296574,0,,
Car 71,,,,,12,switch,,"Charger 12 (fid=40) not available, trying Charger 6 (fid=60)",491.06168966585403,6,,
Car 67,,,,,10,switch,,"Charger 10 (fid=30) not available, trying Charger 14 (fid=34)",491.33664084145613,14,,
Car 95,,,,,0,switch,,"Charger 0 (fid=308440) not available, trying Charger 15 (fid=57)",492.02805759251106,15,,
Car 74,,,,,5,switch,,"Charger 5 (fid=73) not available, trying Charger 12 (fid=40)",492.89413175985305,12,,
Car 91,,,,,10,switch,,"Charger 10 (fid=30) not available, trying Charger 14 (fid=34)",493.00820850749307,14,,
Car 97,,,,67,,arrived,,arrived,493.2276322120697,,,
Car 62,,,,,2,switch,,"Charger 2 (fid=307904) not available, trying Charger 3 (fid=307905)",493.35190294138357,3,,
Car 83,,,,,2,switch,,"Charger 2 (fid=307904) not available, trying Charger 3 (fid=307905)",493.4852853003685,3,,
Car 96,,,,,5,switch,,"Charger 5 (fid=73) not available, trying Charger 13 (fid=5)",493.78150933473825,13,,
Car 90,,,,,12,switch,,"Charger 12 (fid=40) not available, trying Charger 5 (fid=73)",493.93014942153496,5,,
Car 92,,,,,11,switch,,"Charger 11 (fid=33) not available, trying Charger 8 (fid=32)",494.2385048108201,8,,
Car 92,,32,8,,,start_charge,,starting to charge at Charger 8 (fid=32),494.50760348716864,,10.0,
Car 98,,,,28,,arrived,,arrived,494.5821373237114,,,
Car 84,,,,,5,switch,,"Charger 5 (fid=73) not available, trying Charger 1 (fid=308702)",494.70569137364134,1,,
Car 80,,,,,3,switch,,"Charger 3 (fid=307905) not available, trying Charger 6 (fid=60)",495.2076997934006,6,,
Car 85,,,,,5,switch,,"Charger 5 (fid=73) not available, trying Charger 15 (fid=57)",495.76655658859346,15,,
Car 55,66.0,73,5,,,done,,done charging,496.3285629271628,,,89.51947773250689
Car 86,,73,5,,,start_charge,,starting to charge at Charger 5 (fid=73),496.3285629271628,,14.067447230831476,
Car 67,,,,,14,switch,,"Charger 14 (fid=34) not available, trying Charger 1 (fid=308702)",496.5233817523514,1,,
Car 73,,,,,6,switch,,"Charger 6 (fid=60) not available, trying Charger 7 (fid=31)",496.81630453315415,7,,
Car 87,,,,,4,switch,,"Charger 4 (fid=308108) not available, trying Charger 2 (fid=307904)",496.95377105975814,2,,
Car 93,,,,,13,switch,,"Charger 13 (fid=5) not available, trying Charger 15 (fid=57)",497.40745037806954,15,,
Car 66,,,,,6,switch,,"Charger 6 (fid=60) not available, trying Charger 7 (fid=31)",497.45099088578286,7,,
Car 94,,,,,0,switch,,"Charger 0 (fid=308440) not available, trying Charger 5 (fid=73)",497.7760255284288,5,,
Car 75,,,,,12,switch,,"Charger 12 (fid=40) not available, trying Charger 4 (fid=308108)",498.0744379810751,4,,
Car 91,,,,,14,switch,,"Charger 14 (fid=34) not available, trying Charger 1 (fid=308702)",498.1949494183883,1,,
Car 97,,,,,15,switch,,"Charger 15 (fid=57) not available, trying Charger 1 (fid=308702)",498.2276322120697,1,,
Car 71,,,,,6,switch,,"Charger 6 (fid=60) not available, trying Charger 15 (fid=57)",498.3900314076567,15,,
Car 62,,,,,3,switch,,"Charger 3 (fid=307905) not available, trying Charger 13 (fid=5)",498.61552912294763,13,,
Car 83,,,,,3,switch,,"Charger 3 (fid=307905) not available, trying Charger 12 (fid=40)",498.74891148193257,12,,
Car 95,,,,,15,switch,,"Charger 15 (fid=57) not available, trying Charger 2 (fid=307904)",498.76763190797413,2,,
Car 57,63.0,86,9,,,done,,done charging,498.8781742861342,,,106.1674140039547
Car 47,,86,9,,,start_charge,,starting to charge at Charger 9 (fid=86),499.29989091025726,,55.0,
Car 77,,,,,5,switch,,"Charger 5 (fid=73) not available, trying Charger 6 (fid=60)",499.3794909593934,6,,
Car 98,,,,,7,switch,,"Charger 7 (fid=31) not available, trying Charger 11 (fid=33)",499.5821373237114,11,,
Car 54,73.0,308702,1,,,done,,done charging,499.6075283748285,,,221.54584266575003
Car 67,,308702,1,,,start_charge,,starting to charge at Charger 1 (fid=308702),499.6075283748285,,31.951326676345502,
Car 99,,,,72,,arrived,,arrived,499.95216895317935,,,
Car 96,,,,,13,switch,,"Charger 13 (fid=5) not available, trying Charger 15 (fid=57)",501.24658042100896,15,,
Car 61,,,,,5,switch,,"Charger 5 (fid=73) not available, trying Charger 0 (fid=308440)",502.1171261895814,0,,
Car 100,,,,73,,arrived,,arrived,502.2083964201112,,,
Car 74,,,,,12,switch,,"Charger 12 (fid=40) not available, trying Charger 0 (fid=308440)",502.4419593251711,0,,
Car 101,,,,1,,arrived,,arrived,503.47256455936963,,,
Car 90,,,,,5,switch,,"Charger 5 (fid=73) not available, trying Charger 4 (fid=308108)",503.47797698685304,4,,
Car 84,,,,,1,switch,,"Charger 1 (fid=308702) not available, trying Charger 7 (fid=31)",503.6267632805844,7,,
Car 85,,,,,15,switch,,"Charger 15 (fid=57) not available, trying Charger 4 (fid=308108)",503.63343975799586,4,,
Car 80,,,,,6,switch,,"Charger 6 (fid=60) not available, trying Charger 5 (fid=73)",504.2261931377248,5,,
Car 91,,,,,1,switch,,"Charger 1 (fid=308702) not available, trying Charger 0 (fid=308440)",504.32776936451995,0,,
Car 99,,,,,15,switch,,"Charger 15 (fid=57) not available, trying Charger 0 (fid=308440)",504.95216895317935,0,,
Car 87,,,,,2,switch,,"Charger 2 (fid=307904) not available, trying Charger 3 (fid=307905)",505.45990407438956,3,,
Car 49,90.0,5,13,,,done,,done charging,505.6558392430629,,,244.51614937031866
Car 62,,5,13,,,start_charge,,starting to charge at Charger 13 (fid=5),505.7951727948696,,35.0,
Car 98,,,,,11,switch,,"Charger 11 (fid=33) not available, trying Charger 8 (fid=32)",506.1065980625947,8,,
Car 93,,,,,15,switch,,"Charger 15 (fid=57) not available, trying Charger 1 (fid=308702)",506.49303568401945,1,,
Car 69,52.0,33,11,,,done,,done charging,506.5390608498933,,,53.74301665094826
Car 97,,,,,1,switch,,"Charger 1 (fid=308702) not available, trying Charger 5 (fid=73)",506.6376900558638,5,,
Car 102,,,,70,,arrived,,arrived,507.03378639786933,,,
Car 94,,,,,5,switch,,"Charger 5 (fid=73) not available, trying Charger 1 (fid=308702)",507.03980454100656,1,,
Car 75,,,,,4,switch,,"Charger 4 (fid=308108) not available, trying Charger 5 (fid=73)",507.1895297899146,5,,
Car 100,,,,,5,switch,,"Charger 5 (fid=73) not available, trying Charger 13 (fid=5)",507.2083964201112,13,,
Car 71,,,,,15,switch,,"Charger 15 (fid=57) not available, trying Charger 0 (fid=308440)",507.28136233301734,0,,
Car 77,,,,,6,switch,,"Charger 6 (fid=60) not available, trying Charger 7 (fid=31)",507.40867998091295,7,,
Car 95,,,,,2,switch,,"Charger 2 (fid=307904) not available, trying Charger 3 (fid=307905)",507.7463701804201,3,,
Car 73,,,,,7,switch,,"Charger 7 (fid=31) not available, trying Charger 10 (fid=30)",507.8191225292025,10,,
Car 83,,,,,12,switch,,"Charger 12 (fid=40) not available, trying Charger 6 (fid=60)",508.27984090335093,6,,
Car 66,,,,,7,switch,,"Charger 7 (fid=31) not available, trying Charger 10 (fid=30)",508.4538088818312,10,,
Car 101,,,,,2,switch,,"Charger 2 (fid=307904) not available, trying Charger 3 (fid=307905)",508.47256455936963,3,,
Car 50,59.0,86,9,,,done,,done charging,508.5550174915795,,,302.933922019303
Car 103,,,,24,,arrived,,arrived,509.18665211815,,,
Car 84,,,,,7,switch,,"Charger 7 (fid=31) not available, trying Charger 6 (fid=60)",509.3301648795689,6,,
Car 96,,,,,15,switch,,"Charger 15 (fid=57) not available, trying Charger 1 (fid=308702)",510.33216572695886,1,,
Car 87,,,,,3,switch,,"Charger 3 (fid=307905) not available, trying Charger 5 (fid=73)",510.7235302559536,5,,
Car 98,,,,,8,switch,,"Charger 8 (fid=32) not available, trying Charger 1 (fid=308702)",511.37569673894325,1,,
Car 61,,,,,0,switch,,"Charger 0 (fid=308440) not available, trying Charger 9 (fid=86)",511.38090520215917,9,,
Car 99,,,,,0,switch,,"Charger 0 (fid=308440) not available, trying Charger 7 (fid=31)",511.6917432686424,7,,
Car 102,,,,,15,switch,,"Charger 15 (fid=57) not available, trying Charger 0 (fid=308440)",512.0337863978693,0,,
Car 104,,,,38,,arrived,,arrived,512.0518780956435,,,
Car 80,,,,,5,switch,,"Charger 5 (fid=73) not available, trying Charger 7 (fid=31)",512.2553821592444,7,,
Car 91,,,,,0,switch,,"Charger 0 (fid=308440) not available, trying Charger 11 (fid=33)",512.4382219919185,11,,
Car 70,47.0,308440,0,,,done,,done charging,512.5663234286152,,,174.96928122495086
Car 74,,308440,0,,,start_charge,,starting to charge at Charger 0 (fid=308440),512.5663234286152,,33.97384265318465,
Car 95,,,,,3,switch,,"Charger 3 (fid=307905) not available, trying Charger 7 (fid=31)",513.0099963619841,7,,
Car 73,,,,,10,switch,,"Charger 10 (fid=30) not available, trying Charger 14 (fid=34)",513.6438087800063,14,,
Car 101,,,,,3,switch,,"Charger 3 (fid=307905) not available, trying Charger 4 (fid=308108)",513.7361907409337,4,,
Car 71,,,,,0,switch,,"Charger 0 (fid=308440) not available, trying Charger 5 (fid=73)",514.0209366484804,5,,
Car 103,,,,,0,switch,,"Charger 0 (fid=308440) not available, trying Charger 15 (fid=57)",514.18665211815,15,,
Car 66,,,,,10,switch,,"Charger 10 (fid=30) not available, trying Charger 14 (fid=34)",514.278495132635,14,,
Car 105,,,,4,,arrived,,arrived,514.43196220735,,,
Car 106,,,,40,,arrived,,arrived,514.5571768818925,,,
Car 100,,,,,13,switch,,"Charger 13 (fid=5) not available, trying Charger 15 (fid=57)",514.6734675063819,15,,
Car 90,,,,,4,switch,,"Charger 4 (fid=308108) not available, trying Charger 15 (fid=57)",514.7110679675379,15,,
Car 107,,,,43,,arrived,,arrived,514.7817006447364,,,
Car 93,,,,,1,switch,,"Charger 1 (fid=308702) not available, trying Charger 6 (fid=60)",514.9030935278136,6,,
Car 56,52.0,40,12,,,done,,done charging,514.9178135205441,,,357.8784563704295
Car 106,,40,12,,,start_charge,,starting to charge at Charger 12 (fid=40),514.9178135205441,,0.3606366386516129,
Car 85,,,,,4,switch,,"Charger 4 (fid=308108) not available, trying Charger 2 (fid=307904)",515.2583941941474,2,,
Car 97,,,,,5,switch,,"Charger 5 (fid=73) not available, trying Charger 7 (fid=31)",515.5587619628068,7,,
Car 83,,,,,6,switch,,"Charger 6 (fid=60) not available, trying Charger 15 (fid=57)",515.6081826451536,15,,
Car 94,,,,,1,switch,,"Charger 1 (fid=308702) not available, trying Charger 7 (fid=31)",515.9608764479497,7,,
Car 91,,33,11,,,start_charge,,starting to charge at Charger 11 (fid=33),516.169700893354,,25.000000000000057,
Car 108,,,,14,,arrived,,arrived,516.3803050652531,,,
Car 109,,,,28,,arrived,,arrived,516.7669863024428,,,
Car 104,,,,,13,switch,,"Charger 13 (fid=5) not available, trying Charger 1 (fid=308702)",517.0518780956435,1,,
Car 110,,,,46,,arrived,,arrived,517.8088404246884,,,
Car 111,,,,17,,arrived,,arrived,518.0999945946875,,,
Car 98,,,,,1,switch,,"Charger 1 (fid=308702) not available, trying Charger 10 (fid=30)",518.1540955127856,10,,
Car 77,,,,,7,switch,,"Charger 7 (fid=31) not available, trying Charger 10 (fid=30)",518.4114979769613,10,,
Car 75,,,,,5,switch,,"Charger 5 (fid=73) not available, trying Charger 0 (fid=308440)",518.4226207705996,0,,
Car 61,,86,9,,,start_charge,,starting to charge at Charger 9 (fid=86),518.544266252691,,40.0,
Car 96,,,,,1,switch,,"Charger 1 (fid=308702) not available, trying Charger 6 (fid=60)",518.7422235707529,6,,
Car 102,,,,,0,switch,,"Charger 0 (fid=308440) not available, trying Charger 7 (fid=31)",518.7733607133324,7,,
Car 73,,,,,14,switch,,"Charger 14 (fid=34) not available, trying Charger 0 (fid=308440)",518.8305496909015,0,,
Car 43,114.0,31,7,,,done,,done charging,519.1026695237686,,,242.77065176633693
Car 99,,31,7,,,start_charge,,starting to charge at Charger 7 (fid=31),519.1026695237686,,14.537620163157726,
Car 105,,,,,13,switch,,"Charger 13 (fid=5) not available, trying Charger 5 (fid=73)",519.43196220735,5,,
Car 66,,,,,14,switch,,"Charger 14 (fid=34) not available, trying Charger 1 (fid=308702)",519.4652360435302,1,,
Car 112,,,,5,,arrived,,arrived,519.6147227173433,,,
Car 107,,,,,7,switch,,"Charger 7 (fid=31) not available, trying Charger 11 (fid=33)",519.7817006447364,11,,
Car 84,,,,,6,switch,,"Charger 6 (fid=60) not available, trying Charger 2 (fid=307904)",520.3329828756172,2,,
Car 113,,,,37,,arrived,,arrived,520.8353479537354,,,
Car 103,,,,,15,switch,,"Charger 15 (fid=57) not available, trying Charger 2 (fid=307904)",520.9262264336131,2,,
Car 87,,,,,5,switch,,"Charger 5 (fid=73) not available, trying Charger 15 (fid=57)",521.3696486274133,15,,
Car 108,,,,,15,switch,,"Charger 15 (fid=57) not available, trying Charger 0 (fid=308440)",521.3803050652531,0,,
Car 80,,,,,7,switch,,"Charger 7 (fid=31) not available, trying Charger 12 (fid=40)",521.5148194427793,12,,
Car 94,,,,,7,switch,,"Charger 7 (fid=31) not available, trying Charger 10 (fid=30)",521.6642780469341,10,,
Car 109,,,,,15,switch,,"Charger 15 (fid=57) not available, trying Charger 0 (fid=308440)",521.7669863024428,0,,
Car 114,,,,4,,arrived,,arrived,521.8602384114744,,,
Car 101,,,,,4,switch,,"Charger 4 (fid=308108) not available, trying Charger 9 (fid=86)",522.2586605871859,9,,
Car 110,,,,,1,switch,,"Charger 1 (fid=308702) not available, trying Charger 7 (fid=31)",522.8088404246884,7,,
Car 111,,,,,1,switch,,"Charger 1 (fid=308702) not available, trying Charger 7 (fid=31)",523.0999945946875,7,,
Car 71,,,,,5,switch,,"Charger 5 (fid=73) not available, trying Charger 1 (fid=308702)",523.2847156610582,1,,
Car 100,,,,,15,switch,,"Charger 15 (fid=57) not available, trying Charger 6 (fid=60)",523.7590528123318,6,,
Car 85,,,,,2,switch,,"Charger 2 (fid=307904) not available, trying Charger 3 (fid=307905)",523.7645272087788,3,,
Car 115,,,,17,,arrived,,arrived,523.8893532474509,,,
Car 76,57.0,57,15,,,done,,done charging,523.9185956662984,,,91.46462322868368
Car 83,,57,15,,,start_charge,,starting to charge at Charger 15 (fid=57),523.9185956662984,,34.41908209578418,
Car 98,,,,,10,switch,,"Charger 10 (fid=30) not available, trying Charger 14 (fid=34)",524.2159282990195,14,,
Car 77,,,,,10,switch,,"Charger 10 (fid=30) not available, trying Charger 14 (fid=34)",524.2361842277652,14,,
Car 112,,,,,13,switch,,"Charger 13 (fid=5) not available, trying Charger 5 (fid=73)",524.6147227173433,5,,
Car 95,,,,,7,switch,,"Charger 7 (fid=31) not available, trying Charger 6 (fid=60)",524.7234082958283,6,,
Car 97,,,,,7,switch,,"Charger 7 (fid=31) not available, trying Charger 13 (fid=5)",524.8181992463417,13,,
Car 93,,,,,6,switch,,"Charger 6 (fid=60) not available, trying Charger 7 (fid=31)",525.56754614727,7,,
Car 66,,,,,1,switch,,"Charger 1 (fid=308702) not available, trying Charger 11 (fid=33)",525.5980559896618,11,,
Car 104,,,,,1,switch,,"Charger 1 (fid=308702) not available, trying Charger 5 (fid=73)",525.6069914530634,5,,
Car 113,,,,,5,switch,,"Charger 5 (fid=73) not available, trying Charger 13 (fid=5)",525.8353479537354,13,,
Car 107,,,,,11,switch,,"Charger 11 (fid=33) not available, trying Charger 8 (fid=32)",526.3061613836197,8,,
Car 90,,,,,15,switch,,"Charger 15 (fid=57) not available, trying Charger 2 (fid=307904)",526.3360224036895,2,,
Car 102,,,,,7,switch,,"Charger 7 (fid=31) not available, trying Charger 5 (fid=73)",526.6466668053008,5,,
Car 65,59.0,307905,3,,,done,,done charging,526.8037134860639,,,201.90547756079454
Car 85,,307905,3,,,start_charge,,starting to charge at Charger 3 (fid=307905),526.8037134860639,,32.77556009572106,
Car 114,,,,,6,switch,,"Charger 6 (fid=60) not available, trying Charger 2 (fid=307904)",526.8602384114744,2,,
Car 105,,,,,5,switch,,"Charger 5 (fid=73) not available, trying Charger 1 (fid=308702)",526.8970332936207,1,,
Car 73,,,,,0,switch,,"Charger 0 (fid=308440) not available, trying Charger 11 (fid=33)",526.9332412641554,11,,
Car 82,52.0,60,6,,,done,,done charging,527.0685691588657,,,158.42291775123473
Car 96,,60,6,,,start_charge,,starting to charge at Charger 6 (fid=60),527.0685691588657,,22.661892968656275,
Car 94,,,,,10,switch,,"Charger 10 (fid=30) not available, trying Charger 14 (fid=34)",527.488964297738,14,,
Car 116,,,,85,,arrived,,arrived,527.5995050478134,,,
Car 117,,,,117,,arrived,,arrived,527.6749783026346,,,
Car 75,,,,,0,switch,,"Charger 0 (fid=308440) not available, trying Charger 9 (fid=86)",527.6863997831773,9,,
Car 108,,,,,0,switch,,"Charger 0 (fid=308440) not available, trying Charger 2 (fid=307904)",528.1198793807162,2,,
Car 109,,,,,0,switch,,"Charger 0 (fid=308440) not available, trying Charger 2 (fid=307904)",528.5065606179058,2,,
Car 110,,,,,7,switch,,"Charger 7 (fid=31) not available, trying Charger 13 (fid=5)",528.5122420236728,13,,
Car 111,,,,,7,switch,,"Charger 7 (fid=31) not available, trying Charger 10 (fid=30)",528.8033961936719,10,,
Car 115,,,,,15,switch,,"Charger 15 (fid=57) not available, trying Charger 2 (fid=307904)",528.8893532474509,2,,
Car 118,,,,29,,arrived,,arrived,528.9547857920196,,,
Car 87,,,,,15,switch,,"Charger 15 (fid=57) not available, trying Charger 9 (fid=86)",529.2365317968157,9,,
Car 84,,,,,2,switch,,"Charger 2 (fid=307904) not available, trying Charger 3 (fid=307905)",529.3351393883206,3,,
Car 98,,,,,14,switch,,"Charger 14 (fid=34) not available, trying Charger 13 (fid=5)",529.4026692099147,13,,
Car 77,,,,,14,switch,,"Charger 14 (fid=34) not available, trying Charger 1 (fid=308702)",529.4229251386604,1,,
Car 101,,,,,9,switch,,"Charger 9 (fid=86) not available, trying Charger 12 (fid=40)",529.6315906235565,12,,
Car 103,,,,,2,switch,,"Charger 2 (fid=307904) not available, trying Charger 3 (fid=307905)",529.9049647060591,3,,
Car 53,79.0,57,15,,,done,,done charging,530.3979661545673,,,358.83534763906954
Car 119,,,,36,,arrived,,arrived,530.7046545402909,,,
Car 119,,57,15,,,start_charge,,starting to charge at Charger 15 (fid=57),530.7046545402909,,0.0,
Car 107,,,,,8,switch,,"Charger 8 (fid=32) not available, trying Charger 1 (fid=308702)",531.5752600599683,1,,
Car 112,,,,,5,switch,,"Charger 5 (fid=73) not available, trying Charger 1 (fid=308702)",532.0797938036139,1,,
Car 71,,,,,1,switch,,"Charger 1 (fid=308702) not available, trying Charger 7 (fid=31)",532.2057875680011,7,,
Car 66,,,,,11,switch,,"Charger 11 (fid=33) not available, trying Charger 8 (fid=32)",532.3596632639751,8,,
Car 116,,,,,9,switch,,"Charger 9 (fid=86) not available, trying Charger 4 (fid=308108)",532.5995050478134,4,,
Car 100,,,,,6,switch,,"Charger 6 (fid=60) not available, trying Charger 1 (fid=308702)",532.6503837376924,1,,
Car 117,,,,,2,switch,,"Charger 2 (fid=307904) not available, trying Charger 3 (fid=307905)",532.6749783026346,3,,
Car 94,,,,,14,switch,,"Charger 14 (fid=34) not available, trying Charger 2 (fid=307904)",532.6757052086332,2,,
Car 48,102.0,40,12,,,done,,done charging,532.9629943550306,,,290.4439689370899
Car 80,,40,12,,,start_charge,,starting to charge at Charger 12 (fid=40),532.9629943550306,,38.922670998200545,
Car 113,,,,,13,switch,,"Charger 13 (fid=5) not available, trying Charger 15 (fid=57)",533.3004190400061,15,,
Car 97,,,,,13,switch,,"Charger 13 (fid=5) not available, trying Charger 10 (fid=30)",533.6117022670423,10,,
Car 118,,,,,10,switch,,"Charger 10 (fid=30) not available, trying Charger 14 (fid=34)",533.9547857920196,14,,
Car 104,,,,,5,switch,,"Charger 5 (fid=73) not available, trying Charger 7 (fid=31)",534.5280633600064,7,,
Car 84,,,,,3,switch,,"Charger 3 (fid=307905) not available, trying Charger 13 (fid=5)",534.5987655698847,13,,
Car 120,,,,2,,arrived,,arrived,534.6009608819423,,,
Car 111,,,,,10,switch,,"Charger 10 (fid=30) not available, trying Charger 14 (fid=34)",534.6280824444758,14,,
Car 121,,,,115,,arrived,,arrived,535.0164730768473,,,
Car 103,,,,,3,switch,,"Charger 3 (fid=307905) not available, trying Charger 7 (fid=31)",535.1685908876232,7,,
Car 72,53.0,34,14,,,done,,done charging,535.2766363925346,,,271.2814663801955
Car 118,,34,14,,,start_charge,,starting to charge at Charger 14 (fid=34),535.2766363925346,,6.135109689619753,
Car 90,,,,,2,switch,,"Charger 2 (fid=307904) not available, trying Charger 3 (fid=307905)",535.3147606761355,3,,
Car 77,,,,,1,switch,,"Charger 1 (fid=308702) not available, trying Charger 11 (fid=33)",535.555745084792,11,,
Car 73,,,,,11,switch,,"Charger 11 (fid=33) not available, trying Charger 8 (fid=32)",535.664720165591,8,,
Car 95,,,,,6,switch,,"Charger 6 (fid=60) not available, trying Charger 10 (fid=30)",535.7262262918766,10,,
Car 105,,,,,1,switch,,"Charger 1 (fid=308702) not available, trying Charger 7 (fid=31)",535.8181052005637,7,,
Car 114,,,,,2,switch,,"Charger 2 (fid=307904) not available, trying Charger 3 (fid=307905)",535.8623949241778,3,,
Car 102,,,,,5,switch,,"Charger 5 (fid=73) not available, trying Charger 10 (fid=30)",535.9061040888357,10,,
Car 93,,,,,7,switch,,"Charger 7 (fid=31) not available, trying Charger 10 (fid=30)",536.5703641433183,10,,
Car 122,,,,62,,arrived,,arrived,536.9858923939272,,,
Car 110,,,,,13,switch,,"Charger 13 (fid=5) not available, trying Charger 10 (fid=30)",537.3057450443735,10,,
Car 108,,,,,2,switch,,"Charger 2 (fid=307904) not available, trying Charger 3 (fid=307905)",537.4563668796094,3,,
Car 66,,,,,8,switch,,"Charger 8 (fid=32) not available, trying Charger 13 (fid=5)",537.6287619403237,13,,
Car 109,,,,,2,switch,,"Charger 2 (fid=307904) not available, trying Charger 3 (fid=307905)",537.8430481167991,3,,
Car 115,,,,,2,switch,,"Charger 2 (fid=307904) not available, trying Charger 3 (fid=307905)",537.8680915198969,3,,
Car 71,,,,,7,switch,,"Charger 7 (fid=31) not available, trying Charger 13 (fid=5)",537.9091891669856,13,,
Car 117,,,,,3,switch,,"Charger 3 (fid=307905) not available, trying Charger 0 (fid=308440)",537.9386044841987,0,,
Car 107,,,,,1,switch,,"Charger 1 (fid=308702) not available, trying Charger 10 (fid=30)",538.3536588338106,10,,
Car 51,87.0,60,6,,,done,,done charging,538.6824074281476,,,494.9313618348471
Car 122,,60,6,,,start_charge,,starting to charge at Charger 6 (fid=60),538.6824074281476,,1.696515034220397,
Car 98,,,,,13,switch,,"Charger 13 (fid=5) not available, trying Charger 0 (fid=308440)",538.7255662910737,0,,
Car 123,,,,10,,arrived,,arrived,538.8309990388361,,,
Car 120,,,,,4,switch,,"Charger 4 (fid=308108) not available, trying Charger 9 (fid=86)",539.6009608819423,9,,
Car 124,,,,4,,arrived,,arrived,539.7754703612144,,,
Car 111,,,,,14,switch,,"Charger 14 (fid=34) not available, trying Charger 11 (fid=33)",539.814823355371,11,,
Car 75,,,,,9,switch,,"Charger 9 (fid=86) not available, trying Charger 1 (fid=308702)",539.8497608337092,1,,
Car 116,,,,,4,switch,,"Charger 4 (fid=308108) not available, trying Charger 2 (fid=307904)",539.972435084184,2,,
Car 121,,,,,0,switch,,"Charger 0 (fid=308440) not available, trying Charger 15 (fid=57)",540.0164730768473,15,,
Car 92,46.0,32,8,,,done,,done charging,540.5076034871686,,,137.79977047765595
Car 73,,32,8,,,start_charge,,starting to charge at Charger 8 (fid=32),540.5076034871686,,54.573784645228955,
Car 101,,,,,12,switch,,"Charger 12 (fid=40) not available, trying Charger 6 (fid=60)",540.5155306565882,6,,
Car 90,,,,,3,switch,,"Charger 3 (fid=307905) not available, trying Charger 13 (fid=5)",540.5783868576996,13,,
Car 112,,,,,1,switch,,"Charger 1 (fid=308702) not available, trying Charger 7 (fid=31)",541.0008657105569,7,,
Car 87,,,,,9,switch,,"Charger 9 (fid=86) not available, trying Charger 13 (fid=5)",541.0421436209003,13,,
Car 114,,,,,3,switch,,"Charger 3 (fid=307905) not available, trying Charger 15 (fid=57)",541.1260211057419,15,,
Car 125,,,,69,,arrived,,arrived,541.2981905913015,,,
Car 126,,,,8,,arrived,,arrived,541.3669545401195,,,
Car 105,,,,,7,switch,,"Charger 7 (fid=31) not available, trying Charger 15 (fid=57)",541.5215067995481,15,,
Car 81,71.0,33,11,,,done,,done charging,541.5476133884109,,,21.017187829072068
Car 77,,33,11,,,start_charge,,starting to charge at Charger 11 (fid=33),541.5476133884109,,54.230261029305666,
Car 127,,,,62,,arrived,,arrived,542.3627224250815,,,
Car 113,,,,,15,switch,,"Charger 15 (fid=57) not available, trying Charger 1 (fid=308702)",542.3860043459559,1,,
Car 93,,,,,10,switch,,"Charger 10 (fid=30) not available, trying Charger 14 (fid=34)",542.3950503941222,14,,
Car 108,,,,,3,switch,,"Charger 3 (fid=307905) not available, trying Charger 5 (fid=73)",542.7199930611735,5,,
Car 97,,,,,10,switch,,"Charger 10 (fid=30) not available, trying Charger 14 (fid=34)",542.8636121883036,14,,
Car 109,,,,,3,switch,,"Charger 3 (fid=307905) not available, trying Charger 6 (fid=60)",543.1066742983631,6,,
Car 64,56.0,32,8,,,done,,done charging,543.1210414836926,,,276.30734415144985
Car 115,,,,,3,switch,,"Charger 3 (fid=307905) not available, trying Charger 0 (fid=308440)",543.131717701461,0,,
Car 100,,,,,1,switch,,"Charger 1 (fid=308702) not available, trying Charger 7 (fid=31)",543.3148363571489,7,,
Car 104,,,,,7,switch,,"Charger 7 (fid=31) not available, trying Charger 11 (fid=33)",543.7875006435413,11,,
Car 123,,,,,5,switch,,"Charger 5 (fid=73) not available, trying Charger 6 (fid=60)",543.8309990388361,6,,
Car 107,,,,,10,switch,,"Charger 10 (fid=30) not available, trying Charger 14 (fid=34)",544.4154916200446,14,,
Car 94,,,,,2,switch,,"Charger 2 (fid=307904) not available, trying Charger 3 (fid=307905)",544.6021657921422,3,,
Car 124,,,,,13,switch,,"Charger 13 (fid=5) not available, trying Charger 5 (fid=73)",544.7754703612144,5,,
Car 102,,,,,10,switch,,"Charger 10 (fid=30) not available, trying Charger 14 (fid=34)",545.52397255962,14,,
Car 111,,,,,11,switch,,"Charger 11 (fid=33) not available, trying Charger 8 (fid=32)",545.7013387543457,8,,
Car 111,,32,8,,,start_charge,,starting to charge at Charger 8 (fid=32),545.9704374306942,,25.0,
Car 128,,,,30,,arrived,,arrived,546.055274471338,,,
Car 129,,,,78,,arrived,,arrived,546.0900131624502,,,
Car 125,,,,,0,switch,,"Charger 0 (fid=308440) not available, trying Charger 15 (fid=57)",546.2981905913015,15,,
Car 126,,,,,5,switch,,"Charger 5 (fid=73) not available, trying Charger 13 (fid=5)",546.3669545401195,13,,
Car 66,,,,,13,switch,,"Charger 13 (fid=5) not available, trying Charger 12 (fid=40)",546.450199558791,12,,
Car 110,,,,,10,switch,,"Charger 10 (fid=30) not available, trying Charger 14 (fid=34)",546.5576549656347,14,,
Car 71,,,,,13,switch,,"Charger 13 (fid=5) not available, trying Charger 10 (fid=30)",546.7026921876862,10,,
Car 112,,,,,7,switch,,"Charger 7 (fid=31) not available, trying Charger 11 (fid=33)",546.7042673095414,11,,
Car 121,,,,,15,switch,,"Charger 15 (fid=57) not available, trying Charger 7 (fid=31)",546.7560473923104,7,,
Car 84,,,,,13,switch,,"Charger 13 (fid=5) not available, trying Charger 10 (fid=30)",546.7784092418066,10,,
Car 103,,,,,7,switch,,"Charger 7 (fid=31) not available, trying Charger 6 (fid=60)",546.8820028214674,6,,
Car 120,,,,,9,switch,,"Charger 9 (fid=86) not available, trying Charger 2 (fid=307904)",546.9738909183129,2,,
Car 95,,,,,10,switch,,"Charger 10 (fid=30) not available, trying Charger 14 (fid=34)",547.0874754751744,14,,
Car 117,,,,,0,switch,,"Charger 0 (fid=308440) not available, trying Charger 9 (fid=86)",547.2914288147127,9,,
Car 127,,,,,6,switch,,"Charger 6 (fid=60) not available, trying Charger 12 (fid=40)",547.3627224250815,12,,
Car 130,,,,91,,arrived,,arrived,547.4337098654659,,,
Car 93,,,,,14,switch,,"Charger 14 (fid=34) not available, trying Charger 0 (fid=308440)",547.5817913050174,0,,
Car 101,,,,,6,switch,,"Charger 6 (fid=60) not available, trying Charger 15 (fid=57)",547.8438723983909,15,,
Car 97,,,,,14,switch,,"Charger 14 (fid=34) not available, trying Charger 0 (fid=308440)",548.0503530991988,0,,
Car 58,73.0,308108,4,,,done,,done charging,548.294888266506,,,313.955823227386
Car 116,,,,,2,switch,,"Charger 2 (fid=307904) not available, trying Charger 3 (fid=307905)",548.4785680988153,3,,
Car 100,,,,,7,switch,,"Charger 7 (fid=31) not available, trying Charger 0 (fid=308440)",549.0182379561334,0,,
Car 98,,,,,0,switch,,"Charger 0 (fid=308440) not available, trying Charger 15 (fid=57)",549.2827496015409,15,,
Car 107,,,,,14,switch,,"Charger 14 (fid=34) not available, trying Charger 13 (fid=5)",549.6022325309398,13,,
Car 94,,,,,3,switch,,"Charger 3 (fid=307905) not available, trying Charger 6 (fid=60)",549.8657919737062,6,,
Car 114,,,,,15,switch,,"Charger 15 (fid=57) not available, trying Charger 12 (fid=40)",550.1210962098087,12,,
Car 131,,,,65,,arrived,,arrived,550.165476365848,,,
Car 105,,,,,15,switch,,"Charger 15 (fid=57) not available, trying Charger 10 (fid=30)",550.2699300199341,10,,
Car 104,,,,,11,switch,,"Charger 11 (fid=33) not available, trying Charger 8 (fid=32)",550.3119613824247,8,,
Car 102,,,,,14,switch,,"Charger 14 (fid=34) not available, trying Charger 1 (fid=308702)",550.7107134705152,1,,
Car 113,,,,,1,switch,,"Charger 1 (fid=308702) not available, trying Charger 6 (fid=60)",550.79606218975,6,,
Car 132,,,,9,,arrived,,arrived,550.8190740917813,,,
Car 128,,,,,15,switch,,"Charger 15 (fid=57) not available, trying Charger 0 (fid=308440)",551.055274471338,0,,
Car 129,,,,,5,switch,,"Charger 5 (fid=73) not available, trying Charger 13 (fid=5)",551.0900131624502,13,,
Car 133,,,,31,,arrived,,arrived,551.0983164838462,,,
Car 110,,,,,14,switch,,"Charger 14 (fid=34) not available, trying Charger 15 (fid=57)",551.7443958765299,15,,
Car 123,,,,,6,switch,,"Charger 6 (fid=60) not available, trying Charger 13 (fid=5)",551.8601880603557,13,,
Car 134,,,,4,,arrived,,arrived,551.9613474280238,,,
Car 109,,,,,6,switch,,"Charger 6 (fid=60) not available, trying Charger 5 (fid=73)",552.1251676426873,5,,
Car 124,,,,,5,switch,,"Charger 5 (fid=73) not available, trying Charger 1 (fid=308702)",552.240541447485,1,,
Car 95,,,,,14,switch,,"Charger 14 (fid=34) not available, trying Charger 1 (fid=308702)",552.2742163860696,1,,
Car 130,,,,,9,switch,,"Charger 9 (fid=86) not available, trying Charger 4 (fid=308108)",552.4337098654659,4,,
Car 115,,,,,0,switch,,"Charger 0 (fid=308440) not available, trying Charger 6 (fid=60)",552.484542031975,6,,
Car 135,,,,68,,arrived,,arrived,552.6345905931988,,,
Car 90,,,,,13,switch,,"Charger 13 (fid=5) not available, trying Charger 0 (fid=308440)",552.7580305296215,0,,
Car 125,,,,,15,switch,,"Charger 15 (fid=57) not available, trying Charger 7 (fid=31)",553.0377649067646,7,,
Car 112,,,,,11,switch,,"Charger 11 (fid=33) not available, trying Charger 8 (fid=32)",553.2287280484247,8,,
Car 136,,,,35,,arrived,,arrived,553.249756278979,,,
Car 108,,,,,5,switch,,"Charger 5 (fid=73) not available, trying Charger 6 (fid=60)",553.3661114326331,6,,
Car 116,,,,,3,switch,,"Charger 3 (fid=307905) not available, trying Charger 12 (fid=40)",553.7421942803794,12,,
Car 126,,,,,13,switch,,"Charger 13 (fid=5) not available, trying Charger 6 (fid=60)",553.8320256263902,6,,
Car 75,,,,,1,switch,,"Charger 1 (fid=308702) not available, trying Charger 13 (fid=5)",554.1644137634931,13,,
Car 127,,,,,12,switch,,"Charger 12 (fid=40) not available, trying Charger 5 (fid=73)",554.6910641668842,5,,
Car 130,,308108,4,,,start_charge,,starting to charge at Charger 4 (fid=308108),554.8066399018364,,5.0,
Car 120,,,,,2,switch,,"Charger 2 (fid=307904) not available, trying Charger 3 (fid=307905)",555.0480538198948,3,,
Car 131,,,,,13,switch,,"Charger 13 (fid=5) not available, trying Charger 5 (fid=73)",555.165476365848,5,,
Car 121,,,,,7,switch,,"Charger 7 (fid=31) not available, trying Charger 10 (fid=30)",555.5044706126964,10,,
Car 104,,,,,8,switch,,"Charger 8 (fid=32) not available, trying Charger 10 (fid=30)",555.5810600587732,10,,
Car 137,,,,27,,arrived,,arrived,555.5951933875699,,,
Car 87,,,,,13,switch,,"Charger 13 (fid=5) not available, trying Charger 0 (fid=308440)",555.6512194209103,0,,
Car 93,,,,,0,switch,,"Charger 0 (fid=308440) not available, trying Charger 11 (fid=33)",555.6844828782713,11,,
Car 132,,,,,5,switch,,"Charger 5 (fid=73) not available, trying Charger 6 (fid=60)",555.8190740917813,6,,
Car 71,,,,,10,switch,,"Charger 10 (fid=30) not available, trying Charger 14 (fid=34)",555.9546021089475,14,,
Car 98,,,,,15,switch,,"Charger 15 (fid=57) not available, trying Charger 5 (fid=73)",556.022323917004,5,,
Car 84,,,,,10,switch,,"Charger 10 (fid=30) not available, trying Charger 14 (fid=34)",556.0303191630678,14,,
Car 133,,,,,15,switch,,"Charger 15 (fid=57) not available, trying Charger 0 (fid=308440)",556.0983164838462,0,,
Car 97,,,,,0,switch,,"Charger 0 (fid=308440) not available, trying Charger 11 (fid=33)",556.1530446724527,11,,
Car 101,,,,,15,switch,,"Charger 15 (fid=57) not available, trying Charger 0 (fid=308440)",556.7352033237515,0,,
Car 102,,,,,1,switch,,"Charger 1 (fid=308702) not available, trying Charger 2 (fid=307904)",556.8435334166468,2,,
Car 100,,,,,0,switch,,"Charger 0 (fid=308440) not available, trying Charger 12 (fid=40)",556.8915440481018,12,,
Car 134,,,,,6,switch,,"Charger 6 (fid=60) not available, trying Charger 2 (fid=307904)",556.9613474280238,2,,
Car 66,,,,,12,switch,,"Charger 12 (fid=40) not available, trying Charger 9 (fid=86)",557.572762012273,9,,
Car 135,,,,,0,switch,,"Charger 0 (fid=308440) not available, trying Charger 15 (fid=57)",557.6345905931988,15,,
Car 128,,,,,0,switch,,"Charger 0 (fid=308440) not available, trying Charger 2 (fid=307904)",557.794848786801,2,,
Car 103,,,,,6,switch,,"Charger 6 (fid=60) not available, trying Charger 10 (fid=30)",557.8848208175157,10,,
Car 136,,,,,15,switch,,"Charger 15 (fid=57) not available, trying Charger 0 (fid=308440)",558.249756278979,0,,
Car 95,,,,,1,switch,,"Charger 1 (fid=308702) not available, trying Charger 11 (fid=33)",558.4070363322012,11,,
Car 112,,,,,8,switch,,"Charger 8 (fid=32) not available, trying Charger 15 (fid=57)",558.4978267247733,15,,
Car 129,,,,,13,switch,,"Charger 13 (fid=5) not available, trying Charger 6 (fid=60)",558.5550842487208,6,,
Car 94,,,,,6,switch,,"Charger 6 (fid=60) not available, trying Charger 13 (fid=5)",558.8842853180304,13,,
Car 107,,,,,13,switch,,"Charger 13 (fid=5) not available, trying Charger 15 (fid=57)",558.9251296120988,15,,
Car 68,106.0,308440,0,,,done,,done charging,559.0760347654331,,,39.39853473454384
Car 133,,308440,0,,,start_charge,,starting to charge at Charger 0 (fid=308440),559.0760347654331,,6.238143966123744,
Car 44,112.0,30,10,,,done,,done charging,559.3189381869863,,,337.90625140090594
Car 105,,30,10,,,start_charge,,starting to charge at Charger 10 (fid=30),559.3189381869863,,29.942153759416783,
Car 117,,,,,9,switch,,"Charger 9 (fid=86) not available, trying Charger 15 (fid=57)",559.4547898652446,15,,
Car 109,,,,,5,switch,,"Charger 5 (fid=73) not available, trying Charger 7 (fid=31)",560.1543566642068,7,,
Car 120,,,,,3,switch,,"Charger 3 (fid=307905) not available, trying Charger 12 (fid=40)",560.3116800014589,12,,
Car 114,,,,,12,switch,,"Charger 12 (fid=40) not available, trying Charger 4 (fid=308108)",560.5351130531718,4,,
Car 137,,,,,7,switch,,"Charger 7 (fid=31) not available, trying Charger 11 (fid=33)",560.5951933875699,11,,
Car 110,,,,,15,switch,,"Charger 15 (fid=57) not available, trying Charger 11 (fid=33)",560.9222374440631,11,,
Car 138,,,,87,,arrived,,arrived,561.017638043792,,,
Car 71,,,,,14,switch,,"Charger 14 (fid=34) not available, trying Charger 11 (fid=33)",561.1413430198427,11,,
Car 124,,,,,1,switch,,"Charger 1 (fid=308702) not available, trying Charger 7 (fid=31)",561.161613354428,7,,
Car 84,,,,,14,switch,,"Charger 14 (fid=34) not available, trying Charger 11 (fid=33)",561.217060073963,11,,
Car 121,,,,,10,switch,,"Charger 10 (fid=30) not available, trying Charger 14 (fid=34)",561.3291568635003,14,,
Car 108,,,,,6,switch,,"Charger 6 (fid=60) not available, trying Charger 7 (fid=31)",561.3953004541527,7,,
Car 104,,,,,10,switch,,"Charger 10 (fid=30) not available, trying Charger 14 (fid=34)",561.4133797973792,14,,
Car 113,,,,,6,switch,,"Charger 6 (fid=60) not available, trying Charger 7 (fid=31)",561.4605148092065,7,,
Car 123,,,,,13,switch,,"Charger 13 (fid=5) not available, trying Charger 12 (fid=40)",561.4641119700391,12,,
Car 139,,,,72,,arrived,,arrived,561.5133180786961,,,
Car 125,,,,,7,switch,,"Charger 7 (fid=31) not available, trying Charger 10 (fid=30)",561.7861881271506,10,,
Car 115,,,,,6,switch,,"Charger 6 (fid=60) not available, trying Charger 5 (fid=73)",562.1123775642319,5,,
Car 131,,,,,5,switch,,"Charger 5 (fid=73) not available, trying Charger 1 (fid=308702)",562.6305474521187,1,,
Car 75,,,,,13,switch,,"Charger 13 (fid=5) not available, trying Charger 7 (fid=31)",562.7195271209131,7,,
Car 116,,,,,12,switch,,"Charger 12 (fid=40) not available, trying Charger 6 (fid=60)",563.2731237017978,6,,
Car 90,,,,,0,switch,,"Charger 0 (fid=308440) not available, trying Charger 9 (fid=86)",563.3152138400886,9,,
Car 126,,,,,6,switch,,"Charger 6 (fid=60) not available, trying Charger 15 (fid=57)",563.4359495360736,15,,
Car 101,,,,,0,switch,,"Charger 0 (fid=308440) not available, trying Charger 5 (fid=73)",563.4747776392146,5,,
Car 132,,,,,6,switch,,"Charger 6 (fid=60) not available, trying Charger 12 (fid=40)",563.8482631133008,12,,
Car 98,,,,,5,switch,,"Charger 5 (fid=73) not available, trying Charger 6 (fid=60)",563.8892070864064,6,,
Car 106,49.0,40,12,,,done,,done charging,563.9178135205441,,,54.2443812829848
Car 100,,40,12,,,start_charge,,starting to charge at Charger 12 (fid=40),563.9178135205441,,35.87574802218296,
Car 127,,,,,5,switch,,"Charger 5 (fid=73) not available, trying Charger 15 (fid=57)",564.2388917322022,15,,
Car 135,,,,,15,switch,,"Charger 15 (fid=57) not available, trying Charger 7 (fid=31)",564.3741649086619,7,,
Car 93,,,,,11,switch,,"Charger 11 (fid=33) not available, trying Charger 8 (fid=32)",564.4159617797069,8,,
Car 97,,,,,11,switch,,"Charger 11 (fid=33) not available, trying Charger 8 (fid=32)",564.8845235738883,8,,
Car 136,,,,,0,switch,,"Charger 0 (fid=308440) not available, trying Charger 2 (fid=307904)",564.9893305944421,2,,
Car 95,,,,,11,switch,,"Charger 11 (fid=33) not available, trying Charger 8 (fid=32)",565.1686436065145,8,,
Car 140,,,,63,,arrived,,arrived,565.537129918009,,,
Car 134,,,,,2,switch,,"Charger 2 (fid=307904) not available, trying Charger 3 (fid=307905)",565.9635039407273,3,,
Car 138,,,,,9,switch,,"Charger 9 (fid=86) not available, trying Charger 4 (fid=308108)",566.017638043792,4,,
Car 87,,,,,0,switch,,"Charger 0 (fid=308440) not available, trying Charger 1 (fid=308702)",566.2084027313774,1,,
Car 139,,,,,15,switch,,"Charger 15 (fid=57) not available, trying Charger 0 (fid=308440)",566.5133180786961,0,,
Car 121,,,,,14,switch,,"Charger 14 (fid=34) not available, trying Charger 1 (fid=308702)",566.5158977743955,1,,
Car 104,,,,,14,switch,,"Charger 14 (fid=34) not available, trying Charger 15 (fid=57)",566.6001207082744,15,,
Car 124,,,,,7,switch,,"Charger 7 (fid=31) not available, trying Charger 15 (fid=57)",566.8650149534125,15,,
Car 78,90.0,30,10,,,done,,done charging,566.9843231677746,,,88.80669043134323
Car 125,,30,10,,,start_charge,,starting to charge at Charger 10 (fid=30),566.9843231677746,,19.373448789820145,
Car 71,,,,,11,switch,,"Charger 11 (fid=33) not available, trying Charger 8 (fid=32)",567.0278584188173,8,,
Car 84,,,,,11,switch,,"Charger 11 (fid=33) not available, trying Charger 8 (fid=32)",567.1035754729377,8,,
Car 137,,,,,11,switch,,"Charger 11 (fid=33) not available, trying Charger 8 (fid=32)",567.1196541264533,8,,
Car 128,,,,,2,switch,,"Charger 2 (fid=307904) not available, trying Charger 3 (fid=307905)",567.1313362856943,3,,
Car 60,113.0,73,5,,,done,,done charging,567.2959394512861,,,368.68332888888585
Car 115,,73,5,,,start_charge,,starting to charge at Charger 5 (fid=73),567.2959394512861,,27.154372865534697,
Car 67,68.0,308702,1,,,done,,done charging,567.6075283748285,,,308.185100684391
Car 131,,308702,1,,,start_charge,,starting to charge at Charger 1 (fid=308702),567.6075283748285,,11.055909015766815,
Car 107,,,,,15,switch,,"Charger 15 (fid=57) not available, trying Charger 0 (fid=308440)",568.0107149180486,0,,
Car 129,,,,,6,switch,,"Charger 6 (fid=60) not available, trying Charger 12 (fid=40)",568.1590081584043,12,,
Car 112,,,,,15,switch,,"Charger 15 (fid=57) not available, trying Charger 10 (fid=30)",568.3212471200171,10,,
Car 102,,,,,2,switch,,"Charger 2 (fid=307904) not available, trying Charger 3 (fid=307905)",568.3313127947922,3,,
Car 66,,,,,9,switch,,"Charger 9 (fid=86) not available, trying Charger 4 (fid=308108)",568.4567020453047,4,,
Car 94,,,,,13,switch,,"Charger 13 (fid=5) not available, trying Charger 11 (fid=33)",568.4882092277138,11,,
Car 103,,,,,10,switch,,"Charger 10 (fid=30) not available, trying Charger 14 (fid=34)",569.2460700008135,14,,
Car 109,,,,,7,switch,,"Charger 7 (fid=31) not available, trying Charger 10 (fid=30)",569.4137939477417,10,,
Car 114,,,,,4,switch,,"Charger 4 (fid=308108) not available, trying Charger 5 (fid=73)",569.6502048620114,5,,
Car 93,,,,,8,switch,,"Charger 8 (fid=32) not available, trying Charger 12 (fid=40)",569.6850604560555,12,,
Car 120,,,,,12,switch,,"Charger 12 (fid=40) not available, trying Charger 6 (fid=60)",569.8426094228772,6,,
Car 97,,,,,8,switch,,"Charger 8 (fid=32) not available, trying Charger 6 (fid=60)",570.1536222502368,6,,
Car 141,,,,4,,arrived,,arrived,570.2181903125933,,,
Car 95,,,,,8,switch,,"Charger 8 (fid=32) not available, trying Charger 5 (fid=73)",570.437742282863,5,,
Car 140,,,,,13,switch,,"Charger 13 (fid=5) not available, trying Charger 5 (fid=73)",570.537129918009,5,,
Car 116,,,,,6,switch,,"Charger 6 (fid=60) not available, trying Charger 15 (fid=57)",570.6014654436004,15,,
Car 110,,,,,11,switch,,"Charger 11 (fid=33) not available, trying Charger 8 (fid=32)",570.7288663397779,8,,
Car 59,118.0,308702,1,,,done,,done charging,570.9241902719414,,,306.94508439785955
Car 121,,308702,1,,,start_charge,,starting to charge at Charger 1 (fid=308702),570.9241902719414,,28.275472551414282,
Car 132,,,,,12,switch,,"Charger 12 (fid=40) not available, trying Charger 15 (fid=57)",571.1766048551035,15,,
Car 134,,,,,3,switch,,"Charger 3 (fid=307905) not available, trying Charger 15 (fid=57)",571.2271301222913,15,,
Car 117,,,,,15,switch,,"Charger 15 (fid=57) not available, trying Charger 6 (fid=60)",571.2604016893292,6,,
Car 75,,,,,7,switch,,"Charger 7 (fid=31) not available, trying Charger 10 (fid=30)",571.5130301416137,10,,
Car 98,,,,,6,switch,,"Charger 6 (fid=60) not available, trying Charger 2 (fid=307904)",571.9183961079259,2,,
Car 127,,,,,15,switch,,"Charger 15 (fid=57) not available, trying Charger 2 (fid=307904)",572.1057749016046,2,,
Car 71,,,,,,gave_up,8,"no alternate charger available, gave up",572.2969570951659,,,
Car 126,,,,,15,switch,,"Charger 15 (fid=57) not available, trying Charger 12 (fid=40)",572.3272804614343,12,,
Car 84,,,,,8,switch,,"Charger 8 (fid=32) not available, trying Charger 12 (fid=40)",572.3726741492862,12,,
Car 137,,,,,8,switch,,"Charger 8 (fid=32) not available, trying Charger 1 (fid=308702)",572.3887528028018,1,,
Car 128,,,,,3,switch,,"Charger 3 (fid=307905) not available, trying Charger 5 (fid=73)",572.3949624672583,5,,
Car 108,,,,,7,switch,,"Charger 7 (fid=31) not available, trying Charger 10 (fid=30)",572.398118450201,10,,
Car 113,,,,,7,switch,,"Charger 7 (fid=31) not available, trying Charger 10 (fid=30)",572.4633328052548,10,,
Car 61,54.0,86,9,,,done,,done charging,572.544266252691,,,410.45045892094447
Car 90,,86,9,,,start_charge,,starting to charge at Charger 9 (fid=86),572.544266252691,,47.06569136207054,
Car 123,,,,,12,switch,,"Charger 12 (fid=40) not available, trying Charger 15 (fid=57)",572.586674423521,15,,
Car 101,,,,,5,switch,,"Charger 5 (fid=73) not available, trying Charger 1 (fid=308702)",572.7385566517924,1,,
Car 135,,,,,7,switch,,"Charger 7 (fid=31) not available, trying Charger 10 (fid=30)",573.1225881290479,10,,
Car 139,,,,,0,switch,,"Charger 0 (fid=308440) not available, trying Charger 7 (fid=31)",573.2528923941592,7,,
Car 138,,,,,4,switch,,"Charger 4 (fid=308108) not available, trying Charger 2 (fid=307904)",573.3905680801626,2,,
Car 102,,,,,3,switch,,"Charger 3 (fid=307905) not available, trying Charger 6 (fid=60)",573.5949389763563,6,,
Car 87,,,,,1,switch,,"Charger 1 (fid=308702) not available, trying Charger 7 (fid=31)",574.3188553587759,7,,
Car 136,,,,,2,switch,,"Charger 2 (fid=307904) not available, trying Charger 3 (fid=307905)",574.3258180933353,3,,
Car 103,,,,,14,switch,,"Charger 14 (fid=34) not available, trying Charger 1 (fid=308702)",574.4328109117087,1,,
Car 107,,,,,0,switch,,"Charger 0 (fid=308440) not available, trying Charger 5 (fid=73)",574.7502892335117,5,,
Car 62,69.0,5,13,,,done,,done charging,574.7951727948696,,,499.858745072935
Car 141,,5,13,,,start_charge,,starting to charge at Charger 13 (fid=5),574.7951727948696,,4.576982482276321,
Car 109,,,,,10,switch,,"Charger 10 (fid=30) not available, trying Charger 12 (fid=40)",575.2384801985456,12,,
Car 129,,,,,12,switch,,"Charger 12 (fid=40) not available, trying Charger 15 (fid=57)",575.4873499002069,15,,
Car 124,,,,,15,switch,,"Charger 15 (fid=57) not available, trying Charger 10 (fid=30)",575.6134381737985,10,,
Car 104,,,,,15,switch,,"Charger 15 (fid=57) not available, trying Charger 0 (fid=308440)",575.7779622758076,0,,
Car 66,,,,,,gave_up,4,"no alternate charger available, gave up",575.8296320816753,,,
Car 110,,,,,8,switch,,"Charger 8 (fid=32) not available, trying Charger 5 (fid=73)",575.9979650161265,5,,
Car 120,,,,,6,switch,,"Charger 6 (fid=60) not available, trying Charger 15 (fid=57)",577.1709511646799,15,,
Car 94,,,,,11,switch,,"Charger 11 (fid=33) not available, trying Charger 8 (fid=32)",577.2928553466522,8,,
Car 75,,,,,10,switch,,"Charger 10 (fid=30) not available, trying Charger 14 (fid=34)",577.3377163924176,14,,
Car 112,,,,,10,switch,,"Charger 10 (fid=30) not available, trying Charger 14 (fid=34)",577.4281015276525,14,,
Car 140,,,,,5,switch,,"Charger 5 (fid=73) not available, trying Charger 1 (fid=308702)",578.0022010042796,1,,
Car 108,,,,,10,switch,,"Charger 10 (fid=30) not available, trying Charger 14 (fid=34)",578.2228047010049,14,,
Car 113,,,,,10,switch,,"Charger 10 (fid=30) not available, trying Charger 14 (fid=34)",578.2880190560587,14,,
Car 142,,,,19,,arrived,,arrived,578.8155431901193,,,
Car 135,,,,,10,switch,,"Charger 10 (fid=30) not available, trying Charger 14 (fid=34)",578.9472743798518,14,,
Car 137,,,,,1,switch,,"Charger 1 (fid=308702) not available, trying Charger 10 (fid=30)",579.1671515766442,10,,
Car 116,,,,,15,switch,,"Charger 15 (fid=57) not available, trying Charger 0 (fid=308440)",579.4927963689611,0,,
Car 136,,,,,3,switch,,"Charger 3 (fid=307905) not available, trying Charger 6 (fid=60)",579.5894442748994,6,,
Car 87,,,,,7,switch,,"Charger 7 (fid=31) not available, trying Charger 10 (fid=30)",580.0222569577603,10,,
Car 99,61.0,31,7,,,done,,done charging,580.1026695237686,,,288.4307942830711
Car 139,,31,7,,,start_charge,,starting to charge at Charger 7 (fid=31),580.1026695237686,,13.976471037640977,
Car 117,,,,,6,switch,,"Charger 6 (fid=60) not available, trying Charger 4 (fid=308108)",580.1517326146899,4,,
Car 134,,,,,15,switch,,"Charger 15 (fid=57) not available, trying Charger 12 (fid=40)",580.2222052263581,12,,
Car 143,,,,32,,arrived,,arrived,580.3584338143831,,,
Car 103,,,,,1,switch,,"Charger 1 (fid=308702) not available, trying Charger 11 (fid=33)",580.5656308578402,11,,
Car 74,68.0,308440,0,,,done,,done charging,580.5663234286152,,,347.238631371438
Car 104,,308440,0,,,start_charge,,starting to charge at Charger 0 (fid=308440),580.5663234286152,,48.04878683734455,
Car 95,,,,,5,switch,,"Charger 5 (fid=73) not available, trying Charger 12 (fid=40)",580.7721767412557,12,,
Car 114,,,,,5,switch,,"Charger 5 (fid=73) not available, trying Charger 0 (fid=308440)",580.8832958426963,0,,
Car 98,,,,,2,switch,,"Charger 2 (fid=307904) not available, trying Charger 3 (fid=307905)",580.9205526206293,3,,
Car 127,,,,,2,switch,,"Charger 2 (fid=307904) not available, trying Charger 3 (fid=307905)",581.0845131740506,3,,
Car 46,120.0,31,7,,,done,,done charging,581.1951092492238,,,628.1920627679822
Car 132,,,,,15,switch,,"Charger 15 (fid=57) not available, trying Charger 13 (fid=5)",581.5906216984666,13,,
Car 101,,,,,1,switch,,"Charger 1 (fid=308702) not available, trying Charger 13 (fid=5)",581.6596285587353,13,,
Car 138,,,,,2,switch,,"Charger 2 (fid=307904) not available, trying Charger 3 (fid=307905)",581.8967010947939,3,,
Car 97,,,,,6,switch,,"Charger 6 (fid=60) not available, trying Charger 2 (fid=307904)",582.231437421143,2,,
Car 75,,,,,14,switch,,"Charger 14 (fid=34) not available, trying Charger 11 (fid=33)",582.5244573033128,11,,
Car 94,,,,,8,switch,,"Charger 8 (fid=32) not available, trying Charger 12 (fid=40)",582.5619540230008,12,,
Car 102,,,,,6,switch,,"Charger 6 (fid=60) not available, trying Charger 11 (fid=33)",582.6134323206804,11,,
Car 112,,,,,14,switch,,"Charger 14 (fid=34) not available, trying Charger 6 (fid=60)",582.6148424385477,6,,
Car 126,,,,,12,switch,,"Charger 12 (fid=40) not available, trying Charger 1 (fid=308702)",582.7412973047974,1,,
Car 123,,,,,15,switch,,"Charger 15 (fid=57) not available, trying Charger 1 (fid=308702)",583.0006912668841,1,,
Car 128,,,,,5,switch,,"Charger 5 (fid=73) not available, trying Charger 6 (fid=60)",583.041080838718,6,,
Car 93,,,,,12,switch,,"Charger 12 (fid=40) not available, trying Charger 2 (fid=307904)",583.2855615449641,2,,
Car 108,,,,,14,switch,,"Charger 14 (fid=34) not available, trying Charger 1 (fid=308702)",583.4095456119001,1,,
Car 113,,,,,14,switch,,"Charger 14 (fid=34) not available, trying Charger 0 (fid=308440)",583.4747599669539,0,,
Car 142,,,,,0,switch,,"Charger 0 (fid=308440) not available, trying Charger 15 (fid=57)",583.8155431901193,15,,
Car 144,,,,13,,arrived,,arrived,583.8958983735216,,,
Car 144,,31,7,,,start_charge,,starting to charge at Charger 7 (fid=31),583.8958983735216,,0.0,
Car 107,,,,,5,switch,,"Charger 5 (fid=73) not available, trying Charger 6 (fid=60)",584.0140682460894,6,,
Car 135,,,,,14,switch,,"Charger 14 (fid=34) not available, trying Charger 1 (fid=308702)",584.134015290747,1,,
Car 124,,,,,10,switch,,"Charger 10 (fid=30) not available, trying Charger 14 (fid=34)",584.7202925814339,14,,
Car 88,97.0,308108,4,,,done,,done charging,585.0561665295668,,,353.2163729247416
Car 117,,308108,4,,,start_charge,,starting to charge at Charger 4 (fid=308108),585.0561665295668,,30.68186555369823,
Car 137,,,,,10,switch,,"Charger 10 (fid=30) not available, trying Charger 14 (fid=34)",585.2289843628781,14,,
Car 143,,,,,15,switch,,"Charger 15 (fid=57) not available, trying Charger 0 (fid=308440)",585.3584338143831,0,,
Car 87,,,,,10,switch,,"Charger 10 (fid=30) not available, trying Charger 14 (fid=34)",585.8469432085642,14,,
Car 129,,,,,15,switch,,"Charger 15 (fid=57) not available, trying Charger 11 (fid=33)",585.9013667435701,11,,
Car 84,,,,,12,switch,,"Charger 12 (fid=40) not available, trying Charger 4 (fid=308108)",585.9731752381949,4,,
Car 120,,,,,15,switch,,"Charger 15 (fid=57) not available, trying Charger 5 (fid=73)",586.0622820900405,5,,
Car 98,,,,,3,switch,,"Charger 3 (fid=307905) not available, trying Charger 12 (fid=40)",586.1841788021934,12,,
Car 116,,,,,0,switch,,"Charger 0 (fid=308440) not available, trying Charger 5 (fid=73)",586.2323706844242,5,,
Car 110,,,,,5,switch,,"Charger 5 (fid=73) not available, trying Charger 0 (fid=308440)",586.3323994745192,0,,
Car 127,,,,,3,switch,,"Charger 3 (fid=307905) not available, trying Charger 13 (fid=5)",586.3481393556146,13,,
Car 85,60.0,307905,3,,,done,,done charging,586.8037134860639,,,472.20382005350655
Car 138,,307905,3,,,start_charge,,starting to charge at Charger 3 (fid=307905),586.8037134860639,,19.64338620970591,
Car 140,,,,,1,switch,,"Charger 1 (fid=308702) not available, trying Charger 7 (fid=31)",586.9232729112226,7,,
Car 63,118.0,5,13,,,done,,done charging,587.3075730961118,,,308.35368352632383
Car 101,,5,13,,,start_charge,,starting to charge at Charger 13 (fid=5),587.3075730961118,,52.092831179956534,
Car 103,,,,,11,switch,,"Charger 11 (fid=33) not available, trying Charger 8 (fid=32)",587.3272381321535,8,,
Car 145,,,,37,,arrived,,arrived,588.0447954212509,,,
Car 109,,,,,12,switch,,"Charger 12 (fid=40) not available, trying Charger 14 (fid=34)",588.1224152998459,14,,
Car 75,,,,,11,switch,,"Charger 11 (fid=33) not available, trying Charger 8 (fid=32)",588.4109727022875,8,,
Car 136,,,,,6,switch,,"Charger 6 (fid=60) not available, trying Charger 5 (fid=73)",588.6079376192235,5,,
Car 83,65.0,57,15,,,done,,done charging,588.9185956662984,,,560.0547630291884
Car 142,,57,15,,,start_charge,,starting to charge at Charger 15 (fid=57),588.9185956662984,,8.363478160716,
Car 108,,,,,1,switch,,"Charger 1 (fid=308702) not available, trying Charger 11 (fid=33)",589.5423655580316,11,,
Car 124,,,,,14,switch,,"Charger 14 (fid=34) not available, trying Charger 11 (fid=33)",589.9070334923291,11,,
Car 114,,,,,0,switch,,"Charger 0 (fid=308440) not available, trying Charger 9 (fid=86)",590.147074855274,9,,
Car 135,,,,,1,switch,,"Charger 1 (fid=308702) not available, trying Charger 11 (fid=33)",590.2668352368786,11,,
Car 146,,,,72,,arrived,,arrived,590.299593911605,,,
Car 95,,,,,12,switch,,"Charger 12 (fid=40) not available, trying Charger 9 (fid=86)",590.3200043065738,9,,
Car 137,,,,,14,switch,,"Charger 14 (fid=34) not available, trying Charger 13 (fid=5)",590.4157252737733,13,,
Car 134,,,,,12,switch,,"Charger 12 (fid=40) not available, trying Charger 4 (fid=308108)",590.6362220697213,4,,
Car 132,,,,,13,switch,,"Charger 13 (fid=5) not available, trying Charger 0 (fid=308440)",590.6762070044165,0,,
Car 87,,,,,14,switch,,"Charger 14 (fid=34) not available, trying Charger 11 (fid=33)",591.0336841194594,11,,
Car 128,,,,,6,switch,,"Charger 6 (fid=60) not available, trying Charger 7 (fid=31)",591.0702698602375,7,,
Car 97,,,,,2,switch,,"Charger 2 (fid=307904) not available, trying Charger 3 (fid=307905)",591.2335939338465,3,,
Car 123,,,,,1,switch,,"Charger 1 (fid=308702) not available, trying Charger 0 (fid=308440)",591.4107491106782,0,,
Car 113,,,,,0,switch,,"Charger 0 (fid=308440) not available, trying Charger 11 (fid=33)",591.5774515402078,11,,
Car 107,,,,,6,switch,,"Charger 6 (fid=60) not available, trying Charger 2 (fid=307904)",592.043257267609,2,,
Car 143,,,,,0,switch,,"Charger 0 (fid=308440) not available, trying Charger 2 (fid=307904)",592.0980081298462,2,,
Car 103,,,,,8,switch,,"Charger 8 (fid=32) not available, trying Charger 5 (fid=73)",592.5963368085021,5,,
Car 140,,,,,7,switch,,"Charger 7 (fid=31) not available, trying Charger 15 (fid=57)",592.6266745102071,15,,
Car 93,,,,,2,switch,,"Charger 2 (fid=307904) not available, trying Charger 3 (fid=307905)",592.8001541347618,3,,
Car 145,,,,,5,switch,,"Charger 5 (fid=73) not available, trying Charger 13 (fid=5)",593.0447954212509,13,,
Car 79,105.0,307904,2,,,done,,done charging,593.0724438806019,,,256.0777697017732
Car 91,77.0,33,11,,,done,,done charging,593.169700893354,,,233.5912937510644
Car 102,,33,11,,,start_charge,,starting to charge at Charger 11 (fid=33),593.169700893354,,53.49524490129636,
Car 75,,,,,,gave_up,8,"no alternate charger available, gave up",593.6800713786361,,,
Car 120,,,,,5,switch,,"Charger 5 (fid=73) not available, trying Charger 0 (fid=308440)",593.9291652594429,0,,
Car 112,,,,,6,switch,,"Charger 6 (fid=60) not available, trying Charger 0 (fid=308440)",594.0470787817432,0,,
Car 126,,,,,1,switch,,"Charger 1 (fid=308702) not available, trying Charger 7 (fid=31)",594.9284358422564,7,,
Car 84,,,,,4,switch,,"Charger 4 (fid=308108) not available, trying Charger 9 (fid=86)",595.0882670470345,9,,
Car 147,,,,77,,arrived,,arrived,595.1089237197199,,,
Car 146,,,,,15,switch,,"Charger 15 (fid=57) not available, trying Charger 0 (fid=308440)",595.299593911605,0,,
Car 116,,,,,5,switch,,"Charger 5 (fid=73) not available, trying Charger 1 (fid=308702)",595.4961496970019,1,,
Car 110,,,,,0,switch,,"Charger 0 (fid=308440) not available, trying Charger 6 (fid=60)",595.596178487097,6,,
Car 129,,,,,11,switch,,"Charger 11 (fid=33) not available, trying Charger 8 (fid=32)",595.707995639285,8,,
Car 98,,,,,12,switch,,"Charger 12 (fid=40) not available, trying Charger 4 (fid=308108)",595.7151082236118,4,,
Car 124,,,,,11,switch,,"Charger 11 (fid=33) not available, trying Charger 8 (fid=32)",595.7935488913038,8,,
Car 107,,307904,2,,,start_charge,,starting to charge at Charger 2 (fid=307904),596.0454137803124,,55.0,
Car 94,,,,,12,switch,,"Charger 12 (fid=40) not available, trying Charger 4 (fid=308108)",596.1624551119095,4,,
Car 148,,,,4,,arrived,,arrived,596.2181495186749,,,
Car 108,,,,,11,switch,,"Charger 11 (fid=33) not available, trying Charger 8 (fid=32)",596.3039728323449,8,,
Car 97,,,,,3,switch,,"Charger 3 (fid=307905) not available, trying Charger 12 (fid=40)",596.4972201154105,12,,
Car 136,,,,,5,switch,,"Charger 5 (fid=73) not available, trying Charger 7 (fid=31)",596.6371266407431,7,,
Car 87,,,,,11,switch,,"Charger 11 (fid=33) not available, trying Charger 8 (fid=32)",596.9201995184341,8,,
Car 135,,,,,11,switch,,"Charger 11 (fid=33) not available, trying Charger 8 (fid=32)",597.0284425111919,8,,
Car 47,98.0,86,9,,,done,,done charging,597.2998909102573,,,501.78406375190724
Car 95,,86,9,,,start_charge,,starting to charge at Charger 9 (fid=86),597.2998909102573,,66.09594657065173,
Car 86,101.0,73,5,,,done,,done charging,597.3285629271628,,,401.93309699027327
Car 149,,,,13,,arrived,,arrived,597.6618768143767,,,
Car 103,,73,5,,,start_charge,,starting to charge at Charger 5 (fid=73),597.9307712668948,,55.00000000000006,
Car 93,,,,,3,switch,,"Charger 3 (fid=307905) not available, trying Charger 4 (fid=308108)",598.0637803163258,4,,
Car 127,,,,,13,switch,,"Charger 13 (fid=5) not available, trying Charger 0 (fid=308440)",598.5277830275365,0,,
Car 89,110.0,34,14,,,done,,done charging,598.8417399201272,,,122.40878015767328
Car 109,,34,14,,,start_charge,,starting to charge at Charger 14 (fid=34),598.8417399201272,,47.76440235908342,
Car 150,,,,32,,arrived,,arrived,599.2941089233501,,,
Car 123,,,,,0,switch,,"Charger 0 (fid=308440) not available, trying Charger 7 (fid=31)",599.5212017380767,7,,
Car 137,,,,,13,switch,,"Charger 13 (fid=5) not available, trying Charger 0 (fid=308440)",599.7386223549323,0,,
Car 134,,,,,4,switch,,"Charger 4 (fid=308108) not available, trying Charger 5 (fid=73)",599.7513138785608,5,,
Car 147,,,,,6,switch,,"Charger 6 (fid=60) not available, trying Charger 12 (fid=40)",600.1089237197199,12,,
Car 113,,,,,11,switch,,"Charger 11 (fid=33) not available, trying Charger 8 (fid=32)",600.3089304416434,8,,
Car 145,,,,,13,switch,,"Charger 13 (fid=5) not available, trying Charger 15 (fid=57)",600.5098665075216,15,,
Car 126,,,,,7,switch,,"Charger 7 (fid=31) not available, trying Charger 10 (fid=30)",600.6318374412408,10,,
Car 129,,,,,8,switch,,"Charger 8 (fid=32) not available, trying Charger 7 (fid=31)",600.9770943156335,7,,
Car 124,,,,,8,switch,,"Charger 8 (fid=32) not available, trying Charger 6 (fid=60)",601.0626475676523,6,,
Car 148,,,,,6,switch,,"Charger 6 (fid=60) not available, trying Charger 2 (fid=307904)",601.2181495186749,2,,
Car 132,,,,,0,switch,,"Charger 0 (fid=308440) not available, trying Charger 1 (fid=308702)",601.2333903148836,1,,
Car 140,,,,,15,switch,,"Charger 15 (fid=57) not available, trying Charger 10 (fid=30)",601.3750977305931,10,,
Car 143,,,,,2,switch,,"Charger 2 (fid=307904) not available, trying Charger 3 (fid=307905)",601.4344956287395,3,,
Car 108,,,,,8,switch,,"Charger 8 (fid=32) not available, trying Charger 13 (fid=5)",601.5730715086935,13,,
Car 146,,,,,0,switch,,"Charger 0 (fid=308440) not available, trying Charger 7 (fid=31)",602.0391682270681,7,,
Car 128,,,,,7,switch,,"Charger 7 (fid=31) not available, trying Charger 10 (fid=30)",602.0730878562858,10,,
Car 87,,,,,,gave_up,8,"no alternate charger available, gave up",602.1892981947826,,,
Car 135,,,,,8,switch,,"Charger 8 (fid=32) not available, trying Charger 5 (fid=73)",602.2975411875404,5,,
Car 114,,,,,9,switch,,"Charger 9 (fid=86) not available, trying Charger 1 (fid=308702)",602.3104359058059,1,,
Car 84,,,,,,gave_up,9,"no alternate charger available, gave up",602.4611970834051,,,
Car 149,,,,,7,switch,,"Charger 7 (fid=31) not available, trying Charger 10 (fid=30)",602.6618768143767,10,,
Car 120,,,,,0,switch,,"Charger 0 (fid=308440) not available, trying Charger 1 (fid=308702)",603.1929442720207,1,,
Car 151,,,,117,,arrived,,arrived,603.4830566295899,,,
Car 112,,,,,0,switch,,"Charger 0 (fid=308440) not available, trying Charger 12 (fid=40)",603.674914314,12,,
Car 150,,,,,15,switch,,"Charger 15 (fid=57) not available, trying Charger 0 (fid=308440)",604.2941089233501,0,,
Car 116,,,,,1,switch,,"Charger 1 (fid=308702) not available, trying Charger 7 (fid=31)",604.4172216039449,7,,
Car 98,,,,,4,switch,,"Charger 4 (fid=308108) not available, trying Charger 9 (fid=86)",604.8302000324513,9,,
Car 110,,,,,6,switch,,"Charger 6 (fid=60) not available, trying Charger 2 (fid=307904)",605.2240140193538,2,,
Car 94,,,,,4,switch,,"Charger 4 (fid=308108) not available, trying Charger 9 (fid=86)",605.277546920749,9,,
Car 113,,,,,8,switch,,"Charger 8 (fid=32) not available, trying Charger 12 (fid=40)",605.578029117992,12,,
Car 136,,,,,7,switch,,"Charger 7 (fid=31) not available, trying Charger 10 (fid=30)",605.896563924278,10,,
Car 97,,,,,12,switch,,"Charger 12 (fid=40) not available, trying Charger 4 (fid=308108)",606.0281495368289,4,,
Car 126,,,,,10,switch,,"Charger 10 (fid=30) not available, trying Charger 0 (fid=308440)",606.4565236920447,0,,
Car 93,,,,,4,switch,,"Charger 4 (fid=308108) not available, trying Charger 9 (fid=86)",606.586250162578,9,,
Car 143,,,,,3,switch,,"Charger 3 (fid=307905) not available, trying Charger 5 (fid=73)",606.6981218103035,5,,
Car 123,,,,,7,switch,,"Charger 7 (fid=31) not available, trying Charger 11 (fid=33)",607.3945078300451,11,,
Car 147,,,,,12,switch,,"Charger 12 (fid=40) not available, trying Charger 4 (fid=308108)",607.4372654615225,4,,
Car 129,,,,,7,switch,,"Charger 7 (fid=31) not available, trying Charger 0 (fid=308440)",607.5183465540458,0,,
Car 128,,,,,10,switch,,"Charger 10 (fid=30) not available, trying Charger 14 (fid=34)",607.8977741070897,14,,
Car 151,,,,,2,switch,,"Charger 2 (fid=307904) not available, trying Charger 3 (fid=307905)",608.4830566295899,3,,
Car 149,,,,,10,switch,,"Charger 10 (fid=30) not available, trying Charger 14 (fid=34)",608.4865630651806,14,,
Car 127,,,,,0,switch,,"Charger 0 (fid=308440) not available, trying Charger 4 (fid=308108)",609.0849663380037,4,,
Car 132,,,,,1,switch,,"Charger 1 (fid=308702) not available, trying Charger 7 (fid=31)",609.3438429422821,7,,
Car 145,,,,,15,switch,,"Charger 15 (fid=57) not available, trying Charger 1 (fid=308702)",609.5954518134714,1,,
Car 146,,,,,7,switch,,"Charger 7 (fid=31) not available, trying Charger 5 (fid=73)",609.9124743190365,5,,
Car 116,,,,,7,switch,,"Charger 7 (fid=31) not available, trying Charger 13 (fid=5)",610.1206232029293,13,,
Car 148,,,,,2,switch,,"Charger 2 (fid=307904) not available, trying Charger 3 (fid=307905)",610.2203060313783,3,,
Car 137,,,,,0,switch,,"Charger 0 (fid=308440) not available, trying Charger 15 (fid=57)",610.2958056653995,15,,
Car 108,,,,,13,switch,,"Charger 13 (fid=5) not available, trying Charger 12 (fid=40)",610.3945091271609,12,,
Car 140,,,,,10,switch,,"Charger 10 (fid=30) not available, trying Charger 14 (fid=34)",610.4819521382285,14,,
Car 152,,,,33,,arrived,,arrived,610.4891690670864,,,
Car 134,,,,,5,switch,,"Charger 5 (fid=73) not available, trying Charger 0 (fid=308440)",610.9844048592457,0,,
Car 150,,,,,0,switch,,"Charger 0 (fid=308440) not available, trying Charger 2 (fid=307904)",611.0336832388132,2,,
Car 120,,,,,1,switch,,"Charger 1 (fid=308702) not available, trying Charger 13 (fid=5)",611.3033968994191,13,,
Car 136,,,,,10,switch,,"Charger 10 (fid=30) not available, trying Charger 14 (fid=34)",611.7212501750819,14,,
Car 98,,,,,,gave_up,9,"no alternate charger available, gave up",612.2031300688219,,,
Car 135,,,,,5,switch,,"Charger 5 (fid=73) not available, trying Charger 2 (fid=307904)",612.6319756459332,2,,
Car 94,,,,,,gave_up,9,"no alternate charger available, gave up",612.6504769571196,,,
Car 128,,,,,14,switch,,"Charger 14 (fid=34) not available, trying Charger 1 (fid=308702)",613.0845150179849,1,,
Car 124,,,,,6,switch,,"Charger 6 (fid=60) not available, trying Charger 0 (fid=308440)",613.1404627385585,0,,
Car 149,,,,,14,switch,,"Charger 14 (fid=34) not available, trying Charger 1 (fid=308702)",613.6733039760758,1,,
Car 151,,,,,3,switch,,"Charger 3 (fid=307905) not available, trying Charger 0 (fid=308440)",613.746682811154,0,,
Car 130,59.0,308108,4,,,done,,done charging,613.8066399018364,,,184.12729320064642
Car 97,,308108,4,,,start_charge,,starting to charge at Charger 4 (fid=308108),613.8066399018364,,73.66339855616792,
Car 123,,,,,11,switch,,"Charger 11 (fid=33) not available, trying Charger 10 (fid=30)",613.9189685689284,10,,
Car 93,,,,,,gave_up,9,"no alternate charger available, gave up",613.9591801989486,,,
Car 110,,,,,2,switch,,"Charger 2 (fid=307904) not available, trying Charger 3 (fid=307905)",614.2261705320573,3,,
Car 126,,,,,0,switch,,"Charger 0 (fid=308440) not available, trying Charger 14 (fid=34)",614.4882281054009,14,,
Car 112,,,,,12,switch,,"Charger 12 (fid=40) not available, trying Charger 2 (fid=307904)",614.8254357642594,2,,
Car 153,,,,73,,arrived,,arrived,615.0412403571067,,,
Car 132,,,,,7,switch,,"Charger 7 (fid=31) not available, trying Charger 10 (fid=30)",615.0472445412665,10,,
Car 154,,,,34,,arrived,,arrived,615.0559598893283,,,
Car 129,,,,,0,switch,,"Charger 0 (fid=308440) not available, trying Charger 1 (fid=308702)",615.3916526460142,1,,
Car 148,,,,,3,switch,,"Charger 3 (fid=307905) not available, trying Charger 15 (fid=57)",615.4839322129424,15,,
Car 152,,,,,15,switch,,"Charger 15 (fid=57) not available, trying Charger 0 (fid=308440)",615.4891690670864,0,,
Car 140,,,,,14,switch,,"Charger 14 (fid=34) not available, trying Charger 6 (fid=60)",615.6686930491237,6,,
Car 121,45.0,308702,1,,,done,,done charging,615.9241902719414,,,273.72819496667927
Car 114,,308702,1,,,start_charge,,starting to charge at Charger 1 (fid=308702),615.9241902719414,,49.29910143635152,
Car 147,,,,,4,switch,,"Charger 4 (fid=308108) not available, trying Charger 2 (fid=307904)",616.5523572703621,2,,
Car 136,,,,,14,switch,,"Charger 14 (fid=34) not available, trying Charger 1 (fid=308702)",616.9079910859771,1,,
Car 137,,,,,15,switch,,"Charger 15 (fid=57) not available, trying Charger 5 (fid=73)",617.0353799808626,5,,
Car 143,,,,,5,switch,,"Charger 5 (fid=73) not available, trying Charger 6 (fid=60)",617.3442401817632,6,,
Car 145,,,,,1,switch,,"Charger 1 (fid=308702) not available, trying Charger 6 (fid=60)",618.0055096572655,6,,
Car 155,,,,73,,arrived,,arrived,618.6867600600124,,,
Car 116,,,,,13,switch,,"Charger 13 (fid=5) not available, trying Charger 10 (fid=30)",618.91412622363,10,,
Car 146,,,,,5,switch,,"Charger 5 (fid=73) not available, trying Charger 10 (fid=30)",619.1719116025714,10,,
Car 113,,,,,12,switch,,"Charger 12 (fid=40) not available, trying Charger 2 (fid=307904)",619.1785302069006,2,,
Car 128,,,,,1,switch,,"Charger 1 (fid=308702) not available, trying Charger 11 (fid=33)",619.2173349641165,11,,
Car 110,,,,,3,switch,,"Charger 3 (fid=307905) not available, trying Charger 12 (fid=40)",619.4897967136213,12,,
Car 123,,,,,10,switch,,"Charger 10 (fid=30) not available, trying Charger 8 (fid=32)",619.7344968080055,8,,
Car 149,,,,,1,switch,,"Charger 1 (fid=308702) not available, trying Charger 0 (fid=308440)",619.8061239222073,0,,
Car 120,,,,,13,switch,,"Charger 13 (fid=5) not available, trying Charger 7 (fid=31)",619.858510256839,7,,
Car 153,,,,,5,switch,,"Charger 5 (fid=73) not available, trying Charger 13 (fid=5)",620.0412403571067,13,,
Car 154,,,,,15,switch,,"Charger 15 (fid=57) not available, trying Charger 0 (fid=308440)",620.0559598893283,0,,
Car 134,,,,,0,switch,,"Charger 0 (fid=308440) not available, trying Charger 9 (fid=86)",620.2481838718235,9,,
Car 150,,,,,2,switch,,"Charger 2 (fid=307904) not available, trying Charger 3 (fid=307905)",620.3701707377064,3,,
Car 156,,,,40,,arrived,,arrived,620.538752464715,,,
Car 132,,,,,10,switch,,"Charger 10 (fid=30) not available, trying Charger 14 (fid=34)",620.8719307920704,14,,
Car 157,,,,33,,arrived,,arrived,621.4291009554157,,,
Car 127,,,,,4,switch,,"Charger 4 (fid=308108) not available, trying Charger 1 (fid=308702)",621.4464253810515,1,,
Car 108,,,,,12,switch,,"Charger 12 (fid=40) not available, trying Charger 9 (fid=86)",621.5170715806428,9,,
Car 152,,,,,0,switch,,"Charger 0 (fid=308440) not available, trying Charger 2 (fid=307904)",622.2287433825495,2,,
Car 126,,,,,14,switch,,"Charger 14 (fid=34) not available, trying Charger 11 (fid=33)",622.5909196786548,11,,
Car 124,,,,,0,switch,,"Charger 0 (fid=308440) not available, trying Charger 12 (fid=40)",622.7682982708154,12,,
Car 136,,,,,1,switch,,"Charger 1 (fid=308702) not available, trying Charger 12 (fid=40)",623.0408110321086,12,,
Car 133,64.0,308440,0,,,done,,done charging,623.0760347654331,,,136.73927737693603
Car 151,,308440,0,,,start_charge,,starting to charge at Charger 0 (fid=308440),623.0760347654331,,14.976527623765037,
Car 135,,,,,2,switch,,"Charger 2 (fid=307904) not available, trying Charger 3 (fid=307905)",623.261757185772,3,,
Car 129,,,,,1,switch,,"Charger 1 (fid=308702) not available, trying Charger 10 (fid=30)",623.5021052734127,10,,
Car 73,83.0,32,8,,,done,,done charging,623.5076034871686,,,387.88361890294806
Car 123,,32,8,,,start_charge,,starting to charge at Charger 8 (fid=32),623.5076034871686,,52.94078694055713,
Car 155,,,,,5,switch,,"Charger 5 (fid=73) not available, trying Charger 13 (fid=5)",623.6867600600124,13,,
Car 112,,,,,2,switch,,"Charger 2 (fid=307904) not available, trying Charger 3 (fid=307905)",624.340028354057,3,,
Car 148,,,,,15,switch,,"Charger 15 (fid=57) not available, trying Charger 12 (fid=40)",624.4790073170092,12,,
Car 158,,,,8,,arrived,,arrived,624.5943237394533,,,
Car 137,,,,,5,switch,,"Charger 5 (fid=73) not available, trying Charger 6 (fid=60)",624.902263150265,6,,
Car 147,,,,,2,switch,,"Charger 2 (fid=307904) not available, trying Charger 3 (fid=307905)",625.0584902849935,3,,
Car 143,,,,,6,switch,,"Charger 6 (fid=60) not available, trying Charger 7 (fid=31)",625.3734292032827,7,,
Car 156,,,,,12,switch,,"Charger 12 (fid=40) not available, trying Charger 6 (fid=60)",625.538752464715,6,,
Car 150,,,,,3,switch,,"Charger 3 (fid=307905) not available, trying Charger 5 (fid=73)",625.6337969192705,5,,
Car 128,,,,,11,switch,,"Charger 11 (fid=33) not available, trying Charger 8 (fid=32)",625.9789422384298,8,,
Car 132,,,,,14,switch,,"Charger 14 (fid=34) not available, trying Charger 4 (fid=308108)",626.0586717029656,4,,
Car 157,,,,,15,switch,,"Charger 15 (fid=57) not available, trying Charger 0 (fid=308440)",626.4291009554157,0,,
Car 159,,,,50,,arrived,,arrived,626.5388420219448,,,
Car 154,,,,,0,switch,,"Charger 0 (fid=308440) not available, trying Charger 2 (fid=307904)",626.7955342047914,2,,
Car 140,,,,,6,switch,,"Charger 6 (fid=60) not available, trying Charger 11 (fid=33)",627.1009293923191,11,,
Car 153,,,,,13,switch,,"Charger 13 (fid=5) not available, trying Charger 15 (fid=57)",627.5063114433774,15,,
Car 149,,,,,0,switch,,"Charger 0 (fid=308440) not available, trying Charger 11 (fid=33)",627.9165765496058,11,,
Car 116,,,,,10,switch,,"Charger 10 (fid=30) not available, trying Charger 14 (fid=34)",628.1660361448912,14,,
Car 160,,,,10,,arrived,,arrived,628.2975249057773,,,
Car 126,,,,,11,switch,,"Charger 11 (fid=33) not available, trying Charger 8 (fid=32)",628.4774350776295,8,,
Car 135,,,,,3,switch,,"Charger 3 (fid=307905) not available, trying Charger 6 (fid=60)",628.5253833673361,6,,
Car 120,,,,,7,switch,,"Charger 7 (fid=31) not available, trying Charger 10 (fid=30)",628.6520132775397,10,,
Car 145,,,,,6,switch,,"Charger 6 (fid=60) not available, trying Charger 7 (fid=31)",628.669962276722,7,,
Car 113,,,,,2,switch,,"Charger 2 (fid=307904) not available, trying Charger 3 (fid=307905)",628.6931227966983,3,,
Car 119,98.0,57,15,,,done,,done charging,628.7046545402909,,,123.37059465036903
Car 146,,,,,10,switch,,"Charger 10 (fid=30) not available, trying Charger 14 (fid=34)",628.7897800733557,14,,
Car 110,,,,,12,switch,,"Charger 12 (fid=40) not available, trying Charger 4 (fid=308108)",629.0207261350397,4,,
Car 129,,,,,10,switch,,"Charger 10 (fid=30) not available, trying Charger 14 (fid=34)",629.5639380596466,14,,
Car 158,,,,,5,switch,,"Charger 5 (fid=73) not available, trying Charger 13 (fid=5)",629.5943237394533,13,,
Car 112,,,,,3,switch,,"Charger 3 (fid=307905) not available, trying Charger 4 (fid=308108)",629.6036545356211,4,,
Car 131,62.0,308702,1,,,done,,done charging,629.6075283748285,,,308.4011638031461
Car 127,,308702,1,,,start_charge,,starting to charge at Charger 1 (fid=308702),629.8445015112989,,45.0,
Car 147,,,,,3,switch,,"Charger 3 (fid=307905) not available, trying Charger 5 (fid=73)",630.3221164665575,5,,
Car 161,,,,70,,arrived,,arrived,630.516007803758,,,
Car 161,,57,15,,,start_charge,,starting to charge at Charger 15 (fid=57),630.516007803758,,0.0,
Car 155,,,,,13,switch,,"Charger 13 (fid=5) not available, trying Charger 15 (fid=57)",631.151831146283,15,,
Car 128,,,,,8,switch,,"Charger 8 (fid=32) not available, trying Charger 13 (fid=5)",631.2480409147784,13,,
Car 118,96.0,34,14,,,done,,done charging,631.2766363925346,,,26.91333970036788
Car 116,,34,14,,,start_charge,,starting to charge at Charger 14 (fid=34),631.2766363925346,,67.92385933674814,
Car 159,,,,,12,switch,,"Charger 12 (fid=40) not available, trying Charger 6 (fid=60)",631.5388420219448,6,,
Car 152,,,,,2,switch,,"Charger 2 (fid=307904) not available, trying Charger 3 (fid=307905)",631.5652308814427,3,,
Car 108,,,,,9,switch,,"Charger 9 (fid=86) not available, trying Charger 4 (fid=308108)",632.4010116136745,4,,
Car 134,,,,,9,switch,,"Charger 9 (fid=86) not available, trying Charger 1 (fid=308702)",632.4115449223553,1,,
Car 156,,,,,6,switch,,"Charger 6 (fid=60) not available, trying Charger 4 (fid=308108)",632.8670942065177,4,,
Car 137,,,,,6,switch,,"Charger 6 (fid=60) not available, trying Charger 2 (fid=307904)",632.9314521717845,2,,
Car 96,106.0,60,6,,,done,,done charging,633.0685691588657,,,279.31389482992796
Car 135,,60,6,,,start_charge,,starting to charge at Charger 6 (fid=60),633.0685691588657,,55.52469244720544,
Car 157,,,,,0,switch,,"Charger 0 (fid=308440) not available, trying Charger 2 (fid=307904)",633.1686752708788,2,,
Car 160,,,,,5,switch,,"Charger 5 (fid=73) not available, trying Charger 6 (fid=60)",633.2975249057773,6,,
Car 162,,,,4,,arrived,,arrived,633.6360131312115,,,
Car 126,,,,,8,switch,,"Charger 8 (fid=32) not available, trying Charger 4 (fid=308108)",633.746533753978,4,,
Car 124,,,,,12,switch,,"Charger 12 (fid=40) not available, trying Charger 2 (fid=307904)",633.9188197210748,2,,
Car 113,,,,,3,switch,,"Charger 3 (fid=307905) not available, trying Charger 4 (fid=308108)",633.9567489782623,4,,
Car 146,,,,,14,switch,,"Charger 14 (fid=34) not available, trying Charger 1 (fid=308702)",633.9765209842509,1,,
Car 163,,,,73,,arrived,,arrived,634.1467643714568,,,
Car 120,,,,,10,switch,,"Charger 10 (fid=30) not available, trying Charger 14 (fid=34)",634.4766995283436,14,,
Car 129,,,,,14,switch,,"Charger 14 (fid=34) not available, trying Charger 4 (fid=308108)",634.7506789705418,4,,
Car 148,,,,,12,switch,,"Charger 12 (fid=40) not available, trying Charger 4 (fid=308108)",634.8930241603723,4,,
Car 136,,,,,12,switch,,"Charger 12 (fid=40) not available, trying Charger 11 (fid=33)",635.2279495695676,11,,
Car 164,,,,23,,arrived,,arrived,635.8074836081646,,,
Car 154,,,,,2,switch,,"Charger 2 (fid=307904) not available, trying Charger 3 (fid=307905)",636.1320217036846,3,,
Car 150,,,,,5,switch,,"Charger 5 (fid=73) not available, trying Charger 6 (fid=60)",636.2799152907302,6,,
Car 143,,,,,7,switch,,"Charger 7 (fid=31) not available, trying Charger 10 (fid=30)",636.376247199331,10,,
Car 77,95.0,33,11,,,done,,done charging,636.5476133884109,,,387.5292197953884
Car 149,,33,11,,,start_charge,,starting to charge at Charger 11 (fid=33),636.5476133884109,,29.899557937369536,
Car 153,,,,,15,switch,,"Charger 15 (fid=57) not available, trying Charger 6 (fid=60)",636.5918967493272,6,,
Car 138,50.0,307905,3,,,done,,done charging,636.8037134860639,,,250.58592585872321
Car 152,,307905,3,,,start_charge,,starting to charge at Charger 3 (fid=307905),636.8037134860639,,19.974856423057076,
Car 158,,,,,13,switch,,"Charger 13 (fid=5) not available, trying Charger 6 (fid=60)",637.059394825724,6,,
Car 112,,,,,4,switch,,"Charger 4 (fid=308108) not available, trying Charger 9 (fid=86)",638.1261243818733,9,,
Car 110,,,,,4,switch,,"Charger 4 (fid=308108) not available, trying Charger 9 (fid=86)",638.1358179438793,9,,
Car 162,,,,,6,switch,,"Charger 6 (fid=60) not available, trying Charger 2 (fid=307904)",638.6360131312115,2,,
Car 159,,,,,6,switch,,"Charger 6 (fid=60) not available, trying Charger 4 (fid=308108)",638.8671837637474,4,,
Car 163,,,,,5,switch,,"Charger 5 (fid=73) not available, trying Charger 13 (fid=5)",639.1467643714568,13,,
Car 140,,,,,11,switch,,"Charger 11 (fid=33) not available, trying Charger 8 (fid=32)",639.1619530636964,8,,
Car 120,,,,,14,switch,,"Charger 14 (fid=34) not available, trying Charger 11 (fid=33)",639.6634404392388,11,,
Car 145,,,,,7,switch,,"Charger 7 (fid=31) not available, trying Charger 10 (fid=30)",639.6727802727703,10,,
Car 108,,,,,,gave_up,4,"no alternate charger available, gave up",639.7739416500451,,,
Car 128,,,,,13,switch,,"Charger 13 (fid=5) not available, trying Charger 12 (fid=40)",640.0694785332457,12,,
Car 146,,,,,1,switch,,"Charger 1 (fid=308702) not available, trying Charger 2 (fid=307904)",640.1093409303825,2,,
Car 132,,,,,4,switch,,"Charger 4 (fid=308108) not available, trying Charger 2 (fid=307904)",640.224531556952,2,,
Car 155,,,,,15,switch,,"Charger 15 (fid=57) not available, trying Charger 6 (fid=60)",640.2374164522329,6,,
Car 165,,,,38,,arrived,,arrived,640.5721070579627,,,
Car 164,,,,,11,switch,,"Charger 11 (fid=33) not available, trying Charger 8 (fid=32)",640.8074836081646,8,,
Car 147,,,,,5,switch,,"Charger 5 (fid=73) not available, trying Charger 9 (fid=86)",640.9682348380172,9,,
Car 160,,,,,6,switch,,"Charger 6 (fid=60) not available, trying Charger 13 (fid=5)",641.3267139272969,13,,
Car 154,,,,,3,switch,,"Charger 3 (fid=307905) not available, trying Charger 6 (fid=60)",641.3956478852486,6,,
Car 137,,,,,2,switch,,"Charger 2 (fid=307904) not available, trying Charger 3 (fid=307905)",641.9336086844879,3,,
Car 156,,,,,4,switch,,"Charger 4 (fid=308108) not available, trying Charger 2 (fid=307904)",642.0896625676963,2,,
Car 143,,,,,10,switch,,"Charger 10 (fid=30) not available, trying Charger 14 (fid=34)",642.2009334501349,14,,
Car 101,55.0,5,13,,,done,,done charging,642.3075730961118,,,595.0696088274275
Car 165,,5,13,,,start_charge,,starting to charge at Charger 13 (fid=5),642.3075730961118,,1.7354660381490703,
Car 113,,,,,4,switch,,"Charger 4 (fid=308108) not available, trying Charger 9 (fid=86)",642.4792188245145,9,,
Car 157,,,,,2,switch,,"Charger 2 (fid=307904) not available, trying Charger 3 (fid=307905)",642.505162769772,3,,
Car 124,,,,,2,switch,,"Charger 2 (fid=307904) not available, trying Charger 3 (fid=307905)",643.4334123108724,3,,
Car 148,,,,,4,switch,,"Charger 4 (fid=308108) not available, trying Charger 5 (fid=73)",644.0081159692119,5,,
Car 150,,,,,6,switch,,"Charger 6 (fid=60) not available, trying Charger 7 (fid=31)",644.3091043122497,7,,
Car 140,,,,,8,switch,,"Charger 8 (fid=32) not available, trying Charger 12 (fid=40)",644.431051740045,12,,
Car 153,,,,,6,switch,,"Charger 6 (fid=60) not available, trying Charger 1 (fid=308702)",645.4832276746879,1,,
Car 145,,,,,10,switch,,"Charger 10 (fid=30) not available, trying Charger 14 (fid=34)",645.4974665235742,14,,
Car 112,,,,,,gave_up,9,"no alternate charger available, gave up",645.4990544182439,,,
Car 110,,,,,,gave_up,9,"no alternate charger available, gave up",645.5087479802498,,,
Car 120,,,,,11,switch,,"Charger 11 (fid=33) not available, trying Charger 8 (fid=32)",645.5499558382135,8,,
Car 144,62.0,31,7,,,done,,done charging,645.8958983735216,,,162.1054987224458
Car 117,61.0,308108,4,,,done,,done charging,646.0561665295668,,,465.9540775094522
Car 159,,308108,4,,,start_charge,,starting to charge at Charger 4 (fid=308108),646.0561665295668,,12.966414404640659,
Car 164,,,,,8,switch,,"Charger 8 (fid=32) not available, trying Charger 10 (fid=30)",646.0765822845132,10,,
Car 163,,,,,13,switch,,"Charger 13 (fid=5) not available, trying Charger 15 (fid=57)",646.6118354577275,15,,
Car 158,,,,,6,switch,,"Charger 6 (fid=60) not available, trying Charger 15 (fid=57)",646.6633187354074,15,,
Car 134,,,,,1,switch,,"Charger 1 (fid=308702) not available, trying Charger 13 (fid=5)",646.7261978521393,13,,
Car 125,80.0,30,10,,,done,,done charging,646.9843231677746,,,260.7916781427183
Car 164,,30,10,,,start_charge,,starting to charge at Charger 10 (fid=30),646.9843231677746,,10.075421144655479,
Car 137,,,,,3,switch,,"Charger 3 (fid=307905) not available, trying Charger 12 (fid=40)",647.197234866052,12,,
Car 143,,,,,14,switch,,"Charger 14 (fid=34) not available, trying Charger 1 (fid=308702)",647.3876743610301,1,,
Car 162,,,,,2,switch,,"Charger 2 (fid=307904) not available, trying Charger 3 (fid=307905)",647.6381696439149,3,,
Car 157,,,,,3,switch,,"Charger 3 (fid=307905) not available, trying Charger 6 (fid=60)",647.7687889513361,6,,
Car 126,,,,,4,switch,,"Charger 4 (fid=308108) not available, trying Charger 2 (fid=307904)",648.5579724356751,2,,
Car 124,,,,,3,switch,,"Charger 3 (fid=307905) not available, trying Charger 4 (fid=308108)",648.6970384924365,4,,
Car 132,,,,,2,switch,,"Charger 2 (fid=307904) not available, trying Charger 3 (fid=307905)",648.7306645715834,3,,
Car 136,,,,,11,switch,,"Charger 11 (fid=33) not available, trying Charger 8 (fid=32)",648.8116591589474,8,,
Car 129,,,,,4,switch,,"Charger 4 (fid=308108) not available, trying Charger 2 (fid=307904)",648.9165388245282,2,,
Car 155,,,,,6,switch,,"Charger 6 (fid=60) not available, trying Charger 1 (fid=308702)",649.1287473775935,1,,
Car 113,,,,,,gave_up,9,"no alternate charger available, gave up",649.8521488608851,,,
Car 80,117.0,40,12,,,done,,done charging,649.9629943550306,,,389.8096676319202
Car 128,,40,12,,,start_charge,,starting to charge at Charger 12 (fid=40),649.9629943550306,,68.77095336830291,
Car 166,,,,7,,arrived,,arrived,650.2596704621387,,,
Car 150,,31,7,,,start_charge,,starting to charge at Charger 7 (fid=31),650.311922308298,,30.0,
Car 154,,,,,6,switch,,"Charger 6 (fid=60) not available, trying Charger 5 (fid=73)",650.4141412295728,5,,
Car 156,,,,,2,switch,,"Charger 2 (fid=307904) not available, trying Charger 3 (fid=307905)",650.5957955823277,3,,
Car 122,112.0,60,6,,,done,,done charging,650.6824074281476,,,108.72370347984227
Car 145,,,,,14,switch,,"Charger 14 (fid=34) not available, trying Charger 0 (fid=308440)",650.6842074344694,0,,
Car 167,,,,18,,arrived,,arrived,650.725475622097,,,
Car 120,,,,,,gave_up,8,"no alternate charger available, gave up",650.819054514562,,,
Car 160,,,,,13,switch,,"Charger 13 (fid=5) not available, trying Charger 12 (fid=40)",650.9306378369803,12,,
Car 146,,,,,2,switch,,"Charger 2 (fid=307904) not available, trying Charger 3 (fid=307905)",651.5971203085279,3,,
Car 157,,60,6,,,start_charge,,starting to charge at Charger 6 (fid=60),651.7872822956602,,20.0,
Car 109,53.0,34,14,,,done,,done charging,651.8417399201272,,,405.43069344818684
Car 162,,,,,3,switch,,"Charger 3 (fid=307905) not available, trying Charger 15 (fid=57)",652.901795825479,15,,
Car 111,107.0,32,8,,,done,,done charging,652.9704374306942,,,148.4966371991252
Car 136,,32,8,,,start_charge,,starting to charge at Charger 8 (fid=32),652.9704374306942,,63.88967959539832,
Car 143,,,,,1,switch,,"Charger 1 (fid=308702) not available, trying Charger 11 (fid=33)",653.5204943071617,11,,
Car 132,,,,,3,switch,,"Charger 3 (fid=307905) not available, trying Charger 11 (fid=33)",653.9942907531474,11,,
Car 147,,,,,9,switch,,"Charger 9 (fid=86) not available, trying Charger 15 (fid=57)",654.0025757498634,15,,
Car 148,,,,,5,switch,,"Charger 5 (fid=73) not available, trying Charger 0 (fid=308440)",655.2412069498968,0,,
Car 166,,,,,4,switch,,"Charger 4 (fid=308108) not available, trying Charger 2 (fid=307904)",655.2596704621387,2,,
Car 134,,,,,13,switch,,"Charger 13 (fid=5) not available, trying Charger 7 (fid=31)",655.2813112095592,7,,
Car 158,,,,,15,switch,,"Charger 15 (fid=57) not available, trying Charger 12 (fid=40)",655.5546496607681,12,,
Car 163,,,,,15,switch,,"Charger 15 (fid=57) not available, trying Charger 6 (fid=60)",655.6974207636773,6,,
Car 167,,,,,15,switch,,"Charger 15 (fid=57) not available, trying Charger 0 (fid=308440)",655.725475622097,0,,
Car 156,,,,,3,switch,,"Charger 3 (fid=307905) not available, trying Charger 5 (fid=73)",655.8594217638918,5,,
Car 142,67.0,57,15,,,done,,done charging,655.9185956662984,,,141.5956251090514
Car 153,,,,,1,switch,,"Charger 1 (fid=308702) not available, trying Charger 7 (fid=31)",656.1476802941444,7,,
Car 137,,,,,12,switch,,"Charger 12 (fid=40) not available, trying Charger 4 (fid=308108)",656.7281642874703,4,,
Car 146,,,,,3,switch,,"Charger 3 (fid=307905) not available, trying Charger 6 (fid=60)",656.860746490092,6,,
Car 162,,57,15,,,start_charge,,starting to charge at Charger 15 (fid=57),656.8968709295458,,15.0,
Car 126,,,,,2,switch,,"Charger 2 (fid=307904) not available, trying Charger 3 (fid=307905)",657.0641054503064,3,,
Car 124,,,,,4,switch,,"Charger 4 (fid=308108) not available, trying Charger 9 (fid=86)",657.2195083386887,9,,
Car 129,,,,,2,switch,,"Charger 2 (fid=307904) not available, trying Charger 3 (fid=307905)",657.4226718391595,3,,
Car 100,94.0,40,12,,,done,,done charging,657.9178135205441,,,378.8340361909932
Car 140,,40,12,,,start_charge,,starting to charge at Charger 12 (fid=40),657.9178135205441,,54.88626069159045,
Car 168,,,,6,,arrived,,arrived,657.992934182591,,,
Car 154,,,,,5,switch,,"Charger 5 (fid=73) not available, trying Charger 7 (fid=31)",658.4433302510923,7,,
Car 145,,,,,0,switch,,"Charger 0 (fid=308440) not available, trying Charger 11 (fid=33)",658.7868990077233,11,,
Car 95,62.0,86,9,,,done,,done charging,659.2998909102573,,,529.1225008583647
Car 124,,86,9,,,start_charge,,starting to charge at Charger 9 (fid=86),659.5924383750593,,75.0,
Car 155,,,,,1,switch,,"Charger 1 (fid=308702) not available, trying Charger 7 (fid=31)",659.79319999705,7,,
Car 169,,,,8,,arrived,,arrived,660.0914533114033,,,
Car 143,,,,,11,switch,,"Charger 11 (fid=33) not available, trying Charger 8 (fid=32)",660.282101581475,8,,
Car 170,,,,54,,arrived,,arrived,660.7461791297588,,,
Car 153,,,,,7,switch,,"Charger 7 (fid=31) not available, trying Charger 0 (fid=308440)",661.8510818931288,0,,
Car 160,,,,,12,switch,,"Charger 12 (fid=40) not available, trying Charger 15 (fid=57)",662.0532002904622,15,,
Car 102,69.0,33,11,,,done,,done charging,662.169700893354,,,367.7324713327458
Car 132,,33,11,,,start_charge,,starting to charge at Charger 11 (fid=33),662.169700893354,,65.60382539689522,
Car 126,,,,,3,switch,,"Charger 3 (fid=307905) not available, trying Charger 9 (fid=86)",662.3277316318705,9,,
Car 167,,,,,0,switch,,"Charger 0 (fid=308440) not available, trying Charger 2 (fid=307904)",662.46504993756,2,,
Car 90,90.0,86,9,,,done,,done charging,662.544266252691,,,606.4277451595078
Car 129,,,,,3,switch,,"Charger 3 (fid=307905) not available, trying Charger 9 (fid=86)",662.6862980207236,9,,
Car 171,,,,23,,arrived,,arrived,662.741789614105,,,
Car 103,65.0,73,5,,,done,,done charging,662.9307712668948,,,433.96440346991284
Car 169,,73,5,,,start_charge,,starting to charge at Charger 5 (fid=73),662.9307712668948,,2.8393179554915378,
Car 168,,,,,6,switch,,"Charger 6 (fid=60) not available, trying Charger 2 (fid=307904)",662.992934182591,2,,
Car 166,,,,,2,switch,,"Charger 2 (fid=307904) not available, trying Charger 3 (fid=307905)",663.7658034767701,3,,
Car 134,,,,,7,switch,,"Charger 7 (fid=31) not available, trying Charger 10 (fid=30)",664.0748142302599,10,,
Car 148,,,,,0,switch,,"Charger 0 (fid=308440) not available, trying Charger 9 (fid=86)",664.5049859624745,9,,
Car 163,,,,,6,switch,,"Charger 6 (fid=60) not available, trying Charger 1 (fid=308702)",664.588751689038,1,,
Car 115,98.0,73,5,,,done,,done charging,665.2959394512861,,,337.4791071624733
Car 156,,73,5,,,start_charge,,starting to charge at Charger 5 (fid=73),665.2959394512861,,28.79039931593468,
Car 126,,86,9,,,start_charge,,starting to charge at Charger 9 (fid=86),665.4182313650732,,75.0,
Car 155,,,,,7,switch,,"Charger 7 (fid=31) not available, trying Charger 0 (fid=308440)",665.4966015960345,0,,
Car 143,,,,,8,switch,,"Charger 8 (fid=32) not available, trying Charger 13 (fid=5)",665.5512002578236,13,,
Car 170,,,,,15,switch,,"Charger 15 (fid=57) not available, trying Charger 0 (fid=308440)",665.7461791297588,0,,
Car 147,,,,,15,switch,,"Charger 15 (fid=57) not available, trying Charger 13 (fid=5)",665.808187573948,13,,
Car 137,,,,,4,switch,,"Charger 4 (fid=308108) not available, trying Charger 9 (fid=86)",665.8432560963099,9,,
Car 146,,,,,6,switch,,"Charger 6 (fid=60) not available, trying Charger 11 (fid=33)",665.8792398344161,11,,
Car 158,,,,,12,switch,,"Charger 12 (fid=40) not available, trying Charger 1 (fid=308702)",665.9686665041312,1,,
Car 141,92.0,5,13,,,done,,done charging,666.7951727948696,,,74.00372403072134
Car 145,,,,,11,switch,,"Charger 11 (fid=33) not available, trying Charger 8 (fid=32)",667.5183779091589,8,,
Car 154,,,,,7,switch,,"Charger 7 (fid=31) not available, trying Charger 10 (fid=30)",667.7027675346272,10,,
Car 171,,,,,11,switch,,"Charger 11 (fid=33) not available, trying Charger 8 (fid=32)",667.741789614105,8,,
Car 166,,,,,3,switch,,"Charger 3 (fid=307905) not available, trying Charger 9 (fid=86)",669.0294296583342,9,,
Car 143,,5,13,,,start_charge,,starting to charge at Charger 13 (fid=5),669.3726378762909,,60.0,
Car 153,,,,,0,switch,,"Charger 0 (fid=308440) not available, trying Charger 12 (fid=40)",669.7243879850972,12,,
Car 134,,,,,10,switch,,"Charger 10 (fid=30) not available, trying Charger 14 (fid=34)",669.8995004810638,14,,
Car 134,,34,14,,,start_charge,,starting to charge at Charger 14 (fid=34),670.086241391959,,65.0,
Car 129,,,,,,gave_up,9,"no alternate charger available, gave up",670.7767977539263,,,
Car 167,,,,,2,switch,,"Charger 2 (fid=307904) not available, trying Charger 3 (fid=307905)",671.8015374364533,3,,
Car 168,,,,,2,switch,,"Charger 2 (fid=307904) not available, trying Charger 3 (fid=307905)",671.9950906952944,3,,
Car 160,,,,,15,switch,,"Charger 15 (fid=57) not available, trying Charger 1 (fid=308702)",672.4672171338253,1,,
Car 170,,,,,0,switch,,"Charger 0 (fid=308440) not available, trying Charger 5 (fid=73)",672.4857534452219,5,,
Car 145,,,,,8,switch,,"Charger 8 (fid=32) not available, trying Charger 12 (fid=40)",672.7874765855074,12,,
Car 171,,,,,8,switch,,"Charger 8 (fid=32) not available, trying Charger 10 (fid=30)",673.0108882904535,10,,
Car 137,,,,,,gave_up,9,"no alternate charger available, gave up",673.2161861326805,,,
Car 155,,,,,0,switch,,"Charger 0 (fid=308440) not available, trying Charger 12 (fid=40)",673.3699076880029,12,,
Car 154,,,,,10,switch,,"Charger 10 (fid=30) not available, trying Charger 14 (fid=34)",673.5274537854311,14,,
Car 172,,,,72,,arrived,,arrived,674.4078244695812,,,
Car 147,,,,,13,switch,,"Charger 13 (fid=5) not available, trying Charger 0 (fid=308440)",674.8937728798978,0,,
Car 163,,,,,1,switch,,"Charger 1 (fid=308702) not available, trying Charger 7 (fid=31)",675.2532043084944,7,,
Car 105,117.0,30,10,,,done,,done charging,676.3189381869863,,,337.0244991096795
Car 171,,30,10,,,start_charge,,starting to charge at Charger 10 (fid=30),676.3189381869863,,12.475730157926819,
Car 148,,,,,9,switch,,"Charger 9 (fid=86) not available, trying Charger 1 (fid=308702)",676.6683470130064,1,,
Car 173,,,,44,,arrived,,arrived,676.8529898531009,,,
Car 167,,,,,3,switch,,"Charger 3 (fid=307905) not available, trying Charger 5 (fid=73)",677.0651636180173,5,,
Car 166,,,,,9,switch,,"Charger 9 (fid=86) not available, trying Charger 12 (fid=40)",677.1199293915369,12,,
Car 168,,,,,3,switch,,"Charger 3 (fid=307905) not available, trying Charger 15 (fid=57)",677.2587168768584,15,,
Car 174,,,,21,,arrived,,arrived,677.272674891384,,,
Car 146,,,,,11,switch,,"Charger 11 (fid=33) not available, trying Charger 8 (fid=32)",677.9402635057934,8,,
Car 158,,,,,1,switch,,"Charger 1 (fid=308702) not available, trying Charger 7 (fid=31)",678.1558050415902,7,,
Car 154,,,,,14,switch,,"Charger 14 (fid=34) not available, trying Charger 1 (fid=308702)",678.7141946963263,1,,
Car 172,,,,,15,switch,,"Charger 15 (fid=57) not available, trying Charger 0 (fid=308440)",679.4078244695812,0,,
Car 175,,,,60,,arrived,,arrived,680.1549932684077,,,
Car 153,,,,,12,switch,,"Charger 12 (fid=40) not available, trying Charger 10 (fid=30)",680.8749094353566,10,,
Car 160,,,,,1,switch,,"Charger 1 (fid=308702) not available, trying Charger 0 (fid=308440)",680.8772749776194,0,,
Car 163,,,,,7,switch,,"Charger 7 (fid=31) not available, trying Charger 0 (fid=308440)",680.9566059074789,0,,
Car 176,,,,45,,arrived,,arrived,681.1335336909304,,,
Car 177,,,,9,,arrived,,arrived,681.5520718352248,,,
Car 170,,,,,5,switch,,"Charger 5 (fid=73) not available, trying Charger 1 (fid=308702)",681.7495324577997,1,,
Car 173,,,,,7,switch,,"Charger 7 (fid=31) not available, trying Charger 1 (fid=308702)",681.8529898531009,1,,
Car 174,,,,,0,switch,,"Charger 0 (fid=308440) not available, trying Charger 15 (fid=57)",682.272674891384,15,,
Car 104,102.0,308440,0,,,done,,done charging,682.5663234286152,,,417.52164346821854
Car 147,,308440,0,,,start_charge,,starting to charge at Charger 0 (fid=308440),682.5663234286152,,47.1153672382502,
Car 146,,,,,8,switch,,"Charger 8 (fid=32) not available, trying Charger 13 (fid=5)",683.209362182142,13,,
Car 178,,,,15,,arrived,,arrived,683.2810341187503,,,
Car 158,,,,,7,switch,,"Charger 7 (fid=31) not available, trying Charger 10 (fid=30)",683.8592066405746,10,,
Car 155,,,,,12,switch,,"Charger 12 (fid=40) not available, trying Charger 10 (fid=30)",684.5204291382622,10,,
Car 154,,,,,1,switch,,"Charger 1 (fid=308702) not available, trying Charger 12 (fid=40)",684.8470146424579,12,,
Car 179,,,,74,,arrived,,arrived,684.8650792966348,,,
Car 175,,,,,6,switch,,"Charger 6 (fid=60) not available, trying Charger 12 (fid=40)",685.1549932684077,12,,
Car 176,,,,,6,switch,,"Charger 6 (fid=60) not available, trying Charger 12 (fid=40)",686.1335336909304,12,,
Car 172,,,,,0,switch,,"Charger 0 (fid=308440) not available, trying Charger 7 (fid=31)",686.1473987850443,7,,
Car 168,,,,,15,switch,,"Charger 15 (fid=57) not available, trying Charger 5 (fid=73)",686.2537919809253,5,,
Car 116,55.0,34,14,,,done,,done charging,686.2766363925346,,,816.3535416814601
Car 145,,,,,12,switch,,"Charger 12 (fid=40) not available, trying Charger 2 (fid=307904)",686.3879776744161,2,,
Car 177,,,,,5,switch,,"Charger 5 (fid=73) not available, trying Charger 6 (fid=60)",686.5520718352248,6,,
Car 173,,,,,1,switch,,"Charger 1 (fid=308702) not available, trying Charger 10 (fid=30)",687.5563914520853,10,,
Car 167,,,,,5,switch,,"Charger 5 (fid=73) not available, trying Charger 6 (fid=60)",687.711281989477,6,,
Car 166,,,,,12,switch,,"Charger 12 (fid=40) not available, trying Charger 6 (fid=60)",688.0038694245686,6,,
Car 139,108.0,31,7,,,done,,done charging,688.1026695237686,,,288.4307942830711
Car 178,,,,,12,switch,,"Charger 12 (fid=40) not available, trying Charger 4 (fid=308108)",688.2810341187503,4,,
Car 163,,,,,0,switch,,"Charger 0 (fid=308440) not available, trying Charger 12 (fid=40)",688.8299119994473,12,,
Car 160,,,,,0,switch,,"Charger 0 (fid=308440) not available, trying Charger 7 (fid=31)",688.9877276050179,7,,
Car 174,,,,,15,switch,,"Charger 15 (fid=57) not available, trying Charger 7 (fid=31)",689.0122492068471,7,,
Car 172,,31,7,,,start_charge,,starting to charge at Charger 7 (fid=31),689.0207048770127,,10.0,
Car 161,59.0,57,15,,,done,,done charging,689.516007803758,,,91.46462322868368
Car 158,,,,,10,switch,,"Charger 10 (fid=30) not available, trying Charger 0 (fid=308440)",689.6838928913785,0,,
Car 179,,,,,2,switch,,"Charger 2 (fid=307904) not available, trying Charger 3 (fid=307905)",689.8650792966348,3,,
Car 170,,,,,1,switch,,"Charger 1 (fid=308702) not available, trying Charger 7 (fid=31)",690.6706043647426,7,,
Car 148,,,,,1,switch,,"Charger 1 (fid=308702) not available, trying Charger 13 (fid=5)",690.9829999427903,13,,
Car 146,,,,,13,switch,,"Charger 13 (fid=5) not available, trying Charger 12 (fid=40)",692.0307998006093,12,,
Car 175,,,,,12,switch,,"Charger 12 (fid=40) not available, trying Charger 5 (fid=73)",692.4833350102103,5,,
Car 123,69.0,32,8,,,done,,done charging,692.5076034871686,,,526.8643398572934
Car 176,,,,,12,switch,,"Charger 12 (fid=40) not available, trying Charger 5 (fid=73)",693.4618754327331,5,,
Car 173,,,,,10,switch,,"Charger 10 (fid=30) not available, trying Charger 14 (fid=34)",693.6182242383193,14,,
Car 153,,,,,10,switch,,"Charger 10 (fid=30) not available, trying Charger 14 (fid=34)",693.7588445366569,14,,
Car 173,,34,14,,,start_charge,,starting to charge at Charger 14 (fid=34),693.8049651492145,,15.0,
Car 168,,,,,5,switch,,"Charger 5 (fid=73) not available, trying Charger 12 (fid=40)",694.1206751503277,12,,
Car 177,,,,,6,switch,,"Charger 6 (fid=60) not available, trying Charger 12 (fid=40)",694.5812608567443,12,,
Car 97,81.0,308108,4,,,done,,done charging,694.8066399018364,,,587.2375589929127
Car 178,,308108,4,,,start_charge,,starting to charge at Charger 4 (fid=308108),694.8066399018364,,7.410513974246555,
Car 179,,,,,3,switch,,"Charger 3 (fid=307905) not available, trying Charger 0 (fid=308440)",695.1287054781989,0,,
Car 166,,,,,6,switch,,"Charger 6 (fid=60) not available, trying Charger 15 (fid=57)",695.3322111663713,15,,
Car 167,,,,,6,switch,,"Charger 6 (fid=60) not available, trying Charger 7 (fid=31)",695.7404710109965,7,,
Car 145,,,,,2,switch,,"Charger 2 (fid=307904) not available, trying Charger 3 (fid=307905)",695.9025702642138,3,,
Car 170,,,,,7,switch,,"Charger 7 (fid=31) not available, trying Charger 13 (fid=5)",696.3740059637271,13,,
Car 160,,,,,7,switch,,"Charger 7 (fid=31) not available, trying Charger 11 (fid=33)",696.8610336969863,11,,
Car 128,47.0,40,12,,,done,,done charging,696.9629943550306,,,431.2416084969595
Car 154,,40,12,,,start_charge,,starting to charge at Charger 12 (fid=40),696.9629943550306,,54.92884117511369,
Car 180,,,,10,,arrived,,arrived,697.26461073712,,,
Car 155,,,,,10,switch,,"Charger 10 (fid=30) not available, trying Charger 14 (fid=34)",697.4043642395625,14,,
Car 158,,,,,0,switch,,"Charger 0 (fid=308440) not available, trying Charger 14 (fid=34)",697.7155973047347,14,,
Car 174,,,,,7,switch,,"Charger 7 (fid=31) not available, trying Charger 10 (fid=30)",697.7606724272331,10,,
Car 152,61.0,307905,3,,,done,,done charging,697.8037134860639,,,243.6006201478361
Car 145,,307905,3,,,start_charge,,starting to charge at Charger 3 (fid=307905),697.8037134860639,,66.63751704028607,
Car 181,,,,28,,arrived,,arrived,698.0248711349551,,,
Car 181,,57,15,,,start_charge,,starting to charge at Charger 15 (fid=57),698.0248711349551,,0.0,
Car 153,,,,,14,switch,,"Charger 14 (fid=34) not available, trying Charger 11 (fid=33)",698.945585447552,11,,
Car 182,,,,124,,arrived,,arrived,699.0499717358007,,,
Car 148,,,,,13,switch,,"Charger 13 (fid=5) not available, trying Charger 7 (fid=31)",699.5381133002103,7,,
Car 163,,,,,12,switch,,"Charger 12 (fid=40) not available, trying Charger 10 (fid=30)",699.9804334497067,10,,
Car 149,65.0,33,11,,,done,,done charging,701.5476133884109,,,233.5912937510644
Car 160,,33,11,,,start_charge,,starting to charge at Charger 11 (fid=33),701.5476133884109,,43.16211895254128,
Car 177,,,,,12,switch,,"Charger 12 (fid=40) not available, trying Charger 15 (fid=57)",701.9096025985469,15,,
Car 175,,,,,5,switch,,"Charger 5 (fid=73) not available, trying Charger 15 (fid=57)",702.0311625755284,15,,
Car 180,,,,,5,switch,,"Charger 5 (fid=73) not available, trying Charger 6 (fid=60)",702.26461073712,6,,
Car 155,,,,,14,switch,,"Charger 14 (fid=34) not available, trying Charger 11 (fid=33)",702.5911051504577,11,,
Car 183,,,,62,,arrived,,arrived,702.9371610180874,,,
Car 176,,,,,5,switch,,"Charger 5 (fid=73) not available, trying Charger 15 (fid=57)",703.0097029980511,15,,
Car 146,,,,,12,switch,,"Charger 12 (fid=40) not available, trying Charger 4 (fid=308108)",703.1533622540912,4,,
Car 174,,,,,10,switch,,"Charger 10 (fid=30) not available, trying Charger 14 (fid=34)",703.585358678037,14,,
Car 168,,,,,12,switch,,"Charger 12 (fid=40) not available, trying Charger 0 (fid=308440)",703.6685027156457,0,,
Car 182,,,,,0,switch,,"Charger 0 (fid=308440) not available, trying Charger 15 (fid=57)",704.0499717358007,15,,
Car 135,71.0,60,6,,,done,,done charging,704.0685691588657,,,388.92295414236884
Car 183,,60,6,,,start_charge,,starting to charge at Charger 6 (fid=60),704.0685691588657,,1.1314081407782624,
Car 166,,,,,15,switch,,"Charger 15 (fid=57) not available, trying Charger 5 (fid=73)",704.2235420917319,5,,
Car 179,,,,,0,switch,,"Charger 0 (fid=308440) not available, trying Charger 9 (fid=86)",704.4815298087129,9,,
Car 184,,,,18,,arrived,,arrived,704.4944626446398,,,
Car 153,,,,,11,switch,,"Charger 11 (fid=33) not available, trying Charger 8 (fid=32)",704.8321008465267,8,,
Car 153,,32,8,,,start_charge,,starting to charge at Charger 8 (fid=32),705.1011995228753,,55.0,
Car 170,,,,,13,switch,,"Charger 13 (fid=5) not available, trying Charger 10 (fid=30)",705.1675089844277,10,,
Car 158,,,,,14,switch,,"Charger 14 (fid=34) not available, trying Charger 11 (fid=33)",705.8182888779886,11,,
Car 167,,,,,7,switch,,"Charger 7 (fid=31) not available, trying Charger 10 (fid=30)",706.7432890070448,10,,
Car 148,,,,,7,switch,,"Charger 7 (fid=31) not available, trying Charger 10 (fid=30)",708.3316163209109,10,,
Car 155,,,,,11,switch,,"Charger 11 (fid=33) not available, trying Charger 8 (fid=32)",708.4776205494323,8,,
Car 174,,,,,14,switch,,"Charger 14 (fid=34) not available, trying Charger 1 (fid=308702)",708.7720995889322,1,,
Car 169,46.0,73,5,,,done,,done charging,708.9307712668948,,,237.46549237048123
Car 166,,73,5,,,start_charge,,starting to charge at Charger 5 (fid=73),708.9307712668948,,36.840346005760466,
Car 184,,,,,15,switch,,"Charger 15 (fid=57) not available, trying Charger 0 (fid=308440)",709.4944626446398,0,,
Car 175,,,,,15,switch,,"Charger 15 (fid=57) not available, trying Charger 2 (fid=307904)",709.8980457449308,2,,
Car 180,,,,,6,switch,,"Charger 6 (fid=60) not available, trying Charger 13 (fid=5)",710.2937997586396,13,,
Car 182,,,,,15,switch,,"Charger 15 (fid=57) not available, trying Charger 7 (fid=31)",710.7895460512638,7,,
Car 176,,,,,15,switch,,"Charger 15 (fid=57) not available, trying Charger 2 (fid=307904)",710.8765861674535,2,,
Car 164,64.0,30,10,,,done,,done charging,710.9843231677746,,,159.0543707434254
Car 167,,30,10,,,start_charge,,starting to charge at Charger 10 (fid=30),710.9843231677746,,38.41634790992589,
Car 158,,,,,11,switch,,"Charger 11 (fid=33) not available, trying Charger 8 (fid=32)",711.7048042769633,8,,
Car 146,,,,,4,switch,,"Charger 4 (fid=308108) not available, trying Charger 9 (fid=86)",712.2684540629308,9,,
Car 177,,,,,15,switch,,"Charger 15 (fid=57) not available, trying Charger 13 (fid=5)",712.3236194419101,13,,
Car 163,,,,,10,switch,,"Charger 10 (fid=30) not available, trying Charger 14 (fid=34)",712.8643685510069,14,,
Car 107,117.0,307904,2,,,done,,done charging,713.0454137803124,,,609.1403393564609
Car 155,,,,,8,switch,,"Charger 8 (fid=32) not available, trying Charger 2 (fid=307904)",713.7467192257809,2,,
Car 175,,307904,2,,,start_charge,,starting to charge at Charger 2 (fid=307904),713.8767840173767,,20.0,
Car 148,,,,,10,switch,,"Charger 10 (fid=30) not available, trying Charger 14 (fid=34)",714.1563025717148,14,,
Car 170,,,,,10,switch,,"Charger 10 (fid=30) not available, trying Charger 6 (fid=60)",714.419418905689,6,,
Car 168,,,,,0,switch,,"Charger 0 (fid=308440) not available, trying Charger 4 (fid=308108)",714.819024165905,4,,
Car 174,,,,,1,switch,,"Charger 1 (fid=308702) not available, trying Charger 11 (fid=33)",714.9049195350638,11,,
Car 184,,,,,0,switch,,"Charger 0 (fid=308440) not available, trying Charger 2 (fid=307904)",716.2340369601029,2,,
Car 179,,,,,9,switch,,"Charger 9 (fid=86) not available, trying Charger 15 (fid=57)",716.6448908592448,15,,
Car 185,,,,37,,arrived,,arrived,716.8143501394735,,,
Car 158,,,,,8,switch,,"Charger 8 (fid=32) not available, trying Charger 4 (fid=308108)",716.9739029533118,4,,
Car 134,47.0,34,14,,,done,,done charging,717.086241391959,,,511.26623377831936
Car 163,,34,14,,,start_charge,,starting to charge at Charger 14 (fid=34),717.086241391959,,49.03513193005688,
Car 186,,,,9,,arrived,,arrived,717.1877603896679,,,
Car 151,95.0,308440,0,,,done,,done charging,718.0760347654331,,,356.88647617447367
Car 148,,,,,14,switch,,"Charger 14 (fid=34) not available, trying Charger 11 (fid=33)",719.34304348261,11,,
Car 182,,,,,7,switch,,"Charger 7 (fid=31) not available, trying Charger 10 (fid=30)",719.5379692716498,10,,
Car 146,,,,,,gave_up,9,"no alternate charger available, gave up",719.6413840993014,,,
Car 176,,,,,2,switch,,"Charger 2 (fid=307904) not available, trying Charger 3 (fid=307905)",719.8553244398995,3,,
Car 180,,,,,13,switch,,"Charger 13 (fid=5) not available, trying Charger 12 (fid=40)",719.897723668323,12,,
Car 114,104.0,308702,1,,,done,,done charging,719.9241902719414,,,447.30984959085805
Car 177,,,,,13,switch,,"Charger 13 (fid=5) not available, trying Charger 0 (fid=308440)",721.4092047478599,0,,
Car 174,,,,,11,switch,,"Charger 11 (fid=33) not available, trying Charger 8 (fid=32)",721.666526809377,8,,
Car 185,,,,,5,switch,,"Charger 5 (fid=73) not available, trying Charger 13 (fid=5)",721.8143501394735,13,,
Car 186,,,,,5,switch,,"Charger 5 (fid=73) not available, trying Charger 6 (fid=60)",722.1877603896679,6,,
Car 187,,,,13,,arrived,,arrived,722.8067811574078,,,
Car 127,95.0,308702,1,,,done,,done charging,724.8445015112989,,,450.69484581953367
Car 176,,,,,3,switch,,"Charger 3 (fid=307905) not available, trying Charger 13 (fid=5)",725.1189506214636,13,,
Car 148,,,,,11,switch,,"Charger 11 (fid=33) not available, trying Charger 8 (fid=32)",725.2295588815847,8,,
Car 182,,,,,10,switch,,"Charger 10 (fid=30) not available, trying Charger 14 (fid=34)",725.3626555224537,14,,
Car 184,,,,,2,switch,,"Charger 2 (fid=307904) not available, trying Charger 3 (fid=307905)",725.5705244589961,3,,
Car 170,,,,,6,switch,,"Charger 6 (fid=60) not available, trying Charger 14 (fid=34)",725.7806680889868,14,,
Car 155,,,,,2,switch,,"Charger 2 (fid=307904) not available, trying Charger 3 (fid=307905)",726.3187586370005,3,,
Car 174,,,,,8,switch,,"Charger 8 (fid=32) not available, trying Charger 5 (fid=73)",726.9356254857256,5,,
Car 177,,308440,0,,,start_charge,,starting to charge at Charger 0 (fid=308440),726.9663880583271,,25.0,
Car 168,,,,,4,switch,,"Charger 4 (fid=308108) not available, trying Charger 1 (fid=308702)",727.1804832089529,1,,
Car 187,,,,,7,switch,,"Charger 7 (fid=31) not available, trying Charger 10 (fid=30)",727.8067811574078,10,,
Car 179,,,,,15,switch,,"Charger 15 (fid=57) not available, trying Charger 6 (fid=60)",728.4505026833294,6,,
Car 185,,,,,13,switch,,"Charger 13 (fid=5) not available, trying Charger 15 (fid=57)",729.2794212257442,15,,
Car 188,,,,63,,arrived,,arrived,729.4611943273386,,,
Car 124,70.0,86,9,,,done,,done charging,729.5924383750593,,,783.2764168094495
Car 186,,,,,6,switch,,"Charger 6 (fid=60) not available, trying Charger 12 (fid=40)",730.2169494111874,12,,
Car 148,,,,,,gave_up,8,"no alternate charger available, gave up",730.4986575579333,,,
Car 182,,,,,14,switch,,"Charger 14 (fid=34) not available, trying Charger 1 (fid=308702)",730.5493964333489,1,,
Car 184,,,,,3,switch,,"Charger 3 (fid=307905) not available, trying Charger 5 (fid=73)",730.8341506405602,5,,
Car 180,,,,,12,switch,,"Charger 12 (fid=40) not available, trying Charger 15 (fid=57)",731.0202861218049,15,,
Car 189,,,,4,,arrived,,arrived,731.5385724746806,,,
Car 155,,,,,3,switch,,"Charger 3 (fid=307905) not available, trying Charger 4 (fid=308108)",731.5823848185646,4,,
Car 182,,308702,1,,,start_charge,,starting to charge at Charger 1 (fid=308702),731.6822163794805,,25.0,
Car 158,,,,,4,switch,,"Charger 4 (fid=308108) not available, trying Charger 2 (fid=307904)",731.7853416350089,2,,
Car 126,68.0,86,9,,,done,,done charging,733.4182313650732,,,706.047774907956
Car 187,,,,,10,switch,,"Charger 10 (fid=30) not available, trying Charger 14 (fid=34)",733.6314674082117,14,,
Car 190,,,,68,,arrived,,arrived,734.3649576111575,,,
Car 188,,,,,13,switch,,"Charger 13 (fid=5) not available, trying Charger 5 (fid=73)",734.4611943273386,5,,
Car 191,,,,84,,arrived,,arrived,735.5536154068334,,,
Car 191,,86,9,,,start_charge,,starting to charge at Charger 9 (fid=86),735.5536154068334,,0.0,
Car 168,,308702,1,,,start_charge,,starting to charge at Charger 1 (fid=308702),735.5785593392002,,40.0,
Car 189,,,,,13,switch,,"Charger 13 (fid=5) not available, trying Charger 5 (fid=73)",736.5385724746806,5,,
Car 170,,,,,14,switch,,"Charger 14 (fid=34) not available, trying Charger 11 (fid=33)",737.2129044321822,11,,
Car 174,,,,,5,switch,,"Charger 5 (fid=73) not available, trying Charger 2 (fid=307904)",737.2700599441183,2,,
Car 176,,,,,13,switch,,"Charger 13 (fid=5) not available, trying Charger 0 (fid=308440)",737.2985942933855,0,,
Car 179,,,,,6,switch,,"Charger 6 (fid=60) not available, trying Charger 4 (fid=308108)",737.3418336086901,4,,
Car 186,,,,,12,switch,,"Charger 12 (fid=40) not available, trying Charger 15 (fid=57)",737.5452911529901,15,,
Car 185,,,,,15,switch,,"Charger 15 (fid=57) not available, trying Charger 1 (fid=308702)",738.365006531694,1,,
Car 192,,,,63,,arrived,,arrived,738.7234947850123,,,
Car 157,87.0,60,6,,,done,,done charging,738.7872822956602,,,274.7018479500342
Car 187,,,,,14,switch,,"Charger 14 (fid=34) not available, trying Charger 1 (fid=308702)",738.8182083191069,1,,
Car 190,,,,,0,switch,,"Charger 0 (fid=308440) not available, trying Charger 15 (fid=57)",739.3649576111575,15,,
Car 193,,,,56,,arrived,,arrived,740.0641014397501,,,
Car 155,,,,,4,switch,,"Charger 4 (fid=308108) not available, trying Charger 9 (fid=86)",740.1048546648168,9,,
Car 158,,,,,2,switch,,"Charger 2 (fid=307904) not available, trying Charger 3 (fid=307905)",740.2914746496402,3,,
Car 180,,,,,15,switch,,"Charger 15 (fid=57) not available, trying Charger 1 (fid=308702)",741.4343029651681,1,,
Car 184,,,,,5,switch,,"Charger 5 (fid=73) not available, trying Charger 6 (fid=60)",741.4802690120199,6,,
Car 188,,,,,5,switch,,"Charger 5 (fid=73) not available, trying Charger 1 (fid=308702)",741.9262654136093,1,,
Car 155,,86,9,,,start_charge,,starting to charge at Charger 9 (fid=86),742.4777847011874,,75.0,
Car 194,,,,1,,arrived,,arrived,742.7188842193857,,,
Car 178,48.0,308108,4,,,done,,done charging,742.8066399018364,,,353.2163729247416
Car 179,,308108,4,,,start_charge,,starting to charge at Charger 4 (fid=308108),742.8066399018364,,31.24223793196768,
Car 170,,,,,11,switch,,"Charger 11 (fid=33) not available, trying Charger 8 (fid=32)",743.0994198311569,8,,
Car 192,,,,,13,switch,,"Charger 13 (fid=5) not available, trying Charger 5 (fid=73)",743.7234947850123,5,,
Car 189,,,,,5,switch,,"Charger 5 (fid=73) not available, trying Charger 1 (fid=308702)",744.0036435609512,1,,
Car 195,,,,81,,arrived,,arrived,744.1360245071447,,,
Car 184,,60,6,,,start_charge,,starting to charge at Charger 6 (fid=60),744.5094580335394,,25.0,
Car 196,,,,55,,arrived,,arrived,744.8643838010187,,,
Car 187,,,,,1,switch,,"Charger 1 (fid=308702) not available, trying Charger 0 (fid=308440)",744.9510282652385,0,,
Car 193,,,,,15,switch,,"Charger 15 (fid=57) not available, trying Charger 0 (fid=308440)",745.0641014397501,0,,
Car 197,,,,61,,arrived,,arrived,745.093593197548,,,
Car 158,,,,,3,switch,,"Charger 3 (fid=307905) not available, trying Charger 9 (fid=86)",745.5551008312043,9,,
Car 190,,,,,15,switch,,"Charger 15 (fid=57) not available, trying Charger 7 (fid=31)",746.1045319266206,7,,
Car 198,,,,86,,arrived,,arrived,746.7211313831298,,,
Car 185,,,,,1,switch,,"Charger 1 (fid=308702) not available, trying Charger 6 (fid=60)",746.7750643754881,6,,
Car 194,,,,,2,switch,,"Charger 2 (fid=307904) not available, trying Charger 3 (fid=307905)",747.7188842193857,3,,
Car 176,,,,,0,switch,,"Charger 0 (fid=308440) not available, trying Charger 4 (fid=308108)",747.8557776038526,4,,
Car 174,,,,,2,switch,,"Charger 2 (fid=307904) not available, trying Charger 3 (fid=307905)",747.8998414839572,3,,
Car 186,,,,,15,switch,,"Charger 15 (fid=57) not available, trying Charger 13 (fid=5)",747.9593079963532,13,,
Car 154,51.0,40,12,,,done,,done charging,747.9629943550306,,,402.00592057580326
Car 199,,,,33,,arrived,,arrived,748.0135341211515,,,
Car 156,83.0,73,5,,,done,,done charging,748.2959394512861,,,378.8340361909932
Car 192,,73,5,,,start_charge,,starting to charge at Charger 5 (fid=73),748.2959394512861,,7.107373580003127,
Car 170,,,,,8,switch,,"Charger 8 (fid=32) not available, trying Charger 2 (fid=307904)",748.3685185075054,2,,
Car 195,,,,,2,switch,,"Charger 2 (fid=307904) not available, trying Charger 3 (fid=307905)",749.1360245071447,3,,
Car 200,,,,7,,arrived,,arrived,749.2359360641419,,,
Car 201,,,,54,,arrived,,arrived,749.6749602225173,,,
Car 180,,,,,1,switch,,"Charger 1 (fid=308702) not available, trying Charger 0 (fid=308440)",749.8443608089622,0,,
Car 196,,,,,15,switch,,"Charger 15 (fid=57) not available, trying Charger 0 (fid=308440)",749.8643838010187,0,,
Car 197,,,,,6,switch,,"Charger 6 (fid=60) not available, trying Charger 12 (fid=40)",750.093593197548,12,,
Car 188,,,,,1,switch,,"Charger 1 (fid=308702) not available, trying Charger 7 (fid=31)",750.8473373205522,7,,
Car 132,89.0,33,11,,,done,,done charging,751.169700893354,,,526.2746381743392
Car 202,,,,7,,arrived,,arrived,751.6543878100568,,,
Car 198,,,,,9,switch,,"Charger 9 (fid=86) not available, trying Charger 4 (fid=308108)",751.7211313831298,4,,
Car 193,,,,,0,switch,,"Charger 0 (fid=308440) not available, trying Charger 5 (fid=73)",751.8036757552131,5,,
Car 159,106.0,308108,4,,,done,,done charging,752.0561665295668,,,343.9023204186844
Car 200,,308108,4,,,start_charge,,starting to charge at Charger 4 (fid=308108),752.0561665295668,,2.8202304654248564,
Car 197,,40,12,,,start_charge,,starting to charge at Charger 12 (fid=40),752.4219349393506,,5.0,
Car 189,,,,,1,switch,,"Charger 1 (fid=308702) not available, trying Charger 7 (fid=31)",752.9247154678942,7,,
Car 194,,,,,3,switch,,"Charger 3 (fid=307905) not available, trying Charger 4 (fid=308108)",752.9825104009498,4,,
Car 199,,,,,15,switch,,"Charger 15 (fid=57) not available, trying Charger 0 (fid=308440)",753.0135341211515,0,,
Car 187,,,,,0,switch,,"Charger 0 (fid=308440) not available, trying Charger 11 (fid=33)",753.061480892637,11,,
Car 174,,,,,3,switch,,"Charger 3 (fid=307905) not available, trying Charger 6 (fid=60)",753.1634676655212,6,,
Car 158,,,,,,gave_up,9,"no alternate charger available, gave up",753.645600564407,,,
Car 203,,,,4,,arrived,,arrived,753.6842955368656,,,
Car 204,,,,74,,arrived,,arrived,754.0890852546115,,,
Car 195,,,,,3,switch,,"Charger 3 (fid=307905) not available, trying Charger 15 (fid=57)",754.3996506887088,15,,
Car 201,,,,,15,switch,,"Charger 15 (fid=57) not available, trying Charger 0 (fid=308440)",754.6749602225173,0,,
Car 190,,,,,7,switch,,"Charger 7 (fid=31) not available, trying Charger 10 (fid=30)",754.8529551470066,10,,
Car 162,99.0,57,15,,,done,,done charging,755.8968709295458,,,299.60881247267764
Car 188,,,,,7,switch,,"Charger 7 (fid=31) not available, trying Charger 15 (fid=57)",756.5507389195367,15,,
Car 196,,,,,0,switch,,"Charger 0 (fid=308440) not available, trying Charger 5 (fid=73)",756.6039581164817,5,,
Car 202,,,,,4,switch,,"Charger 4 (fid=308108) not available, trying Charger 2 (fid=307904)",756.6543878100568,2,,
Car 187,,33,11,,,start_charge,,starting to charge at Charger 11 (fid=33),756.7929597940725,,25.0,
Car 186,,,,,13,switch,,"Charger 13 (fid=5) not available, trying Charger 0 (fid=308440)",757.0448933023031,0,,
Car 185,,,,,6,switch,,"Charger 6 (fid=60) not available, trying Charger 7 (fid=31)",757.4395169949446,7,,
Car 180,,,,,0,switch,,"Charger 0 (fid=308440) not available, trying Charger 7 (fid=31)",757.9548134363606,7,,
Car 205,,,,37,,arrived,,arrived,758.243964067758,,,
Car 195,,57,15,,,start_charge,,starting to charge at Charger 15 (fid=57),758.3947257927756,,10.0,
Car 189,,,,,7,switch,,"Charger 7 (fid=31) not available, trying Charger 15 (fid=57)",758.6281170668786,15,,
Car 203,,,,,6,switch,,"Charger 6 (fid=60) not available, trying Charger 2 (fid=307904)",758.6842955368656,2,,
Car 204,,,,,2,switch,,"Charger 2 (fid=307904) not available, trying Charger 3 (fid=307905)",759.0890852546115,3,,
Car 198,,,,,4,switch,,"Charger 4 (fid=308108) not available, trying Charger 2 (fid=307904)",759.0940614195003,2,,
Car 165,117.0,5,13,,,done,,done charging,759.3075730961118,,,181.46240868517273
Car 206,,,,78,,arrived,,arrived,759.731753338429,,,
Car 199,,,,,0,switch,,"Charger 0 (fid=308440) not available, trying Charger 2 (fid=307904)",759.7531084366145,2,,
Car 176,,,,,4,switch,,"Charger 4 (fid=308108) not available, trying Charger 1 (fid=308702)",760.2172366469005,1,,
Car 190,,,,,10,switch,,"Charger 10 (fid=30) not available, trying Charger 14 (fid=34)",760.6776413978105,14,,
Car 140,103.0,40,12,,,done,,done charging,760.9178135205441,,,457.79212845823145
Car 170,,,,,2,switch,,"Charger 2 (fid=307904) not available, trying Charger 3 (fid=307905)",760.9405579187251,3,,
Car 193,,,,,5,switch,,"Charger 5 (fid=73) not available, trying Charger 1 (fid=308702)",761.0674547677909,1,,
Car 201,,,,,0,switch,,"Charger 0 (fid=308440) not available, trying Charger 5 (fid=73)",761.4145345379803,5,,
Car 194,,,,,4,switch,,"Charger 4 (fid=308108) not available, trying Charger 9 (fid=86)",761.504980247202,9,,
Car 207,,,,33,,arrived,,arrived,762.1097774360205,,,
Car 174,,,,,6,switch,,"Charger 6 (fid=60) not available, trying Charger 13 (fid=5)",762.1819610098454,13,,
Car 205,,,,,5,switch,,"Charger 5 (fid=73) not available, trying Charger 13 (fid=5)",763.243964067758,13,,
Car 204,,,,,3,switch,,"Charger 3 (fid=307905) not available, trying Charger 0 (fid=308440)",764.3527114361756,0,,
Car 206,,,,,5,switch,,"Charger 5 (fid=73) not available, trying Charger 13 (fid=5)",764.731753338429,13,,
Car 166,56.0,73,5,,,done,,done charging,764.9307712668948,,,504.3395672348788
Car 196,,73,5,,,start_charge,,starting to charge at Charger 5 (fid=73),764.9307712668948,,14.063034137835302,
Car 202,,,,,2,switch,,"Charger 2 (fid=307904) not available, trying Charger 3 (fid=307905)",765.1605208246882,3,,
Car 188,,,,,15,switch,,"Charger 15 (fid=57) not available, trying Charger 10 (fid=30)",765.2991621399227,10,,
Car 208,,,,38,,arrived,,arrived,765.329086035521,,,
Car 208,,5,13,,,start_charge,,starting to charge at Charger 13 (fid=5),765.329086035521,,0.0,
Car 173,72.0,34,14,,,done,,done charging,765.8049651492145,,,139.44594663319606
Car 190,,34,14,,,start_charge,,starting to charge at Charger 14 (fid=34),765.8049651492145,,24.940582840508796,
Car 180,,,,,7,switch,,"Charger 7 (fid=31) not available, trying Charger 11 (fid=33)",765.828119528329,11,,
Car 167,55.0,30,10,,,done,,done charging,765.9843231677746,,,329.2380049383705
Car 170,,,,,3,switch,,"Charger 3 (fid=307905) not available, trying Charger 12 (fid=40)",766.2041841002891,12,,
Car 207,,,,,11,switch,,"Charger 11 (fid=33) not available, trying Charger 8 (fid=32)",767.1097774360205,8,,
Car 189,,,,,15,switch,,"Charger 15 (fid=57) not available, trying Charger 10 (fid=30)",767.3765402872647,10,,
Car 198,,,,,2,switch,,"Charger 2 (fid=307904) not available, trying Charger 3 (fid=307905)",767.6001944341317,3,,
Car 186,,,,,0,switch,,"Charger 0 (fid=308440) not available, trying Charger 1 (fid=308702)",767.6020766127702,1,,
Car 203,,,,,2,switch,,"Charger 2 (fid=307904) not available, trying Charger 3 (fid=307905)",767.6864520495691,3,,
Car 185,,,,,7,switch,,"Charger 7 (fid=31) not available, trying Charger 10 (fid=30)",768.4423349909929,10,,
Car 209,,,,54,,arrived,,arrived,768.5427514416217,,,
Car 194,,,,,9,switch,,"Charger 9 (fid=86) not available, trying Charger 12 (fid=40)",768.8779102835725,12,,
Car 136,116.0,32,8,,,done,,done charging,768.9704374306942,,,423.2252353916469
Car 207,,32,8,,,start_charge,,starting to charge at Charger 8 (fid=32),768.9704374306942,,6.591561318325148,
Car 199,,,,,2,switch,,"Charger 2 (fid=307904) not available, trying Charger 3 (fid=307905)",769.0895959355078,3,,
Car 185,,30,10,,,start_charge,,starting to charge at Charger 10 (fid=30),769.2670212417968,,30.0,
Car 150,119.0,31,7,,,done,,done charging,769.311922308298,,,327.8036583934354
Car 193,,,,,1,switch,,"Charger 1 (fid=308702) not available, trying Charger 7 (fid=31)",769.9885266747339,7,,
Car 202,,,,,3,switch,,"Charger 3 (fid=307905) not available, trying Charger 9 (fid=86)",770.4241470062523,9,,
Car 147,88.0,308440,0,,,done,,done charging,770.5663234286152,,,504.0953478950487
Car 204,,308440,0,,,start_charge,,starting to charge at Charger 0 (fid=308440),770.5663234286152,,11.860787661925542,
Car 201,,,,,5,switch,,"Charger 5 (fid=73) not available, trying Charger 1 (fid=308702)",770.6783135505581,1,,
Car 193,,31,7,,,start_charge,,starting to charge at Charger 7 (fid=31),770.6919282737183,,20.0,
Car 205,,,,,13,switch,,"Charger 13 (fid=5) not available, trying Charger 15 (fid=57)",770.7090351540287,15,,
Car 170,,40,12,,,start_charge,,starting to charge at Charger 12 (fid=40),770.7351135217075,,65.0,
Car 174,,,,,13,switch,,"Charger 13 (fid=5) not available, trying Charger 12 (fid=40)",771.7858849195288,12,,
Car 206,,,,,13,switch,,"Charger 13 (fid=5) not available, trying Charger 6 (fid=60)",772.1968244246997,6,,
Car 180,,,,,11,switch,,"Charger 11 (fid=33) not available, trying Charger 10 (fid=30)",772.3525802672124,10,,
Car 210,,,,8,,arrived,,arrived,772.5009798888162,,,
Car 211,,,,74,,arrived,,arrived,772.525403502781,,,
Car 198,,,,,3,switch,,"Charger 3 (fid=307905) not available, trying Charger 12 (fid=40)",772.8638206156958,12,,
Car 203,,,,,3,switch,,"Charger 3 (fid=307905) not available, trying Charger 15 (fid=57)",772.9500782311331,15,,
Car 212,,,,73,,arrived,,arrived,773.032509254922,,,
Car 209,,,,,15,switch,,"Charger 15 (fid=57) not available, trying Charger 0 (fid=308440)",773.5427514416217,0,,
Car 176,,,,,1,switch,,"Charger 1 (fid=308702) not available, trying Charger 7 (fid=31)",773.6153127771478,7,,
Car 199,,,,,3,switch,,"Charger 3 (fid=307905) not available, trying Charger 6 (fid=60)",774.3532221170718,6,,
Car 188,,,,,10,switch,,"Charger 10 (fid=30) not available, trying Charger 14 (fid=34)",774.4060165475581,14,,
Car 186,,,,,1,switch,,"Charger 1 (fid=308702) not available, trying Charger 7 (fid=31)",775.7125292401687,7,,
Car 183,72.0,60,6,,,done,,done charging,776.0685691588657,,,108.72370347984227
Car 189,,,,,10,switch,,"Charger 10 (fid=30) not available, trying Charger 14 (fid=34)",776.4833946949001,14,,
Car 206,,60,6,,,start_charge,,starting to charge at Charger 6 (fid=60),776.8007483343831,,10.0,
Car 210,,,,,5,switch,,"Charger 5 (fid=73) not available, trying Charger 13 (fid=5)",777.5009798888162,13,,
Car 211,,,,,2,switch,,"Charger 2 (fid=307904) not available, trying Charger 3 (fid=307905)",777.525403502781,3,,
Car 212,,,,,5,switch,,"Charger 5 (fid=73) not available, trying Charger 13 (fid=5)",778.032509254922,13,,
Car 180,,,,,10,switch,,"Charger 10 (fid=30) not available, trying Charger 8 (fid=32)",778.1681085062894,8,,
Car 171,102.0,30,10,,,done,,done charging,778.3189381869863,,,159.0543707434254
Car 202,,,,,9,switch,,"Charger 9 (fid=86) not available, trying Charger 12 (fid=40)",778.514646739455,12,,
Car 176,,,,,7,switch,,"Charger 7 (fid=31) not available, trying Charger 10 (fid=30)",779.3187143761322,10,,
Car 188,,,,,14,switch,,"Charger 14 (fid=34) not available, trying Charger 6 (fid=60)",779.5927574584533,6,,
Car 201,,,,,1,switch,,"Charger 1 (fid=308702) not available, trying Charger 7 (fid=31)",779.5993854575011,7,,
Car 194,,,,,12,switch,,"Charger 12 (fid=40) not available, trying Charger 6 (fid=60)",779.7618503166043,6,,
Car 205,,,,,15,switch,,"Charger 15 (fid=57) not available, trying Charger 1 (fid=308702)",779.7946204599785,1,,
Car 213,,,,32,,arrived,,arrived,780.1414538831613,,,
Car 176,,30,10,,,start_charge,,starting to charge at Charger 10 (fid=30),780.1434006269361,,55.0,
Car 209,,,,,0,switch,,"Charger 0 (fid=308440) not available, trying Charger 5 (fid=73)",780.2823257570848,5,,
Car 186,,,,,7,switch,,"Charger 7 (fid=31) not available, trying Charger 10 (fid=30)",781.4159308391531,10,,
Car 189,,,,,14,switch,,"Charger 14 (fid=34) not available, trying Charger 11 (fid=33)",781.6701356057953,11,,
Car 182,50.0,308702,1,,,done,,done charging,781.6822163794805,,,263.7805365093257
Car 203,,,,,15,switch,,"Charger 15 (fid=57) not available, trying Charger 12 (fid=40)",781.9451533352,12,,
Car 198,,,,,12,switch,,"Charger 12 (fid=40) not available, trying Charger 6 (fid=60)",782.3947500371141,6,,
Car 211,,,,,3,switch,,"Charger 3 (fid=307905) not available, trying Charger 0 (fid=308440)",782.7890296843451,0,,
Car 174,,,,,12,switch,,"Charger 12 (fid=40) not available, trying Charger 9 (fid=86)",782.9084473730107,9,,
Car 205,,308702,1,,,start_charge,,starting to charge at Charger 1 (fid=308702),783.2046783037727,,15.0,
Car 199,,,,,6,switch,,"Charger 6 (fid=60) not available, trying Charger 5 (fid=73)",783.371715461396,5,,
Car 180,,,,,8,switch,,"Charger 8 (fid=32) not available, trying Charger 4 (fid=308108)",784.0004282448954,4,,
Car 145,87.0,307905,3,,,done,,done charging,784.8037134860639,,,497.3041096799385
Car 214,,,,83,,arrived,,arrived,784.880725006094,,,
Car 210,,,,,13,switch,,"Charger 13 (fid=5) not available, trying Charger 6 (fid=60)",784.9660509750869,6,,
Car 215,,,,87,,arrived,,arrived,785.0080230105438,,,
Car 213,,,,,15,switch,,"Charger 15 (fid=57) not available, trying Charger 0 (fid=308440)",785.1414538831613,0,,
Car 201,,,,,7,switch,,"Charger 7 (fid=31) not available, trying Charger 13 (fid=5)",785.3027870564855,13,,
Car 212,,,,,13,switch,,"Charger 13 (fid=5) not available, trying Charger 15 (fid=57)",785.4975803411927,15,,
Car 216,,,,61,,arrived,,arrived,785.8670605080396,,,
Car 217,,,,88,,arrived,,arrived,786.0108413438226,,,
Car 194,,,,,6,switch,,"Charger 6 (fid=60) not available, trying Charger 15 (fid=57)",787.090192058407,15,,
Car 218,,,,65,,arrived,,arrived,787.1342336870847,,,
Car 186,,,,,10,switch,,"Charger 10 (fid=30) not available, trying Charger 14 (fid=34)",787.240617089957,14,,
Car 189,,,,,11,switch,,"Charger 11 (fid=33) not available, trying Charger 8 (fid=32)",787.55665100477,8,,
Car 143,120.0,5,13,,,done,,done charging,789.3726378762909,,,409.55764713907286
Car 218,,5,13,,,start_charge,,starting to charge at Charger 13 (fid=5),789.3726378762909,,2.2384041892062214,
Car 202,,,,,12,switch,,"Charger 12 (fid=40) not available, trying Charger 6 (fid=60)",789.3985867724867,6,,
Car 209,,,,,5,switch,,"Charger 5 (fid=73) not available, trying Charger 1 (fid=308702)",789.5461047696625,1,,
Car 160,88.0,33,11,,,done,,done charging,789.5476133884109,,,525.4656079465294
Car 198,,,,,6,switch,,"Charger 6 (fid=60) not available, trying Charger 15 (fid=57)",789.7230917789168,15,,
Car 214,,,,,2,switch,,"Charger 2 (fid=307904) not available, trying Charger 3 (fid=307905)",789.880725006094,3,,
Car 215,,,,,9,switch,,"Charger 9 (fid=86) not available, trying Charger 4 (fid=308108)",790.0080230105438,4,,
Car 214,,307905,3,,,start_charge,,starting to charge at Charger 3 (fid=307905),790.1443511876581,,5.0,
Car 216,,,,,6,switch,,"Charger 6 (fid=60) not available, trying Charger 12 (fid=40)",790.8670605080396,12,,
Car 217,,,,,9,switch,,"Charger 9 (fid=86) not available, trying Charger 4 (fid=308108)",791.0108413438226,4,,
Car 188,,,,,6,switch,,"Charger 6 (fid=60) not available, trying Charger 11 (fid=33)",791.0249938016487,11,,
Car 219,,,,73,,arrived,,arrived,791.2800776430497,,,
Car 199,,,,,5,switch,,"Charger 5 (fid=73) not available, trying Charger 7 (fid=31)",791.4009044829155,7,,
Car 175,78.0,307904,2,,,done,,done charging,791.8767840173767,,,333.37963750819455
Car 213,,,,,0,switch,,"Charger 0 (fid=308440) not available, trying Charger 2 (fid=307904)",791.8810281986243,2,,
Car 211,,,,,0,switch,,"Charger 0 (fid=308440) not available, trying Charger 9 (fid=86)",792.1418540148592,9,,
Car 203,,,,,12,switch,,"Charger 12 (fid=40) not available, trying Charger 4 (fid=308108)",792.3591701785631,4,,
Car 186,,,,,14,switch,,"Charger 14 (fid=34) not available, trying Charger 4 (fid=308108)",792.4273580008522,4,,
Car 220,,,,54,,arrived,,arrived,792.8114797238818,,,
Car 189,,,,,8,switch,,"Charger 8 (fid=32) not available, trying Charger 6 (fid=60)",792.8257496811185,6,,
Car 181,95.0,57,15,,,done,,done charging,793.0248711349551,,,150.07004231890562
Car 212,,57,15,,,start_charge,,starting to charge at Charger 15 (fid=57),793.0248711349551,,13.441705487812555,
Car 174,,,,,9,switch,,"Charger 9 (fid=86) not available, trying Charger 4 (fid=308108)",793.7923874060425,4,,
Car 201,,,,,13,switch,,"Charger 13 (fid=5) not available, trying Charger 10 (fid=30)",794.0962900771862,10,,
Car 210,,,,,6,switch,,"Charger 6 (fid=60) not available, trying Charger 15 (fid=57)",794.5699748847703,15,,
Car 194,,,,,15,switch,,"Charger 15 (fid=57) not available, trying Charger 0 (fid=308440)",795.9815229837676,0,,
Car 213,,307904,2,,,start_charge,,starting to charge at Charger 2 (fid=307904),796.2175156975176,,10.0,
Car 219,,,,,5,switch,,"Charger 5 (fid=73) not available, trying Charger 13 (fid=5)",796.2800776430497,13,,
Car 221,,,,37,,arrived,,arrived,796.4828306051558,,,
Car 202,,,,,6,switch,,"Charger 6 (fid=60) not available, trying Charger 15 (fid=57)",796.7269285142894,15,,
Car 222,,,,90,,arrived,,arrived,796.7989645996123,,,
Car 215,,,,,4,switch,,"Charger 4 (fid=308108) not available, trying Charger 2 (fid=307904)",797.3809530469143,2,,
Car 220,,,,,15,switch,,"Charger 15 (fid=57) not available, trying Charger 0 (fid=308440)",797.8114797238818,0,,
Car 188,,33,11,,,start_charge,,starting to charge at Charger 11 (fid=33),798.086017473026,,40.0,
Car 216,,,,,12,switch,,"Charger 12 (fid=40) not available, trying Charger 5 (fid=73)",798.1954022498422,5,,
Car 217,,,,,4,switch,,"Charger 4 (fid=308108) not available, trying Charger 2 (fid=307904)",798.3837713801931,2,,
Car 209,,,,,1,switch,,"Charger 1 (fid=308702) not available, trying Charger 7 (fid=31)",798.4671766766055,7,,
Car 198,,,,,15,switch,,"Charger 15 (fid=57) not available, trying Charger 0 (fid=308440)",798.6144227042774,0,,
Car 180,,,,,4,switch,,"Charger 4 (fid=308108) not available, trying Charger 14 (fid=34)",798.8118669265924,14,,
Car 223,,,,77,,arrived,,arrived,798.9706282332805,,,
Car 199,,,,,7,switch,,"Charger 7 (fid=31) not available, trying Charger 10 (fid=30)",800.6603417664504,10,,
Car 174,,,,,,gave_up,4,"no alternate charger available, gave up",801.1653174424131,,,
Car 203,,,,,4,switch,,"Charger 4 (fid=308108) not available, trying Charger 5 (fid=73)",801.4742619874027,5,,
Car 221,,,,,5,switch,,"Charger 5 (fid=73) not available, trying Charger 13 (fid=5)",801.4828306051558,13,,
Car 222,,,,,9,switch,,"Charger 9 (fid=86) not available, trying Charger 4 (fid=308108)",801.7989645996123,4,,
Car 184,58.0,60,6,,,done,,done charging,802.5094580335394,,,310.6784977997338
Car 223,,60,6,,,start_charge,,starting to charge at Charger 6 (fid=60),802.5094580335394,,3.5388298002588954,
Car 194,,,,,0,switch,,"Charger 0 (fid=308440) not available, trying Charger 5 (fid=73)",802.7210972992307,5,,
Car 201,,,,,10,switch,,"Charger 10 (fid=30) not available, trying Charger 6 (fid=60)",803.3481999984474,6,,
Car 210,,,,,15,switch,,"Charger 15 (fid=57) not available, trying Charger 12 (fid=40)",803.461305810131,12,,
Car 219,,,,,13,switch,,"Charger 13 (fid=5) not available, trying Charger 15 (fid=57)",803.7451487293204,15,,
Car 224,,,,79,,arrived,,arrived,803.8017706398542,,,
Car 163,87.0,34,14,,,done,,done charging,804.086241391959,,,390.5816740358148
Car 225,,,,14,,arrived,,arrived,804.1090093327526,,,
Car 209,,,,,7,switch,,"Charger 7 (fid=31) not available, trying Charger 13 (fid=5)",804.17057827559,13,,
Car 211,,,,,9,switch,,"Charger 9 (fid=86) not available, trying Charger 15 (fid=57)",804.305215065391,15,,
Car 220,,,,,0,switch,,"Charger 0 (fid=308440) not available, trying Charger 5 (fid=73)",804.5510540393449,5,,
Car 189,,,,,6,switch,,"Charger 6 (fid=60) not available, trying Charger 0 (fid=308440)",804.9035648520247,0,,
Car 198,,,,,0,switch,,"Charger 0 (fid=308440) not available, trying Charger 5 (fid=73)",805.3539970197405,5,,
Car 202,,,,,15,switch,,"Charger 15 (fid=57) not available, trying Charger 5 (fid=73)",805.61825943965,5,,
Car 215,,,,,2,switch,,"Charger 2 (fid=307904) not available, trying Charger 3 (fid=307905)",805.8870860615457,3,,
Car 199,,,,,10,switch,,"Charger 10 (fid=30) not available, trying Charger 14 (fid=34)",806.4850280172543,14,,
Car 186,,,,,4,switch,,"Charger 4 (fid=308108) not available, trying Charger 2 (fid=307904)",806.5932178548386,2,,
Car 199,,34,14,,,start_charge,,starting to charge at Charger 14 (fid=34),806.6717689281495,,40.0,
Car 217,,,,,2,switch,,"Charger 2 (fid=307904) not available, trying Charger 3 (fid=307905)",806.8899043948245,3,,
Car 216,,,,,5,switch,,"Charger 5 (fid=73) not available, trying Charger 15 (fid=57)",807.7432298151602,15,,
Car 172,119.0,31,7,,,done,,done charging,808.0207048770127,,,288.4307942830711
Car 168,73.0,308702,1,,,done,,done charging,808.5785593392002,,,434.5854163676964
Car 224,,,,,2,switch,,"Charger 2 (fid=307904) not available, trying Charger 3 (fid=307905)",808.8017706398542,3,,
Car 221,,,,,13,switch,,"Charger 13 (fid=5) not available, trying Charger 15 (fid=57)",808.9479016914264,15,,
Car 225,,,,,15,switch,,"Charger 15 (fid=57) not available, trying Charger 0 (fid=308440)",809.1090093327526,0,,
Car 222,,,,,4,switch,,"Charger 4 (fid=308108) not available, trying Charger 2 (fid=307904)",809.1718946359829,2,,
Car 153,106.0,32,8,,,done,,done charging,811.1011995228753,,,444.3583903841164
Car 215,,,,,3,switch,,"Charger 3 (fid=307905) not available, trying Charger 12 (fid=40)",811.1507122431098,12,,
Car 226,,,,24,,arrived,,arrived,811.7007586115876,,,
Car 194,,,,,5,switch,,"Charger 5 (fid=73) not available, trying Charger 1 (fid=308702)",811.9848763118084,1,,
Car 217,,,,,3,switch,,"Charger 3 (fid=307905) not available, trying Charger 12 (fid=40)",812.1535305763886,12,,
Car 203,,,,,5,switch,,"Charger 5 (fid=73) not available, trying Charger 0 (fid=308440)",812.7073529680875,0,,
Car 219,,,,,15,switch,,"Charger 15 (fid=57) not available, trying Charger 6 (fid=60)",812.8307340352702,6,,
Car 209,,,,,13,switch,,"Charger 13 (fid=5) not available, trying Charger 10 (fid=30)",812.9640812962906,10,,
Car 180,,,,,14,switch,,"Charger 14 (fid=34) not available, trying Charger 2 (fid=307904)",812.9777267805788,2,,
Car 202,,,,,5,switch,,"Charger 5 (fid=73) not available, trying Charger 0 (fid=308440)",813.4851426090524,0,,
Car 220,,,,,5,switch,,"Charger 5 (fid=73) not available, trying Charger 1 (fid=308702)",813.8148330519226,1,,
Car 210,,,,,12,switch,,"Charger 12 (fid=40) not available, trying Charger 1 (fid=308702)",813.8753226534941,1,,
Car 196,49.0,73,5,,,done,,done charging,813.9307712668948,,,241.34019757933726
Car 198,,73,5,,,start_charge,,starting to charge at Charger 5 (fid=73),813.9307712668948,,44.31299523457653,
Car 224,,,,,3,switch,,"Charger 3 (fid=307905) not available, trying Charger 0 (fid=308440)",814.0653968214183,0,,
Car 189,,,,,0,switch,,"Charger 0 (fid=308440) not available, trying Charger 12 (fid=40)",814.5314003842816,12,,
Car 201,,,,,6,switch,,"Charger 6 (fid=60) not available, trying Charger 14 (fid=34)",814.7094491817452,14,,
Car 186,,,,,2,switch,,"Charger 2 (fid=307904) not available, trying Charger 3 (fid=307905)",815.09935086947,3,,
Car 216,,,,,15,switch,,"Charger 15 (fid=57) not available, trying Charger 4 (fid=308108)",815.6101129845626,4,,
Car 225,,,,,0,switch,,"Charger 0 (fid=308440) not available, trying Charger 2 (fid=307904)",815.8485836482157,2,,
Car 194,,308702,1,,,start_charge,,starting to charge at Charger 1 (fid=308702),815.9059482187514,,45.0,
Car 211,,,,,15,switch,,"Charger 15 (fid=57) not available, trying Charger 6 (fid=60)",816.1108268894757,6,,
Car 204,46.0,308440,0,,,done,,done charging,816.5663234286152,,,447.05119613020776
Car 226,,308440,0,,,start_charge,,starting to charge at Charger 0 (fid=308440),816.5663234286152,,4.865564817027575,
Car 177,90.0,308440,0,,,done,,done charging,816.9663880583271,,,401.3072546947882
Car 203,,308440,0,,,start_charge,,starting to charge at Charger 0 (fid=308440),816.9711319806653,,35.0,
Car 222,,,,,2,switch,,"Charger 2 (fid=307904) not available, trying Charger 3 (fid=307905)",817.6780276506142,3,,
Car 227,,,,6,,arrived,,arrived,817.9853255950981,,,
Car 221,,,,,15,switch,,"Charger 15 (fid=57) not available, trying Charger 1 (fid=308702)",818.0334869973763,1,,
Car 228,,,,51,,arrived,,arrived,818.9559254937692,,,
Car 186,,,,,3,switch,,"Charger 3 (fid=307905) not available, trying Charger 11 (fid=33)",820.362977051034,11,,
Car 215,,,,,12,switch,,"Charger 12 (fid=40) not available, trying Charger 6 (fid=60)",820.6816416645281,6,,
Car 229,,,,52,,arrived,,arrived,820.7109003145181,,,
Car 191,86.0,86,9,,,done,,done charging,821.5536154068334,,,127.88382783843139
Car 217,,,,,12,switch,,"Charger 12 (fid=40) not available, trying Charger 6 (fid=60)",821.6844599978069,6,,
Car 219,,,,,6,switch,,"Charger 6 (fid=60) not available, trying Charger 1 (fid=308702)",821.7220649606309,1,,
Car 209,,,,,10,switch,,"Charger 10 (fid=30) not available, trying Charger 6 (fid=60)",822.2159912175518,6,,
Car 220,,,,,1,switch,,"Charger 1 (fid=308702) not available, trying Charger 7 (fid=31)",822.7359049588656,7,,
Car 202,,,,,0,switch,,"Charger 0 (fid=308440) not available, trying Charger 1 (fid=308702)",822.7489216216302,1,,
Car 222,,,,,3,switch,,"Charger 3 (fid=307905) not available, trying Charger 12 (fid=40)",822.9416538321783,12,,
Car 227,,,,,6,switch,,"Charger 6 (fid=60) not available, trying Charger 2 (fid=307904)",822.9853255950981,2,,
Car 230,,,,67,,arrived,,arrived,823.0394485986623,,,
Car 224,,,,,0,switch,,"Charger 0 (fid=308440) not available, trying Charger 15 (fid=57)",823.4182211519324,15,,
Car 220,,31,7,,,start_charge,,starting to charge at Charger 7 (fid=31),823.43930655785,,20.0,
Car 231,,,,79,,arrived,,arrived,823.5332613276787,,,
Car 228,,,,,12,switch,,"Charger 12 (fid=40) not available, trying Charger 6 (fid=60)",823.9559254937692,6,,
Car 180,,,,,2,switch,,"Charger 2 (fid=307904) not available, trying Charger 3 (fid=307905)",824.9041873640878,3,,
Car 211,,,,,6,switch,,"Charger 6 (fid=60) not available, trying Charger 4 (fid=308108)",825.0021578148363,4,,
Car 225,,,,,2,switch,,"Charger 2 (fid=307904) not available, trying Charger 3 (fid=307905)",825.1850711471089,3,,
Car 189,,,,,12,switch,,"Charger 12 (fid=40) not available, trying Charger 2 (fid=307904)",825.681921834541,2,,
Car 229,,,,,2,switch,,"Charger 2 (fid=307904) not available, trying Charger 3 (fid=307905)",825.7109003145181,3,,
Car 210,,,,,1,switch,,"Charger 1 (fid=308702) not available, trying Charger 7 (fid=31)",826.0624611909531,7,,
Car 201,,,,,14,switch,,"Charger 14 (fid=34) not available, trying Charger 11 (fid=33)",826.1416855249406,11,,
Car 221,,,,,1,switch,,"Charger 1 (fid=308702) not available, trying Charger 6 (fid=60)",826.4435448411704,6,,
Car 216,,,,,4,switch,,"Charger 4 (fid=308108) not available, trying Charger 2 (fid=307904)",827.2350674207142,2,,
Car 215,,,,,6,switch,,"Charger 6 (fid=60) not available, trying Charger 15 (fid=57)",828.0099834063308,15,,
Car 230,,,,,15,switch,,"Charger 15 (fid=57) not available, trying Charger 1 (fid=308702)",828.0394485986623,1,,
Car 231,,,,,2,switch,,"Charger 2 (fid=307904) not available, trying Charger 3 (fid=307905)",828.5332613276787,3,,
Car 232,,,,42,,arrived,,arrived,828.7448959418256,,,
Car 217,,,,,6,switch,,"Charger 6 (fid=60) not available, trying Charger 15 (fid=57)",829.0128017396096,15,,
Car 233,,,,39,,arrived,,arrived,829.363884631885,,,
Car 197,77.0,40,12,,,done,,done charging,829.4219349393506,,,192.19000550955928
Car 222,,40,12,,,start_charge,,starting to charge at Charger 12 (fid=40),829.4219349393506,,21.94935168575398,
Car 224,,,,,15,switch,,"Charger 15 (fid=57) not available, trying Charger 9 (fid=86)",830.1577954673954,9,,
Car 180,,,,,3,switch,,"Charger 3 (fid=307905) not available, trying Charger 9 (fid=86)",830.1678135456518,9,,
Car 225,,,,,3,switch,,"Charger 3 (fid=307905) not available, trying Charger 5 (fid=73)",830.448697328673,5,,
Car 202,,,,,1,switch,,"Charger 1 (fid=308702) not available, trying Charger 13 (fid=5)",830.8593742490286,13,,
Car 229,,,,,3,switch,,"Charger 3 (fid=307905) not available, trying Charger 4 (fid=308108)",830.9745264960821,4,,
Car 234,,,,8,,arrived,,arrived,831.2362865758403,,,
Car 228,,,,,6,switch,,"Charger 6 (fid=60) not available, trying Charger 4 (fid=308108)",831.2842672355719,4,,
Car 210,,,,,7,switch,,"Charger 7 (fid=31) not available, trying Charger 10 (fid=30)",831.7658627899375,10,,
Car 227,,,,,2,switch,,"Charger 2 (fid=307904) not available, trying Charger 3 (fid=307905)",831.9874821078015,3,,
Car 201,,,,,11,switch,,"Charger 11 (fid=33) not available, trying Charger 8 (fid=32)",832.0282009239153,8,,
Car 201,,32,8,,,start_charge,,starting to charge at Charger 8 (fid=32),832.2972996002638,,50.0,
Car 219,,,,,1,switch,,"Charger 1 (fid=308702) not available, trying Charger 7 (fid=31)",832.3865175800873,7,,
Car 235,,,,3,,arrived,,arrived,832.4192294340205,,,
Car 186,,,,,11,switch,,"Charger 11 (fid=33) not available, trying Charger 8 (fid=32)",832.9345617943454,8,,
Car 180,,86,9,,,start_charge,,starting to charge at Charger 9 (fid=86),833.2583132788545,,75.0,
Car 209,,,,,6,switch,,"Charger 6 (fid=60) not available, trying Charger 14 (fid=34)",833.5772404008496,14,,
Car 232,,,,,1,switch,,"Charger 1 (fid=308702) not available, trying Charger 7 (fid=31)",833.7448959418256,7,,
Car 231,,,,,3,switch,,"Charger 3 (fid=307905) not available, trying Charger 0 (fid=308440)",833.7968875092428,0,,
Car 211,,,,,4,switch,,"Charger 4 (fid=308108) not available, trying Charger 12 (fid=40)",834.224726176015,12,,
Car 233,,,,,6,switch,,"Charger 6 (fid=60) not available, trying Charger 12 (fid=40)",834.363884631885,12,,
Car 189,,,,,2,switch,,"Charger 2 (fid=307904) not available, trying Charger 3 (fid=307905)",835.1965144243386,3,,
Car 216,,,,,2,switch,,"Charger 2 (fid=307904) not available, trying Charger 3 (fid=307905)",835.7412004353456,3,,
Car 234,,,,,5,switch,,"Charger 5 (fid=73) not available, trying Charger 13 (fid=5)",836.2362865758403,13,,
Car 218,47.0,5,13,,,done,,done charging,836.3726378762909,,,148.98279130526512
Car 202,,5,13,,,start_charge,,starting to charge at Charger 13 (fid=5),836.3726378762909,,51.95815026984235,
Car 230,,,,,1,switch,,"Charger 1 (fid=308702) not available, trying Charger 5 (fid=73)",836.4495064424564,5,,
Car 215,,,,,15,switch,,"Charger 15 (fid=57) not available, trying Charger 0 (fid=308440)",836.9013143316914,0,,
Car 221,,,,,6,switch,,"Charger 6 (fid=60) not available, trying Charger 7 (fid=31)",837.1079974606268,7,,
Car 227,,,,,3,switch,,"Charger 3 (fid=307905) not available, trying Charger 15 (fid=57)",837.2511082893656,15,,
Car 235,,,,,2,switch,,"Charger 2 (fid=307904) not available, trying Charger 3 (fid=307905)",837.4192294340205,3,,
Car 210,,,,,10,switch,,"Charger 10 (fid=30) not available, trying Charger 0 (fid=308440)",837.5905490407414,0,,
Car 217,,,,,15,switch,,"Charger 15 (fid=57) not available, trying Charger 0 (fid=308440)",837.9041326649702,0,,
Car 219,,,,,7,switch,,"Charger 7 (fid=31) not available, trying Charger 0 (fid=308440)",838.0899191790718,0,,
Car 186,,,,,8,switch,,"Charger 8 (fid=32) not available, trying Charger 9 (fid=86)",838.203660470694,9,,
Car 236,,,,63,,arrived,,arrived,838.7109112064039,,,
Car 237,,,,70,,arrived,,arrived,839.2092888123077,,,
Car 232,,,,,7,switch,,"Charger 7 (fid=31) not available, trying Charger 10 (fid=30)",839.44829754081,10,,
Car 229,,,,,4,switch,,"Charger 4 (fid=308108) not available, trying Charger 12 (fid=40)",839.4969963423343,12,,
Car 238,,,,18,,arrived,,arrived,839.9652215673199,,,
Car 189,,,,,3,switch,,"Charger 3 (fid=307905) not available, trying Charger 4 (fid=308108)",840.4601406059027,4,,
Car 228,,,,,4,switch,,"Charger 4 (fid=308108) not available, trying Charger 2 (fid=307904)",840.5068355967505,2,,
Car 193,70.0,31,7,,,done,,done charging,840.6919282737183,,,364.06282420608966
Car 216,,,,,3,switch,,"Charger 3 (fid=307905) not available, trying Charger 13 (fid=5)",841.0048266169097,13,,
Car 225,,,,,5,switch,,"Charger 5 (fid=73) not available, trying Charger 6 (fid=60)",841.0948157001327,6,,
Car 239,,,,9,,arrived,,arrived,841.1144596527357,,,
Car 233,,,,,12,switch,,"Charger 12 (fid=40) not available, trying Charger 5 (fid=73)",841.6922263736876,5,,
Car 206,65.0,60,6,,,done,,done charging,841.8007483343831,,,306.60669794309234
Car 224,,,,,9,switch,,"Charger 9 (fid=86) not available, trying Charger 6 (fid=60)",841.96340729148,6,,
Car 240,,,,61,,arrived,,arrived,842.4397964205157,,,
Car 240,,60,6,,,start_charge,,starting to charge at Charger 6 (fid=60),842.4397964205157,,0.0,
Car 241,,,,62,,arrived,,arrived,842.5202719180405,,,
Car 235,,,,,3,switch,,"Charger 3 (fid=307905) not available, trying Charger 0 (fid=308440)",842.6828556155846,0,,
Car 221,,31,7,,,start_charge,,starting to charge at Charger 7 (fid=31),843.1108154566751,,25.0,
Car 231,,,,,0,switch,,"Charger 0 (fid=308440) not available, trying Charger 15 (fid=57)",843.1497118397568,15,,
Car 211,,,,,12,switch,,"Charger 12 (fid=40) not available, trying Charger 7 (fid=31)",843.3398179848546,7,,
Car 195,85.0,57,15,,,done,,done charging,843.3947257927756,,,264.4206741521455
Car 237,,57,15,,,start_charge,,starting to charge at Charger 15 (fid=57),843.3947257927756,,4.185436980467898,
Car 215,,,,,0,switch,,"Charger 0 (fid=308440) not available, trying Charger 5 (fid=73)",843.6408886471545,5,,
Car 234,,,,,13,switch,,"Charger 13 (fid=5) not available, trying Charger 6 (fid=60)",843.7013576621109,6,,
Car 236,,,,,13,switch,,"Charger 13 (fid=5) not available, trying Charger 5 (fid=73)",843.7109112064039,5,,
Car 217,,,,,0,switch,,"Charger 0 (fid=308440) not available, trying Charger 5 (fid=73)",844.6437069804333,5,,
Car 179,102.0,308108,4,,,done,,done charging,844.8066399018364,,,556.1187974651863
Car 189,,308108,4,,,start_charge,,starting to charge at Charger 4 (fid=308108),844.8066399018364,,70.82402944968157,
Car 238,,,,,15,switch,,"Charger 15 (fid=57) not available, trying Charger 0 (fid=308440)",844.9652215673199,0,,
Car 209,,,,,14,switch,,"Charger 14 (fid=34) not available, trying Charger 11 (fid=33)",845.0094767440451,11,,
Car 232,,,,,10,switch,,"Charger 10 (fid=30) not available, trying Charger 14 (fid=34)",845.2729837916139,14,,
Car 230,,,,,5,switch,,"Charger 5 (fid=73) not available, trying Charger 7 (fid=31)",845.3705783493994,7,,
Car 210,,,,,0,switch,,"Charger 0 (fid=308440) not available, trying Charger 14 (fid=34)",845.6222534540976,14,,
Car 219,,,,,0,switch,,"Charger 0 (fid=308440) not available, trying Charger 12 (fid=40)",845.9632252710402,12,,
Car 239,,,,,5,switch,,"Charger 5 (fid=73) not available, trying Charger 6 (fid=60)",846.1144596527357,6,,
Car 176,66.0,30,10,,,done,,done charging,846.1434006269361,,,489.46895422082974
Car 227,,,,,15,switch,,"Charger 15 (fid=57) not available, trying Charger 5 (fid=73)",846.2461833934324,5,,
Car 212,54.0,57,15,,,done,,done charging,847.0248711349551,,,238.81136801122034
Car 231,,57,15,,,start_charge,,starting to charge at Charger 15 (fid=57),847.0248711349551,,17.1355849797352,
Car 241,,,,,6,switch,,"Charger 6 (fid=60) not available, trying Charger 12 (fid=40)",847.5202719180405,12,,
Car 242,,,,65,,arrived,,arrived,848.005233252153,,,
Car 229,,,,,12,switch,,"Charger 12 (fid=40) not available, trying Charger 6 (fid=60)",848.6120881511739,6,,
Car 228,,,,,2,switch,,"Charger 2 (fid=307904) not available, trying Charger 3 (fid=307905)",849.0129686113819,3,,
Car 225,,,,,6,switch,,"Charger 6 (fid=60) not available, trying Charger 7 (fid=31)",849.1240047216522,7,,
Car 232,,,,,14,switch,,"Charger 14 (fid=34) not available, trying Charger 11 (fid=33)",850.4597247025091,11,,
Car 209,,,,,11,switch,,"Charger 11 (fid=33) not available, trying Charger 8 (fid=32)",850.8959921430197,8,,
Car 236,,,,,5,switch,,"Charger 5 (fid=73) not available, trying Charger 1 (fid=308702)",851.1759822926746,1,,
Car 233,,,,,5,switch,,"Charger 5 (fid=73) not available, trying Charger 4 (fid=308108)",851.2400539390056,4,,
Car 238,,,,,0,switch,,"Charger 0 (fid=308440) not available, trying Charger 2 (fid=307904)",851.704795882783,2,,
Car 235,,,,,0,switch,,"Charger 0 (fid=308440) not available, trying Charger 9 (fid=86)",852.0356799460986,9,,
Car 215,,,,,5,switch,,"Charger 5 (fid=73) not available, trying Charger 1 (fid=308702)",852.9046676597322,1,,
Car 224,,,,,6,switch,,"Charger 6 (fid=60) not available, trying Charger 7 (fid=31)",852.9872255838198,7,,
Car 242,,,,,13,switch,,"Charger 13 (fid=5) not available, trying Charger 5 (fid=73)",853.005233252153,5,,
Car 216,,,,,13,switch,,"Charger 13 (fid=5) not available, trying Charger 0 (fid=308440)",853.1844702888316,0,,
Car 234,,,,,6,switch,,"Charger 6 (fid=60) not available, trying Charger 15 (fid=57)",853.3052815717944,15,,
Car 155,111.0,86,9,,,done,,done charging,853.4777847011874,,,669.2605979567818
Car 186,,86,9,,,start_charge,,starting to charge at Charger 9 (fid=86),853.4777847011874,,79.87521126763511,
Car 210,,,,,14,switch,,"Charger 14 (fid=34) not available, trying Charger 11 (fid=33)",853.7249450273515,11,,
Car 217,,,,,5,switch,,"Charger 5 (fid=73) not available, trying Charger 1 (fid=308702)",853.907485993011,1,,
Car 227,,,,,5,switch,,"Charger 5 (fid=73) not available, trying Charger 12 (fid=40)",854.1130665628348,12,,
Car 239,,,,,6,switch,,"Charger 6 (fid=60) not available, trying Charger 12 (fid=40)",854.1436486742552,12,,
Car 228,,,,,3,switch,,"Charger 3 (fid=307905) not available, trying Charger 9 (fid=86)",854.276594792946,9,,
Car 230,,,,,7,switch,,"Charger 7 (fid=31) not available, trying Charger 13 (fid=5)",854.6300156329343,13,,
Car 241,,,,,12,switch,,"Charger 12 (fid=40) not available, trying Charger 5 (fid=73)",854.8486136598432,5,,
Car 211,,,,,7,switch,,"Charger 7 (fid=31) not available, trying Charger 10 (fid=30)",855.8653218989053,10,,
Car 229,,,,,6,switch,,"Charger 6 (fid=60) not available, trying Charger 9 (fid=86)",855.9404298929766,9,,
Car 209,,,,,8,switch,,"Charger 8 (fid=32) not available, trying Charger 2 (fid=307904)",856.1650908193683,2,,
Car 192,108.0,73,5,,,done,,done charging,856.2959394512861,,,216.14456321112897
Car 242,,73,5,,,start_charge,,starting to charge at Charger 5 (fid=73),856.2959394512861,,5.825635112862528,
Car 232,,,,,11,switch,,"Charger 11 (fid=33) not available, trying Charger 8 (fid=32)",856.3462401014838,8,,
Car 211,,30,10,,,start_charge,,starting to charge at Charger 10 (fid=30),856.6900081497092,,45.0,
Car 243,,,,77,,arrived,,arrived,856.7045889129816,,,
Car 200,105.0,308108,4,,,done,,done charging,857.0561665295668,,,138.47203364136507
Car 219,,,,,12,switch,,"Charger 12 (fid=40) not available, trying Charger 10 (fid=30)",857.1137467212995,10,,
Car 233,,308108,4,,,start_charge,,starting to charge at Charger 4 (fid=308108),857.4731449196905,,15.0,
Car 210,,,,,11,switch,,"Charger 11 (fid=33) not available, trying Charger 8 (fid=32)",859.6114604263262,8,,
Car 236,,,,,1,switch,,"Charger 1 (fid=308702) not available, trying Charger 7 (fid=31)",860.0970541996176,7,,
Car 225,,,,,7,switch,,"Charger 7 (fid=31) not available, trying Charger 10 (fid=30)",860.1268227177005,10,,
Car 244,,,,31,,arrived,,arrived,860.823180875976,,,
Car 238,,,,,2,switch,,"Charger 2 (fid=307904) not available, trying Charger 3 (fid=307905)",861.0412833816762,3,,
Car 239,,,,,12,switch,,"Charger 12 (fid=40) not available, trying Charger 15 (fid=57)",861.4719904160579,15,,
Car 232,,,,,8,switch,,"Charger 8 (fid=32) not available, trying Charger 15 (fid=57)",861.6153387778323,15,,
Car 243,,,,,6,switch,,"Charger 6 (fid=60) not available, trying Charger 12 (fid=40)",861.7045889129816,12,,
Car 215,,,,,1,switch,,"Charger 1 (fid=308702) not available, trying Charger 7 (fid=31)",861.8257395666752,7,,
Car 234,,,,,15,switch,,"Charger 15 (fid=57) not available, trying Charger 12 (fid=40)",862.196612497155,12,,
Car 185,93.0,30,10,,,done,,done charging,862.2670212417968,,,328.1936721351661
Car 225,,30,10,,,start_charge,,starting to charge at Charger 10 (fid=30),862.2670212417968,,36.31551227329237,
Car 228,,,,,9,switch,,"Charger 9 (fid=86) not available, trying Charger 5 (fid=73)",862.3670945261487,5,,
Car 217,,,,,1,switch,,"Charger 1 (fid=308702) not available, trying Charger 7 (fid=31)",862.828557899954,7,,
Car 230,,,,,13,switch,,"Charger 13 (fid=5) not available, trying Charger 10 (fid=30)",863.4235186536349,10,,
Car 227,,,,,12,switch,,"Charger 12 (fid=40) not available, trying Charger 0 (fid=308440)",863.6608941281528,0,,
Car 216,,,,,0,switch,,"Charger 0 (fid=308440) not available, trying Charger 9 (fid=86)",863.7416535992987,9,,
Car 187,107.0,33,11,,,done,,done charging,863.7929597940725,,,233.5912937510644
Car 224,,,,,7,switch,,"Charger 7 (fid=31) not available, trying Charger 4 (fid=308108)",863.9900435798681,4,,
Car 235,,,,,9,switch,,"Charger 9 (fid=86) not available, trying Charger 15 (fid=57)",864.1990409966305,15,,
Car 241,,,,,5,switch,,"Charger 5 (fid=73) not available, trying Charger 15 (fid=57)",864.3964412251612,15,,
Car 210,,,,,8,switch,,"Charger 8 (fid=32) not available, trying Charger 4 (fid=308108)",864.8805591026747,4,,
Car 236,,,,,7,switch,,"Charger 7 (fid=31) not available, trying Charger 15 (fid=57)",865.800455798602,15,,
Car 244,,,,,7,switch,,"Charger 7 (fid=31) not available, trying Charger 1 (fid=308702)",865.823180875976,1,,
Car 238,,,,,3,switch,,"Charger 3 (fid=307905) not available, trying Charger 5 (fid=73)",866.3049095632402,5,,
Car 229,,,,,9,switch,,"Charger 9 (fid=86) not available, trying Charger 15 (fid=57)",866.9642481853164,15,,
Car 245,,,,78,,arrived,,arrived,867.1786910890748,,,
Car 213,71.0,307904,2,,,done,,done charging,867.2175156975176,,,270.0158967426952
Car 209,,307904,2,,,start_charge,,starting to charge at Charger 2 (fid=307904),867.2175156975176,,58.48038546692965,
Car 215,,,,,7,switch,,"Charger 7 (fid=31) not available, trying Charger 13 (fid=5)",867.5291411656597,13,,
Car 217,,,,,7,switch,,"Charger 7 (fid=31) not available, trying Charger 13 (fid=5)",868.5319594989385,13,,
Car 243,,,,,12,switch,,"Charger 12 (fid=40) not available, trying Charger 4 (fid=308108)",869.0329306547843,4,,
Car 219,,,,,10,switch,,"Charger 10 (fid=30) not available, trying Charger 14 (fid=34)",869.9976818225998,14,,
Car 246,,,,54,,arrived,,arrived,871.2519317048519,,,
Car 232,,,,,15,switch,,"Charger 15 (fid=57) not available, trying Charger 13 (fid=5)",871.4387591730762,13,,
Car 244,,,,,1,switch,,"Charger 1 (fid=308702) not available, trying Charger 10 (fid=30)",871.5265824749605,10,,
Car 239,,,,,15,switch,,"Charger 15 (fid=57) not available, trying Charger 13 (fid=5)",871.886007259421,13,,
Car 207,103.0,32,8,,,done,,done charging,871.9704374306942,,,22.41591973983615
Car 245,,,,,5,switch,,"Charger 5 (fid=73) not available, trying Charger 13 (fid=5)",872.1786910890748,13,,
Car 241,,,,,15,switch,,"Charger 15 (fid=57) not available, trying Charger 2 (fid=307904)",872.2633243945636,2,,
Car 234,,,,,12,switch,,"Charger 12 (fid=40) not available, trying Charger 1 (fid=308702)",872.6106293405181,1,,
Car 230,,,,,10,switch,,"Charger 10 (fid=30) not available, trying Charger 14 (fid=34)",872.6754285748962,14,,
Car 247,,,,4,,arrived,,arrived,873.5013441658228,,,
Car 190,108.0,34,14,,,done,,done charging,873.8049651492145,,,261.878462357418
Car 219,,34,14,,,start_charge,,starting to charge at Charger 14 (fid=34),873.8049651492145,,48.620542415719456,
Car 208,109.0,5,13,,,done,,done charging,874.329086035521,,,181.46240868517273
Car 215,,5,13,,,start_charge,,starting to charge at Charger 13 (fid=5),874.329086035521,,58.00644184916064,
Car 236,,,,,15,switch,,"Charger 15 (fid=57) not available, trying Charger 10 (fid=30)",874.548879018988,10,,
Car 227,,,,,0,switch,,"Charger 0 (fid=308440) not available, trying Charger 4 (fid=308108)",874.8114155784122,4,,
Car 228,,,,,5,switch,,"Charger 5 (fid=73) not available, trying Charger 15 (fid=57)",875.4014354379948,15,,
Car 216,,,,,9,switch,,"Charger 9 (fid=86) not available, trying Charger 1 (fid=308702)",875.9050146498306,1,,
Car 235,,,,,15,switch,,"Charger 15 (fid=57) not available, trying Charger 6 (fid=60)",876.0046528207151,6,,
Car 246,,,,,15,switch,,"Charger 15 (fid=57) not available, trying Charger 0 (fid=308440)",876.2519317048519,0,,
Car 238,,,,,5,switch,,"Charger 5 (fid=73) not available, trying Charger 6 (fid=60)",876.9510279346999,6,,
Car 217,,,,,13,switch,,"Charger 13 (fid=5) not available, trying Charger 10 (fid=30)",877.3254625196391,10,,
Car 226,61.0,308440,0,,,done,,done charging,877.5663234286152,,,124.32994701169515
Car 244,,,,,10,switch,,"Charger 10 (fid=30) not available, trying Charger 14 (fid=34)",877.5884152611944,14,,
Car 224,,,,,4,switch,,"Charger 4 (fid=308108) not available, trying Charger 10 (fid=30)",877.7264850867074,10,,
Car 230,,,,,14,switch,,"Charger 14 (fid=34) not available, trying Charger 0 (fid=308440)",877.8621694857914,0,,
Car 198,64.0,73,5,,,done,,done charging,877.9307712668948,,,669.2605979567817
Car 203,61.0,308440,0,,,done,,done charging,877.9711319806653,,,360.9596462271373
Car 246,,308440,0,,,start_charge,,starting to charge at Charger 0 (fid=308440),877.991506020315,,5.0,
Car 243,,,,,4,switch,,"Charger 4 (fid=308108) not available, trying Charger 2 (fid=307904)",878.1480224636239,2,,
Car 247,,,,,6,switch,,"Charger 6 (fid=60) not available, trying Charger 2 (fid=307904)",878.5013441658228,2,,
Car 229,,,,,15,switch,,"Charger 15 (fid=57) not available, trying Charger 5 (fid=73)",878.769860009401,5,,
Car 248,,,,46,,arrived,,arrived,879.0469942889843,,,
Car 245,,,,,13,switch,,"Charger 13 (fid=5) not available, trying Charger 6 (fid=60)",879.6437621753455,6,,
Car 210,,,,,4,switch,,"Charger 4 (fid=308108) not available, trying Charger 2 (fid=307904)",879.6919977843718,2,,
Car 232,,,,,13,switch,,"Charger 13 (fid=5) not available, trying Charger 0 (fid=308440)",880.524344479026,0,,
Car 249,,,,48,,arrived,,arrived,880.8598062066746,,,
Car 230,,308440,0,,,start_charge,,starting to charge at Charger 0 (fid=308440),880.9648610590452,,35.0,
Car 239,,,,,13,switch,,"Charger 13 (fid=5) not available, trying Charger 0 (fid=308440)",880.9715925653709,0,,
Car 241,,,,,2,switch,,"Charger 2 (fid=307904) not available, trying Charger 3 (fid=307905)",881.2420626670096,3,,
Car 229,,73,5,,,start_charge,,starting to charge at Charger 5 (fid=73),881.6367431788034,,35.0,
Car 244,,,,,14,switch,,"Charger 14 (fid=34) not available, trying Charger 11 (fid=33)",882.7751561720896,11,,
Car 228,,,,,15,switch,,"Charger 15 (fid=57) not available, trying Charger 0 (fid=308440)",883.2683186073972,0,,
Car 236,,,,,10,switch,,"Charger 10 (fid=30) not available, trying Charger 14 (fid=34)",883.6557334266234,14,,
Car 244,,33,11,,,start_charge,,starting to charge at Charger 11 (fid=33),883.6616715710643,,20.0,
Car 248,,,,,1,switch,,"Charger 1 (fid=308702) not available, trying Charger 7 (fid=31)",884.0469942889843,7,,
Car 234,,,,,1,switch,,"Charger 1 (fid=308702) not available, trying Charger 7 (fid=31)",884.7977678779771,7,,
Car 235,,,,,6,switch,,"Charger 6 (fid=60) not available, trying Charger 4 (fid=308108)",884.8959837460758,4,,
Car 250,,,,30,,arrived,,arrived,884.9480894034518,,,
Car 238,,,,,6,switch,,"Charger 6 (fid=60) not available, trying Charger 7 (fid=31)",884.9802169562195,7,,
Car 205,102.0,308702,1,,,done,,done charging,885.2046783037727,,,270.1505183671852
Car 216,,308702,1,,,start_charge,,starting to charge at Charger 1 (fid=308702),885.2196675796146,,50.0,
Car 223,83.0,60,6,,,done,,done charging,885.5094580335394,,,158.42291775123473
Car 245,,60,6,,,start_charge,,starting to charge at Charger 6 (fid=60),885.5094580335394,,11.2617719485105,
Car 249,,,,,7,switch,,"Charger 7 (fid=31) not available, trying Charger 11 (fid=33)",885.8598062066746,11,,
Car 202,50.0,5,13,,,done,,done charging,886.3726378762909,,,635.5149834189278
Car 241,,,,,3,switch,,"Charger 3 (fid=307905) not available, trying Charger 13 (fid=5)",886.5056888485736,13,,
Car 217,,,,,10,switch,,"Charger 10 (fid=30) not available, trying Charger 14 (fid=34)",886.5773724409004,14,,
Car 243,,,,,2,switch,,"Charger 2 (fid=307904) not available, trying Charger 3 (fid=307905)",886.6541554782552,3,,
Car 170,116.0,40,12,,,done,,done charging,886.7351135217075,,,427.6378463754947
Car 227,,,,,4,switch,,"Charger 4 (fid=308108) not available, trying Charger 1 (fid=308702)",887.17287462146,1,,
Car 201,55.0,32,8,,,done,,done charging,887.2972996002638,,,355.7345637200334
Car 247,,,,,2,switch,,"Charger 2 (fid=307904) not available, trying Charger 3 (fid=307905)",887.5035006785263,3,,
Car 251,,,,52,,arrived,,arrived,887.5404918711391,,,
Car 214,98.0,307905,3,,,done,,done charging,888.1443511876581,,,295.14643277908164
Car 243,,307905,3,,,start_charge,,starting to charge at Charger 3 (fid=307905),888.1443511876581,,21.22656952783882,
Car 210,,,,,2,switch,,"Charger 2 (fid=307904) not available, trying Charger 3 (fid=307905)",888.1981307990031,3,,
Car 236,,,,,14,switch,,"Charger 14 (fid=34) not available, trying Charger 6 (fid=60)",888.8424743375186,6,,
Car 194,73.0,308702,1,,,done,,done charging,888.9059482187514,,,571.7653525303207
Car 248,,,,,7,switch,,"Charger 7 (fid=31) not available, trying Charger 13 (fid=5)",889.7503958879687,13,,
Car 250,,,,,10,switch,,"Charger 10 (fid=30) not available, trying Charger 14 (fid=34)",889.9480894034518,14,,
Car 228,,,,,0,switch,,"Charger 0 (fid=308440) not available, trying Charger 13 (fid=5)",890.0078929228603,13,,
Car 234,,,,,7,switch,,"Charger 7 (fid=31) not available, trying Charger 10 (fid=30)",890.5011694769615,10,,
Car 232,,,,,0,switch,,"Charger 0 (fid=308440) not available, trying Charger 5 (fid=73)",891.0815277894932,5,,
Car 239,,,,,0,switch,,"Charger 0 (fid=308440) not available, trying Charger 1 (fid=308702)",891.528775875838,1,,
Car 252,,,,28,,arrived,,arrived,891.6815942182342,,,
Car 217,,,,,14,switch,,"Charger 14 (fid=34) not available, trying Charger 11 (fid=33)",891.7641133517956,11,,
Car 224,,,,,10,switch,,"Charger 10 (fid=30) not available, trying Charger 14 (fid=34)",891.821357780796,14,,
Car 253,,,,60,,arrived,,arrived,892.3118301426351,,,
Car 249,,,,,11,switch,,"Charger 11 (fid=33) not available, trying Charger 8 (fid=32)",892.384266945558,8,,
Car 251,,,,,2,switch,,"Charger 2 (fid=307904) not available, trying Charger 3 (fid=307905)",892.5404918711391,3,,
Car 249,,32,8,,,start_charge,,starting to charge at Charger 8 (fid=32),892.6533656219066,,10.0,
Car 247,,,,,3,switch,,"Charger 3 (fid=307905) not available, trying Charger 15 (fid=57)",892.7671268600903,15,,
Car 210,,,,,3,switch,,"Charger 3 (fid=307905) not available, trying Charger 9 (fid=86)",893.4617569805672,9,,
Car 248,,5,13,,,start_charge,,starting to charge at Charger 13 (fid=5),893.5438989086693,,10.0,
Car 188,96.0,33,11,,,done,,done charging,894.086017473026,,,399.61962463915717
Car 217,,33,11,,,start_charge,,starting to charge at Charger 11 (fid=33),894.086017473026,,71.43538872225577,
Car 235,,,,,4,switch,,"Charger 4 (fid=308108) not available, trying Charger 12 (fid=40)",894.1185521072545,12,,
Car 240,52.0,60,6,,,done,,done charging,894.4397964205157,,,183.80015979005304
Car 253,,60,6,,,start_charge,,starting to charge at Charger 6 (fid=60),894.4397964205157,,2.127966277880546,
Car 254,,,,22,,arrived,,arrived,894.5910706443061,,,
Car 239,,308702,1,,,start_charge,,starting to charge at Charger 1 (fid=308702),894.6392285032365,,30.0,
Car 250,,,,,14,switch,,"Charger 14 (fid=34) not available, trying Charger 11 (fid=33)",895.134830314347,11,,
Car 238,,,,,7,switch,,"Charger 7 (fid=31) not available, trying Charger 10 (fid=30)",895.9830349522678,10,,
Car 255,,,,70,,arrived,,arrived,896.3063279840951,,,
Car 234,,,,,10,switch,,"Charger 10 (fid=30) not available, trying Charger 0 (fid=308440)",896.3258557277654,0,,
Car 252,,,,,7,switch,,"Charger 7 (fid=31) not available, trying Charger 11 (fid=33)",896.6815942182342,11,,
Car 256,,,,54,,arrived,,arrived,896.7901532501998,,,
Car 224,,,,,14,switch,,"Charger 14 (fid=34) not available, trying Charger 1 (fid=308702)",897.0080986916912,1,,
Car 251,,,,,3,switch,,"Charger 3 (fid=307905) not available, trying Charger 4 (fid=308108)",897.8041180527032,4,,
Car 235,,40,12,,,start_charge,,starting to charge at Charger 12 (fid=40),898.233643916094,,35.0,
Car 241,,,,,13,switch,,"Charger 13 (fid=5) not available, trying Charger 0 (fid=308440)",898.6853325204955,0,,
Car 254,,,,,0,switch,,"Charger 0 (fid=308440) not available, trying Charger 15 (fid=57)",899.5910706443061,15,,
Car 236,,,,,6,switch,,"Charger 6 (fid=60) not available, trying Charger 11 (fid=33)",900.2747106807141,11,,
Car 232,,,,,5,switch,,"Charger 5 (fid=73) not available, trying Charger 6 (fid=60)",900.3453068020709,6,,
Car 257,,,,12,,arrived,,arrived,900.5338249229447,,,
Car 228,,,,,13,switch,,"Charger 13 (fid=5) not available, trying Charger 1 (fid=308702)",900.5650762333274,1,,
Car 227,,,,,1,switch,,"Charger 1 (fid=308702) not available, trying Charger 13 (fid=5)",900.5709507517073,13,,
Car 250,,,,,11,switch,,"Charger 11 (fid=33) not available, trying Charger 7 (fid=31)",901.0213457133217,7,,
Car 255,,,,,15,switch,,"Charger 15 (fid=57) not available, trying Charger 0 (fid=308440)",901.3063279840951,0,,
Car 237,58.0,57,15,,,done,,done charging,901.3947257927756,,,91.46462322868368
Car 247,,57,15,,,start_charge,,starting to charge at Charger 15 (fid=57),901.3947257927756,,19.632523828618446,
Car 210,,,,,,gave_up,9,"no alternate charger available, gave up",901.5522567137699,,,
Car 256,,,,,15,switch,,"Charger 15 (fid=57) not available, trying Charger 0 (fid=308440)",901.7901532501998,0,,
Car 238,,,,,10,switch,,"Charger 10 (fid=30) not available, trying Charger 14 (fid=34)",901.8077212030717,14,,
Car 258,,,,44,,arrived,,arrived,902.4721769703725,,,
Car 224,,,,,1,switch,,"Charger 1 (fid=308702) not available, trying Charger 11 (fid=33)",903.1409186378228,11,,
Car 252,,,,,11,switch,,"Charger 11 (fid=33) not available, trying Charger 8 (fid=32)",903.2060549571175,8,,
Car 180,70.0,86,9,,,done,,done charging,903.2583132788545,,,678.0907936272057
Car 252,,32,8,,,start_charge,,starting to charge at Charger 8 (fid=32),903.4751536334661,,10.0,
Car 234,,,,,0,switch,,"Charger 0 (fid=308440) not available, trying Charger 14 (fid=34)",904.3575601411217,14,,
Car 257,,,,,2,switch,,"Charger 2 (fid=307904) not available, trying Charger 3 (fid=307905)",905.5338249229447,3,,
Car 251,,,,,4,switch,,"Charger 4 (fid=308108) not available, trying Charger 12 (fid=40)",906.3265878989554,12,,
Car 254,,,,,15,switch,,"Charger 15 (fid=57) not available, trying Charger 2 (fid=307904)",906.3306449597692,2,,
Car 220,83.0,31,7,,,done,,done charging,906.43930655785,,,266.187299054375
Car 258,,31,7,,,start_charge,,starting to charge at Charger 7 (fid=31),906.43930655785,,3.9671295874775296,
Car 238,,,,,14,switch,,"Charger 14 (fid=34) not available, trying Charger 1 (fid=308702)",906.9944621139668,1,,
Car 250,,,,,7,switch,,"Charger 7 (fid=31) not available, trying Charger 8 (fid=32)",907.545806452205,8,,
Car 255,,,,,0,switch,,"Charger 0 (fid=308440) not available, trying Charger 7 (fid=31)",908.0459022995582,7,,
Car 232,,,,,6,switch,,"Charger 6 (fid=60) not available, trying Charger 2 (fid=307904)",908.3744958235905,2,,
Car 256,,,,,0,switch,,"Charger 0 (fid=308440) not available, trying Charger 5 (fid=73)",908.5297275656628,5,,
Car 259,,,,26,,arrived,,arrived,909.0613904318393,,,
Car 228,,,,,1,switch,,"Charger 1 (fid=308702) not available, trying Charger 7 (fid=31)",909.1201895907474,7,,
Car 227,,,,,13,switch,,"Charger 13 (fid=5) not available, trying Charger 7 (fid=31)",909.1260641091272,7,,
Car 241,,,,,0,switch,,"Charger 0 (fid=308440) not available, trying Charger 4 (fid=308108)",909.2425158309627,4,,
Car 260,,,,6,,arrived,,arrived,909.8316327405346,,,
Car 224,,,,,11,switch,,"Charger 11 (fid=33) not available, trying Charger 8 (fid=32)",909.9025259121361,8,,
Car 257,,,,,3,switch,,"Charger 3 (fid=307905) not available, trying Charger 9 (fid=86)",910.7974511045088,9,,
Car 231,64.0,57,15,,,done,,done charging,911.0248711349551,,,361.82242183989916
Car 236,,,,,11,switch,,"Charger 11 (fid=33) not available, trying Charger 8 (fid=32)",912.3357343520913,8,,
Car 234,,,,,14,switch,,"Charger 14 (fid=34) not available, trying Charger 11 (fid=33)",912.4602517143755,11,,
Car 261,,,,77,,arrived,,arrived,912.4706462214494,,,
Car 238,,,,,1,switch,,"Charger 1 (fid=308702) not available, trying Charger 11 (fid=33)",913.1272820600984,11,,
Car 257,,86,9,,,start_charge,,starting to charge at Charger 9 (fid=86),913.8879508377115,,10.0,
Car 259,,,,,11,switch,,"Charger 11 (fid=33) not available, trying Charger 8 (fid=32)",914.0613904318393,8,,
Car 250,,,,,8,switch,,"Charger 8 (fid=32) not available, trying Charger 1 (fid=308702)",914.0870586906174,1,,
Car 225,52.0,30,10,,,done,,done charging,914.2670212417968,,,335.10118182610165
Car 228,,,,,7,switch,,"Charger 7 (fid=31) not available, trying Charger 10 (fid=30)",914.8235911897318,10,,
Car 260,,,,,6,switch,,"Charger 6 (fid=60) not available, trying Charger 2 (fid=307904)",914.8316327405346,2,,
Car 224,,,,,8,switch,,"Charger 8 (fid=32) not available, trying Charger 12 (fid=40)",915.1716245884846,12,,
Car 254,,,,,2,switch,,"Charger 2 (fid=307904) not available, trying Charger 3 (fid=307905)",915.3093832322152,3,,
Car 251,,,,,12,switch,,"Charger 12 (fid=40) not available, trying Charger 6 (fid=60)",915.441679707795,6,,
Car 228,,30,10,,,start_charge,,starting to charge at Charger 10 (fid=30),915.6482774405357,,60.0,
Car 255,,,,,7,switch,,"Charger 7 (fid=31) not available, trying Charger 5 (fid=73)",915.9192083915266,5,,
Car 232,,,,,2,switch,,"Charger 2 (fid=307904) not available, trying Charger 3 (fid=307905)",917.3766523362939,3,,
Car 261,,,,,6,switch,,"Charger 6 (fid=60) not available, trying Charger 12 (fid=40)",917.4706462214494,12,,
Car 186,64.0,86,9,,,done,,done charging,917.4777847011874,,,632.6239981168276
Car 236,,,,,8,switch,,"Charger 8 (fid=32) not available, trying Charger 12 (fid=40)",917.6048330284399,12,,
Car 256,,,,,5,switch,,"Charger 5 (fid=73) not available, trying Charger 1 (fid=308702)",917.7935065782406,1,,
Car 227,,,,,7,switch,,"Charger 7 (fid=31) not available, trying Charger 9 (fid=86)",917.9195671298279,9,,
Car 234,,,,,11,switch,,"Charger 11 (fid=33) not available, trying Charger 8 (fid=32)",918.3467671133502,8,,
Car 219,45.0,34,14,,,done,,done charging,918.8049651492145,,,390.5816740358148
Car 259,,,,,8,switch,,"Charger 8 (fid=32) not available, trying Charger 10 (fid=30)",919.3304891081879,10,,
Car 238,,,,,11,switch,,"Charger 11 (fid=33) not available, trying Charger 8 (fid=32)",919.8888893344117,8,,
Car 262,,,,77,,arrived,,arrived,920.004503281792,,,
Car 221,77.0,31,7,,,done,,done charging,920.1108154566751,,,298.33635423728964
Car 263,,,,69,,arrived,,arrived,920.2953582016007,,,
Car 254,,,,,3,switch,,"Charger 3 (fid=307905) not available, trying Charger 7 (fid=31)",920.5730094137792,7,,
Car 250,,,,,1,switch,,"Charger 1 (fid=308702) not available, trying Charger 0 (fid=308440)",920.8654574644597,0,,
Car 241,,,,,4,switch,,"Charger 4 (fid=308108) not available, trying Charger 1 (fid=308702)",921.6039748740105,1,,
Car 264,,,,53,,arrived,,arrived,922.3469557783353,,,
Car 232,,,,,3,switch,,"Charger 3 (fid=307905) not available, trying Charger 12 (fid=40)",922.640278517858,12,,
Car 251,,,,,6,switch,,"Charger 6 (fid=60) not available, trying Charger 9 (fid=86)",922.7700214495976,9,,
Car 234,,,,,8,switch,,"Charger 8 (fid=32) not available, trying Charger 4 (fid=308108)",923.6158657896988,4,,
Car 260,,,,,2,switch,,"Charger 2 (fid=307904) not available, trying Charger 3 (fid=307905)",923.833789253238,3,,
Car 261,,,,,12,switch,,"Charger 12 (fid=40) not available, trying Charger 4 (fid=308108)",924.7989879632521,4,,
Car 262,,,,,6,switch,,"Charger 6 (fid=60) not available, trying Charger 12 (fid=40)",925.004503281792,12,,
Car 238,,,,,8,switch,,"Charger 8 (fid=32) not available, trying Charger 13 (fid=5)",925.1579880107603,13,,
Car 259,,,,,10,switch,,"Charger 10 (fid=30) not available, trying Charger 14 (fid=34)",925.1628088467938,14,,
Car 255,,,,,5,switch,,"Charger 5 (fid=73) not available, trying Charger 10 (fid=30)",925.1786456750615,10,,
Car 263,,,,,0,switch,,"Charger 0 (fid=308440) not available, trying Charger 15 (fid=57)",925.2953582016007,15,,
Car 259,,34,14,,,start_charge,,starting to charge at Charger 14 (fid=34),925.349549757689,,15.0,
Car 199,119.0,34,14,,,done,,done charging,925.6717689281495,,,375.4867613439013
Car 256,,,,,1,switch,,"Charger 1 (fid=308702) not available, trying Charger 7 (fid=31)",926.7145784851836,7,,
Car 263,,57,15,,,start_charge,,starting to charge at Charger 15 (fid=57),927.0349325170638,,5.0,
Car 254,,31,7,,,start_charge,,starting to charge at Charger 7 (fid=31),927.2864213476234,,20.0,
Car 264,,,,,12,switch,,"Charger 12 (fid=40) not available, trying Charger 4 (fid=308108)",927.3469557783353,4,,
Car 227,,86,9,,,start_charge,,starting to charge at Charger 9 (fid=86),927.44351578369,,55.0,
Car 224,,,,,12,switch,,"Charger 12 (fid=40) not available, trying Charger 5 (fid=73)",928.7721256773933,5,,
Car 250,,,,,0,switch,,"Charger 0 (fid=308440) not available, trying Charger 15 (fid=57)",928.9759100918582,15,,
Car 260,,,,,3,switch,,"Charger 3 (fid=307905) not available, trying Charger 15 (fid=57)",929.0974154348021,15,,
Car 236,,,,,12,switch,,"Charger 12 (fid=40) not available, trying Charger 0 (fid=308440)",931.2053341173486,0,,
Car 232,,,,,12,switch,,"Charger 12 (fid=40) not available, trying Charger 4 (fid=308108)",932.1712079392763,4,,
Car 265,,,,73,,arrived,,arrived,932.2757270239092,,,
Car 262,,,,,12,switch,,"Charger 12 (fid=40) not available, trying Charger 4 (fid=308108)",932.3328450235947,4,,
Car 256,,,,,7,switch,,"Charger 7 (fid=31) not available, trying Charger 13 (fid=5)",932.417980084168,13,,
Car 251,,,,,9,switch,,"Charger 9 (fid=86) not available, trying Charger 15 (fid=57)",933.7938397419374,15,,
Car 261,,,,,4,switch,,"Charger 4 (fid=308108) not available, trying Charger 2 (fid=307904)",933.9140797720917,2,,
Car 238,,,,,13,switch,,"Charger 13 (fid=5) not available, trying Charger 12 (fid=40)",933.9794256292276,12,,
Car 255,,,,,10,switch,,"Charger 10 (fid=30) not available, trying Charger 14 (fid=34)",934.7965141458458,14,,
Car 255,,34,14,,,start_charge,,starting to charge at Charger 14 (fid=34),934.983255056741,,25.0,
Car 241,,,,,1,switch,,"Charger 1 (fid=308702) not available, trying Charger 7 (fid=31)",935.0020510042579,7,,
Car 266,,,,37,,arrived,,arrived,935.2275302817086,,,
Car 250,,,,,15,switch,,"Charger 15 (fid=57) not available, trying Charger 13 (fid=5)",935.7154844073212,13,,
Car 230,55.0,308440,0,,,done,,done charging,935.9648610590452,,,294.31974950764237
Car 264,,,,,4,switch,,"Charger 4 (fid=308108) not available, trying Charger 6 (fid=60)",936.4620475871749,6,,
Car 267,,,,37,,arrived,,arrived,937.2322864989931,,,
Car 265,,,,,5,switch,,"Charger 5 (fid=73) not available, trying Charger 13 (fid=5)",937.2757270239092,13,,
Car 236,,308440,0,,,start_charge,,starting to charge at Charger 0 (fid=308440),937.3558555676079,,55.0,
Car 222,108.0,40,12,,,done,,done charging,937.4219349393506,,,460.73463349984644
Car 246,60.0,308440,0,,,done,,done charging,937.991506020315,,,186.2715086920258
Car 260,,,,,15,switch,,"Charger 15 (fid=57) not available, trying Charger 5 (fid=73)",938.0924905388689,5,,
Car 224,,,,,5,switch,,"Charger 5 (fid=73) not available, trying Charger 13 (fid=5)",938.3199532427113,13,,
Car 268,,,,37,,arrived,,arrived,938.4084719875934,,,
Car 234,,,,,4,switch,,"Charger 4 (fid=308108) not available, trying Charger 2 (fid=307904)",938.4273044713958,2,,
Car 269,,,,1,,arrived,,arrived,939.3217118804838,,,
Car 238,,40,12,,,start_charge,,starting to charge at Charger 12 (fid=40),940.1019880827096,,65.0,
Car 266,,,,,5,switch,,"Charger 5 (fid=73) not available, trying Charger 13 (fid=5)",940.2275302817086,13,,
Car 241,,,,,7,switch,,"Charger 7 (fid=31) not available, trying Charger 10 (fid=30)",940.7054526032423,10,,
Car 256,,,,,13,switch,,"Charger 13 (fid=5) not available, trying Charger 10 (fid=30)",941.2114831048686,10,,
Car 232,,,,,4,switch,,"Charger 4 (fid=308108) not available, trying Charger 9 (fid=86)",941.2862997481159,9,,
Car 262,,,,,4,switch,,"Charger 4 (fid=308108) not available, trying Charger 2 (fid=307904)",941.4479368324343,2,,
Car 270,,,,81,,arrived,,arrived,942.0794890556916,,,
Car 267,,,,,5,switch,,"Charger 5 (fid=73) not available, trying Charger 13 (fid=5)",942.2322864989931,13,,
Car 261,,,,,2,switch,,"Charger 2 (fid=307904) not available, trying Charger 3 (fid=307905)",942.420212786723,3,,
Car 271,,,,61,,arrived,,arrived,942.7414591509745,,,
Car 272,,,,19,,arrived,,arrived,943.1099653662924,,,
Car 272,,308440,0,,,start_charge,,starting to charge at Charger 0 (fid=308440),943.1099653662924,,0.0,
Car 268,,,,,5,switch,,"Charger 5 (fid=73) not available, trying Charger 13 (fid=5)",943.4084719875934,13,,
Car 189,99.0,308108,4,,,done,,done charging,943.8066399018364,,,633.232297543721
Car 242,88.0,73,5,,,done,,done charging,944.2959394512861,,,217.60064261641548
Car 260,,73,5,,,start_charge,,starting to charge at Charger 5 (fid=73),944.2959394512861,,23.33656574301483,
Car 269,,,,,2,switch,,"Charger 2 (fid=307904) not available, trying Charger 3 (fid=307905)",944.3217118804838,3,,
Car 229,63.0,73,5,,,done,,done charging,944.6367431788034,,,432.8135673721997
Car 244,61.0,33,11,,,done,,done charging,944.6616715710643,,,126.98757954898174
Car 265,,,,,13,switch,,"Charger 13 (fid=5) not available, trying Charger 15 (fid=57)",944.7407981101799,15,,
Car 250,,,,,13,switch,,"Charger 13 (fid=5) not available, trying Charger 5 (fid=73)",944.8010697132711,5,,
Car 251,,,,,15,switch,,"Charger 15 (fid=57) not available, trying Charger 5 (fid=73)",945.599451566022,5,,
Car 264,,,,,6,switch,,"Charger 6 (fid=60) not available, trying Charger 2 (fid=307904)",945.6846159483536,2,,
Car 224,,,,,,gave_up,13,"no alternate charger available, gave up",945.785024328982,,,
Car 241,,,,,10,switch,,"Charger 10 (fid=30) not available, trying Charger 14 (fid=34)",946.5301388540462,14,,
Car 234,,,,,2,switch,,"Charger 2 (fid=307904) not available, trying Charger 3 (fid=307905)",946.9334374860272,3,,
Car 270,,,,,2,switch,,"Charger 2 (fid=307904) not available, trying Charger 3 (fid=307905)",947.0794890556916,3,,
Car 250,,73,5,,,start_charge,,starting to charge at Charger 5 (fid=73),947.2661407995417,,45.0,
Car 273,,,,66,,arrived,,arrived,947.377389535547,,,
Car 261,,,,,3,switch,,"Charger 3 (fid=307905) not available, trying Charger 5 (fid=73)",947.6838389682871,5,,
Car 266,,,,,13,switch,,"Charger 13 (fid=5) not available, trying Charger 15 (fid=57)",947.6926013679793,15,,
Car 271,,,,,6,switch,,"Charger 6 (fid=60) not available, trying Charger 12 (fid=40)",947.7414591509745,12,,
Car 232,,,,,,gave_up,9,"no alternate charger available, gave up",948.6592297844865,,,
Car 269,,,,,3,switch,,"Charger 3 (fid=307905) not available, trying Charger 4 (fid=308108)",949.5853380620479,4,,
Car 267,,,,,13,switch,,"Charger 13 (fid=5) not available, trying Charger 15 (fid=57)",949.6973575852637,15,,
Car 262,,,,,2,switch,,"Charger 2 (fid=307904) not available, trying Charger 3 (fid=307905)",949.9540698470656,3,,
Car 256,,,,,10,switch,,"Charger 10 (fid=30) not available, trying Charger 6 (fid=60)",950.4633930261299,6,,
Car 268,,,,,13,switch,,"Charger 13 (fid=5) not available, trying Charger 15 (fid=57)",950.8735430738641,15,,
Car 252,48.0,32,8,,,done,,done charging,951.4751536334661,,,97.90289028803932
Car 241,,,,,14,switch,,"Charger 14 (fid=34) not available, trying Charger 9 (fid=86)",951.7168797649414,9,,
Car 234,,,,,3,switch,,"Charger 3 (fid=307905) not available, trying Charger 9 (fid=86)",952.1970636675912,9,,
Car 270,,,,,3,switch,,"Charger 3 (fid=307905) not available, trying Charger 15 (fid=57)",952.3431152372557,15,,
Car 273,,,,,6,switch,,"Charger 6 (fid=60) not available, trying Charger 12 (fid=40)",952.377389535547,12,,
Car 269,,308108,4,,,start_charge,,starting to charge at Charger 4 (fid=308108),953.1078079083001,,10.0,
Car 251,,,,,5,switch,,"Charger 5 (fid=73) not available, trying Charger 0 (fid=308440)",953.4663347354244,0,,
Car 265,,,,,15,switch,,"Charger 15 (fid=57) not available, trying Charger 6 (fid=60)",953.8263834161297,6,,
Car 274,,,,73,,arrived,,arrived,954.1626090371599,,,
Car 264,,,,,2,switch,,"Charger 2 (fid=307904) not available, trying Charger 3 (fid=307905)",954.686772461057,3,,
Car 271,,,,,12,switch,,"Charger 12 (fid=40) not available, trying Charger 5 (fid=73)",955.0698008927772,5,,
Car 262,,,,,3,switch,,"Charger 3 (fid=307905) not available, trying Charger 5 (fid=73)",955.2176960286297,5,,
Car 266,,,,,15,switch,,"Charger 15 (fid=57) not available, trying Charger 1 (fid=308702)",956.7781866739291,1,,
Car 261,,,,,5,switch,,"Charger 5 (fid=73) not available, trying Charger 9 (fid=86)",958.3299573397468,9,,
Car 267,,,,,15,switch,,"Charger 15 (fid=57) not available, trying Charger 1 (fid=308702)",958.7829428912136,1,,
Car 274,,,,,5,switch,,"Charger 5 (fid=73) not available, trying Charger 13 (fid=5)",959.1626090371599,13,,
Car 273,,,,,12,switch,,"Charger 12 (fid=40) not available, trying Charger 5 (fid=73)",959.7057312773496,5,,
Car 264,,,,,3,switch,,"Charger 3 (fid=307905) not available, trying Charger 9 (fid=86)",959.950398642621,9,,
Car 268,,,,,15,switch,,"Charger 15 (fid=57) not available, trying Charger 1 (fid=308702)",959.9591283798139,1,,
Car 234,,,,,,gave_up,9,"no alternate charger available, gave up",960.2875634007939,,,
Car 270,,,,,15,switch,,"Charger 15 (fid=57) not available, trying Charger 6 (fid=60)",961.3381903413225,6,,
Car 233,104.0,308108,4,,,done,,done charging,961.4731449196905,,,495.8403435247413
Car 249,69.0,32,8,,,done,,done charging,961.6533656219066,,,137.79977047765595
Car 256,,,,,6,switch,,"Charger 6 (fid=60) not available, trying Charger 14 (fid=34)",961.8246422094277,14,,
Car 235,64.0,40,12,,,done,,done charging,962.233643916094,,,490.3620087178465
Car 265,,,,,6,switch,,"Charger 6 (fid=60) not available, trying Charger 1 (fid=308702)",962.7177143414904,1,,
Car 251,,,,,0,switch,,"Charger 0 (fid=308440) not available, trying Charger 1 (fid=308702)",962.7301137480022,1,,
Car 275,,,,37,,arrived,,arrived,962.8953817372976,,,
Car 276,,,,25,,arrived,,arrived,964.2517730456608,,,
Car 276,,33,11,,,start_charge,,starting to charge at Charger 11 (fid=33),964.2517730456608,,0.0,
Car 271,,,,,5,switch,,"Charger 5 (fid=73) not available, trying Charger 15 (fid=57)",964.6176284580952,15,,
Car 228,49.0,30,10,,,done,,done charging,964.6482774405357,,,685.7356708577786
Car 266,,,,,1,switch,,"Charger 1 (fid=308702) not available, trying Charger 6 (fid=60)",965.1882445177232,6,,
Car 262,,,,,5,switch,,"Charger 5 (fid=73) not available, trying Charger 9 (fid=86)",965.8638144000894,9,,
Car 277,,,,90,,arrived,,arrived,965.964020294322,,,
Car 241,,,,,9,switch,,"Charger 9 (fid=86) not available, trying Charger 11 (fid=33)",966.470213900089,11,,
Car 274,,,,,13,switch,,"Charger 13 (fid=5) not available, trying Charger 15 (fid=57)",966.6276801234305,15,,
Car 267,,,,,1,switch,,"Charger 1 (fid=308702) not available, trying Charger 6 (fid=60)",967.1930007350077,6,,
Car 211,111.0,30,10,,,done,,done charging,967.6900081497092,,,656.8827236592125
Car 275,,,,,5,switch,,"Charger 5 (fid=73) not available, trying Charger 13 (fid=5)",967.8953817372976,13,,
Car 264,,,,,9,switch,,"Charger 9 (fid=86) not available, trying Charger 5 (fid=73)",968.0408983758238,5,,
Car 217,74.0,33,11,,,done,,done charging,968.086017473026,,,861.2094253777302
Car 268,,,,,1,switch,,"Charger 1 (fid=308702) not available, trying Charger 6 (fid=60)",968.369186223608,6,,
Car 273,,,,,5,switch,,"Charger 5 (fid=73) not available, trying Charger 13 (fid=5)",969.2535588426676,13,,
Car 243,82.0,307905,3,,,done,,done charging,970.1443511876581,,,282.0083029856444
Car 270,,,,,6,switch,,"Charger 6 (fid=60) not available, trying Charger 0 (fid=308440)",970.2295212666832,0,,
Car 247,69.0,57,15,,,done,,done charging,970.3947257927756,,,299.60881247267764
Car 271,,57,15,,,start_charge,,starting to charge at Charger 15 (fid=57),970.3947257927756,,17.910214165278035,
Car 278,,,,47,,arrived,,arrived,970.7752109424933,,,
Car 251,,,,,1,switch,,"Charger 1 (fid=308702) not available, trying Charger 13 (fid=5)",970.8405663754006,13,,
Car 277,,,,,9,switch,,"Charger 9 (fid=86) not available, trying Charger 4 (fid=308108)",970.964020294322,4,,
Car 261,,,,,9,switch,,"Charger 9 (fid=86) not available, trying Charger 15 (fid=57)",971.3642982515929,15,,
Car 257,59.0,86,9,,,done,,done charging,972.8879508377115,,,304.4528110645739
Car 256,,,,,14,switch,,"Charger 14 (fid=34) not available, trying Charger 11 (fid=33)",973.2568785526231,11,,
Car 277,,308108,4,,,start_charge,,starting to charge at Charger 4 (fid=308108),973.3369503306926,,5.0,
Car 265,,,,,1,switch,,"Charger 1 (fid=308702) not available, trying Charger 7 (fid=31)",973.3821669609468,7,,
Car 262,,86,9,,,start_charge,,starting to charge at Charger 9 (fid=86),973.8981553119355,,30.0,
Car 256,,33,11,,,start_charge,,starting to charge at Charger 11 (fid=33),974.1433939515978,,45.0,
Car 279,,,,37,,arrived,,arrived,974.3823650183174,,,
Car 275,,,,,13,switch,,"Charger 13 (fid=5) not available, trying Charger 15 (fid=57)",975.3604528235683,15,,
Car 274,,,,,15,switch,,"Charger 15 (fid=57) not available, trying Charger 6 (fid=60)",975.7132654293804,6,,
Car 278,,,,,7,switch,,"Charger 7 (fid=31) not available, trying Charger 1 (fid=308702)",975.7752109424933,1,,
Car 266,,,,,6,switch,,"Charger 6 (fid=60) not available, trying Charger 7 (fid=31)",975.8526971371797,7,,
Car 273,,,,,13,switch,,"Charger 13 (fid=5) not available, trying Charger 15 (fid=57)",976.7186299289383,15,,
Car 280,,,,11,,arrived,,arrived,977.371851218152,,,
Car 281,,,,37,,arrived,,arrived,977.6044200874402,,,
Car 267,,,,,6,switch,,"Charger 6 (fid=60) not available, trying Charger 7 (fid=31)",977.8574533544642,7,,
Car 268,,,,,6,switch,,"Charger 6 (fid=60) not available, trying Charger 7 (fid=31)",979.0336388430645,7,,
Car 265,,,,,7,switch,,"Charger 7 (fid=31) not available, trying Charger 0 (fid=308440)",979.0855685599313,0,,
Car 209,112.0,307904,2,,,done,,done charging,979.2175156975176,,,369.38122840467656
Car 216,94.0,308702,1,,,done,,done charging,979.2196675796146,,,588.5379328682217
Car 278,,308702,1,,,start_charge,,starting to charge at Charger 1 (fid=308702),979.2196675796146,,7.741055038136778,
Car 279,,,,,5,switch,,"Charger 5 (fid=73) not available, trying Charger 13 (fid=5)",979.3823650183174,13,,
Car 251,,,,,13,switch,,"Charger 13 (fid=5) not available, trying Charger 7 (fid=31)",979.3956797328206,7,,
Car 245,94.0,60,6,,,done,,done charging,979.5094580335394,,,306.60669794309234
Car 280,,60,6,,,start_charge,,starting to charge at Charger 6 (fid=60),979.5094580335394,,2.137606815387471,
Car 282,,,,31,,arrived,,arrived,979.7112426009293,,,
Car 270,,,,,0,switch,,"Charger 0 (fid=308440) not available, trying Charger 9 (fid=86)",979.85735679894,9,,
Car 215,106.0,5,13,,,done,,done charging,980.329086035521,,,793.5833122237705
Car 259,55.0,34,14,,,done,,done charging,980.349549757689,,,106.57256155646833
Car 283,,,,26,,arrived,,arrived,980.6190956194661,,,
Car 264,,,,,5,switch,,"Charger 5 (fid=73) not available, trying Charger 15 (fid=57)",981.0752392876699,15,,
Car 279,,5,13,,,start_charge,,starting to charge at Charger 13 (fid=5),981.847436104588,,5.0,
Car 241,,,,,11,switch,,"Charger 11 (fid=33) not available, trying Charger 8 (fid=32)",981.8523353634183,8,,
Car 241,,32,8,,,start_charge,,starting to charge at Charger 8 (fid=32),982.1214340397669,,75.0,
Car 281,,,,,5,switch,,"Charger 5 (fid=73) not available, trying Charger 13 (fid=5)",982.6044200874402,13,,
Car 261,,,,,15,switch,,"Charger 15 (fid=57) not available, trying Charger 13 (fid=5)",983.1699100756775,13,,
Car 284,,,,63,,arrived,,arrived,983.6875189792975,,,
Car 285,,,,61,,arrived,,arrived,984.1901487867057,,,
Car 275,,,,,15,switch,,"Charger 15 (fid=57) not available, trying Charger 1 (fid=308702)",984.4460381295181,1,,
Car 274,,,,,6,switch,,"Charger 6 (fid=60) not available, trying Charger 1 (fid=308702)",984.604596354741,1,,
Car 282,,,,,7,switch,,"Charger 7 (fid=31) not available, trying Charger 1 (fid=308702)",984.7112426009293,1,,
Car 286,,,,8,,arrived,,arrived,984.8832965382866,,,
Car 283,,,,,11,switch,,"Charger 11 (fid=33) not available, trying Charger 8 (fid=32)",985.6190956194661,8,,
Car 273,,,,,15,switch,,"Charger 15 (fid=57) not available, trying Charger 4 (fid=308108)",985.8042152348881,4,,
Car 283,,32,8,,,start_charge,,starting to charge at Charger 8 (fid=32),985.8881942958146,,5.0,
Car 266,,,,,7,switch,,"Charger 7 (fid=31) not available, trying Charger 10 (fid=30)",986.855515133228,10,,
Car 265,,,,,0,switch,,"Charger 0 (fid=308440) not available, trying Charger 12 (fid=40)",986.9588746518997,12,,
Car 266,,30,10,,,start_charge,,starting to charge at Charger 10 (fid=30),987.6802013840319,,30.0,
Car 251,,,,,7,switch,,"Charger 7 (fid=31) not available, trying Charger 10 (fid=30)",988.1891827535212,10,,
Car 287,,,,34,,arrived,,arrived,988.4402790682378,,,
Car 248,95.0,5,13,,,done,,done charging,988.5438989086693,,,188.5979039560139
Car 284,,5,13,,,start_charge,,starting to charge at Charger 13 (fid=5),988.5438989086693,,4.856379929371883,
Car 288,,,,5,,arrived,,arrived,988.6838801490612,,,
Car 289,,,,78,,arrived,,arrived,988.7451911491191,,,
Car 267,,,,,7,switch,,"Charger 7 (fid=31) not available, trying Charger 10 (fid=30)",988.8602713505124,10,,
Car 264,,,,,15,switch,,"Charger 15 (fid=57) not available, trying Charger 0 (fid=308440)",988.9421224570723,0,,
Car 251,,30,10,,,start_charge,,starting to charge at Charger 10 (fid=30),989.0138690043251,,60.0,
Car 285,,,,,6,switch,,"Charger 6 (fid=60) not available, trying Charger 12 (fid=40)",989.1901487867057,12,,
Car 286,,,,,5,switch,,"Charger 5 (fid=73) not available, trying Charger 13 (fid=5)",989.8832965382866,13,,
Car 268,,,,,7,switch,,"Charger 7 (fid=31) not available, trying Charger 10 (fid=30)",990.0364568391128,10,,
Car 281,,,,,13,switch,,"Charger 13 (fid=5) not available, trying Charger 15 (fid=57)",990.0694911737108,15,,
Car 282,,,,,1,switch,,"Charger 1 (fid=308702) not available, trying Charger 10 (fid=30)",990.4146441999137,10,,
Car 290,,,,54,,arrived,,arrived,991.3830139020059,,,
Car 285,,40,12,,,start_charge,,starting to charge at Charger 12 (fid=40),991.5184905285083,,5.0,
Car 270,,,,,9,switch,,"Charger 9 (fid=86) not available, trying Charger 4 (fid=308108)",992.0207178494719,4,,
Car 261,,,,,13,switch,,"Charger 13 (fid=5) not available, trying Charger 0 (fid=308440)",992.2554953816274,0,,
Car 275,,,,,1,switch,,"Charger 1 (fid=308702) not available, trying Charger 6 (fid=60)",992.8560959733122,6,,
Car 291,,,,74,,arrived,,arrived,992.9090577943508,,,
Car 291,,307904,2,,,start_charge,,starting to charge at Charger 2 (fid=307904),992.9090577943508,,0.0,
Car 287,,,,,15,switch,,"Charger 15 (fid=57) not available, trying Charger 0 (fid=308440)",993.4402790682378,0,,
Car 288,,,,,13,switch,,"Charger 13 (fid=5) not available, trying Charger 5 (fid=73)",993.6838801490612,5,,
Car 289,,,,,5,switch,,"Charger 5 (fid=73) not available, trying Charger 13 (fid=5)",993.7451911491191,13,,
Car 267,,,,,10,switch,,"Charger 10 (fid=30) not available, trying Charger 14 (fid=34)",994.6849576013163,14,,
Car 267,,34,14,,,start_charge,,starting to charge at Charger 14 (fid=34),994.8716985122115,,35.0,
Car 274,,,,,1,switch,,"Charger 1 (fid=308702) not available, trying Charger 7 (fid=31)",995.2690489741975,7,,
Car 264,,,,,0,switch,,"Charger 0 (fid=308440) not available, trying Charger 13 (fid=5)",995.6816967725354,13,,
Car 268,,,,,10,switch,,"Charger 10 (fid=30) not available, trying Charger 14 (fid=34)",995.8611430899167,14,,
Car 290,,,,,15,switch,,"Charger 15 (fid=57) not available, trying Charger 0 (fid=308440)",996.3830139020059,0,,
Car 282,,,,,10,switch,,"Charger 10 (fid=30) not available, trying Charger 14 (fid=34)",996.4764769861476,14,,
Car 286,,,,,13,switch,,"Charger 13 (fid=5) not available, trying Charger 6 (fid=60)",997.3483676245572,6,,
Car 273,,,,,4,switch,,"Charger 4 (fid=308108) not available, trying Charger 2 (fid=307904)",997.4291696710397,2,,
Car 265,,,,,12,switch,,"Charger 12 (fid=40) not available, trying Charger 10 (fid=30)",998.109396102159,10,,
Car 236,61.0,308440,0,,,done,,done charging,998.3558555676079,,,473.7175114866899
Car 287,,308440,0,,,start_charge,,starting to charge at Charger 0 (fid=308440),998.3558555676079,,8.17600218390703,
Car 281,,,,,15,switch,,"Charger 15 (fid=57) not available, trying Charger 1 (fid=308702)",999.1550764796607,1,,
Car 254,72.0,31,7,,,done,,done charging,999.2864213476234,,,331.12331950713485
Car 274,,31,7,,,start_charge,,starting to charge at Charger 7 (fid=31),999.2864213476234,,28.313970774441486,
Car 270,,,,,4,switch,,"Charger 4 (fid=308108) not available, trying Charger 12 (fid=40)",999.3936478858425,12,,
Car 268,,,,,14,switch,,"Charger 14 (fid=34) not available, trying Charger 0 (fid=308440)",1001.0478840008119,0,,
Car 288,,,,,5,switch,,"Charger 5 (fid=73) not available, trying Charger 1 (fid=308702)",1001.1489512353319,1,,
Car 289,,,,,13,switch,,"Charger 13 (fid=5) not available, trying Charger 6 (fid=60)",1001.2102622353898,6,,
Car 250,54.0,73,5,,,done,,done charging,1001.2661407995417,,,384.6684436163344
Car 239,107.0,308702,1,,,done,,done charging,1001.6392285032365,,,409.9402695493405
Car 282,,,,,14,switch,,"Charger 14 (fid=34) not available, trying Charger 11 (fid=33)",1001.6632178970428,11,,
Car 292,,,,38,,arrived,,arrived,1001.9757174690371,,,
Car 281,,308702,1,,,start_charge,,starting to charge at Charger 1 (fid=308702),1002.5651343234548,,15.0,
Car 261,,,,,0,switch,,"Charger 0 (fid=308440) not available, trying Charger 1 (fid=308702)",1002.8126786920946,1,,
Car 290,,,,,0,switch,,"Charger 0 (fid=308440) not available, trying Charger 5 (fid=73)",1003.122588217469,5,,
Car 275,,,,,6,switch,,"Charger 6 (fid=60) not available, trying Charger 7 (fid=31)",1003.5205485927687,7,,
Car 273,,,,,2,switch,,"Charger 2 (fid=307904) not available, trying Charger 3 (fid=307905)",1005.9353026856711,3,,
Car 272,63.0,308440,0,,,done,,done charging,1006.1099653662924,,,39.39853473454384
Car 268,,308440,0,,,start_charge,,starting to charge at Charger 0 (fid=308440),1006.1099653662924,,41.9593897922266,
Car 273,,307905,3,,,start_charge,,starting to charge at Charger 3 (fid=307905),1006.1989288672352,,35.0,
Car 264,,,,,13,switch,,"Charger 13 (fid=5) not available, trying Charger 1 (fid=308702)",1006.2388800830025,1,,
Car 286,,,,,6,switch,,"Charger 6 (fid=60) not available, trying Charger 15 (fid=57)",1006.9522915342407,15,,
Car 292,,,,,13,switch,,"Charger 13 (fid=5) not available, trying Charger 1 (fid=308702)",1006.9757174690371,1,,
Car 290,,73,5,,,start_charge,,starting to charge at Charger 5 (fid=73),1007.3863672300467,,10.0,
Car 282,,,,,11,switch,,"Charger 11 (fid=33) not available, trying Charger 8 (fid=32)",1007.5497332960175,8,,
Car 270,,,,,12,switch,,"Charger 12 (fid=40) not available, trying Charger 5 (fid=73)",1008.508739694682,5,,
Car 288,,,,,1,switch,,"Charger 1 (fid=308702) not available, trying Charger 7 (fid=31)",1010.0700231422749,7,,
Car 293,,,,91,,arrived,,arrived,1010.4508999576603,,,
Car 289,,,,,6,switch,,"Charger 6 (fid=60) not available, trying Charger 12 (fid=40)",1010.8141861450732,12,,
Car 261,,,,,1,switch,,"Charger 1 (fid=308702) not available, trying Charger 7 (fid=31)",1010.923131319493,7,,
Car 265,,,,,10,switch,,"Charger 10 (fid=30) not available, trying Charger 14 (fid=34)",1010.9933312034593,14,,
Car 253,117.0,60,6,,,done,,done charging,1011.4397964205157,,,39.826269693187264
Car 276,48.0,33,11,,,done,,done charging,1012.2517730456608,,,93.27311780657354
Car 282,,,,,8,switch,,"Charger 8 (fid=32) not available, trying Charger 0 (fid=308440)",1012.8188319723661,0,,
Car 227,87.0,86,9,,,done,,done charging,1014.44351578369,,,492.1306642301385
Car 293,,86,9,,,start_charge,,starting to charge at Charger 9 (fid=86),1014.44351578369,,3.9926158260296916,
Car 294,,,,40,,arrived,,arrived,1014.5194532638068,,,
Car 275,,,,,7,switch,,"Charger 7 (fid=31) not available, trying Charger 10 (fid=30)",1014.523366588817,10,,
Car 264,,,,,1,switch,,"Charger 1 (fid=308702) not available, trying Charger 7 (fid=31)",1014.7939934404225,7,,
Car 292,,,,,1,switch,,"Charger 1 (fid=308702) not available, trying Charger 5 (fid=73)",1015.5308308264571,5,,
Car 288,,,,,7,switch,,"Charger 7 (fid=31) not available, trying Charger 11 (fid=33)",1015.7734247412593,11,,
Car 286,,,,,15,switch,,"Charger 15 (fid=57) not available, trying Charger 12 (fid=40)",1015.8436224596013,12,,
Car 265,,,,,14,switch,,"Charger 14 (fid=34) not available, trying Charger 11 (fid=33)",1016.1800721143545,11,,
Car 261,,,,,7,switch,,"Charger 7 (fid=31) not available, trying Charger 10 (fid=30)",1016.6265329184774,10,,
Car 265,,33,11,,,start_charge,,starting to charge at Charger 11 (fid=33),1017.0665875133292,,50.0,
Car 270,,,,,5,switch,,"Charger 5 (fid=73) not available, trying Charger 1 (fid=308702)",1018.0565672600001,1,,
Car 289,,,,,12,switch,,"Charger 12 (fid=40) not available, trying Charger 15 (fid=57)",1018.1425278868759,15,,
Car 295,,,,11,,arrived,,arrived,1018.5737674589434,,,
Car 295,,60,6,,,start_charge,,starting to charge at Charger 6 (fid=60),1018.5737674589434,,0.0,
Car 296,,,,57,,arrived,,arrived,1018.9148442075183,,,
Car 294,,,,,12,switch,,"Charger 12 (fid=40) not available, trying Charger 6 (fid=60)",1019.5194532638068,6,,
Car 269,67.0,308108,4,,,done,,done charging,1020.1078079083001,,,237.51991159692324
Car 275,,,,,10,switch,,"Charger 10 (fid=30) not available, trying Charger 14 (fid=34)",1020.3480528396209,14,,
Car 297,,,,60,,arrived,,arrived,1020.4710603198752,,,
Car 264,,,,,7,switch,,"Charger 7 (fid=31) not available, trying Charger 10 (fid=30)",1020.4973950394069,10,,
Car 282,,,,,0,switch,,"Charger 0 (fid=308440) not available, trying Charger 15 (fid=57)",1021.5671023733307,15,,
Car 262,48.0,86,9,,,done,,done charging,1021.8981553119355,,,402.3038131239751
Car 288,,,,,11,switch,,"Charger 11 (fid=33) not available, trying Charger 8 (fid=32)",1022.2978854801427,8,,
Car 261,,,,,10,switch,,"Charger 10 (fid=30) not available, trying Charger 14 (fid=34)",1022.4512191692813,14,,
Car 298,,,,63,,arrived,,arrived,1022.5260856734398,,,
Car 258,117.0,31,7,,,done,,done charging,1023.43930655785,,,71.68114636112008
Car 299,,,,26,,arrived,,arrived,1023.669369392758,,,
Car 300,,,,63,,arrived,,arrived,1023.8314769366298,,,
Car 296,,,,,15,switch,,"Charger 15 (fid=57) not available, trying Charger 0 (fid=308440)",1023.9148442075183,0,,
Car 301,,,,6,,arrived,,arrived,1023.9500806366381,,,
Car 271,54.0,57,15,,,done,,done charging,1024.3947257927757,,,440.8368957500412
Car 282,,57,15,,,start_charge,,starting to charge at Charger 15 (fid=57),1024.3947257927757,,36.088049103981916,
Car 292,,,,,5,switch,,"Charger 5 (fid=73) not available, trying Charger 7 (fid=31)",1024.4519027334,7,,
Car 302,,,,1,,arrived,,arrived,1025.0801741472067,,,
Car 297,,,,,6,switch,,"Charger 6 (fid=60) not available, trying Charger 12 (fid=40)",1025.471060319875,12,,
Car 275,,,,,14,switch,,"Charger 14 (fid=34) not available, trying Charger 0 (fid=308440)",1025.5347937505162,0,,
Car 286,,,,,12,switch,,"Charger 12 (fid=40) not available, trying Charger 1 (fid=308702)",1026.2576393029644,1,,
Car 264,,,,,10,switch,,"Charger 10 (fid=30) not available, trying Charger 14 (fid=34)",1026.322081290211,14,,
Car 294,,,,,6,switch,,"Charger 6 (fid=60) not available, trying Charger 4 (fid=308108)",1026.8477950056094,4,,
Car 270,,,,,1,switch,,"Charger 1 (fid=308702) not available, trying Charger 7 (fid=31)",1026.977639166943,7,,
Car 263,100.0,57,15,,,done,,done charging,1027.0349325170637,,,153.1572409882213
Car 289,,57,15,,,start_charge,,starting to charge at Charger 15 (fid=57),1027.0349325170637,,23.47838778682467,
Car 303,,,,46,,arrived,,arrived,1027.1346171932314,,,
Car 298,,,,,13,switch,,"Charger 13 (fid=5) not available, trying Charger 5 (fid=73)",1027.5260856734399,5,,
Car 288,,,,,8,switch,,"Charger 8 (fid=32) not available, trying Charger 15 (fid=57)",1027.5669841564913,15,,
Car 261,,,,,14,switch,,"Charger 14 (fid=34) not available, trying Charger 11 (fid=33)",1027.6379600801765,11,,
Car 270,,31,7,,,start_charge,,starting to charge at Charger 7 (fid=31),1027.6810407659275,,49.999999999999886,
Car 299,,,,,0,switch,,"Charger 0 (fid=308440) not available, trying Charger 15 (fid=57)",1028.669369392758,15,,
Car 300,,,,,13,switch,,"Charger 13 (fid=5) not available, trying Charger 5 (fid=73)",1028.8314769366298,5,,
Car 301,,,,,6,switch,,"Charger 6 (fid=60) not available, trying Charger 2 (fid=307904)",1028.9500806366382,2,,
Car 238,89.0,40,12,,,done,,done charging,1029.1019880827096,,,442.5341108419198
Car 297,,40,12,,,start_charge,,starting to charge at Charger 12 (fid=40),1029.1019880827096,,6.302586021031743,
Car 302,,,,,2,switch,,"Charger 2 (fid=307904) not available, trying Charger 3 (fid=307905)",1030.0801741472067,3,,
Car 296,,,,,0,switch,,"Charger 0 (fid=308440) not available, trying Charger 5 (fid=73)",1030.6544185229814,5,,
Car 294,,308108,4,,,start_charge,,starting to charge at Charger 4 (fid=308108),1031.0703633667881,,10.0,
Car 264,,,,,14,switch,,"Charger 14 (fid=34) not available, trying Charger 11 (fid=33)",1031.508822201106,11,,
Car 303,,,,,1,switch,,"Charger 1 (fid=308702) not available, trying Charger 7 (fid=31)",1032.1346171932314,7,,
Car 304,,,,33,,arrived,,arrived,1032.433918405025,,,
Car 305,,,,8,,arrived,,arrived,1032.9536621079214,,,
Car 261,,,,,11,switch,,"Charger 11 (fid=33) not available, trying Charger 8 (fid=32)",1033.5244754791513,8,,
Car 275,,,,,0,switch,,"Charger 0 (fid=308440) not available, trying Charger 11 (fid=33)",1033.63748532377,11,,
Car 292,,,,,7,switch,,"Charger 7 (fid=31) not available, trying Charger 11 (fid=33)",1033.7113400169349,11,,
Car 298,,,,,5,switch,,"Charger 5 (fid=73) not available, trying Charger 1 (fid=308702)",1034.9911567597105,1,,
Car 302,,,,,3,switch,,"Charger 3 (fid=307905) not available, trying Charger 4 (fid=308108)",1035.3438003287708,4,,
Car 299,,,,,15,switch,,"Charger 15 (fid=57) not available, trying Charger 2 (fid=307904)",1035.408943708221,2,,
Car 306,,,,77,,arrived,,arrived,1035.6549921267754,,,
Car 300,,,,,5,switch,,"Charger 5 (fid=73) not available, trying Charger 1 (fid=308702)",1036.2965480229004,1,,
Car 288,,,,,15,switch,,"Charger 15 (fid=57) not available, trying Charger 10 (fid=30)",1037.3904045517352,10,,
Car 264,,,,,11,switch,,"Charger 11 (fid=33) not available, trying Charger 8 (fid=32)",1037.395337600081,8,,
Car 304,,,,,15,switch,,"Charger 15 (fid=57) not available, trying Charger 0 (fid=308440)",1037.433918405025,0,,
Car 303,,,,,7,switch,,"Charger 7 (fid=31) not available, trying Charger 13 (fid=5)",1037.838018792216,13,,
Car 301,,,,,2,switch,,"Charger 2 (fid=307904) not available, trying Charger 3 (fid=307905)",1037.9522371493415,3,,
Car 305,,,,,5,switch,,"Charger 5 (fid=73) not available, trying Charger 13 (fid=5)",1037.9536621079214,13,,
Car 307,,,,9,,arrived,,arrived,1038.1141869731614,,,
Car 286,,,,,1,switch,,"Charger 1 (fid=308702) not available, trying Charger 7 (fid=31)",1038.4447778404233,7,,
Car 261,,,,,,gave_up,8,"no alternate charger available, gave up",1038.7935741555,,,
Car 251,50.0,30,10,,,done,,done charging,1039.013869004325,,,607.1659762188464
Car 296,,,,,5,switch,,"Charger 5 (fid=73) not available, trying Charger 1 (fid=308702)",1039.918197535559,1,,
Car 292,,,,,11,switch,,"Charger 11 (fid=33) not available, trying Charger 8 (fid=32)",1040.2358007558182,8,,
Car 306,,,,,6,switch,,"Charger 6 (fid=60) not available, trying Charger 12 (fid=40)",1040.6549921267754,12,,
Car 288,,30,10,,,start_charge,,starting to charge at Charger 10 (fid=30),1041.4972589593706,,35.000000000000114,
Car 308,,,,77,,arrived,,arrived,1041.5112229205724,,,
Car 309,,,,24,,arrived,,arrived,1042.0998873800656,,,
Car 260,98.0,73,5,,,done,,done charging,1042.2959394512861,,,331.32451996392444
Car 307,,73,5,,,start_charge,,starting to charge at Charger 5 (fid=73),1042.2959394512861,,4.181752478124736,
Car 275,,,,,11,switch,,"Charger 11 (fid=33) not available, trying Charger 8 (fid=32)",1042.3689642252057,8,,
Car 310,,,,76,,arrived,,arrived,1042.5342807797126,,,
Car 310,,86,9,,,start_charge,,starting to charge at Charger 9 (fid=86),1042.5342807797126,,0.0,
Car 264,,,,,,gave_up,8,"no alternate charger available, gave up",1042.6644362764296,,,
Car 266,55.0,30,10,,,done,,done charging,1042.680201384032,,,328.1936721351661
Car 301,,,,,3,switch,,"Charger 3 (fid=307905) not available, trying Charger 15 (fid=57)",1043.2158633309057,15,,
Car 311,,,,15,,arrived,,arrived,1043.6284771069027,,,
Car 302,,,,,4,switch,,"Charger 4 (fid=308108) not available, trying Charger 9 (fid=86)",1043.866270175023,9,,
Car 312,,,,37,,arrived,,arrived,1043.877216096139,,,
Car 298,,,,,1,switch,,"Charger 1 (fid=308702) not available, trying Charger 7 (fid=31)",1043.9122286666536,7,,
Car 255,109.0,34,14,,,done,,done charging,1043.983255056741,,,315.3544868952083
Car 286,,,,,7,switch,,"Charger 7 (fid=31) not available, trying Charger 10 (fid=30)",1044.1481794394078,10,,
Car 304,,,,,0,switch,,"Charger 0 (fid=308440) not available, trying Charger 2 (fid=307904)",1044.173492720488,2,,
Car 299,,,,,2,switch,,"Charger 2 (fid=307904) not available, trying Charger 3 (fid=307905)",1044.387681980667,3,,
Car 286,,30,10,,,start_charge,,starting to charge at Charger 10 (fid=30),1044.9728656902116,,35.0,
Car 300,,,,,1,switch,,"Charger 1 (fid=308702) not available, trying Charger 7 (fid=31)",1045.2176199298435,7,,
Car 313,,,,12,,arrived,,arrived,1045.3822844104454,,,
Car 305,,,,,13,switch,,"Charger 13 (fid=5) not available, trying Charger 6 (fid=60)",1045.418733194192,6,,
Car 292,,,,,8,switch,,"Charger 8 (fid=32) not available, trying Charger 10 (fid=30)",1045.504899432167,10,,
Car 314,,,,63,,arrived,,arrived,1045.5921194126418,,,
Car 315,,,,51,,arrived,,arrived,1045.8732614779226,,,
Car 308,,,,,6,switch,,"Charger 6 (fid=60) not available, trying Charger 12 (fid=40)",1046.5112229205724,12,,
Car 303,,,,,13,switch,,"Charger 13 (fid=5) not available, trying Charger 10 (fid=30)",1046.6315218129166,10,,
Car 316,,,,33,,arrived,,arrived,1046.9126571357933,,,
Car 317,,,,62,,arrived,,arrived,1047.096707561212,,,
Car 309,,,,,11,switch,,"Charger 11 (fid=33) not available, trying Charger 8 (fid=32)",1047.0998873800656,8,,
Car 278,68.0,308702,1,,,done,,done charging,1047.2196675796145,,,150.86806658959517
Car 296,,308702,1,,,start_charge,,starting to charge at Charger 1 (fid=308702),1047.2196675796145,,18.380398137112252,
Car 277,74.0,308108,4,,,done,,done charging,1047.3369503306926,,,168.2675007779693
Car 275,,,,,8,switch,,"Charger 8 (fid=32) not available, trying Charger 12 (fid=40)",1047.6380629015543,12,,
Car 306,,,,,12,switch,,"Charger 12 (fid=40) not available, trying Charger 4 (fid=308108)",1047.983333868578,4,,
Car 311,,,,,15,switch,,"Charger 15 (fid=57) not available, trying Charger 0 (fid=308440)",1048.6284771069027,0,,
Car 312,,,,,5,switch,,"Charger 5 (fid=73) not available, trying Charger 13 (fid=5)",1048.877216096139,13,,
Car 318,,,,21,,arrived,,arrived,1049.3171282656292,,,
Car 298,,,,,7,switch,,"Charger 7 (fid=31) not available, trying Charger 15 (fid=57)",1049.6156302656382,15,,
Car 299,,,,,3,switch,,"Charger 3 (fid=307905) not available, trying Charger 7 (fid=31)",1049.651308162231,7,,
Car 313,,,,,2,switch,,"Charger 2 (fid=307904) not available, trying Charger 3 (fid=307905)",1050.3822844104454,3,,
Car 314,,,,,13,switch,,"Charger 13 (fid=5) not available, trying Charger 5 (fid=73)",1050.5921194126418,5,,
Car 315,,,,,12,switch,,"Charger 12 (fid=40) not available, trying Charger 6 (fid=60)",1050.8732614779226,6,,
Car 300,,,,,7,switch,,"Charger 7 (fid=31) not available, trying Charger 15 (fid=57)",1050.921021528828,15,,
Car 319,,,,76,,arrived,,arrived,1051.1402237220798,,,
Car 302,,,,,9,switch,,"Charger 9 (fid=86) not available, trying Charger 12 (fid=40)",1051.2392002113934,12,,
Car 292,,,,,10,switch,,"Charger 10 (fid=30) not available, trying Charger 14 (fid=34)",1051.3372191707729,14,,
Car 292,,34,14,,,start_charge,,starting to charge at Charger 14 (fid=34),1051.523960081668,,34.999999999999886,
Car 316,,,,,15,switch,,"Charger 15 (fid=57) not available, trying Charger 0 (fid=308440)",1051.9126571357933,0,,
Car 317,,,,,6,switch,,"Charger 6 (fid=60) not available, trying Charger 12 (fid=40)",1052.096707561212,12,,
Car 306,,308108,4,,,start_charge,,starting to charge at Charger 4 (fid=308108),1052.0984256774175,,10.0,
Car 301,,,,,15,switch,,"Charger 15 (fid=57) not available, trying Charger 5 (fid=73)",1052.2109384349724,5,,
Car 309,,,,,8,switch,,"Charger 8 (fid=32) not available, trying Charger 7 (fid=31)",1052.3689860564143,7,,
Car 304,,,,,2,switch,,"Charger 2 (fid=307904) not available, trying Charger 3 (fid=307905)",1053.5099802193813,3,,
Car 308,,,,,12,switch,,"Charger 12 (fid=40) not available, trying Charger 4 (fid=308108)",1053.839564662375,4,,
Car 268,48.0,308440,0,,,done,,done charging,1054.1099653662923,,,372.19578970139935
Car 318,,308440,0,,,start_charge,,starting to charge at Charger 0 (fid=308440),1054.1099653662923,,4.792837100663064,
Car 267,60.0,34,14,,,done,,done charging,1054.8716985122114,,,334.10690255464647
Car 305,,,,,6,switch,,"Charger 6 (fid=60) not available, trying Charger 15 (fid=57)",1055.0226571038754,15,,
Car 320,,,,57,,arrived,,arrived,1055.0933221195965,,,
Car 311,,,,,0,switch,,"Charger 0 (fid=308440) not available, trying Charger 2 (fid=307904)",1055.3680514223656,2,,
Car 313,,,,,3,switch,,"Charger 3 (fid=307905) not available, trying Charger 9 (fid=86)",1055.6459105920096,9,,
Car 303,,,,,10,switch,,"Charger 10 (fid=30) not available, trying Charger 14 (fid=34)",1055.8834317341777,14,,
Car 303,,34,14,,,start_charge,,starting to charge at Charger 14 (fid=34),1056.070172645073,,20.0,
Car 319,,,,,9,switch,,"Charger 9 (fid=86) not available, trying Charger 4 (fid=308108)",1056.1402237220798,4,,
Car 312,,,,,13,switch,,"Charger 13 (fid=5) not available, trying Charger 15 (fid=57)",1056.3422871824096,15,,
Car 280,78.0,60,6,,,done,,done charging,1057.5094580335394,,,159.7583830982139
Car 315,,60,6,,,start_charge,,starting to charge at Charger 6 (fid=60),1057.5094580335394,,9.307854813814174,
Car 321,,,,44,,arrived,,arrived,1057.604522808412,,,
Car 314,,,,,5,switch,,"Charger 5 (fid=73) not available, trying Charger 1 (fid=308702)",1058.0571904989124,1,,
Car 322,,,,8,,arrived,,arrived,1058.3327110500284,,,
Car 298,,,,,15,switch,,"Charger 15 (fid=57) not available, trying Charger 10 (fid=30)",1058.3640534860242,10,,
Car 316,,,,,0,switch,,"Charger 0 (fid=308440) not available, trying Charger 2 (fid=307904)",1058.6522314512563,2,,
Car 304,,,,,3,switch,,"Charger 3 (fid=307905) not available, trying Charger 6 (fid=60)",1058.7736064009455,6,,
Car 309,,,,,7,switch,,"Charger 7 (fid=31) not available, trying Charger 10 (fid=30)",1058.9102382948267,10,,
Car 274,60.0,31,7,,,done,,done charging,1059.2864213476234,,,354.81112571845796
Car 299,,31,7,,,start_charge,,starting to charge at Charger 7 (fid=31),1059.2864213476234,,22.92170125154803,
Car 317,,,,,12,switch,,"Charger 12 (fid=40) not available, trying Charger 5 (fid=73)",1059.4250493030147,5,,
Car 285,68.0,40,12,,,done,,done charging,1059.5184905285082,,,192.19000550955928
Car 275,,40,12,,,start_charge,,starting to charge at Charger 12 (fid=40),1059.5184905285082,,58.27992653804529,
Car 300,,,,,15,switch,,"Charger 15 (fid=57) not available, trying Charger 10 (fid=30)",1059.669444749214,10,,
Car 301,,,,,5,switch,,"Charger 5 (fid=73) not available, trying Charger 12 (fid=40)",1060.0778216043748,12,,
Car 320,,,,,15,switch,,"Charger 15 (fid=57) not available, trying Charger 0 (fid=308440)",1060.0933221195965,0,,
Car 323,,,,74,,arrived,,arrived,1060.6152580089963,,,
Car 324,,,,56,,arrived,,arrived,1060.7581540423275,,,
Car 325,,,,31,,arrived,,arrived,1062.1202489857162,,,
Car 302,,,,,12,switch,,"Charger 12 (fid=40) not available, trying Charger 6 (fid=60)",1062.123140244425,6,,
Car 321,,,,,7,switch,,"Charger 7 (fid=31) not available, trying Charger 1 (fid=308702)",1062.604522808412,1,,
Car 308,,,,,4,switch,,"Charger 4 (fid=308108) not available, trying Charger 2 (fid=307904)",1062.9546564712145,2,,
Car 322,,,,,5,switch,,"Charger 5 (fid=73) not available, trying Charger 13 (fid=5)",1063.3327110500284,13,,
Car 319,,,,,4,switch,,"Charger 4 (fid=308108) not available, trying Charger 2 (fid=307904)",1063.5131537584502,2,,
Car 313,,,,,9,switch,,"Charger 9 (fid=86) not available, trying Charger 4 (fid=308108)",1063.7364103252123,4,,
Car 305,,,,,15,switch,,"Charger 15 (fid=57) not available, trying Charger 12 (fid=40)",1063.913988029236,12,,
Car 326,,,,10,,arrived,,arrived,1064.0850594731169,,,
Car 293,50.0,86,9,,,done,,done charging,1064.4435157836901,,,102.33951502200442
Car 311,,,,,2,switch,,"Charger 2 (fid=307904) not available, trying Charger 3 (fid=307905)",1064.704538921259,3,,
Car 309,,,,,10,switch,,"Charger 10 (fid=30) not available, trying Charger 14 (fid=34)",1064.7349245456305,14,,
Car 327,,,,1,,arrived,,arrived,1064.9921743069851,,,
Car 312,,,,,15,switch,,"Charger 15 (fid=57) not available, trying Charger 1 (fid=308702)",1065.4278724883595,1,,
Car 323,,,,,2,switch,,"Charger 2 (fid=307904) not available, trying Charger 3 (fid=307905)",1065.6152580089963,3,,
Car 324,,,,,15,switch,,"Charger 15 (fid=57) not available, trying Charger 0 (fid=308440)",1065.7581540423275,0,,
Car 328,,,,55,,arrived,,arrived,1066.6260092705106,,,
Car 320,,,,,0,switch,,"Charger 0 (fid=308440) not available, trying Charger 5 (fid=73)",1066.8328964350594,5,,
Car 314,,,,,1,switch,,"Charger 1 (fid=308702) not available, trying Charger 7 (fid=31)",1066.9782624058555,7,,
Car 325,,,,,15,switch,,"Charger 15 (fid=57) not available, trying Charger 0 (fid=308440)",1067.1202489857162,0,,
Car 298,,,,,10,switch,,"Charger 10 (fid=30) not available, trying Charger 14 (fid=34)",1067.4709078936596,14,,
Car 304,,,,,6,switch,,"Charger 6 (fid=60) not available, trying Charger 5 (fid=73)",1067.7920997452698,5,,
Car 283,82.0,32,8,,,done,,done charging,1067.8881942958146,,,55.14174856171235
Car 291,75.0,307904,2,,,done,,done charging,1067.9090577943507,,,284.65712019666825
Car 316,,307904,2,,,start_charge,,starting to charge at Charger 2 (fid=307904),1067.9090577943507,,14.92033884420107,
Car 321,,,,,1,switch,,"Charger 1 (fid=308702) not available, trying Charger 10 (fid=30)",1068.3079244073965,10,,
Car 300,,,,,10,switch,,"Charger 10 (fid=30) not available, trying Charger 14 (fid=34)",1068.7762991568495,14,,
Car 317,,,,,5,switch,,"Charger 5 (fid=73) not available, trying Charger 15 (fid=57)",1068.9728768683328,15,,
Car 326,,,,,5,switch,,"Charger 5 (fid=73) not available, trying Charger 6 (fid=60)",1069.0850594731169,6,,
Car 302,,,,,6,switch,,"Charger 6 (fid=60) not available, trying Charger 15 (fid=57)",1069.4514819862277,15,,
Car 301,,,,,12,switch,,"Charger 12 (fid=40) not available, trying Charger 0 (fid=308440)",1069.625649169693,0,,
Car 309,,,,,14,switch,,"Charger 14 (fid=34) not available, trying Charger 1 (fid=308702)",1069.9216654565257,1,,
Car 311,,,,,3,switch,,"Charger 3 (fid=307905) not available, trying Charger 6 (fid=60)",1069.9681651028231,6,,
Car 327,,,,,2,switch,,"Charger 2 (fid=307904) not available, trying Charger 3 (fid=307905)",1069.9921743069851,3,,
Car 322,,,,,13,switch,,"Charger 13 (fid=5) not available, trying Charger 6 (fid=60)",1070.797782136299,6,,
Car 323,,,,,3,switch,,"Charger 3 (fid=307905) not available, trying Charger 0 (fid=308440)",1070.8788841905605,0,,
Car 313,,,,,4,switch,,"Charger 4 (fid=308108) not available, trying Charger 15 (fid=57)",1071.1093403615828,15,,
Car 308,,,,,2,switch,,"Charger 2 (fid=307904) not available, trying Charger 3 (fid=307905)",1071.460789485846,3,,
Car 328,,,,,15,switch,,"Charger 15 (fid=57) not available, trying Charger 0 (fid=308440)",1071.6260092705106,0,,
Car 329,,,,71,,arrived,,arrived,1071.8147366581225,,,
Car 319,,,,,2,switch,,"Charger 2 (fid=307904) not available, trying Charger 3 (fid=307905)",1072.0192867730816,3,,
Car 256,98.0,33,11,,,done,,done charging,1072.1433939515978,,,354.33583180926934
Car 324,,,,,0,switch,,"Charger 0 (fid=308440) not available, trying Charger 5 (fid=73)",1072.4977283577905,5,,
Car 295,54.0,60,6,,,done,,done charging,1072.5737674589434,,,159.7583830982139
Car 326,,60,6,,,start_charge,,starting to charge at Charger 6 (fid=60),1072.5737674589434,,5.459518964306881,
Car 298,,,,,14,switch,,"Charger 14 (fid=34) not available, trying Charger 6 (fid=60)",1072.6576488045548,6,,
Car 314,,,,,7,switch,,"Charger 7 (fid=31) not available, trying Charger 15 (fid=57)",1072.68166400484,15,,
Car 281,71.0,308702,1,,,done,,done charging,1073.565134323455,,,270.1505183671852
Car 312,,308702,1,,,start_charge,,starting to charge at Charger 1 (fid=308702),1073.565134323455,,19.727203991301394,
Car 330,,,,8,,arrived,,arrived,1073.6639866928745,,,
Car 325,,,,,0,switch,,"Charger 0 (fid=308440) not available, trying Charger 2 (fid=307904)",1073.8598233011792,2,,
Car 300,,,,,14,switch,,"Charger 14 (fid=34) not available, trying Charger 6 (fid=60)",1073.9630400677447,6,,
Car 331,,,,37,,arrived,,arrived,1074.1806424524557,,,
Car 305,,,,,12,switch,,"Charger 12 (fid=40) not available, trying Charger 1 (fid=308702)",1074.328004872599,1,,
Car 321,,,,,10,switch,,"Charger 10 (fid=30) not available, trying Charger 14 (fid=34)",1074.3697571936304,14,,
Car 332,,,,61,,arrived,,arrived,1075.1813306658967,,,
Car 327,,,,,3,switch,,"Charger 3 (fid=307905) not available, trying Charger 4 (fid=308108)",1075.2558004885493,4,,
Car 304,,,,,5,switch,,"Charger 5 (fid=73) not available, trying Charger 7 (fid=31)",1075.8212887667894,7,,
Car 309,,,,,1,switch,,"Charger 1 (fid=308702) not available, trying Charger 13 (fid=5)",1076.0544854026573,13,,
Car 320,,,,,5,switch,,"Charger 5 (fid=73) not available, trying Charger 1 (fid=308702)",1076.0966754476372,1,,
Car 308,,,,,3,switch,,"Charger 3 (fid=307905) not available, trying Charger 5 (fid=73)",1076.72441566741,5,,
Car 329,,,,,15,switch,,"Charger 15 (fid=57) not available, trying Charger 0 (fid=308440)",1076.8147366581225,0,,
Car 317,,,,,15,switch,,"Charger 15 (fid=57) not available, trying Charger 2 (fid=307904)",1076.8397600377352,2,,
Car 333,,,,7,,arrived,,arrived,1076.8776810753793,,,
Car 273,71.0,307905,3,,,done,,done charging,1077.1989288672353,,,554.4263951943451
Car 319,,307905,3,,,start_charge,,starting to charge at Charger 3 (fid=307905),1077.1989288672353,,19.9160159125895,
Car 294,47.0,308108,4,,,done,,done charging,1078.0703633667881,,,342.7871476763331
Car 333,,308108,4,,,start_charge,,starting to charge at Charger 4 (fid=308108),1078.0703633667881,,1.1926822914088007,
Car 302,,,,,15,switch,,"Charger 15 (fid=57) not available, trying Charger 0 (fid=308440)",1078.3428129115882,0,,
Car 328,,,,,0,switch,,"Charger 0 (fid=308440) not available, trying Charger 5 (fid=73)",1078.3655835859736,5,,
Car 334,,,,34,,arrived,,arrived,1078.4736312887817,,,
Car 330,,,,,5,switch,,"Charger 5 (fid=73) not available, trying Charger 13 (fid=5)",1078.6639866928745,13,,
Car 311,,,,,6,switch,,"Charger 6 (fid=60) not available, trying Charger 5 (fid=73)",1078.9866584471474,5,,
Car 331,,,,,5,switch,,"Charger 5 (fid=73) not available, trying Charger 13 (fid=5)",1079.1806424524557,13,,
Car 335,,,,10,,arrived,,arrived,1079.3075434859575,,,
Car 321,,,,,14,switch,,"Charger 14 (fid=34) not available, trying Charger 11 (fid=33)",1079.5564981045256,11,,
Car 332,,,,,6,switch,,"Charger 6 (fid=60) not available, trying Charger 12 (fid=40)",1080.1813306658967,12,,
Car 323,,,,,0,switch,,"Charger 0 (fid=308440) not available, trying Charger 9 (fid=86)",1080.2317085210746,9,,
Car 322,,,,,6,switch,,"Charger 6 (fid=60) not available, trying Charger 15 (fid=57)",1080.4017060459823,15,,
Car 321,,33,11,,,start_charge,,starting to charge at Charger 11 (fid=33),1080.4430135035004,,20.0,
Car 301,,,,,0,switch,,"Charger 0 (fid=308440) not available, trying Charger 4 (fid=308108)",1080.7761706199524,4,,
Car 336,,,,5,,arrived,,arrived,1080.9171083981837,,,
Car 314,,,,,15,switch,,"Charger 15 (fid=57) not available, trying Charger 10 (fid=30)",1081.430087225226,10,,
Car 324,,,,,5,switch,,"Charger 5 (fid=73) not available, trying Charger 1 (fid=308702)",1081.7615073703682,1,,
Car 337,,,,7,,arrived,,arrived,1082.1280957125607,,,
Car 338,,,,31,,arrived,,arrived,1082.3649497626818,,,
Car 339,,,,60,,arrived,,arrived,1082.437921598754,,,
Car 313,,,,,15,switch,,"Charger 15 (fid=57) not available, trying Charger 6 (fid=60)",1082.7342947977343,6,,
Car 325,,,,,2,switch,,"Charger 2 (fid=307904) not available, trying Charger 3 (fid=307905)",1083.1963108000725,3,,
Car 334,,,,,15,switch,,"Charger 15 (fid=57) not available, trying Charger 0 (fid=308440)",1083.4736312887817,0,,
Car 329,,,,,0,switch,,"Charger 0 (fid=308440) not available, trying Charger 7 (fid=31)",1083.5543109735854,7,,
Car 327,,,,,4,switch,,"Charger 4 (fid=308108) not available, trying Charger 9 (fid=86)",1083.7782703348014,9,,
Car 340,,,,55,,arrived,,arrived,1083.981547862267,,,
Car 298,,,,,6,switch,,"Charger 6 (fid=60) not available, trying Charger 11 (fid=33)",1084.0898851477502,11,,
Car 335,,,,,5,switch,,"Charger 5 (fid=73) not available, trying Charger 6 (fid=60)",1084.3075434859575,6,,
Car 309,,,,,13,switch,,"Charger 13 (fid=5) not available, trying Charger 15 (fid=57)",1084.6095987600772,15,,
Car 320,,,,,1,switch,,"Charger 1 (fid=308702) not available, trying Charger 7 (fid=31)",1085.0177473545803,7,,
Car 341,,,,30,,arrived,,arrived,1085.0785882099842,,,
Car 304,,,,,7,switch,,"Charger 7 (fid=31) not available, trying Charger 10 (fid=30)",1085.0807260503243,10,,
Car 302,,,,,0,switch,,"Charger 0 (fid=308440) not available, trying Charger 5 (fid=73)",1085.0823872270512,5,,
Car 300,,,,,6,switch,,"Charger 6 (fid=60) not available, trying Charger 11 (fid=33)",1085.3952764109401,11,,
Car 317,,,,,2,switch,,"Charger 2 (fid=307904) not available, trying Charger 3 (fid=307905)",1085.8184983101812,3,,
Car 336,,,,,13,switch,,"Charger 13 (fid=5) not available, trying Charger 5 (fid=73)",1085.9171083981837,5,,
Car 241,104.0,32,8,,,done,,done charging,1086.1214340397669,,,568.4279463552964
Car 330,,,,,13,switch,,"Charger 13 (fid=5) not available, trying Charger 6 (fid=60)",1086.1290577791451,6,,
Car 327,,86,9,,,start_charge,,starting to charge at Charger 9 (fid=86),1086.1512003711719,,15.0,
Car 305,,,,,1,switch,,"Charger 1 (fid=308702) not available, trying Charger 7 (fid=31)",1086.5151434100578,7,,
Car 331,,,,,13,switch,,"Charger 13 (fid=5) not available, trying Charger 15 (fid=57)",1086.6457135387263,15,,
Car 311,,,,,5,switch,,"Charger 5 (fid=73) not available, trying Charger 7 (fid=31)",1087.015847468667,7,,
Car 337,,,,,4,switch,,"Charger 4 (fid=308108) not available, trying Charger 2 (fid=307904)",1087.1280957125607,2,,
Car 338,,,,,15,switch,,"Charger 15 (fid=57) not available, trying Charger 0 (fid=308440)",1087.3649497626818,0,,
Car 308,,,,,5,switch,,"Charger 5 (fid=73) not available, trying Charger 9 (fid=86)",1087.3705340388697,9,,
Car 339,,,,,6,switch,,"Charger 6 (fid=60) not available, trying Charger 12 (fid=40)",1087.437921598754,12,,
Car 332,,,,,12,switch,,"Charger 12 (fid=40) not available, trying Charger 5 (fid=73)",1087.5096724076993,5,,
Car 328,,,,,5,switch,,"Charger 5 (fid=73) not available, trying Charger 1 (fid=308702)",1087.6293625985513,1,,
Car 279,106.0,5,13,,,done,,done charging,1087.847436104588,,,148.86565000518124
Car 289,61.0,57,15,,,done,,done charging,1088.0349325170637,,,399.6722880958117
Car 340,,57,15,,,start_charge,,starting to charge at Charger 15 (fid=57),1088.0349325170637,,4.053384654796673,
Car 325,,,,,3,switch,,"Charger 3 (fid=307905) not available, trying Charger 5 (fid=73)",1088.4599369816367,5,,
Car 342,,,,40,,arrived,,arrived,1088.7812693884803,,,
Car 343,,,,32,,arrived,,arrived,1088.9020129477158,,,
Car 344,,,,59,,arrived,,arrived,1088.9041210251619,,,
Car 345,,,,14,,arrived,,arrived,1089.0800621083736,,,
Car 322,,,,,15,switch,,"Charger 15 (fid=57) not available, trying Charger 12 (fid=40)",1089.2930369713429,12,,
Car 341,,,,,10,switch,,"Charger 10 (fid=30) not available, trying Charger 14 (fid=34)",1090.0785882099842,14,,
Car 334,,,,,0,switch,,"Charger 0 (fid=308440) not available, trying Charger 2 (fid=307904)",1090.2132056042446,2,,
Car 314,,,,,10,switch,,"Charger 10 (fid=30) not available, trying Charger 14 (fid=34)",1090.5369416328615,14,,
Car 324,,,,,1,switch,,"Charger 1 (fid=308702) not available, trying Charger 7 (fid=31)",1090.6825792773113,7,,
Car 320,,,,,7,switch,,"Charger 7 (fid=31) not available, trying Charger 6 (fid=60)",1090.7211489535648,6,,
Car 304,,,,,10,switch,,"Charger 10 (fid=30) not available, trying Charger 14 (fid=34)",1090.905412301128,14,,
Car 317,,,,,3,switch,,"Charger 3 (fid=307905) not available, trying Charger 13 (fid=5)",1091.0821244917454,13,,
Car 329,,,,,7,switch,,"Charger 7 (fid=31) not available, trying Charger 5 (fid=73)",1091.427617065554,5,,
Car 313,,,,,6,switch,,"Charger 6 (fid=60) not available, trying Charger 12 (fid=40)",1091.6256257230948,12,,
Car 346,,,,38,,arrived,,arrived,1091.8782026134766,,,
Car 346,,5,13,,,start_charge,,starting to charge at Charger 13 (fid=5),1091.8782026134766,,0.0,
Car 297,63.0,40,12,,,done,,done charging,1092.1019880827096,,,193.9508670921604
Car 342,,40,12,,,start_charge,,starting to charge at Charger 12 (fid=40),1092.1019880827096,,3.320718694229299,
Car 347,,,,50,,arrived,,arrived,1092.1194785279672,,,
Car 305,,,,,7,switch,,"Charger 7 (fid=31) not available, trying Charger 10 (fid=30)",1092.2185450090424,10,,
Car 335,,,,,6,switch,,"Charger 6 (fid=60) not available, trying Charger 13 (fid=5)",1092.336732507477,13,,
Car 290,85.0,73,5,,,done,,done charging,1092.3863672300467,,,192.755012807443
Car 336,,73,5,,,start_charge,,starting to charge at Charger 5 (fid=73),1092.3863672300467,,9.00418774559239,
Car 323,,,,,9,switch,,"Charger 9 (fid=86) not available, trying Charger 15 (fid=57)",1092.3950695716064,15,,
Car 348,,,,67,,arrived,,arrived,1093.1263858123293,,,
Car 301,,,,,4,switch,,"Charger 4 (fid=308108) not available, trying Charger 1 (fid=308702)",1093.137629663,1,,
Car 349,,,,63,,arrived,,arrived,1093.5054392205898,,,
Car 309,,,,,15,switch,,"Charger 15 (fid=57) not available, trying Charger 0 (fid=308440)",1093.6951840660272,0,,
Car 343,,,,,15,switch,,"Charger 15 (fid=57) not available, trying Charger 0 (fid=308440)",1093.9020129477158,0,,
Car 344,,,,,4,switch,,"Charger 4 (fid=308108) not available, trying Charger 12 (fid=40)",1093.9041210251619,12,,
Car 345,,,,,15,switch,,"Charger 15 (fid=57) not available, trying Charger 0 (fid=308440)",1094.0800621083736,0,,
Car 338,,,,,0,switch,,"Charger 0 (fid=308440) not available, trying Charger 2 (fid=307904)",1094.1045240781448,2,,
Car 302,,,,,5,switch,,"Charger 5 (fid=73) not available, trying Charger 1 (fid=308702)",1094.346166239629,1,,
Car 339,,,,,12,switch,,"Charger 12 (fid=40) not available, trying Charger 5 (fid=73)",1094.7662633405566,5,,
Car 341,,,,,14,switch,,"Charger 14 (fid=34) not available, trying Charger 11 (fid=33)",1095.2653291208794,11,,
Car 350,,,,20,,arrived,,arrived,1095.4129147243143,,,
Car 337,,,,,2,switch,,"Charger 2 (fid=307904) not available, trying Charger 3 (fid=307905)",1095.634228727192,3,,
Car 314,,,,,14,switch,,"Charger 14 (fid=34) not available, trying Charger 6 (fid=60)",1095.7236825437567,6,,
Car 331,,,,,15,switch,,"Charger 15 (fid=57) not available, trying Charger 1 (fid=308702)",1095.7312988446763,1,,
Car 330,,,,,6,switch,,"Charger 6 (fid=60) not available, trying Charger 15 (fid=57)",1095.7329816888284,15,,
Car 304,,,,,14,switch,,"Charger 14 (fid=34) not available, trying Charger 1 (fid=308702)",1096.0921532120233,1,,
Car 298,,,,,11,switch,,"Charger 11 (fid=33) not available, trying Charger 8 (fid=32)",1096.1509088191274,8,,
Car 311,,,,,7,switch,,"Charger 7 (fid=31) not available, trying Charger 12 (fid=40)",1096.275284752202,12,,
Car 324,,,,,7,switch,,"Charger 7 (fid=31) not available, trying Charger 10 (fid=30)",1096.385980876296,10,,
Car 298,,32,8,,,start_charge,,starting to charge at Charger 8 (fid=32),1096.420007495476,,45.000000000000114,
Car 328,,,,,1,switch,,"Charger 1 (fid=308702) not available, trying Charger 7 (fid=31)",1096.5504345054944,7,,
Car 332,,,,,5,switch,,"Charger 5 (fid=73) not available, trying Charger 15 (fid=57)",1097.0574999730175,15,,
Car 347,,,,,12,switch,,"Charger 12 (fid=40) not available, trying Charger 6 (fid=60)",1097.1194785279672,6,,
Car 300,,,,,11,switch,,"Charger 11 (fid=33) not available, trying Charger 8 (fid=32)",1097.4563000823173,8,,
Car 300,,32,8,,,start_charge,,starting to charge at Charger 8 (fid=32),1097.725398758666,,45.0,
Car 305,,,,,10,switch,,"Charger 10 (fid=30) not available, trying Charger 0 (fid=308440)",1098.0432312598462,0,,
Car 348,,,,,15,switch,,"Charger 15 (fid=57) not available, trying Charger 1 (fid=308702)",1098.1263858123293,1,,
Car 349,,,,,13,switch,,"Charger 13 (fid=5) not available, trying Charger 5 (fid=73)",1098.5054392205898,5,,
Car 313,,,,,12,switch,,"Charger 12 (fid=40) not available, trying Charger 0 (fid=308440)",1098.9539674648975,0,,
Car 325,,,,,5,switch,,"Charger 5 (fid=73) not available, trying Charger 6 (fid=60)",1099.1060553530963,6,,
Car 318,45.0,308440,0,,,done,,done charging,1099.1099653662923,,,55.536708431710515
Car 350,,308440,0,,,start_charge,,starting to charge at Charger 0 (fid=308440),1099.1099653662923,,3.6970506419779667,
Car 351,,,,70,,arrived,,arrived,1099.3476188928785,,,
Car 334,,,,,2,switch,,"Charger 2 (fid=307904) not available, trying Charger 3 (fid=307905)",1099.549693103138,3,,
Car 322,,,,,12,switch,,"Charger 12 (fid=40) not available, trying Charger 1 (fid=308702)",1099.707053814706,1,,
Car 286,55.0,30,10,,,done,,done charging,1099.9728656902116,,,461.9776756361805
Car 324,,30,10,,,start_charge,,starting to charge at Charger 10 (fid=30),1099.9728656902116,,27.76219856311195,
Car 308,,,,,9,switch,,"Charger 9 (fid=86) not available, trying Charger 15 (fid=57)",1100.4048749507158,15,,
Car 352,,,,52,,arrived,,arrived,1100.413218903062,,,
Car 309,,,,,0,switch,,"Charger 0 (fid=308440) not available, trying Charger 5 (fid=73)",1100.4347583814902,5,,
Car 343,,,,,0,switch,,"Charger 0 (fid=308440) not available, trying Charger 2 (fid=307904)",1100.6415872631787,2,,
Car 329,,,,,5,switch,,"Charger 5 (fid=73) not available, trying Charger 10 (fid=30)",1100.6870543490888,10,,
Car 345,,,,,0,switch,,"Charger 0 (fid=308440) not available, trying Charger 2 (fid=307904)",1100.8196364238365,2,,
Car 337,,,,,3,switch,,"Charger 3 (fid=307905) not available, trying Charger 9 (fid=86)",1100.8978549087562,9,,
Car 341,,,,,11,switch,,"Charger 11 (fid=33) not available, trying Charger 7 (fid=31)",1101.1518445198542,7,,
Car 270,74.0,31,7,,,done,,done charging,1101.6810407659275,,,490.8581320726085
Car 328,,31,7,,,start_charge,,starting to charge at Charger 7 (fid=31),1101.6810407659275,,24.427204661448513,
Car 320,,,,,6,switch,,"Charger 6 (fid=60) not available, trying Charger 2 (fid=307904)",1101.7239669496132,2,,
Car 335,,,,,13,switch,,"Charger 13 (fid=5) not available, trying Charger 12 (fid=40)",1101.9406564171604,12,,
Car 304,,,,,1,switch,,"Charger 1 (fid=308702) not available, trying Charger 12 (fid=40)",1102.2249731581549,12,,
Car 353,,,,46,,arrived,,arrived,1102.6819178588578,,,
Car 344,,,,,12,switch,,"Charger 12 (fid=40) not available, trying Charger 2 (fid=307904)",1103.0192128340013,2,,
Car 265,86.0,33,11,,,done,,done charging,1103.066587513329,,,442.9596584733523
Car 317,,,,,13,switch,,"Charger 13 (fid=5) not available, trying Charger 0 (fid=308440)",1103.2617681636673,0,,
Car 302,,,,,1,switch,,"Charger 1 (fid=308702) not available, trying Charger 13 (fid=5)",1103.267238146572,13,,
Car 338,,,,,2,switch,,"Charger 2 (fid=307904) not available, trying Charger 3 (fid=307905)",1103.4410115770381,3,,
Car 284,115.0,5,13,,,done,,done charging,1103.5438989086692,,,147.52671189997855
Car 331,,,,,1,switch,,"Charger 1 (fid=308702) not available, trying Charger 6 (fid=60)",1104.1413566884703,6,,
Car 323,,,,,15,switch,,"Charger 15 (fid=57) not available, trying Charger 6 (fid=60)",1104.200681395691,6,,
Car 339,,,,,5,switch,,"Charger 5 (fid=73) not available, trying Charger 15 (fid=57)",1104.3140909058748,15,,
Car 351,,,,,15,switch,,"Charger 15 (fid=57) not available, trying Charger 0 (fid=308440)",1104.3476188928785,0,,
Car 354,,,,73,,arrived,,arrived,1104.354412990077,,,
Car 347,,,,,6,switch,,"Charger 6 (fid=60) not available, trying Charger 4 (fid=308108)",1104.4478202697699,4,,
Car 330,,,,,15,switch,,"Charger 15 (fid=57) not available, trying Charger 12 (fid=40)",1104.624312614189,12,,
Car 334,,,,,3,switch,,"Charger 3 (fid=307905) not available, trying Charger 6 (fid=60)",1104.8133192847022,6,,
Car 332,,,,,15,switch,,"Charger 15 (fid=57) not available, trying Charger 4 (fid=308108)",1104.9243831424199,4,,
Car 352,,,,,2,switch,,"Charger 2 (fid=307904) not available, trying Charger 3 (fid=307905)",1105.413218903062,3,,
Car 349,,,,,5,switch,,"Charger 5 (fid=73) not available, trying Charger 1 (fid=308702)",1105.9705103068604,1,,
Car 305,,,,,0,switch,,"Charger 0 (fid=308440) not available, trying Charger 14 (fid=34)",1106.0749356732024,14,,
Car 301,,,,,1,switch,,"Charger 1 (fid=308702) not available, trying Charger 13 (fid=5)",1106.5357057932474,13,,
Car 348,,,,,1,switch,,"Charger 1 (fid=308702) not available, trying Charger 5 (fid=73)",1106.5364436561233,5,,
Car 302,,5,13,,,start_charge,,starting to charge at Charger 13 (fid=5),1106.822351503992,,50.0,
Car 325,,,,,6,switch,,"Charger 6 (fid=60) not available, trying Charger 7 (fid=31)",1107.135244374616,7,,
Car 314,,,,,6,switch,,"Charger 6 (fid=60) not available, trying Charger 11 (fid=33)",1107.1559188869521,11,,
Car 341,,,,,7,switch,,"Charger 7 (fid=31) not available, trying Charger 8 (fid=32)",1107.6763052587376,8,,
Car 353,,,,,1,switch,,"Charger 1 (fid=308702) not available, trying Charger 7 (fid=31)",1107.6819178588578,7,,
Car 338,,,,,3,switch,,"Charger 3 (fid=307905) not available, trying Charger 5 (fid=73)",1108.7046377586023,5,,
Car 311,,,,,12,switch,,"Charger 12 (fid=40) not available, trying Charger 10 (fid=30)",1108.8007886662529,10,,
Car 337,,,,,9,switch,,"Charger 9 (fid=86) not available, trying Charger 12 (fid=40)",1108.988354641959,12,,
Car 354,,,,,5,switch,,"Charger 5 (fid=73) not available, trying Charger 13 (fid=5)",1109.354412990077,13,,
Car 309,,,,,5,switch,,"Charger 5 (fid=73) not available, trying Charger 6 (fid=60)",1109.698537394068,6,,
Car 355,,,,5,,arrived,,arrived,1109.7243554946713,,,
Car 356,,,,3,,arrived,,arrived,1109.906453489445,,,
Car 357,,,,40,,arrived,,arrived,1109.9187955119005,,,
Car 343,,,,,2,switch,,"Charger 2 (fid=307904) not available, trying Charger 3 (fid=307905)",1109.978074762072,3,,
Car 313,,,,,0,switch,,"Charger 0 (fid=308440) not available, trying Charger 5 (fid=73)",1110.104488915157,5,,
Car 345,,,,,2,switch,,"Charger 2 (fid=307904) not available, trying Charger 3 (fid=307905)",1110.1561239227299,3,,
Car 329,,,,,10,switch,,"Charger 10 (fid=30) not available, trying Charger 14 (fid=34)",1110.3049228198731,14,,
Car 310,68.0,86,9,,,done,,done charging,1110.5342807797126,,,108.22702133242743
Car 352,,,,,3,switch,,"Charger 3 (fid=307905) not available, trying Charger 4 (fid=308108)",1110.6768450846262,4,,
Car 320,,,,,2,switch,,"Charger 2 (fid=307904) not available, trying Charger 3 (fid=307905)",1110.7261234623165,3,,
Car 351,,,,,0,switch,,"Charger 0 (fid=308440) not available, trying Charger 7 (fid=31)",1111.0871932083414,7,,
Car 322,,,,,1,switch,,"Charger 1 (fid=308702) not available, trying Charger 7 (fid=31)",1111.8941923521647,7,,
Car 339,,,,,15,switch,,"Charger 15 (fid=57) not available, trying Charger 2 (fid=307904)",1112.1809740752772,2,,
Car 308,,,,,15,switch,,"Charger 15 (fid=57) not available, trying Charger 13 (fid=5)",1112.2104867748003,13,,
Car 344,,,,,2,switch,,"Charger 2 (fid=307904) not available, trying Charger 3 (fid=307905)",1112.5338054237989,3,,
Car 358,,,,87,,arrived,,arrived,1112.7834757389069,,,
Car 358,,86,9,,,start_charge,,starting to charge at Charger 9 (fid=86),1112.7834757389069,,0.0,
Car 335,,,,,12,switch,,"Charger 12 (fid=40) not available, trying Charger 15 (fid=57)",1113.0632188706422,15,,
Car 323,,,,,6,switch,,"Charger 6 (fid=60) not available, trying Charger 4 (fid=308108)",1113.0920123210515,4,,
Car 353,,,,,7,switch,,"Charger 7 (fid=31) not available, trying Charger 13 (fid=5)",1113.3853194578423,13,,
Car 315,56.0,60,6,,,done,,done charging,1113.5094580335394,,,217.9639886447333
Car 334,,60,6,,,start_charge,,starting to charge at Charger 6 (fid=60),1113.5094580335394,,24.677645404512987,
Car 347,,,,,4,switch,,"Charger 4 (fid=308108) not available, trying Charger 2 (fid=307904)",1113.6703886309485,2,,
Car 317,,,,,0,switch,,"Charger 0 (fid=308440) not available, trying Charger 4 (fid=308108)",1113.8189514741343,4,,
Car 305,,,,,14,switch,,"Charger 14 (fid=34) not available, trying Charger 11 (fid=33)",1114.1776272464563,11,,
Car 314,,33,11,,,start_charge,,starting to charge at Charger 11 (fid=33),1114.2169425583293,,40.0,
Car 341,,,,,8,switch,,"Charger 8 (fid=32) not available, trying Charger 1 (fid=308702)",1114.21755749715,1,,
Car 299,55.0,31,7,,,done,,done charging,1114.2864213476234,,,316.7714339971034
Car 322,,31,7,,,start_charge,,starting to charge at Charger 7 (fid=31),1114.2864213476234,,31.688827396474153,
Car 304,,,,,12,switch,,"Charger 12 (fid=40) not available, trying Charger 11 (fid=33)",1114.4121116956137,11,,
Car 355,,,,,13,switch,,"Charger 13 (fid=5) not available, trying Charger 5 (fid=73)",1114.7243554946713,5,,
Car 331,,,,,6,switch,,"Charger 6 (fid=60) not available, trying Charger 7 (fid=31)",1114.8058093079267,7,,
Car 349,,,,,1,switch,,"Charger 1 (fid=308702) not available, trying Charger 7 (fid=31)",1114.8915822138035,7,,
Car 356,,,,,2,switch,,"Charger 2 (fid=307904) not available, trying Charger 3 (fid=307905)",1114.906453489445,3,,
Car 357,,,,,12,switch,,"Charger 12 (fid=40) not available, trying Charger 6 (fid=60)",1114.9187955119005,6,,
Car 359,,,,69,,arrived,,arrived,1114.9768908147732,,,
Car 330,,,,,12,switch,,"Charger 12 (fid=40) not available, trying Charger 1 (fid=308702)",1115.038329457552,1,,
Car 301,,,,,13,switch,,"Charger 13 (fid=5) not available, trying Charger 7 (fid=31)",1115.0908191506674,7,,
Car 343,,,,,3,switch,,"Charger 3 (fid=307905) not available, trying Charger 5 (fid=73)",1115.2417009436363,5,,
Car 345,,,,,3,switch,,"Charger 3 (fid=307905) not available, trying Charger 5 (fid=73)",1115.419750104294,5,,
Car 348,,,,,5,switch,,"Charger 5 (fid=73) not available, trying Charger 7 (fid=31)",1115.4575155630664,7,,
Car 329,,,,,14,switch,,"Charger 14 (fid=34) not available, trying Charger 1 (fid=308702)",1115.4916637307683,1,,
Car 320,,,,,3,switch,,"Charger 3 (fid=307905) not available, trying Charger 13 (fid=5)",1115.9897496438807,13,,
Car 332,,,,,4,switch,,"Charger 4 (fid=308108) not available, trying Charger 2 (fid=307904)",1116.5493375785713,2,,
Car 360,,,,69,,arrived,,arrived,1116.586236625007,,,
Car 354,,,,,13,switch,,"Charger 13 (fid=5) not available, trying Charger 15 (fid=57)",1116.8194840763476,15,,
Car 287,119.0,308440,0,,,done,,done charging,1117.355855567608,,,162.7338673552642
Car 359,,308440,0,,,start_charge,,starting to charge at Charger 0 (fid=308440),1117.355855567608,,2.3789647528346904,
Car 309,,,,,6,switch,,"Charger 6 (fid=60) not available, trying Charger 2 (fid=307904)",1117.7277264155875,2,,
Car 344,,,,,3,switch,,"Charger 3 (fid=307905) not available, trying Charger 9 (fid=86)",1117.797431605363,9,,
Car 325,,,,,7,switch,,"Charger 7 (fid=31) not available, trying Charger 10 (fid=30)",1118.1380623706643,10,,
Car 351,,,,,7,switch,,"Charger 7 (fid=31) not available, trying Charger 5 (fid=73)",1118.96049930031,5,,
Car 352,,,,,4,switch,,"Charger 4 (fid=308108) not available, trying Charger 12 (fid=40)",1119.1993149308782,12,,
Car 338,,,,,5,switch,,"Charger 5 (fid=73) not available, trying Charger 6 (fid=60)",1119.3507561300619,6,,
Car 313,,,,,5,switch,,"Charger 5 (fid=73) not available, trying Charger 1 (fid=308702)",1119.3682679277347,1,,
Car 326,47.0,60,6,,,done,,done charging,1119.5737674589434,,,265.7697574863502
Car 357,,60,6,,,start_charge,,starting to charge at Charger 6 (fid=60),1119.5737674589434,,7.326630205240235,
Car 337,,,,,12,switch,,"Charger 12 (fid=40) not available, trying Charger 6 (fid=60)",1119.8722946749906,6,,
Car 305,,,,,11,switch,,"Charger 11 (fid=33) not available, trying Charger 8 (fid=32)",1120.064142645431,8,,
Car 306,68.0,308108,4,,,done,,done charging,1120.0984256774175,,,252.25969385824664
Car 323,,308108,4,,,start_charge,,starting to charge at Charger 4 (fid=308108),1120.0984256774175,,32.78384499518734,
Car 356,,,,,3,switch,,"Charger 3 (fid=307905) not available, trying Charger 0 (fid=308440)",1120.1700796710093,0,,
Car 361,,,,1,,arrived,,arrived,1120.2040890789176,,,
Car 349,,,,,7,switch,,"Charger 7 (fid=31) not available, trying Charger 15 (fid=57)",1120.594983812788,15,,
Car 362,,,,9,,arrived,,arrived,1120.7957689866003,,,
Car 341,,,,,1,switch,,"Charger 1 (fid=308702) not available, trying Charger 0 (fid=308440)",1120.9959562709923,0,,
Car 339,,,,,2,switch,,"Charger 2 (fid=307904) not available, trying Charger 3 (fid=307905)",1121.1597123477231,3,,
Car 308,,,,,13,switch,,"Charger 13 (fid=5) not available, trying Charger 0 (fid=308440)",1121.2960720807503,0,,
Car 360,,,,,0,switch,,"Charger 0 (fid=308440) not available, trying Charger 15 (fid=57)",1121.586236625007,15,,
Car 329,,,,,1,switch,,"Charger 1 (fid=308702) not available, trying Charger 2 (fid=307904)",1121.6244836769,2,,
Car 311,,,,,10,switch,,"Charger 10 (fid=30) not available, trying Charger 14 (fid=34)",1121.6847237675531,14,,
Car 347,,,,,2,switch,,"Charger 2 (fid=307904) not available, trying Charger 3 (fid=307905)",1122.17652164558,3,,
Car 353,,,,,13,switch,,"Charger 13 (fid=5) not available, trying Charger 10 (fid=30)",1122.178822478543,10,,
Car 355,,,,,5,switch,,"Charger 5 (fid=73) not available, trying Charger 1 (fid=308702)",1122.189426580942,1,,
Car 307,80.0,73,5,,,done,,done charging,1122.2959394512861,,,173.15604487774573
Car 362,,73,5,,,start_charge,,starting to charge at Charger 5 (fid=73),1122.2959394512861,,1.5001704646858798,
Car 363,,,,124,,arrived,,arrived,1123.0878991066097,,,
Car 335,,,,,15,switch,,"Charger 15 (fid=57) not available, trying Charger 1 (fid=308702)",1123.4772357140052,1,,
Car 301,,,,,7,switch,,"Charger 7 (fid=31) not available, trying Charger 9 (fid=86)",1123.884322171368,9,,
Car 325,,,,,10,switch,,"Charger 10 (fid=30) not available, trying Charger 14 (fid=34)",1123.962748621468,14,,
Car 348,,,,,7,switch,,"Charger 7 (fid=31) not available, trying Charger 13 (fid=5)",1124.7169528466013,13,,
Car 332,,,,,2,switch,,"Charger 2 (fid=307904) not available, trying Charger 3 (fid=307905)",1125.0554705932027,3,,
Car 361,,,,,2,switch,,"Charger 2 (fid=307904) not available, trying Charger 3 (fid=307905)",1125.2040890789176,3,,
Car 305,,,,,8,switch,,"Charger 8 (fid=32) not available, trying Charger 4 (fid=308108)",1125.3332413217797,4,,
Car 331,,,,,7,switch,,"Charger 7 (fid=31) not available, trying Charger 10 (fid=30)",1125.808627303975,10,,
Car 343,,,,,5,switch,,"Charger 5 (fid=73) not available, trying Charger 6 (fid=60)",1125.8878193150958,6,,
Car 344,,,,,9,switch,,"Charger 9 (fid=86) not available, trying Charger 6 (fid=60)",1125.8879313385657,6,,
Car 354,,,,,15,switch,,"Charger 15 (fid=57) not available, trying Charger 6 (fid=60)",1125.9050693822976,6,,
Car 345,,,,,5,switch,,"Charger 5 (fid=73) not available, trying Charger 6 (fid=60)",1126.0658684757536,6,,
Car 317,,,,,4,switch,,"Charger 4 (fid=308108) not available, trying Charger 1 (fid=308702)",1126.180410517182,1,,
Car 339,,,,,3,switch,,"Charger 3 (fid=307905) not available, trying Charger 4 (fid=308108)",1126.4233385292873,4,,
Car 309,,,,,2,switch,,"Charger 2 (fid=307904) not available, trying Charger 3 (fid=307905)",1126.7298829282909,3,,
Car 311,,,,,14,switch,,"Charger 14 (fid=34) not available, trying Charger 1 (fid=308702)",1126.8714646784483,1,,
Car 364,,,,73,,arrived,,arrived,1127.0499940913492,,,
Car 333,49.0,308108,4,,,done,,done charging,1127.0703633667881,,,138.47203364136507
Car 337,,,,,6,switch,,"Charger 6 (fid=60) not available, trying Charger 15 (fid=57)",1127.2006364167933,15,,
Car 330,,,,,1,switch,,"Charger 1 (fid=308702) not available, trying Charger 7 (fid=31)",1127.2254679950108,7,,
Car 338,,,,,6,switch,,"Charger 6 (fid=60) not available, trying Charger 7 (fid=31)",1127.3799451515815,7,,
Car 347,,,,,3,switch,,"Charger 3 (fid=307905) not available, trying Charger 5 (fid=73)",1127.440147827144,5,,
Car 304,,,,,11,switch,,"Charger 11 (fid=33) not available, trying Charger 8 (fid=32)",1127.9958212849933,8,,
Car 363,,,,,0,switch,,"Charger 0 (fid=308440) not available, trying Charger 15 (fid=57)",1128.0878991066097,15,,
Car 320,,,,,13,switch,,"Charger 13 (fid=5) not available, trying Charger 10 (fid=30)",1128.1693933158026,10,,
Car 351,,,,,5,switch,,"Charger 5 (fid=73) not available, trying Charger 10 (fid=30)",1128.2199365838449,10,,
Car 313,,,,,1,switch,,"Charger 1 (fid=308702) not available, trying Charger 7 (fid=31)",1128.2893398346778,7,,
Car 352,,,,,12,switch,,"Charger 12 (fid=40) not available, trying Charger 6 (fid=60)",1128.3144067397177,6,,
Car 360,,,,,15,switch,,"Charger 15 (fid=57) not available, trying Charger 7 (fid=31)",1128.3258109404699,7,,
Car 365,,,,11,,arrived,,arrived,1128.4233227985046,,,
Car 366,,,,32,,arrived,,arrived,1129.0871028550675,,,
Car 341,,,,,0,switch,,"Charger 0 (fid=308440) not available, trying Charger 15 (fid=57)",1129.1064088983908,15,,
Car 325,,,,,14,switch,,"Charger 14 (fid=34) not available, trying Charger 1 (fid=308702)",1129.1494895323633,1,,
Car 349,,,,,15,switch,,"Charger 15 (fid=57) not available, trying Charger 10 (fid=30)",1129.3434070331741,10,,
Car 282,105.0,57,15,,,done,,done charging,1129.3947257927757,,,312.24365425815233
Car 366,,57,15,,,start_charge,,starting to charge at Charger 15 (fid=57),1129.3947257927757,,0.3076229377081745,
Car 356,,,,,0,switch,,"Charger 0 (fid=308440) not available, trying Charger 9 (fid=86)",1129.5229040015233,9,,
Car 339,,308108,4,,,start_charge,,starting to charge at Charger 4 (fid=308108),1129.9458083755394,,30.0,
Car 296,83.0,308702,1,,,done,,done charging,1130.2196675796145,,,284.05781838804796
Car 355,,308702,1,,,start_charge,,starting to charge at Charger 1 (fid=308702),1130.2196675796145,,14.109169091729427,
Car 332,,,,,3,switch,,"Charger 3 (fid=307905) not available, trying Charger 13 (fid=5)",1130.3190967747669,13,,
Car 361,,,,,3,switch,,"Charger 3 (fid=307905) not available, trying Charger 4 (fid=308108)",1130.4677152604818,4,,
Car 367,,,,45,,arrived,,arrived,1130.539999624642,,,
Car 353,,,,,10,switch,,"Charger 10 (fid=30) not available, trying Charger 14 (fid=34)",1131.4307323998041,14,,
Car 331,,,,,10,switch,,"Charger 10 (fid=30) not available, trying Charger 14 (fid=34)",1131.6333135547789,14,,
Car 308,,,,,0,switch,,"Charger 0 (fid=308440) not available, trying Charger 1 (fid=308702)",1131.8532553912173,1,,
Car 335,,,,,1,switch,,"Charger 1 (fid=308702) not available, trying Charger 0 (fid=308440)",1131.8872935577992,0,,
Car 309,,,,,3,switch,,"Charger 3 (fid=307905) not available, trying Charger 12 (fid=40)",1131.993509109855,12,,
Car 364,,,,,5,switch,,"Charger 5 (fid=73) not available, trying Charger 13 (fid=5)",1132.0499940913492,13,,
Car 368,,,,39,,arrived,,arrived,1132.1337188402626,,,
Car 369,,,,44,,arrived,,arrived,1132.6593949740657,,,
Car 330,,,,,7,switch,,"Charger 7 (fid=31) not available, trying Charger 10 (fid=30)",1132.9288695939954,10,,
Car 311,,,,,1,switch,,"Charger 1 (fid=308702) not available, trying Charger 11 (fid=33)",1133.00428462458,11,,
Car 329,,,,,2,switch,,"Charger 2 (fid=307904) not available, trying Charger 3 (fid=307905)",1133.1122630550453,3,,
Car 304,,,,,8,switch,,"Charger 8 (fid=32) not available, trying Charger 13 (fid=5)",1133.264919961342,13,,
Car 365,,,,,6,switch,,"Charger 6 (fid=60) not available, trying Charger 5 (fid=73)",1133.4233227985046,5,,
Car 348,,,,,13,switch,,"Charger 13 (fid=5) not available, trying Charger 10 (fid=30)",1133.510455867302,10,,
Car 292,82.0,34,14,,,done,,done charging,1133.523960081668,,,285.50222685321125
Car 353,,34,14,,,start_charge,,starting to charge at Charger 14 (fid=34),1133.523960081668,,21.90648677096874,
Car 343,,,,,6,switch,,"Charger 6 (fid=60) not available, trying Charger 7 (fid=31)",1133.9170083366155,7,,
Car 370,,,,12,,arrived,,arrived,1133.9404822818606,,,
Car 313,,,,,7,switch,,"Charger 7 (fid=31) not available, trying Charger 10 (fid=30)",1133.9927414336623,10,,
Car 345,,,,,6,switch,,"Charger 6 (fid=60) not available, trying Charger 7 (fid=31)",1134.0950574972733,7,,
Car 288,93.0,30,10,,,done,,done charging,1134.4972589593706,,,354.18409644106094
Car 320,,30,10,,,start_charge,,starting to charge at Charger 10 (fid=30),1134.4972589593706,,47.075955722306844,
Car 354,,,,,6,switch,,"Charger 6 (fid=60) not available, trying Charger 1 (fid=308702)",1134.7964003076581,1,,
Car 363,,,,,15,switch,,"Charger 15 (fid=57) not available, trying Charger 7 (fid=31)",1134.8274734220727,7,,
Car 371,,,,55,,arrived,,arrived,1135.0228003655889,,,
Car 325,,,,,1,switch,,"Charger 1 (fid=308702) not available, trying Charger 11 (fid=33)",1135.2823094784949,11,,
Car 367,,,,,6,switch,,"Charger 6 (fid=60) not available, trying Charger 12 (fid=40)",1135.539999624642,12,,
Car 352,,,,,6,switch,,"Charger 6 (fid=60) not available, trying Charger 9 (fid=86)",1135.6427484815204,9,,
Car 341,,,,,15,switch,,"Charger 15 (fid=57) not available, trying Charger 13 (fid=5)",1135.8459832138537,13,,
Car 337,,,,,15,switch,,"Charger 15 (fid=57) not available, trying Charger 5 (fid=73)",1136.0919673421538,5,,
Car 327,50.0,86,9,,,done,,done charging,1136.1512003711719,,,260.42476275724925
Car 301,,86,9,,,start_charge,,starting to charge at Charger 9 (fid=86),1136.1512003711719,,57.74292954594182,
Car 319,59.0,307905,3,,,done,,done charging,1136.1989288672353,,,229.71119128058368
Car 329,,307905,3,,,start_charge,,starting to charge at Charger 3 (fid=307905),1136.1989288672353,,42.82303963062577,
Car 331,,,,,14,switch,,"Charger 14 (fid=34) not available, trying Charger 0 (fid=308440)",1136.820054465674,0,,
Car 344,,,,,6,switch,,"Charger 6 (fid=60) not available, trying Charger 5 (fid=73)",1136.9117496309057,5,,
Car 360,,,,,7,switch,,"Charger 7 (fid=31) not available, trying Charger 10 (fid=30)",1137.074234160856,10,,
Car 368,,,,,6,switch,,"Charger 6 (fid=60) not available, trying Charger 12 (fid=40)",1137.1337188402626,12,,
Car 369,,,,,7,switch,,"Charger 7 (fid=31) not available, trying Charger 1 (fid=308702)",1137.6593949740657,1,,
Car 372,,,,19,,arrived,,arrived,1137.7539877952809,,,
Car 351,,,,,10,switch,,"Charger 10 (fid=30) not available, trying Charger 14 (fid=34)",1137.8378050546291,14,,
Car 347,,,,,5,switch,,"Charger 5 (fid=73) not available, trying Charger 15 (fid=57)",1138.0862661986037,15,,
Car 338,,,,,7,switch,,"Charger 7 (fid=31) not available, trying Charger 10 (fid=30)",1138.38276314763,10,,
Car 349,,,,,10,switch,,"Charger 10 (fid=30) not available, trying Charger 14 (fid=34)",1138.4502614408095,14,,
Car 330,,,,,10,switch,,"Charger 10 (fid=30) not available, trying Charger 0 (fid=308440)",1138.7535558447992,0,,
Car 316,71.0,307904,2,,,done,,done charging,1138.9090577943507,,,242.2397620738259
Car 370,,307904,2,,,start_charge,,starting to charge at Charger 2 (fid=307904),1138.9090577943507,,4.968575512490133,
Car 373,,,,46,,arrived,,arrived,1138.9793526327169,,,
Car 361,,,,,4,switch,,"Charger 4 (fid=308108) not available, trying Charger 9 (fid=86)",1138.9901851067339,9,,
Car 374,,,,45,,arrived,,arrived,1139.3213933391453,,,
Car 364,,,,,13,switch,,"Charger 13 (fid=5) not available, trying Charger 15 (fid=57)",1139.5150651776198,15,,
Car 317,,,,,1,switch,,"Charger 1 (fid=308702) not available, trying Charger 7 (fid=31)",1139.5784866474294,7,,
Car 311,,,,,11,switch,,"Charger 11 (fid=33) not available, trying Charger 8 (fid=32)",1139.7658918988932,8,,
Car 313,,,,,10,switch,,"Charger 10 (fid=30) not available, trying Charger 14 (fid=34)",1139.817427684466,14,,
Car 308,,,,,1,switch,,"Charger 1 (fid=308702) not available, trying Charger 7 (fid=31)",1139.9637080186158,7,,
Car 335,,,,,0,switch,,"Charger 0 (fid=308440) not available, trying Charger 7 (fid=31)",1139.9977461851977,7,,
Car 375,,,,39,,arrived,,arrived,1140.01444179151,,,
Car 371,,,,,15,switch,,"Charger 15 (fid=57) not available, trying Charger 0 (fid=308440)",1140.0228003655889,0,,
Car 305,,,,,4,switch,,"Charger 4 (fid=308108) not available, trying Charger 2 (fid=307904)",1140.1446800034769,2,,
Car 365,,,,,5,switch,,"Charger 5 (fid=73) not available, trying Charger 15 (fid=57)",1141.4525118200243,15,,
Car 275,82.0,40,12,,,done,,done charging,1141.5184905285082,,,405.81648552834235
Car 309,,40,12,,,start_charge,,starting to charge at Charger 12 (fid=40),1141.5184905285082,,69.99405199723469,
Car 356,,,,,9,switch,,"Charger 9 (fid=86) not available, trying Charger 15 (fid=57)",1141.6862650520552,15,,
Car 325,,,,,11,switch,,"Charger 11 (fid=33) not available, trying Charger 8 (fid=32)",1142.0439167528082,8,,
Car 303,86.0,34,14,,,done,,done charging,1142.070172645073,,,205.90669888038795
Car 351,,34,14,,,start_charge,,starting to charge at Charger 14 (fid=34),1142.070172645073,,29.045626679548604,
Car 304,,,,,13,switch,,"Charger 13 (fid=5) not available, trying Charger 9 (fid=86)",1142.0863575798094,9,,
Car 332,,,,,13,switch,,"Charger 13 (fid=5) not available, trying Charger 0 (fid=308440)",1142.4987404466888,0,,
Car 372,,,,,0,switch,,"Charger 0 (fid=308440) not available, trying Charger 15 (fid=57)",1142.7539877952809,15,,
Car 348,,,,,10,switch,,"Charger 10 (fid=30) not available, trying Charger 14 (fid=34)",1142.762365788563,14,,
Car 367,,,,,12,switch,,"Charger 12 (fid=40) not available, trying Charger 5 (fid=73)",1142.8683413664446,5,,
Car 360,,,,,10,switch,,"Charger 10 (fid=30) not available, trying Charger 14 (fid=34)",1142.8989204116597,14,,
Car 369,,,,,1,switch,,"Charger 1 (fid=308702) not available, trying Charger 10 (fid=30)",1143.3627965730502,10,,
Car 363,,,,,7,switch,,"Charger 7 (fid=31) not available, trying Charger 10 (fid=30)",1143.5758966424587,10,,
Car 349,,,,,14,switch,,"Charger 14 (fid=34) not available, trying Charger 6 (fid=60)",1143.6370023517047,6,,
Car 337,,,,,5,switch,,"Charger 5 (fid=73) not available, trying Charger 0 (fid=308440)",1143.9588505115562,0,,
Car 373,,,,,1,switch,,"Charger 1 (fid=308702) not available, trying Charger 7 (fid=31)",1143.9793526327169,7,,
Car 338,,,,,10,switch,,"Charger 10 (fid=30) not available, trying Charger 14 (fid=34)",1144.2074493984337,14,,
Car 374,,,,,6,switch,,"Charger 6 (fid=60) not available, trying Charger 12 (fid=40)",1144.3213933391453,12,,
Car 321,64.0,33,11,,,done,,done charging,1144.4430135035004,,,166.33373852964974
Car 368,,,,,12,switch,,"Charger 12 (fid=40) not available, trying Charger 5 (fid=73)",1144.4620605820653,5,,
Car 343,,,,,7,switch,,"Charger 7 (fid=31) not available, trying Charger 10 (fid=30)",1144.919826332664,10,,
Car 331,,,,,0,switch,,"Charger 0 (fid=308440) not available, trying Charger 11 (fid=33)",1144.922746038928,11,,
Car 341,,,,,13,switch,,"Charger 13 (fid=5) not available, trying Charger 5 (fid=73)",1144.9315685198037,5,,
Car 344,,,,,5,switch,,"Charger 5 (fid=73) not available, trying Charger 15 (fid=57)",1144.9409386524253,15,,
Car 313,,,,,14,switch,,"Charger 14 (fid=34) not available, trying Charger 13 (fid=5)",1145.0041685953613,13,,
Car 375,,,,,6,switch,,"Charger 6 (fid=60) not available, trying Charger 12 (fid=40)",1145.01444179151,12,,
Car 311,,,,,8,switch,,"Charger 8 (fid=32) not available, trying Charger 9 (fid=86)",1145.0349905752419,9,,
Car 345,,,,,7,switch,,"Charger 7 (fid=31) not available, trying Charger 10 (fid=30)",1145.0978754933217,10,,
Car 317,,,,,7,switch,,"Charger 7 (fid=31) not available, trying Charger 10 (fid=30)",1145.281888246414,10,,
Car 354,,,,,1,switch,,"Charger 1 (fid=308702) not available, trying Charger 7 (fid=31)",1145.4608529271145,7,,
Car 308,,,,,7,switch,,"Charger 7 (fid=31) not available, trying Charger 10 (fid=30)",1145.6671096176003,10,,
Car 347,,,,,15,switch,,"Charger 15 (fid=57) not available, trying Charger 9 (fid=86)",1145.953149368006,9,,
Car 361,,,,,9,switch,,"Charger 9 (fid=86) not available, trying Charger 12 (fid=40)",1146.3631151431043,12,,
Car 352,,,,,9,switch,,"Charger 9 (fid=86) not available, trying Charger 15 (fid=57)",1146.6665667738603,15,,
Car 371,,,,,0,switch,,"Charger 0 (fid=308440) not available, trying Charger 5 (fid=73)",1146.7623746810518,5,,
Car 330,,,,,0,switch,,"Charger 0 (fid=308440) not available, trying Charger 14 (fid=34)",1146.7852602581554,14,,
Car 325,,,,,8,switch,,"Charger 8 (fid=32) not available, trying Charger 13 (fid=5)",1147.3130154291568,13,,
Car 335,,,,,7,switch,,"Charger 7 (fid=31) not available, trying Charger 11 (fid=33)",1147.8710522771662,11,,
Car 348,,,,,14,switch,,"Charger 14 (fid=34) not available, trying Charger 0 (fid=308440)",1147.9491066994583,0,,
Car 360,,,,,14,switch,,"Charger 14 (fid=34) not available, trying Charger 1 (fid=308702)",1148.0856613225549,1,,
Car 364,,,,,15,switch,,"Charger 15 (fid=57) not available, trying Charger 6 (fid=60)",1148.6006504835698,6,,
Car 305,,,,,2,switch,,"Charger 2 (fid=307904) not available, trying Charger 3 (fid=307905)",1148.6508130181082,3,,
Car 331,,33,11,,,start_charge,,starting to charge at Charger 11 (fid=33),1148.6542249403635,,45.0,
Car 376,,,,77,,arrived,,arrived,1148.9291694173346,,,
Car 365,,,,,15,switch,,"Charger 15 (fid=57) not available, trying Charger 0 (fid=308440)",1149.3193949894267,0,,
Car 338,,,,,14,switch,,"Charger 14 (fid=34) not available, trying Charger 1 (fid=308702)",1149.394190309329,1,,
Car 363,,,,,10,switch,,"Charger 10 (fid=30) not available, trying Charger 14 (fid=34)",1149.4005828932625,14,,
Car 369,,,,,10,switch,,"Charger 10 (fid=30) not available, trying Charger 14 (fid=34)",1149.4246293592842,14,,
Car 372,,,,,15,switch,,"Charger 15 (fid=57) not available, trying Charger 7 (fid=31)",1149.4935621107438,7,,
Car 377,,,,27,,arrived,,arrived,1149.6414036157632,,,
Car 373,,,,,7,switch,,"Charger 7 (fid=31) not available, trying Charger 13 (fid=5)",1149.6827542317014,13,,
Car 343,,,,,10,switch,,"Charger 10 (fid=30) not available, trying Charger 14 (fid=34)",1150.7445125834677,14,,
Car 378,,,,71,,arrived,,arrived,1150.9181353311726,,,
Car 345,,,,,10,switch,,"Charger 10 (fid=30) not available, trying Charger 14 (fid=34)",1150.9225617441255,14,,
Car 317,,,,,10,switch,,"Charger 10 (fid=30) not available, trying Charger 14 (fid=34)",1151.1065744972177,14,,
Car 354,,,,,7,switch,,"Charger 7 (fid=31) not available, trying Charger 0 (fid=308440)",1151.164254526099,0,,
Car 308,,,,,10,switch,,"Charger 10 (fid=30) not available, trying Charger 14 (fid=34)",1151.491795868404,14,,
Car 374,,,,,12,switch,,"Charger 12 (fid=40) not available, trying Charger 5 (fid=73)",1151.649735080948,5,,
Car 346,60.0,5,13,,,done,,done charging,1151.8782026134766,,,181.46240868517273
Car 313,,5,13,,,start_charge,,starting to charge at Charger 13 (fid=5),1151.8782026134766,,67.55113693695625,
Car 375,,,,,12,switch,,"Charger 12 (fid=40) not available, trying Charger 5 (fid=73)",1152.3427835333127,5,,
Car 379,,,,4,,arrived,,arrived,1152.366289923935,,,
Car 341,,,,,5,switch,,"Charger 5 (fid=73) not available, trying Charger 6 (fid=60)",1152.3966396060744,6,,
Car 367,,,,,5,switch,,"Charger 5 (fid=73) not available, trying Charger 15 (fid=57)",1152.4161689317627,15,,
Car 344,,,,,15,switch,,"Charger 15 (fid=57) not available, trying Charger 0 (fid=308440)",1152.8078218218277,0,,
Car 332,,,,,0,switch,,"Charger 0 (fid=308440) not available, trying Charger 9 (fid=86)",1153.0559237571558,9,,
Car 337,,,,,0,switch,,"Charger 0 (fid=308440) not available, trying Charger 1 (fid=308702)",1153.222629524134,1,,
Car 356,,,,,15,switch,,"Charger 15 (fid=57) not available, trying Charger 6 (fid=60)",1153.4918768761397,6,,
Car 305,,,,,3,switch,,"Charger 3 (fid=307905) not available, trying Charger 9 (fid=86)",1153.9144391996724,9,,
Car 376,,,,,6,switch,,"Charger 6 (fid=60) not available, trying Charger 12 (fid=40)",1153.9291694173346,12,,
Car 368,,,,,5,switch,,"Charger 5 (fid=73) not available, trying Charger 4 (fid=308108)",1154.0098881473834,4,,
Car 360,,,,,1,switch,,"Charger 1 (fid=308702) not available, trying Charger 11 (fid=33)",1154.2184812686864,11,,
Car 335,,,,,11,switch,,"Charger 11 (fid=33) not available, trying Charger 10 (fid=30)",1154.3955130160496,10,,
Car 363,,,,,14,switch,,"Charger 14 (fid=34) not available, trying Charger 1 (fid=308702)",1154.5873238041577,1,,
Car 369,,,,,14,switch,,"Charger 14 (fid=34) not available, trying Charger 11 (fid=33)",1154.6113702701793,11,,
Car 377,,,,,7,switch,,"Charger 7 (fid=31) not available, trying Charger 11 (fid=33)",1154.6414036157632,11,,
Car 330,,,,,14,switch,,"Charger 14 (fid=34) not available, trying Charger 11 (fid=33)",1154.8879518314093,11,,
Car 349,,,,,6,switch,,"Charger 6 (fid=60) not available, trying Charger 11 (fid=33)",1155.0692386949002,11,,
Car 338,,,,,1,switch,,"Charger 1 (fid=308702) not available, trying Charger 11 (fid=33)",1155.5270102554605,11,,
Car 378,,,,,15,switch,,"Charger 15 (fid=57) not available, trying Charger 0 (fid=308440)",1155.9181353311726,0,,
Car 343,,,,,14,switch,,"Charger 14 (fid=34) not available, trying Charger 1 (fid=308702)",1155.9312534943629,1,,
Car 371,,,,,5,switch,,"Charger 5 (fid=73) not available, trying Charger 1 (fid=308702)",1156.0261536936296,1,,
Car 348,,,,,0,switch,,"Charger 0 (fid=308440) not available, trying Charger 11 (fid=33)",1156.0517982727122,11,,
Car 365,,,,,0,switch,,"Charger 0 (fid=308440) not available, trying Charger 12 (fid=40)",1156.0589693048896,12,,
Car 345,,,,,14,switch,,"Charger 14 (fid=34) not available, trying Charger 1 (fid=308702)",1156.1093026550207,1,,
Car 325,,,,,13,switch,,"Charger 13 (fid=5) not available, trying Charger 12 (fid=40)",1156.1344530476242,12,,
Car 317,,,,,14,switch,,"Charger 14 (fid=34) not available, trying Charger 9 (fid=86)",1156.293315408113,9,,
Car 308,,,,,14,switch,,"Charger 14 (fid=34) not available, trying Charger 11 (fid=33)",1156.6785367792993,11,,
Car 304,,,,,9,switch,,"Charger 9 (fid=86) not available, trying Charger 4 (fid=308108)",1156.6954333798194,4,,
Car 361,,,,,12,switch,,"Charger 12 (fid=40) not available, trying Charger 6 (fid=60)",1157.247055176136,6,,
Car 379,,,,,6,switch,,"Charger 6 (fid=60) not available, trying Charger 2 (fid=307904)",1157.366289923935,2,,
Car 364,,,,,6,switch,,"Charger 6 (fid=60) not available, trying Charger 1 (fid=308702)",1157.4919814089303,1,,
Car 347,,,,,9,switch,,"Charger 9 (fid=86) not available, trying Charger 13 (fid=5)",1157.7587611920906,13,,
Car 372,,,,,7,switch,,"Charger 7 (fid=31) not available, trying Charger 10 (fid=30)",1158.2419853311299,10,,
Car 352,,,,,15,switch,,"Charger 15 (fid=57) not available, trying Charger 5 (fid=73)",1158.4721785979448,5,,
Car 373,,,,,13,switch,,"Charger 13 (fid=5) not available, trying Charger 10 (fid=30)",1158.476257252402,10,,
Car 358,46.0,86,9,,,done,,done charging,1158.7834757389069,,,109.0245919339664
Car 311,,86,9,,,start_charge,,starting to charge at Charger 9 (fid=86),1158.7834757389069,,68.34957220080673,
Car 340,71.0,57,15,,,done,,done charging,1159.0349325170637,,,23.617248706405384
Car 367,,57,15,,,start_charge,,starting to charge at Charger 15 (fid=57),1159.0349325170637,,18.75188041589854,
Car 354,,,,,0,switch,,"Charger 0 (fid=308440) not available, trying Charger 12 (fid=40)",1159.0375606180676,12,,
Car 344,,,,,0,switch,,"Charger 0 (fid=308440) not available, trying Charger 13 (fid=5)",1159.5473961372907,13,,
Car 380,,,,3,,arrived,,arrived,1159.8356620350048,,,
Car 335,,,,,10,switch,,"Charger 10 (fid=30) not available, trying Charger 8 (fid=32)",1160.2110412551265,8,,
Car 341,,,,,6,switch,,"Charger 6 (fid=60) not available, trying Charger 2 (fid=307904)",1160.425828627594,2,,
Car 369,,,,,11,switch,,"Charger 11 (fid=33) not available, trying Charger 8 (fid=32)",1160.4978856691541,8,,
Car 363,,,,,1,switch,,"Charger 1 (fid=308702) not available, trying Charger 11 (fid=33)",1160.7201437502893,11,,
Car 330,,,,,11,switch,,"Charger 11 (fid=33) not available, trying Charger 8 (fid=32)",1160.774467230384,8,,
Car 360,,,,,11,switch,,"Charger 11 (fid=33) not available, trying Charger 8 (fid=32)",1160.9800885429997,8,,
Car 377,,,,,11,switch,,"Charger 11 (fid=33) not available, trying Charger 8 (fid=32)",1161.1658643546466,8,,
Car 374,,,,,5,switch,,"Charger 5 (fid=73) not available, trying Charger 15 (fid=57)",1161.197562646266,15,,
Car 376,,,,,12,switch,,"Charger 12 (fid=40) not available, trying Charger 4 (fid=308108)",1161.2575111591373,4,,
Car 337,,,,,1,switch,,"Charger 1 (fid=308702) not available, trying Charger 13 (fid=5)",1161.3330821515324,13,,
Car 375,,,,,5,switch,,"Charger 5 (fid=73) not available, trying Charger 4 (fid=308108)",1161.8906110986309,4,,
Car 305,,,,,,gave_up,9,"no alternate charger available, gave up",1162.0049389328751,,,
Car 343,,,,,1,switch,,"Charger 1 (fid=308702) not available, trying Charger 11 (fid=33)",1162.0640734404944,11,,
Car 345,,,,,1,switch,,"Charger 1 (fid=308702) not available, trying Charger 11 (fid=33)",1162.2421226011522,11,,
Car 338,,,,,11,switch,,"Charger 11 (fid=33) not available, trying Charger 8 (fid=32)",1162.2886175297738,8,,
Car 356,,,,,6,switch,,"Charger 6 (fid=60) not available, trying Charger 4 (fid=308108)",1162.3832078015002,4,,
Car 308,,,,,11,switch,,"Charger 11 (fid=33) not available, trying Charger 8 (fid=32)",1162.565052178274,8,,
Car 378,,,,,0,switch,,"Charger 0 (fid=308440) not available, trying Charger 7 (fid=31)",1162.6577096466356,7,,
Car 381,,,,6,,arrived,,arrived,1163.314133409007,,,
Car 372,,,,,10,switch,,"Charger 10 (fid=30) not available, trying Charger 14 (fid=34)",1164.0666715819336,14,,
Car 304,,,,,,gave_up,4,"no alternate charger available, gave up",1164.0683634161899,,,
Car 361,,,,,6,switch,,"Charger 6 (fid=60) not available, trying Charger 15 (fid=57)",1164.5753969179386,15,,
Car 348,,,,,11,switch,,"Charger 11 (fid=33) not available, trying Charger 8 (fid=32)",1164.7832771741478,8,,
Car 380,,,,,6,switch,,"Charger 6 (fid=60) not available, trying Charger 12 (fid=40)",1164.8356620350048,12,,
Car 371,,,,,1,switch,,"Charger 1 (fid=308702) not available, trying Charger 7 (fid=31)",1164.9472256005727,7,,
Car 332,,,,,9,switch,,"Charger 9 (fid=86) not available, trying Charger 1 (fid=308702)",1165.2192848076877,1,,
Car 368,,,,,4,switch,,"Charger 4 (fid=308108) not available, trying Charger 15 (fid=57)",1165.2429791280683,15,,
Car 369,,,,,8,switch,,"Charger 8 (fid=32) not available, trying Charger 13 (fid=5)",1165.7669843455028,13,,
Car 335,,,,,8,switch,,"Charger 8 (fid=32) not available, trying Charger 4 (fid=308108)",1166.0433609937324,4,,
Car 330,,,,,8,switch,,"Charger 8 (fid=32) not available, trying Charger 4 (fid=308108)",1166.0435659067327,4,,
Car 360,,,,,8,switch,,"Charger 8 (fid=32) not available, trying Charger 5 (fid=73)",1166.2491872193484,5,,
Car 352,,,,,5,switch,,"Charger 5 (fid=73) not available, trying Charger 0 (fid=308440)",1166.3390617673472,0,,
Car 379,,,,,2,switch,,"Charger 2 (fid=307904) not available, trying Charger 3 (fid=307905)",1166.3684464366384,3,,
Car 377,,,,,8,switch,,"Charger 8 (fid=32) not available, trying Charger 1 (fid=308702)",1166.4349630309953,1,,
Car 349,,,,,11,switch,,"Charger 11 (fid=33) not available, trying Charger 8 (fid=32)",1167.1302623662773,8,,
Car 365,,,,,12,switch,,"Charger 12 (fid=40) not available, trying Charger 13 (fid=5)",1167.209490755149,13,,
Car 325,,,,,12,switch,,"Charger 12 (fid=40) not available, trying Charger 9 (fid=86)",1167.257015501106,9,,
Car 363,,,,,11,switch,,"Charger 11 (fid=33) not available, trying Charger 8 (fid=32)",1167.4817510246025,8,,
Car 338,,,,,8,switch,,"Charger 8 (fid=32) not available, trying Charger 13 (fid=5)",1167.5577162061224,13,,
Car 373,,,,,10,switch,,"Charger 10 (fid=30) not available, trying Charger 14 (fid=34)",1167.7281671736632,14,,
Car 308,,,,,,gave_up,8,"no alternate charger available, gave up",1167.8341508546227,,,
Car 364,,,,,1,switch,,"Charger 1 (fid=308702) not available, trying Charger 7 (fid=31)",1168.1564340283867,7,,
Car 381,,,,,6,switch,,"Charger 6 (fid=60) not available, trying Charger 2 (fid=307904)",1168.314133409007,2,,
Car 336,76.0,73,5,,,done,,done charging,1168.3863672300467,,,205.34042148634956
Car 343,,,,,11,switch,,"Charger 11 (fid=33) not available, trying Charger 8 (fid=32)",1168.8256807148077,8,,
Car 382,,,,23,,arrived,,arrived,1168.932813783955,,,
Car 345,,,,,11,switch,,"Charger 11 (fid=33) not available, trying Charger 8 (fid=32)",1169.0037298754655,8,,
Car 374,,,,,15,switch,,"Charger 15 (fid=57) not available, trying Charger 2 (fid=307904)",1169.0644458156685,2,,
Car 372,,,,,14,switch,,"Charger 14 (fid=34) not available, trying Charger 1 (fid=308702)",1169.2534124928288,1,,
Car 341,,,,,2,switch,,"Charger 2 (fid=307904) not available, trying Charger 3 (fid=307905)",1169.4279851402973,3,,
Car 337,,,,,13,switch,,"Charger 13 (fid=5) not available, trying Charger 7 (fid=31)",1169.8881955089523,7,,
Car 348,,,,,8,switch,,"Charger 8 (fid=32) not available, trying Charger 6 (fid=60)",1170.0523758504964,6,,
Car 344,,,,,13,switch,,"Charger 13 (fid=5) not available, trying Charger 1 (fid=308702)",1170.1045794477577,1,,
Car 383,,,,62,,arrived,,arrived,1170.1457159371457,,,
Car 354,,,,,12,switch,,"Charger 12 (fid=40) not available, trying Charger 10 (fid=30)",1170.188082068327,10,,
Car 384,,,,73,,arrived,,arrived,1170.2999815563408,,,
Car 384,,73,5,,,start_charge,,starting to charge at Charger 5 (fid=73),1170.2999815563408,,0.0,
Car 359,53.0,308440,0,,,done,,done charging,1170.355855567608,,,50.96015061371372
Car 382,,308440,0,,,start_charge,,starting to charge at Charger 0 (fid=308440),1170.355855567608,,1.423041783652934,
Car 376,,,,,4,switch,,"Charger 4 (fid=308108) not available, trying Charger 2 (fid=307904)",1170.3726029679767,2,,
Car 385,,,,42,,arrived,,arrived,1170.4114672110677,,,
Car 378,,,,,7,switch,,"Charger 7 (fid=31) not available, trying Charger 5 (fid=73)",1170.531015738604,5,,
Car 371,,,,,7,switch,,"Charger 7 (fid=31) not available, trying Charger 6 (fid=60)",1170.6506271995572,6,,
Car 317,,,,,9,switch,,"Charger 9 (fid=86) not available, trying Charger 11 (fid=33)",1171.0466495432604,11,,
Car 356,,,,,4,switch,,"Charger 4 (fid=308108) not available, trying Charger 12 (fid=40)",1171.605776162679,12,,
Car 379,,,,,3,switch,,"Charger 3 (fid=307905) not available, trying Charger 15 (fid=57)",1171.6320726182025,15,,
Car 386,,,,63,,arrived,,arrived,1172.124978259715,,,
Car 380,,,,,12,switch,,"Charger 12 (fid=40) not available, trying Charger 5 (fid=73)",1172.1640037768075,5,,
Car 362,50.0,73,5,,,done,,done charging,1172.2959394512861,,,173.15604487774573
Car 360,,73,5,,,start_charge,,starting to charge at Charger 5 (fid=73),1172.2959394512861,,40.71231777354501,
Car 347,,,,,13,switch,,"Charger 13 (fid=5) not available, trying Charger 0 (fid=308440)",1172.3678369921006,0,,
Car 349,,,,,8,switch,,"Charger 8 (fid=32) not available, trying Charger 12 (fid=40)",1172.399361042626,12,,
Car 363,,,,,8,switch,,"Charger 8 (fid=32) not available, trying Charger 5 (fid=73)",1172.7508497009512,5,,
Car 373,,,,,14,switch,,"Charger 14 (fid=34) not available, trying Charger 15 (fid=57)",1172.9149080845584,15,,
Car 375,,,,,4,switch,,"Charger 4 (fid=308108) not available, trying Charger 15 (fid=57)",1173.1237020793158,15,,
Car 377,,,,,1,switch,,"Charger 1 (fid=308702) not available, trying Charger 10 (fid=30)",1173.2133618048376,10,,
Car 361,,,,,15,switch,,"Charger 15 (fid=57) not available, trying Charger 0 (fid=308440)",1173.4667278432992,0,,
Car 364,,,,,7,switch,,"Charger 7 (fid=31) not available, trying Charger 0 (fid=308440)",1173.8598356273712,0,,
Car 324,74.0,30,10,,,done,,done charging,1173.9728656902116,,,377.25740437769036
Car 343,,,,,8,switch,,"Charger 8 (fid=32) not available, trying Charger 13 (fid=5)",1174.0947793911564,13,,
Car 345,,,,,8,switch,,"Charger 8 (fid=32) not available, trying Charger 13 (fid=5)",1174.2728285518142,13,,
Car 377,,30,10,,,start_charge,,starting to charge at Charger 10 (fid=30),1174.2751945910716,,20.0,
Car 387,,,,66,,arrived,,arrived,1174.432348649493,,,
Car 369,,,,,13,switch,,"Charger 13 (fid=5) not available, trying Charger 0 (fid=308440)",1174.5884219639702,0,,
Car 341,,,,,3,switch,,"Charger 3 (fid=307905) not available, trying Charger 12 (fid=40)",1174.6916113218615,12,,
Car 383,,,,,6,switch,,"Charger 6 (fid=60) not available, trying Charger 12 (fid=40)",1175.1457159371457,12,,
Car 388,,,,25,,arrived,,arrived,1175.1833073348869,,,
Car 372,,,,,1,switch,,"Charger 1 (fid=308702) not available, trying Charger 11 (fid=33)",1175.3862324389604,11,,
Car 385,,,,,1,switch,,"Charger 1 (fid=308702) not available, trying Charger 7 (fid=31)",1175.4114672110677,7,,
Car 352,,,,,0,switch,,"Charger 0 (fid=308440) not available, trying Charger 1 (fid=308702)",1175.602840779925,1,,
Car 389,,,,60,,arrived,,arrived,1175.916855820048,,,
Car 338,,,,,13,switch,,"Charger 13 (fid=5) not available, trying Charger 12 (fid=40)",1176.3791538245898,12,,
Car 312,103.0,308702,1,,,done,,done charging,1176.565134323455,,,270.1505183671852
Car 344,,308702,1,,,start_charge,,starting to charge at Charger 1 (fid=308702),1176.565134323455,,52.90544151827726,
Car 368,,,,,15,switch,,"Charger 15 (fid=57) not available, trying Charger 2 (fid=307904)",1176.8679335642198,2,,
Car 386,,,,,13,switch,,"Charger 13 (fid=5) not available, trying Charger 5 (fid=73)",1177.124978259715,5,,
Car 381,,,,,2,switch,,"Charger 2 (fid=307904) not available, trying Charger 3 (fid=307905)",1177.3162899217102,3,,
Car 374,,,,,2,switch,,"Charger 2 (fid=307904) not available, trying Charger 3 (fid=307905)",1178.0431840881145,3,,
Car 325,,,,,9,switch,,"Charger 9 (fid=86) not available, trying Charger 4 (fid=308108)",1178.1409555341377,4,,
Car 365,,,,,13,switch,,"Charger 13 (fid=5) not available, trying Charger 2 (fid=307904)",1178.332053208631,2,,
Car 337,,,,,7,switch,,"Charger 7 (fid=31) not available, trying Charger 10 (fid=30)",1178.681698529653,10,,
Car 376,,,,,2,switch,,"Charger 2 (fid=307904) not available, trying Charger 3 (fid=307905)",1178.878735982608,3,,
Car 390,,,,27,,arrived,,arrived,1179.3650197062202,,,
Car 391,,,,20,,arrived,,arrived,1179.419073113168,,,
Car 298,83.0,32,8,,,done,,done charging,1179.420007495476,,,401.01835654992124
Car 387,,,,,6,switch,,"Charger 6 (fid=60) not available, trying Charger 12 (fid=40)",1179.432348649493,12,,
Car 332,,,,,1,switch,,"Charger 1 (fid=308702) not available, trying Charger 7 (fid=31)",1179.5339377374717,7,,
Car 378,,,,,5,switch,,"Charger 5 (fid=73) not available, trying Charger 10 (fid=30)",1179.790453022139,10,,
Car 388,,,,,11,switch,,"Charger 11 (fid=33) not available, trying Charger 8 (fid=32)",1180.1833073348869,8,,
Car 361,,,,,0,switch,,"Charger 0 (fid=308440) not available, trying Charger 5 (fid=73)",1180.2063021587621,5,,
Car 388,,32,8,,,start_charge,,starting to charge at Charger 8 (fid=32),1180.4524060112356,,5.0,
Car 379,,,,,15,switch,,"Charger 15 (fid=57) not available, trying Charger 12 (fid=40)",1180.6271477222692,12,,
Car 392,,,,4,,arrived,,arrived,1180.7142814073616,,,
Car 356,,,,,12,switch,,"Charger 12 (fid=40) not available, trying Charger 7 (fid=31)",1180.7208679715184,7,,
Car 335,,,,,4,switch,,"Charger 4 (fid=308108) not available, trying Charger 14 (fid=34)",1180.8547996754296,14,,
Car 330,,,,,4,switch,,"Charger 4 (fid=308108) not available, trying Charger 2 (fid=307904)",1180.85500458843,2,,
Car 389,,,,,6,switch,,"Charger 6 (fid=60) not available, trying Charger 12 (fid=40)",1180.916855820048,12,,
Car 385,,,,,7,switch,,"Charger 7 (fid=31) not available, trying Charger 10 (fid=30)",1181.1148688100523,10,,
Car 355,51.0,308702,1,,,done,,done charging,1181.2196675796145,,,296.14094267308013
Car 352,,308702,1,,,start_charge,,starting to charge at Charger 1 (fid=308702),1181.2196675796145,,47.50637417229109,
Car 371,,,,,6,switch,,"Charger 6 (fid=60) not available, trying Charger 2 (fid=307904)",1181.6534451956056,2,,
Car 380,,,,,5,switch,,"Charger 5 (fid=73) not available, trying Charger 4 (fid=308108)",1181.7118313421256,4,,
Car 364,,,,,0,switch,,"Charger 0 (fid=308440) not available, trying Charger 12 (fid=40)",1181.7331417193398,12,,
Car 373,,,,,15,switch,,"Charger 15 (fid=57) not available, trying Charger 11 (fid=33)",1182.0927496520915,11,,
Car 348,,,,,6,switch,,"Charger 6 (fid=60) not available, trying Charger 2 (fid=307904)",1182.1301910214027,2,,
Car 372,,,,,11,switch,,"Charger 11 (fid=33) not available, trying Charger 8 (fid=32)",1182.1478397132737,8,,
Car 383,,,,,12,switch,,"Charger 12 (fid=40) not available, trying Charger 5 (fid=73)",1182.4740576789484,5,,
Car 381,,,,,3,switch,,"Charger 3 (fid=307905) not available, trying Charger 15 (fid=57)",1182.5799161032744,15,,
Car 343,,,,,13,switch,,"Charger 13 (fid=5) not available, trying Charger 12 (fid=40)",1182.9162170096238,12,,
Car 347,,,,,0,switch,,"Charger 0 (fid=308440) not available, trying Charger 1 (fid=308702)",1182.9250203025676,1,,
Car 354,,,,,10,switch,,"Charger 10 (fid=30) not available, trying Charger 14 (fid=34)",1183.0720171696273,14,,
Car 363,,,,,5,switch,,"Charger 5 (fid=73) not available, trying Charger 2 (fid=307904)",1183.085284159344,2,,
Car 345,,,,,13,switch,,"Charger 13 (fid=5) not available, trying Charger 12 (fid=40)",1183.0942661702816,12,,
Car 374,,,,,3,switch,,"Charger 3 (fid=307905) not available, trying Charger 13 (fid=5)",1183.3068102696786,13,,
Car 376,,,,,3,switch,,"Charger 3 (fid=307905) not available, trying Charger 5 (fid=73)",1184.1423621641723,5,,
Car 341,,,,,12,switch,,"Charger 12 (fid=40) not available, trying Charger 4 (fid=308108)",1184.22254074328,4,,
Car 390,,,,,0,switch,,"Charger 0 (fid=308440) not available, trying Charger 15 (fid=57)",1184.3650197062202,15,,
Car 391,,,,,0,switch,,"Charger 0 (fid=308440) not available, trying Charger 15 (fid=57)",1184.419073113168,15,,
Car 337,,,,,10,switch,,"Charger 10 (fid=30) not available, trying Charger 14 (fid=34)",1184.5063847804568,14,,
Car 386,,,,,5,switch,,"Charger 5 (fid=73) not available, trying Charger 1 (fid=308702)",1184.5900493459856,1,,
Car 375,,,,,15,switch,,"Charger 15 (fid=57) not available, trying Charger 2 (fid=307904)",1184.7486565154672,2,,
Car 393,,,,14,,arrived,,arrived,1184.817923349008,,,
Car 369,,,,,0,switch,,"Charger 0 (fid=308440) not available, trying Charger 15 (fid=57)",1185.1456052744372,15,,
Car 332,,,,,7,switch,,"Charger 7 (fid=31) not available, trying Charger 10 (fid=30)",1185.2373393364562,10,,
Car 394,,,,32,,arrived,,arrived,1185.470782935683,,,
Car 325,,,,,,gave_up,4,"no alternate charger available, gave up",1185.5138855705081,,,
Car 353,52.0,34,14,,,done,,done charging,1185.523960081668,,,205.90669888038795
Car 354,,34,14,,,start_charge,,starting to charge at Charger 14 (fid=34),1185.523960081668,,47.26520200114555,
Car 392,,,,,6,switch,,"Charger 6 (fid=60) not available, trying Charger 2 (fid=307904)",1185.7142814073616,2,,
Car 368,,,,,2,switch,,"Charger 2 (fid=307904) not available, trying Charger 3 (fid=307905)",1185.8466718366658,3,,
Car 349,,,,,12,switch,,"Charger 12 (fid=40) not available, trying Charger 0 (fid=308440)",1185.9998621315347,0,,
Car 317,,,,,11,switch,,"Charger 11 (fid=33) not available, trying Charger 8 (fid=32)",1186.4287710065896,8,,
Car 387,,,,,12,switch,,"Charger 12 (fid=40) not available, trying Charger 5 (fid=73)",1186.7606903912956,5,,
Car 385,,,,,10,switch,,"Charger 10 (fid=30) not available, trying Charger 14 (fid=34)",1186.939555060856,14,,
Car 372,,,,,8,switch,,"Charger 8 (fid=32) not available, trying Charger 5 (fid=73)",1187.4169383896224,5,,
Car 395,,,,11,,arrived,,arrived,1187.4624127025456,,,
Car 338,,,,,12,switch,,"Charger 12 (fid=40) not available, trying Charger 9 (fid=86)",1187.5017162780716,9,,
Car 396,,,,68,,arrived,,arrived,1187.8835682662495,,,
Car 389,,,,,12,switch,,"Charger 12 (fid=40) not available, trying Charger 5 (fid=73)",1188.2451975618508,5,,
Car 397,,,,57,,arrived,,arrived,1188.3065993419282,,,
Car 330,,,,,2,switch,,"Charger 2 (fid=307904) not available, trying Charger 3 (fid=307905)",1189.3611376030613,3,,
Car 378,,,,,10,switch,,"Charger 10 (fid=30) not available, trying Charger 14 (fid=34)",1189.4083214929233,14,,
Car 361,,,,,5,switch,,"Charger 5 (fid=73) not available, trying Charger 1 (fid=308702)",1189.4700811713399,1,,
Car 398,,,,47,,arrived,,arrived,1189.5417970296212,,,
Car 337,,,,,14,switch,,"Charger 14 (fid=34) not available, trying Charger 11 (fid=33)",1189.693125691352,11,,
Car 300,92.0,32,8,,,done,,done charging,1189.725398758666,,,401.01835654992124
Car 317,,32,8,,,start_charge,,starting to charge at Charger 8 (fid=32),1189.725398758666,,78.02752907572767,
Car 393,,,,,15,switch,,"Charger 15 (fid=57) not available, trying Charger 0 (fid=308440)",1189.817923349008,0,,
Car 394,,,,,15,switch,,"Charger 15 (fid=57) not available, trying Charger 0 (fid=308440)",1190.470782935683,0,,
Car 365,,,,,2,switch,,"Charger 2 (fid=307904) not available, trying Charger 3 (fid=307905)",1190.495360048932,3,,
Car 399,,,,61,,arrived,,arrived,1190.6372811415445,,,
Car 371,,,,,2,switch,,"Charger 2 (fid=307904) not available, trying Charger 3 (fid=307905)",1190.655601708309,3,,
Car 347,,,,,1,switch,,"Charger 1 (fid=308702) not available, trying Charger 7 (fid=31)",1191.035472929966,7,,
Car 379,,,,,12,switch,,"Charger 12 (fid=40) not available, trying Charger 4 (fid=308108)",1191.0411645656322,4,,
Car 332,,,,,10,switch,,"Charger 10 (fid=30) not available, trying Charger 14 (fid=34)",1191.06202558726,14,,
Car 400,,,,77,,arrived,,arrived,1191.078996448864,,,
Car 390,,,,,15,switch,,"Charger 15 (fid=57) not available, trying Charger 2 (fid=307904)",1191.1045940216832,2,,
Car 368,,,,,3,switch,,"Charger 3 (fid=307905) not available, trying Charger 13 (fid=5)",1191.11029801823,13,,
Car 348,,,,,2,switch,,"Charger 2 (fid=307904) not available, trying Charger 3 (fid=307905)",1191.132347534106,3,,
Car 391,,,,,15,switch,,"Charger 15 (fid=57) not available, trying Charger 7 (fid=31)",1191.158647428631,7,,
Car 334,78.0,60,6,,,done,,done charging,1191.5094580335394,,,270.15030753361714
Car 395,,60,6,,,start_charge,,starting to charge at Charger 6 (fid=60),1191.5094580335394,,4.047045330993797,
Car 381,,,,,15,switch,,"Charger 15 (fid=57) not available, trying Charger 5 (fid=73)",1191.574991207341,5,,
Car 369,,,,,15,switch,,"Charger 15 (fid=57) not available, trying Charger 5 (fid=73)",1191.8851795899002,5,,
Car 373,,,,,11,switch,,"Charger 11 (fid=33) not available, trying Charger 8 (fid=32)",1191.8993785478062,8,,
Car 339,62.0,308108,4,,,done,,done charging,1191.9458083755394,,,351.73994448617884
Car 380,,308108,4,,,start_charge,,starting to charge at Charger 4 (fid=308108),1191.9458083755394,,19.0008860527289,
Car 383,,,,,5,switch,,"Charger 5 (fid=73) not available, trying Charger 15 (fid=57)",1192.0218852442665,15,,
Car 385,,,,,14,switch,,"Charger 14 (fid=34) not available, trying Charger 11 (fid=33)",1192.1262959717512,11,,
Car 396,,,,,0,switch,,"Charger 0 (fid=308440) not available, trying Charger 15 (fid=57)",1192.8835682662495,15,,
Car 364,,,,,12,switch,,"Charger 12 (fid=40) not available, trying Charger 10 (fid=30)",1192.8836631695992,10,,
Car 356,,,,,7,switch,,"Charger 7 (fid=31) not available, trying Charger 10 (fid=30)",1193.2463718855693,10,,
Car 397,,,,,15,switch,,"Charger 15 (fid=57) not available, trying Charger 0 (fid=308440)",1193.3065993419282,0,,
Car 341,,,,,4,switch,,"Charger 4 (fid=308108) not available, trying Charger 9 (fid=86)",1193.3376325521194,9,,
Car 386,,,,,1,switch,,"Charger 1 (fid=308702) not available, trying Charger 7 (fid=31)",1193.5111212529287,7,,
Car 363,,,,,2,switch,,"Charger 2 (fid=307904) not available, trying Charger 3 (fid=307905)",1193.7150656991828,3,,
Car 375,,,,,2,switch,,"Charger 2 (fid=307904) not available, trying Charger 3 (fid=307905)",1193.7273947879132,3,,
Car 343,,,,,12,switch,,"Charger 12 (fid=40) not available, trying Charger 9 (fid=86)",1194.0387794631056,9,,
Car 401,,,,56,,arrived,,arrived,1194.0654286130402,,,
Car 345,,,,,12,switch,,"Charger 12 (fid=40) not available, trying Charger 9 (fid=86)",1194.2168286237634,9,,
Car 402,,,,27,,arrived,,arrived,1194.346843401172,,,
Car 398,,,,,7,switch,,"Charger 7 (fid=31) not available, trying Charger 1 (fid=308702)",1194.5417970296212,1,,
Car 378,,,,,14,switch,,"Charger 14 (fid=34) not available, trying Charger 1 (fid=308702)",1194.5950624038185,1,,
Car 330,,,,,3,switch,,"Charger 3 (fid=307905) not available, trying Charger 9 (fid=86)",1194.6247637846254,9,,
Car 392,,,,,2,switch,,"Charger 2 (fid=307904) not available, trying Charger 3 (fid=307905)",1194.716437920065,3,,
Car 376,,,,,5,switch,,"Charger 5 (fid=73) not available, trying Charger 9 (fid=86)",1194.7884805356318,9,,
Car 335,,,,,14,switch,,"Charger 14 (fid=34) not available, trying Charger 2 (fid=307904)",1195.020659529416,2,,
Car 374,,,,,13,switch,,"Charger 13 (fid=5) not available, trying Charger 0 (fid=308440)",1195.4864539416005,0,,
Car 337,,,,,11,switch,,"Charger 11 (fid=33) not available, trying Charger 8 (fid=32)",1195.5796410903267,8,,
Car 399,,,,,6,switch,,"Charger 6 (fid=60) not available, trying Charger 12 (fid=40)",1195.6372811415445,12,,
Car 365,,,,,3,switch,,"Charger 3 (fid=307905) not available, trying Charger 1 (fid=308702)",1195.7589862304962,1,,
Car 371,,,,,3,switch,,"Charger 3 (fid=307905) not available, trying Charger 13 (fid=5)",1195.9192278898731,13,,
Car 400,,,,,6,switch,,"Charger 6 (fid=60) not available, trying Charger 12 (fid=40)",1196.078996448864,12,,
Car 332,,,,,14,switch,,"Charger 14 (fid=34) not available, trying Charger 11 (fid=33)",1196.2487664981552,11,,
Car 387,,,,,5,switch,,"Charger 5 (fid=73) not available, trying Charger 13 (fid=5)",1196.3085179566137,13,,
Car 348,,,,,3,switch,,"Charger 3 (fid=307905) not available, trying Charger 12 (fid=40)",1196.3959737156702,12,,
Car 393,,,,,0,switch,,"Charger 0 (fid=308440) not available, trying Charger 2 (fid=307904)",1196.557497664471,2,,
Car 328,95.0,31,7,,,done,,done charging,1196.6810407659275,,,314.7724838262693
Car 347,,31,7,,,start_charge,,starting to charge at Charger 7 (fid=31),1196.6810407659275,,59.942166236976846,
Car 350,98.0,308440,0,,,done,,done charging,1197.1099653662923,,,50.493192664305695
Car 349,,308440,0,,,start_charge,,starting to charge at Charger 0 (fid=308440),1197.1099653662923,,59.95958178449814,
Car 373,,,,,8,switch,,"Charger 8 (fid=32) not available, trying Charger 5 (fid=73)",1197.168477224155,5,,
Car 394,,,,,0,switch,,"Charger 0 (fid=308440) not available, trying Charger 2 (fid=307904)",1197.210357251146,2,,
Car 372,,,,,5,switch,,"Charger 5 (fid=73) not available, trying Charger 2 (fid=307904)",1197.751372848015,2,,
Car 389,,,,,5,switch,,"Charger 5 (fid=73) not available, trying Charger 15 (fid=57)",1197.793025127169,15,,
Car 385,,,,,11,switch,,"Charger 11 (fid=33) not available, trying Charger 8 (fid=32)",1198.012811370726,8,,
Car 403,,,,4,,arrived,,arrived,1198.1158963015623,,,
Car 338,,,,,9,switch,,"Charger 9 (fid=86) not available, trying Charger 4 (fid=308108)",1198.3856563111033,4,,
Car 361,,,,,1,switch,,"Charger 1 (fid=308702) not available, trying Charger 13 (fid=5)",1198.391153078283,13,,
Car 363,,,,,3,switch,,"Charger 3 (fid=307905) not available, trying Charger 6 (fid=60)",1198.978691880747,6,,
Car 375,,,,,3,switch,,"Charger 3 (fid=307905) not available, trying Charger 13 (fid=5)",1198.9910209694774,13,,
Car 401,,,,,15,switch,,"Charger 15 (fid=57) not available, trying Charger 0 (fid=308440)",1199.0654286130402,0,,
Car 356,,,,,10,switch,,"Charger 10 (fid=30) not available, trying Charger 14 (fid=34)",1199.071058136373,14,,
Car 386,,,,,7,switch,,"Charger 7 (fid=31) not available, trying Charger 15 (fid=57)",1199.2145228519132,15,,
Car 402,,,,,0,switch,,"Charger 0 (fid=308440) not available, trying Charger 15 (fid=57)",1199.346843401172,15,,
Car 404,,,,8,,arrived,,arrived,1199.4319537623337,,,
Car 381,,,,,5,switch,,"Charger 5 (fid=73) not available, trying Charger 12 (fid=40)",1199.4418743767435,12,,
Car 396,,,,,15,switch,,"Charger 15 (fid=57) not available, trying Charger 7 (fid=31)",1199.6231425817125,7,,
Car 369,,,,,5,switch,,"Charger 5 (fid=73) not available, trying Charger 6 (fid=60)",1199.7520627593026,6,,
Car 383,,,,,15,switch,,"Charger 15 (fid=57) not available, trying Charger 2 (fid=307904)",1199.888768413669,2,,
Car 391,,,,,7,switch,,"Charger 7 (fid=31) not available, trying Charger 10 (fid=30)",1199.907070649017,10,,
Car 392,,,,,3,switch,,"Charger 3 (fid=307905) not available, trying Charger 15 (fid=57)",1199.980064101629,15,,
Car 397,,,,,0,switch,,"Charger 0 (fid=308440) not available, trying Charger 5 (fid=73)",1200.0461736573911,5,,
Car 390,,,,,2,switch,,"Charger 2 (fid=307904) not available, trying Charger 3 (fid=307905)",1200.0833322941291,3,,
Car 379,,,,,4,switch,,"Charger 4 (fid=308108) not available, trying Charger 5 (fid=73)",1200.1562563744717,5,,
Car 398,,,,,1,switch,,"Charger 1 (fid=308702) not available, trying Charger 11 (fid=33)",1200.2451986286057,11,,
Car 341,,,,,,gave_up,9,"no alternate charger available, gave up",1200.71056258849,,,
Car 378,,,,,1,switch,,"Charger 1 (fid=308702) not available, trying Charger 2 (fid=307904)",1200.72788234995,2,,
Car 337,,,,,,gave_up,8,"no alternate charger available, gave up",1200.8487397666754,,,
Car 332,,,,,11,switch,,"Charger 11 (fid=33) not available, trying Charger 8 (fid=32)",1202.13528189713,8,,
Car 405,,,,37,,arrived,,arrived,1202.1560300058113,,,
Car 330,,,,,,gave_up,9,"no alternate charger available, gave up",1202.7152635178281,,,
Car 399,,,,,12,switch,,"Charger 12 (fid=40) not available, trying Charger 5 (fid=73)",1202.9656228833471,5,,
Car 403,,,,,6,switch,,"Charger 6 (fid=60) not available, trying Charger 2 (fid=307904)",1203.1158963015623,2,,
Car 385,,,,,8,switch,,"Charger 8 (fid=32) not available, trying Charger 15 (fid=57)",1203.2819100470747,15,,
Car 368,,,,,13,switch,,"Charger 13 (fid=5) not available, trying Charger 0 (fid=308440)",1203.2899416901519,0,,
Car 406,,,,27,,arrived,,arrived,1203.3316227533796,,,
Car 400,,,,,12,switch,,"Charger 12 (fid=40) not available, trying Charger 4 (fid=308108)",1203.4073381906667,4,,
Car 407,,,,35,,arrived,,arrived,1203.7355255322734,,,
Car 387,,,,,13,switch,,"Charger 13 (fid=5) not available, trying Charger 15 (fid=57)",1203.7735890428844,15,,
Car 302,97.0,5,13,,,done,,done charging,1203.822351503992,,,595.0696088274275
Car 361,,5,13,,,start_charge,,starting to charge at Charger 13 (fid=5),1203.822351503992,,51.87608506828906,
Car 408,,,,27,,arrived,,arrived,1203.9372505963638,,,
Car 356,,,,,14,switch,,"Charger 14 (fid=34) not available, trying Charger 1 (fid=308702)",1204.2577990472682,1,,
Car 404,,,,,5,switch,,"Charger 5 (fid=73) not available, trying Charger 13 (fid=5)",1204.4319537623337,13,,
Car 343,,,,,9,switch,,"Charger 9 (fid=86) not available, trying Charger 4 (fid=308108)",1204.9227194961372,4,,
Car 345,,,,,9,switch,,"Charger 9 (fid=86) not available, trying Charger 4 (fid=308108)",1205.100768656795,4,,
Car 390,,,,,3,switch,,"Charger 3 (fid=307905) not available, trying Charger 7 (fid=31)",1205.3469584756933,7,,
Car 389,,,,,15,switch,,"Charger 15 (fid=57) not available, trying Charger 2 (fid=307904)",1205.6599082965713,2,,
Car 391,,,,,10,switch,,"Charger 10 (fid=30) not available, trying Charger 14 (fid=34)",1205.7317568998208,14,,
Car 338,,,,,,gave_up,4,"no alternate charger available, gave up",1205.7585863474737,,,
Car 364,,,,,10,switch,,"Charger 10 (fid=30) not available, trying Charger 14 (fid=34)",1205.7675982708995,14,,
Car 401,,,,,0,switch,,"Charger 0 (fid=308440) not available, trying Charger 5 (fid=73)",1205.8050029285032,5,,
Car 393,,,,,2,switch,,"Charger 2 (fid=307904) not available, trying Charger 3 (fid=307905)",1205.8939851633643,3,,
Car 348,,,,,12,switch,,"Charger 12 (fid=40) not available, trying Charger 4 (fid=308108)",1205.9269031370886,4,,
Car 374,,,,,0,switch,,"Charger 0 (fid=308440) not available, trying Charger 4 (fid=308108)",1206.0436372520676,4,,
Car 402,,,,,15,switch,,"Charger 15 (fid=57) not available, trying Charger 2 (fid=307904)",1206.086417716635,2,,
Car 342,114.0,40,12,,,done,,done charging,1206.1019880827096,,,54.2443812829848
Car 381,,40,12,,,start_charge,,starting to charge at Charger 12 (fid=40),1206.1019880827096,,27.11228614064794,
Car 394,,,,,2,switch,,"Charger 2 (fid=307904) not available, trying Charger 3 (fid=307905)",1206.5468447500393,3,,
Car 335,,,,,2,switch,,"Charger 2 (fid=307904) not available, trying Charger 3 (fid=307905)",1206.947120112925,3,,
Car 398,,,,,11,switch,,"Charger 11 (fid=33) not available, trying Charger 8 (fid=32)",1207.006805902919,8,,
Car 405,,,,,5,switch,,"Charger 5 (fid=73) not available, trying Charger 13 (fid=5)",1207.1560300058113,13,,
Car 365,,,,,1,switch,,"Charger 1 (fid=308702) not available, trying Charger 7 (fid=31)",1207.2631024402624,7,,
Car 332,,,,,,gave_up,8,"no alternate charger available, gave up",1207.4043805734786,,,
Car 373,,,,,5,switch,,"Charger 5 (fid=73) not available, trying Charger 0 (fid=308440)",1207.5029116825476,0,,
Car 409,,,,4,,arrived,,arrived,1207.6392487759672,,,
Car 369,,,,,6,switch,,"Charger 6 (fid=60) not available, trying Charger 2 (fid=307904)",1207.7812517808222,2,,
Car 376,,,,,9,switch,,"Charger 9 (fid=86) not available, trying Charger 15 (fid=57)",1207.822821447478,15,,
Car 386,,,,,15,switch,,"Charger 15 (fid=57) not available, trying Charger 10 (fid=30)",1207.9629460722992,10,,
Car 363,,,,,6,switch,,"Charger 6 (fid=60) not available, trying Charger 13 (fid=5)",1207.9971852250712,13,,
Car 371,,,,,13,switch,,"Charger 13 (fid=5) not available, trying Charger 10 (fid=30)",1208.098871561795,10,,
Car 406,,,,,0,switch,,"Charger 0 (fid=308440) not available, trying Charger 15 (fid=57)",1208.3316227533796,15,,
Car 396,,,,,7,switch,,"Charger 7 (fid=31) not available, trying Charger 10 (fid=30)",1208.3715658020985,10,,
Car 372,,,,,2,switch,,"Charger 2 (fid=307904) not available, trying Charger 3 (fid=307905)",1208.381154387854,3,,
Car 407,,,,,15,switch,,"Charger 15 (fid=57) not available, trying Charger 0 (fid=308440)",1208.7355255322734,0,,
Car 383,,,,,2,switch,,"Charger 2 (fid=307904) not available, trying Charger 3 (fid=307905)",1208.867506686115,3,,
Car 408,,,,,0,switch,,"Charger 0 (fid=308440) not available, trying Charger 15 (fid=57)",1208.9372505963638,15,,
Car 392,,,,,15,switch,,"Charger 15 (fid=57) not available, trying Charger 12 (fid=40)",1208.9751392056958,12,,
Car 397,,,,,5,switch,,"Charger 5 (fid=73) not available, trying Charger 1 (fid=308702)",1209.3099526699689,1,,
Car 356,,,,,1,switch,,"Charger 1 (fid=308702) not available, trying Charger 5 (fid=73)",1210.3906189933998,5,,
Car 391,,,,,14,switch,,"Charger 14 (fid=34) not available, trying Charger 1 (fid=308702)",1210.918497810716,1,,
Car 364,,,,,14,switch,,"Charger 14 (fid=34) not available, trying Charger 11 (fid=33)",1210.9543391817947,11,,
Car 393,,,,,3,switch,,"Charger 3 (fid=307905) not available, trying Charger 5 (fid=73)",1211.1576113449285,5,,
Car 375,,,,,13,switch,,"Charger 13 (fid=5) not available, trying Charger 0 (fid=308440)",1211.1706646413993,0,,
Car 379,,,,,5,switch,,"Charger 5 (fid=73) not available, trying Charger 0 (fid=308440)",1211.3893473551566,0,,
Car 394,,,,,3,switch,,"Charger 3 (fid=307905) not available, trying Charger 5 (fid=73)",1211.8104709316035,5,,
Car 404,,,,,13,switch,,"Charger 13 (fid=5) not available, trying Charger 6 (fid=60)",1211.8970248486044,6,,
Car 403,,,,,2,switch,,"Charger 2 (fid=307904) not available, trying Charger 3 (fid=307905)",1212.1180528142656,3,,
Car 335,,,,,3,switch,,"Charger 3 (fid=307905) not available, trying Charger 9 (fid=86)",1212.2107462944891,9,,
Car 378,,,,,2,switch,,"Charger 2 (fid=307904) not available, trying Charger 3 (fid=307905)",1212.2156617280955,3,,
Car 398,,,,,8,switch,,"Charger 8 (fid=32) not available, trying Charger 10 (fid=30)",1212.2759045792677,10,,
Car 343,,,,,,gave_up,4,"no alternate charger available, gave up",1212.2956495325077,,,
Car 345,,,,,,gave_up,4,"no alternate charger available, gave up",1212.4736986931655,,,
Car 399,,,,,5,switch,,"Charger 5 (fid=73) not available, trying Charger 15 (fid=57)",1212.5134504486653,15,,
Car 400,,,,,4,switch,,"Charger 4 (fid=308108) not available, trying Charger 2 (fid=307904)",1212.5224299995061,2,,
Car 409,,,,,13,switch,,"Charger 13 (fid=5) not available, trying Charger 5 (fid=73)",1212.6392487759672,5,,
Car 387,,,,,15,switch,,"Charger 15 (fid=57) not available, trying Charger 4 (fid=308108)",1212.8591743488344,4,,
Car 365,,,,,7,switch,,"Charger 7 (fid=31) not available, trying Charger 10 (fid=30)",1212.966504039247,10,,
Car 385,,,,,15,switch,,"Charger 15 (fid=57) not available, trying Charger 13 (fid=5)",1213.1053304423185,13,,
Car 372,,,,,3,switch,,"Charger 3 (fid=307905) not available, trying Charger 6 (fid=60)",1213.6447805694181,6,,
Car 368,,,,,0,switch,,"Charger 0 (fid=308440) not available, trying Charger 9 (fid=86)",1213.847125000619,9,,
Car 383,,,,,3,switch,,"Charger 3 (fid=307905) not available, trying Charger 13 (fid=5)",1214.131132867679,13,,
Car 396,,,,,10,switch,,"Charger 10 (fid=30) not available, trying Charger 14 (fid=34)",1214.1962520529023,14,,
Car 405,,,,,13,switch,,"Charger 13 (fid=5) not available, trying Charger 15 (fid=57)",1214.621101092082,15,,
Car 389,,,,,2,switch,,"Charger 2 (fid=307904) not available, trying Charger 3 (fid=307905)",1214.6386465690173,3,,
Car 348,,,,,4,switch,,"Charger 4 (fid=308108) not available, trying Charger 9 (fid=86)",1215.041994945928,9,,
Car 402,,,,,2,switch,,"Charger 2 (fid=307904) not available, trying Charger 3 (fid=307905)",1215.065155989081,3,,
Car 401,,,,,5,switch,,"Charger 5 (fid=73) not available, trying Charger 1 (fid=308702)",1215.068781941081,1,,
Car 406,,,,,15,switch,,"Charger 15 (fid=57) not available, trying Charger 2 (fid=307904)",1215.0711970688426,2,,
Car 410,,,,4,,arrived,,arrived,1215.2675639090028,,,
Car 407,,,,,0,switch,,"Charger 0 (fid=308440) not available, trying Charger 2 (fid=307904)",1215.4750998477364,2,,
Car 408,,,,,15,switch,,"Charger 15 (fid=57) not available, trying Charger 2 (fid=307904)",1215.6768249118268,2,,
Car 373,,,,,0,switch,,"Charger 0 (fid=308440) not available, trying Charger 6 (fid=60)",1216.7666906951254,6,,
Car 369,,,,,2,switch,,"Charger 2 (fid=307904) not available, trying Charger 3 (fid=307905)",1216.7834082935256,3,,
Car 364,,,,,11,switch,,"Charger 11 (fid=33) not available, trying Charger 8 (fid=32)",1216.8408545807695,8,,
Car 367,58.0,57,15,,,done,,done charging,1217.0349325170637,,,283.7247633346685
Car 376,,57,15,,,start_charge,,starting to charge at Charger 15 (fid=57),1217.0349325170637,,37.40649924550121,
Car 391,,,,,1,switch,,"Charger 1 (fid=308702) not available, trying Charger 11 (fid=33)",1217.0513177568475,11,,
Car 390,,,,,7,switch,,"Charger 7 (fid=31) not available, trying Charger 6 (fid=60)",1217.0603704095377,6,,
Car 386,,,,,10,switch,,"Charger 10 (fid=30) not available, trying Charger 14 (fid=34)",1217.0698004799347,14,,
Car 411,,,,7,,arrived,,arrived,1217.2253003997134,,,
Car 371,,,,,10,switch,,"Charger 10 (fid=30) not available, trying Charger 14 (fid=34)",1217.3507814830562,14,,
Car 403,,,,,3,switch,,"Charger 3 (fid=307905) not available, trying Charger 15 (fid=57)",1217.3816789958298,15,,
Car 378,,,,,3,switch,,"Charger 3 (fid=307905) not available, trying Charger 6 (fid=60)",1217.4792879096597,6,,
Car 320,83.0,30,10,,,done,,done charging,1217.4972589593706,,,342.1009721560288
Car 398,,30,10,,,start_charge,,starting to charge at Charger 10 (fid=30),1217.4972589593706,,24.38903464149689,
Car 363,,,,,13,switch,,"Charger 13 (fid=5) not available, trying Charger 12 (fid=40)",1217.6011091347546,12,,
Car 412,,,,52,,arrived,,arrived,1218.168292688942,,,
Car 314,104.0,33,11,,,done,,done charging,1218.2169425583293,,,399.61962463915717
Car 397,,,,,1,switch,,"Charger 1 (fid=308702) not available, trying Charger 7 (fid=31)",1218.231024576912,7,,
Car 374,,,,,4,switch,,"Charger 4 (fid=308108) not available, trying Charger 1 (fid=308702)",1218.4050962951153,1,,
Car 365,,,,,10,switch,,"Charger 10 (fid=30) not available, trying Charger 14 (fid=34)",1218.7911902900507,14,,
Car 391,,33,11,,,start_charge,,starting to charge at Charger 11 (fid=33),1218.8129250311608,,30.0,
Car 322,105.0,31,7,,,done,,done charging,1219.2864213476234,,,432.1203577383041
Car 397,,31,7,,,start_charge,,starting to charge at Charger 7 (fid=31),1219.2864213476234,,20.351995171726912,
Car 356,,,,,5,switch,,"Charger 5 (fid=73) not available, trying Charger 11 (fid=33)",1219.311690900343,11,,
Car 396,,,,,14,switch,,"Charger 14 (fid=34) not available, trying Charger 1 (fid=308702)",1219.3829929637975,1,,
Car 392,,,,,12,switch,,"Charger 12 (fid=40) not available, trying Charger 4 (fid=308108)",1219.3891560490588,4,,
Car 389,,,,,3,switch,,"Charger 3 (fid=307905) not available, trying Charger 4 (fid=308108)",1219.9022727505815,4,,
Car 409,,,,,5,switch,,"Charger 5 (fid=73) not available, trying Charger 1 (fid=308702)",1220.1043198622378,1,,
Car 410,,,,,6,switch,,"Charger 6 (fid=60) not available, trying Charger 2 (fid=307904)",1220.2675639090028,2,,
Car 335,,,,,,gave_up,9,"no alternate charger available, gave up",1220.3012460276918,,,
Car 402,,,,,3,switch,,"Charger 3 (fid=307905) not available, trying Charger 7 (fid=31)",1220.3287821706451,7,,
Car 399,,,,,15,switch,,"Charger 15 (fid=57) not available, trying Charger 4 (fid=308108)",1220.3803336180677,4,,
Car 379,,,,,0,switch,,"Charger 0 (fid=308440) not available, trying Charger 9 (fid=86)",1220.6531263677343,9,,
Car 400,,,,,2,switch,,"Charger 2 (fid=307904) not available, trying Charger 3 (fid=307905)",1221.0285630141375,3,,
Car 404,,,,,6,switch,,"Charger 6 (fid=60) not available, trying Charger 15 (fid=57)",1221.5009487582877,15,,
Car 375,,,,,0,switch,,"Charger 0 (fid=308440) not available, trying Charger 9 (fid=86)",1221.7278479518664,9,,
Car 393,,,,,5,switch,,"Charger 5 (fid=73) not available, trying Charger 6 (fid=60)",1221.803729716388,6,,
Car 369,,,,,3,switch,,"Charger 3 (fid=307905) not available, trying Charger 12 (fid=40)",1222.0470344750897,12,,
Car 364,,,,,8,switch,,"Charger 8 (fid=32) not available, trying Charger 2 (fid=307904)",1222.1099532571181,2,,
Car 385,,,,,13,switch,,"Charger 13 (fid=5) not available, trying Charger 0 (fid=308440)",1222.1909157482685,0,,
Car 411,,,,,4,switch,,"Charger 4 (fid=308108) not available, trying Charger 2 (fid=307904)",1222.2253003997134,2,,
Car 386,,,,,14,switch,,"Charger 14 (fid=34) not available, trying Charger 6 (fid=60)",1222.2565413908299,6,,
Car 348,,,,,,gave_up,9,"no alternate charger available, gave up",1222.4149249822985,,,
Car 394,,,,,5,switch,,"Charger 5 (fid=73) not available, trying Charger 6 (fid=60)",1222.456589303063,6,,
Car 371,,,,,14,switch,,"Charger 14 (fid=34) not available, trying Charger 11 (fid=33)",1222.5375223939513,11,,
Car 372,,,,,6,switch,,"Charger 6 (fid=60) not available, trying Charger 13 (fid=5)",1222.6632739137424,13,,
Car 412,,,,,2,switch,,"Charger 2 (fid=307904) not available, trying Charger 3 (fid=307905)",1223.168292688942,3,,
Car 405,,,,,15,switch,,"Charger 15 (fid=57) not available, trying Charger 1 (fid=308702)",1223.706686398032,1,,
Car 365,,,,,14,switch,,"Charger 14 (fid=34) not available, trying Charger 4 (fid=308108)",1223.977931200946,4,,
Car 401,,,,,1,switch,,"Charger 1 (fid=308702) not available, trying Charger 7 (fid=31)",1223.989853848024,7,,
Car 406,,,,,2,switch,,"Charger 2 (fid=307904) not available, trying Charger 3 (fid=307905)",1224.0499353412886,3,,
Car 387,,,,,4,switch,,"Charger 4 (fid=308108) not available, trying Charger 2 (fid=307904)",1224.4841287849858,2,,
Car 413,,,,4,,arrived,,arrived,1224.4843900430917,,,
Car 357,105.0,60,6,,,done,,done charging,1224.5737674589434,,,193.9508670921604
Car 373,,60,6,,,start_charge,,starting to charge at Charger 6 (fid=60),1224.5737674589434,,53.179241231561036,
Car 408,,,,,2,switch,,"Charger 2 (fid=307904) not available, trying Charger 3 (fid=307905)",1224.6555631842728,3,,
Car 407,,,,,2,switch,,"Charger 2 (fid=307904) not available, trying Charger 3 (fid=307905)",1224.8115873466297,3,,
Car 414,,,,115,,arrived,,arrived,1225.0719626877776,,,
Car 396,,,,,1,switch,,"Charger 1 (fid=308702) not available, trying Charger 11 (fid=33)",1225.515812909929,11,,
Car 331,77.0,33,11,,,done,,done charging,1225.6542249403635,,,386.484886992184
Car 371,,33,11,,,start_charge,,starting to charge at Charger 11 (fid=33),1225.6542249403635,,57.23018714743739,
Car 368,,,,,9,switch,,"Charger 9 (fid=86) not available, trying Charger 1 (fid=308702)",1226.0104860511508,1,,
Car 400,,,,,3,switch,,"Charger 3 (fid=307905) not available, trying Charger 5 (fid=73)",1226.2921891957017,5,,
Car 383,,,,,13,switch,,"Charger 13 (fid=5) not available, trying Charger 0 (fid=308440)",1226.310776539601,0,,
Car 403,,,,,15,switch,,"Charger 15 (fid=57) not available, trying Charger 12 (fid=40)",1226.3767540998965,12,,
Car 378,,,,,6,switch,,"Charger 6 (fid=60) not available, trying Charger 11 (fid=33)",1226.497781253984,11,,
Car 360,55.0,73,5,,,done,,done charging,1227.2959394512861,,,363.42349225787314
Car 390,,,,,6,switch,,"Charger 6 (fid=60) not available, trying Charger 10 (fid=30)",1228.063188405586,10,,
Car 323,108.0,308108,4,,,done,,done charging,1228.0984256774175,,,556.1187974651863
Car 389,,308108,4,,,start_charge,,starting to charge at Charger 4 (fid=308108),1228.0984256774175,,34.67368308058394,
Car 412,,,,,3,switch,,"Charger 3 (fid=307905) not available, trying Charger 4 (fid=308108)",1228.4319188705063,4,,
Car 392,,,,,4,switch,,"Charger 4 (fid=308108) not available, trying Charger 5 (fid=73)",1228.5042478578982,5,,
Car 363,,,,,12,switch,,"Charger 12 (fid=40) not available, trying Charger 9 (fid=86)",1228.7236715882364,9,,
Car 409,,,,,1,switch,,"Charger 1 (fid=308702) not available, trying Charger 7 (fid=31)",1229.025391769181,7,,
Car 410,,,,,2,switch,,"Charger 2 (fid=307904) not available, trying Charger 3 (fid=307905)",1229.269720421706,3,,
Car 406,,,,,3,switch,,"Charger 3 (fid=307905) not available, trying Charger 7 (fid=31)",1229.3135615228528,7,,
Car 413,,,,,6,switch,,"Charger 6 (fid=60) not available, trying Charger 2 (fid=307904)",1229.4843900430917,2,,
Car 415,,,,45,,arrived,,arrived,1229.5098575457757,,,
Car 356,,,,,11,switch,,"Charger 11 (fid=33) not available, trying Charger 8 (fid=32)",1229.6293338592068,8,,
Car 401,,,,,7,switch,,"Charger 7 (fid=31) not available, trying Charger 10 (fid=30)",1229.6932554470086,10,,
Car 393,,,,,6,switch,,"Charger 6 (fid=60) not available, trying Charger 7 (fid=31)",1229.8329187379077,7,,
Car 408,,,,,3,switch,,"Charger 3 (fid=307905) not available, trying Charger 7 (fid=31)",1229.919189365837,7,,
Car 414,,,,,0,switch,,"Charger 0 (fid=308440) not available, trying Charger 15 (fid=57)",1230.0719626877776,15,,
Car 407,,,,,3,switch,,"Charger 3 (fid=307905) not available, trying Charger 6 (fid=60)",1230.075213528194,6,,
Car 404,,,,,15,switch,,"Charger 15 (fid=57) not available, trying Charger 12 (fid=40)",1230.3922796836482,12,,
Car 394,,,,,6,switch,,"Charger 6 (fid=60) not available, trying Charger 7 (fid=31)",1230.4857783245827,7,,
Car 411,,,,,2,switch,,"Charger 2 (fid=307904) not available, trying Charger 3 (fid=307905)",1230.7314334143448,3,,
Car 369,,,,,12,switch,,"Charger 12 (fid=40) not available, trying Charger 4 (fid=308108)",1231.5779638965082,4,,
Car 374,,,,,1,switch,,"Charger 1 (fid=308702) not available, trying Charger 7 (fid=31)",1231.8031724253626,7,,
Car 400,,73,5,,,start_charge,,starting to charge at Charger 5 (fid=73),1231.9383075671612,,25.0,
Car 399,,,,,4,switch,,"Charger 4 (fid=308108) not available, trying Charger 2 (fid=307904)",1232.0052880542191,2,,
Car 402,,,,,7,switch,,"Charger 7 (fid=31) not available, trying Charger 6 (fid=60)",1232.0421941044895,6,,
Car 405,,,,,1,switch,,"Charger 1 (fid=308702) not available, trying Charger 6 (fid=60)",1232.116744241826,6,,
Car 372,,,,,13,switch,,"Charger 13 (fid=5) not available, trying Charger 12 (fid=40)",1232.2671978234257,12,,
Car 396,,,,,11,switch,,"Charger 11 (fid=33) not available, trying Charger 8 (fid=32)",1232.2774201842424,8,,
Car 385,,,,,0,switch,,"Charger 0 (fid=308440) not available, trying Charger 5 (fid=73)",1232.7480990587355,5,,
Car 379,,,,,9,switch,,"Charger 9 (fid=86) not available, trying Charger 1 (fid=308702)",1232.8164874182662,1,,
Car 387,,,,,2,switch,,"Charger 2 (fid=307904) not available, trying Charger 3 (fid=307905)",1232.9902617996172,3,,
Car 386,,,,,6,switch,,"Charger 6 (fid=60) not available, trying Charger 11 (fid=33)",1233.6887777340253,11,,
Car 375,,,,,9,switch,,"Charger 9 (fid=86) not available, trying Charger 1 (fid=308702)",1233.8912090023982,1,,
Car 415,,,,,6,switch,,"Charger 6 (fid=60) not available, trying Charger 12 (fid=40)",1234.5098575457757,12,,
Car 410,,,,,3,switch,,"Charger 3 (fid=307905) not available, trying Charger 15 (fid=57)",1234.5333466032703,15,,
Car 364,,,,,2,switch,,"Charger 2 (fid=307904) not available, trying Charger 3 (fid=307905)",1234.681992668338,3,,
Car 409,,,,,7,switch,,"Charger 7 (fid=31) not available, trying Charger 15 (fid=57)",1234.7287933681655,15,,
Car 356,,,,,8,switch,,"Charger 8 (fid=32) not available, trying Charger 13 (fid=5)",1234.8984325355555,13,,
Car 401,,,,,10,switch,,"Charger 10 (fid=30) not available, trying Charger 14 (fid=34)",1235.5179416978124,14,,
Car 411,,,,,3,switch,,"Charger 3 (fid=307905) not available, trying Charger 9 (fid=86)",1235.995059595909,9,,
Car 395,45.0,60,6,,,done,,done charging,1236.5094580335394,,,159.7583830982139
Car 407,,60,6,,,start_charge,,starting to charge at Charger 6 (fid=60),1236.5094580335394,,22.415751161021262,
Car 403,,,,,12,switch,,"Charger 12 (fid=40) not available, trying Charger 4 (fid=308108)",1236.7907709432595,4,,
Car 414,,,,,15,switch,,"Charger 15 (fid=57) not available, trying Charger 7 (fid=31)",1236.8115370032406,7,,
Car 383,,,,,0,switch,,"Charger 0 (fid=308440) not available, trying Charger 4 (fid=308108)",1236.867959850068,4,,
Car 412,,,,,4,switch,,"Charger 4 (fid=308108) not available, trying Charger 12 (fid=40)",1236.9543887167583,12,,
Car 382,67.0,308440,0,,,done,,done charging,1237.355855567608,,,129.36064908845339
Car 374,,,,,7,switch,,"Charger 7 (fid=31) not available, trying Charger 10 (fid=30)",1237.5065740243472,10,,
Car 396,,,,,8,switch,,"Charger 8 (fid=32) not available, trying Charger 5 (fid=73)",1237.546518860591,5,,
Car 365,,,,,4,switch,,"Charger 4 (fid=308108) not available, trying Charger 11 (fid=33)",1238.1437910549323,11,,
Car 387,,,,,3,switch,,"Charger 3 (fid=307905) not available, trying Charger 0 (fid=308440)",1238.2538879811814,0,,
Car 416,,,,8,,arrived,,arrived,1238.459091753747,,,
Car 413,,,,,2,switch,,"Charger 2 (fid=307904) not available, trying Charger 3 (fid=307905)",1238.486546555795,3,,
Car 378,,,,,11,switch,,"Charger 11 (fid=33) not available, trying Charger 8 (fid=32)",1238.558804925361,8,,
Car 370,100.0,307904,2,,,done,,done charging,1238.9090577943507,,,101.57075669166946
Car 399,,307904,2,,,start_charge,,starting to charge at Charger 2 (fid=307904),1238.9090577943507,,28.397636725500206,
Car 390,,,,,10,switch,,"Charger 10 (fid=30) not available, trying Charger 14 (fid=34)",1239.4244375888838,14,,
Car 363,,,,,9,switch,,"Charger 9 (fid=86) not available, trying Charger 4 (fid=308108)",1239.607611621268,4,,
Car 392,,,,,5,switch,,"Charger 5 (fid=73) not available, trying Charger 0 (fid=308440)",1239.7373388385831,0,,
Car 364,,,,,3,switch,,"Charger 3 (fid=307905) not available, trying Charger 4 (fid=308108)",1239.945618849902,4,,
Car 368,,,,,1,switch,,"Charger 1 (fid=308702) not available, trying Charger 7 (fid=31)",1240.3251389809348,7,,
Car 369,,,,,4,switch,,"Charger 4 (fid=308108) not available, trying Charger 9 (fid=86)",1240.6930557053477,9,,
Car 401,,,,,14,switch,,"Charger 14 (fid=34) not available, trying Charger 2 (fid=307904)",1240.7046826087076,2,,
Car 404,,,,,12,switch,,"Charger 12 (fid=40) not available, trying Charger 1 (fid=308702)",1240.8062965270112,1,,
Car 393,,,,,7,switch,,"Charger 7 (fid=31) not available, trying Charger 10 (fid=30)",1240.835736733956,10,,
Car 406,,,,,7,switch,,"Charger 7 (fid=31) not available, trying Charger 6 (fid=60)",1241.026973456697,6,,
Car 394,,,,,7,switch,,"Charger 7 (fid=31) not available, trying Charger 10 (fid=30)",1241.4885963206311,10,,
Car 408,,,,,7,switch,,"Charger 7 (fid=31) not available, trying Charger 6 (fid=60)",1241.6326012996813,6,,
Car 415,,,,,12,switch,,"Charger 12 (fid=40) not available, trying Charger 5 (fid=73)",1241.8381992875784,5,,
Car 385,,,,,5,switch,,"Charger 5 (fid=73) not available, trying Charger 6 (fid=60)",1242.0118780713133,6,,
Car 387,,308440,0,,,start_charge,,starting to charge at Charger 0 (fid=308440),1242.6067123116954,,40.0,
Car 405,,,,,6,switch,,"Charger 6 (fid=60) not available, trying Charger 7 (fid=31)",1242.7811968612823,7,,
Car 417,,,,83,,arrived,,arrived,1243.0313247807114,,,
Car 402,,,,,6,switch,,"Charger 6 (fid=60) not available, trying Charger 10 (fid=30)",1243.0450121005379,10,,
Car 374,,,,,10,switch,,"Charger 10 (fid=30) not available, trying Charger 14 (fid=34)",1243.331260275151,14,,
Car 372,,,,,12,switch,,"Charger 12 (fid=40) not available, trying Charger 9 (fid=86)",1243.3897602769075,9,,
Car 416,,,,,5,switch,,"Charger 5 (fid=73) not available, trying Charger 13 (fid=5)",1243.459091753747,13,,
Car 409,,,,,15,switch,,"Charger 15 (fid=57) not available, trying Charger 10 (fid=30)",1243.4772165885515,10,,
Car 309,102.0,40,12,,,done,,done charging,1243.5184905285082,,,681.3523690167149
Car 412,,40,12,,,start_charge,,starting to charge at Charger 12 (fid=40),1243.5184905285082,,17.449010002910427,
Car 410,,,,,15,switch,,"Charger 15 (fid=57) not available, trying Charger 12 (fid=40)",1243.528421707337,12,,
Car 356,,,,,,gave_up,13,"no alternate charger available, gave up",1243.7198701540228,,,
Car 413,,,,,3,switch,,"Charger 3 (fid=307905) not available, trying Charger 15 (fid=57)",1243.7501727373592,15,,
Car 378,,,,,8,switch,,"Charger 8 (fid=32) not available, trying Charger 13 (fid=5)",1243.8279036017097,13,,
Car 411,,,,,9,switch,,"Charger 9 (fid=86) not available, trying Charger 12 (fid=40)",1244.0855593291117,12,,
Car 390,,,,,14,switch,,"Charger 14 (fid=34) not available, trying Charger 1 (fid=308702)",1244.611178499779,1,,
Car 414,,,,,7,switch,,"Charger 7 (fid=31) not available, trying Charger 10 (fid=30)",1245.5599602236266,10,,
Car 386,,,,,11,switch,,"Charger 11 (fid=33) not available, trying Charger 8 (fid=32)",1245.7498014054024,8,,
Car 403,,,,,4,switch,,"Charger 4 (fid=308108) not available, trying Charger 5 (fid=73)",1245.905862752099,5,,
Car 368,,,,,7,switch,,"Charger 7 (fid=31) not available, trying Charger 10 (fid=30)",1246.0285405799193,10,,
Car 393,,,,,10,switch,,"Charger 10 (fid=30) not available, trying Charger 14 (fid=34)",1246.6604229847599,14,,
Car 380,55.0,308108,4,,,done,,done charging,1246.9458083755394,,,495.83091423880484
Car 363,,308108,4,,,start_charge,,starting to charge at Charger 4 (fid=308108),1246.9458083755394,,79.96526671790093,
Car 379,,,,,1,switch,,"Charger 1 (fid=308702) not available, trying Charger 13 (fid=5)",1247.1311403480502,13,,
Car 394,,,,,10,switch,,"Charger 10 (fid=30) not available, trying Charger 14 (fid=34)",1247.313282571435,14,,
Car 366,118.0,57,15,,,done,,done charging,1247.3947257927757,,,91.55081785523534
Car 413,,57,15,,,start_charge,,starting to charge at Charger 15 (fid=57),1247.745247841426,,15.0,
Car 396,,,,,5,switch,,"Charger 5 (fid=73) not available, trying Charger 2 (fid=307904)",1247.8809533189838,2,,
Car 417,,,,,2,switch,,"Charger 2 (fid=307904) not available, trying Charger 3 (fid=307905)",1248.0313247807114,3,,
Car 369,,,,,,gave_up,9,"no alternate charger available, gave up",1248.0659857417181,,,
Car 301,112.0,86,9,,,done,,done charging,1248.1512003711719,,,492.1306642301385
Car 375,,,,,1,switch,,"Charger 1 (fid=308702) not available, trying Charger 7 (fid=31)",1248.2058619321822,7,,
Car 364,,,,,4,switch,,"Charger 4 (fid=308108) not available, trying Charger 9 (fid=86)",1248.4680886961542,9,,
Car 374,,,,,14,switch,,"Charger 14 (fid=34) not available, trying Charger 9 (fid=86)",1248.5180011860461,9,,
Car 354,63.0,34,14,,,done,,done charging,1248.523960081668,,,390.5816740358148
Car 393,,34,14,,,start_charge,,starting to charge at Charger 14 (fid=34),1248.523960081668,,41.67679618601301,
Car 418,,,,42,,arrived,,arrived,1248.6022520290371,,,
Car 392,,,,,0,switch,,"Charger 0 (fid=308440) not available, trying Charger 9 (fid=86)",1249.0011178511609,9,,
Car 351,107.0,34,14,,,done,,done charging,1249.070172645073,,,315.3544868952083
Car 394,,34,14,,,start_charge,,starting to charge at Charger 14 (fid=34),1249.070172645073,,41.57014916274284,
Car 383,,,,,4,switch,,"Charger 4 (fid=308108) not available, trying Charger 1 (fid=308702)",1249.2294188931157,1,,
Car 372,,86,9,,,start_charge,,starting to charge at Charger 9 (fid=86),1249.2737003099392,,70.0,
Car 419,,,,45,,arrived,,arrived,1249.7964411977043,,,
Car 385,,,,,6,switch,,"Charger 6 (fid=60) not available, trying Charger 2 (fid=307904)",1250.041067092833,2,,
Car 390,,,,,1,switch,,"Charger 1 (fid=308702) not available, trying Charger 11 (fid=33)",1250.7439984459106,11,,
Car 416,,,,,13,switch,,"Charger 13 (fid=5) not available, trying Charger 6 (fid=60)",1250.9241628400177,6,,
Car 386,,,,,8,switch,,"Charger 8 (fid=32) not available, trying Charger 12 (fid=40)",1251.018900081751,12,,
Car 414,,,,,10,switch,,"Charger 10 (fid=30) not available, trying Charger 14 (fid=34)",1251.3846464744304,14,,
Car 415,,,,,5,switch,,"Charger 5 (fid=73) not available, trying Charger 15 (fid=57)",1251.3860268528965,15,,
Car 420,,,,81,,arrived,,arrived,1251.5930053272878,,,
Car 421,,,,74,,arrived,,arrived,1251.7995109864921,,,
Car 368,,,,,10,switch,,"Charger 10 (fid=30) not available, trying Charger 14 (fid=34)",1251.853226830723,14,,
Car 406,,,,,6,switch,,"Charger 6 (fid=60) not available, trying Charger 10 (fid=30)",1252.0297914527455,10,,
Car 409,,,,,10,switch,,"Charger 10 (fid=30) not available, trying Charger 14 (fid=34)",1252.584070996187,14,,
Car 401,,,,,2,switch,,"Charger 2 (fid=307904) not available, trying Charger 3 (fid=307905)",1252.6311431922165,3,,
Car 408,,,,,6,switch,,"Charger 6 (fid=60) not available, trying Charger 10 (fid=30)",1252.6354192957297,10,,
Car 378,,,,,13,switch,,"Charger 13 (fid=5) not available, trying Charger 12 (fid=40)",1252.6493412201771,12,,
Car 365,,,,,11,switch,,"Charger 11 (fid=33) not available, trying Charger 8 (fid=32)",1252.9384382371004,8,,
Car 404,,,,,1,switch,,"Charger 1 (fid=308702) not available, trying Charger 7 (fid=31)",1252.99343506447,7,,
Car 417,,,,,3,switch,,"Charger 3 (fid=307905) not available, trying Charger 0 (fid=308440)",1253.2949509622756,0,,
Car 418,,,,,1,switch,,"Charger 1 (fid=308702) not available, trying Charger 7 (fid=31)",1253.6022520290371,7,,
Car 405,,,,,7,switch,,"Charger 7 (fid=31) not available, trying Charger 10 (fid=30)",1253.7840148573307,10,,
Car 375,,,,,7,switch,,"Charger 7 (fid=31) not available, trying Charger 10 (fid=30)",1253.9092635311667,10,,
Car 410,,,,,12,switch,,"Charger 12 (fid=40) not available, trying Charger 4 (fid=308108)",1253.9424385507,4,,
Car 402,,,,,10,switch,,"Charger 10 (fid=30) not available, trying Charger 14 (fid=34)",1254.4062612838356,14,,
Car 419,,,,,6,switch,,"Charger 6 (fid=60) not available, trying Charger 12 (fid=40)",1254.7964411977043,12,,
Car 411,,,,,12,switch,,"Charger 12 (fid=40) not available, trying Charger 6 (fid=60)",1254.9694993621433,6,,
Car 329,119.0,307905,3,,,done,,done charging,1255.1989288672353,,,322.3748768701654
Car 401,,307905,3,,,start_charge,,starting to charge at Charger 3 (fid=307905),1255.1989288672353,,42.30415949345456,
Car 379,,,,,13,switch,,"Charger 13 (fid=5) not available, trying Charger 7 (fid=31)",1255.68625370547,7,,
Car 364,,,,,,gave_up,9,"no alternate charger available, gave up",1255.8410187325246,,,
Car 414,,,,,14,switch,,"Charger 14 (fid=34) not available, trying Charger 1 (fid=308702)",1256.5713873853256,1,,
Car 422,,,,4,,arrived,,arrived,1256.5768212787898,,,
Car 420,,,,,2,switch,,"Charger 2 (fid=307904) not available, trying Charger 3 (fid=307905)",1256.5930053272878,3,,
Car 421,,,,,2,switch,,"Charger 2 (fid=307904) not available, trying Charger 3 (fid=307905)",1256.7995109864921,3,,
Car 368,,,,,14,switch,,"Charger 14 (fid=34) not available, trying Charger 11 (fid=33)",1257.0399677416183,11,,
Car 403,,,,,5,switch,,"Charger 5 (fid=73) not available, trying Charger 0 (fid=308440)",1257.1389537327839,0,,
Car 390,,,,,11,switch,,"Charger 11 (fid=33) not available, trying Charger 8 (fid=32)",1257.505605720224,8,,
Car 409,,,,,14,switch,,"Charger 14 (fid=34) not available, trying Charger 11 (fid=33)",1257.7708119070821,11,,
Car 365,,,,,8,switch,,"Charger 8 (fid=32) not available, trying Charger 9 (fid=86)",1258.207536913449,9,,
Car 396,,,,,2,switch,,"Charger 2 (fid=307904) not available, trying Charger 3 (fid=307905)",1258.5107348588226,3,,
Car 404,,,,,7,switch,,"Charger 7 (fid=31) not available, trying Charger 10 (fid=30)",1258.6968366634546,10,,
Car 311,100.0,86,9,,,done,,done charging,1258.7834757389069,,,460.97053556502243
Car 392,,86,9,,,start_charge,,starting to charge at Charger 9 (fid=86),1258.7834757389069,,42.61899683721413,
Car 385,,,,,2,switch,,"Charger 2 (fid=307904) not available, trying Charger 3 (fid=307905)",1259.0432236055362,3,,
Car 415,,,,,15,switch,,"Charger 15 (fid=57) not available, trying Charger 2 (fid=307904)",1259.252910022299,2,,
Car 418,,,,,7,switch,,"Charger 7 (fid=31) not available, trying Charger 10 (fid=30)",1259.3056536280217,10,,
Car 402,,,,,14,switch,,"Charger 14 (fid=34) not available, trying Charger 1 (fid=308702)",1259.5930021947308,1,,
Car 405,,,,,10,switch,,"Charger 10 (fid=30) not available, trying Charger 14 (fid=34)",1259.6087011081345,14,,
Car 375,,,,,10,switch,,"Charger 10 (fid=30) not available, trying Charger 14 (fid=34)",1259.7339497819705,14,,
Car 416,,,,,6,switch,,"Charger 6 (fid=60) not available, trying Charger 15 (fid=57)",1260.528086749701,15,,
Car 422,,,,,6,switch,,"Charger 6 (fid=60) not available, trying Charger 2 (fid=307904)",1261.5768212787898,2,,
Car 420,,,,,3,switch,,"Charger 3 (fid=307905) not available, trying Charger 15 (fid=57)",1261.856631508852,15,,
Car 423,,,,26,,arrived,,arrived,1261.9479277424366,,,
Car 421,,,,,3,switch,,"Charger 3 (fid=307905) not available, trying Charger 0 (fid=308440)",1262.0631371680563,0,,
Car 419,,,,,12,switch,,"Charger 12 (fid=40) not available, trying Charger 5 (fid=73)",1262.124782939507,5,,
Car 411,,,,,6,switch,,"Charger 6 (fid=60) not available, trying Charger 15 (fid=57)",1262.297841103946,15,,
Car 383,,,,,1,switch,,"Charger 1 (fid=308702) not available, trying Charger 7 (fid=31)",1262.627495023363,7,,
Car 417,,,,,0,switch,,"Charger 0 (fid=308440) not available, trying Charger 15 (fid=57)",1262.6477752927897,15,,
Car 414,,,,,1,switch,,"Charger 1 (fid=308702) not available, trying Charger 11 (fid=33)",1262.7042073314572,11,,
Car 390,,,,,8,switch,,"Charger 8 (fid=32) not available, trying Charger 5 (fid=73)",1262.7747043965726,5,,
Car 424,,,,10,,arrived,,arrived,1262.8219749487105,,,
Car 313,111.0,5,13,,,done,,done charging,1262.8782026134766,,,677.6750136384807
Car 368,,,,,11,switch,,"Charger 11 (fid=33) not available, trying Charger 8 (fid=32)",1262.926483140593,8,,
Car 410,,,,,4,switch,,"Charger 4 (fid=308108) not available, trying Charger 5 (fid=73)",1263.0575303595394,5,,
Car 374,,,,,9,switch,,"Charger 9 (fid=86) not available, trying Charger 11 (fid=33)",1263.2713353211936,11,,
Car 406,,,,,10,switch,,"Charger 10 (fid=30) not available, trying Charger 14 (fid=34)",1263.3910406360433,14,,
Car 409,,,,,11,switch,,"Charger 11 (fid=33) not available, trying Charger 8 (fid=32)",1263.657327306057,8,,
Car 378,,,,,12,switch,,"Charger 12 (fid=40) not available, trying Charger 4 (fid=308108)",1263.771903673659,4,,
Car 396,,,,,3,switch,,"Charger 3 (fid=307905) not available, trying Charger 6 (fid=60)",1263.7743610403868,6,,
Car 408,,,,,10,switch,,"Charger 10 (fid=30) not available, trying Charger 14 (fid=34)",1263.9966684790274,14,,
Car 385,,,,,3,switch,,"Charger 3 (fid=307905) not available, trying Charger 12 (fid=40)",1264.3068497871004,12,,
Car 379,,,,,7,switch,,"Charger 7 (fid=31) not available, trying Charger 10 (fid=30)",1264.4797567261708,10,,
Car 404,,,,,10,switch,,"Charger 10 (fid=30) not available, trying Charger 0 (fid=308440)",1264.5215229142584,0,,
Car 386,,,,,12,switch,,"Charger 12 (fid=40) not available, trying Charger 0 (fid=308440)",1264.6194011706598,0,,
Car 405,,,,,14,switch,,"Charger 14 (fid=34) not available, trying Charger 0 (fid=308440)",1264.7954420190297,0,,
Car 375,,,,,14,switch,,"Charger 14 (fid=34) not available, trying Charger 11 (fid=33)",1264.9206906928657,11,,
Car 418,,,,,10,switch,,"Charger 10 (fid=30) not available, trying Charger 14 (fid=34)",1265.1303398788255,14,,
Car 402,,,,,1,switch,,"Charger 1 (fid=308702) not available, trying Charger 11 (fid=33)",1265.7258221408624,11,,
Car 352,85.0,308702,1,,,done,,done charging,1266.2196675796145,,,549.1228224508654
Car 425,,,,26,,arrived,,arrived,1266.317569479382,,,
Car 403,,,,,0,switch,,"Charger 0 (fid=308440) not available, trying Charger 9 (fid=86)",1266.4027327453616,9,,
Car 423,,,,,0,switch,,"Charger 0 (fid=308440) not available, trying Charger 15 (fid=57)",1266.9479277424366,15,,
Car 424,,,,,5,switch,,"Charger 5 (fid=73) not available, trying Charger 6 (fid=60)",1267.8219749487105,6,,
Car 368,,,,,,gave_up,8,"no alternate charger available, gave up",1268.1955818169417,,,
Car 415,,,,,2,switch,,"Charger 2 (fid=307904) not available, trying Charger 3 (fid=307905)",1268.231648294745,3,,
Car 383,,,,,7,switch,,"Charger 7 (fid=31) not available, trying Charger 10 (fid=30)",1268.3308966223476,10,,
Car 344,92.0,308702,1,,,done,,done charging,1268.565134323455,,,675.5797404672306
Car 406,,,,,14,switch,,"Charger 14 (fid=34) not available, trying Charger 1 (fid=308702)",1268.5777815469385,1,,
Car 409,,,,,8,switch,,"Charger 8 (fid=32) not available, trying Charger 6 (fid=60)",1268.9264259824056,6,,
Car 426,,,,124,,arrived,,arrived,1269.0820652336902,,,
Car 427,,,,57,,arrived,,arrived,1269.0824263439872,,,
Car 408,,,,,14,switch,,"Charger 14 (fid=34) not available, trying Charger 1 (fid=308702)",1269.1834093899226,1,,
Car 417,,,,,15,switch,,"Charger 15 (fid=57) not available, trying Charger 9 (fid=86)",1269.3873496082526,9,,
Car 416,,,,,15,switch,,"Charger 15 (fid=57) not available, trying Charger 12 (fid=40)",1269.4194176750616,12,,
Car 414,,,,,11,switch,,"Charger 11 (fid=33) not available, trying Charger 8 (fid=32)",1269.4658146057704,8,,
Car 406,,308702,1,,,start_charge,,starting to charge at Charger 1 (fid=308702),1269.71060149307,,40.0,
Car 379,,,,,10,switch,,"Charger 10 (fid=30) not available, trying Charger 14 (fid=34)",1270.3044429769745,14,,
Car 408,,308702,1,,,start_charge,,starting to charge at Charger 1 (fid=308702),1270.3162293360542,,40.0,
Car 418,,,,,14,switch,,"Charger 14 (fid=34) not available, trying Charger 11 (fid=33)",1270.3170807897206,11,,
Car 422,,,,,2,switch,,"Charger 2 (fid=307904) not available, trying Charger 3 (fid=307905)",1270.5789777914931,3,,
Car 375,,,,,11,switch,,"Charger 11 (fid=33) not available, trying Charger 8 (fid=32)",1270.8072060918405,8,,
Car 420,,,,,15,switch,,"Charger 15 (fid=57) not available, trying Charger 6 (fid=60)",1270.8517066129186,6,,
Car 411,,,,,15,switch,,"Charger 15 (fid=57) not available, trying Charger 5 (fid=73)",1271.1891720293065,5,,
Car 425,,,,,11,switch,,"Charger 11 (fid=33) not available, trying Charger 8 (fid=32)",1271.317569479382,8,,
Car 421,,,,,0,switch,,"Charger 0 (fid=308440) not available, trying Charger 9 (fid=86)",1271.4159614985704,9,,
Car 419,,,,,5,switch,,"Charger 5 (fid=73) not available, trying Charger 15 (fid=57)",1271.6726105048251,15,,
Car 402,,,,,11,switch,,"Charger 11 (fid=33) not available, trying Charger 8 (fid=32)",1272.4874294151757,8,,
Car 404,,,,,0,switch,,"Charger 0 (fid=308440) not available, trying Charger 14 (fid=34)",1272.5532273276146,14,,
Car 396,,,,,6,switch,,"Charger 6 (fid=60) not available, trying Charger 13 (fid=5)",1272.792854384711,13,,
Car 378,,,,,4,switch,,"Charger 4 (fid=308108) not available, trying Charger 9 (fid=86)",1272.8869954824984,9,,
Car 405,,,,,0,switch,,"Charger 0 (fid=308440) not available, trying Charger 11 (fid=33)",1272.8981335922836,11,,
Car 390,,,,,5,switch,,"Charger 5 (fid=73) not available, trying Charger 12 (fid=40)",1273.1091388549653,12,,
Car 415,,,,,3,switch,,"Charger 3 (fid=307905) not available, trying Charger 13 (fid=5)",1273.495274476309,13,,
Car 365,,,,,,gave_up,9,"no alternate charger available, gave up",1273.6064498763074,,,
Car 423,,,,,15,switch,,"Charger 15 (fid=57) not available, trying Charger 2 (fid=307904)",1273.6875020578996,2,,
Car 385,,,,,12,switch,,"Charger 12 (fid=40) not available, trying Charger 4 (fid=308108)",1273.837779208519,4,,
Car 426,,,,,0,switch,,"Charger 0 (fid=308440) not available, trying Charger 15 (fid=57)",1274.0820652336902,15,,
Car 427,,,,,15,switch,,"Charger 15 (fid=57) not available, trying Charger 0 (fid=308440)",1274.0824263439872,0,,
Car 383,,,,,10,switch,,"Charger 10 (fid=30) not available, trying Charger 14 (fid=34)",1274.1555828731514,14,,
Car 410,,,,,5,switch,,"Charger 5 (fid=73) not available, trying Charger 0 (fid=308440)",1274.2906213402243,0,,
Car 414,,,,,8,switch,,"Charger 8 (fid=32) not available, trying Charger 5 (fid=73)",1274.7349132821191,5,,
Car 377,101.0,30,10,,,done,,done charging,1275.2751945910716,,,122.23260244898765
Car 379,,,,,14,switch,,"Charger 14 (fid=34) not available, trying Charger 11 (fid=33)",1275.4911838878697,11,,
Car 386,,,,,0,switch,,"Charger 0 (fid=308440) not available, trying Charger 2 (fid=307904)",1275.7699226209193,2,,
Car 422,,,,,3,switch,,"Charger 3 (fid=307905) not available, trying Charger 15 (fid=57)",1275.8426039730573,15,,
Car 424,,,,,6,switch,,"Charger 6 (fid=60) not available, trying Charger 13 (fid=5)",1275.8511639702301,13,,
Car 375,,,,,,gave_up,8,"no alternate charger available, gave up",1276.0763047681892,,,
Car 418,,,,,11,switch,,"Charger 11 (fid=33) not available, trying Charger 8 (fid=32)",1276.2035961886954,8,,
Car 425,,,,,8,switch,,"Charger 8 (fid=32) not available, trying Charger 10 (fid=30)",1276.5866681557306,10,,
Car 396,,5,13,,,start_charge,,starting to charge at Charger 13 (fid=5),1277.3967782943944,,60.0,
Car 425,,30,10,,,start_charge,,starting to charge at Charger 10 (fid=30),1277.4189878943366,,10.0,
Car 402,,,,,8,switch,,"Charger 8 (fid=32) not available, trying Charger 5 (fid=73)",1277.7565280915244,5,,
Car 403,,,,,9,switch,,"Charger 9 (fid=86) not available, trying Charger 1 (fid=308702)",1278.5660937958935,1,,
Car 374,,,,,11,switch,,"Charger 11 (fid=33) not available, trying Charger 8 (fid=32)",1278.6534567845229,8,,
Car 411,,,,,5,switch,,"Charger 5 (fid=73) not available, trying Charger 0 (fid=308440)",1279.056055198709,0,,
Car 383,,,,,14,switch,,"Charger 14 (fid=34) not available, trying Charger 9 (fid=86)",1279.3423237840466,9,,
Car 419,,,,,15,switch,,"Charger 15 (fid=57) not available, trying Charger 2 (fid=307904)",1279.5394936742275,2,,
Car 420,,,,,6,switch,,"Charger 6 (fid=60) not available, trying Charger 0 (fid=308440)",1279.7430375382792,0,,
Car 416,,,,,12,switch,,"Charger 12 (fid=40) not available, trying Charger 1 (fid=308702)",1279.8334345184246,1,,
Car 378,,,,,,gave_up,9,"no alternate charger available, gave up",1280.2599255188688,,,
Car 384,110.0,73,5,,,done,,done charging,1280.2999815563408,,,62.537028395157705
Car 414,,73,5,,,start_charge,,starting to charge at Charger 5 (fid=73),1280.2999815563408,,40.230633815828924,
Car 404,,,,,14,switch,,"Charger 14 (fid=34) not available, trying Charger 11 (fid=33)",1280.6559189008685,11,,
Car 426,,,,,15,switch,,"Charger 15 (fid=57) not available, trying Charger 7 (fid=31)",1280.8216395491531,7,,
Car 427,,,,,0,switch,,"Charger 0 (fid=308440) not available, trying Charger 5 (fid=73)",1280.8220006594502,5,,
Car 409,,,,,6,switch,,"Charger 6 (fid=60) not available, trying Charger 0 (fid=308440)",1281.0042411533118,0,,
Car 417,,,,,9,switch,,"Charger 9 (fid=86) not available, trying Charger 6 (fid=60)",1281.1929614323371,6,,
Car 379,,,,,11,switch,,"Charger 11 (fid=33) not available, trying Charger 8 (fid=32)",1281.3776992868445,8,,
Car 418,,,,,8,switch,,"Charger 8 (fid=32) not available, trying Charger 15 (fid=57)",1281.472694865044,15,,
Car 405,,,,,11,switch,,"Charger 11 (fid=33) not available, trying Charger 8 (fid=32)",1281.6296124937192,8,,
Car 390,,,,,12,switch,,"Charger 12 (fid=40) not available, trying Charger 9 (fid=86)",1282.6569664202834,9,,
Car 423,,,,,2,switch,,"Charger 2 (fid=307904) not available, trying Charger 3 (fid=307905)",1282.6662403303455,3,,
Car 385,,,,,4,switch,,"Charger 4 (fid=308108) not available, trying Charger 9 (fid=86)",1282.9528710173583,9,,
Car 428,,,,61,,arrived,,arrived,1283.200980331994,,,
Car 410,,,,,0,switch,,"Charger 0 (fid=308440) not available, trying Charger 9 (fid=86)",1283.554400352802,9,,
Car 421,,,,,9,switch,,"Charger 9 (fid=86) not available, trying Charger 15 (fid=57)",1283.5793225491022,15,,
Car 374,,,,,,gave_up,8,"no alternate charger available, gave up",1283.9225554608715,,,
Car 429,,,,72,,arrived,,arrived,1284.6684117772488,,,
Car 422,,,,,15,switch,,"Charger 15 (fid=57) not available, trying Charger 12 (fid=40)",1284.837679077124,12,,
Car 386,,,,,2,switch,,"Charger 2 (fid=307904) not available, trying Charger 3 (fid=307905)",1285.1064101198126,3,,
Car 424,,,,,13,switch,,"Charger 13 (fid=5) not available, trying Charger 12 (fid=40)",1285.4550878799134,12,,
Car 415,,,,,13,switch,,"Charger 13 (fid=5) not available, trying Charger 0 (fid=308440)",1285.674918148231,0,,
Car 404,,,,,11,switch,,"Charger 11 (fid=33) not available, trying Charger 8 (fid=32)",1286.5424342998433,8,,
Car 379,,,,,,gave_up,8,"no alternate charger available, gave up",1286.6467979631932,,,
Car 405,,,,,8,switch,,"Charger 8 (fid=32) not available, trying Charger 12 (fid=40)",1286.8987111700678,12,,
Car 400,55.0,73,5,,,done,,done charging,1286.9383075671612,,,370.9280935506263
Car 402,,73,5,,,start_charge,,starting to charge at Charger 5 (fid=73),1286.9383075671612,,58.84734501724415,
Car 349,90.0,308440,0,,,done,,done charging,1287.1099653662923,,,473.7175114866899
Car 411,,308440,0,,,start_charge,,starting to charge at Charger 0 (fid=308440),1287.1099653662923,,43.79013115500561,
Car 423,,,,,3,switch,,"Charger 3 (fid=307905) not available, trying Charger 7 (fid=31)",1287.9298665119097,7,,
Car 428,,,,,6,switch,,"Charger 6 (fid=60) not available, trying Charger 12 (fid=40)",1288.200980331994,12,,
Car 430,,,,54,,arrived,,arrived,1288.253352542884,,,
Car 419,,,,,2,switch,,"Charger 2 (fid=307904) not available, trying Charger 3 (fid=307905)",1288.5182319466735,3,,
Car 371,63.0,33,11,,,done,,done charging,1288.6542249403635,,,402.9210165811636
Car 420,,,,,0,switch,,"Charger 0 (fid=308440) not available, trying Charger 9 (fid=86)",1289.3708730705362,9,,
Car 426,,,,,7,switch,,"Charger 7 (fid=31) not available, trying Charger 10 (fid=30)",1289.5700627695392,10,,
Car 429,,,,,15,switch,,"Charger 15 (fid=57) not available, trying Charger 0 (fid=308440)",1289.6684117772488,0,,
Car 376,73.0,57,15,,,done,,done charging,1290.0349325170637,,,442.74451414058905
Car 418,,57,15,,,start_charge,,starting to charge at Charger 15 (fid=57),1290.0349325170637,,33.73881725677575,
Car 427,,,,,5,switch,,"Charger 5 (fid=73) not available, trying Charger 1 (fid=308702)",1290.085779672028,1,,
Car 385,,,,,,gave_up,9,"no alternate charger available, gave up",1290.3258010537288,,,
Car 386,,,,,3,switch,,"Charger 3 (fid=307905) not available, trying Charger 4 (fid=308108)",1290.3700363013768,4,,
Car 398,73.0,30,10,,,done,,done charging,1290.4972589593706,,,166.45866948617444
Car 426,,30,10,,,start_charge,,starting to charge at Charger 10 (fid=30),1290.4972589593706,,15.102509939027641,
Car 409,,,,,0,switch,,"Charger 0 (fid=308440) not available, trying Charger 12 (fid=40)",1290.6320766855688,12,,
Car 317,102.0,32,8,,,done,,done charging,1291.725398758666,,,568.4279463552964
Car 404,,32,8,,,start_charge,,starting to charge at Charger 8 (fid=32),1291.725398758666,,59.91386578247398,
Car 363,45.0,308108,4,,,done,,done charging,1291.9458083755394,,,617.8893709329197
Car 416,,,,,1,switch,,"Charger 1 (fid=308702) not available, trying Charger 7 (fid=31)",1292.0205730558835,7,,
Car 417,,,,,6,switch,,"Charger 6 (fid=60) not available, trying Charger 4 (fid=308108)",1292.216779724677,4,,
Car 373,68.0,60,6,,,done,,done charging,1292.5737674589434,,,417.08775490550937
Car 403,,,,,1,switch,,"Charger 1 (fid=308702) not available, trying Charger 13 (fid=5)",1292.8807467256775,13,,
Car 430,,,,,15,switch,,"Charger 15 (fid=57) not available, trying Charger 0 (fid=308440)",1293.253352542884,0,,
Car 390,,,,,9,switch,,"Charger 9 (fid=86) not available, trying Charger 13 (fid=5)",1293.540906453315,13,,
Car 419,,,,,3,switch,,"Charger 3 (fid=307905) not available, trying Charger 13 (fid=5)",1293.7818581282377,13,,
Car 386,,308108,4,,,start_charge,,starting to charge at Charger 4 (fid=308108),1293.8925061476289,,70.0,
Car 394,45.0,34,14,,,done,,done charging,1294.070172645073,,,346.91146898451643
Car 383,,,,,9,switch,,"Charger 9 (fid=86) not available, trying Charger 11 (fid=33)",1294.095657919194,11,,
Car 422,,,,,12,switch,,"Charger 12 (fid=40) not available, trying Charger 4 (fid=308108)",1295.251695920487,4,,
Car 421,,,,,15,switch,,"Charger 15 (fid=57) not available, trying Charger 6 (fid=60)",1295.3849343731868,6,,
Car 388,115.0,32,8,,,done,,done charging,1295.4524060112356,,,94.67184971733762
Car 428,,,,,12,switch,,"Charger 12 (fid=40) not available, trying Charger 5 (fid=73)",1295.5293220737967,5,,
Car 410,,,,,9,switch,,"Charger 9 (fid=86) not available, trying Charger 1 (fid=308702)",1295.717761403334,1,,
Car 415,,,,,0,switch,,"Charger 0 (fid=308440) not available, trying Charger 4 (fid=308108)",1296.232101458698,4,,
Car 429,,,,,0,switch,,"Charger 0 (fid=308440) not available, trying Charger 7 (fid=31)",1296.4079860927118,7,,
Car 424,,,,,12,switch,,"Charger 12 (fid=40) not available, trying Charger 15 (fid=57)",1296.5776503333952,15,,
Car 431,,,,56,,arrived,,arrived,1296.7062518594917,,,
Car 432,,,,30,,arrived,,arrived,1297.0440254208604,,,
Car 381,91.0,40,12,,,done,,done charging,1297.1019880827096,,,343.357386976949
Car 405,,40,12,,,start_charge,,starting to charge at Charger 12 (fid=40),1297.1019880827096,,56.602775823733054,
Car 416,,,,,7,switch,,"Charger 7 (fid=31) not available, trying Charger 10 (fid=30)",1297.723974654868,10,,
Car 433,,,,10,,arrived,,arrived,1297.7979774731002,,,
Car 361,95.0,5,13,,,done,,done charging,1298.822351503992,,,595.0696088274275
Car 403,,5,13,,,start_charge,,starting to charge at Charger 13 (fid=5),1298.822351503992,,52.38649142089457,
Car 427,,,,,1,switch,,"Charger 1 (fid=308702) not available, trying Charger 7 (fid=31)",1299.006851578971,7,,
Car 421,,60,6,,,start_charge,,starting to charge at Charger 6 (fid=60),1299.2762652985473,,25.0,
Car 393,51.0,34,14,,,done,,done charging,1299.523960081668,,,341.0144122455821
Car 423,,,,,7,switch,,"Charger 7 (fid=31) not available, trying Charger 6 (fid=60)",1299.643278445754,6,,
Car 430,,,,,0,switch,,"Charger 0 (fid=308440) not available, trying Charger 5 (fid=73)",1299.992926858347,5,,
Car 434,,,,15,,arrived,,arrived,1300.412628515972,,,
Car 417,,,,,4,switch,,"Charger 4 (fid=308108) not available, trying Charger 7 (fid=31)",1301.4393480858557,7,,
Car 420,,,,,9,switch,,"Charger 9 (fid=86) not available, trying Charger 4 (fid=308108)",1301.534234121068,4,,
Car 431,,,,,15,switch,,"Charger 15 (fid=57) not available, trying Charger 0 (fid=308440)",1301.7062518594917,0,,
Car 409,,,,,12,switch,,"Charger 12 (fid=40) not available, trying Charger 2 (fid=307904)",1301.7825981358283,2,,
Car 432,,,,,15,switch,,"Charger 15 (fid=57) not available, trying Charger 0 (fid=308440)",1302.0440254208604,0,,
Car 433,,,,,5,switch,,"Charger 5 (fid=73) not available, trying Charger 6 (fid=60)",1302.7979774731002,6,,
Car 416,,,,,10,switch,,"Charger 10 (fid=30) not available, trying Charger 0 (fid=308440)",1303.5486609056718,0,,
Car 429,,,,,7,switch,,"Charger 7 (fid=31) not available, trying Charger 5 (fid=73)",1304.2812921846803,5,,
Car 422,,,,,4,switch,,"Charger 4 (fid=308108) not available, trying Charger 5 (fid=73)",1304.3667877293265,5,,
Car 383,,33,11,,,start_charge,,starting to charge at Charger 11 (fid=33),1304.4777793825233,,70.0,
Car 427,,,,,7,switch,,"Charger 7 (fid=31) not available, trying Charger 6 (fid=60)",1304.7102531779556,6,,
Car 428,,,,,5,switch,,"Charger 5 (fid=73) not available, trying Charger 15 (fid=57)",1305.0771496391149,15,,
Car 434,,,,,15,switch,,"Charger 15 (fid=57) not available, trying Charger 0 (fid=308440)",1305.412628515972,0,,
Car 419,,,,,13,switch,,"Charger 13 (fid=5) not available, trying Charger 0 (fid=308440)",1305.9615018001596,0,,
Car 424,,,,,15,switch,,"Charger 15 (fid=57) not available, trying Charger 1 (fid=308702)",1306.9916671767583,1,,
Car 390,,,,,13,switch,,"Charger 13 (fid=5) not available, trying Charger 4 (fid=308108)",1308.149982253325,4,,
Car 431,,,,,0,switch,,"Charger 0 (fid=308440) not available, trying Charger 5 (fid=73)",1308.4458261749546,5,,
Car 415,,,,,4,switch,,"Charger 4 (fid=308108) not available, trying Charger 1 (fid=308702)",1308.5935605017457,1,,
Car 432,,,,,0,switch,,"Charger 0 (fid=308440) not available, trying Charger 2 (fid=307904)",1308.7835997363234,2,,
Car 420,,,,,4,switch,,"Charger 4 (fid=308108) not available, trying Charger 12 (fid=40)",1308.9071641574385,12,,
Car 430,,,,,5,switch,,"Charger 5 (fid=73) not available, trying Charger 1 (fid=308702)",1309.2567058709246,1,,
Car 410,,,,,1,switch,,"Charger 1 (fid=308702) not available, trying Charger 13 (fid=5)",1310.032414333118,13,,
Car 372,61.0,86,9,,,done,,done charging,1310.2737003099392,,,593.3970601402859
Car 423,,,,,6,switch,,"Charger 6 (fid=60) not available, trying Charger 10 (fid=30)",1310.6460964418025,10,,
Car 433,,,,,6,switch,,"Charger 6 (fid=60) not available, trying Charger 13 (fid=5)",1310.8271664946199,13,,
Car 409,,,,,2,switch,,"Charger 2 (fid=307904) not available, trying Charger 3 (fid=307905)",1311.2971907256258,3,,
Car 416,,,,,0,switch,,"Charger 0 (fid=308440) not available, trying Charger 14 (fid=34)",1311.580365319028,14,,
Car 434,,,,,0,switch,,"Charger 0 (fid=308440) not available, trying Charger 2 (fid=307904)",1312.152202831435,2,,
Car 428,,,,,15,switch,,"Charger 15 (fid=57) not available, trying Charger 4 (fid=308108)",1312.9440328085172,4,,
Car 429,,,,,5,switch,,"Charger 5 (fid=73) not available, trying Charger 10 (fid=30)",1313.5407294682152,10,,
Car 397,95.0,31,7,,,done,,done charging,1314.2864213476234,,,312.2436542581524
Car 417,,31,7,,,start_charge,,starting to charge at Charger 7 (fid=31),1314.2864213476234,,39.11063175492859,
Car 416,,34,14,,,start_charge,,starting to charge at Charger 14 (fid=34),1314.683056892282,,45.0,
Car 424,,,,,1,switch,,"Charger 1 (fid=308702) not available, trying Charger 0 (fid=308440)",1315.4017250205522,0,,
Car 422,,,,,5,switch,,"Charger 5 (fid=73) not available, trying Charger 0 (fid=308440)",1315.5998787100114,0,,
Car 427,,,,,6,switch,,"Charger 6 (fid=60) not available, trying Charger 2 (fid=307904)",1315.713071174004,2,,
Car 419,,,,,0,switch,,"Charger 0 (fid=308440) not available, trying Charger 4 (fid=308108)",1316.5186851106266,4,,
Car 409,,,,,3,switch,,"Charger 3 (fid=307905) not available, trying Charger 4 (fid=308108)",1316.56081690719,4,,
Car 347,120.0,31,7,,,done,,done charging,1316.6810407659275,,,627.9896487827845
Car 431,,,,,5,switch,,"Charger 5 (fid=73) not available, trying Charger 1 (fid=308702)",1317.7096051875324,1,,
Car 420,,,,,12,switch,,"Charger 12 (fid=40) not available, trying Charger 5 (fid=73)",1318.022255966278,5,,
Car 432,,,,,2,switch,,"Charger 2 (fid=307904) not available, trying Charger 3 (fid=307905)",1318.1200872352167,3,,
Car 430,,,,,1,switch,,"Charger 1 (fid=308702) not available, trying Charger 7 (fid=31)",1318.1777777778677,7,,
Car 410,,,,,13,switch,,"Charger 13 (fid=5) not available, trying Charger 7 (fid=31)",1318.5875276905379,7,,
Car 430,,31,7,,,start_charge,,starting to charge at Charger 7 (fid=31),1318.8811793768523,,20.0,
Car 435,,,,26,,arrived,,arrived,1319.202355453121,,,
Car 407,83.0,60,6,,,done,,done charging,1319.5094580335394,,,268.66360564947826
Car 433,,,,,13,switch,,"Charger 13 (fid=5) not available, trying Charger 12 (fid=40)",1320.4310904043032,12,,
Car 390,,,,,,gave_up,4,"no alternate charger available, gave up",1320.957808122174,,,
Car 434,,,,,2,switch,,"Charger 2 (fid=307904) not available, trying Charger 3 (fid=307905)",1321.4886903303284,3,,
Car 415,,,,,1,switch,,"Charger 1 (fid=308702) not available, trying Charger 7 (fid=31)",1321.991636631993,7,,
Car 423,,,,,10,switch,,"Charger 10 (fid=30) not available, trying Charger 14 (fid=34)",1322.0073456251002,14,,
Car 423,,34,14,,,start_charge,,starting to charge at Charger 14 (fid=34),1322.1940865359954,,35.0,
Car 429,,,,,10,switch,,"Charger 10 (fid=30) not available, trying Charger 14 (fid=34)",1323.1585979389995,14,,
Car 432,,,,,3,switch,,"Charger 3 (fid=307905) not available, trying Charger 5 (fid=73)",1323.383713416781,5,,
Car 424,,,,,0,switch,,"Charger 0 (fid=308440) not available, trying Charger 7 (fid=31)",1323.5121776479507,7,,
Car 391,105.0,33,11,,,done,,done charging,1323.8129250311608,,,318.6159350503282
Car 435,,,,,0,switch,,"Charger 0 (fid=308440) not available, trying Charger 15 (fid=57)",1324.202355453121,15,,
Car 428,,,,,4,switch,,"Charger 4 (fid=308108) not available, trying Charger 2 (fid=307904)",1324.5689872446687,2,,
Car 427,,,,,2,switch,,"Charger 2 (fid=307904) not available, trying Charger 3 (fid=307905)",1324.7152276867073,3,,
Car 422,,,,,0,switch,,"Charger 0 (fid=308440) not available, trying Charger 9 (fid=86)",1324.863657722589,9,,
Car 409,,,,,4,switch,,"Charger 4 (fid=308108) not available, trying Charger 9 (fid=86)",1325.083286753442,9,,
Car 431,,,,,1,switch,,"Charger 1 (fid=308702) not available, trying Charger 7 (fid=31)",1326.6306770944755,7,,
Car 434,,,,,3,switch,,"Charger 3 (fid=307905) not available, trying Charger 6 (fid=60)",1326.7523165118926,6,,
Car 399,88.0,307904,2,,,done,,done charging,1326.9090577943507,,,470.84296197949635
Car 410,,,,,7,switch,,"Charger 7 (fid=31) not available, trying Charger 10 (fid=30)",1327.3810307112385,10,,
Car 409,,86,9,,,start_charge,,starting to charge at Charger 9 (fid=86),1327.4562167898125,,75.0,
Car 420,,,,,5,switch,,"Charger 5 (fid=73) not available, trying Charger 1 (fid=308702)",1327.570083531596,1,,
Car 415,,,,,7,switch,,"Charger 7 (fid=31) not available, trying Charger 10 (fid=30)",1327.6950382309776,10,,
Car 428,,307904,2,,,start_charge,,starting to charge at Charger 2 (fid=307904),1328.0751202593,,25.0,
Car 389,100.0,308108,4,,,done,,done charging,1328.0984256774175,,,351.73994448617884
Car 419,,308108,4,,,start_charge,,starting to charge at Charger 4 (fid=308108),1328.0984256774175,,44.218281523743144,
Car 429,,,,,14,switch,,"Charger 14 (fid=34) not available, trying Charger 1 (fid=308702)",1328.3453388498947,1,,
Car 427,,,,,3,switch,,"Charger 3 (fid=307905) not available, trying Charger 13 (fid=5)",1329.9788538682715,13,,
Car 434,,60,6,,,start_charge,,starting to charge at Charger 6 (fid=60),1330.7708098562168,,20.0,
Car 435,,,,,15,switch,,"Charger 15 (fid=57) not available, trying Charger 2 (fid=307904)",1330.941929768584,2,,
Car 424,,,,,7,switch,,"Charger 7 (fid=31) not available, trying Charger 11 (fid=33)",1331.3854837399192,11,,
Car 433,,,,,12,switch,,"Charger 12 (fid=40) not available, trying Charger 15 (fid=57)",1331.553652857785,15,,
Car 431,,,,,7,switch,,"Charger 7 (fid=31) not available, trying Charger 10 (fid=30)",1332.33407869346,10,,
Car 424,,33,11,,,start_charge,,starting to charge at Charger 11 (fid=33),1332.9099444788026,,40.0,
Car 410,,,,,10,switch,,"Charger 10 (fid=30) not available, trying Charger 14 (fid=34)",1333.2057169620423,14,,
Car 415,,,,,10,switch,,"Charger 10 (fid=30) not available, trying Charger 14 (fid=34)",1333.5197244817814,14,,
Car 432,,,,,5,switch,,"Charger 5 (fid=73) not available, trying Charger 6 (fid=60)",1334.0298317882405,6,,
Car 429,,,,,1,switch,,"Charger 1 (fid=308702) not available, trying Charger 2 (fid=307904)",1334.4781587960263,2,,
Car 420,,,,,1,switch,,"Charger 1 (fid=308702) not available, trying Charger 7 (fid=31)",1336.4911554385392,7,,
Car 422,,,,,9,switch,,"Charger 9 (fid=86) not available, trying Charger 1 (fid=308702)",1337.027018773121,1,,
Car 392,79.0,86,9,,,done,,done charging,1337.7834757389069,,,410.45045892094447
Car 431,,,,,10,switch,,"Charger 10 (fid=30) not available, trying Charger 14 (fid=34)",1338.1587649442638,14,,
Car 410,,,,,14,switch,,"Charger 14 (fid=34) not available, trying Charger 11 (fid=33)",1338.3924578729375,11,,
Car 415,,,,,14,switch,,"Charger 14 (fid=34) not available, trying Charger 9 (fid=86)",1338.7064653926766,9,,
Car 406,70.0,308702,1,,,done,,done charging,1339.71060149307,,,341.4823797695389
Car 435,,,,,2,switch,,"Charger 2 (fid=307904) not available, trying Charger 3 (fid=307905)",1339.92066804103,3,,
Car 436,,,,4,,arrived,,arrived,1340.8000785983982,,,
Car 401,86.0,307905,3,,,done,,done charging,1341.1989288672353,,,394.32328437839647
Car 435,,307905,3,,,start_charge,,starting to charge at Charger 3 (fid=307905),1341.1989288672353,,16.01463464464109,
Car 433,,,,,15,switch,,"Charger 15 (fid=57) not available, trying Charger 1 (fid=308702)",1341.967669701148,1,,
Car 432,,,,,6,switch,,"Charger 6 (fid=60) not available, trying Charger 7 (fid=31)",1342.05902080976,7,,
Car 427,,,,,13,switch,,"Charger 13 (fid=5) not available, trying Charger 10 (fid=30)",1342.1584975401934,10,,
Car 420,,,,,7,switch,,"Charger 7 (fid=31) not available, trying Charger 10 (fid=30)",1342.1945570375237,10,,
Car 437,,,,73,,arrived,,arrived,1343.0048443898932,,,
Car 431,,,,,14,switch,,"Charger 14 (fid=34) not available, trying Charger 2 (fid=307904)",1343.345505855159,2,,
Car 410,,,,,11,switch,,"Charger 11 (fid=33) not available, trying Charger 8 (fid=32)",1344.2789732719123,8,,
Car 410,,32,8,,,start_charge,,starting to charge at Charger 8 (fid=32),1344.548071948261,,75.0,
Car 386,51.0,308108,4,,,done,,done charging,1344.8925061476289,,,655.9173277300296
Car 433,,308702,1,,,start_charge,,starting to charge at Charger 1 (fid=308702),1345.377727544942,,25.0,
Car 436,,,,,13,switch,,"Charger 13 (fid=5) not available, trying Charger 5 (fid=73)",1345.8000785983982,5,,
Car 429,,,,,2,switch,,"Charger 2 (fid=307904) not available, trying Charger 3 (fid=307905)",1345.9659381741717,3,,
Car 412,103.0,40,12,,,done,,done charging,1346.5184905285082,,,290.4439689370899
Car 437,,,,,5,switch,,"Charger 5 (fid=73) not available, trying Charger 13 (fid=5)",1348.0048443898932,13,,
Car 420,,,,,10,switch,,"Charger 10 (fid=30) not available, trying Charger 14 (fid=34)",1348.0192432883275,14,,
Car 438,,,,45,,arrived,,arrived,1348.0313049022843,,,
Car 415,,86,9,,,start_charge,,starting to charge at Charger 9 (fid=86),1348.459799527824,,65.0,
Car 413,101.0,57,15,,,done,,done charging,1348.745247841426,,,299.60881247267764
Car 439,,,,10,,arrived,,arrived,1349.4191806514548,,,
Car 429,,,,,3,switch,,"Charger 3 (fid=307905) not available, trying Charger 6 (fid=60)",1351.2295643557359,6,,
Car 422,,,,,1,switch,,"Charger 1 (fid=308702) not available, trying Charger 13 (fid=5)",1351.341671702905,13,,
Car 427,,,,,10,switch,,"Charger 10 (fid=30) not available, trying Charger 14 (fid=34)",1351.4104074614545,14,,
Car 440,,,,10,,arrived,,arrived,1352.9486259739067,,,
Car 438,,,,,6,switch,,"Charger 6 (fid=60) not available, trying Charger 12 (fid=40)",1353.0313049022843,12,,
Car 432,,,,,7,switch,,"Charger 7 (fid=31) not available, trying Charger 10 (fid=30)",1353.0618388058085,10,,
Car 420,,,,,14,switch,,"Charger 14 (fid=34) not available, trying Charger 13 (fid=5)",1353.2059841992227,13,,
Car 436,,,,,5,switch,,"Charger 5 (fid=73) not available, trying Charger 1 (fid=308702)",1353.2651496846688,1,,
Car 387,111.0,308440,0,,,done,,done charging,1353.6067123116954,,,584.4103046453392
Car 418,64.0,57,15,,,done,,done charging,1354.0349325170637,,,262.8030622899194
Car 439,,,,,5,switch,,"Charger 5 (fid=73) not available, trying Charger 6 (fid=60)",1354.4191806514548,6,,
Car 431,,,,,2,switch,,"Charger 2 (fid=307904) not available, trying Charger 3 (fid=307905)",1355.271966438668,3,,
Car 438,,40,12,,,start_charge,,starting to charge at Charger 12 (fid=40),1355.359646644087,,5.0,
Car 437,,,,,13,switch,,"Charger 13 (fid=5) not available, trying Charger 15 (fid=57)",1355.4699154761638,15,,
Car 427,,,,,14,switch,,"Charger 14 (fid=34) not available, trying Charger 11 (fid=33)",1356.5971483723497,11,,
Car 441,,,,37,,arrived,,arrived,1356.6071845743734,,,
Car 425,80.0,30,10,,,done,,done charging,1357.4189878943366,,,100.65933113698794
Car 432,,30,10,,,start_charge,,starting to charge at Charger 10 (fid=30),1357.4189878943366,,38.532462837724324,
Car 442,,,,66,,arrived,,arrived,1357.9387584033232,,,
Car 440,,,,,5,switch,,"Charger 5 (fid=73) not available, trying Charger 6 (fid=60)",1357.9486259739067,6,,
Car 437,,57,15,,,start_charge,,starting to charge at Charger 15 (fid=57),1359.5555007821138,,10.0,
Car 422,,,,,13,switch,,"Charger 13 (fid=5) not available, trying Charger 7 (fid=31)",1359.8967850603249,7,,
Car 429,,,,,6,switch,,"Charger 6 (fid=60) not available, trying Charger 11 (fid=33)",1360.2480577000601,11,,
Car 431,,,,,3,switch,,"Charger 3 (fid=307905) not available, trying Charger 6 (fid=60)",1360.5355926202321,6,,
Car 441,,,,,5,switch,,"Charger 5 (fid=73) not available, trying Charger 13 (fid=5)",1361.6071845743734,13,,
Car 436,,,,,1,switch,,"Charger 1 (fid=308702) not available, trying Charger 7 (fid=31)",1362.186221591612,7,,
Car 439,,,,,6,switch,,"Charger 6 (fid=60) not available, trying Charger 13 (fid=5)",1362.4483696729744,13,,
Car 427,,,,,11,switch,,"Charger 11 (fid=33) not available, trying Charger 8 (fid=32)",1362.4836637713245,8,,
Car 420,,,,,13,switch,,"Charger 13 (fid=5) not available, trying Charger 11 (fid=33)",1362.5288812803817,11,,
Car 442,,,,,6,switch,,"Charger 6 (fid=60) not available, trying Charger 12 (fid=40)",1362.9387584033232,12,,
Car 408,94.0,308702,1,,,done,,done charging,1364.3162293360542,,,341.4823797695389
Car 440,,,,,6,switch,,"Charger 6 (fid=60) not available, trying Charger 13 (fid=5)",1365.9778149954263,13,,
Car 443,,,,73,,arrived,,arrived,1366.5851939219806,,,
Car 427,,,,,8,switch,,"Charger 8 (fid=32) not available, trying Charger 12 (fid=40)",1367.7527624476731,12,,
Car 436,,,,,7,switch,,"Charger 7 (fid=31) not available, trying Charger 15 (fid=57)",1367.8896231905965,15,,
Car 422,,,,,7,switch,,"Charger 7 (fid=31) not available, trying Charger 10 (fid=30)",1368.6902880810255,10,,
Car 441,,,,,13,switch,,"Charger 13 (fid=5) not available, trying Charger 15 (fid=57)",1369.072255660644,15,,
Car 431,,,,,6,switch,,"Charger 6 (fid=60) not available, trying Charger 13 (fid=5)",1369.5540859645564,13,,
Car 416,55.0,34,14,,,done,,done charging,1369.683056892282,,,467.89090605566093
Car 442,,,,,12,switch,,"Charger 12 (fid=40) not available, trying Charger 5 (fid=73)",1370.2671001451258,5,,
Car 417,57.0,31,7,,,done,,done charging,1371.2864213476234,,,628.1920627679822
Car 420,,,,,11,switch,,"Charger 11 (fid=33) not available, trying Charger 8 (fid=32)",1371.3335273993202,8,,
Car 443,,,,,5,switch,,"Charger 5 (fid=73) not available, trying Charger 13 (fid=5)",1371.5851939219806,13,,
Car 436,,57,15,,,start_charge,,starting to charge at Charger 15 (fid=57),1371.6380464109825,,20.0,
Car 439,,,,,13,switch,,"Charger 13 (fid=5) not available, trying Charger 12 (fid=40)",1372.0522935826577,12,,
Car 429,,,,,11,switch,,"Charger 11 (fid=33) not available, trying Charger 8 (fid=32)",1372.3090813714373,8,,
Car 444,,,,7,,arrived,,arrived,1372.8765969247345,,,
Car 444,,308108,4,,,start_charge,,starting to charge at Charger 4 (fid=308108),1372.8765969247345,,0.0,
Car 402,86.0,73,5,,,done,,done charging,1372.9383075671612,,,434.72558246903264
Car 422,,,,,10,switch,,"Charger 10 (fid=30) not available, trying Charger 14 (fid=34)",1374.5149743318293,14,,
Car 422,,34,14,,,start_charge,,starting to charge at Charger 14 (fid=34),1374.7017152427245,,65.0,
Car 442,,73,5,,,start_charge,,starting to charge at Charger 5 (fid=73),1374.814927710444,,10.0,
Car 426,85.0,30,10,,,done,,done charging,1375.4972589593706,,,257.2208102796065
Car 440,,,,,13,switch,,"Charger 13 (fid=5) not available, trying Charger 12 (fid=40)",1375.5817389051097,12,,
Car 396,99.0,5,13,,,done,,done charging,1376.3967782943944,,,466.33762406727806
Car 443,,5,13,,,start_charge,,starting to charge at Charger 13 (fid=5),1376.3967782943944,,7.346513286143136,
Car 420,,,,,,gave_up,8,"no alternate charger available, gave up",1376.602626075669,,,
Car 414,97.0,73,5,,,done,,done charging,1377.2999815563408,,,369.8002828521149
Car 429,,,,,8,switch,,"Charger 8 (fid=32) not available, trying Charger 13 (fid=5)",1377.578180047786,13,,
Car 441,,,,,15,switch,,"Charger 15 (fid=57) not available, trying Charger 1 (fid=308702)",1378.157840966594,1,,
Car 431,,,,,13,switch,,"Charger 13 (fid=5) not available, trying Charger 11 (fid=33)",1379.1580098742397,11,,
Car 427,,,,,12,switch,,"Charger 12 (fid=40) not available, trying Charger 4 (fid=308108)",1381.3532635365818,4,,
Car 441,,308702,1,,,start_charge,,starting to charge at Charger 1 (fid=308702),1381.567898810388,,15.0,
Car 439,,,,,12,switch,,"Charger 12 (fid=40) not available, trying Charger 15 (fid=57)",1383.1748560361395,15,,
Car 404,92.0,32,8,,,done,,done charging,1383.725398758666,,,486.492068205467
Car 429,,,,,13,switch,,"Charger 13 (fid=5) not available, trying Charger 12 (fid=40)",1386.3996176662533,12,,
Car 440,,,,,12,switch,,"Charger 12 (fid=40) not available, trying Charger 15 (fid=57)",1386.7043013585915,15,,
Car 445,,,,67,,arrived,,arrived,1387.4594275516952,,,
Car 383,83.0,33,11,,,done,,done charging,1387.4777793825233,,,567.0292144445324
Car 431,,33,11,,,start_charge,,starting to charge at Charger 11 (fid=33),1387.4777793825233,,59.515123389345035,
Car 434,57.0,60,6,,,done,,done charging,1387.7708098562168,,,257.9540545897342
Car 423,68.0,34,14,,,done,,done charging,1390.1940865359954,,,335.8792445881844
Car 427,,,,,4,switch,,"Charger 4 (fid=308108) not available, trying Charger 9 (fid=86)",1390.4683553454213,9,,
Car 433,47.0,308702,1,,,done,,done charging,1392.377727544942,,,467.7720560242048
Car 445,,,,,15,switch,,"Charger 15 (fid=57) not available, trying Charger 1 (fid=308702)",1392.4594275516952,1,,
Car 439,,,,,15,switch,,"Charger 15 (fid=57) not available, trying Charger 1 (fid=308702)",1393.5888728795026,1,,
Car 445,,308702,1,,,start_charge,,starting to charge at Charger 1 (fid=308702),1395.8694853954892,,5.0,
Car 440,,,,,15,switch,,"Charger 15 (fid=57) not available, trying Charger 1 (fid=308702)",1397.1183182019545,1,,
Car 429,,,,,12,switch,,"Charger 12 (fid=40) not available, trying Charger 4 (fid=308108)",1397.5221801197351,4,,
Car 427,,,,,,gave_up,9,"no alternate charger available, gave up",1397.8412853817917,,,
Car 419,72.0,308108,4,,,done,,done charging,1400.0984256774175,,,363.98650598659793
Car 446,,,,38,,arrived,,arrived,1400.271922789725,,,
Car 429,,308108,4,,,start_charge,,starting to charge at Charger 4 (fid=308108),1401.6372719285746,,70.0,
Car 439,,,,,1,switch,,"Charger 1 (fid=308702) not available, trying Charger 0 (fid=308440)",1401.9989307232966,0,,
Car 411,115.0,308440,0,,,done,,done charging,1402.1099653662923,,,535.9953860775229
Car 437,45.0,57,15,,,done,,done charging,1404.5555007821138,,,238.81136801122034
Car 439,,308440,0,,,start_charge,,starting to charge at Charger 0 (fid=308440),1405.109383350695,,30.0,
Car 446,,,,,13,switch,,"Charger 13 (fid=5) not available, trying Charger 1 (fid=308702)",1405.271922789725,1,,
Car 440,,,,,1,switch,,"Charger 1 (fid=308702) not available, trying Charger 0 (fid=308440)",1405.5283760457485,0,,
Car 424,73.0,33,11,,,done,,done charging,1405.9099444788026,,,525.4656079465294
Car 440,,308440,0,,,start_charge,,starting to charge at Charger 0 (fid=308440),1408.638828673147,,30.0,
Car 428,81.0,307904,2,,,done,,done charging,1409.0751202593,,,470.84296197949635
Car 405,112.0,40,12,,,done,,done charging,1409.1019880827096,,,405.81648552834235
Car 403,111.0,5,13,,,done,,done charging,1409.822351503992,,,447.47794244143876
Car 446,,,,,1,switch,,"Charger 1 (fid=308702) not available, trying Charger 5 (fid=73)",1413.827036147145,5,,
Car 421,116.0,60,6,,,done,,done charging,1415.2762652985473,,,548.316003951324
Car 409,89.0,86,9,,,done,,done charging,1416.4562167898125,,,783.2764168094495
Car 447,,,,32,,arrived,,arrived,1417.3222465647993,,,
Car 447,,57,15,,,start_charge,,starting to charge at Charger 15 (fid=57),1417.3222465647993,,0.0,
Car 446,,73,5,,,start_charge,,starting to charge at Charger 5 (fid=73),1417.748108054088,,10.0,
Car 410,75.0,32,8,,,done,,done charging,1419.548071948261,,,565.0429501266208
Car 430,101.0,31,7,,,done,,done charging,1419.8811793768523,,,266.187299054375
Car 448,,,,11,,arrived,,arrived,1420.9517771215515,,,
Car 448,,60,6,,,start_charge,,starting to charge at Charger 6 (fid=60),1420.9517771215515,,0.0,
Car 432,78.0,30,10,,,done,,done charging,1435.4189878943366,,,337.90625140090594
Car 435,98.0,307905,3,,,done,,done charging,1439.1989288672353,,,290.8093317088824
